season,variable,model,region,init_date,scale,lead,week,clim_basis,crps,crps_clim,crps_pers,crpss_clim,crpss_pers,spread,rmse,ssr
JFM2026,TP,ECMWF,All India,2026-01-01,daily,1,Week 1,era5,0.4720292908105676,0.6266074970471999,0.21448231975235885,0.24669064281078734,-1.2007841548691394,0.33712542562932696,1.2529030176988,0.2690754359012746
JFM2026,TP,ECMWF,All India,2026-01-01,daily,2,Week 1,era5,0.15600970548098042,0.6214193886632934,0.18217032628107804,0.7489461894380771,0.1436052804765433,0.1568221699687115,0.4262606231203308,0.3679020802361131
JFM2026,TP,ECMWF,All India,2026-01-01,daily,3,Week 1,era5,0.13650490490689063,0.6202641626051653,0.17628362485071236,0.7799245657953899,0.2256518152352991,0.1278530499597554,0.49547745249809666,0.25804009711268655
JFM2026,TP,ECMWF,All India,2026-01-01,daily,4,Week 1,era5,0.08739419576817126,0.6343934251931344,0.16080023773006033,0.862239751709966,0.45650456117557336,0.1239051134679923,0.2701172047458735,0.4587087060395222
JFM2026,TP,ECMWF,All India,2026-01-01,daily,5,Week 1,era5,0.10394676722775106,0.631077350140343,0.17659442678451825,0.8352868040587501,0.4113813832041957,0.20193493453081002,0.41337070296959444,0.488508094744352
JFM2026,TP,ECMWF,All India,2026-01-01,daily,6,Week 1,era5,0.1401808153947257,0.6433139603165527,0.17194618090839767,0.7820957976323916,0.1847401631478781,0.37480799431658474,0.7207965835416126,0.519991357998642
JFM2026,TP,ECMWF,All India,2026-01-01,daily,7,Week 1,era5,0.07973366094117898,0.6499290078802861,0.1944329069810791,0.8773194303155868,0.5899168398025436,0.2610484863555644,0.34514194919063074,0.7563510809617078
JFM2026,TP,ECMWF,All India,2026-01-01,daily,8,Week 2,era5,0.2270140612245928,0.7483999167076134,0.3611765030169616,0.6966674418895169,0.37145949604055006,0.5604226629404997,1.2082724592097085,0.46382143254928926
JFM2026,TP,ECMWF,All India,2026-01-01,daily,9,Week 2,era5,0.4170591967748271,1.1194008636981647,0.8004797096156212,0.6274264114849897,0.47898842186131996,0.7994783467598527,1.7721837596688546,0.4511260993099503
JFM2026,TP,ECMWF,All India,2026-01-01,daily,10,Week 2,era5,0.3792135087418871,0.8131914999189471,0.42857442737474605,0.533672562022987,0.11517467090890543,1.1356425795179925,1.2643159686180547,0.8982268734288731
JFM2026,TP,ECMWF,All India,2026-01-01,daily,11,Week 2,era5,0.41121972611566554,0.7159258931101865,0.30047252293417254,0.42561132363964427,-0.36857680729014763,1.5389078394653644,0.7428515548793792,2.0716222902908847
JFM2026,TP,ECMWF,All India,2026-01-01,daily,12,Week 2,era5,0.6269000003821079,1.0390080577467953,0.6874027876286513,0.39663605521827194,0.08801649969337655,1.0086208271949508,3.2321911132930743,0.3120548234436952
JFM2026,TP,ECMWF,All India,2026-01-01,daily,13,Week 2,era5,0.2222803322816008,0.6593008056489997,0.19537018676811602,0.662854450689176,-0.13773926287650173,0.8115606400115096,0.3971184299397558,2.0436237122881105
JFM2026,TP,ECMWF,All India,2026-01-01,daily,14,Week 2,era5,0.26444636404866834,0.6560186500988661,0.1663324173462853,0.5968920029806857,-0.5898666553863694,1.047642931887993,0.3407731077734485,3.074312227080087
JFM2026,TP,ECMWF,All India,2026-01-01,daily,15,Week 3,era5,0.45667889730928557,0.7728775397127993,0.3572914415811891,0.4091186845991318,-0.2781691475403343,0.9787721407758694,1.3866127920440356,0.7058727183188902
JFM2026,TP,ECMWF,All India,2026-01-01,daily,16,Week 3,era5,0.32894578030428745,0.6656365234739077,0.19289569637830495,0.5058177117632552,-0.705303884329086,1.200570446554425,0.5696269559785526,2.1076433163033603
JFM2026,TP,ECMWF,All India,2026-01-01,daily,17,Week 3,era5,0.31273582242099707,0.661528461605532,0.1991505715296234,0.5272526571842637,-0.5703486061775023,1.144004774238145,0.523706443155718,2.184438990944376
JFM2026,TP,ECMWF,All India,2026-01-01,daily,18,Week 3,era5,0.4761219006543125,0.6740159085867402,0.19000222226761154,0.29360435771815385,-1.5058754312026483,1.539117082337612,0.9085321933961944,1.694069944383832
JFM2026,TP,ECMWF,All India,2026-01-01,daily,19,Week 3,era5,0.4519983374722993,0.6515047008488376,0.12265214035517427,0.3062239813720513,-2.6852054612614924,1.6967329359353482,0.601266708739702,2.821930619594459
JFM2026,TP,ECMWF,All India,2026-01-01,daily,20,Week 3,era5,0.5152169991496959,0.6705975363107218,0.155150265393883,0.2317046048451784,-2.3207613138250487,1.8827527040582928,0.7272769740575257,2.5887698514010316
JFM2026,TP,ECMWF,All India,2026-01-01,daily,21,Week 3,era5,1.1216549848473578,1.3046582376306861,1.113756702488715,0.14026911225093697,-0.007091568868671239,2.042570006236311,3.5983519288859522,0.5676404216717873
JFM2026,TP,ECMWF,All India,2026-01-01,daily,22,Week 4,era5,3.4142891732703053,3.8167478153487977,4.1042082837538505,0.1054454372018061,0.16810041371792206,2.2803879075781994,10.891954877608276,0.20936442844307315
JFM2026,TP,ECMWF,All India,2026-01-01,daily,23,Week 4,era5,0.8436877274630732,0.8485784208138628,0.4380500205922183,0.005763395852205422,-0.9260077338255941,2.3007699420726406,2.479822543151391,0.9277962039770765
JFM2026,TP,ECMWF,All India,2026-01-01,daily,24,Week 4,era5,0.872552050334386,0.7852000193045188,0.2952987608426736,-0.11124812644202198,-1.954811079614573,2.518868540984802,2.1420469417992467,1.1759165925976571
JFM2026,TP,ECMWF,All India,2026-01-01,daily,25,Week 4,era5,0.8402569054769521,0.7074999456462927,0.44950008206608005,-0.18764236046603155,-0.8693142426466292,2.912285885561185,1.4373522480810212,2.0261462626501725
JFM2026,TP,ECMWF,All India,2026-01-01,daily,26,Week 4,era5,3.144636094778871,3.1636041057689117,3.5333862348030642,0.005995696792608141,0.11002197727355456,2.8157712867895035,8.064026187635182,0.34917685301010204
JFM2026,TP,ECMWF,All India,2026-01-01,daily,27,Week 4,era5,0.8090353540613181,0.8328084171254592,0.5090079503780803,0.028545656570327038,-0.5894355941992335,2.5416049402057244,1.6934409238889083,1.500852438577572
JFM2026,TP,ECMWF,All India,2026-01-01,daily,28,Week 4,era5,0.7153243869491349,0.673354607115795,0.27413282906042485,-0.06232938690820089,-1.609407962559135,2.3392930882260186,1.4216574505140818,1.6454688767537589
JFM2026,TP,ECMWF,All India,2026-01-01,daily,29,Week 5,era5,0.5690814546908545,0.6684234747140648,0.15588105078112244,0.14862138117711443,-2.6507417151679324,1.9729667513792224,1.0851720296444713,1.8181142689658285
JFM2026,TP,ECMWF,All India,2026-01-01,daily,30,Week 5,era5,0.5770778880617276,0.7090411152932883,0.2674678541332314,0.18611505649707683,-1.1575597932388275,2.030779642462489,0.9339463911116062,2.1744070770972246
JFM2026,TP,ECMWF,All India,2026-01-01,daily,31,Week 5,era5,0.6920567425541844,0.7895986295103918,0.6857333113994102,0.12353350589867473,-0.009221414578605813,2.190498352785996,1.3758136547482431,1.592147559537654
JFM2026,TP,ECMWF,All India,2026-01-01,daily,32,Week 5,era5,0.652309555753165,0.7488685930097584,0.26607941789518713,0.12893989433915964,-1.4515596167236051,2.1764574247220687,1.1191287743921707,1.9447783619933836
JFM2026,TP,ECMWF,All India,2026-01-01,daily,33,Week 5,era5,0.5853895273101066,0.691336765484413,0.3915457381459124,0.15324982477978033,-0.4950731684173175,2.0378538133564907,0.8465421207700953,2.407268065412581
JFM2026,TP,ECMWF,All India,2026-01-01,daily,34,Week 5,era5,0.5356240084187176,0.7201633750770037,0.19191018488514394,0.256246531057698,-1.7910139773940736,1.893009700468585,0.8775990881184185,2.1570324378153325
JFM2026,TP,ECMWF,All India,2026-01-01,daily,35,Week 5,era5,0.5234685360266235,0.7181841996299051,0.17324308111329337,0.27112217687833085,-2.021584080949807,1.8749557361703477,0.9493458074810353,1.974997647216979
JFM2026,TP,ECMWF,All India,2026-01-01,daily,36,Week 6,era5,0.5126732521960038,0.7231102845146085,0.15159550706939964,0.291016511347037,-2.3818499116949727,1.7147277798898504,1.0429022936909562,1.6441883293028565
JFM2026,TP,ECMWF,All India,2026-01-01,daily,37,Week 6,era5,0.7917085609807725,0.7376822738425256,0.24519638644578162,-0.07323788174660684,-2.228875320949466,2.598847613505868,1.513076203803609,1.717592020132773
JFM2026,TP,ECMWF,All India,2026-01-01,daily,38,Week 6,era5,0.5466611879022999,0.7301308911506156,0.18749862914129892,0.25128330477729166,-1.9155476517662224,1.922222841858438,1.007595549109339,1.907732565469926
JFM2026,TP,ECMWF,All India,2026-01-01,daily,39,Week 6,era5,0.42605202412315385,0.7321111349983981,0.13937202745098207,0.41805006951016244,-2.0569407069363237,1.5383691330194076,0.7621956979754603,2.0183387771744377
JFM2026,TP,ECMWF,All India,2026-01-01,daily,40,Week 6,era5,0.5275695378476059,0.7368200797029278,0.3043801385388198,0.28399136725438856,-0.7332587480254436,1.7612949016985244,1.1387110751131413,1.5467443324229755
JFM2026,TP,ECMWF,All India,2026-01-01,daily,41,Week 6,era5,0.5689363410695594,0.7630417694912227,0.17149321386260127,0.25438375221724496,-2.3175443404156257,2.0669111403147986,0.9168905787416997,2.2542615097554353
JFM2026,TP,ECMWF,All India,2026-01-01,daily,42,Week 6,era5,0.7283603511866251,0.7562215819081227,0.2107058396082789,0.03684268128290813,-2.456763953674528,2.5850272910625276,1.1766166943629537,2.1970003514714014
JFM2026,TP,ECMWF,All India,2026-01-01,weekly,1,Week 1,era5,0.12853416237015128,0.6271964125203621,0.15160829084522537,0.7950655332136831,0.15219569026492175,0.1440383378353037,0.4177064136021081,0.3448315207640297
JFM2026,TP,ECMWF,All India,2026-01-01,weekly,2,Week 2,era5,0.1959383338084928,0.7312262533120594,0.3993227933397195,0.7320414400864328,0.5093234418957888,0.6099915281363544,0.621262889135308,0.9818573405943474
JFM2026,TP,ECMWF,All India,2026-01-01,weekly,3,Week 3,era5,0.342881547079951,0.6635975244967515,0.2178651165994317,0.4832989358422034,-0.573824907960715,0.8668323426295615,0.7782792204870869,1.1137806584210916
JFM2026,TP,ECMWF,All India,2026-01-01,weekly,4,Week 4,era5,0.8470273650447068,1.0057991433240256,1.239019102414872,0.15785634670019733,0.3163726342928578,1.4085006994966964,2.2218923642884683,0.6339194112797405
JFM2026,TP,ECMWF,All India,2026-01-01,weekly,5,Week 5,era5,0.3634501373654844,0.6595216429663898,0.22559250381573842,0.4489185590168625,-0.6110913759011543,1.0842699388582404,0.701829349718977,1.5449196293834082
JFM2026,TP,ECMWF,All India,2026-01-01,weekly,6,Week 6,era5,0.4018971433911339,0.7138515069336072,0.12358888822215189,0.4370017580862052,-2.251887359555505,1.116002357715918,0.8742116216153947,1.2765814708042145
JFM2026,TP,ECMWF,central_india,2026-01-01,daily,1,Week 1,era5,0.08317909526991359,0.24379125216879446,0.039563901555303545,0.6588101725146289,-1.102398701848034,0.09774727823058368,0.21740611773106727,0.4496068429477117
JFM2026,TP,ECMWF,central_india,2026-01-01,daily,2,Week 1,era5,0.05962789706651084,0.23889352007662207,0.05481952516691893,0.7503996883323334,-0.08771276082656665,0.0770429842519652,0.15584136379329305,0.4943680058790713
JFM2026,TP,ECMWF,central_india,2026-01-01,daily,3,Week 1,era5,0.033708679576205526,0.23763099022855086,0.038021980400316416,0.8581469548909219,0.11344229781558124,0.05780546998544377,0.07073108391268333,0.8172569510853803
JFM2026,TP,ECMWF,central_india,2026-01-01,daily,4,Week 1,era5,0.019824766740962806,0.24041596871637014,0.024490256913470315,0.9175397256396434,0.19050392933776705,0.06300667082265207,0.03805235459934974,1.6557890171592369
JFM2026,TP,ECMWF,central_india,2026-01-01,daily,5,Week 1,era5,0.012281132174351539,0.24313508379275636,0.017483260560461688,0.9494884408174522,0.29754909664131746,0.0509787349068607,0.006891138313587038,7.397723363982922
JFM2026,TP,ECMWF,central_india,2026-01-01,daily,6,Week 1,era5,0.017109849974098854,0.2439966579631402,0.01749350529550344,0.9298767035707367,0.02193130049831704,0.07198202732559857,0.014082959491606267,5.111285548218848
JFM2026,TP,ECMWF,central_india,2026-01-01,daily,7,Week 1,era5,0.014163100354642561,0.24484087059561024,0.01748827237705487,0.9421538556034832,0.1901372503080997,0.05903413582209253,0.013753296948336649,4.292362481799844
JFM2026,TP,ECMWF,central_india,2026-01-01,daily,8,Week 2,era5,0.021852030770049664,0.24545306523335256,0.01749382859185829,0.910972671091824,-0.24912797992199942,0.09059632096401067,0.025460094469064012,3.5583654677358805
JFM2026,TP,ECMWF,central_india,2026-01-01,daily,9,Week 2,era5,0.03681017407991424,0.2442520954126226,0.021843944365859583,0.849294336583972,-0.685143189498584,0.14859838630685515,0.04290182663851904,3.463684368474823
JFM2026,TP,ECMWF,central_india,2026-01-01,daily,10,Week 2,era5,0.09409963696460356,0.24472536698049396,0.02335138162116892,0.6154888309060995,-3.02972460007671,0.385077900940425,0.09136738223571592,4.214610198057051
JFM2026,TP,ECMWF,central_india,2026-01-01,daily,11,Week 2,era5,0.17474350398194716,0.24737680072871154,0.01750243172444462,0.29361401931306597,-8.983955757295893,0.7174942612775133,0.14825700360702332,4.839530300904609
JFM2026,TP,ECMWF,central_india,2026-01-01,daily,12,Week 2,era5,0.07392238748379955,0.24720691738143136,0.024285544716028812,0.7009695834290107,-2.043884267294598,0.28212034355737914,0.06212711637032483,4.541017836329751
JFM2026,TP,ECMWF,central_india,2026-01-01,daily,13,Week 2,era5,0.03563950638416837,0.2455538664900927,0.03455876388573232,0.8548607403597682,-0.031272602863039234,0.08623284448183245,0.062271954806065254,1.3847781838612432
JFM2026,TP,ECMWF,central_india,2026-01-01,daily,14,Week 2,era5,0.07379721294138593,0.24973421967424705,0.017443549139247946,0.7044969926922834,-3.230630610335047,0.30533693528770267,0.08129022682639218,3.7561333903003713
JFM2026,TP,ECMWF,central_india,2026-01-01,daily,15,Week 3,era5,0.08321243466485694,0.2507777574498462,0.017146022758363178,0.6681825552989928,-3.8531624994064044,0.3404809992933818,0.08747847167477191,3.892169041992692
JFM2026,TP,ECMWF,central_india,2026-01-01,daily,16,Week 3,era5,0.12720585861567538,0.2519124242457923,0.01745803315765247,0.4950393614109325,-6.286379712248203,0.517815538012808,0.12773079980127738,4.0539598813944755
JFM2026,TP,ECMWF,central_india,2026-01-01,daily,17,Week 3,era5,0.16481619965409144,0.2520551746970598,0.024103467555093933,0.3461106289439174,-5.83786261364124,0.6734240447829974,0.13473547913765246,4.998119642228711
JFM2026,TP,ECMWF,central_india,2026-01-01,daily,18,Week 3,era5,0.23416330201637145,0.2530357614273639,0.019097392972171303,0.07458415879452651,-11.261532365050765,0.9359933559378047,0.25784364504062385,3.630081151662035
JFM2026,TP,ECMWF,central_india,2026-01-01,daily,19,Week 3,era5,0.2677964520214618,0.25513575217399864,0.01752793732369344,-0.04962338574496905,-14.278263898140892,1.0603906970004895,0.2769954381530167,3.8281883054504053
JFM2026,TP,ECMWF,central_india,2026-01-01,daily,20,Week 3,era5,0.3179787097405884,0.25664593101902416,0.01748544444532378,-0.23897818476232868,-17.185337566619705,1.2413949318561857,0.36931648702654346,3.361330932856416
JFM2026,TP,ECMWF,central_india,2026-01-01,daily,21,Week 3,era5,0.29613258452588564,0.2579586541442053,0.017345906104259866,-0.14798468579519009,-16.072188834987433,1.141620389779619,0.3363108532337666,3.394539244875601
JFM2026,TP,ECMWF,central_india,2026-01-01,daily,22,Week 4,era5,0.3167213589216004,0.25884720124643557,0.04073685045760181,-0.22358425123579262,-6.774812126215756,1.227019835212371,0.3578116780876019,3.4292336174448828
JFM2026,TP,ECMWF,central_india,2026-01-01,daily,23,Week 4,era5,0.4377094207406145,0.2583058127111229,0.0200793409523663,-0.69453956977007,-20.79899339221248,1.7161167072050096,0.5045130947572054,3.4015305549816954
JFM2026,TP,ECMWF,central_india,2026-01-01,daily,24,Week 4,era5,0.43068643927911654,0.255017225551542,0.03232217303493904,-0.6888523445725816,-12.324798391913838,1.6446856435656487,0.5506189110589533,2.986976310716572
JFM2026,TP,ECMWF,central_india,2026-01-01,daily,25,Week 4,era5,0.5662561267565164,0.26210304073080287,0.02870011342594443,-1.160433260055532,-18.730100656836782,2.170532242348215,0.7007240946441831,3.097556169308518
JFM2026,TP,ECMWF,central_india,2026-01-01,daily,26,Week 4,era5,1.4076967122285207,1.2110630513451737,1.1782074521975059,-0.16236451162880283,-0.19477831310860272,2.3445699043602835,4.4017830853033475,0.5326409454814623
JFM2026,TP,ECMWF,central_india,2026-01-01,daily,27,Week 4,era5,0.44311084179236043,0.2699904547371105,0.136970355188999,-0.6412092872832011,-2.235085732098252,1.7383772709515002,0.5080303861512505,3.4217978261519804
JFM2026,TP,ECMWF,central_india,2026-01-01,daily,28,Week 4,era5,0.4034870985009669,0.2633786862098959,0.01929137906747986,-0.5319656434895177,-19.91540978431858,1.5766900147628333,0.4320262545099342,3.6495236071968358
JFM2026,TP,ECMWF,central_india,2026-01-01,daily,29,Week 5,era5,0.37739771200867506,0.26574293756085515,0.020846256791165075,-0.42016083464965437,-17.103859881867198,1.479394300756097,0.41373752682989146,3.5756831440730084
JFM2026,TP,ECMWF,central_india,2026-01-01,daily,30,Week 5,era5,0.3822510550690045,0.27494757089301036,0.07122520433018757,-0.39026889318381675,-4.3667947837250916,1.5145290908992424,0.391508791196733,3.8684421013120804
JFM2026,TP,ECMWF,central_india,2026-01-01,daily,31,Week 5,era5,0.46453635314571573,0.3730603697609839,0.16222524232419336,-0.24520423716767237,-1.8635269486445232,1.3943253032404912,0.8714162504253693,1.600068053080111
JFM2026,TP,ECMWF,central_india,2026-01-01,daily,32,Week 5,era5,0.3702117543993936,0.2904252107679968,0.07782388465583819,-0.2747232012689609,-3.7570454242497267,1.4462928337343917,0.4209660935197335,3.43565160234596
JFM2026,TP,ECMWF,central_india,2026-01-01,daily,33,Week 5,era5,0.4277163196779777,0.3100477295595365,0.19636207997961042,-0.37951766421771516,-1.1782022258187035,1.49797313323829,0.5123760737303159,2.9235813497933423
JFM2026,TP,ECMWF,central_india,2026-01-01,daily,34,Week 5,era5,0.3539557103172182,0.2615140790924243,0.04826024198582256,-0.3534862503220071,-6.33431279563828,1.366049301563449,0.41453007298665495,3.2954166430463694
JFM2026,TP,ECMWF,central_india,2026-01-01,daily,35,Week 5,era5,0.31736197868892013,0.27109151907789764,0.017505404594578684,-0.17068206253153484,-17.12937124499283,1.2264138987259667,0.48892382026983083,2.5083946575749256
JFM2026,TP,ECMWF,central_india,2026-01-01,daily,36,Week 6,era5,0.29938429698553426,0.2722901896422366,0.01745803315765247,-0.09950452999756143,-16.148798738207436,1.1773965873505432,0.3708971514327802,3.174455729309988
JFM2026,TP,ECMWF,central_india,2026-01-01,daily,37,Week 6,era5,0.48774246965597257,0.27358808060010376,0.017456467160582585,-0.7827621312526858,-26.94050280444573,1.926871575251222,0.5664920497960141,3.4014097390158637
JFM2026,TP,ECMWF,central_india,2026-01-01,daily,38,Week 6,era5,0.2693282865051025,0.2751601394403543,0.017469672595261814,0.021194395914732267,-14.416905213103458,1.0598579984112402,0.3316546822207769,3.195667226267925
JFM2026,TP,ECMWF,central_india,2026-01-01,daily,39,Week 6,era5,0.22841507221572158,0.2768460248493847,0.017457305332639624,0.17493822661897163,-12.084211329491835,0.9091553150023985,0.237518399817744,3.8277258338723423
JFM2026,TP,ECMWF,central_india,2026-01-01,daily,40,Week 6,era5,0.29227098004749985,0.27846770277642874,0.01745637149312431,-0.049568682951190324,-15.742939972526312,1.1576630101460073,0.33787771982794995,3.4262780355434463
JFM2026,TP,ECMWF,central_india,2026-01-01,daily,41,Week 6,era5,0.35740096067862087,0.27995530829969084,0.01745803315765247,-0.27663577036383535,-19.472006064552552,1.4006562466645467,0.44150682498204313,3.172445288295405
JFM2026,TP,ECMWF,central_india,2026-01-01,daily,42,Week 6,era5,0.3339592424233859,0.28127092475228466,0.01745803315765247,-0.18732230399393002,-18.129259258910267,1.3199746629858309,0.38388465924870124,3.4384668185729192
JFM2026,TP,ECMWF,central_india,2026-01-01,weekly,1,Week 1,era5,0.024233890940289916,0.2400729525910391,0.025708725301550224,0.899056138233231,0.05736707456170054,0.0535644303297503,0.046332342437662044,1.1560915660981028
JFM2026,TP,ECMWF,central_india,2026-01-01,weekly,2,Week 2,era5,0.050213980754133476,0.24577338088888737,0.019237163466996728,0.7956899133155722,-1.610259087327535,0.2028234689323737,0.047230810165121984,4.294304252315166
JFM2026,TP,ECMWF,central_india,2026-01-01,weekly,3,Week 3,era5,0.14793708036870296,0.2538517130904598,0.017750194087180666,0.41723032487085976,-7.334392268732673,0.5277927588181227,0.21807279862567244,2.4202594828165274
JFM2026,TP,ECMWF,central_india,2026-01-01,weekly,4,Week 4,era5,0.3351397064508335,0.2894858312535102,0.19720550829117653,-0.15770676927308092,-0.6994439422858074,1.0325235576402094,0.6692723796666574,1.5427553698756782
JFM2026,TP,ECMWF,central_india,2026-01-01,weekly,5,Week 5,era5,0.24395792394649998,0.2663607095801815,0.07820845983569961,0.08410694531108265,-2.1193290912390674,0.8103587718875003,0.3861357126827147,2.098637202597645
JFM2026,TP,ECMWF,central_india,2026-01-01,weekly,6,Week 6,era5,0.21058224081206584,0.27675253388409804,0.017457702574731157,0.23909552748573515,-11.062425735037403,0.7062095892422114,0.3677637871395232,1.9202803917567006
JFM2026,TP,ECMWF,east_northeast_india,2026-01-01,daily,1,Week 1,era5,0.26294721313121266,1.50055376905063,0.18629181053495897,0.8247665504865087,-0.41148025979310976,0.08593180924443486,0.6686923570809854,0.1285072400401724
JFM2026,TP,ECMWF,east_northeast_india,2026-01-01,daily,2,Week 1,era5,0.42831677545241803,1.5385943388765142,0.33774432727540343,0.721618125954385,-0.2681686733502411,0.2691527887029854,0.8795282109524168,0.30601950608443507
JFM2026,TP,ECMWF,east_northeast_india,2026-01-01,daily,3,Week 1,era5,0.3777803516564722,1.5380800762531353,0.1463464440757099,0.7543818703010768,-1.5814112125678559,0.34709476129005257,0.9800059379389573,0.3541761818505149
JFM2026,TP,ECMWF,east_northeast_india,2026-01-01,daily,4,Week 1,era5,0.2106850429674623,1.5469818547359868,0.12779284781692807,0.8638089759602134,-0.6486450264359311,0.24802760311902644,0.4769091568290068,0.5200730570328626
JFM2026,TP,ECMWF,east_northeast_india,2026-01-01,daily,5,Week 1,era5,0.22251590437761168,1.5613990195444687,0.18701567656258752,0.8574894043147729,-0.18982487707731543,0.23268456508453628,0.46993643377461447,0.4951405091441235
JFM2026,TP,ECMWF,east_northeast_india,2026-01-01,daily,6,Week 1,era5,0.16789370810103807,1.5627091495184682,0.17100639390450695,0.8925624079485471,0.018202160354349406,0.19724996783709992,0.40109775371511536,0.49177529918853435
JFM2026,TP,ECMWF,east_northeast_india,2026-01-01,daily,7,Week 1,era5,0.0545303506208083,1.5936668753850343,0.29361391925656366,0.9657830934036113,0.8142787277971009,0.11773804166861193,0.1432694818353369,0.8217942869642757
JFM2026,TP,ECMWF,east_northeast_india,2026-01-01,daily,8,Week 2,era5,0.03335309755082179,1.5941839489104777,0.2767600091319537,0.9790782628481384,0.879487294224941,0.07260716356019413,0.07778248228098898,0.9334642123904066
JFM2026,TP,ECMWF,east_northeast_india,2026-01-01,daily,9,Week 2,era5,0.09919477009534997,1.5981973216881091,0.27099438560032063,0.9379333398015117,0.633960054649809,0.21754681968132675,0.3548490576623397,0.6130686132139477
JFM2026,TP,ECMWF,east_northeast_india,2026-01-01,daily,10,Week 2,era5,0.14908171930636946,1.5674527744361224,0.17888161195253155,0.9048891796054268,0.1665900274538551,0.2579125621125669,0.41679172357493705,0.6188044232269778
JFM2026,TP,ECMWF,east_northeast_india,2026-01-01,daily,11,Week 2,era5,0.10484281361595667,1.6170515190219317,0.2995093763330246,0.9351642094375753,0.6499514809867525,0.29659185875834826,0.2536422295707643,1.1693315393902155
JFM2026,TP,ECMWF,east_northeast_india,2026-01-01,daily,12,Week 2,era5,0.1030794478160875,1.6173120706143096,0.2791487401357602,0.9362649610492708,0.6307364748773138,0.32801069144693945,0.23518455871469648,1.3946948440813702
JFM2026,TP,ECMWF,east_northeast_india,2026-01-01,daily,13,Week 2,era5,0.13763777752301234,1.6089589799913422,0.21800796186164162,0.9144553843605429,0.36865710615484804,0.38006541362499374,0.35189746592057003,1.080045895274454
JFM2026,TP,ECMWF,east_northeast_india,2026-01-01,daily,14,Week 2,era5,0.12633397373488228,1.6189304817568833,0.2749466637348784,0.9219645468669024,0.5405146146574021,0.42802561318074217,0.2399262920888441,1.7839879466909168
JFM2026,TP,ECMWF,east_northeast_india,2026-01-01,daily,15,Week 3,era5,0.18501630776256167,1.640287053385145,0.29441592888046,0.8872049210040803,0.3715818690038242,0.6806494175731617,0.2321649310049157,2.931749487861929
JFM2026,TP,ECMWF,east_northeast_india,2026-01-01,daily,16,Week 3,era5,0.18074281090393998,1.6395926196468764,0.2691554511285266,0.8897635859431552,0.3284817002735271,0.6685314538830985,0.24804308828795946,2.6952230699005955
JFM2026,TP,ECMWF,east_northeast_india,2026-01-01,daily,17,Week 3,era5,0.23729121796000155,1.6344379091388843,0.22426781202713375,0.8548178449403316,-0.05807077625251056,0.8079900253458744,0.3754925085274833,2.1518139696433796
JFM2026,TP,ECMWF,east_northeast_india,2026-01-01,daily,18,Week 3,era5,0.3813062793741937,1.6141380149268334,0.3092381961927258,0.7637709564807704,-0.2330503930910044,0.7835233934701963,0.9246138402082934,0.8474060839211397
JFM2026,TP,ECMWF,east_northeast_india,2026-01-01,daily,19,Week 3,era5,0.40591972144439525,1.5820788970208701,0.16172171109307626,0.7434263725982557,-1.5099890342538789,1.159724859115634,0.7608329834950966,1.5242831005934012
JFM2026,TP,ECMWF,east_northeast_india,2026-01-01,daily,20,Week 3,era5,0.5947442392447255,1.603365666879,0.1974516532185932,0.6290651274812356,-2.0121005803192786,1.9190751187764883,0.7857441234937702,2.442366492342852
JFM2026,TP,ECMWF,east_northeast_india,2026-01-01,daily,21,Week 3,era5,0.5428137897534999,1.6746336791115286,0.25776312550698954,0.6758611769700655,-1.1058628486361246,2.005071696495398,0.6334851031903473,3.1651441942320164
JFM2026,TP,ECMWF,east_northeast_india,2026-01-01,daily,22,Week 4,era5,0.6708171883391683,1.6771910436151636,0.24457138013281904,0.6000353144664841,-1.7428278320009007,2.491876459265253,0.7681812210607851,3.2438653678935405
JFM2026,TP,ECMWF,east_northeast_india,2026-01-01,daily,23,Week 4,era5,0.6725468781628521,1.667205448111327,0.1950117314714206,0.596602279026416,-2.4487508679005567,2.4462679048161786,0.8691809398199911,2.8144518508687097
JFM2026,TP,ECMWF,east_northeast_india,2026-01-01,daily,24,Week 4,era5,0.8265819137712765,1.625730506315231,0.2447793514258433,0.4915627709756457,-2.376844937926442,2.673502148861178,1.1524253182972843,2.319891889230006
JFM2026,TP,ECMWF,east_northeast_india,2026-01-01,daily,25,Week 4,era5,1.0357734652047297,1.6373527528158418,0.13055317585897985,0.3674097023848676,-6.9337286005477585,3.804735832168249,1.2791378895301364,2.9744532339401157
JFM2026,TP,ECMWF,east_northeast_india,2026-01-01,daily,26,Week 4,era5,1.325975490639339,1.7287104135444873,0.2959974974849992,0.232968413766534,-3.479684801073488,4.766928591329362,1.637441894977829,2.911204730958656
JFM2026,TP,ECMWF,east_northeast_india,2026-01-01,daily,27,Week 4,era5,1.422922807252021,1.7152622614589406,0.23310471196635188,0.17043425998206596,-5.1042215545493415,5.119544130079135,1.7559639534058828,2.9155177816430817
JFM2026,TP,ECMWF,east_northeast_india,2026-01-01,daily,28,Week 4,era5,1.3080427297486619,1.4930414999632815,0.9049977390040242,0.12390731953476797,-0.445354693579898,3.559513430598314,2.2815030345065477,1.5601616025762504
JFM2026,TP,ECMWF,east_northeast_india,2026-01-01,daily,29,Week 5,era5,0.7730242745482026,1.5775012711707426,0.4117881373880286,0.5099691590267292,-0.877237842380536,2.2967337045067833,1.2195607210584314,1.8832467009215383
JFM2026,TP,ECMWF,east_northeast_india,2026-01-01,daily,30,Week 5,era5,0.8637377571340925,1.7314885628923182,0.1942090521318198,0.5011588435263556,-3.4474639449237863,2.9927350140083333,1.3005669649492078,2.3011002852323035
JFM2026,TP,ECMWF,east_northeast_india,2026-01-01,daily,31,Week 5,era5,0.9505691559161866,1.7657770637265577,0.2529100020488365,0.46167091223278656,-2.758527334686563,3.3387334877460293,1.3232829732343063,2.52306842548246
JFM2026,TP,ECMWF,east_northeast_india,2026-01-01,daily,32,Week 5,era5,0.905121279584493,1.7372207495825605,0.1813701387522435,0.47898315179462025,-3.990464724851498,3.235784576623533,1.2287677583764707,2.6333573244946353
JFM2026,TP,ECMWF,east_northeast_india,2026-01-01,daily,33,Week 5,era5,0.7550940517283024,1.7416520428074083,0.17046303728270268,0.5664495357458719,-3.429664423238126,2.675106608936715,1.0706848552879908,2.4985004651225498
JFM2026,TP,ECMWF,east_northeast_india,2026-01-01,daily,34,Week 5,era5,1.0572009457017244,1.697282179383049,0.23076731118149246,0.37712128334134165,-3.5812422057917184,3.7066668358162453,1.3913439445783566,2.66409096777256
JFM2026,TP,ECMWF,east_northeast_india,2026-01-01,daily,35,Week 5,era5,0.8836036114558109,1.6491488959752216,0.24615851771189107,0.4642062862775691,-2.5895715479161217,3.2520659651021635,1.045068996133576,3.1118193890870143
JFM2026,TP,ECMWF,east_northeast_india,2026-01-01,daily,36,Week 6,era5,0.6644002032281316,1.7395890714309397,0.26487001111552283,0.6180706040642037,-1.5084010093477667,1.9815942687927186,1.1258401947831556,1.7601026131194286
JFM2026,TP,ECMWF,east_northeast_india,2026-01-01,daily,37,Week 6,era5,1.1675681911485218,1.7249278771367753,0.65935497655445,0.3231205741270877,-0.7707733052229466,2.7902950196855496,2.1628196874744776,1.2901191143417852
JFM2026,TP,ECMWF,east_northeast_india,2026-01-01,daily,38,Week 6,era5,0.9208591321118443,1.6475960602319917,0.25118247811234734,0.4410892606879737,-2.666096214322594,3.3044405184908414,1.1517855423755712,2.868972041162623
JFM2026,TP,ECMWF,east_northeast_india,2026-01-01,daily,39,Week 6,era5,0.5545214800469467,1.8495995841331276,0.21646113208218684,0.7001937690709201,-1.5617600476948614,1.8842720730309204,0.9360885365259164,2.012920786343539
JFM2026,TP,ECMWF,east_northeast_india,2026-01-01,daily,40,Week 6,era5,0.6810897173519521,1.8557589048953274,0.21706622455351945,0.6329858821879837,-2.137704720081976,2.3713244971058756,1.0014631107180212,2.3678600556796363
JFM2026,TP,ECMWF,east_northeast_india,2026-01-01,daily,41,Week 6,era5,0.8905093693543744,1.8513400169434522,0.17424047447248256,0.518991994336838,-4.110806613965062,3.1297372009970044,1.223758528416622,2.5574793787516734
JFM2026,TP,ECMWF,east_northeast_india,2026-01-01,daily,42,Week 6,era5,1.2551082937304325,1.8296957033442627,0.5083849928727119,0.3140344094177062,-1.4688146017809052,3.6305550747215922,1.8664336597899556,1.945183026290989
JFM2026,TP,ECMWF,east_northeast_india,2026-01-01,weekly,1,Week 1,era5,0.2312238606883335,1.5433319698062222,0.14712474689853672,0.8501787915937713,-0.5716177295978289,0.12982902775389343,0.45727421367820503,0.2839194161192244
JFM2026,TP,ECMWF,east_northeast_india,2026-01-01,weekly,2,Week 2,era5,0.08843259329513324,1.6022229973184348,0.2544769675651301,0.9448063138257666,0.6524927417154165,0.16267782759789978,0.23969317542350219,0.6786919456946251
JFM2026,TP,ECMWF,east_northeast_india,2026-01-01,weekly,3,Week 3,era5,0.2602228938494881,1.6224011089559613,0.16851563879380205,0.8396063141149199,-0.5442061977873771,0.6293246208390486,0.46539997280722517,1.352223157734741
JFM2026,TP,ECMWF,east_northeast_india,2026-01-01,weekly,4,Week 4,era5,0.6928163317884407,1.6243737092441575,0.13263385289295662,0.5734871059253863,-4.223525643544296,2.022080262013924,1.1165505676574419,1.811006434089512
JFM2026,TP,ECMWF,east_northeast_india,2026-01-01,weekly,5,Week 5,era5,0.5979948309503709,1.6917391440174168,0.11326048181927649,0.646520663031833,-4.27981888603086,1.5942707876307052,1.0778640649195501,1.479101901174986
JFM2026,TP,ECMWF,east_northeast_india,2026-01-01,weekly,6,Week 6,era5,0.6339965479116916,1.752979699137839,0.23388844329955502,0.6383320649842622,-1.710679240785292,1.4140584013786501,1.1332263215909464,1.247816410929673
JFM2026,TP,ECMWF,northwest_india,2026-01-01,daily,1,Week 1,era5,0.7208678039449674,0.7358940295200223,0.3856325529959209,0.020419007319376514,-0.8693126354210883,0.33633277147674,1.354118757938389,0.24837760314966612
JFM2026,TP,ECMWF,northwest_india,2026-01-01,daily,2,Week 1,era5,0.11417379140394099,0.7176620624166454,0.3057627935010931,0.8409086986993938,0.626593575704191,0.07761969456109809,0.28711015236582604,0.27034813614740344
JFM2026,TP,ECMWF,northwest_india,2026-01-01,daily,3,Week 1,era5,0.16448500876833835,0.7110460615729588,0.37843914447983434,0.7686717954608051,0.5653594212765081,0.07889709988742435,0.5391781502151235,0.14632844423674377
JFM2026,TP,ECMWF,northwest_india,2026-01-01,daily,4,Week 1,era5,0.12421455942074966,0.7498872876359088,0.34778276289989185,0.8343556938905473,0.6428386548401066,0.1298496884603743,0.3291488265640263,0.39450144731145154
JFM2026,TP,ECMWF,northwest_india,2026-01-01,daily,5,Week 1,era5,0.06663708742355742,0.7486293641408663,0.37023892563052896,0.9109878791622998,0.8200159874868038,0.13644155863915608,0.19065807848404223,0.7156348145540343
JFM2026,TP,ECMWF,northwest_india,2026-01-01,daily,6,Week 1,era5,0.0986576359797121,0.7700639464986597,0.3748438947231468,0.8718838397404652,0.7368034070487425,0.27723001179276474,0.24939829520353526,1.1115954564425385
JFM2026,TP,ECMWF,northwest_india,2026-01-01,daily,7,Week 1,era5,0.050978658103905145,0.7766846255520204,0.38615511045233203,0.9343637604932986,0.8679839869419569,0.14413564188089367,0.10364231743294158,1.3907026150216295
JFM2026,TP,ECMWF,northwest_india,2026-01-01,daily,8,Week 2,era5,0.11158101840955992,0.7847671189993616,0.4217790713122175,0.8578163945606765,0.7354515053048631,0.3025487392848573,0.26483978544826403,1.1423840219956667
JFM2026,TP,ECMWF,northwest_india,2026-01-01,daily,9,Week 2,era5,0.0738433974846665,0.7871033985220862,0.38257369802546926,0.9061833583448891,0.8069825556074937,0.2905033068327213,0.08482693229218743,3.424658878763634
JFM2026,TP,ECMWF,northwest_india,2026-01-01,daily,10,Week 2,era5,0.11785306059473181,0.7918635451612491,0.3806564034315209,0.8511699884217638,0.6903951712559768,0.47709086391199157,0.13107995097432878,3.639693640146592
JFM2026,TP,ECMWF,northwest_india,2026-01-01,daily,11,Week 2,era5,0.419685377968789,0.78071336463932,0.31785872616748784,0.46243346536961294,-0.32035191554768305,1.4992095903780134,0.5292200619231082,2.832866133098026
JFM2026,TP,ECMWF,northwest_india,2026-01-01,daily,12,Week 2,era5,0.2883509452288646,0.8046533743572691,0.3803240005418479,0.6416457639798131,0.2418281654114628,1.1219761959101435,0.3102472051936389,3.6163942079989693
JFM2026,TP,ECMWF,northwest_india,2026-01-01,daily,13,Week 2,era5,0.34482496722908407,0.8120174678631327,0.38146529801679624,0.5753478454884605,0.09605154381853853,1.3427268043610807,0.4095768061577109,3.2783272494293847
JFM2026,TP,ECMWF,northwest_india,2026-01-01,daily,14,Week 2,era5,0.45305302183865326,0.7941744666311419,0.31415358885174677,0.42952960479768754,-0.4421386160017895,1.8128833346646862,0.4081394255534825,4.441823605269731
JFM2026,TP,ECMWF,northwest_india,2026-01-01,daily,15,Week 3,era5,0.9755739005575319,1.1421925488923645,0.8901231567725476,0.1458761471491039,-0.09599878751027635,1.313779930322382,2.3973276597637385,0.5480185092645441
JFM2026,TP,ECMWF,northwest_india,2026-01-01,daily,16,Week 3,era5,0.528768744667906,0.8121681741003225,0.392763036971754,0.34894180598291924,-0.3462792953857645,1.790003301357106,0.9075450887808812,1.9723574326887097
JFM2026,TP,ECMWF,northwest_india,2026-01-01,daily,17,Week 3,era5,0.4413997850499066,0.7953657696184399,0.36285051001161883,0.4450354768703977,-0.21647833714157527,1.547579818161053,0.6752808968481494,2.2917571419306086
JFM2026,TP,ECMWF,northwest_india,2026-01-01,daily,18,Week 3,era5,0.7133750106790956,0.8514298631653161,0.35385392522650816,0.16214471497743954,-1.0160155358526874,2.0487716099198856,1.3511099068231969,1.5163619181337133
JFM2026,TP,ECMWF,northwest_india,2026-01-01,daily,19,Week 3,era5,0.5814868229461502,0.7954788384766577,0.2192076684804951,0.2690103182886704,-1.652675551803929,2.1856838067463267,0.752173753981566,2.905823016525903
JFM2026,TP,ECMWF,northwest_india,2026-01-01,daily,20,Week 3,era5,0.8161073761264935,0.8417810792063133,0.30937467354847853,0.030499263661315168,-1.6379256154547854,2.9792966227909745,1.0709692954625842,2.7818693172749884
JFM2026,TP,ECMWF,northwest_india,2026-01-01,daily,21,Week 3,era5,2.718501462478258,2.7583181141370394,3.2224659042057415,0.014435119522549389,0.1563909306440585,3.5008672697578027,6.280557279576057,0.5574134768490024
JFM2026,TP,ECMWF,northwest_india,2026-01-01,daily,22,Week 4,era5,9.705252160404214,10.458871283693174,12.358408395825293,0.07205549268628597,0.21468429836946668,4.153268320611745,19.0816263527589,0.2176579838547802
JFM2026,TP,ECMWF,northwest_india,2026-01-01,daily,23,Week 4,era5,1.071794751902448,0.7864010701970512,0.49731412895483634,-0.3629111054412537,-1.1551665024175959,3.658969060769596,1.7435450367094696,2.098580182175872
JFM2026,TP,ECMWF,northwest_india,2026-01-01,daily,24,Week 4,era5,1.3178246296312783,0.8034999135700982,0.2502055370160619,-0.6401055026576676,-4.266968290740428,4.3347455393765655,2.26376214455607,1.9148414288139008
JFM2026,TP,ECMWF,northwest_india,2026-01-01,daily,25,Week 4,era5,1.3420322412016255,0.9322053487281208,1.1761920160019483,-0.4396315608279473,-0.140997577728331,4.292959889331889,2.233278101669671,1.9222683848116962
JFM2026,TP,ECMWF,northwest_india,2026-01-01,daily,26,Week 4,era5,7.3849495240632805,7.451606970822039,9.436218713379697,0.008945378764576017,0.21738253972514476,3.235873891656643,13.353349087661078,0.24232676539900347
JFM2026,TP,ECMWF,northwest_india,2026-01-01,daily,27,Week 4,era5,1.2369278842322937,1.276989395801889,1.2534912918571246,0.03137184357309286,0.013213819459639953,3.1395762129305664,2.663658818498886,1.1786705531228228
JFM2026,TP,ECMWF,northwest_india,2026-01-01,daily,28,Week 4,era5,1.0663141378851622,0.8959396985199141,0.3469271658950622,-0.19016284203803613,-2.0735965433381445,3.504670045672852,1.896368635072,1.8480953443631436
JFM2026,TP,ECMWF,northwest_india,2026-01-01,daily,29,Week 5,era5,0.8708183178517844,0.8396511250228843,0.20774862457213192,-0.03711921761320891,-3.1916923380131914,2.9846727922561866,1.648700403330949,1.8103184703698187
JFM2026,TP,ECMWF,northwest_india,2026-01-01,daily,30,Week 5,era5,0.8829844263974141,0.8866338621985638,0.5956267025266375,0.0041160573228054,-0.4824460062851623,2.9550312541771935,1.3082659540342134,2.258738939941805
JFM2026,TP,ECMWF,northwest_india,2026-01-01,daily,31,Week 5,era5,1.0995110897890161,1.0181077113768013,1.7678187463424089,-0.07995556609833732,0.3780408245676269,3.3600702715841835,2.0476182974013017,1.6409651524644788
JFM2026,TP,ECMWF,northwest_india,2026-01-01,daily,32,Week 5,era5,1.0070895201010621,0.9897726030154625,0.5439232163291583,-0.01749585413138477,-0.8515288369151282,3.122779540146049,1.6595901137535207,1.8816571117570773
JFM2026,TP,ECMWF,northwest_india,2026-01-01,daily,33,Week 5,era5,0.8522089190813914,0.7895706877872815,0.8631871442809825,-0.07933201201991102,0.012718244557193614,2.880407255929936,1.1618271841772116,2.479204562569946
JFM2026,TP,ECMWF,northwest_india,2026-01-01,daily,34,Week 5,era5,0.6179683745422868,0.9485839933091947,0.3726861150664876,0.348535945260403,-0.6581470292555456,2.0259796164509676,1.1107562851424155,1.8239641256598487
JFM2026,TP,ECMWF,northwest_india,2026-01-01,daily,35,Week 5,era5,0.7349290358821753,0.9590980603397022,0.36497964232575975,0.23372899365277489,-1.0136165162500217,2.4528026130204807,1.406830583686271,1.7434953728355014
JFM2026,TP,ECMWF,northwest_india,2026-01-01,daily,36,Week 6,era5,0.8419821488529347,0.9273638033410405,0.2676504084763749,0.09206921186755279,-2.1458279987166735,2.686464799794523,1.6075161560994917,1.6711899221672604
JFM2026,TP,ECMWF,northwest_india,2026-01-01,daily,37,Week 6,era5,1.2759210883742238,0.9770338160789128,0.3734660536272769,-0.30591292478987286,-2.4164312284393232,4.267990384999398,2.1269136072781474,2.006659024792844
JFM2026,TP,ECMWF,northwest_india,2026-01-01,daily,38,Week 6,era5,0.8431212802287373,0.9870127548278403,0.38196162847304954,0.14578481776985874,-1.2073454959317367,2.767350570343624,1.534435866766165,1.8034970573099518
JFM2026,TP,ECMWF,northwest_india,2026-01-01,daily,39,Week 6,era5,0.6756750368151736,0.9043967331053896,0.25250104810295504,0.25289973738058935,-1.675929632338291,2.3570567443781387,1.135386571409063,2.075994911101451
JFM2026,TP,ECMWF,northwest_india,2026-01-01,daily,40,Week 6,era5,0.8746622685980391,0.9086195488166205,0.7587131147339287,0.0373723856842032,-0.15282344750923715,2.6185576591054063,1.8355241173548866,1.4265994297470324
JFM2026,TP,ECMWF,northwest_india,2026-01-01,daily,41,Week 6,era5,0.8295835870554524,0.9889359827679133,0.36769496175656724,0.16113519832340673,-1.2561733864732116,2.92490831104314,1.2867711816927134,2.273060162254722
JFM2026,TP,ECMWF,northwest_india,2026-01-01,daily,42,Week 6,era5,1.1457158453064882,0.9760433737267743,0.33523438410954437,-0.17383702010276703,-2.417656122446268,4.243746760188049,1.566142560320633,2.7096810135338103
JFM2026,TP,ECMWF,northwest_india,2026-01-01,weekly,1,Week 1,era5,0.11564887929762047,0.7390443549358419,0.3315613219333261,0.8435156448659158,0.6511991247251802,0.10027051852097778,0.24847369108826992,0.4035458163872843
JFM2026,TP,ECMWF,northwest_india,2026-01-01,weekly,2,Week 2,era5,0.15150249024245682,0.7886716858336582,0.3596110493483778,0.8079016998279677,0.5787045739640584,0.5334089516793704,0.22419035687134625,2.379268043118697
JFM2026,TP,ECMWF,northwest_india,2026-01-01,weekly,3,Week 3,era5,0.5973038508424917,0.8153818638670695,0.5218676674766646,0.2674550694447757,-0.14455040629471516,1.1355227903141298,1.2668985751864517,0.8963012608542976
JFM2026,TP,ECMWF,northwest_india,2026-01-01,weekly,4,Week 4,era5,1.699544702684093,1.7483289801480308,3.33811090057275,0.02790337403193255,0.49086631531849745,1.9780994314952727,3.619192738540729,0.54655818973953
JFM2026,TP,ECMWF,northwest_india,2026-01-01,weekly,5,Week 5,era5,0.49413707908718824,0.7639443088377614,0.523670686119636,0.35317656880126336,0.05639728901247032,1.432457649826491,0.8906857129352007,1.6082638679651813
JFM2026,TP,ECMWF,northwest_india,2026-01-01,weekly,6,Week 6,era5,0.6298590550404014,0.8880166716889573,0.1988930607093344,0.2907125788050293,-2.1668226774431703,1.722748856136847,1.258768132472491,1.3685990387705462
JFM2026,TP,ECMWF,south_peninsula,2026-01-01,daily,1,Week 1,era5,0.9173608843395082,0.43547285243804223,0.25795048944649496,-1.106585701504843,-2.556344809843017,0.9799599793176756,2.1919434571306464,0.447073566669684
JFM2026,TP,ECMWF,south_peninsula,2026-01-01,daily,2,Week 1,era5,0.1876038661242649,0.41790709507305923,0.074086004230251,0.5510871475118946,-1.5322443567237496,0.3520701840908834,0.41153549657074623,0.8555038071433038
JFM2026,TP,ECMWF,south_peninsula,2026-01-01,daily,3,Week 1,era5,0.08227606783429685,0.4260184449648488,0.09942085867700377,0.8068720525913249,0.17244661805231976,0.16622850249746357,0.18238959527429574,0.9113924631910746
JFM2026,TP,ECMWF,south_peninsula,2026-01-01,daily,4,Week 1,era5,0.04777286536445989,0.4218068899636776,0.10945198569964623,0.8867423304333087,0.5635267367779304,0.12555753129512054,0.1343907726247591,0.9342719655738388
JFM2026,TP,ECMWF,south_peninsula,2026-01-01,daily,5,Week 1,era5,0.24248012850715228,0.38954517468737404,0.12052502119803497,0.3775301447341698,-1.011865470728543,0.5693861166285777,0.8249476998355632,0.6902087450417445
JFM2026,TP,ECMWF,south_peninsula,2026-01-01,daily,6,Week 1,era5,0.4167932390990182,0.41530691011999743,0.1002108788957983,-0.003578868886605635,-3.1591615969400877,1.2448567100636463,1.6013152019183334,0.7773964229980086
JFM2026,TP,ECMWF,south_peninsula,2026-01-01,daily,7,Week 1,era5,0.2708680384078268,0.412947560104035,0.10315855122975426,0.3440618989501081,-1.6257448866701387,0.9523857449906346,0.7790945529468244,1.2224263940600772
JFM2026,TP,ECMWF,south_peninsula,2026-01-01,daily,8,Week 2,era5,0.9619960491596518,0.9284852072655951,0.9537696662714438,-0.03609195023445411,-0.008625125309727366,2.2678143153864156,2.7833996214577734,0.8147641818671636
JFM2026,TP,ECMWF,south_peninsula,2026-01-01,daily,9,Week 2,era5,1.9731717406588374,2.9249639798905727,3.389325605671008,0.32540306334553337,0.41782762406853646,3.355706854578097,4.102065904706131,0.8180528866511464
JFM2026,TP,ECMWF,south_peninsula,2026-01-01,daily,10,Week 2,era5,1.54645153079743,1.2884064314803994,1.4574665008288716,-0.20028237442165886,-0.06105459708195826,4.375165039363756,2.9049966735513166,1.5060826331395345
JFM2026,TP,ECMWF,south_peninsula,2026-01-01,daily,11,Week 2,era5,1.0768207811786512,0.7384895163723854,0.7903646842248744,-0.45813956367074726,-0.3624353449379001,4.11532090348904,1.5471090445957372,2.660007009760829
JFM2026,TP,ECMWF,south_peninsula,2026-01-01,daily,12,Week 2,era5,2.657519620342222,2.4396441677315965,2.77217278694885,-0.08930624207103466,0.0413585932112186,2.6907160350469037,7.492849052472092,0.35910452969276946
JFM2026,TP,ECMWF,south_peninsula,2026-01-01,daily,13,Week 2,era5,0.4179512560456976,0.38789629681515764,0.1458563203587864,-0.07748194421371823,-1.8654997947130112,1.5579826942625512,0.6706417382096928,2.3231221761139618
JFM2026,TP,ECMWF,south_peninsula,2026-01-01,daily,14,Week 2,era5,0.3944961519556965,0.3858164606481882,0.09301103562986825,-0.02249694399488833,-3.241390812221142,1.5655773883364588,0.5251190104562412,2.981376330246037
JFM2026,TP,ECMWF,south_peninsula,2026-01-01,daily,15,Week 3,era5,0.45005428858985447,0.38637498069484044,0.0972344652662745,-0.16481219301647299,-3.6285469597368634,1.802477450521139,0.47804623669178165,3.7705086081103887
JFM2026,TP,ECMWF,south_peninsula,2026-01-01,daily,16,Week 3,era5,0.4677844219102995,0.38551998361738826,0.10297744203845613,-0.2133856655652775,-3.5425911991056163,1.8473425149206462,0.47492591699238323,3.889748798337896
JFM2026,TP,ECMWF,south_peninsula,2026-01-01,daily,17,Week 3,era5,0.419168838598761,0.3967277778597399,0.21309340262679716,-0.056565388136131434,-0.9670662415245004,1.569836646810151,0.7298682407440239,2.1508493714014296
JFM2026,TP,ECMWF,south_peninsula,2026-01-01,daily,18,Week 3,era5,0.5802177944439322,0.38020931744631464,0.12043798915853463,-0.5260483313270161,-3.817564611446488,2.359331707625451,0.6634357816220777,3.556232227717604
JFM2026,TP,ECMWF,south_peninsula,2026-01-01,daily,19,Week 3,era5,0.6000127778105975,0.3788685754138907,0.11482956721432337,-0.5836963441877445,-4.2252463574186,2.4386312798456,0.5927604962833831,4.1140246273762395
JFM2026,TP,ECMWF,south_peninsula,2026-01-01,daily,20,Week 3,era5,0.28539374956386815,0.38072915932963985,0.10326788217716755,0.2504021754825171,-1.763625471414659,1.1067006129267059,0.30644441652790483,3.611423648914581
JFM2026,TP,ECMWF,south_peninsula,2026-01-01,daily,21,Week 3,era5,0.3000236795329895,0.3780335309989031,0.11388536280032897,0.20635696325609798,-1.6344358234956848,1.1676036772346476,0.30527936620779006,3.8247055205162863
JFM2026,TP,ECMWF,south_peninsula,2026-01-01,daily,22,Week 4,era5,0.2654557795460721,0.41159454165948894,0.1802487790804529,0.355055150936178,-0.4727188772112991,0.7575645059682783,0.5166353035598679,1.4663428936201055
JFM2026,TP,ECMWF,south_peninsula,2026-01-01,daily,23,Week 4,era5,1.326370355177313,1.383811149752632,1.296880462237362,0.04150912831247755,-0.022739098782531775,0.8736041360549333,5.173714060035284,0.1688543521960654
JFM2026,TP,ECMWF,south_peninsula,2026-01-01,daily,24,Week 4,era5,0.9393858997036969,1.0512332308167625,0.8979614679657543,0.10639630467747396,-0.04613163617341587,0.8127368996867272,3.7598191521899222,0.21616382777702095
JFM2026,TP,ECMWF,south_peninsula,2026-01-01,daily,25,Week 4,era5,0.3055997478597758,0.3837789572643347,0.20307476199150426,0.20370895257478006,-0.5048632575650178,1.1339130458033313,0.41920710089255303,2.7048994241487443
JFM2026,TP,ECMWF,south_peninsula,2026-01-01,daily,26,Week 4,era5,0.35326938491608756,0.37605986123367247,0.09941074952204253,0.06060332055332962,-2.5536336524427523,1.375758232820379,0.36571132881444124,3.7618693336088223
JFM2026,TP,ECMWF,south_peninsula,2026-01-01,daily,27,Week 4,era5,0.23665642420727193,0.37758653255947383,0.1072205435023529,0.3732392344528441,-1.2071929172983404,0.8954370044415921,0.2587776929909936,3.4602557666079683
JFM2026,TP,ECMWF,south_peninsula,2026-01-01,daily,28,Week 4,era5,0.1956112912784342,0.3768391218227779,0.10738162587343467,0.4809156482154541,-0.8216458326771046,0.7136939844908953,0.25782033830642026,2.7681834147726074
JFM2026,TP,ECMWF,south_peninsula,2026-01-01,daily,29,Week 5,era5,0.22759174383999345,0.3768175805988771,0.10716905074535263,0.39601612143923504,-1.123670427769119,0.8434423236981478,0.2698106035788984,3.1260532851945797
JFM2026,TP,ECMWF,south_peninsula,2026-01-01,daily,30,Week 5,era5,0.1675699258419175,0.3728447804045119,0.11073451761277987,0.5505638414459894,-0.5132582816487408,0.5835485342469552,0.24719175521016526,2.3607119652951836
JFM2026,TP,ECMWF,south_peninsula,2026-01-01,daily,31,Week 5,era5,0.18697112994383902,0.36897939851697703,0.09565071503601107,0.4932748801279312,-0.9547279899940861,0.6770302624082254,0.22720616033464755,2.979805923444332
JFM2026,TP,ECMWF,south_peninsula,2026-01-01,daily,32,Week 5,era5,0.3444812989218191,0.3736640309785277,0.19219215765899125,0.07809885254485605,-0.7923795805083589,1.005063045629978,0.6198394687884864,1.6214892665587017
JFM2026,TP,ECMWF,south_peninsula,2026-01-01,daily,33,Week 5,era5,0.270244530751586,0.37506639248686063,0.09982250070890122,0.2794754844342573,-1.7072506582425073,1.0383421351294535,0.3062772008035787,3.390203816690103
JFM2026,TP,ECMWF,south_peninsula,2026-01-01,daily,34,Week 5,era5,0.3055628785157215,0.37627460682205416,0.10718390596068239,0.18792585793538086,-1.850827983706894,1.1698531832288461,0.34428569795400105,3.397913971393452
JFM2026,TP,ECMWF,south_peninsula,2026-01-01,daily,35,Week 5,era5,0.24139853760771046,0.36823508769949204,0.06410705669574808,0.34444449844304326,-2.7655532799358933,0.94503976634278,0.2682690015390366,3.522731888221027
JFM2026,TP,ECMWF,south_peninsula,2026-01-01,daily,36,Week 6,era5,0.20442548533192625,0.37563200603811464,0.10319563043667304,0.4557825689880548,-0.9809509808399675,0.7814378964012281,0.24745672520308004,3.157876981358766
JFM2026,TP,ECMWF,south_peninsula,2026-01-01,daily,37,Week 6,era5,0.197980134061512,0.37646869429239277,0.10545390001470668,0.4741126232723448,-0.8774093137750385,0.7493524751834282,0.2514659817575925,2.979935774795125
JFM2026,TP,ECMWF,south_peninsula,2026-01-01,daily,38,Week 6,era5,0.23489816820504036,0.3774703569526279,0.10723964012567692,0.3777043312714491,-1.1904042938763788,0.911733515306651,0.27712930730746405,3.2899209548238746
JFM2026,TP,ECMWF,south_peninsula,2026-01-01,daily,39,Week 6,era5,0.24761392195914983,0.3677331760918107,0.10274090669939163,0.32664785758321435,-1.4100811440533652,0.9789229355007524,0.25278002115671144,3.8726277932141926
JFM2026,TP,ECMWF,south_peninsula,2026-01-01,daily,40,Week 6,era5,0.22708449181240967,0.377799159057654,0.1040068901814835,0.39892801143648005,-1.183360077550303,0.8749123944208665,0.258129201684475,3.389435944137457
JFM2026,TP,ECMWF,south_peninsula,2026-01-01,daily,41,Week 6,era5,0.24149285855422423,0.3791186109461797,0.1077809058766142,0.3630150259531655,-1.2405903586548184,0.9303696460693378,0.2608125618935316,3.5671964544757304
JFM2026,TP,ECMWF,south_peninsula,2026-01-01,daily,42,Week 6,era5,0.29679441343458796,0.3799290364583656,0.10779295853781858,0.21881618682990012,-1.7533747793967382,1.1565862744339637,0.3066676427891171,3.7714649772467226
JFM2026,TP,ECMWF,south_peninsula,2026-01-01,weekly,1,Week 1,era5,0.2601609140668508,0.4055722394529579,0.0705589682781362,0.3585337240592209,-2.6871416974426734,0.3984194375239376,0.8130174433446965,0.4900502944744557
JFM2026,TP,ECMWF,south_peninsula,2026-01-01,weekly,2,Week 2,era5,0.6279246429150602,0.8219294245895543,1.283394917582399,0.2360358150839702,0.5107315493364146,1.8515751330615444,1.3942248961074084,1.3280318965979092
JFM2026,TP,ECMWF,south_peninsula,2026-01-01,weekly,3,Week 3,era5,0.3207384542763961,0.3791326374856738,0.09142756796634252,0.15402045995442482,-2.508115346505448,1.2086932062891693,0.43524090760372147,2.777067102777162
JFM2026,TP,ECMWF,south_peninsula,2026-01-01,weekly,4,Week 4,era5,0.4146440322217368,0.5208493311221843,0.35698328240117605,0.20390791070351433,-0.16152226914581913,0.6061104276816259,1.3491070583481286,0.44926785011692005
JFM2026,TP,ECMWF,south_peninsula,2026-01-01,weekly,5,Week 5,era5,0.16502160966635163,0.3687333959695674,0.06333345180767394,0.5524636187822507,-1.6055994889947938,0.5663009679927459,0.24002998578391138,2.3592925948117256
JFM2026,TP,ECMWF,south_peninsula,2026-01-01,weekly,6,Week 6,era5,0.16659126684438977,0.37578553315756336,0.09767475673191968,0.5566852575600891,-0.7055713514764095,0.5640641724735517,0.24856696097594042,2.2692644680487093
JFM2026,TP,FuXi,All India,2026-01-01,daily,1,Week 1,era5,0.5463067609075791,0.6266074970471999,0.21448231975235885,0.12815157258415633,-1.5470946115201691,0.07743671829531029,1.6824785817293195,0.046025381325043496
JFM2026,TP,FuXi,All India,2026-01-01,daily,2,Week 1,era5,0.2541406522023339,0.6214193886632934,0.18217032628107804,0.5910319876742112,-0.3950716200080242,0.06523872932388851,0.6827326698878995,0.09555530620000989
JFM2026,TP,FuXi,All India,2026-01-01,daily,3,Week 1,era5,0.19672649286501034,0.6202641626051653,0.17628362485071236,0.6828343394228333,-0.11596577975753708,0.07009752767671379,0.6263071636622349,0.11192196376428024
JFM2026,TP,FuXi,All India,2026-01-01,daily,4,Week 1,era5,0.07002983801213968,0.6343934251931344,0.16080023773006033,0.8896113433224504,0.564491701002951,0.05425209127930099,0.21729108660158697,0.2496747203385045
JFM2026,TP,FuXi,All India,2026-01-01,daily,5,Week 1,era5,0.060982045982018826,0.631077350140343,0.17659442678451825,0.9033683494290244,0.6546774035149505,0.0572438600899834,0.20520466441782922,0.27895983871704705
JFM2026,TP,FuXi,All India,2026-01-01,daily,6,Week 1,era5,0.04208538687817184,0.6433139603165527,0.17194618090839767,0.9345803301743008,0.7552409326230262,0.054719177175188184,0.1410144843446055,0.38803940906855827
JFM2026,TP,FuXi,All India,2026-01-01,daily,7,Week 1,era5,0.03895833668697362,0.6499290078802861,0.1944329069810791,0.9400575505715086,0.7996309508926656,0.06508478613878077,0.10478298450147328,0.6211388847954189
JFM2026,TP,FuXi,All India,2026-01-01,daily,8,Week 2,era5,0.18645666593817373,0.7483999167076134,0.3611765030169616,0.7508595848614732,0.48375194847761915,0.07664160766171269,1.2859138765804825,0.059600887009259876
JFM2026,TP,FuXi,All India,2026-01-01,daily,9,Week 2,era5,0.5557300685949139,1.1194008636981647,0.8004797096156212,0.5035468645620405,0.3057537100324911,0.104336142088354,2.171712484183071,0.04804325749759731
JFM2026,TP,FuXi,All India,2026-01-01,daily,10,Week 2,era5,0.2665937205294229,0.8131914999189471,0.42857442737474605,0.672163665562177,0.37795233802806216,0.09262774175660618,1.085823859675526,0.08530641588985334
JFM2026,TP,FuXi,All India,2026-01-01,daily,11,Week 2,era5,0.14572265522999725,0.7159258931101865,0.30047252293417254,0.7964556714146258,0.5150216938075162,0.18177720368311456,0.705715394000446,0.2575786290457477
JFM2026,TP,FuXi,All India,2026-01-01,daily,12,Week 2,era5,0.4854004324991943,1.0390080577467953,0.6874027876286513,0.5328232260759949,0.2938631596568134,0.3170351051867661,2.71354061585128,0.1168344794011153
JFM2026,TP,FuXi,All India,2026-01-01,daily,13,Week 2,era5,0.3349404801404818,0.6593008056489997,0.19537018676811602,0.49197623107592825,-0.7143889028371617,0.3692551241124146,1.8981102505288456,0.1945382909183141
JFM2026,TP,FuXi,All India,2026-01-01,daily,14,Week 2,era5,0.18876311249032537,0.6560186500988661,0.1663324173462853,0.7122595333808306,-0.13485462125727365,0.37857084202378305,0.7722653431498694,0.4902082495113546
JFM2026,TP,FuXi,All India,2026-01-01,daily,15,Week 3,era5,0.5940830083674163,0.7728775397127993,0.3572914415811891,0.23133617184919464,-0.6627406627438623,0.6572935059659638,1.7031961884226186,0.38591767080849515
JFM2026,TP,FuXi,All India,2026-01-01,daily,16,Week 3,era5,0.4187787668691322,0.6656365234739077,0.19289569637830495,0.3708596927891564,-1.1710114571339516,1.0020397161579722,0.9548135428178363,1.049461147357381
JFM2026,TP,FuXi,All India,2026-01-01,daily,17,Week 3,era5,0.5971922518896378,0.661528461605532,0.1991505715296234,0.09725388014258685,-1.9986971531277087,1.6343206567872688,1.3354862143563944,1.2237645280186515
JFM2026,TP,FuXi,All India,2026-01-01,daily,18,Week 3,era5,0.4983178843395248,0.6740159085867402,0.19000222226761154,0.26067340845947484,-1.6226950316279,1.0730746947720493,1.1856711470926649,0.9050356816080845
JFM2026,TP,FuXi,All India,2026-01-01,daily,19,Week 3,era5,0.38074962617747515,0.6515047008488376,0.12265214035517427,0.4155842226749844,-2.1043047848566356,0.8827671009457073,0.7531807089059865,1.172052192133211
JFM2026,TP,FuXi,All India,2026-01-01,daily,20,Week 3,era5,0.40724565741772417,0.6705975363107218,0.155150265393883,0.3927122672442587,-1.6248466696711197,1.0618332155295045,0.7838110499430587,1.3547055959553558
JFM2026,TP,FuXi,All India,2026-01-01,daily,21,Week 3,era5,1.4164413374304865,1.3046582376306861,1.113756702488715,-0.08567998620297934,-0.27176908050511916,1.7049148468010533,4.076233975060543,0.41825735647957524
JFM2026,TP,FuXi,All India,2026-01-01,daily,22,Week 4,era5,3.813723602477642,3.8167478153487977,4.1042082837538505,0.0007923533378323411,0.07077727571138792,2.512277198020993,11.072639258638418,0.22689054879675752
JFM2026,TP,FuXi,All India,2026-01-01,daily,23,Week 4,era5,0.8714002366213043,0.8485784208138628,0.4380500205922183,-0.026894174124241,-0.9892710778628009,1.8368317426380991,2.642321421780709,0.6951583283914886
JFM2026,TP,FuXi,All India,2026-01-01,daily,24,Week 4,era5,0.9021369805528496,0.7852000193045188,0.2952987608426736,-0.14892633516732,-2.054997514986124,2.206529224595071,2.2625734004493236,0.9752298971414043
JFM2026,TP,FuXi,All India,2026-01-01,daily,25,Week 4,era5,0.882792145871906,0.7074999456462927,0.44950008206608005,-0.2477628462083994,-0.9639421239129577,2.3763209981243794,1.7960369746220308,1.3230913570832623
JFM2026,TP,FuXi,All India,2026-01-01,daily,26,Week 4,era5,3.3534923727152095,3.1636041057689117,3.5333862348030642,-0.06002276536436146,0.050912594925496824,1.5160239020795347,8.398416459499158,0.1805130656940467
JFM2026,TP,FuXi,All India,2026-01-01,daily,27,Week 4,era5,0.6168823106188395,0.8328084171254592,0.5090079503780803,0.2592746447639366,-0.21193059982782647,1.4791869767540735,1.6296376155285222,0.9076784695316114
JFM2026,TP,FuXi,All India,2026-01-01,daily,28,Week 4,era5,0.5914002531827135,0.673354607115795,0.27413282906042485,0.12171054161806305,-1.1573492500322025,1.7982149631408344,1.3531027398109514,1.3289567083369234
JFM2026,TP,FuXi,All India,2026-01-01,daily,29,Week 5,era5,0.3034318271444858,0.6684234747140648,0.15588105078112244,0.5460485177090968,-0.9465600573256598,0.875327385595636,0.6442571907458042,1.3586614137474207
JFM2026,TP,FuXi,All India,2026-01-01,daily,30,Week 5,era5,0.4689103065069865,0.7090411152932883,0.2674678541332314,0.3386697944687931,-0.7531464034306432,1.0887287467308757,1.0023317255961282,1.0861960356321791
JFM2026,TP,FuXi,All India,2026-01-01,daily,31,Week 5,era5,0.6249256092803078,0.7895986295103918,0.6857333113994102,0.20855281921169644,0.08867543855352311,1.3705061184458407,1.5705017786514612,0.8726549291925347
JFM2026,TP,FuXi,All India,2026-01-01,daily,32,Week 5,era5,0.5573833940626748,0.7488685930097584,0.26607941789518713,0.2556993319448615,-1.094800862358459,1.4599204895472278,1.2171017897826977,1.1995056632098808
JFM2026,TP,FuXi,All India,2026-01-01,daily,33,Week 5,era5,0.47171600118391843,0.691336765484413,0.3915457381459124,0.3176755168613208,-0.20475325160640612,1.3479754672937068,0.8843834512953399,1.524197976928845
JFM2026,TP,FuXi,All India,2026-01-01,daily,34,Week 5,era5,0.5924355157331072,0.7201633750770037,0.19191018488514394,0.17735956001683528,-2.0870457244761296,1.8145470050373995,1.383389253817756,1.311667703092078
JFM2026,TP,FuXi,All India,2026-01-01,daily,35,Week 5,era5,0.3023295963514399,0.7181841996299051,0.17324308111329337,0.5790361351485642,-0.7451178679610855,0.8747798187053191,0.6755139392248524,1.2949841119624015
JFM2026,TP,FuXi,All India,2026-01-01,daily,36,Week 6,era5,0.32968700804286216,0.7231102845146085,0.15159550706939964,0.5440709182221544,-1.1747808653190042,0.837451281858295,0.9264209202679902,0.9039641307064196
JFM2026,TP,FuXi,All India,2026-01-01,daily,37,Week 6,era5,0.4405292645575207,0.7376822738425256,0.24519638644578162,0.4028197773238601,-0.7966384861668077,1.104766890987388,1.091751272614052,1.011921779896049
JFM2026,TP,FuXi,All India,2026-01-01,daily,38,Week 6,era5,0.32231825245370166,0.7301308911506156,0.18749862914129892,0.5585473010931515,-0.7190432481018445,1.0105354050217097,0.6897187680095118,1.4651412313138237
JFM2026,TP,FuXi,All India,2026-01-01,daily,39,Week 6,era5,0.4264711165112751,0.7321111349983981,0.13937202745098207,0.41747762583585313,-2.0599477119701617,1.2762629463574606,0.8500430124919027,1.5014098435043814
JFM2026,TP,FuXi,All India,2026-01-01,daily,40,Week 6,era5,0.7178645509343483,0.7368200797029278,0.3043801385388198,0.025726129472777193,-1.358447415066124,1.8979107909505617,1.553054066626216,1.2220506882117097
JFM2026,TP,FuXi,All India,2026-01-01,daily,41,Week 6,era5,0.5144048641190015,0.7630417694912227,0.17149321386260127,0.3258496655274927,-1.9995639625200434,1.5255664302022813,1.2214755415901775,1.2489537270768625
JFM2026,TP,FuXi,All India,2026-01-01,daily,42,Week 6,era5,0.8478302627692533,0.7562215819081227,0.2107058396082789,-0.12113999792227648,-3.023762532379007,2.380336545489783,1.891047572648094,1.2587396424705075
JFM2026,TP,FuXi,All India,2026-01-01,weekly,1,Week 1,era5,0.13747273480652122,0.6271964125203621,0.15160829084522537,0.7808139012560787,0.09323735502786534,0.05377559203706162,0.36300031237987607,0.14814199934017142
JFM2026,TP,FuXi,All India,2026-01-01,weekly,2,Week 2,era5,0.10830588605327338,0.7312262533120594,0.3993227933397195,0.8518845766782767,0.7287760982851452,0.16316245139630375,0.39053961461778436,0.41778719824873223
JFM2026,TP,FuXi,All India,2026-01-01,weekly,3,Week 3,era5,0.5230182137754201,0.6635975244967515,0.2178651165994317,0.21184423620016013,-1.4006514761931577,0.6096179596218696,1.0997272232575999,0.5543356086212597
JFM2026,TP,FuXi,All India,2026-01-01,weekly,4,Week 4,era5,1.0526275351941887,1.0057991433240256,1.239019102414872,-0.04655839307578025,0.15043478091451745,1.265109026759046,2.4707844279901163,0.5120272786356198
JFM2026,TP,FuXi,All India,2026-01-01,weekly,5,Week 5,era5,0.3320402935339767,0.6595216429663898,0.22559250381573842,0.4965437494355315,-0.47185871834280313,0.7097000239102772,0.6980015324655158,1.0167599795998148
JFM2026,TP,FuXi,All India,2026-01-01,weekly,6,Week 6,era5,0.40356893107525815,0.7138515069336072,0.12358888822215189,0.4346598316941108,-2.265414365973098,0.8975403826163908,0.893536771875837,1.0044806334406908
JFM2026,TP,FuXi,central_india,2026-01-01,daily,1,Week 1,era5,0.09609051420216366,0.24379125216879446,0.039563901555303545,0.6058492117853631,-1.4287421215990443,0.050659907175915134,0.1963540167689784,0.2580029072464526
JFM2026,TP,FuXi,central_india,2026-01-01,daily,2,Week 1,era5,0.05990274863425116,0.23889352007662207,0.05481952516691893,0.7492491691903651,-0.09272651399030574,0.05,0.14560398816823183,0.3433971873231224
JFM2026,TP,FuXi,central_india,2026-01-01,daily,3,Week 1,era5,0.028626810863823352,0.23763099022855086,0.038021980400316416,0.8795325019001503,0.2470983740871866,0.05,0.05821580296915571,0.8588733204709268
JFM2026,TP,FuXi,central_india,2026-01-01,daily,4,Week 1,era5,0.019840904876275177,0.24041596871637014,0.024490256913470315,0.917472599751964,0.18984496788344707,0.05,0.04385790803338489,1.1400452561927876
JFM2026,TP,FuXi,central_india,2026-01-01,daily,5,Week 1,era5,0.01345651234372319,0.24313508379275636,0.017483260560461688,0.944654172759398,0.23032020845384937,0.05,0.015128515623044394,3.3050169128184583
JFM2026,TP,FuXi,central_india,2026-01-01,daily,6,Week 1,era5,0.012256471414838129,0.2439966579631402,0.01749350529550344,0.9497678717522038,0.299370182945064,0.05,0.008551606166035399,5.846854851499838
JFM2026,TP,FuXi,central_india,2026-01-01,daily,7,Week 1,era5,0.012194808563740597,0.24484087059561024,0.01748827237705487,0.9501929210834981,0.3026864917920339,0.05,0.008066000867465827,6.198858743206283
JFM2026,TP,FuXi,central_india,2026-01-01,daily,8,Week 2,era5,0.012297105863384932,0.24545306523335256,0.01749382859185829,0.9499003776885244,0.29706034337686016,0.05,0.00885097722870824,5.649093733720664
JFM2026,TP,FuXi,central_india,2026-01-01,daily,9,Week 2,era5,0.015935778926709318,0.2442520954126226,0.021843944365859583,0.9347568384222518,0.2704715476379017,0.05,0.028554970877181448,1.7510086147541997
JFM2026,TP,FuXi,central_india,2026-01-01,daily,10,Week 2,era5,0.017685386623016976,0.24472536698049396,0.02335138162116892,0.9277337415355613,0.24264067497468766,0.05,0.04385385154319983,1.1401507106108042
JFM2026,TP,FuXi,central_india,2026-01-01,daily,11,Week 2,era5,0.01202224853604396,0.24737680072871154,0.01750243172444462,0.9514010671145016,0.31310981666317883,0.05,0.006517621818481322,7.671509853213692
JFM2026,TP,FuXi,central_india,2026-01-01,daily,12,Week 2,era5,0.01796665740664177,0.24720691738143136,0.024285544716028812,0.9273213808215575,0.2601912941741218,0.05,0.03365160340881499,1.4858133026405087
JFM2026,TP,FuXi,central_india,2026-01-01,daily,13,Week 2,era5,0.027765488747642935,0.2455538664900927,0.03455876388573232,0.8869270961010781,0.19657170495308163,0.05,0.05831342299122223,0.8574355171625986
JFM2026,TP,FuXi,central_india,2026-01-01,daily,14,Week 2,era5,0.03160030527612934,0.24973421967424705,0.017443549139247946,0.8734642560504975,-0.8115754439576017,0.0899972229354641,0.06040101772576743,1.4899951412088668
JFM2026,TP,FuXi,central_india,2026-01-01,daily,15,Week 3,era5,0.2518033362054229,0.2507777574498462,0.017146022758363178,-0.004089592179169932,-13.685816049241087,0.797841469633308,0.5209107530245755,1.5316279516227755
JFM2026,TP,FuXi,central_india,2026-01-01,daily,16,Week 3,era5,0.42616269346690994,0.2519124242457923,0.01745803315765247,-0.6917097072238911,-23.410693324872504,1.2174431372590497,0.9469389169178567,1.2856617417537801
JFM2026,TP,FuXi,central_india,2026-01-01,daily,17,Week 3,era5,0.7500225699404827,0.2520551746970598,0.024103467555093933,-1.9756285338792199,-30.116791317520445,2.022471238096154,1.7399694265601533,1.1623602157737305
JFM2026,TP,FuXi,central_india,2026-01-01,daily,18,Week 3,era5,0.45116828310258883,0.2530357614273639,0.019097392972171303,-0.783021816985741,-22.624600685550675,1.154385723511758,1.122124690761902,1.0287499535617128
JFM2026,TP,FuXi,central_india,2026-01-01,daily,19,Week 3,era5,0.3268924345202551,0.25513575217399864,0.01752793732369344,-0.28124902815391994,-17.649794809476944,0.8526381263979115,0.6941058131835952,1.2283979044739444
JFM2026,TP,FuXi,central_india,2026-01-01,daily,20,Week 3,era5,0.41937367126815306,0.25664593101902416,0.01748544444532378,-0.6340554070076665,-22.98415851421542,1.2368200205969628,0.8336132741868444,1.4836856116565924
JFM2026,TP,FuXi,central_india,2026-01-01,daily,21,Week 3,era5,0.6299484340190624,0.2579586541442053,0.017345906104259866,-1.4420519486309056,-35.31683638967454,2.019370138233538,1.0039353881455972,2.011454284885389
JFM2026,TP,FuXi,central_india,2026-01-01,daily,22,Week 4,era5,0.9306573480661723,0.25884720124643557,0.04073685045760181,-2.5953927397505048,-21.845589131510888,2.8536968070660116,1.7316934650084512,1.6479226056628242
JFM2026,TP,FuXi,central_india,2026-01-01,daily,23,Week 4,era5,0.686320524457403,0.2583058127111229,0.0200793409523663,-1.6570076656577282,-33.18043082616821,2.000038674945676,1.3830208579438195,1.4461377523396115
JFM2026,TP,FuXi,central_india,2026-01-01,daily,24,Week 4,era5,0.692056681465521,0.255017225551542,0.03232217303493904,-1.713764452455186,-20.411205265111168,2.164025555409588,1.3355003898228304,1.6203855662645454
JFM2026,TP,FuXi,central_india,2026-01-01,daily,25,Week 4,era5,0.6388749558752864,0.26210304073080287,0.02870011342594443,-1.43749539911463,-21.260363448520522,2.1478171037500275,1.1215497363492082,1.9150440093200454
JFM2026,TP,FuXi,central_india,2026-01-01,daily,26,Week 4,era5,1.3136554830434426,1.2110630513451737,1.1782074521975059,-0.084712708875327,-0.1149611051884869,1.475549606460443,4.422939914786254,0.33361285364233834
JFM2026,TP,FuXi,central_india,2026-01-01,daily,27,Week 4,era5,0.5538235150845849,0.2699904547371105,0.136970355188999,-1.0512707222329118,-3.043382338611809,1.9526901326729047,0.8760606948221421,2.228943889634656
JFM2026,TP,FuXi,central_india,2026-01-01,daily,28,Week 4,era5,0.37615588600329014,0.2633786862098959,0.01929137906747986,-0.4281941011108168,-18.498651946422484,1.2391831256949593,0.7167544696529233,1.7288809183080693
JFM2026,TP,FuXi,central_india,2026-01-01,daily,29,Week 5,era5,0.23391745172040346,0.26574293756085515,0.020846256791165075,0.11976042009832777,-10.22107695706506,0.7603972235523564,0.4041884773272826,1.8812936691825624
JFM2026,TP,FuXi,central_india,2026-01-01,daily,30,Week 5,era5,0.3831777804508711,0.27494757089301036,0.07122520433018757,-0.39363944626365166,-4.379805983771223,1.122088076264443,0.7179053167146733,1.5630028781503083
JFM2026,TP,FuXi,central_india,2026-01-01,daily,31,Week 5,era5,0.3314759732514373,0.3730603697609839,0.16222524232419336,0.11146827666575598,-1.043307000207839,0.5773215753653667,0.9238811871569418,0.6248872510782014
JFM2026,TP,FuXi,central_india,2026-01-01,daily,32,Week 5,era5,0.25202691599868593,0.2904252107679968,0.07782388465583819,0.13221405492922234,-2.2384263149189816,0.6442953044391001,0.5048390413933143,1.2762390615846548
JFM2026,TP,FuXi,central_india,2026-01-01,daily,33,Week 5,era5,0.38181258055825157,0.3100477295595365,0.19636207997961042,-0.23146388170836296,-0.9444313311302148,1.0309565868744957,0.6778257616599889,1.5209758099923685
JFM2026,TP,FuXi,central_india,2026-01-01,daily,34,Week 5,era5,0.4055423400559258,0.2615140790924243,0.04826024198582256,-0.5507476364689301,-7.403238843581892,1.3914301787645398,0.7352280500845499,1.8925150891679496
JFM2026,TP,FuXi,central_india,2026-01-01,daily,35,Week 5,era5,0.19404588398442404,0.27109151907789764,0.017505404594578684,0.28420525789792295,-10.084912829979311,0.596121337710289,0.3679865349240214,1.6199542133610156
JFM2026,TP,FuXi,central_india,2026-01-01,daily,36,Week 6,era5,0.23959008128644904,0.2722901896422366,0.01745803315765247,0.12009286268723962,-12.723772839864742,0.7649582041634341,0.4922505482726163,1.5540017311261336
JFM2026,TP,FuXi,central_india,2026-01-01,daily,37,Week 6,era5,0.34530143582317263,0.27358808060010376,0.017456467160582585,-0.2621216358028782,-18.78071694843716,1.2027615837012646,0.6619162407823924,1.817090304778724
JFM2026,TP,FuXi,central_india,2026-01-01,daily,38,Week 6,era5,0.26360580542754375,0.2751601394403543,0.017469672595261814,0.04199130744849444,-14.089338623268752,0.9200897215887729,0.4592530085990865,2.0034484355267064
JFM2026,TP,FuXi,central_india,2026-01-01,daily,39,Week 6,era5,0.3160409916848366,0.2768460248493847,0.017457305332639624,-0.14157677307006877,-17.103652634976843,1.099602984346747,0.5628998463822413,1.9534611555037686
JFM2026,TP,FuXi,central_india,2026-01-01,daily,40,Week 6,era5,0.43525073885824217,0.27846770277642874,0.01745637149312431,-0.5630205388941949,-23.93363177047865,1.4815416986038348,0.6933779390722582,2.1367015232502813
JFM2026,TP,FuXi,central_india,2026-01-01,daily,41,Week 6,era5,0.31779206799187476,0.27995530829969084,0.01745803315765247,-0.13515285679698508,-17.20319993220859,0.9560418126392151,0.6231519335712464,1.5342033958880568
JFM2026,TP,FuXi,central_india,2026-01-01,daily,42,Week 6,era5,0.41816883007074584,0.28127092475228466,0.01745803315765247,-0.4867118968625257,-22.9528030617497,1.353695140489828,0.8511576771778588,1.590416413769782
JFM2026,TP,FuXi,central_india,2026-01-01,weekly,1,Week 1,era5,0.025256162366687773,0.2400729525910391,0.025708725301550224,0.8947979683087779,0.017603476234395843,0.05,0.04533408219435497,1.1029229572938402
JFM2026,TP,FuXi,central_india,2026-01-01,weekly,2,Week 2,era5,0.013538793299221943,0.24577338088888737,0.019237163466996728,0.9449135083292737,0.29621675656865454,0.05,0.015446699929740695,3.236937354090192
JFM2026,TP,FuXi,central_india,2026-01-01,weekly,3,Week 3,era5,0.4391799420987538,0.2538517130904598,0.017750194087180666,-0.7300649136933437,-23.742261405239116,0.7067794948847067,0.9010896525316339,0.7843609044882405
JFM2026,TP,FuXi,central_india,2026-01-01,weekly,4,Week 4,era5,0.5236165410920866,0.2894858312535102,0.19720550829117653,-0.8087812409497239,-1.655182127666332,1.383463856598735,1.0466905328010045,1.3217506161028374
JFM2026,TP,FuXi,central_india,2026-01-01,weekly,5,Week 5,era5,0.24595555071642497,0.2663607095801815,0.07820845983569961,0.0766072402191662,-2.144871427376636,0.4698933090978207,0.5088498919244869,0.9234418962351919
JFM2026,TP,FuXi,central_india,2026-01-01,weekly,6,Week 6,era5,0.28011833333286007,0.27675253388409804,0.017457702574731157,-0.012161765608879938,-15.045543915859376,0.7322535846047546,0.5591224164384638,1.3096480539433808
JFM2026,TP,FuXi,east_northeast_india,2026-01-01,daily,1,Week 1,era5,0.3084542523204218,1.50055376905063,0.18629181053495897,0.7944397204003063,-0.6557585190388076,0.05324285231130885,0.7179879263245437,0.0741556373849692
JFM2026,TP,FuXi,east_northeast_india,2026-01-01,daily,2,Week 1,era5,0.7372056458798347,1.5385943388765142,0.33774432727540343,0.5208576898715588,-1.1827328731970161,0.11657861137421888,1.5373264747641973,0.07583204562459661
JFM2026,TP,FuXi,east_northeast_india,2026-01-01,daily,3,Week 1,era5,0.6262138932654374,1.5380800762531353,0.1463464440757099,0.5928600188418435,-3.2789826375383333,0.17126873093292028,1.352653158926157,0.1266168860825246
JFM2026,TP,FuXi,east_northeast_india,2026-01-01,daily,4,Week 1,era5,0.24981325934204723,1.5469818547359868,0.12779284781692807,0.8385157145979057,-0.9548297389844671,0.05812565907449047,0.5004479624535497,0.11614725892681708
JFM2026,TP,FuXi,east_northeast_india,2026-01-01,daily,5,Week 1,era5,0.11355400659584135,1.5613990195444687,0.18701567656258752,0.9272741911744186,0.3928102248805926,0.05085496530793184,0.3058973660504762,0.166248457659293
JFM2026,TP,FuXi,east_northeast_india,2026-01-01,daily,6,Week 1,era5,0.14283637480845127,1.5627091495184682,0.17100639390450695,0.908596954940422,0.16473079428706228,0.05701295371578977,0.33374850776966763,0.1708260932664201
JFM2026,TP,FuXi,east_northeast_india,2026-01-01,daily,7,Week 1,era5,0.07431546590975137,1.5936668753850343,0.29361391925656366,0.9533682559024159,0.7468939275838161,0.06109742140927108,0.15050995543693846,0.4059360806526186
JFM2026,TP,FuXi,east_northeast_india,2026-01-01,daily,8,Week 2,era5,0.07391743638456376,1.5941839489104777,0.2767600091319537,0.9536330569410879,0.7329186517358388,0.06906520944207194,0.18112880932123854,0.3813043860934473
JFM2026,TP,FuXi,east_northeast_india,2026-01-01,daily,9,Week 2,era5,0.11176920887362414,1.5981973216881091,0.27099438560032063,0.9300654510197983,0.5875589502489977,0.08336196062743752,0.2806621041653895,0.29701893982207767
JFM2026,TP,FuXi,east_northeast_india,2026-01-01,daily,10,Week 2,era5,0.17365643177611856,1.5674527744361224,0.17888161195253155,0.8892110597471813,0.029210269962233748,0.12045599685466704,0.40156009140631604,0.29997004043109554
JFM2026,TP,FuXi,east_northeast_india,2026-01-01,daily,11,Week 2,era5,0.08455305146036168,1.6170515190219317,0.2995093763330246,0.9477115908394166,0.7176948097733438,0.15046702054946176,0.3413589698907177,0.4407882429386054
JFM2026,TP,FuXi,east_northeast_india,2026-01-01,daily,12,Week 2,era5,0.03567256386852905,1.6173120706143096,0.2791487401357602,0.9779433020276789,0.8722094756681325,0.05961239116007326,0.09644496780475909,0.6180974758657308
JFM2026,TP,FuXi,east_northeast_india,2026-01-01,daily,13,Week 2,era5,0.11706678328642744,1.6089589799913422,0.21800796186164162,0.9272406663300655,0.46301601883364385,0.10097819784636478,0.3453460812389151,0.2923971150450284
JFM2026,TP,FuXi,east_northeast_india,2026-01-01,daily,14,Week 2,era5,0.27126933770182227,1.6189304817568833,0.2749466637348784,0.8324391684765627,0.013374688687265102,0.4050415065438569,0.742704527390796,0.5453602228154082
JFM2026,TP,FuXi,east_northeast_india,2026-01-01,daily,15,Week 3,era5,0.5061177231636712,1.640287053385145,0.29441592888046,0.6914456392744368,-0.7190568631535126,0.7952692822443038,1.288522651667555,0.6171946462990758
JFM2026,TP,FuXi,east_northeast_india,2026-01-01,daily,16,Week 3,era5,0.6033840168965593,1.6395926196468764,0.2691554511285266,0.6319915022388234,-1.2417677753382468,1.6283019485473944,1.167096032299472,1.395173921840203
JFM2026,TP,FuXi,east_northeast_india,2026-01-01,daily,17,Week 3,era5,0.6037169648370103,1.6344379091388843,0.22426781202713375,0.6306271645674916,-1.691946558804291,1.530163116904936,1.2943547983649224,1.1821821333979643
JFM2026,TP,FuXi,east_northeast_india,2026-01-01,daily,18,Week 3,era5,0.7119975962166467,1.6141380149268334,0.3092381961927258,0.5588991835689339,-1.3024244901910826,1.360661247898835,1.4296340621884323,0.9517549167903735
JFM2026,TP,FuXi,east_northeast_india,2026-01-01,daily,19,Week 3,era5,0.4187971768301897,1.5820788970208701,0.16172171109307626,0.7352867940917456,-1.589616285899658,0.8116324403012167,0.8454220505126095,0.9600322582183597
JFM2026,TP,FuXi,east_northeast_india,2026-01-01,daily,20,Week 3,era5,0.5038576626902243,1.603365666879,0.1974516532185932,0.6857499988315214,-1.5518027044950466,1.1084887772057743,1.0013721945739678,1.1069697992536922
JFM2026,TP,FuXi,east_northeast_india,2026-01-01,daily,21,Week 3,era5,0.315073422672547,1.6746336791115286,0.25776312550698954,0.8118553170149377,-0.2223370664552382,0.9354732298284512,0.5628485434256274,1.6620336691909037
JFM2026,TP,FuXi,east_northeast_india,2026-01-01,daily,22,Week 4,era5,0.3039998110764459,1.6771910436151636,0.24457138013281904,0.8187446729853873,-0.24299012791829178,0.9198430368441164,0.582897926746641,1.5780516530193973
JFM2026,TP,FuXi,east_northeast_india,2026-01-01,daily,23,Week 4,era5,0.5805540756976926,1.667205448111327,0.1950117314714206,0.6517801232263449,-1.9770212864489851,1.4330693680573794,1.1920198354887181,1.2022193971879946
JFM2026,TP,FuXi,east_northeast_india,2026-01-01,daily,24,Week 4,era5,0.9749191246644087,1.625730506315231,0.2447793514258433,0.4003193512840616,-2.982848712464881,2.6781670815221075,1.7343243929889647,1.54421346568649
JFM2026,TP,FuXi,east_northeast_india,2026-01-01,daily,25,Week 4,era5,0.7601835519852708,1.6373527528158418,0.13055317585897985,0.5357240211811761,-4.822788660510268,2.349881815384847,1.24566188184896,1.8864523749389137
JFM2026,TP,FuXi,east_northeast_india,2026-01-01,daily,26,Week 4,era5,0.657346057420175,1.7287104135444873,0.2959974974849992,0.6197477308692925,-1.2207824829785547,1.6970806554126303,1.40535257013941,1.2075835569463405
JFM2026,TP,FuXi,east_northeast_india,2026-01-01,daily,27,Week 4,era5,0.5390242575415882,1.7152622614589406,0.23310471196635188,0.68574819743127,-1.312369634207116,1.3669258219707825,1.2309305478460308,1.1104816793788455
JFM2026,TP,FuXi,east_northeast_india,2026-01-01,daily,28,Week 4,era5,0.9648989529555593,1.4930414999632815,0.9049977390040242,0.3537360127101028,-0.06618935205015863,2.65471786171734,1.886632837280392,1.4071195037313955
JFM2026,TP,FuXi,east_northeast_india,2026-01-01,daily,29,Week 5,era5,0.5920791856961315,1.5775012711707426,0.4117881373880286,0.6246727679295498,-0.4378247742921606,1.728965210530269,1.0722054519553037,1.6125316350306558
JFM2026,TP,FuXi,east_northeast_india,2026-01-01,daily,30,Week 5,era5,0.6137481970742905,1.7314885628923182,0.1942090521318198,0.6455372503015143,-2.1602450572577205,1.4225224563472016,1.5401882814640517,0.9236029604088398
JFM2026,TP,FuXi,east_northeast_india,2026-01-01,daily,31,Week 5,era5,0.9377861948549173,1.7657770637265577,0.2529100020488365,0.46891019590220495,-2.707983817396958,2.3571196130386376,1.9000873987217575,1.2405322063734219
JFM2026,TP,FuXi,east_northeast_india,2026-01-01,daily,32,Week 5,era5,0.48915861482584794,1.7372207495825605,0.1813701387522435,0.7184246072680236,-1.6970184738847873,1.5257887600076272,0.8623417484947696,1.7693550876678696
JFM2026,TP,FuXi,east_northeast_india,2026-01-01,daily,33,Week 5,era5,0.5957000336949072,1.7416520428074083,0.17046303728270268,0.6579684006601658,-2.494599434521248,1.8168804345525182,0.9694104686855282,1.8742116917884297
JFM2026,TP,FuXi,east_northeast_india,2026-01-01,daily,34,Week 5,era5,0.8814674575449644,1.697282179383049,0.23076731118149246,0.48065945176813674,-2.8197240893087896,2.7831974725316204,1.6262661334705109,1.711403450671494
JFM2026,TP,FuXi,east_northeast_india,2026-01-01,daily,35,Week 5,era5,0.612362982064205,1.6491488959752216,0.24615851771189107,0.6286793851309072,-1.4876774029852062,1.867911530776986,1.0309188960368874,1.8118898954687026
JFM2026,TP,FuXi,east_northeast_india,2026-01-01,daily,36,Week 6,era5,0.7452577565527658,1.7395890714309397,0.26487001111552283,0.5715897686459155,-1.8136735956405512,1.9977619431730085,1.8007867805653144,1.109382834621797
JFM2026,TP,FuXi,east_northeast_india,2026-01-01,daily,37,Week 6,era5,1.0063086095194063,1.7249278771367753,0.65935497655445,0.41660829831923885,-0.5262015838236487,1.129611619537312,2.2186132831112513,0.5091521033143784
JFM2026,TP,FuXi,east_northeast_india,2026-01-01,daily,38,Week 6,era5,0.7625481646414691,1.6475960602319917,0.25118247811234734,0.537175292508227,-2.035833432220544,2.119328748184853,1.3110730741689025,1.6164840770056306
JFM2026,TP,FuXi,east_northeast_india,2026-01-01,daily,39,Week 6,era5,0.6208442690849293,1.8495995841331276,0.21646113208218684,0.6643358517103543,-1.8681558814411292,1.5216107828897447,1.4066494974240327,1.081727029850889
JFM2026,TP,FuXi,east_northeast_india,2026-01-01,daily,40,Week 6,era5,0.6653832578831803,1.8557589048953274,0.21706622455351945,0.6414495136582892,-2.065346804883155,1.5444141563001752,1.55981227410996,0.990128223719376
JFM2026,TP,FuXi,east_northeast_india,2026-01-01,daily,41,Week 6,era5,0.53919118053021,1.8513400169434522,0.17424047447248256,0.7087562654101701,-2.0945231420117794,1.4067311972150176,1.1903408298983007,1.1817885784319477
JFM2026,TP,FuXi,east_northeast_india,2026-01-01,daily,42,Week 6,era5,1.0408940769281554,1.8296957033442627,0.5083849928727119,0.431110826228842,-1.0474524061900699,2.1702430284651015,1.8421024001032547,1.1781337608286346
JFM2026,TP,FuXi,east_northeast_india,2026-01-01,weekly,1,Week 1,era5,0.2865875799776075,1.5433319698062222,0.14712474689853672,0.8143059396264622,-0.9479223313481726,0.05695449732722156,0.4981248586122554,0.11433779371279164
JFM2026,TP,FuXi,east_northeast_india,2026-01-01,weekly,2,Week 2,era5,0.1226591823635138,1.6022229973184348,0.2544769675651301,0.9234443753654749,0.5179949543680382,0.09094089655189327,0.28523715083551676,0.3188255677267466
JFM2026,TP,FuXi,east_northeast_india,2026-01-01,weekly,3,Week 3,era5,0.5145750194334183,1.6224011089559613,0.16851563879380205,0.6828311959398531,-2.0535742742729006,0.4941051907831407,0.9220533108446061,0.5358748620842081
JFM2026,TP,FuXi,east_northeast_india,2026-01-01,weekly,4,Week 4,era5,0.536500022193942,1.6243737092441575,0.13263385289295662,0.6697188466294604,-3.044970499552096,1.2163050358007619,0.9831814921629028,1.2371114036382134
JFM2026,TP,FuXi,east_northeast_india,2026-01-01,weekly,5,Week 5,era5,0.5590185850574857,1.6917391440174168,0.11326048181927649,0.6695598213032006,-3.9356896251728903,0.8873301345108477,1.1160647899212666,0.7950525296774617
JFM2026,TP,FuXi,east_northeast_india,2026-01-01,weekly,6,Week 6,era5,0.6835995800008692,1.752979699137839,0.23388844329955502,0.6100356550979562,-1.9227591169408145,0.9540276798854844,1.3507390534626034,0.706300508184646
JFM2026,TP,FuXi,northwest_india,2026-01-01,daily,1,Week 1,era5,0.3617299287508794,0.7358940295200223,0.3856325529959209,0.5084483441361615,0.061982900715579214,0.07332826078304452,0.6183965461557989,0.1185780568130311
JFM2026,TP,FuXi,northwest_india,2026-01-01,daily,2,Week 1,era5,0.11138131710944414,0.7176620624166454,0.3057627935010931,0.8447997700555883,0.635726388308766,0.05020086235574083,0.2607424693519881,0.192530440018087
JFM2026,TP,FuXi,northwest_india,2026-01-01,daily,3,Week 1,era5,0.20213498269519142,0.7110460615729588,0.37843914447983434,0.7157216759656424,0.4658718960666014,0.05000000000000001,0.5729613016308757,0.08726592853248576
JFM2026,TP,FuXi,northwest_india,2026-01-01,daily,4,Week 1,era5,0.03189345227035767,0.7498872876359088,0.34778276289989185,0.9574690052809072,0.9082949022417822,0.05192974481419278,0.06001054043406002,0.8653437285947047
JFM2026,TP,FuXi,northwest_india,2026-01-01,daily,5,Week 1,era5,0.06424011244340708,0.7486293641408663,0.37023892563052896,0.9141896971712703,0.8264901176071531,0.057364259850362635,0.21805815913147988,0.2630686238884297
JFM2026,TP,FuXi,northwest_india,2026-01-01,daily,6,Week 1,era5,0.0379059305756529,0.7700639464986597,0.3748438947231468,0.9507756066908414,0.8988754222510424,0.060313907800300263,0.0950632533091585,0.6344608005803389
JFM2026,TP,FuXi,northwest_india,2026-01-01,daily,7,Week 1,era5,0.05595222532000542,0.7766846255520204,0.38615511045233203,0.9279601739506071,0.8551042733722611,0.08854902350010325,0.1453590537062342,0.6091744631129609
JFM2026,TP,FuXi,northwest_india,2026-01-01,daily,8,Week 2,era5,0.07530684179514131,0.7847671189993616,0.4217790713122175,0.9040392493875593,0.8214542946361694,0.05344778371243816,0.26580863656594134,0.20107617420918125
JFM2026,TP,FuXi,northwest_india,2026-01-01,daily,9,Week 2,era5,0.01651274453527476,0.7871033985220862,0.38257369802546926,0.9790208699819107,0.9568377423212835,0.05000000000000001,0.025440853170757307,1.9653428941397268
JFM2026,TP,FuXi,northwest_india,2026-01-01,daily,10,Week 2,era5,0.013393959662780262,0.7918635451612491,0.3806564034315209,0.9830855205488052,0.9648135180650131,0.05000000000000001,0.015242414692972814,3.280320146587498
JFM2026,TP,FuXi,northwest_india,2026-01-01,daily,11,Week 2,era5,0.10530821053666135,0.78071336463932,0.31785872616748784,0.8651128374300183,0.6686949205189611,0.05240960853782404,0.3884128192486664,0.13493274665651753
JFM2026,TP,FuXi,northwest_india,2026-01-01,daily,12,Week 2,era5,0.035968942284148604,0.8046533743572691,0.3803240005418479,0.9552988362064853,0.9054255260438373,0.06300336001368821,0.08483109898655776,0.742691781273182
JFM2026,TP,FuXi,northwest_india,2026-01-01,daily,13,Week 2,era5,0.0334438729147705,0.8120174678631327,0.38146529801679624,0.9588138503931697,0.9123278759859883,0.0763137452989111,0.07458933874250619,1.023118673331558
JFM2026,TP,FuXi,northwest_india,2026-01-01,daily,14,Week 2,era5,0.07090051017373494,0.7941744666311419,0.31415358885174677,0.9107242638075582,0.7743125888426701,0.11912063663188381,0.18562593367063596,0.6417241075982661
JFM2026,TP,FuXi,northwest_india,2026-01-01,daily,15,Week 3,era5,1.104188676878858,1.1421925488923645,0.8901231567725476,0.033272736764357824,-0.2404897777095023,0.29228327846325797,2.720655542434442,0.10743119586602387
JFM2026,TP,FuXi,northwest_india,2026-01-01,daily,16,Week 3,era5,0.36095919903954216,0.8121681741003225,0.392763036971754,0.555561014885379,0.0809746206705777,0.5924080159150027,0.9736888317403757,0.608416155761107
JFM2026,TP,FuXi,northwest_india,2026-01-01,daily,17,Week 3,era5,0.5447781075628503,0.7953657696184399,0.36285051001161883,0.3150596513297319,-0.501384433896499,1.7411713075623465,1.0801124535529671,1.6120278049150019
JFM2026,TP,FuXi,northwest_india,2026-01-01,daily,18,Week 3,era5,0.5471150149301801,0.8514298631653161,0.35385392522650816,0.3574162258107798,-0.5461606497086675,1.0877564526206358,1.3541259907396088,0.8032904323965565
JFM2026,TP,FuXi,northwest_india,2026-01-01,daily,19,Week 3,era5,0.4524977041123338,0.7954788384766577,0.2192076684804951,0.43116311556588094,-1.064242128247428,1.064707503456452,0.8365189291762806,1.272783515496617
JFM2026,TP,FuXi,northwest_india,2026-01-01,daily,20,Week 3,era5,0.36039849661266926,0.8417810792063133,0.30937467354847853,0.5718619656401915,-0.16492566272137132,0.9678072369419083,0.623198160522431,1.552968699603653
JFM2026,TP,FuXi,northwest_india,2026-01-01,daily,21,Week 3,era5,3.3116651304346254,2.7583181141370394,3.2224659042057415,-0.20061029707253497,-0.027680425140407916,2.206767414897471,7.0388742103017625,0.31351141517314673
JFM2026,TP,FuXi,northwest_india,2026-01-01,daily,22,Week 4,era5,10.385910734415503,10.458871283693174,12.358408395825293,0.006975948675401189,0.15960774221347995,3.836941051007565,19.320395728265247,0.19859536548696144
JFM2026,TP,FuXi,northwest_india,2026-01-01,daily,23,Week 4,era5,0.8943787890547514,0.7864010701970512,0.49731412895483634,-0.13730616977752064,-0.7984182169414586,2.479685179842329,1.9039854756749166,1.3023655965460246
JFM2026,TP,FuXi,northwest_india,2026-01-01,daily,24,Week 4,era5,0.9941798477692457,0.8034999135700982,0.2502055370160619,-0.2373117046794957,-2.973452624693212,2.8313615002372763,2.078449974350732,1.3622466430166256
JFM2026,TP,FuXi,northwest_india,2026-01-01,daily,25,Week 4,era5,1.3580932782285637,0.9322053487281208,1.1761920160019483,-0.4568606370704851,-0.15465269254668534,2.884759619499012,2.706496342672891,1.0658649612842526
JFM2026,TP,FuXi,northwest_india,2026-01-01,daily,26,Week 4,era5,8.40392233700749,7.451606970822039,9.436218713379697,-0.12779999937119535,0.10939724986540478,1.597307063290358,13.96818482589005,0.11435323080274161
JFM2026,TP,FuXi,northwest_india,2026-01-01,daily,27,Week 4,era5,0.9955890902414302,1.276989395801889,1.2534912918571246,0.22036228843055716,0.20574710274500307,1.6886453867532354,2.5742011722528804,0.6559881197145803
JFM2026,TP,FuXi,northwest_india,2026-01-01,daily,28,Week 4,era5,0.9290180022672091,0.8959396985199141,0.3469271658950622,-0.03692023447776682,-1.6778473800700189,2.8739696186469668,1.8552797816760742,1.5490761269713187
JFM2026,TP,FuXi,northwest_india,2026-01-01,daily,29,Week 5,era5,0.3589113151574246,0.8396511250228843,0.20774862457213192,0.5725470919274447,-0.7276230631929301,0.9322474927302061,0.7472673926785283,1.247542047015633
JFM2026,TP,FuXi,northwest_india,2026-01-01,daily,30,Week 5,era5,0.6962757251160389,0.8866338621985638,0.5956267025266375,0.2146975715663494,-0.1689800376014876,1.3697963087477987,1.1958804591630257,1.1454291256723883
JFM2026,TP,FuXi,northwest_india,2026-01-01,daily,31,Week 5,era5,1.090089729509733,1.0181077113768013,1.7678187463424089,-0.07070177087215002,0.38337019461689004,2.4139369514029028,2.2383260656749964,1.0784563466515986
JFM2026,TP,FuXi,northwest_india,2026-01-01,daily,32,Week 5,era5,1.1223591820888628,0.9897726030154625,0.5439232163291583,-0.13395660646643393,-1.0634515100558986,3.030491062555483,1.9287326089994423,1.5712344201654753
JFM2026,TP,FuXi,northwest_india,2026-01-01,daily,33,Week 5,era5,0.7244397083789622,0.7895706877872815,0.8631871442809825,0.08248910504877582,0.1607385337250291,2.079547765796043,1.2129520327199879,1.7144517752550814
JFM2026,TP,FuXi,northwest_india,2026-01-01,daily,34,Week 5,era5,0.9239687431445572,0.9485839933091947,0.3726861150664876,0.025949468194973124,-1.4792142926487086,2.6429121302428076,2.018272968913654,1.309491912615452
JFM2026,TP,FuXi,northwest_india,2026-01-01,daily,35,Week 5,era5,0.3794494861807635,0.9590980603397022,0.36497964232575975,0.6043684145848793,-0.03964561903452357,1.054306178312777,0.863202694220294,1.2213888874212808
JFM2026,TP,FuXi,northwest_india,2026-01-01,daily,36,Week 6,era5,0.3829189422072388,0.9273638033410405,0.2676504084763749,0.5870887554294382,-0.43066825261743813,0.7637302027785479,0.9429295075897359,0.8099547173263807
JFM2026,TP,FuXi,northwest_india,2026-01-01,daily,37,Week 6,era5,0.47708708337607175,0.9770338160789128,0.3734660536272769,0.5116984944382534,-0.27745769325586345,1.4522511579106152,0.960474626157491,1.5120140796644914
JFM2026,TP,FuXi,northwest_india,2026-01-01,daily,38,Week 6,era5,0.3236384163609677,0.9870127548278403,0.38196162847304954,0.6721031062892209,0.1526939036919438,1.0512229411735325,0.6620031056171453,1.5879426127367504
JFM2026,TP,FuXi,northwest_india,2026-01-01,daily,39,Week 6,era5,0.632974470573127,0.9043967331053896,0.25250104810295504,0.3001141563175391,-1.506819180865488,1.963915159145138,0.9717915653456687,2.0209222112836187
JFM2026,TP,FuXi,northwest_india,2026-01-01,daily,40,Week 6,era5,1.372601061125818,0.9086195488166205,0.7587131147339287,-0.5106444307889737,-0.8091173520931851,3.3503161078852473,2.400411577791542,1.3957256909115765
JFM2026,TP,FuXi,northwest_india,2026-01-01,daily,41,Week 6,era5,0.9288890098605466,0.9889359827679133,0.36769496175656724,0.06071876638496099,-1.5262489467438454,2.838616190137336,1.8689309878202494,1.5188448415893832
JFM2026,TP,FuXi,northwest_india,2026-01-01,daily,42,Week 6,era5,1.6433257093902447,0.9760433737267743,0.33523438410954437,-0.683660535612902,-3.9020201604775,4.780211789187239,2.9433848309231205,1.6240526005863944
JFM2026,TP,FuXi,northwest_india,2026-01-01,weekly,1,Week 1,era5,0.05229153012326917,0.7390443549358419,0.3315613219333261,0.9292443954492979,0.8422870019387108,0.05379250033528639,0.10058126581475534,0.5348162990348347
JFM2026,TP,FuXi,northwest_india,2026-01-01,weekly,2,Week 2,era5,0.030635750404889438,0.7886716858336582,0.3596110493483778,0.9611552551522042,0.9148086510122477,0.0517938655953485,0.0636053101162554,0.8143009679644925
JFM2026,TP,FuXi,northwest_india,2026-01-01,weekly,3,Week 3,era5,0.7064165169202917,0.8153818638670695,0.5218676674766646,0.13363719721455836,-0.35363150650040853,0.6138158340874338,1.4915009072299479,0.4115423806395315
JFM2026,TP,FuXi,northwest_india,2026-01-01,weekly,4,Week 4,era5,2.1452648552740374,1.7483289801480308,3.33811090057275,-0.22703729082635116,0.3573416464665824,1.4717306567805584,4.006160128938746,0.367366907315916
JFM2026,TP,FuXi,northwest_india,2026-01-01,weekly,5,Week 5,era5,0.4523355484609405,0.7639443088377614,0.523670686119636,0.40789460275041745,0.13622136879053515,1.1734179630091375,0.797093079522109,1.4721216293994814
JFM2026,TP,FuXi,northwest_india,2026-01-01,weekly,6,Week 6,era5,0.5859920071437921,0.8880166716889573,0.1988930607093344,0.34011148008148473,-1.9462667277274717,1.4410369968192214,1.1281834629373018,1.2773073211580184
JFM2026,TP,FuXi,south_peninsula,2026-01-01,daily,1,Week 1,era5,1.8881674235745787,0.43547285243804223,0.25795048944649496,-3.335901567694674,-6.319883081540845,0.1532617844760937,3.7571157159042996,0.04079240461700955
JFM2026,TP,FuXi,south_peninsula,2026-01-01,daily,2,Week 1,era5,0.4732061323470189,0.41790709507305923,0.074086004230251,-0.13232375790196205,-5.387254074013052,0.07835970632181388,0.6762610503910926,0.11587197913660295
JFM2026,TP,FuXi,south_peninsula,2026-01-01,daily,3,Week 1,era5,0.15078769189151822,0.4260184449648488,0.09942085867700377,0.6460536071297104,-0.5166605267551938,0.060977026367890055,0.2520935009942372,0.24188257978647365
JFM2026,TP,FuXi,south_peninsula,2026-01-01,daily,4,Week 1,era5,0.08465628038167923,0.4218068899636776,0.10945198569964623,0.7993008592416091,0.2265441340279598,0.06302376134054587,0.20885321578481203,0.30176102916931485
JFM2026,TP,FuXi,south_peninsula,2026-01-01,daily,5,Week 1,era5,0.10029046840541148,0.38954517468737404,0.12052502119803497,0.7425447036126203,0.16788673913092333,0.07546897581855214,0.2609791042260027,0.2891763156378892
JFM2026,TP,FuXi,south_peninsula,2026-01-01,daily,6,Week 1,era5,0.02323389141305895,0.41530691011999743,0.1002108788957983,0.9440560923815454,0.7681500085712439,0.05172226260757551,0.04213259374370598,1.2276068955593813
JFM2026,TP,FuXi,south_peninsula,2026-01-01,daily,7,Week 1,era5,0.029865434951412508,0.412947560104035,0.10315855122975426,0.9276774151568097,0.7104899730038245,0.054806277449973816,0.06185899579715955,0.8859871833304223
JFM2026,TP,FuXi,south_peninsula,2026-01-01,daily,8,Week 2,era5,0.7917996884789649,0.9284852072655951,0.9537696662714438,0.14721345877891956,0.1698208524765371,0.1723626926732869,2.961542530673157,0.05820030976698787
JFM2026,TP,FuXi,south_peninsula,2026-01-01,daily,9,Week 2,era5,2.850172637054755,2.9249639798905727,3.389325605671008,0.025570004741944152,0.1590738192028952,0.3163409241086352,5.03778886050335,0.06279360506526428
JFM2026,TP,FuXi,south_peninsula,2026-01-01,daily,10,Week 2,era5,1.2427722751384644,1.2884064314803994,1.4574665008288716,0.035419069035149575,0.14730645649029261,0.22336371844477454,2.495478439988146,0.08950737256052414
JFM2026,TP,FuXi,south_peninsula,2026-01-01,daily,11,Week 2,era5,0.511334648886418,0.7384895163723854,0.7903646842248744,0.3075938959862281,0.35303960425826264,0.67599063796934,1.5259254453783209,0.4430037129381131
JFM2026,TP,FuXi,south_peninsula,2026-01-01,daily,12,Week 2,era5,2.494007956481,2.4396441677315965,2.77217278694885,-0.022283490956778174,0.10034180833800332,1.4601419606861499,6.301095539639542,0.23172826875906696
JFM2026,TP,FuXi,south_peninsula,2026-01-01,daily,13,Week 2,era5,1.6032858807581347,0.38789629681515764,0.1458563203587864,-3.133284833915651,-9.992227671823017,1.6852721785710385,4.396117948412005,0.38335463205208214
JFM2026,TP,FuXi,south_peninsula,2026-01-01,daily,14,Week 2,era5,0.6179372189319497,0.3858164606481882,0.09301103562986825,-0.6016351865697713,-5.643697866035954,1.3426031530047324,1.6453481866444168,0.8159994121018763
JFM2026,TP,FuXi,south_peninsula,2026-01-01,daily,15,Week 3,era5,0.39799562808037775,0.38637498069484044,0.0972344652662745,-0.03007608661575145,-3.093153872862624,0.9289760223481557,0.9090519542626437,1.021917414062074
JFM2026,TP,FuXi,south_peninsula,2026-01-01,daily,16,Week 3,era5,0.3583534809188448,0.38551998361738826,0.10297744203845613,0.0704671712310121,-2.4799221443568236,0.8221914018668003,0.7164505598772428,1.1475898658068955
JFM2026,TP,FuXi,south_peninsula,2026-01-01,daily,17,Week 3,era5,0.4032939443488103,0.3967277778597399,0.21309340262679716,-0.016550811048556824,-0.8925688894044381,0.8176975645925668,0.8178067626866937,0.9998664744544687
JFM2026,TP,FuXi,south_peninsula,2026-01-01,daily,18,Week 3,era5,0.32754049696376153,0.38020931744631464,0.12043798915853463,0.13852585422236507,-1.7195779276305774,0.6668845064479998,0.6414501434924474,1.0396513481423078
JFM2026,TP,FuXi,south_peninsula,2026-01-01,daily,19,Week 3,era5,0.32314521868558216,0.3788685754138907,0.11482956721432337,0.1470783283291156,-1.8141290307438722,0.6759216127353853,0.6109495902784491,1.1063459628924939
JFM2026,TP,FuXi,south_peninsula,2026-01-01,daily,20,Week 3,era5,0.3895616006780989,0.38072915932963985,0.10326788217716755,-0.023198752005259005,-2.7723403682256467,0.868034460022309,0.742274515094178,1.169425114793514
JFM2026,TP,FuXi,south_peninsula,2026-01-01,daily,21,Week 3,era5,0.4193374841977204,0.3780335309989031,0.11388536280032897,-0.10926002539953839,-2.6821016668571307,0.8649492533026429,0.7596037751850512,1.1386847742981898
JFM2026,TP,FuXi,south_peninsula,2026-01-01,daily,22,Week 4,era5,0.39315313651046824,0.41159454165948894,0.1802487790804529,0.044804785492702726,-1.181169484288084,0.8399773252065608,0.717109284645734,1.1713379580931322
JFM2026,TP,FuXi,south_peninsula,2026-01-01,daily,23,Week 4,era5,1.404665772923336,1.383811149752632,1.296880462237362,-0.01507042574012507,-0.08311121481468242,0.7332705154540212,5.162455995361295,0.14203908296998533
JFM2026,TP,FuXi,south_peninsula,2026-01-01,daily,24,Week 4,era5,1.0678802344064908,1.0512332308167625,0.8979614679657543,-0.015835690027411253,-0.18922723580296963,0.8088829367258531,3.7873874906024816,0.2135727962171569
JFM2026,TP,FuXi,south_peninsula,2026-01-01,daily,25,Week 4,era5,0.5950036091947166,0.3837789572643347,0.20307476199150426,-0.5503810147279573,-1.9299731948946413,1.9247841847088498,0.9948100284234234,1.9348258760109718
JFM2026,TP,FuXi,south_peninsula,2026-01-01,daily,26,Week 4,era5,0.40160760833495235,0.37605986123367247,0.09941074952204253,-0.06793532023723547,-3.03988110205228,1.3021855254494428,0.7576935837885522,1.7186175959658656
JFM2026,TP,FuXi,south_peninsula,2026-01-01,daily,27,Week 4,era5,0.13055150765463633,0.37758653255947383,0.1072205435023529,0.6542474468840513,-0.2175978911333485,0.3322437826270057,0.2651311578768329,1.2531299047898026
JFM2026,TP,FuXi,south_peninsula,2026-01-01,daily,28,Week 4,era5,0.09394363155376334,0.3768391218227779,0.10738162587343467,0.7507062666440888,0.12514239945956873,0.24837322902851963,0.18090736724078038,1.3729304274156227
JFM2026,TP,FuXi,south_peninsula,2026-01-01,daily,29,Week 5,era5,0.10175129499204799,0.3768175805988771,0.10716905074535263,0.7299720070641758,0.0505533614007454,0.3004904515911727,0.188138523917863,1.597176619299724
JFM2026,TP,FuXi,south_peninsula,2026-01-01,daily,30,Week 5,era5,0.11088801377830035,0.3728447804045119,0.11073451761277987,0.7025893358142383,-0.0013861636717218406,0.265909499423234,0.23972943482502096,1.1092067172198605
JFM2026,TP,FuXi,south_peninsula,2026-01-01,daily,31,Week 5,era5,0.09594463633429083,0.36897939851697703,0.09565071503601107,0.7399729179463217,-0.003072860439873315,0.2028290264522054,0.21132360496266797,0.959802983145384
JFM2026,TP,FuXi,south_peninsula,2026-01-01,daily,32,Week 5,era5,0.18132177372893607,0.3736640309785277,0.19219215765899125,0.5147465137222277,0.05655997654879674,0.14814335513349303,0.6301918292346541,0.23507660407690137
JFM2026,TP,FuXi,south_peninsula,2026-01-01,daily,33,Week 5,era5,0.09360296195582722,0.37506639248686063,0.09982250070890122,0.7504362858660915,0.06230598020391409,0.26928587579435204,0.19624677581681554,1.372179872375147
JFM2026,TP,FuXi,south_peninsula,2026-01-01,daily,34,Week 5,era5,0.12147304116611211,0.37627460682205416,0.10718390596068239,0.6771691765435595,-0.1333141862797136,0.3592064025542244,0.239727570550792,1.4983942052594155
JFM2026,TP,FuXi,south_peninsula,2026-01-01,daily,35,Week 5,era5,0.11667487597007455,0.36823508769949204,0.06410705669574808,0.6831511176759718,-0.8200005113916429,0.2733136444998622,0.2266209116703894,1.206038941796269
JFM2026,TP,FuXi,south_peninsula,2026-01-01,daily,36,Week 6,era5,0.0677523416978286,0.37563200603811464,0.10319563043667304,0.8196310734741973,0.3434572625688309,0.16753979308754405,0.1376021338724176,1.2175668238029227
JFM2026,TP,FuXi,south_peninsula,2026-01-01,daily,37,Week 6,era5,0.09657480818849438,0.37646869429239277,0.10545390001470668,0.7434718752112561,0.08419879990189094,0.29495323318921435,0.22651337456718398,1.3021448899112624
JFM2026,TP,FuXi,south_peninsula,2026-01-01,daily,38,Week 6,era5,0.0740485047666063,0.3774703569526279,0.10723964012567692,0.8038296162792479,0.3095043523101446,0.21418374477098637,0.16939260488533164,1.2644220502776704
JFM2026,TP,FuXi,south_peninsula,2026-01-01,daily,39,Week 6,era5,0.11061233124700119,0.3677331760918107,0.10274090669939163,0.6992049169385115,-0.07661431848796574,0.19656265568671233,0.26250775386809905,0.7487879987936592
JFM2026,TP,FuXi,south_peninsula,2026-01-01,daily,40,Week 6,era5,0.12984214654329343,0.377799159057654,0.1040068901814835,0.6563196517769938,-0.24839946965753446,0.39736010537606953,0.24823581841130862,1.6007363801047956
JFM2026,TP,FuXi,south_peninsula,2026-01-01,daily,41,Week 6,era5,0.12804612200727425,0.3791186109461797,0.1077809058766142,0.6622531357990973,-0.1880223214477279,0.36228272090414004,0.2591831458121975,1.3977865719966525
JFM2026,TP,FuXi,south_peninsula,2026-01-01,daily,42,Week 6,era5,0.08546283054900171,0.3799290364583656,0.10779295853781858,0.7750558068799589,0.20715757589103057,0.2222502456635219,0.17340730115192637,1.2816660209064843
JFM2026,TP,FuXi,south_peninsula,2026-01-01,weekly,1,Week 1,era5,0.37322118750620736,0.4055722394529579,0.0705589682781362,0.07976643566725905,-4.289493265193559,0.058124673683073974,0.6999896540479517,0.0830364753920952
JFM2026,TP,FuXi,south_peninsula,2026-01-01,weekly,2,Week 2,era5,0.40712228679534607,0.8219294245895543,1.283394917582399,0.5046748849529872,0.6827770772520554,0.6244776368078355,0.8659975587776232,0.7211078489520236
JFM2026,TP,FuXi,south_peninsula,2026-01-01,weekly,3,Week 3,era5,0.3618642914276462,0.3791326374856738,0.09142756796634252,0.045546978420395345,-2.957934127273956,0.5166530270145143,0.6679045391789094,0.7735432186905983
JFM2026,TP,FuXi,south_peninsula,2026-01-01,weekly,4,Week 4,era5,0.5210733023930053,0.5208493311221843,0.35698328240117605,-0.00043001163184452906,-0.4596574351832692,0.7243295255519985,1.4064464723124779,0.5150068202461033
JFM2026,TP,FuXi,south_peninsula,2026-01-01,weekly,5,Week 5,era5,0.09658332774210766,0.3687333959695674,0.06333345180767394,0.7380673169346479,-0.524997058985579,0.19342129422028584,0.19216500508238296,1.0065375542095414
JFM2026,TP,FuXi,south_peninsula,2026-01-01,weekly,6,Week 6,era5,0.08505091181428748,0.37578553315756336,0.09767475673191968,0.7736716709138816,0.1292436791245858,0.20174169802184877,0.1824519460188185,1.1057251096737586
JFM2026,TP,SPIRE,All India,2026-01-01,daily,1,Week 1,era5,0.6309931660122043,0.6266074970471999,0.21448231975235885,-0.006999068772192141,-1.9419355718492257,0.20604450881230457,1.6351555872368204,0.12600911523073494
JFM2026,TP,SPIRE,All India,2026-01-01,daily,2,Week 1,era5,0.16465460534643475,0.6214193886632934,0.18217032628107804,0.7350346507523435,0.09615024187648191,0.14501037329680275,0.4944633506758071,0.29326819287740946
JFM2026,TP,SPIRE,All India,2026-01-01,daily,3,Week 1,era5,0.13913593053617201,0.6202641626051653,0.17628362485071236,0.7756827833615462,0.21072685761935783,0.17596398223710746,0.4471458558030732,0.3935270336366563
JFM2026,TP,SPIRE,All India,2026-01-01,daily,4,Week 1,era5,0.08901110528897137,0.6343934251931344,0.16080023773006033,0.8596910028475265,0.4464491685740123,0.18129186175530818,0.21050019574071527,0.8612431979807533
JFM2026,TP,SPIRE,All India,2026-01-01,daily,5,Week 1,era5,0.11570208326373228,0.631077350140343,0.17659442678451825,0.816659426553652,0.34481463899813347,0.29489330945257825,0.2707607538647716,1.08912870585321
JFM2026,TP,SPIRE,All India,2026-01-01,daily,6,Week 1,era5,0.16678683440338435,0.6433139603165527,0.17194618090839767,0.7407380459747612,0.030005589410339373,0.47170712506029683,0.38118036319895715,1.2374906228159746
JFM2026,TP,SPIRE,All India,2026-01-01,daily,7,Week 1,era5,0.140996039148375,0.6499290078802861,0.1944329069810791,0.7830593227278358,0.27483448487402506,0.37363293047681023,0.3134190197756185,1.192119517010486
JFM2026,TP,SPIRE,All India,2026-01-01,daily,8,Week 2,era5,0.22666837026730216,0.7483999167076134,0.3611765030169616,0.6971293486182235,0.37241662075492943,0.523161137339846,1.129874491476311,0.46302588587186866
JFM2026,TP,SPIRE,All India,2026-01-01,daily,9,Week 2,era5,0.541643497983342,1.1194008636981647,0.8004797096156212,0.5161308914896543,0.32335137108793,0.8234220986753095,2.1778457100295907,0.3780901901742716
JFM2026,TP,SPIRE,All India,2026-01-01,daily,10,Week 2,era5,0.35535213505865376,0.8131914999189471,0.42857442737474605,0.5630154335183377,0.17085081992553564,1.0295107318272834,1.0374420689944714,0.9923549107904642
JFM2026,TP,SPIRE,All India,2026-01-01,daily,11,Week 2,era5,0.33099763404088545,0.7159258931101865,0.30047252293417254,0.5376649493665647,-0.10159035777591008,0.9553255395419722,0.7681763390237567,1.2436279158976122
JFM2026,TP,SPIRE,All India,2026-01-01,daily,12,Week 2,era5,0.6296654167053918,1.0390080577467953,0.6874027876286513,0.39397446245903867,0.0839935071000183,0.7085186342336882,3.2852214542121434,0.21566845465630993
JFM2026,TP,SPIRE,All India,2026-01-01,daily,13,Week 2,era5,0.22968514118358413,0.6593008056489997,0.19537018676811602,0.6516231449808595,-0.175640690031158,0.8191524660135938,0.4157752929748448,1.9701807198609902
JFM2026,TP,SPIRE,All India,2026-01-01,daily,14,Week 2,era5,0.2510950367219557,0.6560186500988661,0.1663324173462853,0.6172440574911793,-0.5095977123882245,0.9061348043438745,0.3821690057088712,2.371031639949761
JFM2026,TP,SPIRE,All India,2026-01-01,daily,15,Week 3,era5,0.6405692921011005,0.7728775397127993,0.3572914415811891,0.1711891481034168,-0.7928481277532666,1.3279637603833978,1.5723655036467248,0.8445642932915434
JFM2026,TP,SPIRE,All India,2026-01-01,daily,16,Week 3,era5,0.44394000507332704,0.6656365234739077,0.19289569637830495,0.33305942595151317,-1.3014510609022438,1.3365606448145584,0.7882266938768179,1.6956551398187394
JFM2026,TP,SPIRE,All India,2026-01-01,daily,17,Week 3,era5,0.4399658943470336,0.661528461605532,0.1991505715296234,0.33492522259853374,-1.2092123109051145,1.4806412668336804,0.6592301432223863,2.246015723122353
JFM2026,TP,SPIRE,All India,2026-01-01,daily,18,Week 3,era5,0.5209748245338612,0.6740159085867402,0.19000222226761154,0.2270585636083453,-1.7419406905677466,1.587401430231857,0.9530353311811883,1.6656270531591288
JFM2026,TP,SPIRE,All India,2026-01-01,daily,19,Week 3,era5,0.41343802616771763,0.6515047008488376,0.12265214035517427,0.3654105248526155,-2.370817867266644,1.4226368227086048,0.593628739949112,2.396509344932589
JFM2026,TP,SPIRE,All India,2026-01-01,daily,20,Week 3,era5,0.44827210866008393,0.6705975363107218,0.155150265393883,0.33153332008011327,-1.8892770987020024,1.52866862640872,0.7172581154169404,2.131267103921311
JFM2026,TP,SPIRE,All India,2026-01-01,daily,21,Week 3,era5,1.1599151860092578,1.3046582376306861,1.113756702488715,0.1109432703880272,-0.04144395577364479,1.6106732545983327,3.787199816291578,0.42529397252017775
JFM2026,TP,SPIRE,All India,2026-01-01,daily,22,Week 4,era5,3.7341747656825697,3.8167478153487977,4.1042082837538505,0.02163440019122198,0.09015953686756739,1.9516582495779993,11.24979126433578,0.17348395216586543
JFM2026,TP,SPIRE,All India,2026-01-01,daily,23,Week 4,era5,0.6495547393366295,0.8485784208138628,0.4380500205922183,0.23453775938156862,-0.48283234517023677,1.5181269010700043,2.3661333946482226,0.6416066416643036
JFM2026,TP,SPIRE,All India,2026-01-01,daily,24,Week 4,era5,0.7602055048963432,0.7852000193045188,0.2952987608426736,0.03183203488751074,-1.574360633031434,2.2949182068827034,1.8730920805202533,1.2252030910542782
JFM2026,TP,SPIRE,All India,2026-01-01,daily,25,Week 4,era5,0.6901223107422865,0.7074999456462927,0.44950008206608005,0.02456203001984969,-0.5353107558294796,2.2692986751333164,1.2836972849362593,1.7677833409501962
JFM2026,TP,SPIRE,All India,2026-01-01,daily,26,Week 4,era5,3.0182654964498536,3.1636041057689117,3.5333862348030642,0.04594083344816424,0.14578670547798778,1.9715760522703731,8.19340945659699,0.24062950383651857
JFM2026,TP,SPIRE,All India,2026-01-01,daily,27,Week 4,era5,0.7865329439424655,0.8328084171254592,0.5090079503780803,0.055565568540624444,-0.545227227508422,2.3930783064607666,1.648491856986803,1.4516773597140822
JFM2026,TP,SPIRE,All India,2026-01-01,daily,28,Week 4,era5,0.5138645551072477,0.673354607115795,0.27413282906042485,0.2368589303809726,-0.8745093641957811,1.7228084144805353,0.9383073056626599,1.8360812114362022
JFM2026,TP,SPIRE,All India,2026-01-01,daily,29,Week 5,era5,0.5367188863675867,0.6684234747140648,0.15588105078112244,0.19703764653510725,-2.4431310520302487,1.9442660049095957,0.8019009787354543,2.4245711833094115
JFM2026,TP,SPIRE,All India,2026-01-01,daily,30,Week 5,era5,0.690227247564033,0.7090411152932883,0.2674678541332314,0.026534240854951152,-1.5805988902883867,2.445430219977677,1.0643020637547251,2.297684372940614
JFM2026,TP,SPIRE,All India,2026-01-01,daily,31,Week 5,era5,0.8992188500863388,0.7895986295103918,0.6857333113994102,-0.1388303075499504,-0.3113244393090049,2.7582553349735317,1.6321944744928458,1.6899060608758492
JFM2026,TP,SPIRE,All India,2026-01-01,daily,32,Week 5,era5,0.7914748211411117,0.7488685930097584,0.26607941789518713,-0.056894131399095826,-1.9745811510038935,2.667340514723148,1.2376165691202268,2.1552236623813594
JFM2026,TP,SPIRE,All India,2026-01-01,daily,33,Week 5,era5,0.7510161275279617,0.691336765484413,0.3915457381459124,-0.08632458885899386,-0.9180801994787386,2.6880612259679677,1.0372264612700857,2.5915856626685283
JFM2026,TP,SPIRE,All India,2026-01-01,daily,34,Week 5,era5,0.6775460781720635,0.7201633750770037,0.19191018488514394,0.05917726224328379,-2.530537363494111,2.2870457209492736,1.1705468319983527,1.9538267572300705
JFM2026,TP,SPIRE,All India,2026-01-01,daily,35,Week 5,era5,0.6060994297924002,0.7181841996299051,0.17324308111329337,0.15606688353108367,-2.4985491247182203,2.016847907187971,1.1016983012970942,1.830671704597726
JFM2026,TP,SPIRE,All India,2026-01-01,daily,36,Week 6,era5,0.6255791784178836,0.7231102845146085,0.15159550706939964,0.13487722161522453,-3.1266340309907514,2.054940930805437,1.1876698908150174,1.7302290364499096
JFM2026,TP,SPIRE,All India,2026-01-01,daily,37,Week 6,era5,0.6305548736405089,0.7376822738425256,0.24519638644578162,0.14522160013958174,-1.5716319998865016,1.9832835926178085,1.3525073562963608,1.4663754569503669
JFM2026,TP,SPIRE,All India,2026-01-01,daily,38,Week 6,era5,0.579041450631189,0.7301308911506156,0.18749862914129892,0.2069347323208367,-2.088243648943286,1.8994025074055927,1.1492249017116414,1.6527683176518766
JFM2026,TP,SPIRE,All India,2026-01-01,daily,39,Week 6,era5,0.5878118343080149,0.7321111349983981,0.13937202745098207,0.1971002676946021,-3.2175739641496683,1.9308109403720832,1.1847443561946003,1.6297279073553466
JFM2026,TP,SPIRE,All India,2026-01-01,daily,40,Week 6,era5,0.6974038525047669,0.7368200797029278,0.3043801385388198,0.05349505026254553,-1.2912265427457315,2.3096841257509415,1.221789177900614,1.8904113471684572
JFM2026,TP,SPIRE,All India,2026-01-01,daily,41,Week 6,era5,0.6724410451875006,0.7630417694912227,0.17149321386260127,0.11873625786453657,-2.9210941940026496,2.2540731158806357,1.2605087338371042,1.7882249090167195
JFM2026,TP,SPIRE,All India,2026-01-01,daily,42,Week 6,era5,0.6398439465209121,0.7562215819081227,0.2107058396082789,0.15389356528752163,-2.036669262277873,2.1398540158714336,1.1664503496049292,1.8345007282960577
JFM2026,TP,SPIRE,All India,2026-01-01,weekly,1,Week 1,era5,0.14806477103386056,0.6271964125203621,0.15160829084522537,0.7639259917975797,0.023372862998517263,0.2629892005722318,0.37779711114380915,0.6961122592388603
JFM2026,TP,SPIRE,All India,2026-01-01,weekly,2,Week 2,era5,0.2661606712260559,0.7312262533120594,0.3993227933397195,0.6360077745834589,0.33346987533560946,0.8235053712179377,0.7195722178467597,1.1444374182235473
JFM2026,TP,SPIRE,All India,2026-01-01,weekly,3,Week 3,era5,0.4937785124801565,0.6635975244967515,0.2178651165994317,0.255906638809992,-1.2664413660495315,1.470649382782878,0.9124445306607326,1.6117685331709204
JFM2026,TP,SPIRE,All India,2026-01-01,weekly,4,Week 4,era5,0.9422619432617111,1.0057991433240256,1.239019102414872,0.06317086317287268,0.2395097529769925,2.0173521413078905,2.4791503911199433,0.8137272141834696
JFM2026,TP,SPIRE,All India,2026-01-01,weekly,5,Week 5,era5,0.6415228908671728,0.6595216429663898,0.22559250381573842,0.02729061629920493,-1.8437243260137843,2.401035297946994,0.8217346318273087,2.9219108030140597
JFM2026,TP,SPIRE,All India,2026-01-01,weekly,6,Week 6,era5,0.6001206486817257,0.7138515069336072,0.12358888822215189,0.15932005066490562,-3.8557815942401277,2.081721330918633,1.0493168698849225,1.9838824578765546
JFM2026,TP,SPIRE,central_india,2026-01-01,daily,1,Week 1,era5,0.101311922470132,0.24379125216879446,0.039563901555303545,0.5844316743572637,-1.5607161702319807,0.17669093411347325,0.20710056872815727,0.8531648908477887
JFM2026,TP,SPIRE,central_india,2026-01-01,daily,2,Week 1,era5,0.06634328619999645,0.23889352007662207,0.05481952516691893,0.7222893020341544,-0.21021271158385701,0.07464292459255774,0.15224880478517655,0.49026936334823185
JFM2026,TP,SPIRE,central_india,2026-01-01,daily,3,Week 1,era5,0.04222046580336745,0.23763099022855086,0.038021980400316416,0.822327610709528,-0.11042258606329969,0.09866431370218537,0.07940977467130282,1.2424706418143354
JFM2026,TP,SPIRE,central_india,2026-01-01,daily,4,Week 1,era5,0.05487410990408517,0.24041596871637014,0.024490256913470315,0.7717534729615956,-1.2406506431503748,0.1263715359151295,0.1036469043528581,1.219250461016251
JFM2026,TP,SPIRE,central_india,2026-01-01,daily,5,Week 1,era5,0.06415571947366874,0.24313508379275636,0.017483260560461688,0.7361313781915824,-2.6695511830760337,0.1738870659077658,0.11202202591039905,1.5522578215720682
JFM2026,TP,SPIRE,central_india,2026-01-01,daily,6,Week 1,era5,0.10269380164581433,0.2439966579631402,0.01749350529550344,0.5791179989796091,-4.870395893281087,0.2983641003164923,0.1865145837593283,1.5996824178718945
JFM2026,TP,SPIRE,central_india,2026-01-01,daily,7,Week 1,era5,0.09213408515576546,0.24484087059561024,0.01748827237705487,0.6236980985583158,-4.2683354404205245,0.26155853993641015,0.17011339761227592,1.537554029298485
JFM2026,TP,SPIRE,central_india,2026-01-01,daily,8,Week 2,era5,0.13321031027461178,0.24545306523335256,0.01749382859185829,0.4572880556697527,-6.614703069436068,0.38298045472920006,0.255310445872655,1.5000579134949494
JFM2026,TP,SPIRE,central_india,2026-01-01,daily,9,Week 2,era5,0.19936248888352695,0.2442520954126226,0.021843944365859583,0.18378391576646358,-8.126670785479352,0.7049168407555001,0.2793426341130523,2.5234846195021357
JFM2026,TP,SPIRE,central_india,2026-01-01,daily,10,Week 2,era5,0.279940685774559,0.24472536698049396,0.02335138162116892,-0.14389729691107944,-10.988185123949243,1.0436133277437023,0.33469457875822606,3.1181064587770906
JFM2026,TP,SPIRE,central_india,2026-01-01,daily,11,Week 2,era5,0.2025248795478731,0.24737680072871154,0.01750243172444462,0.1813101351812929,-10.571242369996991,0.7238258681048948,0.2600126174909186,2.7838105515405447
JFM2026,TP,SPIRE,central_india,2026-01-01,daily,12,Week 2,era5,0.15722200440224618,0.24720691738143136,0.024285544716028812,0.36400645229656625,-5.473892442629766,0.593496458430147,0.16791645623079507,3.5344746533621914
JFM2026,TP,SPIRE,central_india,2026-01-01,daily,13,Week 2,era5,0.140183767784023,0.2455538664900927,0.03455876388573232,0.4291119509222675,-3.0563883664223956,0.5253490516503134,0.1549189850555202,3.391121181577827
JFM2026,TP,SPIRE,central_india,2026-01-01,daily,14,Week 2,era5,0.23407950096915836,0.24973421967424705,0.017443549139247946,0.06268551712900494,-12.419258838929746,0.8776147420765212,0.2637885012148116,3.326963601653928
JFM2026,TP,SPIRE,central_india,2026-01-01,daily,15,Week 3,era5,0.34868972512402374,0.2507777574498462,0.017146022758363178,-0.39043322131054325,-19.336478613032643,1.2969492788677894,0.43226706621579297,3.0003425665103447
JFM2026,TP,SPIRE,central_india,2026-01-01,daily,16,Week 3,era5,0.3568739883509112,0.2519124242457923,0.01745803315765247,-0.4166589417706026,-19.441820973084866,1.3238406347691785,0.4232990380489475,3.1274359631691353
JFM2026,TP,SPIRE,central_india,2026-01-01,daily,17,Week 3,era5,0.4133031584237538,0.2520551746970598,0.024103467555093933,-0.6397328835660478,-16.147041498450623,1.529344334449968,0.47262046217186127,3.235882609530023
JFM2026,TP,SPIRE,central_india,2026-01-01,daily,18,Week 3,era5,0.44927439772503064,0.2530357614273639,0.019097392972171303,-0.775537161983322,-22.52543084701209,1.6971942459874108,0.47157257390022117,3.599009653912816
JFM2026,TP,SPIRE,central_india,2026-01-01,daily,19,Week 3,era5,0.3546579610657183,0.25513575217399864,0.01752793732369344,-0.390075510953271,-19.233867483443607,1.3022610867242232,0.44228742399966764,2.944377380093
JFM2026,TP,SPIRE,central_india,2026-01-01,daily,20,Week 3,era5,0.32920120386602075,0.25664593101902416,0.01748544444532378,-0.2827057205189758,-17.827156775763893,1.1869131076876105,0.42252592143270346,2.8090894486733933
JFM2026,TP,SPIRE,central_india,2026-01-01,daily,21,Week 3,era5,0.30350487695605544,0.2579586541442053,0.017345906104259866,-0.17656404264843406,-16.49720511178829,1.1157610942228422,0.35903774767150154,3.1076428633451045
JFM2026,TP,SPIRE,central_india,2026-01-01,daily,22,Week 4,era5,0.4087699074575562,0.25884720124643557,0.04073685045760181,-0.5791938467528057,-9.034401355671731,1.5327224208936185,0.47482186531063264,3.227994607811285
JFM2026,TP,SPIRE,central_india,2026-01-01,daily,23,Week 4,era5,0.3169138814895319,0.2583058127111229,0.0200793409523663,-0.2268941150153425,-14.783081837264405,1.1143138388446336,0.42554210725293307,2.6185748010650083
JFM2026,TP,SPIRE,central_india,2026-01-01,daily,24,Week 4,era5,0.46898326710765187,0.255017225551542,0.03232217303493904,-0.839025838718745,-13.509645332345038,1.7780706456711577,0.5246921818626353,3.388788145001668
JFM2026,TP,SPIRE,central_india,2026-01-01,daily,25,Week 4,era5,0.41300663271781807,0.26210304073080287,0.02870011342594443,-0.5757414777267049,-13.390418134879805,1.5050588495993518,0.5360823681589185,2.80751417877856
JFM2026,TP,SPIRE,central_india,2026-01-01,daily,26,Week 4,era5,1.1584803811798707,1.2110630513451737,1.1782074521975059,0.04341860657617902,0.01674329166806887,1.3582543224277435,4.376677241588389,0.31033915627162034
JFM2026,TP,SPIRE,central_india,2026-01-01,daily,27,Week 4,era5,0.43860471790855615,0.2699904547371105,0.136970355188999,-0.62451934952895,-2.2021871981228784,1.6440240440183909,0.499432844308361,3.2917819938236454
JFM2026,TP,SPIRE,central_india,2026-01-01,daily,28,Week 4,era5,0.3644061764918123,0.2633786862098959,0.01929137906747986,-0.383582634326773,-17.889586649930294,1.2973097394912478,0.4784594460373225,2.7114309273978687
JFM2026,TP,SPIRE,central_india,2026-01-01,daily,29,Week 5,era5,0.41736894112407724,0.26574293756085515,0.020846256791165075,-0.5705739725575951,-19.021289448039603,1.5604145506190767,0.46647804352256,3.3450975287834988
JFM2026,TP,SPIRE,central_india,2026-01-01,daily,30,Week 5,era5,0.5408941742272476,0.27494757089301036,0.07122520433018757,-0.9672629675194488,-6.594140014253338,2.0315367840262155,0.5994632375968517,3.3889263871631363
JFM2026,TP,SPIRE,central_india,2026-01-01,daily,31,Week 5,era5,0.6807387677032928,0.3730603697609839,0.16222524232419336,-0.8247415777222207,-3.1962567474110735,2.289951790447573,1.004847865991263,2.2789039693969793
JFM2026,TP,SPIRE,central_india,2026-01-01,daily,32,Week 5,era5,0.5990352166361029,0.2904252107679968,0.07782388465583819,-1.0626143820366751,-6.6973183655021336,2.204127980893492,0.7183977843983363,3.068116339945934
JFM2026,TP,SPIRE,central_india,2026-01-01,daily,33,Week 5,era5,0.49100768114744814,0.3100477295595365,0.19636207997961042,-0.5836519165774539,-1.5005218991285525,1.8214014968415277,0.5815142281956822,3.1321701319208612
JFM2026,TP,SPIRE,central_india,2026-01-01,daily,34,Week 5,era5,0.5006363935907181,0.2615140790924243,0.04826024198582256,-0.9143764470660993,-9.37368179251547,1.8585734729401953,0.5836055865390538,3.1846396193053286
JFM2026,TP,SPIRE,central_india,2026-01-01,daily,35,Week 5,era5,0.4473821499915267,0.27109151907789764,0.017505404594578684,-0.6502993214736912,-24.55680147661815,1.586738769495286,0.6229584774757302,2.5471019768843317
JFM2026,TP,SPIRE,central_india,2026-01-01,daily,36,Week 6,era5,0.3926125941713204,0.2722901896422366,0.01745803315765247,-0.4418903401814658,-21.488936217836457,1.3575331029754107,0.5507124395819776,2.465048917373024
JFM2026,TP,SPIRE,central_india,2026-01-01,daily,37,Week 6,era5,0.38173588296792743,0.27358808060010376,0.017456467160582585,-0.3952942764560725,-20.867877357791077,1.337683085437766,0.5364412853323546,2.4936244133577423
JFM2026,TP,SPIRE,central_india,2026-01-01,daily,38,Week 6,era5,0.4156009345429,0.2751601394403543,0.017469672595261814,-0.5103965835610744,-22.789852515932136,1.4417482966824746,0.6009026948618902,2.3993040953391667
JFM2026,TP,SPIRE,central_india,2026-01-01,daily,39,Week 6,era5,0.3725695458226236,0.2768460248493847,0.017457305332639624,-0.34576447693376244,-20.34175571335381,1.2268134539291282,0.5689458929712145,2.156291958664685
JFM2026,TP,SPIRE,central_india,2026-01-01,daily,40,Week 6,era5,0.4909262319628431,0.27846770277642874,0.01745637149312431,-0.7629557290419038,-27.1230398972781,1.7083984471883191,0.7013545922506039,2.43585550884635
JFM2026,TP,SPIRE,central_india,2026-01-01,daily,41,Week 6,era5,0.4682739349485791,0.27995530829969084,0.01745803315765247,-0.6726738913887429,-25.8228345495677,1.7170093520892256,0.5832337482021318,2.943947186496074
JFM2026,TP,SPIRE,central_india,2026-01-01,daily,42,Week 6,era5,0.5182119382404952,0.28127092475228466,0.01745803315765247,-0.8423942634557215,-28.68329442159094,1.8611969202941465,0.6816549818836843,2.730409033542039
JFM2026,TP,SPIRE,central_india,2026-01-01,weekly,1,Week 1,era5,0.062386882162344136,0.2400729525910391,0.025708725301550224,0.7401336490053534,-1.426681269902644,0.1711969756823753,0.10693529056032487,1.6009399215668545
JFM2026,TP,SPIRE,central_india,2026-01-01,weekly,2,Week 2,era5,0.18885263811304334,0.24577338088888737,0.019237163466996728,0.23159848544207295,-8.817073002318605,0.693113829859282,0.24002251204101718,2.8877034240056476
JFM2026,TP,SPIRE,central_india,2026-01-01,weekly,3,Week 3,era5,0.3635181193018214,0.2538517130904598,0.017750194087180666,-0.4320097149483568,-19.47967011044443,1.3503233670480408,0.42330096751685303,3.1899841263516127
JFM2026,TP,SPIRE,central_india,2026-01-01,weekly,4,Week 4,era5,0.425489865355298,0.2894858312535102,0.19720550829117653,-0.46981240329750573,-1.157596250947801,1.461393426118007,0.6733344057035843,2.170382819798076
JFM2026,TP,SPIRE,central_india,2026-01-01,weekly,5,Week 5,era5,0.5079987435879306,0.2663607095801815,0.07820845983569961,-0.9071834745770184,-5.49544492571692,1.9075349927684073,0.5786154435059347,3.2967232627084937
JFM2026,TP,SPIRE,central_india,2026-01-01,weekly,6,Week 6,era5,0.4324111975128214,0.27675253388409804,0.017457702574731157,-0.5624471127477089,-23.769078042302507,1.5214832549569832,0.5995266517593796,2.537807536148754
JFM2026,TP,SPIRE,east_northeast_india,2026-01-01,daily,1,Week 1,era5,0.16325912304479132,1.50055376905063,0.18629181053495897,0.8912007510746636,0.1236376812487171,0.1942267427546572,0.3958898916698645,0.49060798682029577
JFM2026,TP,SPIRE,east_northeast_india,2026-01-01,daily,2,Week 1,era5,0.3922809536685405,1.5385943388765142,0.33774432727540343,0.745039388384215,-0.16147310846961105,0.22267881840631415,1.0387369913500863,0.2143745917018801
JFM2026,TP,SPIRE,east_northeast_india,2026-01-01,daily,3,Week 1,era5,0.3041095551233992,1.5380800762531353,0.1463464440757099,0.8022797643512618,-1.0780112359004308,0.39793870124464836,0.7781312030438432,0.5114030894635989
JFM2026,TP,SPIRE,east_northeast_india,2026-01-01,daily,4,Week 1,era5,0.14910276797944697,1.5469818547359868,0.12779284781692807,0.9036169897384522,-0.16675362140021166,0.27718524719047655,0.3275136830402745,0.8463318070176352
JFM2026,TP,SPIRE,east_northeast_india,2026-01-01,daily,5,Week 1,era5,0.08062877940015481,1.5613990195444687,0.18701567656258752,0.9483611950623115,0.5688661994430653,0.17373994395703735,0.19311861738381386,0.8996540380761823
JFM2026,TP,SPIRE,east_northeast_india,2026-01-01,daily,6,Week 1,era5,0.07899934229806081,1.5627091495184682,0.17100639390450695,0.9494471877109034,0.5380328156491303,0.20278656029505662,0.18505353598541285,1.0958264548430008
JFM2026,TP,SPIRE,east_northeast_india,2026-01-01,daily,7,Week 1,era5,0.15440242168317003,1.5936668753850343,0.29361391925656366,0.9031149959455197,0.4741311240484781,0.23469841481939543,0.44483881342130777,0.5276032750251766
JFM2026,TP,SPIRE,east_northeast_india,2026-01-01,daily,8,Week 2,era5,0.14942422951165027,1.5941839489104777,0.2767600091319537,0.9062691418930845,0.4600945780414115,0.22707963065364029,0.4164169423110466,0.5453179435817023
JFM2026,TP,SPIRE,east_northeast_india,2026-01-01,daily,9,Week 2,era5,0.16527682735334626,1.5981973216881091,0.27099438560032063,0.8965854684459293,0.3901097729858256,0.3322703316486864,0.4116945100106088,0.8070798214922134
JFM2026,TP,SPIRE,east_northeast_india,2026-01-01,daily,10,Week 2,era5,0.1602667211145536,1.5674527744361224,0.17888161195253155,0.8977533972771791,0.10406262910308328,0.4760378618394173,0.2526423302615978,1.8842363484634788
JFM2026,TP,SPIRE,east_northeast_india,2026-01-01,daily,11,Week 2,era5,0.2491843934013417,1.6170515190219317,0.2995093763330246,0.8459020071592648,0.16802473280745156,0.6548110712438159,0.5179317426947153,1.2642806324959723
JFM2026,TP,SPIRE,east_northeast_india,2026-01-01,daily,12,Week 2,era5,0.22803769831653936,1.6173120706143096,0.2791487401357602,0.8590020426732343,0.18309608631715002,0.7237148738126543,0.44870862897111435,1.6128837893582018
JFM2026,TP,SPIRE,east_northeast_india,2026-01-01,daily,13,Week 2,era5,0.22760469755595925,1.6089589799913422,0.21800796186164162,0.858539154579824,-0.04402011565251085,0.8255125588963704,0.31183205839226524,2.647298559206915
JFM2026,TP,SPIRE,east_northeast_india,2026-01-01,daily,14,Week 2,era5,0.218359592893584,1.6189304817568833,0.2749466637348784,0.8651210812606249,0.2058110837666296,0.7841950461692914,0.2739450837607013,2.862599450239843
JFM2026,TP,SPIRE,east_northeast_india,2026-01-01,daily,15,Week 3,era5,0.2320666311302771,1.640287053385145,0.29441592888046,0.8585207201072829,0.2117728411885561,0.6459407781829228,0.4914053547394901,1.314476474366782
JFM2026,TP,SPIRE,east_northeast_india,2026-01-01,daily,16,Week 3,era5,0.26811402894559033,1.6395926196468764,0.2691554511285266,0.8364752160183944,0.003869221962883418,0.7776764701936483,0.556332634962109,1.3978623962022552
JFM2026,TP,SPIRE,east_northeast_india,2026-01-01,daily,17,Week 3,era5,0.3559649611532714,1.6344379091388843,0.22426781202713375,0.7822095540228786,-0.5872316135594344,1.174754674710846,0.5438055971683221,2.160247487021044
JFM2026,TP,SPIRE,east_northeast_india,2026-01-01,daily,18,Week 3,era5,0.40691083425769614,1.6141380149268334,0.3092381961927258,0.7479082764331395,-0.3158492038418761,1.1608109854334312,0.7989136635626433,1.4529867723840868
JFM2026,TP,SPIRE,east_northeast_india,2026-01-01,daily,19,Week 3,era5,0.34466990705059575,1.5820788970208701,0.16172171109307626,0.7821411386627901,-1.1312531553183152,1.1470972287034413,0.5225235301130942,2.1953025320317447
JFM2026,TP,SPIRE,east_northeast_india,2026-01-01,daily,20,Week 3,era5,0.4520303089055043,1.603365666879,0.1974516532185932,0.7180740998493531,-1.2893214695198028,1.506399214131052,0.6336054256794608,2.377503653027642
JFM2026,TP,SPIRE,east_northeast_india,2026-01-01,daily,21,Week 3,era5,0.5023761459753605,1.6746336791115286,0.25776312550698954,0.7000083348127248,-0.9489837616891328,1.5366530158050637,0.9417396716628018,1.6317174077331171
JFM2026,TP,SPIRE,east_northeast_india,2026-01-01,daily,22,Week 4,era5,0.5059097076347953,1.6771910436151636,0.24457138013281904,0.6983589260384354,-1.068556457260255,1.6006550099443337,0.865046849032754,1.8503680023042623
JFM2026,TP,SPIRE,east_northeast_india,2026-01-01,daily,23,Week 4,era5,0.45830337272624133,1.667205448111327,0.1950117314714206,0.7251068407643313,-1.3501323190569523,1.4718848948738934,0.8171966346502358,1.8011392025664268
JFM2026,TP,SPIRE,east_northeast_india,2026-01-01,daily,24,Week 4,era5,0.5729018782900994,1.625730506315231,0.2447793514258433,0.6476034151634398,-1.3404828673372062,1.984090456149839,0.8303308453318096,2.389517946135042
JFM2026,TP,SPIRE,east_northeast_india,2026-01-01,daily,25,Week 4,era5,0.532353975214821,1.6373527528158418,0.13055317585897985,0.6748690993438624,-3.077679242287111,1.9182113356520056,0.6974890550056968,2.750166933639322
JFM2026,TP,SPIRE,east_northeast_india,2026-01-01,daily,26,Week 4,era5,0.6738730379007252,1.7287104135444873,0.2959974974849992,0.6101874364723474,-1.276617348546591,2.020349214495908,1.2240418378770397,1.6505556852533507
JFM2026,TP,SPIRE,east_northeast_india,2026-01-01,daily,27,Week 4,era5,0.7134784641821166,1.7152622614589406,0.23310471196635188,0.5840411812154851,-2.0607638007982674,2.256738058504532,1.259929462060042,1.791162224919054
JFM2026,TP,SPIRE,east_northeast_india,2026-01-01,daily,28,Week 4,era5,0.7259571291658271,1.4930414999632815,0.9049977390040242,0.5137729733676655,0.19783542225777984,1.9077898114686118,1.6368314813785123,1.165538317885909
JFM2026,TP,SPIRE,east_northeast_india,2026-01-01,daily,29,Week 5,era5,0.4929572230865075,1.5775012711707426,0.4117881373880286,0.687507558887316,-0.19711370563837582,1.740464658179997,0.6687620410716673,2.6025171156409606
JFM2026,TP,SPIRE,east_northeast_india,2026-01-01,daily,30,Week 5,era5,0.6223105834667219,1.7314885628923182,0.1942090521318198,0.6405921489731357,-2.2043335603343928,1.947329094629486,1.1931905926270499,1.6320352395186488
JFM2026,TP,SPIRE,east_northeast_india,2026-01-01,daily,31,Week 5,era5,0.7477938974872071,1.7657770637265577,0.2529100020488365,0.5765071860719287,-1.9567588922118206,2.275437141916564,1.4318668897105982,1.5891401346506895
JFM2026,TP,SPIRE,east_northeast_india,2026-01-01,daily,32,Week 5,era5,0.8792313569375729,1.7372207495825605,0.1813701387522435,0.4938862219157555,-3.8477183895118845,2.824546993924396,1.3971186657942845,2.0216944079825856
JFM2026,TP,SPIRE,east_northeast_india,2026-01-01,daily,33,Week 5,era5,1.1043052997101457,1.7416520428074083,0.17046303728270268,0.3659437863776217,-5.478268352562098,3.8022134450283973,1.5521364780808302,2.449664381143673
JFM2026,TP,SPIRE,east_northeast_india,2026-01-01,daily,34,Week 5,era5,0.8459291975091178,1.697282179383049,0.23076731118149246,0.5015977851033542,-2.6657236814785112,2.814358095790668,1.3474789581028321,2.088610051286524
JFM2026,TP,SPIRE,east_northeast_india,2026-01-01,daily,35,Week 5,era5,0.6987001955707385,1.6491488959752216,0.24615851771189107,0.5763267966428445,-1.8384156764727977,2.506547062759542,0.8028174313329646,3.1221881400828275
JFM2026,TP,SPIRE,east_northeast_india,2026-01-01,daily,36,Week 6,era5,0.8394210717698601,1.7395890714309397,0.26487001111552283,0.5174601372498997,-2.1691812456780823,2.6586272880854978,1.594617124731038,1.6672511832794503
JFM2026,TP,SPIRE,east_northeast_india,2026-01-01,daily,37,Week 6,era5,0.8349494842217894,1.7249278771367753,0.65935497655445,0.5159510752369947,-0.2663125538005835,2.1660746609022064,1.9712345010643033,1.0988416952588367
JFM2026,TP,SPIRE,east_northeast_india,2026-01-01,daily,38,Week 6,era5,0.6115406436579319,1.6475960602319917,0.25118247811234734,0.628828534846203,-1.4346469079121267,2.1952934297055133,0.7629645154016781,2.8773204852780823
JFM2026,TP,SPIRE,east_northeast_india,2026-01-01,daily,39,Week 6,era5,0.7986464680038627,1.8495995841331276,0.21646113208218684,0.5682057485008718,-2.689560616825331,2.2905415934809974,1.7600671870132851,1.3013944072032224
JFM2026,TP,SPIRE,east_northeast_india,2026-01-01,daily,40,Week 6,era5,0.8159999137502596,1.8557589048953274,0.21706622455351945,0.560287755269435,-2.7592210185102664,2.4491372984066033,1.5843835269032744,1.545798259587763
JFM2026,TP,SPIRE,east_northeast_india,2026-01-01,daily,41,Week 6,era5,0.9663710374908323,1.8513400169434522,0.17424047447248256,0.4780153679785395,-4.546191494350237,3.0071699496186532,1.846398096627222,1.6286682460904773
JFM2026,TP,SPIRE,east_northeast_india,2026-01-01,daily,42,Week 6,era5,0.760164005346423,1.8296957033442627,0.5083849928727119,0.58454074961371,-0.49525264514790845,1.9351673052454301,1.7358239964572335,1.1148407379982364
JFM2026,TP,SPIRE,east_northeast_india,2026-01-01,weekly,1,Week 1,era5,0.1233802470312964,1.5433319698062222,0.14712474689853672,0.9200559248139026,0.16139025125131057,0.2427203821045024,0.30399336953439804,0.7984397241171987
JFM2026,TP,SPIRE,east_northeast_india,2026-01-01,weekly,2,Week 2,era5,0.18391849599963295,1.6022229973184348,0.2544769675651301,0.8852104255728144,0.2772685962136775,0.5748030394502065,0.34146060253470367,1.6833656216365036
JFM2026,TP,SPIRE,east_northeast_india,2026-01-01,weekly,3,Week 3,era5,0.3398438433843571,1.6224011089559613,0.16851563879380205,0.7905303186071837,-1.0166902360925354,1.1356188855004428,0.5234582024948536,2.1694547531932264
JFM2026,TP,SPIRE,east_northeast_india,2026-01-01,weekly,4,Week 4,era5,0.5186103190230941,1.6243737092441575,0.13263385289295662,0.6807321393644014,-2.910090129415477,1.879959865612691,0.6602195585296555,2.8474767845403774
JFM2026,TP,SPIRE,east_northeast_india,2026-01-01,weekly,5,Week 5,era5,0.7435521352672725,1.6917391440174168,0.11326048181927649,0.5604806226203763,-5.56497414918045,2.558699512489257,1.0808599715393068,2.3672812203835107
JFM2026,TP,SPIRE,east_northeast_india,2026-01-01,weekly,6,Week 6,era5,0.728309338226572,1.752979699137839,0.23388844329955502,0.5845306488233872,-2.1139175923018234,2.3860016727950835,1.4025841012967772,1.701146954816524
JFM2026,TP,SPIRE,northwest_india,2026-01-01,daily,1,Week 1,era5,1.2223663697568248,0.7358940295200223,0.3856325529959209,-0.6610630345161219,-2.169769668718176,0.2316162662505099,2.48119697033062,0.09334860110668561
JFM2026,TP,SPIRE,northwest_india,2026-01-01,daily,2,Week 1,era5,0.13909771999202925,0.7176620624166454,0.3057627935010931,0.8061793603473569,0.5450796403338983,0.11751122720961256,0.3185227800022219,0.36892566116870146
JFM2026,TP,SPIRE,northwest_india,2026-01-01,daily,3,Week 1,era5,0.1740156403862486,0.7110460615729588,0.37843914447983434,0.7552681186345432,0.5401753678905665,0.1307618696298928,0.5332245667281077,0.24522851681844687
JFM2026,TP,SPIRE,northwest_india,2026-01-01,daily,4,Week 1,era5,0.09321368409644352,0.7498872876359088,0.34778276289989185,0.875696407135653,0.7319772742064425,0.16211553675747212,0.21983183016299576,0.7374525183057907
JFM2026,TP,SPIRE,northwest_india,2026-01-01,daily,5,Week 1,era5,0.13408940869290228,0.7486293641408663,0.37023892563052896,0.8208867897577268,0.637830062129357,0.2634735759718341,0.2964946283416303,0.8886284970675814
JFM2026,TP,SPIRE,northwest_india,2026-01-01,daily,6,Week 1,era5,0.1632134042489366,0.7700639464986597,0.3748438947231468,0.7880521416551987,0.5645829996257956,0.385571514047444,0.32938603959900975,1.1705763684363604
JFM2026,TP,SPIRE,northwest_india,2026-01-01,daily,7,Week 1,era5,0.10500145347252343,0.7766846255520204,0.38615511045233203,0.8648081215745776,0.7280847757018483,0.22647391289783203,0.21404900290249093,1.0580470351501763
JFM2026,TP,SPIRE,northwest_india,2026-01-01,daily,8,Week 2,era5,0.12798831854543555,0.7847671189993616,0.4217790713122175,0.8369091728656642,0.6965512818185956,0.2421187432233305,0.3027755626646191,0.7996640848175801
JFM2026,TP,SPIRE,northwest_india,2026-01-01,daily,9,Week 2,era5,0.10363093406567847,0.7871033985220862,0.38257369802546926,0.8683388557840529,0.7291216447954052,0.30059684171288054,0.19119174993633212,1.572227053797985
JFM2026,TP,SPIRE,northwest_india,2026-01-01,daily,10,Week 2,era5,0.15897115115324448,0.7918635451612491,0.3806564034315209,0.7992442610540017,0.5823762592191807,0.5217627832050521,0.2442229529896841,2.1364199262101757
JFM2026,TP,SPIRE,northwest_india,2026-01-01,daily,11,Week 2,era5,0.28698009209172975,0.78071336463932,0.31785872616748784,0.6324129890817085,0.09714578060533519,0.7700298885564525,0.4634652683072161,1.6614619071002847
JFM2026,TP,SPIRE,northwest_india,2026-01-01,daily,12,Week 2,era5,0.1390326402142223,0.8046533743572691,0.3803240005418479,0.8272142457299989,0.6344363226718734,0.4733466778453438,0.18969284508850184,2.4953322705687833
JFM2026,TP,SPIRE,northwest_india,2026-01-01,daily,13,Week 2,era5,0.1928404156490401,0.8120174678631327,0.38146529801679624,0.7625169121589097,0.49447455207170865,0.6729196647781754,0.2314734574712498,2.9071137232300406
JFM2026,TP,SPIRE,northwest_india,2026-01-01,daily,14,Week 2,era5,0.18735284825377893,0.7941744666311419,0.31415358885174677,0.7640910705068086,0.40362658615944313,0.6392702307218335,0.2526951296777763,2.5298082774171298
JFM2026,TP,SPIRE,northwest_india,2026-01-01,daily,15,Week 3,era5,1.2027050547527962,1.1421925488923645,0.8901231567725476,-0.052979251107103886,-0.35116702177890025,1.4075165150705118,2.6118212688171942,0.5389023099991557
JFM2026,TP,SPIRE,northwest_india,2026-01-01,daily,16,Week 3,era5,0.5302124065099661,0.8121681741003225,0.392763036971754,0.3471642654585575,-0.3499549514586755,1.1859520814737152,1.0115617553538865,1.172397112877028
JFM2026,TP,SPIRE,northwest_india,2026-01-01,daily,17,Week 3,era5,0.41298441943546604,0.7953657696184399,0.36285051001161883,0.48076163796489924,-0.13816684293000403,1.2316566236955462,0.6488104008408138,1.8983305787012719
JFM2026,TP,SPIRE,northwest_india,2026-01-01,daily,18,Week 3,era5,0.6623956598633678,0.8514298631653161,0.35385392522650816,0.2220197006001008,-0.8719466215878673,1.5713550180211782,1.3862321503952355,1.1335439143964172
JFM2026,TP,SPIRE,northwest_india,2026-01-01,daily,19,Week 3,era5,0.5067417336307031,0.7954788384766577,0.2192076684804951,0.36297270383570013,-1.311697109609979,1.65185841701342,0.7407744913103141,2.2299072611039037
JFM2026,TP,SPIRE,northwest_india,2026-01-01,daily,20,Week 3,era5,0.5738287553758057,0.8417810792063133,0.30937467354847853,0.3183159261350359,-0.8548019745575186,1.8940409799076001,0.9921651699610724,1.908997652056172
JFM2026,TP,SPIRE,northwest_india,2026-01-01,daily,21,Week 3,era5,2.82367094492718,2.7583181141370394,3.2224659042057415,-0.023692999895549294,0.12375459388354793,2.40036347832306,6.589121319390421,0.3642918929507773
JFM2026,TP,SPIRE,northwest_india,2026-01-01,daily,22,Week 4,era5,10.624854499242877,10.458871283693174,12.358408395825293,-0.015870088755035594,0.14027323268973824,3.0580103511586296,19.70478372752615,0.15519126692503668
JFM2026,TP,SPIRE,northwest_india,2026-01-01,daily,23,Week 4,era5,0.680759136064326,0.7864010701970512,0.49731412895483634,0.1343359490930679,-0.36887149676406894,2.2969776527337116,1.265769313093076,1.8146890029437832
JFM2026,TP,SPIRE,northwest_india,2026-01-01,daily,24,Week 4,era5,0.9780404168821846,0.8034999135700982,0.2502055370160619,-0.2172252919562503,-2.9089479335519237,3.5226168746497666,1.4919518483698608,2.361079466806288
JFM2026,TP,SPIRE,northwest_india,2026-01-01,daily,25,Week 4,era5,1.306773419204472,0.9322053487281208,1.1761920160019483,-0.4018085403472562,-0.11102048086195082,4.059219247722107,2.107480476286156,1.9261005230640826
JFM2026,TP,SPIRE,northwest_india,2026-01-01,daily,26,Week 4,era5,7.584598932606405,7.451606970822039,9.436218713379697,-0.017847420335656228,0.1962247630131616,3.082519098336127,13.621457647472274,0.22629876905340948
JFM2026,TP,SPIRE,northwest_india,2026-01-01,daily,27,Week 4,era5,1.310499264546936,1.276989395801889,1.2534912918571246,-0.026241305413506888,-0.04547935279658022,3.3719123770416974,2.672501234701902,1.2617065740730367
JFM2026,TP,SPIRE,northwest_india,2026-01-01,daily,28,Week 4,era5,0.6335625198769745,0.8959396985199141,0.3469271658950622,0.2928513817128371,-0.8262119031307373,2.194420479744919,1.0557662389991815,2.0785098051867332
JFM2026,TP,SPIRE,northwest_india,2026-01-01,daily,29,Week 5,era5,0.7909039484440904,0.8396511250228843,0.20774862457213192,0.058056465508178,-2.8070237532161495,2.832045877451977,1.1931507922008653,2.373585883665244
JFM2026,TP,SPIRE,northwest_india,2026-01-01,daily,30,Week 5,era5,0.9781670991485137,0.8866338621985638,0.5956267025266375,-0.10323679350907855,-0.6422485677676082,3.374039997411515,1.5117443188524267,2.2318853494834148
JFM2026,TP,SPIRE,northwest_india,2026-01-01,daily,31,Week 5,era5,1.2783614621485169,1.0181077113768013,1.7678187463424089,-0.2556249676370399,0.27687073983493615,3.313183457618994,2.444729405433868,1.3552352461809574
JFM2026,TP,SPIRE,northwest_india,2026-01-01,daily,32,Week 5,era5,1.060813319871824,0.9897726030154625,0.5439232163291583,-0.07177478608715493,-0.9502997629537964,3.3778434705204123,1.7239269252248408,1.9593890095311677
JFM2026,TP,SPIRE,northwest_india,2026-01-01,daily,33,Week 5,era5,0.994803294787445,0.7895706877872815,0.8631871442809825,-0.25992936436801384,-0.15247695865083366,3.488549775936876,1.2934748377900105,2.697037216353818
JFM2026,TP,SPIRE,northwest_india,2026-01-01,daily,34,Week 5,era5,0.9272511031660992,0.9485839933091947,0.3726861150664876,0.022489194729793494,-1.488021596942716,2.865721504501128,1.701227180607259,1.684502538619327
JFM2026,TP,SPIRE,northwest_india,2026-01-01,daily,35,Week 5,era5,0.93053565454403,0.9590980603397022,0.36497964232575975,0.029780485413092972,-1.5495549522005603,2.8561699402440763,1.7270512890141703,1.653784087601953
JFM2026,TP,SPIRE,northwest_india,2026-01-01,daily,36,Week 6,era5,0.998534692564174,0.9273638033410405,0.2676504084763749,-0.07674538187356905,-2.7307422702936517,3.262802321199846,1.663362215396674,1.9615705412796947
JFM2026,TP,SPIRE,northwest_india,2026-01-01,daily,37,Week 6,era5,1.0194065644312829,0.9770338160789128,0.3734660536272769,-0.043368763347846784,-1.7295829287035054,3.2432878383122996,1.8563842994917163,1.7470993690262957
JFM2026,TP,SPIRE,northwest_india,2026-01-01,daily,38,Week 6,era5,0.9139111865587688,0.9870127548278403,0.38196162847304954,0.07406344843215551,-1.3926780033174264,2.802057661407949,1.8204912787540386,1.539176646496051
JFM2026,TP,SPIRE,northwest_india,2026-01-01,daily,39,Week 6,era5,0.9041277551277194,0.9043967331053896,0.25250104810295504,0.00029741148748585466,-2.580689117611383,3.059725732962049,1.5787963955868674,1.9380116027087162
JFM2026,TP,SPIRE,northwest_india,2026-01-01,daily,40,Week 6,era5,0.9959068599444268,0.9086195488166205,0.7587131147339287,-0.09606585202958562,-0.3126263940932128,3.2270259306464455,1.6541202497145775,1.9509016537360429
JFM2026,TP,SPIRE,northwest_india,2026-01-01,daily,41,Week 6,era5,0.8853465562618877,0.9889359827679133,0.36769496175656724,0.10474836421270783,-1.4078289026109423,2.8350906138195895,1.6711434284564297,1.6964974792368674
JFM2026,TP,SPIRE,northwest_india,2026-01-01,daily,42,Week 6,era5,0.8085140379948509,0.9760433737267743,0.33523438410954437,0.17164128177240223,-1.4117873234943978,2.7423923661182266,1.4540816536189136,1.8859961263474918
JFM2026,TP,SPIRE,northwest_india,2026-01-01,weekly,1,Week 1,era5,0.2064088486471815,0.7390443549358419,0.3315613219333261,0.7207084429119273,0.37746403155948205,0.21548635842062738,0.44223991808847274,0.4872612118599345
JFM2026,TP,SPIRE,northwest_india,2026-01-01,weekly,2,Week 2,era5,0.1474374512613178,0.7886716858336582,0.3596110493483778,0.8130559852602413,0.5900085619491466,0.5168472193996057,0.1997152350165371,2.5879208431785834
JFM2026,TP,SPIRE,northwest_india,2026-01-01,weekly,3,Week 3,era5,0.7107295690157645,0.8153818638670695,0.5218676674766646,0.1283475871721943,-0.3618961535829288,1.6203918620972946,1.3973961225362381,1.1595794749711519
JFM2026,TP,SPIRE,northwest_india,2026-01-01,weekly,4,Week 4,era5,1.942882671748793,1.7483289801480308,3.33811090057275,-0.11127979562764523,0.4179694055654547,3.0836680406131456,4.154735726711213,0.7422055801980219
JFM2026,TP,SPIRE,northwest_india,2026-01-01,weekly,5,Week 5,era5,0.8294698301249047,0.7639443088377614,0.523670686119636,-0.0857726414466411,-0.5839531448117128,3.1582220687202307,1.033013579737461,3.057289982115132
JFM2026,TP,SPIRE,northwest_india,2026-01-01,weekly,6,Week 6,era5,0.8688984069383611,0.8880166716889573,0.1988930607093344,0.02152917322400527,-3.368671304265278,3.024626065022112,1.4102798956121878,2.144699129890917
JFM2026,TP,SPIRE,south_peninsula,2026-01-01,daily,1,Week 1,era5,0.9415861757097582,0.43547285243804223,0.25795048944649496,-1.162215555890994,-2.6502593103436056,0.22456204569581276,1.8479703713675832,0.12151820677169542
JFM2026,TP,SPIRE,south_peninsula,2026-01-01,daily,2,Week 1,era5,0.20712503038913738,0.41790709507305923,0.074086004230251,0.504375415418761,-1.7957376368337532,0.26008135753613454,0.4810103743361248,0.5406980211083607
JFM2026,TP,SPIRE,south_peninsula,2026-01-01,daily,3,Week 1,era5,0.12331420771370688,0.4260184449648488,0.09942085867700377,0.710542561780672,-0.24032531356752074,0.21887196856588995,0.2854862870997085,0.7666636838828166
JFM2026,TP,SPIRE,south_peninsula,2026-01-01,daily,4,Week 1,era5,0.09603276752979122,0.4218068899636776,0.10945198569964623,0.7723300168518804,0.12260369772257484,0.2387428278649767,0.21980353062463007,1.0861646634452393
JFM2026,TP,SPIRE,south_peninsula,2026-01-01,daily,5,Week 1,era5,0.20627161416455855,0.38954517468737404,0.12052502119803497,0.47048089010446614,-0.7114422558419062,0.6696100825146039,0.4338368935381566,1.543460439829354
JFM2026,TP,SPIRE,south_peninsula,2026-01-01,daily,6,Week 1,era5,0.3613026846641872,0.41530691011999743,0.1002108788957983,0.13003449771689668,-2.605423768809357,1.1573147590354724,0.7085723588831496,1.6333049751751956
JFM2026,TP,SPIRE,south_peninsula,2026-01-01,daily,7,Week 1,era5,0.283127357201832,0.412947560104035,0.10315855122975426,0.31437454883980187,-1.7445844656275953,0.9493791325917006,0.4872325184385925,1.9485134851715649
JFM2026,TP,SPIRE,south_peninsula,2026-01-01,daily,8,Week 2,era5,0.6335648481813904,0.9284852072655951,0.9537696662714438,0.3176360342376916,0.33572552096548103,1.5117927014089323,2.5431407169567564,0.5944589268414591
JFM2026,TP,SPIRE,south_peninsula,2026-01-01,daily,9,Week 2,era5,2.2414305219201003,2.9249639798905727,3.389325605671008,0.23368953008304894,0.3386794947733123,2.353379579797913,5.0244917145437435,0.4683816221620768
JFM2026,TP,SPIRE,south_peninsula,2026-01-01,daily,10,Week 2,era5,0.9952881694059128,1.2884064314803994,1.4574665008288716,0.22750450084115847,0.31711077486866057,2.33957098025208,2.3334558778988996,1.0026206205187331
JFM2026,TP,SPIRE,south_peninsula,2026-01-01,daily,11,Week 2,era5,0.7099231222353561,0.7384895163723854,0.7903646842248744,0.038682193184479186,0.10177777878373806,1.947161513007083,1.570639946500831,1.2397249397260588
JFM2026,TP,SPIRE,south_peninsula,2026-01-01,daily,12,Week 2,era5,2.6811344534915014,2.4396441677315965,2.77217278694885,-0.09898586398542086,0.032840064618608666,1.3202962263823965,7.612568686294774,0.17343636304515467
JFM2026,TP,SPIRE,south_peninsula,2026-01-01,daily,13,Week 2,era5,0.4603823097283742,0.38789629681515764,0.1458563203587864,-0.1868695667073046,-2.1564097366222956,1.6102332485871225,0.8464014778592407,1.9024461685248966
JFM2026,TP,SPIRE,south_peninsula,2026-01-01,daily,14,Week 2,era5,0.4205264961983893,0.3858164606481882,0.09301103562986825,-0.08996514947000112,-3.52125377758236,1.5248924730108344,0.6984346489228176,2.183300148929677
JFM2026,TP,SPIRE,south_peninsula,2026-01-01,daily,15,Week 3,era5,0.5181919656270418,0.38637498069484044,0.0972344652662745,-0.3411633555960256,-4.3293033926600435,1.7933635170660571,0.9100929992466553,1.9705277576583313
JFM2026,TP,SPIRE,south_peninsula,2026-01-01,daily,16,Week 3,era5,0.5936953163510705,0.38551998361738826,0.10297744203845613,-0.5399858414091634,-4.765294850976776,2.0733836977298554,0.9890636594980103,2.0963096539025416
JFM2026,TP,SPIRE,south_peninsula,2026-01-01,daily,17,Week 3,era5,0.6037886686857888,0.3967277778597399,0.21309340262679716,-0.5219218375458796,-1.8334460909765422,2.074027389787162,0.978753901602069,2.1190489114702884
JFM2026,TP,SPIRE,south_peninsula,2026-01-01,daily,18,Week 3,era5,0.4960863099372824,0.38020931744631464,0.12043798915853463,-0.3047715749557598,-3.119018537284572,1.756755827256838,0.7785757468442784,2.2563711165898974
JFM2026,TP,SPIRE,south_peninsula,2026-01-01,daily,19,Week 3,era5,0.4128771798370664,0.3788685754138907,0.11482956721432337,-0.08976359252287791,-2.5955650609259266,1.462790072376508,0.5995325102780272,2.4398844888297275
JFM2026,TP,SPIRE,south_peninsula,2026-01-01,daily,20,Week 3,era5,0.44353494293026824,0.38072915932963985,0.10326788217716755,-0.16496184245832968,-3.294994083149054,1.532857466321018,0.6303530670108425,2.431744281962305
JFM2026,TP,SPIRE,south_peninsula,2026-01-01,daily,21,Week 3,era5,0.3408094359394022,0.3780335309989031,0.11388536280032897,0.09846770724581277,-1.9925657482158696,1.192947863312204,0.47833394390234707,2.4939644750692143
JFM2026,TP,SPIRE,south_peninsula,2026-01-01,daily,22,Week 4,era5,0.34070511505941736,0.41159454165948894,0.1802487790804529,0.1722312116051291,-0.8901937466513756,1.0612007563287542,0.5334329760691275,1.9893797420413568
JFM2026,TP,SPIRE,south_peninsula,2026-01-01,daily,23,Week 4,era5,1.3593227956429323,1.383811149752632,1.296880462237362,0.017696312183983487,-0.0481481024842072,0.9298135973386622,5.150129634020935,0.18054178504487767
JFM2026,TP,SPIRE,south_peninsula,2026-01-01,daily,24,Week 4,era5,1.0631728538714371,1.0512332308167625,0.8979614679657543,-0.011357729859241772,-0.18398493899738644,1.3389921811039913,3.7366038704782873,0.35834469682027054
JFM2026,TP,SPIRE,south_peninsula,2026-01-01,daily,25,Week 4,era5,0.24345873417417874,0.3837789572643347,0.20307476199150426,0.36562771468866095,-0.19886258531901646,0.8132287270541988,0.4198577784148544,1.9369147574792844
JFM2026,TP,SPIRE,south_peninsula,2026-01-01,daily,26,Week 4,era5,0.30274480775113766,0.37605986123367247,0.09941074952204253,0.19495580634961462,-2.0453930707363743,1.1087613790142254,0.37905670052043394,2.9250541607414617
JFM2026,TP,SPIRE,south_peninsula,2026-01-01,daily,27,Week 4,era5,0.5645081203700869,0.37758653255947383,0.1072205435023529,-0.495043047599085,-4.264925003459799,2.160148633498367,0.6259343037778088,3.4510788439950506
JFM2026,TP,SPIRE,south_peninsula,2026-01-01,daily,28,Week 4,era5,0.40779471961205094,0.3768391218227779,0.10738162587343467,-0.08214539307792723,-2.797621020310291,1.5277632615099186,0.4692390747864715,3.255831288571037
JFM2026,TP,SPIRE,south_peninsula,2026-01-01,daily,29,Week 5,era5,0.34491600264315814,0.3768175805988771,0.10716905074535263,0.08466053495969506,-2.2184292036207607,1.2547215551040758,0.4600365478499978,2.7274388545172665
JFM2026,TP,SPIRE,south_peninsula,2026-01-01,daily,30,Week 5,era5,0.5136495698154382,0.3728447804045119,0.11073451761277987,-0.3776498875970917,-3.6385678186776866,1.975889868027156,0.544110397303144,3.6314135473619973
JFM2026,TP,SPIRE,south_peninsula,2026-01-01,daily,31,Week 5,era5,0.7566504868157323,0.36897939851697703,0.09565071503601107,-1.0506578141134844,-6.910557558622167,3.032226099860754,0.6172652557663255,4.912355055682327
JFM2026,TP,SPIRE,south_peninsula,2026-01-01,daily,32,Week 5,era5,0.6016054188076501,0.3736640309785277,0.19219215765899125,-0.6100169374938336,-2.1302287571748137,2.1445764618440206,0.7287899018582218,2.9426539203903856
JFM2026,TP,SPIRE,south_peninsula,2026-01-01,daily,33,Week 5,era5,0.5166916857842503,0.37506639248686063,0.09982250070890122,-0.37760059587943773,-4.176104406470521,1.9792262709782766,0.5574867289631544,3.5502661644688014
JFM2026,TP,SPIRE,south_peninsula,2026-01-01,daily,34,Week 5,era5,0.4288266793281645,0.37627460682205416,0.10718390596068239,-0.1396641483462182,-3.000849525725143,1.634447860635173,0.4774614943774856,3.423203504119566
JFM2026,TP,SPIRE,south_peninsula,2026-01-01,daily,35,Week 5,era5,0.25370491242681725,0.36823508769949204,0.06410705669574808,0.31102461198955644,-2.9575192732821924,0.9400026164881655,0.2872866803760454,3.272002082580871
JFM2026,TP,SPIRE,south_peninsula,2026-01-01,daily,36,Week 6,era5,0.22694347739169052,0.37563200603811464,0.10319563043667304,0.3958356217157305,-1.199157817355033,0.7305004731826849,0.391979523786512,1.8636189618428771
JFM2026,TP,SPIRE,south_peninsula,2026-01-01,daily,37,Week 6,era5,0.24072114916919218,0.37646869429239277,0.10545390001470668,0.36058123074044834,-1.2827145239353026,0.8104189391499568,0.4117246262889047,1.9683518725967357
JFM2026,TP,SPIRE,south_peninsula,2026-01-01,daily,38,Week 6,era5,0.26530559764755096,0.3774703569526279,0.10723964012567692,0.2971485236896456,-1.4739508388561582,0.9177238486123309,0.421430514915577,2.17763976772345
JFM2026,TP,SPIRE,south_peninsula,2026-01-01,daily,39,Week 6,era5,0.2584569619276494,0.3677331760918107,0.10274090669939163,0.2971616956770816,-1.515618853587359,0.9530797051789686,0.3375109947938333,2.8238478742334068
JFM2026,TP,SPIRE,south_peninsula,2026-01-01,daily,40,Week 6,era5,0.4573417759612411,0.377799159057654,0.1040068901814835,-0.21054206976529688,-3.397225752670974,1.6917001129278417,0.5751267726943818,2.9414386414363616
JFM2026,TP,SPIRE,south_peninsula,2026-01-01,daily,41,Week 6,era5,0.4374758190451804,0.3791186109461797,0.1077809058766142,-0.15392862923124917,-3.0589361862109,1.6153370488948438,0.5533843958564044,2.919014451780822
JFM2026,TP,SPIRE,south_peninsula,2026-01-01,daily,42,Week 6,era5,0.4704689653568281,0.3799290364583656,0.10779295853781858,-0.23830747379158068,-3.3645612082515264,1.7584950691446175,0.5958217590054318,2.9513777275941786
JFM2026,TP,SPIRE,south_peninsula,2026-01-01,weekly,1,Week 1,era5,0.22283247347430835,0.4055722394529579,0.0705589682781362,0.4505726679546208,-2.1581027743479138,0.531216247037966,0.5757770432371392,0.9226075497059711
JFM2026,TP,SPIRE,south_peninsula,2026-01-01,weekly,2,Week 2,era5,0.6825956103813529,0.8219294245895543,1.283394917582399,0.16952041141218466,0.4681328396818063,1.8010466842709947,1.5887153971672145,1.1336496690863456
JFM2026,TP,SPIRE,south_peninsula,2026-01-01,weekly,3,Week 3,era5,0.47589848510211225,0.3791326374856738,0.09142756796634252,-0.2552295372357516,-4.205196809755522,1.698017973868899,0.7177395190327566,2.36578581622089
JFM2026,TP,SPIRE,south_peninsula,2026-01-01,weekly,4,Week 4,era5,0.47542397842886325,0.5208493311221843,0.35698328240117605,0.08721399832740673,-0.3317821922388626,1.2771298173078576,1.295814529541791,0.9855807202281174
JFM2026,TP,SPIRE,south_peninsula,2026-01-01,weekly,5,Week 5,era5,0.47485043803830324,0.3687333959695674,0.06333345180767394,-0.287787987821678,-6.497624469929285,1.8515843584593723,0.465248639472696,3.9797738270829184
JFM2026,TP,SPIRE,south_peninsula,2026-01-01,weekly,6,Week 6,era5,0.3333307065686752,0.37578553315756336,0.09767475673191968,0.11297621340597819,-2.4126597057573647,1.2110364724574354,0.4567543436316906,2.6513956338726565
