season,variable,model,region,init_date,scale,lead,week,clim_basis,pcc,rmse,bias,msss_clim,msss_pers,fcst_std,obs_std,fcst_mean,obs_mean,std_ratio
JFM2026,TP,ECMWF,All India,2026-01-01,daily,1,Week 1,era5,0.2498019633828638,1.2529030176988,0.5208142301528891,-1.1880067323711545,-4.019135446890586,1.0877283060584542,0.7066828588121808,0.6699731215289204,0.14915889137603153,1.539202900558178
JFM2026,TP,ECMWF,All India,2026-01-01,daily,2,Week 1,era5,0.8465948537251083,0.4262606231203308,0.05882732210707836,0.784493331874633,0.15815702442039203,0.7439511892981904,0.7762968711744379,0.18708032231421917,0.12825300020714078,0.958333360499943
JFM2026,TP,ECMWF,All India,2026-01-01,daily,3,Week 1,era5,0.808009270733211,0.49547745249809666,0.027452192089798357,0.6923562405073851,-0.11691573810497036,0.8314155134107436,0.7410465477817981,0.15002619490789346,0.12257400281809509,1.1219477587466675
JFM2026,TP,ECMWF,All India,2026-01-01,daily,4,Week 1,era5,0.9498815322350568,0.2701172047458735,0.08793577636743669,0.9265882925241633,0.6632699033374008,0.76496705798936,0.816318504523578,0.14027942145066413,0.052343645083227405,0.9370938595050129
JFM2026,TP,ECMWF,All India,2026-01-01,daily,5,Week 1,era5,0.8813512704695651,0.41337070296959444,0.09075630168145815,0.8279197070554203,0.32572665713269855,0.8358793330043829,0.8184109769687358,0.15065730269436017,0.05990100101290203,1.0213442347759645
JFM2026,TP,ECMWF,All India,2026-01-01,daily,6,Week 1,era5,0.7198033901459095,0.7207965835416126,0.17129894223509395,0.5404534285038722,-1.0329303183021614,0.9793106268142077,0.8724066473306428,0.19644923356408983,0.025150291328995832,1.1225391619959175
JFM2026,TP,ECMWF,All India,2026-01-01,daily,7,Week 1,era5,0.9352284898125702,0.34514194919063074,0.08833717392308274,0.9066112789632951,0.5993755291768001,0.9140364031708607,0.9360500241786804,0.09442065275436258,0.006083478831279846,0.9764824310248427
JFM2026,TP,ECMWF,All India,2026-01-01,daily,8,Week 2,era5,0.6650452759948885,1.2082724592097085,0.002949834011273549,0.47854909087547726,0.27455065713648197,1.1432426532446536,1.615280824957836,0.20975403577219154,0.20680420176091802,0.707767117383131
JFM2026,TP,ECMWF,All India,2026-01-01,daily,9,Week 2,era5,0.7883871544561135,1.7721837596688546,-0.2438787874612297,0.5620399646631098,0.5288243003991837,1.5051522328248303,2.677882450280235,0.40557466588027796,0.6494534533415077,0.5620680745965227
JFM2026,TP,ECMWF,All India,2026-01-01,daily,10,Week 2,era5,0.6234647562691885,1.2643159686180547,0.039469334955654196,0.3716770860530162,0.11448019238728857,1.3052962726042494,1.5590707718218355,0.35854176654515507,0.3190724315895009,0.8372270817949844
JFM2026,TP,ECMWF,All India,2026-01-01,daily,11,Week 2,era5,0.8356493343599608,0.7428515548793792,0.13253319780529518,0.7200233333581576,0.37740392349475604,1.0342221361520298,1.3242154110826931,0.329450784019352,0.1969175862140569,0.7810074761978781
JFM2026,TP,ECMWF,All India,2026-01-01,daily,12,Week 2,era5,0.44148701975377186,3.2321911132930743,-0.31982276543205507,0.1603495607946016,0.1108804363268383,0.9719011695348375,3.524932531655266,0.22120995026757806,0.5410327156996331,0.2757219211450962
JFM2026,TP,ECMWF,All India,2026-01-01,daily,13,Week 2,era5,0.9335929260858375,0.3971184299397558,0.15123681189212226,0.8916245148031373,0.43702658076110257,0.9457956232243223,1.024300183176722,0.19421951377627286,0.04298270188415063,0.9233578581340004
JFM2026,TP,ECMWF,All India,2026-01-01,daily,14,Week 2,era5,0.9595878556895289,0.3407731077734485,0.18441971080886027,0.9201192521914962,0.4602678333247414,0.9534750692705252,1.015550475601968,0.2239803371772716,0.03956062636841134,0.9388751147059947
JFM2026,TP,ECMWF,All India,2026-01-01,daily,15,Week 3,era5,0.5174659089728816,1.3866127920440356,-0.12123590538679915,0.28794837428462816,-0.29776791455037,0.9380011313450427,1.6095490829073313,0.24678307645506203,0.36801898184186116,0.5827726170678371
JFM2026,TP,ECMWF,All India,2026-01-01,daily,16,Week 3,era5,0.878018461539996,0.5696269559785526,0.17439210583429562,0.7974029933100009,-0.054387526277563714,0.9238928658849569,1.1250764209825723,0.3033318239211593,0.12893971808686366,0.8211823202890395
JFM2026,TP,ECMWF,All India,2026-01-01,daily,17,Week 3,era5,0.9027582058175956,0.523706443155718,0.2019883663450579,0.8278591573600111,0.08707996487385072,0.9365530494674283,1.112268434944819,0.3231246523981554,0.12113628605309756,0.8420207029554801
JFM2026,TP,ECMWF,All India,2026-01-01,daily,18,Week 3,era5,0.6572534864411544,0.9085321933961944,0.15874131197997446,0.476359702503648,-1.3819533314415051,0.9754821611630546,1.1507720357698434,0.38365684044555665,0.22491552846558208,0.8476762823928691
JFM2026,TP,ECMWF,All India,2026-01-01,daily,19,Week 3,era5,0.8504300858875923,0.601266708739702,0.3053375354322186,0.7163764181274956,-3.425454859872919,0.9386359972794297,0.9545998432394794,0.4388515497625162,0.13351401433029775,0.9832769237569999
JFM2026,TP,ECMWF,All India,2026-01-01,daily,20,Week 3,era5,0.8485795964339834,0.7272769740575257,0.459154271371322,0.6635494436386917,-2.115420116960806,0.9575390549295768,1.060464487837617,0.5363932701666989,0.07723899879537698,0.9029430649602285
JFM2026,TP,ECMWF,All India,2026-01-01,daily,21,Week 3,era5,0.3720518067165521,3.5983519288859522,-0.4431314786019473,0.12065783843063893,0.14927264172191834,0.9543176779563541,3.8144071966875788,0.7313243411077094,1.1744558197096568,0.25018767759904637
JFM2026,TP,ECMWF,All India,2026-01-01,daily,22,Week 4,era5,0.3680127767782262,10.891954877608276,-3.3580136941831804,0.058891734280283825,0.15829290946434726,1.0086783217926991,10.69006242543134,0.8397584333635979,4.19777212754678,0.09435663531702898
JFM2026,TP,ECMWF,All India,2026-01-01,daily,23,Week 4,era5,0.26849826821666467,2.479822543151391,0.4566827473637397,0.052616583429710984,-0.19640492802832155,0.9370775121301171,2.5157041433361544,0.8284682170940165,0.37178546973027654,0.37249114313077736
JFM2026,TP,ECMWF,All India,2026-01-01,daily,24,Week 4,era5,0.21026949157174604,2.1420469417992467,0.6736905441388957,-0.12129818501646894,-0.6894514941629111,1.0797277418607145,1.9649171431629568,0.9768502002777805,0.30315965613888485,0.5495029373720361
JFM2026,TP,ECMWF,All India,2026-01-01,daily,25,Week 4,era5,0.41405909438501726,1.4373522480810212,0.4673307916330644,-0.03412885089642814,-0.03602222262278354,1.0586549715062803,1.396980183369963,1.0458918970320288,0.5785611053989645,0.7578167422192531
JFM2026,TP,ECMWF,All India,2026-01-01,daily,26,Week 4,era5,0.13127700237555906,8.064026187635182,-2.619058990996314,0.028504710052536297,0.13658969887835037,1.0443690300796915,7.693366489659808,0.9682920358074004,3.5873510268037134,0.13574928888196933
JFM2026,TP,ECMWF,All India,2026-01-01,daily,27,Week 4,era5,0.5596642273071932,1.6934409238889083,0.4318013777409542,0.2833788566433203,0.04231892535035042,0.9671945050976627,1.969181863761804,0.8936447587806394,0.46184338103968525,0.4911656576249356
JFM2026,TP,ECMWF,All India,2026-01-01,daily,28,Week 4,era5,0.07163562820808327,1.4216574505140818,0.63752384458949,-0.5744290615843846,-1.2805963345429827,0.9257400875371851,0.9392858191418316,0.8283892847191885,0.19086544012969853,0.9855786903958345
JFM2026,TP,ECMWF,All India,2026-01-01,daily,29,Week 5,era5,0.5488813353190866,1.0851720296444713,0.5192934584923834,0.19345088063117544,-5.974391862478228,0.9783314777525318,1.0260238265243948,0.7161919353920961,0.19689847689971268,0.953517308722334
JFM2026,TP,ECMWF,All India,2026-01-01,daily,30,Week 5,era5,0.7725315761596092,0.9339463911116062,0.3796213939821485,0.5797482346885018,-0.8418685500150691,0.9394321830187791,1.3359136790019455,0.6863885373183597,0.30676714333621125,0.703213237340772
JFM2026,TP,ECMWF,All India,2026-01-01,daily,31,Week 5,era5,0.6212433331684527,1.3758136547482431,0.09520860121553174,0.38451528713427674,0.4856427736810073,0.9892076051886836,1.747201234616586,0.8022932611321222,0.7070846599165905,0.5661669563813924
JFM2026,TP,ECMWF,All India,2026-01-01,daily,32,Week 5,era5,0.7036352480445176,1.1191287743921707,0.5181569870488818,0.46786482160944354,-1.0172587000048883,0.9874440784156335,1.3959883228439893,0.7514894802275814,0.23333249317869958,0.707344081792858
JFM2026,TP,ECMWF,All India,2026-01-01,daily,33,Week 5,era5,0.7613843808709934,0.8465421207700953,0.25695071292341215,0.5917537027929473,0.2065509974479841,1.0046989761177978,1.2407318917869057,0.67415757590276,0.41720686297934784,0.809763158961625
JFM2026,TP,ECMWF,All India,2026-01-01,daily,34,Week 5,era5,0.8508336646129138,0.8775990881184185,0.5446934475558484,0.6788553884423298,-1.8955258390358685,1.0822463028381404,1.3082727187880336,0.6105868669030696,0.06589341934722127,0.827232951735567
JFM2026,TP,ECMWF,All India,2026-01-01,daily,35,Week 5,era5,0.7815176430075333,0.9493458074810353,0.5535114830014488,0.5883306957231038,-2.8021625339873926,1.0544894684558939,1.2266922033310077,0.6332885227564581,0.07977703975500922,0.8596202581156807
JFM2026,TP,ECMWF,All India,2026-01-01,daily,36,Week 6,era5,0.7587207096624408,1.0429022936909562,0.5059304554080664,0.5767347017863134,-4.972063232427386,1.087530701051038,1.3994137626239933,0.6430453117486392,0.13711485634057288,0.7771330610696912
JFM2026,TP,ECMWF,All India,2026-01-01,daily,37,Week 6,era5,0.49454477016691056,1.513076203803609,0.7492315378781689,0.15693278983380243,-2.2287866190129164,1.1347485771866817,1.4302782273906338,0.861361773412084,0.11213023553391499,0.7933761106444935
JFM2026,TP,ECMWF,All India,2026-01-01,daily,38,Week 6,era5,0.7665253875988318,1.007595549109339,0.5794116763784614,0.5689407598268641,-2.67557592624167,1.1011220095839651,1.2676667318080308,0.6560154577193011,0.07660378134083974,0.8686210515388942
JFM2026,TP,ECMWF,All India,2026-01-01,daily,39,Week 6,era5,0.9197961732963859,0.7621956979754603,0.418598218324164,0.8043813245425571,-3.354668345976826,1.1393654577514505,1.5016739774124184,0.5251621239750666,0.10656390565090257,0.758730240311367
JFM2026,TP,ECMWF,All India,2026-01-01,daily,40,Week 6,era5,0.7174171356804753,1.1387110751131413,0.23697168499346188,0.557368625087749,0.02666533967375051,1.1676458949779438,1.598500285618058,0.5868777502530171,0.34990606525955553,0.7304633633684182
JFM2026,TP,ECMWF,All India,2026-01-01,daily,41,Week 6,era5,0.916378952038798,0.9168905787416997,0.6265844611930188,0.7498232660820281,-2.3458881093733472,1.2103913724362598,1.5710288666550278,0.6529311762313038,0.026346715038284906,0.7704450237209053
JFM2026,TP,ECMWF,All India,2026-01-01,daily,42,Week 6,era5,0.76781206462138,1.1766166943629537,0.6525181029772494,0.5550585035732141,-2.356558946096588,1.1751115884083259,1.528237373292944,0.7513207128841184,0.09880260990686897,0.7689326337284068
JFM2026,TP,ECMWF,All India,2026-01-01,weekly,1,Week 1,era5,0.8729407537107511,0.4177064136021081,0.14934599255841546,0.8076220093872696,0.13337935815855917,0.7683656362119461,0.778801102089476,0.22698374905086607,0.07763775649245061,0.9866006020670334
JFM2026,TP,ECMWF,All India,2026-01-01,weekly,2,Week 2,era5,0.9014322192810287,0.621262889135308,-0.007584680279196714,0.8118519870474387,0.6636373178305921,1.0763171976531105,1.3810697582034306,0.27753299863550307,0.28511767891469986,0.7793358671854791
JFM2026,TP,ECMWF,All India,2026-01-01,weekly,3,Week 3,era5,0.7367723985048137,0.7782792204870869,0.1050351622830553,0.5831488682730106,-0.49431942799625084,0.9181807135834323,1.1339498622777577,0.42335221139249796,0.3183170491094428,0.8097189691783098
JFM2026,TP,ECMWF,All India,2026-01-01,weekly,4,Week 4,era5,0.44171735785940264,2.2218923642884683,-0.47286333924007856,0.20266225067736754,0.452641479530971,0.967504853778697,2.417283289215896,0.9116135454173417,1.3844768846574207,0.40024471194376665
JFM2026,TP,ECMWF,All India,2026-01-01,weekly,5,Week 5,era5,0.8508858725782203,0.701829349718977,0.4096337121897545,0.6723168795444583,-1.0823778983055616,0.9798960241994127,1.0782321339426755,0.6963422986125434,0.2867085864227888,0.9087987580339626
JFM2026,TP,ECMWF,All India,2026-01-01,weekly,6,Week 6,era5,0.8581394242803349,0.8742116216153947,0.5384637297638311,0.6907766427102496,-7.28097885902652,1.126787053408259,1.3406079347835644,0.6681020453110549,0.12963831554722388,0.8405045384056853
JFM2026,TP,ECMWF,central_india,2026-01-01,daily,1,Week 1,era5,0.667292090590112,0.21740611773106727,0.06372692947440857,0.5651005827010263,-1.7057070008817785,0.2733553354301543,0.2242860576911211,0.09342738209904973,0.02970045262464117,1.218779884243227
JFM2026,TP,ECMWF,central_india,2026-01-01,daily,2,Week 1,era5,0.6815379404659148,0.15584136379329305,-0.015058953769668634,0.737189718485916,-0.0330176671639808,0.17900735100791415,0.2050677461671706,0.03145173221711019,0.04651068598677882,0.8729181178106278
JFM2026,TP,ECMWF,central_india,2026-01-01,daily,3,Week 1,era5,0.9320548637535491,0.07073108391268333,-0.02184380317507343,0.9454932351569509,0.2817228397287551,0.18011709136633777,0.18421701105991617,0.008100823038240055,0.02994462621331348,0.9777440765649764
JFM2026,TP,ECMWF,central_india,2026-01-01,daily,4,Week 1,era5,0.9759963833831625,0.03805235459934974,0.002906899575050986,0.9849999172438687,0.6343812300779975,0.17406441638889833,0.17145002153911465,0.014313779673059548,0.011406880098008563,1.015248728616737
JFM2026,TP,ECMWF,central_india,2026-01-01,daily,5,Week 1,era5,0.9994522396624069,0.006891138313587038,0.002833584944053459,0.9995473600852786,0.9746909512038479,0.17573620272918888,0.17801368350830207,0.0032806154353413938,0.00044703049128793455,0.987206147672311
JFM2026,TP,ECMWF,central_india,2026-01-01,daily,6,Week 1,era5,0.997344549538531,0.014082959491606267,0.0052439579277895046,0.9981249577694499,0.8943712214009496,0.17705317668280546,0.17871995653331552,0.005714333008618508,0.0004703750808290032,0.9906737899737607
JFM2026,TP,ECMWF,central_india,2026-01-01,daily,7,Week 1,era5,0.9972886573699725,0.013753296948336649,0.0037814055143894514,0.9982297233857099,0.8991983282845791,0.17855524208646112,0.1795552378246935,0.0043062019204120955,0.0005247964060226432,0.9944307069493082
JFM2026,TP,ECMWF,central_india,2026-01-01,daily,8,Week 2,era5,0.9917912715895455,0.025460094469064012,0.009592462119086773,0.9939840805221255,0.6546863600032802,0.1840124685364899,0.180896355743308,0.0102504908619455,0.0006580287428587285,1.0172259567108342
JFM2026,TP,ECMWF,central_india,2026-01-01,daily,9,Week 2,era5,0.9779776234751878,0.04290182663851904,0.012121563176552648,0.982053037272638,0.3259851837081157,0.19041901060424013,0.17553986809893754,0.01937420569387723,0.00725264251732458,1.0847621834654475
JFM2026,TP,ECMWF,central_india,2026-01-01,daily,10,Week 2,era5,0.9516062284138391,0.09136738223571592,0.050466050244567566,0.9167892845888417,-1.2102269729718471,0.21638209866325844,0.1687740553404139,0.05804934040463045,0.007583290160062887,1.2820815274410517
JFM2026,TP,ECMWF,central_india,2026-01-01,daily,11,Week 2,era5,0.8579769163897785,0.14825700360702332,0.11066267862610484,0.7997756214004719,-10.702215853559084,0.18652987242642546,0.18354965738984338,0.11118705202848646,0.0005243734023816172,1.0162365600620673
JFM2026,TP,ECMWF,central_india,2026-01-01,daily,12,Week 2,era5,0.9553937722555637,0.06212711637032483,0.019728706523517436,0.9648449417647006,-0.22760896589776314,0.18802945416213182,0.19930915097642274,0.0320710499013238,0.012342343377806366,0.9434060264717837
JFM2026,TP,ECMWF,central_india,2026-01-01,daily,13,Week 2,era5,0.9614635939583684,0.062271954806065254,-0.017105548123095317,0.9641306948475862,0.305133777043779,0.18775453351271085,0.21086045252928706,0.008462113925649762,0.025567662048745075,0.8904208032401573
JFM2026,TP,ECMWF,central_india,2026-01-01,daily,14,Week 2,era5,0.9300727533977734,0.08129022682639218,0.042157119008807344,0.9411391056455873,-2.5437732255988044,0.18601152148306307,0.18569526754909507,0.042250638200313016,9.35191915056735e-05,1.0017030802030773
JFM2026,TP,ECMWF,central_india,2026-01-01,daily,15,Week 3,era5,0.9306669785438182,0.08747847167477191,0.05391865121156676,0.9327963191197632,-3.4974122820810356,0.17008584447718125,0.18783697093011129,0.05418765087154079,0.0002689996599740179,0.9054971640298932
JFM2026,TP,ECMWF,central_india,2026-01-01,daily,16,Week 3,era5,0.8720671146704017,0.12773079980127738,0.08768808778483575,0.859081897922168,-7.7100427793704025,0.1634853439141501,0.18973753780937463,0.08768808778483575,0.0,0.8616394299287283
JFM2026,TP,ECMWF,central_india,2026-01-01,daily,17,Week 3,era5,0.909491203688521,0.13473547913765246,0.10904845090564662,0.8381152846639771,-3.8116610499888894,0.167504820637761,0.18993356278722887,0.11781578204333548,0.008767331137688848,0.881912697154039
JFM2026,TP,ECMWF,central_india,2026-01-01,daily,18,Week 3,era5,0.571321442498301,0.25784364504062385,0.18841989046219754,0.4356495013396753,-29.92232000323749,0.18662081566107508,0.1933492849613976,0.19146281496345638,0.0030429245012588554,0.9652004438409696
JFM2026,TP,ECMWF,central_india,2026-01-01,daily,19,Week 3,era5,0.6358632576471951,0.2769954381530167,0.22705183233500387,0.36988294220470785,-39.76978446182393,0.1696550573232979,0.19748007869226436,0.22806269910186167,0.0010108667668577726,0.859099603599376
JFM2026,TP,ECMWF,central_india,2026-01-01,daily,20,Week 3,era5,0.15325581551697898,0.36931648702654346,0.28879674981001396,-0.0935159020900429,-71.69989842706161,0.14700396362091325,0.20110274053709157,0.28923257411351805,0.00043582430350405877,0.7309893601067048
JFM2026,TP,ECMWF,central_india,2026-01-01,daily,21,Week 3,era5,0.5017826671570655,0.3363108532337666,0.28109955272294357,0.11147359191710893,-61.49576511520204,0.15605976698676394,0.20426655919491535,0.28129117400678977,0.00019162128384622382,0.764000566719531
JFM2026,TP,ECMWF,central_india,2026-01-01,daily,22,Week 4,era5,0.5946379770460083,0.3578116780876019,0.2895653475692544,0.004346760062637012,-4.221012148588735,0.22930443708328915,0.2373123100755232,0.31552574169825004,0.025960394128995683,0.966255973026913
JFM2026,TP,ECMWF,central_india,2026-01-01,daily,23,Week 4,era5,0.12574877767943193,0.5045130947572054,0.39436373481958664,-0.9599277695709145,-110.2633076992234,0.2606600597870687,0.2120579595515985,0.39971218501641786,0.005348450196831261,1.2291925299019213
JFM2026,TP,ECMWF,central_india,2026-01-01,daily,24,Week 4,era5,-0.3932228911136234,0.5506189110589533,0.42857657146256,-1.470470977423199,-47.057607612931704,0.20184483694303418,0.2122831534527822,0.44841181004825725,0.019835238585697197,0.9508283331014781
JFM2026,TP,ECMWF,central_india,2026-01-01,daily,25,Week 4,era5,-0.5874226698415355,0.7007240946441831,0.531747144869594,-2.5503223456949575,-94.54457373571024,0.2711279115625137,0.24087674536050785,0.5487226583167468,0.016975513447152774,1.125587740554741
JFM2026,TP,ECMWF,central_india,2026-01-01,daily,26,Week 4,era5,0.08212396226520066,4.4017830853033475,-0.6219522324119129,0.025183860968783667,0.06151476133806655,0.28417473454443043,4.371746357530331,0.5537519115419889,1.1757041439539022,0.06500256677859172
JFM2026,TP,ECMWF,central_india,2026-01-01,daily,27,Week 4,era5,-0.09997358494610437,0.5080303861512505,0.2826591077196798,-0.6077045165098729,-0.727875886077104,0.18355076384717223,0.362234256866105,0.4139399086941213,0.13128080097444148,0.5067184021610063
JFM2026,TP,ECMWF,central_india,2026-01-01,daily,28,Week 4,era5,0.10693574349358517,0.4320262545099342,0.36195602356611767,-0.3470526743705573,-85.25616665342301,0.10866467247453551,0.2212902072773522,0.36595043578231096,0.0039944122161933255,0.49105052506160635
JFM2026,TP,ECMWF,central_india,2026-01-01,daily,29,Week 5,era5,0.09739502877298906,0.41373752682989146,0.3236500491990132,-0.1929587732862541,-69.59389814427253,0.1297948275858089,0.2356716239660734,0.33143269755199445,0.007782648352981204,0.5507444018992027
JFM2026,TP,ECMWF,central_india,2026-01-01,daily,30,Week 5,era5,0.3647570072873887,0.391508791196733,0.23333006237635645,0.12034966552012549,-1.4877778506537895,0.12135045100738356,0.3376395248967035,0.2936699026461921,0.060339840269835625,0.35940830992612366
JFM2026,TP,ECMWF,central_india,2026-01-01,daily,31,Week 5,era5,0.05398515216021343,0.8714162504253693,0.1357484835759817,-0.001260068721998131,-0.13216841055127349,0.14352764312286617,0.8565112752398559,0.2860102712037459,0.15026178762776418,0.1675723919485741
JFM2026,TP,ECMWF,central_india,2026-01-01,daily,32,Week 5,era5,0.37740896727265655,0.4209660935197335,0.2120389257534699,0.1646330604205185,-0.9625253441567132,0.17514824718101604,0.3915938099053363,0.27959458977111223,0.06755566401764232,0.4472702140602179
JFM2026,TP,ECMWF,central_india,2026-01-01,daily,33,Week 5,era5,-0.18707060264763545,0.5123760737303159,0.09606151693850623,-0.11792343419695861,-0.11843597630138691,0.11644415699393151,0.4683357838747748,0.2843481366827699,0.18828661974426372,0.24863390969302218
JFM2026,TP,ECMWF,central_india,2026-01-01,daily,34,Week 5,era5,-0.22820244061165337,0.41453007298665495,0.24935209895681176,-0.20344100126050835,-7.867567851587848,0.16086839053343466,0.25505602245428816,0.28629381428130085,0.03694171532448913,0.6307178673354633
JFM2026,TP,ECMWF,central_india,2026-01-01,daily,35,Week 5,era5,-0.07780876459940375,0.48892382026983083,0.3041651065978526,-0.5082710362676885,-126.21124981479737,0.28077394413373485,0.2392536123800069,0.30458936797007324,0.0004242613722206556,1.1735410861332416
JFM2026,TP,ECMWF,central_india,2026-01-01,daily,36,Week 6,era5,0.16524559002113695,0.3708971514327802,0.26522708638203935,0.15086217503825572,-72.44056690879621,0.1409501857638047,0.24214025742380585,0.26522708638203935,0.0,0.5821014120634501
JFM2026,TP,ECMWF,central_india,2026-01-01,daily,37,Week 6,era5,-0.41071338612707314,0.5664920497960141,0.4201210424249813,-0.9393125224070915,-170.38353155681665,0.20690890994289785,0.24490138581941173,0.4201836912879863,6.264886300496429e-05,0.8448662274841955
JFM2026,TP,ECMWF,central_india,2026-01-01,daily,38,Week 6,era5,0.3691549078483441,0.3316546822207769,0.23685798478690334,0.35004697154968334,-57.67627191487817,0.12290629129447558,0.2474747418625206,0.23704741818116606,0.00018943339426269934,0.4966417597588751
JFM2026,TP,ECMWF,central_india,2026-01-01,daily,39,Week 6,era5,0.8977202155326789,0.237518399817744,0.18884540900690874,0.6751338791805127,-29.11928859794032,0.13224439306000502,0.25046783390015215,0.18885841583881535,1.3006831906656815e-05,0.5279895266420663
JFM2026,TP,ECMWF,central_india,2026-01-01,daily,40,Week 6,era5,0.46446224441834094,0.33787771982794995,0.2483008534084827,0.35873788520351035,-59.96819525056365,0.16381355722193694,0.25346085276839636,0.2483455568920642,4.470348358154297e-05,0.6463071335581121
JFM2026,TP,ECMWF,central_india,2026-01-01,daily,41,Week 6,era5,-0.01691581736169992,0.44150682498204313,0.32023172596868527,-0.06956026549133432,-103.0648033359892,0.15912450898716748,0.256280389704651,0.32023172596868527,0.0,0.6209000586059265
JFM2026,TP,ECMWF,central_india,2026-01-01,daily,42,Week 6,era5,0.2670508567813793,0.38388465924870124,0.28560507228614174,0.20903344425638393,-77.673874633109,0.12807821677965175,0.2590656155169391,0.28560507228614174,0.0,0.4943852410675369
JFM2026,TP,ECMWF,central_india,2026-01-01,weekly,1,Week 1,era5,0.9685340006147846,0.046332342437662044,0.005941430371952897,0.9776631891024017,0.3483367730667103,0.18451211774359125,0.17709660971144145,0.02294212288172152,0.017000692509768624,1.0418726707655923
JFM2026,TP,ECMWF,central_india,2026-01-01,weekly,2,Week 2,era5,0.9829542203808156,0.047230810165121984,0.032517574532276536,0.9790184190713582,-0.05959391169082995,0.1860958158211895,0.18458867855152516,0.0402349829891247,0.00771740845684816,1.0081648413190392
JFM2026,TP,ECMWF,central_india,2026-01-01,weekly,3,Week 3,era5,0.7517778386507676,0.21807279862567244,0.1765747430332419,0.5993649786330664,-24.228879853341702,0.14647140162165292,0.19406820876371486,0.178534395616256,0.0019596525830141297,0.7547418639803453
JFM2026,TP,ECMWF,central_india,2026-01-01,weekly,4,Week 4,era5,0.31069460044305236,0.6692723796666574,0.23813081859942647,-0.012327836003295234,0.03189311325835453,0.17283776768789613,0.6572144683913752,0.4351449510275457,0.19701413242811927,0.2629853358386051
JFM2026,TP,ECMWF,central_india,2026-01-01,weekly,5,Week 5,era5,0.07915926217434659,0.3861357126827147,0.22204945913997853,0.021856411242307416,-2.241885570635732,0.09111891068805685,0.3097756206091473,0.29513410619087654,0.07308464705089796,0.2941448733405143
JFM2026,TP,ECMWF,central_india,2026-01-01,weekly,6,Week 6,era5,0.32035355848105895,0.3677637871395232,0.2807413167727172,0.22139961312073886,-71.21162275974919,0.0923059166680613,0.25045183209728483,0.28078557285404515,4.425608132794256e-05,0.36855756212718077
JFM2026,TP,ECMWF,east_northeast_india,2026-01-01,daily,1,Week 1,era5,0.883547140713552,0.6686923570809854,-0.1461148857908058,0.6630527304062828,-1.2544523017938412,1.3100057375343497,0.9352366117682545,0.19416709553252906,0.34028198132333476,1.400721187612104
JFM2026,TP,ECMWF,east_northeast_india,2026-01-01,daily,2,Week 1,era5,0.8208573306779409,0.8795282109524168,0.2582789402200762,0.7096453401884055,-0.5288132820830027,1.219605845712877,1.4719403062170067,0.5825125527549819,0.32423361253490574,0.8285701808433743
JFM2026,TP,ECMWF,east_northeast_india,2026-01-01,daily,3,Week 1,era5,0.8400661727998117,0.9800059379389573,0.39620072723601785,0.6435246358390456,-4.900360500518082,1.651324022654287,1.4180264930908617,0.6158371988183997,0.21963647158238178,1.1645226874816057
JFM2026,TP,ECMWF,east_northeast_india,2026-01-01,daily,4,Week 1,era5,0.9593680368193815,0.4769091568290068,0.16551338629133946,0.9231876220943694,-0.2309492342788695,1.5813482347026186,1.4860705230599285,0.36089958655678334,0.19538620026544387,1.0641138560816794
JFM2026,TP,ECMWF,east_northeast_india,2026-01-01,daily,5,Week 1,era5,0.9652617502875321,0.46993643377461447,0.2347696960057933,0.9338578119803617,0.12754523821635255,1.5334064024652703,1.5522382540448352,0.35051602792311715,0.11574633191732382,0.9878679374570929
JFM2026,TP,ECMWF,east_northeast_india,2026-01-01,daily,6,Week 1,era5,0.9691879748491459,0.40109775371511536,0.09800912617106268,0.9530380259471465,0.28794410914156543,1.5141913617820209,1.5778094694067655,0.22801508185878266,0.13000595568771997,0.9596794740694108
JFM2026,TP,ECMWF,east_northeast_india,2026-01-01,daily,7,Week 1,era5,0.998763010999902,0.1432694818353369,0.08234799205932758,0.9951257800579522,0.9578063863016161,1.643792604810993,1.7258084316148166,0.08848716058727468,0.006139168527947095,0.9524768651598935
JFM2026,TP,ECMWF,east_northeast_india,2026-01-01,daily,8,Week 2,era5,0.9989942679766572,0.07778248228098898,0.004047997433414216,0.9985704098814736,0.9860031168974145,1.7270288689251017,1.731398884541867,0.02857917078448036,0.02453117335106614,0.9974760203117945
JFM2026,TP,ECMWF,east_northeast_india,2026-01-01,daily,9,Week 2,era5,0.9880624774690651,0.3548490576623397,0.13392192890848362,0.9710272678284583,0.6972408724452913,1.5466932518222805,1.7545222146400046,0.16264673736352506,0.02872480845504143,0.8815466905556584
JFM2026,TP,ECMWF,east_northeast_india,2026-01-01,daily,10,Week 2,era5,0.9667466737460296,0.41679172357493705,0.03611701888169427,0.9491403726632447,-0.15162908857033086,1.6203755367377746,1.5401625123679583,0.1894952023879191,0.15337818350622484,1.0520808834948794
JFM2026,TP,ECMWF,east_northeast_india,2026-01-01,daily,11,Week 2,era5,0.996002931313024,0.2536422295707643,0.14946989336844088,0.9868220294706839,0.8719601420260865,1.7304566413194686,1.858086113901704,0.1496184643510737,0.00014857098263280883,0.9313113253323698
JFM2026,TP,ECMWF,east_northeast_india,2026-01-01,daily,12,Week 2,era5,0.994976321728246,0.23518455871469648,0.11923035691398978,0.9886792627441211,0.8731820526074795,1.7692419149131604,1.858966647702873,0.13971841493636694,0.02048805802237715,0.9517340814583276
JFM2026,TP,ECMWF,east_northeast_india,2026-01-01,daily,13,Week 2,era5,0.981369422466429,0.35189746592057003,0.031554512607197466,0.9732936143783516,0.6266639161866623,1.8140715949314719,1.8171159952294842,0.11364512160409929,0.08209060899690182,0.9983245977108754
JFM2026,TP,ECMWF,east_northeast_india,2026-01-01,daily,14,Week 2,era5,0.9930930375928798,0.2399262920888441,0.07479245157278899,0.9884385033107651,0.844748179086474,1.8246361634945951,1.890384491017451,0.14855828748693886,0.0737658359141499,0.9652196006498823
JFM2026,TP,ECMWF,east_northeast_india,2026-01-01,daily,15,Week 3,era5,0.9980813566940995,0.2321649310049157,0.1733132781099188,0.990360376629879,0.8898519541675224,1.8934493196911626,1.9904097613227862,0.17882766481957563,0.005514386709656864,0.9512861906549405
JFM2026,TP,ECMWF,east_northeast_india,2026-01-01,daily,16,Week 3,era5,0.9953900104023163,0.24804308828795946,0.15102386363383322,0.9888759559439063,0.8497689673890461,1.9142344573735721,1.976193537280083,0.18150521066344386,0.03048134702961065,0.9686472611423537
JFM2026,TP,ECMWF,east_northeast_india,2026-01-01,daily,17,Week 3,era5,0.9857749224077598,0.3754925085274833,0.1779491335375945,0.9740282631696898,0.5605862664953657,1.9135715172247258,1.963111294979264,0.25333926882611824,0.07539013528852369,0.9747646616464191
JFM2026,TP,ECMWF,east_northeast_india,2026-01-01,daily,18,Week 3,era5,0.8831627472896789,0.9246138402082934,0.027767467188436357,0.8228653840415348,-0.4802783173511036,1.9278741822930978,1.8933578820629688,0.27049473630980186,0.2427272691213655,1.0182302038917865
JFM2026,TP,ECMWF,east_northeast_india,2026-01-01,daily,19,Week 3,era5,0.9281996054738371,0.7608329834950966,0.09487605653006771,0.844731416976038,-2.7771752032605357,1.9433966987449072,1.5870981738258583,0.3793917620733085,0.28451570554324085,1.224496840078995
JFM2026,TP,ECMWF,east_northeast_india,2026-01-01,daily,20,Week 3,era5,0.9412564065524012,0.7857441234937702,0.267346319740002,0.8592055012722983,-2.092177961912346,2.0868559035657257,1.7422416036123658,0.516699233683284,0.24935291394328188,1.197799374804755
JFM2026,TP,ECMWF,east_northeast_india,2026-01-01,daily,21,Week 3,era5,0.992037839303381,0.6334851031903473,0.5706995023561036,0.9402248917737577,0.0062874931199914386,2.1609093555752157,2.182977236524602,0.6127041960226413,0.04200469366653771,0.9898909248433029
JFM2026,TP,ECMWF,east_northeast_india,2026-01-01,daily,22,Week 4,era5,0.985383995753618,0.7681812210607851,0.6753308139383142,0.9105993931945288,-0.6456299203946059,2.130369003057721,2.147517836430218,0.7303539901636432,0.055023176225329096,0.9920145793056587
JFM2026,TP,ECMWF,east_northeast_india,2026-01-01,daily,23,Week 4,era5,0.9656171838351022,0.8691809398199911,0.6817504683027756,0.8787471092143777,-1.819327932877421,2.0107064886447397,2.0736935720250638,0.7863981667452381,0.10464769844246244,0.9696256552896511
JFM2026,TP,ECMWF,east_northeast_india,2026-01-01,daily,24,Week 4,era5,0.8951618729516517,1.1524253182972843,0.5946458673258226,0.7382757409112347,-2.595286580514218,2.205552265840278,1.8849734174443478,0.8832740635430638,0.2886281962172411,1.170070752950231
JFM2026,TP,ECMWF,east_northeast_india,2026-01-01,daily,25,Week 4,era5,0.9458255755110779,1.2791378895301364,1.0017659317911478,0.7051654377988716,-19.325900638414005,2.3350332839526766,1.967906619932978,1.2573163432507202,0.25555041145957214,1.186556953618156
JFM2026,TP,ECMWF,east_northeast_india,2026-01-01,daily,26,Week 4,era5,0.9790573959267461,1.637441894977829,1.5565408339827786,0.6688100464134998,-4.475315681825027,2.4798024755309465,2.3685062365531224,1.5601590043388813,0.0036181703561027345,1.046990055276271
JFM2026,TP,ECMWF,east_northeast_india,2026-01-01,daily,27,Week 4,era5,0.9697181027077713,1.7559639534058828,1.654639332513442,0.6181831961262481,-7.208883706810424,2.319131276932303,2.4063060135895777,1.7548626943908983,0.1002233618774558,0.9637723813326498
JFM2026,TP,ECMWF,east_northeast_india,2026-01-01,daily,28,Week 4,era5,0.07401413451344999,2.2815030345065477,0.057935603782212554,-5.206840735464506,-0.11339410198599653,2.197441669483581,0.7947825568650847,1.2475979959784793,1.1896623921962666,2.7648337907050964
JFM2026,TP,ECMWF,east_northeast_india,2026-01-01,daily,29,Week 5,era5,0.9160080833657754,1.2195607210584314,0.295842608302108,0.5203794768871812,-1.1224316295927768,2.30298243881198,1.370442399843399,0.8674972512229275,0.5716546429208194,1.6804664238899372
JFM2026,TP,ECMWF,east_northeast_india,2026-01-01,daily,30,Week 5,era5,0.9365658564323043,1.3005669649492078,1.0001809753030386,0.7937098090088308,-5.007379241372112,2.2320211148682,2.3717027974016216,1.1056102928616458,0.10542931755860713,0.9411048961588048
JFM2026,TP,ECMWF,east_northeast_india,2026-01-01,daily,31,Week 5,era5,0.9646057889496423,1.3232829732343063,1.1307713588805344,0.8135012402878022,-3.3928588258912766,2.3214333166709618,2.5518421104426947,1.1775017915191595,0.04673043263862513,0.9097088362838556
JFM2026,TP,ECMWF,east_northeast_india,2026-01-01,daily,32,Week 5,era5,0.9613956563184081,1.2287677583764707,1.0433501992451268,0.8143799707697037,-7.712026843307598,2.346846206734016,2.3214961474599622,1.1621478007131993,0.11879760146807242,1.0109197076642966
JFM2026,TP,ECMWF,east_northeast_india,2026-01-01,daily,33,Week 5,era5,0.9646700130172265,1.0706848552879908,0.8639841141585575,0.8660180154569905,-5.4410865765978595,2.323428928449474,2.400057202758875,0.9996420728980422,0.13565795873948472,0.9680723133509833
JFM2026,TP,ECMWF,east_northeast_india,2026-01-01,daily,34,Week 5,era5,0.9076734861591432,1.3913439445783566,0.9606947065486448,0.7148691446196029,-4.824243117813565,2.391407918494116,2.0954349734372117,1.25259098687448,0.29189628032583526,1.1412465425120828
JFM2026,TP,ECMWF,east_northeast_india,2026-01-01,daily,35,Week 5,era5,0.9774862150474118,1.045068996133576,0.6983442450088354,0.7908958841659853,-3.1255143511644707,2.4062482964067557,1.763255128883777,1.1190974925391142,0.42075324753027876,1.3646625817161375
JFM2026,TP,ECMWF,east_northeast_india,2026-01-01,daily,36,Week 6,era5,0.9125291639573573,1.1258401947831556,0.4378585871333283,0.8543783534067918,-1.4857683080971555,2.4900405890273105,2.4685614329655166,0.7311201026067194,0.29326151547339113,1.0087010822477247
JFM2026,TP,ECMWF,east_northeast_india,2026-01-01,daily,37,Week 6,era5,0.6531736582530571,2.1628196874744776,0.23682135897814197,0.4230827473524794,-0.41365889562040836,2.5876769657444,2.574745713434296,0.9637914814029852,0.7269701224248432,1.0050223415239152
JFM2026,TP,ECMWF,east_northeast_india,2026-01-01,daily,38,Week 6,era5,0.9639958251468143,1.1517855423755712,0.6298610131608579,0.7559878144197001,-2.7994698528029804,2.581401341258958,1.8111965749748853,1.139701997176397,0.5098409840155392,1.4252463685752899
JFM2026,TP,ECMWF,east_northeast_india,2026-01-01,daily,39,Week 6,era5,0.9753519459136144,0.9360885365259164,0.6381786566538507,0.9269593587828384,-1.4781341414145959,2.5477100789302245,2.8760157698229,0.7217216861368586,0.08354302948300783,0.8858470477326722
JFM2026,TP,ECMWF,east_northeast_india,2026-01-01,daily,40,Week 6,era5,0.9785326788600136,1.0014631107180212,0.7697733605463307,0.9177411782559901,-1.99152375001194,2.609990236771982,2.9018741637366077,0.8757603643364603,0.10598700379012982,0.8994153741701947
JFM2026,TP,ECMWF,east_northeast_india,2026-01-01,daily,41,Week 6,era5,0.9721824591457393,1.223758528416622,1.0233155527327171,0.8747389443972059,-4.938990551187433,2.7332870430888834,2.858622741465912,1.16092473628439,0.13760918355167254,0.9561552153913264
JFM2026,TP,ECMWF,east_northeast_india,2026-01-01,daily,42,Week 6,era5,0.811793482527858,1.8664336597899556,0.7233912662555619,0.6704634198740234,-1.0434310153718918,2.747569599240838,2.851819493873289,1.281313015030438,0.5579217487748761,0.9634444273712217
JFM2026,TP,ECMWF,east_northeast_india,2026-01-01,weekly,1,Week 1,era5,0.9562108071266071,0.45727421367820503,0.1555721552680017,0.9251514376036835,-0.2216528896738157,1.4672450590239754,1.4250308102900833,0.3457763877984706,0.19020423253046884,1.0296233937042378
JFM2026,TP,ECMWF,east_northeast_india,2026-01-01,weekly,2,Week 2,era5,0.9921499625249364,0.23969317542350219,0.07844775116146557,0.9871060182071248,0.8382330492358507,1.7169579744328403,1.7755733238172517,0.13318020785171694,0.05473245669025139,0.9669879308287894
JFM2026,TP,ECMWF,east_northeast_india,2026-01-01,weekly,3,Week 3,era5,0.9779159826434507,0.46539997280722517,0.2089965177198138,0.9569527325089193,-0.025961269295543987,1.9741736805786256,1.8788117146658199,0.34185172290085225,0.1328552051810384,1.0507565314652978
JFM2026,TP,ECMWF,east_northeast_india,2026-01-01,weekly,4,Week 4,era5,0.9628799327602264,1.1165505676574419,0.8889441432329226,0.7497065918957984,-18.05801665604698,2.2277445635173456,1.8370579381647605,1.174280337263041,0.28533619403011845,1.2126697352522724
JFM2026,TP,ECMWF,east_northeast_india,2026-01-01,weekly,5,Week 5,era5,0.9613303211929667,1.0778640649195501,0.8561668955598025,0.8285448930094538,-18.053713612824804,2.327218835037713,2.103054523055172,1.0977268172410788,0.24155992168127635,1.106589871791289
JFM2026,TP,ECMWF,east_northeast_india,2026-01-01,weekly,6,Week 6,era5,0.9337663209275301,1.1332263215909464,0.6370285459002045,0.8587895042432332,-3.5944730485186867,2.610533640424194,2.512078528072344,0.9820476546240415,0.34501910872383695,1.0391926889432872
JFM2026,TP,ECMWF,northwest_india,2026-01-01,daily,1,Week 1,era5,0.022111780448349386,1.354118757938389,0.8582385660279356,-0.4960308705408396,-2.0153217109435655,0.6496502269957961,0.8360857443703992,0.9544814194210772,0.09624285339314147,0.7770138785047754
JFM2026,TP,ECMWF,northwest_india,2026-01-01,daily,2,Week 1,era5,0.9472441018263812,0.28711015236582604,-0.0834654474635763,0.9208460281536153,0.7902599170212198,0.8487151196998032,0.7656186353838524,0.0767692149852946,0.1602346624488709,1.1085350858450425
JFM2026,TP,ECMWF,northwest_india,2026-01-01,daily,3,Week 1,era5,0.7634786919245214,0.5391781502151235,-0.1470214452601297,0.6630708935700724,0.48804725366117907,0.7905477188852147,0.6953508752485776,0.0844998404956514,0.2315212857557811,1.136904758482695
JFM2026,TP,ECMWF,northwest_india,2026-01-01,daily,4,Week 1,era5,0.9520044736781589,0.3291488265640263,0.1618386938149154,0.9193932243494644,0.8015974188575475,0.6587977650264261,0.8308582220964837,0.213122280185211,0.05128358637029565,0.7929123736226599
JFM2026,TP,ECMWF,northwest_india,2026-01-01,daily,5,Week 1,era5,0.9715491229002927,0.19065807848404223,0.04848753021547568,0.9708462046526688,0.9415366872705523,0.7647639139867409,0.7775470336978584,0.1195303606055031,0.07104283039002741,0.9835596830067971
JFM2026,TP,ECMWF,northwest_india,2026-01-01,daily,6,Week 1,era5,0.9865329437117313,0.24939829520353526,0.1392451907812671,0.9606191962545592,0.9046071135734259,0.7438270457794633,0.9011674660622657,0.14938975777873414,0.010144566997467033,0.8254037942910701
JFM2026,TP,ECMWF,northwest_india,2026-01-01,daily,7,Week 1,era5,0.9969097347776664,0.10364231743294158,0.040644573559597226,0.9935914065070038,0.9837250915729165,0.8792811930446479,0.9422811390277869,0.05310014348021979,0.012455569920622566,0.933141030448577
JFM2026,TP,ECMWF,northwest_india,2026-01-01,daily,8,Week 2,era5,0.9661934441167582,0.26483978544826403,0.013654765190025016,0.9593798982115053,0.9029316895032382,0.8996758692125383,0.9963496685875642,0.07258858082750477,0.05893381563747976,0.9029720163282919
JFM2026,TP,ECMWF,northwest_india,2026-01-01,daily,9,Week 2,era5,0.9986599111714842,0.08482693229218743,0.06314350383203449,0.9960121688862023,0.9890757126860139,0.9402237550658094,0.9679596571090278,0.06401997361139405,0.0008764697793595891,0.9713460144340558
JFM2026,TP,ECMWF,northwest_india,2026-01-01,daily,10,Week 2,era5,0.9950754601716045,0.13107995097432878,0.08471414950309156,0.9908242499891597,0.9735771131817383,1.0031977985121172,0.9874084674942709,0.08751675589295282,0.002802606389861281,1.015990678161708
JFM2026,TP,ECMWF,northwest_india,2026-01-01,daily,11,Week 2,era5,0.8826871082641321,0.5292200619231082,0.21494355418400812,0.8436698369466351,0.2872356309722369,0.9392947225473838,1.0266151626517963,0.32568645569681914,0.11074290151281098,0.9149433563022198
JFM2026,TP,ECMWF,northwest_india,2026-01-01,daily,12,Week 2,era5,0.9937038327214278,0.3102472051936389,0.2509540378952605,0.9527699342569332,0.8527821419581009,0.8833285205247666,1.0310017844410588,0.2541318907735001,0.0031778528782395814,0.8567672082193816
JFM2026,TP,ECMWF,northwest_india,2026-01-01,daily,13,Week 2,era5,0.9831728461292588,0.4095768061577109,0.30417709116958497,0.9211154645785896,0.7452621202341553,0.839104277782707,1.0524333511047042,0.30681607739297234,0.0026389862233873324,0.7972992084505183
JFM2026,TP,ECMWF,northwest_india,2026-01-01,daily,14,Week 2,era5,0.9694003028138923,0.4081394255534825,0.312168100275466,0.9149799745299316,0.6425528623450071,0.9004168179124549,1.015239090879641,0.3828930346888732,0.07072493441340721,0.8869012491750098
JFM2026,TP,ECMWF,northwest_india,2026-01-01,daily,15,Week 3,era5,0.23268421881540535,2.3973276597637385,-0.698213499549786,-0.04394657165460214,-0.33581805380317475,0.7827770373650367,2.3454967126376673,0.41978904693549934,1.1180025464852852,0.33373614771975174
JFM2026,TP,ECMWF,northwest_india,2026-01-01,daily,16,Week 3,era5,0.7509430050626771,0.9075450887808812,0.1652438459856889,0.6167295610625532,-0.1346633540523301,0.7015213562552539,1.2895091035437818,0.5436771077562655,0.3784332617705767,0.5440220269305261
JFM2026,TP,ECMWF,northwest_india,2026-01-01,daily,17,Week 3,era5,0.8855206896154051,0.6752808968481494,0.3102038848660708,0.7800993821572003,0.13985340750127184,0.7560648243860781,1.1557094195709028,0.5459783722218929,0.23577448735582224,0.65419975954405
JFM2026,TP,ECMWF,northwest_india,2026-01-01,daily,18,Week 3,era5,0.3947659870773124,1.3511099068231969,0.062077431563635654,0.24954478843645844,-1.414833213463123,0.7894259282792178,1.4498694291492782,0.5989039492996103,0.5368265177359747,0.5444807045434563
JFM2026,TP,ECMWF,northwest_india,2026-01-01,daily,19,Week 3,era5,0.8703156821680804,0.752173753981566,0.44032651618969154,0.7183430827984012,-2.991290637103313,0.6883536193020379,1.1059872945289217,0.6827161423834566,0.24238962619376514,0.6223883607950772
JFM2026,TP,ECMWF,northwest_india,2026-01-01,daily,20,Week 3,era5,0.8998337389318287,1.0709692954625842,0.834516982659078,0.5564198554476556,-1.8777666924675351,0.7143218522457028,1.2372920236421496,0.9544708152154154,0.11995383255633714,0.577326806118892
JFM2026,TP,ECMWF,northwest_india,2026-01-01,daily,21,Week 3,era5,0.21851035064176835,6.280557279576057,-2.0716633137470515,0.05967287814388311,0.1528966472526695,0.42528748458358684,6.007435389398438,1.5139925091022997,3.5856558228493514,0.07079351786855814
JFM2026,TP,ECMWF,northwest_india,2026-01-01,daily,22,Week 4,era5,0.3497172330350069,19.0816263527589,-10.925011299729206,0.052225185210949654,0.158984848191415,0.5924726213388732,15.841918846642795,1.7975928132937027,12.722604113022912,0.03739904408514436
JFM2026,TP,ECMWF,northwest_india,2026-01-01,daily,23,Week 4,era5,0.09285820812572183,1.7435450367094696,1.2917730939444418,-0.6086959484963661,-2.8106385014943265,0.5624081171782153,1.0806677167761911,1.6380858200592252,0.34631272611478353,0.520426499697771
JFM2026,TP,ECMWF,northwest_india,2026-01-01,daily,24,Week 4,era5,-0.20028016421644879,2.26376214455607,1.7769845666958641,-1.4821411193790168,-17.37228968320933,0.7567714962793026,1.0389017180271125,1.995560642005512,0.21857607530964762,0.728434156135983
JFM2026,TP,ECMWF,northwest_india,2026-01-01,daily,25,Week 4,era5,-0.42475892211747834,2.233278101669671,0.3908973895159004,-0.4999939601670964,0.16956105222210416,0.7069718589424777,1.803298788396323,1.8886819426952202,1.4977845531793197,0.3920436610347801
JFM2026,TP,ECMWF,northwest_india,2026-01-01,daily,26,Week 4,era5,-0.0713705437084622,13.353349087661078,-8.29777968200445,0.015692754103486806,0.14950484101895356,0.616016846348175,10.400231037078552,1.4899294642146808,9.787709146219129,0.05923107324750504
JFM2026,TP,ECMWF,northwest_india,2026-01-01,daily,27,Week 4,era5,0.47877966900422925,2.663658818498886,0.13871049849737954,0.14825862867713746,0.19783156454589568,0.5719999081966617,2.8860744293478184,1.3743977471020836,1.235687248604704,0.19819305503008788
JFM2026,TP,ECMWF,northwest_india,2026-01-01,daily,28,Week 4,era5,0.35102953498341805,1.896368635072,1.4290218159876866,-0.08610302629082867,-5.53866556344723,0.517862940127528,1.3302513289152933,1.4656280778612056,0.036606261873519244,0.38929706655493523
JFM2026,TP,ECMWF,northwest_india,2026-01-01,daily,29,Week 5,era5,0.27790977513502724,1.648700403330949,0.9856483694102137,0.0328216515692602,-15.559099773309487,0.4489689539407565,1.3740548376373038,1.3203709917074884,0.3347226222972746,0.3267474788071497
JFM2026,TP,ECMWF,northwest_india,2026-01-01,daily,30,Week 5,era5,0.5284053224008629,1.3082659540342134,0.38250792781162646,0.27150489953921886,-0.39293347823937497,0.5212804584473602,1.4456547982746177,1.18565075988611,0.8031428320744834,0.36058432418963776
JFM2026,TP,ECMWF,northwest_india,2026-01-01,daily,31,Week 5,era5,0.08891335323743128,2.0476182974013017,-0.44391027328502547,0.02107953043092703,0.5969961112092153,0.5489749619184981,1.9714899053791581,1.516522006942798,1.9604322802278236,0.2784568972027878
JFM2026,TP,ECMWF,northwest_india,2026-01-01,daily,32,Week 5,era5,0.40648886583019483,1.6595901137535207,0.8263911912289661,0.1330887580784449,-0.7647089872495318,0.5254950075985042,1.570368815305432,1.333195797164402,0.5068046059354359,0.3346315862088085
JFM2026,TP,ECMWF,northwest_india,2026-01-01,daily,33,Week 5,era5,0.03656470034897073,1.1618271841772116,0.1426748755907856,-0.19730610975593788,0.44258264990779395,0.6085152611839137,1.0018881384028364,1.1612311358957539,1.0185562603049685,0.6073684654596077
JFM2026,TP,ECMWF,northwest_india,2026-01-01,daily,34,Week 5,era5,0.9243302349575705,1.1107562851424155,0.8056253858512638,0.6911819507364211,-1.0099309693162488,0.8314385641683072,1.4642867033702875,0.8354748272924049,0.029849441441141055,0.5678113188179745
JFM2026,TP,ECMWF,northwest_india,2026-01-01,daily,35,Week 5,era5,0.8042018585622914,1.406830583686271,0.9579296320186831,0.5177954283957826,-2.3543561990106,0.6404963304199667,1.472492934742153,0.9763707802288192,0.018441148210136035,0.43497412809802277
JFM2026,TP,ECMWF,northwest_india,2026-01-01,daily,36,Week 6,era5,0.5756155096881193,1.6075161560994917,0.961051816470435,0.2866781507736983,-7.758870267717642,0.5433400965706913,1.5223354177194166,1.245519695774027,0.2844678793035921,0.35691220886436403
JFM2026,TP,ECMWF,northwest_india,2026-01-01,daily,37,Week 6,era5,0.44739041996386697,2.1269136072781474,1.638836753272372,-0.043509335233270274,-6.152883404010314,0.5724170230952523,1.5114418211488934,1.6491966953965578,0.010359942124186025,0.37872249866696195
JFM2026,TP,ECMWF,northwest_india,2026-01-01,daily,38,Week 6,era5,0.8341060245638504,1.534435866766165,1.12135026567781,0.4694821882971474,-2.5889920877602233,0.6483364631870333,1.525246336453678,1.1228202085782362,0.0014699429004262697,0.4250700019345521
JFM2026,TP,ECMWF,northwest_india,2026-01-01,daily,39,Week 6,era5,0.8388035969020267,1.135386571409063,0.7034048111510517,0.6201917199784253,-4.938670570188074,0.6928431753723657,1.388648579605224,0.9567899297169592,0.2533851185659073,0.49893341306648853
JFM2026,TP,ECMWF,northwest_india,2026-01-01,daily,40,Week 6,era5,0.04043034734589932,1.8355241173548866,-0.00811350279613788,-0.08738533082929867,0.13839193028760788,0.7584015899450799,1.7024429785483677,1.0164252422020763,1.0245387449982142,0.44547840926322874
JFM2026,TP,ECMWF,northwest_india,2026-01-01,daily,41,Week 6,era5,0.9355577362906985,1.2867711816927134,0.9915846248988747,0.633207475060129,-1.6566848748722127,0.8302579034513289,1.5426255476454673,1.0092298620655533,0.017645237166678478,0.5382109123750505
JFM2026,TP,ECMWF,northwest_india,2026-01-01,daily,42,Week 6,era5,0.8676255110904821,1.566142560320633,1.2239089087292128,0.43914985892348835,-4.406955712493456,0.7011855038846142,1.5212180654015524,1.272109277476921,0.04820036874770825,0.46093687672551004
JFM2026,TP,ECMWF,northwest_india,2026-01-01,weekly,1,Week 1,era5,0.9731489693127359,0.24847369108826992,0.14542396551212466,0.9494142278581004,0.8817995801392252,0.6852403245729849,0.7921946139851455,0.23584187214249466,0.09041790663037,0.8649898806126368
JFM2026,TP,ECMWF,northwest_india,2026-01-01,weekly,2,Week 2,era5,0.9936156061460449,0.22419035687134625,0.17767931109776652,0.9730579885402546,0.9111051677740318,0.9098270041366084,0.9943250444396318,0.21337896413213112,0.03569965303436457,0.9150197002725164
JFM2026,TP,ECMWF,northwest_india,2026-01-01,weekly,3,Week 3,era5,0.41649476313385614,1.2668985751864517,-0.13678690020656709,0.18129935275661835,-0.4282324910422075,0.6597646363181211,1.3822814941854882,0.751361112959736,0.8881480131663031,0.47730121476225695
JFM2026,TP,ECMWF,northwest_india,2026-01-01,weekly,4,Week 4,era5,0.14637651507096172,3.619192738540729,-2.027914796397481,0.1404487156852522,0.5013107781953621,0.5594915046147205,3.0280454177404836,1.664268059346662,3.692182855744143,0.18476985230697465
JFM2026,TP,ECMWF,northwest_india,2026-01-01,weekly,5,Week 5,era5,0.6088936276735399,0.8906857129352007,0.522409543156169,0.3868329902608516,-0.24772261286122776,0.529335880030146,0.9089062809683361,1.1898308635064814,0.6674213203503122,0.5823877457048695
JFM2026,TP,ECMWF,northwest_india,2026-01-01,weekly,6,Week 6,era5,0.829400265767359,1.258768132472491,0.9474319392697286,0.4936493218878717,-11.408243011984483,0.6342588815469479,1.2752666872125342,1.181727264670331,0.23429532540060247,0.49735391656258576
JFM2026,TP,ECMWF,south_peninsula,2026-01-01,daily,1,Week 1,era5,-0.15100518905923196,2.1919434571306464,1.303896760437505,-9.596325893320676,-10.21100519925635,1.5579925050301124,0.6205845139261974,1.6117138787620555,0.30781711832455066,2.5105243042132948
JFM2026,TP,ECMWF,south_peninsula,2026-01-01,daily,2,Week 1,era5,0.7367518515085318,0.41153549657074623,0.2839776622575465,0.5871304411871909,-5.817860682907228,0.3975795397892755,0.4211722919826432,0.34871492597941406,0.0647372637218676,0.9439831331678866
JFM2026,TP,ECMWF,south_peninsula,2026-01-01,daily,3,Week 1,era5,0.9662283168646089,0.18238959527429574,0.12788168391673588,0.9272493843148586,0.270120937302769,0.3765926059547789,0.45044727883568314,0.15133527107027533,0.023453587153539443,0.8360414717748902
JFM2026,TP,ECMWF,south_peninsula,2026-01-01,daily,4,Week 1,era5,0.9669571201573811,0.1343907726247591,0.05202514672397829,0.9595418465754119,0.6707215982570965,0.3854378125162951,0.44819101524186755,0.06645459835249913,0.01442945162852085,0.8599855851824528
JFM2026,TP,ECMWF,south_peninsula,2026-01-01,daily,5,Week 1,era5,-0.10369637906177896,0.8249476998355632,0.21067334211774152,-1.3216355160823836,-8.851816039690869,0.6650671318638909,0.3766775602314162,0.31531976987113663,0.1046464277533951,1.7656138885876271
JFM2026,TP,ECMWF,south_peninsula,2026-01-01,daily,6,Week 1,era5,-0.41333987866420346,1.6013152019183334,0.5913908349450359,-5.744394263036695,-50.942639718534686,1.2745906300348997,0.40452838382812817,0.6039376855733292,0.01254685062829328,3.150806422959024
JFM2026,TP,ECMWF,south_peninsula,2026-01-01,daily,7,Week 1,era5,-0.2267578451801495,0.7790945529468244,0.33213342090545267,-0.6880556486638763,-10.813310451474502,0.5070494162550834,0.38781120320864154,0.33719574457097307,0.005062323665520383,1.3074645911719367
JFM2026,TP,ECMWF,south_peninsula,2026-01-01,daily,8,Week 2,era5,0.2789579177903291,2.7833996214577734,-0.02891989778421976,0.085910157410512,0.16139263631783074,1.249070175090058,2.859953462191793,0.9624553281498793,0.9913752259340989,0.436744930154494
JFM2026,TP,ECMWF,south_peninsula,2026-01-01,daily,9,Week 2,era5,0.6292069475011381,4.102065904706131,-1.5564655013421451,0.47153077518554376,0.5117824319964867,2.14207607701571,4.75844830010897,1.9094815235806688,3.4659470249228135,0.45016272993165773
JFM2026,TP,ECMWF,south_peninsula,2026-01-01,daily,10,Week 2,era5,0.0064394025549603,2.9049966735513166,-0.057443128608843215,-0.12371154097325965,0.0036038482586366882,1.5227272423912852,2.4830834106829007,1.521895075567847,1.5793382041766901,0.6132404718424271
JFM2026,TP,ECMWF,south_peninsula,2026-01-01,daily,11,Week 2,era5,0.5051293695684025,1.5471090445957372,0.014440430399361685,0.28858007373006134,0.3504605208519552,0.686642923273373,1.7758850683042409,0.8813814692626646,0.8669410388633029,0.38664828908609233
JFM2026,TP,ECMWF,south_peninsula,2026-01-01,daily,12,Week 2,era5,0.3907020850344829,7.492849052472092,-2.2979966208176545,0.0551875590833697,0.09283823873562769,0.46290483347161193,7.299876576031982,0.5762394457593628,2.8742360665770175,0.06341269316682538
JFM2026,TP,ECMWF,south_peninsula,2026-01-01,daily,13,Week 2,era5,-0.45612534903317503,0.6706417382096928,0.2881136046291683,-1.3231522512273814,-4.716393779152852,0.3653991943441447,0.3442259776594725,0.4024595604936194,0.1143459558644511,1.0615096420922012
JFM2026,TP,ECMWF,south_peninsula,2026-01-01,daily,14,Week 2,era5,-0.23798553390990052,0.5251190104562412,0.30954063907708906,-0.3998231275577553,-5.651143454369012,0.26656197197025794,0.2725734894713103,0.3393908039593177,0.029850164882228657,0.9779453331550605
JFM2026,TP,ECMWF,south_peninsula,2026-01-01,daily,15,Week 3,era5,0.13281344362170652,0.47804623669178165,0.3331133846803741,-0.1264093062139482,-4.040529364348936,0.24130268495730203,0.27773865817666565,0.351410546688833,0.018297162008458823,0.8688120211332366
JFM2026,TP,ECMWF,south_peninsula,2026-01-01,daily,16,Week 3,era5,0.33886101788772105,0.47492591699238323,0.3684471454154751,-0.06547249192517657,-3.201714934859935,0.22655295606804743,0.28740878730222225,0.37538303202090895,0.006935886605433838,0.7882603666874584
JFM2026,TP,ECMWF,south_peninsula,2026-01-01,daily,17,Week 3,era5,-0.2658242162220828,0.7298682407440239,0.20204014814111626,-0.373742330873166,-0.2517258602420347,0.25225987798530475,0.5907798166934677,0.365077658571185,0.16303751043006875,0.42699474636282714
JFM2026,TP,ECMWF,south_peninsula,2026-01-01,daily,18,Week 3,era5,-0.22148900354666473,0.6634357816220777,0.37915358264600807,-2.138581398860811,-4.890546621712277,0.43522057120673985,0.24457989531186816,0.4497348550678531,0.07058127242184503,1.7794617609586527
JFM2026,TP,ECMWF,south_peninsula,2026-01-01,daily,19,Week 3,era5,-0.12446085653471357,0.5927604962833831,0.38129616711293524,-1.667265505907308,-4.378385159388892,0.3670651349500701,0.2251072382224453,0.44569235666553064,0.06439618955259542,1.6306234213017423
JFM2026,TP,ECMWF,south_peninsula,2026-01-01,daily,20,Week 3,era5,0.8515136433034034,0.30644441652790483,0.26730196734727807,0.506681675409131,-0.7875806575573803,0.189959622155744,0.27372321284722445,0.2722959539330387,0.0049939865857606,0.693984336146777
JFM2026,TP,ECMWF,south_peninsula,2026-01-01,daily,21,Week 3,era5,0.8762931949463177,0.30527936620779006,0.2705615545640043,0.49999975973106847,-0.6420660717319715,0.1932518237307391,0.2757571261419315,0.2793506150523544,0.008789060488350132,0.7008044594694277
JFM2026,TP,ECMWF,south_peninsula,2026-01-01,daily,22,Week 4,era5,0.1693617517859506,0.5166353035598679,-0.016078899851107133,0.02357328284212412,-0.32166952525729964,0.20221135030806903,0.5106258391653761,0.20918863378574526,0.22526753363685245,0.3960068895819801
JFM2026,TP,ECMWF,south_peninsula,2026-01-01,daily,23,Week 4,era5,-0.020010137146935954,5.173714060035284,-1.0754706645050964,-0.011691911717480519,-0.025126235722266355,0.21923415314876762,5.051563614047603,0.2286053441466256,1.304076008651722,0.0433992660290592
JFM2026,TP,ECMWF,south_peninsula,2026-01-01,daily,24,Week 4,era5,0.1261105532195864,3.7598191521899222,-0.7491448246646772,0.0009786370363993324,-0.020329669364672176,0.20722729428953376,3.7048237911513797,0.2344358520195981,0.9835806766842751,0.055934453558756696
JFM2026,TP,ECMWF,south_peninsula,2026-01-01,daily,25,Week 4,era5,0.4759799058241787,0.41920710089255303,0.05372016226950239,0.23190226583077422,-0.22742610843955924,0.21376843414352797,0.47256580926144043,0.30972799762085174,0.25600783535134936,0.4523569626791675
JFM2026,TP,ECMWF,south_peninsula,2026-01-01,daily,26,Week 4,era5,0.7739626718783071,0.36571132881444124,0.325161057164725,0.20272120870833832,-1.7264830544211849,0.22696259275755437,0.2614491632368203,0.338345842929064,0.013184785764338984,0.8680945463649158
JFM2026,TP,ECMWF,south_peninsula,2026-01-01,daily,27,Week 4,era5,0.9368788765268019,0.2587776929909936,0.2374301480257268,0.6377493192572652,-0.21539735289417283,0.23111851052751692,0.2802663513993182,0.23867256073867585,0.0012424127129490835,0.8246388100947003
JFM2026,TP,ECMWF,south_peninsula,2026-01-01,daily,28,Week 4,era5,0.8945879125055877,0.25782033830642026,0.22010656335852377,0.6422967918751823,-0.20792876714984954,0.21120862167609075,0.28441948203146883,0.2222502847251753,0.002143721366651484,0.742595479632869
JFM2026,TP,ECMWF,south_peninsula,2026-01-01,daily,29,Week 5,era5,0.9073958219846264,0.2698106035788984,0.239596253984867,0.6143900827866837,-0.3178212062904058,0.23755673501050187,0.2892020047529175,0.240718740300342,0.0011224863154749814,0.8214214670242715
JFM2026,TP,ECMWF,south_peninsula,2026-01-01,daily,30,Week 5,era5,0.7413944839892096,0.24719175521016526,0.14451517873202083,0.6298962396190754,-0.037268162561451046,0.22877687104658687,0.29864549083898023,0.19438070877270092,0.049865530040680076,0.76604830162976
JFM2026,TP,ECMWF,south_peninsula,2026-01-01,daily,31,Week 5,era5,0.7422593374607568,0.22720616033464755,0.13482985082072035,0.6227600003358786,-0.22800162483796216,0.2512725200851783,0.2578635470122544,0.19525920544389774,0.06042935462317739,0.9744398655667182
JFM2026,TP,ECMWF,south_peninsula,2026-01-01,daily,32,Week 5,era5,-0.7259210601359005,0.6198394687884864,0.11724808227636395,-0.9640831780417038,-0.25880389514633717,0.24643097224037414,0.4056848221116345,0.267055387419916,0.14980730514355206,0.6074443972482717
JFM2026,TP,ECMWF,south_peninsula,2026-01-01,daily,33,Week 5,era5,0.8482787686185945,0.3062772008035787,0.26516133970671096,0.4925238539731922,-0.9373560757348116,0.24560143489157615,0.28945596691360703,0.2735280893093832,0.008366749602672214,0.8484932527401655
JFM2026,TP,ECMWF,south_peninsula,2026-01-01,daily,34,Week 5,era5,0.8314226200524089,0.34428569795400105,0.2947652081274569,0.43145283583042426,-1.1563833183087975,0.27697096568552765,0.31951020314316303,0.29547137435963344,0.0007061662321765764,0.8668610985215555
JFM2026,TP,ECMWF,south_peninsula,2026-01-01,daily,35,Week 5,era5,0.7633700513693472,0.2682690015390366,0.1851884090479628,0.3958519551671593,-1.6602112736318673,0.299880476155058,0.21669383839620898,0.2443314299082473,0.05914302086028453,1.383890185224133
JFM2026,TP,ECMWF,south_peninsula,2026-01-01,daily,36,Week 6,era5,0.9187766004495437,0.24745672520308004,0.2038333789279197,0.7126047187973975,-0.18799119821657606,0.24826223375783585,0.32850236913448794,0.20863011203604656,0.004796733108126902,0.7557395534526511
JFM2026,TP,ECMWF,south_peninsula,2026-01-01,daily,37,Week 6,era5,0.9212588123716998,0.2514659817575925,0.20395803689284067,0.7154086318524934,-0.19597651332171107,0.24554991913696708,0.3380843022315872,0.20642231058358979,0.0024642736907491193,0.726297901192602
JFM2026,TP,ECMWF,south_peninsula,2026-01-01,daily,38,Week 6,era5,0.8824993956940765,0.27712930730746405,0.21672493269975085,0.6766502169888114,-0.402994268113837,0.27174135982384995,0.3559889785280942,0.21737536476693292,0.0006504320671820491,0.7633420589238958
JFM2026,TP,ECMWF,south_peninsula,2026-01-01,daily,39,Week 6,era5,0.5775630295051535,0.25278002115671144,0.1641660288362392,0.39405107716221754,-0.24893259832988934,0.22968763999280686,0.17495892432949486,0.227198288073077,0.06303225923683783,1.3128089400015004
JFM2026,TP,ECMWF,south_peninsula,2026-01-01,daily,40,Week 6,era5,0.9321655044759787,0.258129201684475,0.2181738615707883,0.7244276827142,-0.30118250737420027,0.28967878103220807,0.3596526806426616,0.222466534661192,0.004292673090403677,0.8054403501583319
JFM2026,TP,ECMWF,south_peninsula,2026-01-01,daily,41,Week 6,era5,0.9522954640960647,0.2608125618935316,0.2297048024525339,0.7424750941928666,-0.223621655210261,0.3264688627946222,0.38391923205693546,0.230295346759775,0.0005905443072411045,0.8503581887406118
JFM2026,TP,ECMWF,south_peninsula,2026-01-01,daily,42,Week 6,era5,0.924226586776338,0.3066676427891171,0.2664574132360359,0.6564118138762605,-0.690343129764964,0.34130754347295567,0.393294835131373,0.26656352035195163,0.00010610711591576782,0.8678159817658121
JFM2026,TP,ECMWF,south_peninsula,2026-01-01,weekly,1,Week 1,era5,-0.39562056598348666,0.8130174433446965,0.4145683802895847,-1.0058398119703846,-24.57453716143929,0.4622943703811862,0.37286240136807886,0.49066738468730026,0.07609900439771543,1.239852472882678
JFM2026,TP,ECMWF,south_peninsula,2026-01-01,weekly,2,Week 2,era5,0.666853600001241,1.3942248961074084,-0.47553300347291505,0.516131302875453,0.6040307054369698,0.932587054550826,1.733101634758567,0.9419004107801628,1.417433414253078,0.5381029224409807
JFM2026,TP,ECMWF,south_peninsula,2026-01-01,weekly,3,Week 3,era5,-0.20620166116702943,0.43524090760372147,0.3145591217830836,-0.3804907574103906,-3.582000278225574,0.17984742804810985,0.20687703241195346,0.36270641682603183,0.04814729504294824,0.8693445857729646
JFM2026,TP,ECMWF,south_peninsula,2026-01-01,weekly,4,Week 4,era5,0.1452059187971574,1.3491070583481286,-0.14346809807392885,0.01220558792456572,-0.09848447963023754,0.2101407599721086,1.355760340496341,0.25446093345872267,0.3979290315326515,0.15499845636078757
JFM2026,TP,ECMWF,south_peninsula,2026-01-01,weekly,5,Week 5,era5,0.8404682553072554,0.24002998578391138,0.19732919025809129,0.4936260089702884,-1.1547490057601872,0.2494187860220495,0.1893803103810025,0.24439213458126063,0.04706294432316935,1.31702596494989
JFM2026,TP,ECMWF,south_peninsula,2026-01-01,weekly,6,Week 6,era5,0.9303877685769545,0.24856696097594042,0.21471691130610168,0.7120384925081189,-0.3511502881668205,0.2727917057972715,0.3291834717559173,0.22556448565469397,0.010847574348592274,0.8286919885198274
JFM2026,TP,ECMWF,All India,2026-01-01,daily,1,Week 1,model_own,0.03753570652248642,1.2529030176988,0.5208142301528891,-1.1880067323711545,-4.019135446890586,1.1882762052804468,0.7066828588121808,0.6699731215289204,0.14915889137603153,1.6814844034532634
JFM2026,TP,ECMWF,All India,2026-01-01,daily,2,Week 1,model_own,0.5293759811038607,0.4262606231203308,0.05882732210707836,0.784493331874633,0.15815702442039203,0.5956836548230244,0.7762968711744379,0.18708032231421917,0.12825300020714078,0.7673400176427753
JFM2026,TP,ECMWF,All India,2026-01-01,daily,3,Week 1,model_own,0.5301961718844134,0.49547745249809666,0.027452192089798357,0.6923562405073851,-0.11691573810497036,0.7971903842114175,0.7410465477817981,0.15002619490789346,0.12257400281809509,1.0757629012612997
JFM2026,TP,ECMWF,All India,2026-01-01,daily,4,Week 1,model_own,0.5461919804126213,0.2701172047458735,0.08793577636743669,0.9265882925241633,0.6632699033374008,0.6204809486446362,0.816318504523578,0.14027942145066413,0.052343645083227405,0.7600966353283428
JFM2026,TP,ECMWF,All India,2026-01-01,daily,5,Week 1,model_own,0.4532929161844551,0.41337070296959444,0.09075630168145815,0.8279197070554203,0.32572665713269855,0.5305978738678284,0.8184109769687358,0.15065730269436017,0.05990100101290203,0.6483269271791523
JFM2026,TP,ECMWF,All India,2026-01-01,daily,6,Week 1,model_own,0.5310823211731904,0.7207965835416126,0.17129894223509395,0.5404534285038722,-1.0329303183021614,0.6365627905923493,0.8724066473306428,0.19644923356408983,0.025150291328995832,0.7296629301714749
JFM2026,TP,ECMWF,All India,2026-01-01,daily,7,Week 1,model_own,0.6786132907138419,0.34514194919063074,0.08833717392308274,0.9066112789632951,0.5993755291768001,0.7690767556946201,0.9360500241786804,0.09442065275436258,0.006083478831279846,0.8216192893851288
JFM2026,TP,ECMWF,All India,2026-01-01,daily,8,Week 2,model_own,0.5543877506956256,1.2082724592097085,0.002949834011273549,0.47854909087547726,0.27455065713648197,0.6862990022605577,1.615280824957836,0.20975403577219154,0.20680420176091802,0.42487906230080597
JFM2026,TP,ECMWF,All India,2026-01-01,daily,9,Week 2,model_own,0.7412803057489165,1.7721837596688546,-0.2438787874612297,0.5620399646631098,0.5288243003991837,1.0863690538757103,2.677882450280235,0.40557466588027796,0.6494534533415077,0.40568212908748996
JFM2026,TP,ECMWF,All India,2026-01-01,daily,10,Week 2,model_own,0.5227942238436039,1.2643159686180547,0.039469334955654196,0.3716770860530162,0.11448019238728857,0.9909620213315402,1.5590707718218355,0.35854176654515507,0.3190724315895009,0.6356106722298194
JFM2026,TP,ECMWF,All India,2026-01-01,daily,11,Week 2,model_own,0.6732200143232361,0.7428515548793792,0.13253319780529518,0.7200233333581576,0.37740392349475604,0.7385486868798881,1.3242154110826931,0.329450784019352,0.1969175862140569,0.5577254883901724
JFM2026,TP,ECMWF,All India,2026-01-01,daily,12,Week 2,model_own,0.3839910206091731,3.2321911132930743,-0.31982276543205507,0.1603495607946016,0.1108804363268383,0.5160283275129706,3.524932531655266,0.22120995026757806,0.5410327156996331,0.14639381686850325
JFM2026,TP,ECMWF,All India,2026-01-01,daily,13,Week 2,model_own,0.8038614395217415,0.3971184299397558,0.15123681189212226,0.8916245148031373,0.43702658076110257,0.4426801831675991,1.024300183176722,0.19421951377627286,0.04298270188415063,0.4321781743655353
JFM2026,TP,ECMWF,All India,2026-01-01,daily,14,Week 2,model_own,0.80247183431754,0.3407731077734485,0.18441971080886027,0.9201192521914962,0.4602678333247414,0.5283915683247974,1.015550475601968,0.2239803371772716,0.03956062636841134,0.5203006458261891
JFM2026,TP,ECMWF,All India,2026-01-01,daily,15,Week 3,model_own,0.27227445187092486,1.3866127920440356,-0.12123590538679915,0.28794837428462816,-0.29776791455037,0.6757260883941697,1.6095490829073313,0.24678307645506203,0.36801898184186116,0.41982322600166033
JFM2026,TP,ECMWF,All India,2026-01-01,daily,16,Week 3,model_own,-0.3509831167546854,0.5696269559785526,0.17439210583429562,0.7974029933100009,-0.054387526277563714,0.8000101522544573,1.1250764209825723,0.3033318239211593,0.12893971808686366,0.711071832396752
JFM2026,TP,ECMWF,All India,2026-01-01,daily,17,Week 3,model_own,0.620823882689529,0.523706443155718,0.2019883663450579,0.8278591573600111,0.08707996487385072,0.5245848946819412,1.112268434944819,0.3231246523981554,0.12113628605309756,0.4716351540695898
JFM2026,TP,ECMWF,All India,2026-01-01,daily,18,Week 3,model_own,0.4112844855694646,0.9085321933961944,0.15874131197997446,0.476359702503648,-1.3819533314415051,0.5121822086036816,1.1507720357698434,0.38365684044555665,0.22491552846558208,0.44507703757420725
JFM2026,TP,ECMWF,All India,2026-01-01,daily,19,Week 3,model_own,0.6576696416632349,0.601266708739702,0.3053375354322186,0.7163764181274956,-3.425454859872919,0.33535037984569716,0.9545998432394794,0.4388515497625162,0.13351401433029775,0.35129942899180655
JFM2026,TP,ECMWF,All India,2026-01-01,daily,20,Week 3,model_own,0.7525695626971094,0.7272769740575257,0.459154271371322,0.6635494436386917,-2.115420116960806,0.4351121550585107,1.060464487837617,0.5363932701666989,0.07723899879537698,0.41030337182317506
JFM2026,TP,ECMWF,All India,2026-01-01,daily,21,Week 3,model_own,0.5203178192767531,3.5983519288859522,-0.4431314786019473,0.12065783843063893,0.14927264172191834,0.46989710254858097,3.8144071966875788,0.7313243411077094,1.1744558197096568,0.12319007340292311
JFM2026,TP,ECMWF,All India,2026-01-01,daily,22,Week 4,model_own,0.8182268293265945,10.891954877608276,-3.3580136941831804,0.058891734280283825,0.15829290946434726,0.6190833300213116,10.69006242543134,0.8397584333635979,4.19777212754678,0.05791204067700585
JFM2026,TP,ECMWF,All India,2026-01-01,daily,23,Week 4,model_own,-0.18027505575382458,2.479822543151391,0.4566827473637397,0.052616583429710984,-0.19640492802832155,0.5137602687642274,2.5157041433361544,0.8284682170940165,0.37178546973027654,0.20422125953289316
JFM2026,TP,ECMWF,All India,2026-01-01,daily,24,Week 4,model_own,-0.22260757084276106,2.1420469417992467,0.6736905441388957,-0.12129818501646894,-0.6894514941629111,0.5823831274618185,1.9649171431629568,0.9768502002777805,0.30315965613888485,0.2963906796214051
JFM2026,TP,ECMWF,All India,2026-01-01,daily,25,Week 4,model_own,-0.024394195841627175,1.4373522480810212,0.4673307916330644,-0.03412885089642814,-0.03602222262278354,0.47040616709755434,1.396980183369963,1.0458918970320288,0.5785611053989645,0.33673073726986175
JFM2026,TP,ECMWF,All India,2026-01-01,daily,26,Week 4,model_own,0.37067754765979216,8.064026187635182,-2.619058990996314,0.028504710052536297,0.13658969887835037,0.49678545989275524,7.693366489659808,0.9682920358074004,3.5873510268037134,0.06457322169175936
JFM2026,TP,ECMWF,All India,2026-01-01,daily,27,Week 4,model_own,-0.026450927958517955,1.6934409238889083,0.4318013777409542,0.2833788566433203,0.04231892535035042,0.4201007411243583,1.969181863761804,0.8936447587806394,0.46184338103968525,0.21333770580327388
JFM2026,TP,ECMWF,All India,2026-01-01,daily,28,Week 4,model_own,-0.649878400372652,1.4216574505140818,0.63752384458949,-0.5744290615843846,-1.2805963345429827,0.37547915672709725,0.9392858191418316,0.8283892847191885,0.19086544012969853,0.3997496279355625
JFM2026,TP,ECMWF,All India,2026-01-01,daily,29,Week 5,model_own,-0.2797124550607988,1.0851720296444713,0.5192934584923834,0.19345088063117544,-5.974391862478228,0.2919615876265845,1.0260238265243948,0.7161919353920961,0.19689847689971268,0.2845563427270397
JFM2026,TP,ECMWF,All India,2026-01-01,daily,30,Week 5,model_own,0.03981732186295554,0.9339463911116062,0.3796213939821485,0.5797482346885018,-0.8418685500150691,0.24301350343102346,1.3359136790019455,0.6863885373183597,0.30676714333621125,0.18190808826254226
JFM2026,TP,ECMWF,All India,2026-01-01,daily,31,Week 5,model_own,0.45964484032404834,1.3758136547482431,0.09520860121553174,0.38451528713427674,0.4856427736810073,0.4181495347887471,1.747201234616586,0.8022932611321222,0.7070846599165905,0.23932534301379876
JFM2026,TP,ECMWF,All India,2026-01-01,daily,32,Week 5,model_own,-0.2936722253768644,1.1191287743921707,0.5181569870488818,0.46786482160944354,-1.0172587000048883,0.3404049920335129,1.3959883228439893,0.7514894802275814,0.23333249317869958,0.24384515720018335
JFM2026,TP,ECMWF,All India,2026-01-01,daily,33,Week 5,model_own,0.16682411273237344,0.8465421207700953,0.25695071292341215,0.5917537027929473,0.2065509974479841,0.18893264561639841,1.2407318917869057,0.67415757590276,0.41720686297934784,0.1522751586116619
JFM2026,TP,ECMWF,All India,2026-01-01,daily,34,Week 5,model_own,0.4993392985335594,0.8775990881184185,0.5446934475558484,0.6788553884423298,-1.8955258390358685,0.4023331317149345,1.3082727187880336,0.6105868669030696,0.06589341934722127,0.3075300172028738
JFM2026,TP,ECMWF,All India,2026-01-01,daily,35,Week 5,model_own,-0.18891426554259502,0.9493458074810353,0.5535114830014488,0.5883306957231038,-2.8021625339873926,0.30310530723863666,1.2266922033310077,0.6332885227564581,0.07977703975500922,0.24709157392178147
JFM2026,TP,ECMWF,All India,2026-01-01,daily,36,Week 6,model_own,-0.16305270276547768,1.0429022936909562,0.5059304554080664,0.5767347017863134,-4.972063232427386,0.4916135730003779,1.3994137626239933,0.6430453117486392,0.13711485634057288,0.35129965570623656
JFM2026,TP,ECMWF,All India,2026-01-01,daily,37,Week 6,model_own,-0.2918904171466334,1.513076203803609,0.7492315378781689,0.15693278983380243,-2.2287866190129164,0.4512645313707822,1.4302782273906338,0.861361773412084,0.11213023553391499,0.31550821562463316
JFM2026,TP,ECMWF,All India,2026-01-01,daily,38,Week 6,model_own,-0.07458491044102238,1.007595549109339,0.5794116763784614,0.5689407598268641,-2.67557592624167,0.1724635574903619,1.2676667318080308,0.6560154577193011,0.07660378134083974,0.13604802679043482
JFM2026,TP,ECMWF,All India,2026-01-01,daily,39,Week 6,model_own,0.14296834987916837,0.7621956979754603,0.418598218324164,0.8043813245425571,-3.354668345976826,0.25733835215802636,1.5016739774124184,0.5251621239750666,0.10656390565090257,0.17136765771319695
JFM2026,TP,ECMWF,All India,2026-01-01,daily,40,Week 6,model_own,0.2377973681157479,1.1387110751131413,0.23697168499346188,0.557368625087749,0.02666533967375051,0.19120223481710372,1.598500285618058,0.5868777502530171,0.34990606525955553,0.11961351307683729
JFM2026,TP,ECMWF,All India,2026-01-01,daily,41,Week 6,model_own,0.3737835215783406,0.9168905787416997,0.6265844611930188,0.7498232660820281,-2.3458881093733472,0.27359582209754557,1.5710288666550278,0.6529311762313038,0.026346715038284906,0.17415072880237709
JFM2026,TP,ECMWF,All India,2026-01-01,daily,42,Week 6,model_own,0.4653534821771476,1.1766166943629537,0.6525181029772494,0.5550585035732141,-2.356558946096588,0.23205892342128265,1.528237373292944,0.7513207128841184,0.09880260990686897,0.15184743383238794
JFM2026,TP,ECMWF,All India,2026-01-01,weekly,1,Week 1,model_own,0.710982164985362,0.4177064136021081,0.14934599255841546,0.8076220093872696,0.13337935815855917,0.45933664814411984,0.778801102089476,0.22698374905086607,0.07763775649245061,0.5897996894351428
JFM2026,TP,ECMWF,All India,2026-01-01,weekly,2,Week 2,model_own,0.8179516677530609,0.621262889135308,-0.007584680279196714,0.8118519870474387,0.6636373178305921,0.6425856452330798,1.3810697582034306,0.27753299863550307,0.28511767891469986,0.4652810920058011
JFM2026,TP,ECMWF,All India,2026-01-01,weekly,3,Week 3,model_own,0.3595140715366368,0.7782792204870869,0.1050351622830553,0.5831488682730106,-0.49431942799625084,0.30938067100834743,1.1339498622777577,0.42335221139249796,0.3183170491094428,0.2728345240828342
JFM2026,TP,ECMWF,All India,2026-01-01,weekly,4,Week 4,model_own,0.6867688092859239,2.2218923642884683,-0.47286333924007856,0.20266225067736754,0.452641479530971,0.4110231956518015,2.417283289215896,0.9116135454173417,1.3844768846574207,0.170035178535126
JFM2026,TP,ECMWF,All India,2026-01-01,weekly,5,Week 5,model_own,-0.09234017900728185,0.701829349718977,0.4096337121897545,0.6723168795444583,-1.0823778983055616,0.17297108791826915,1.0782321339426755,0.6963422986125434,0.2867085864227888,0.16042100997841827
JFM2026,TP,ECMWF,All India,2026-01-01,weekly,6,Week 6,model_own,0.10001527206844223,0.8742116216153947,0.5384637297638311,0.6907766427102496,-7.28097885902652,0.20939312026458998,1.3406079347835644,0.6681020453110549,0.12963831554722388,0.1561926606815106
JFM2026,TP,ECMWF,central_india,2026-01-01,daily,1,Week 1,model_own,0.5452750550883456,0.21740611773106727,0.06372692947440857,0.5651005827010263,-1.7057070008817785,0.3447313621637658,0.2242860576911211,0.09342738209904973,0.02970045262464117,1.5370164588586144
JFM2026,TP,ECMWF,central_india,2026-01-01,daily,2,Week 1,model_own,0.46767965443720405,0.15584136379329305,-0.015058953769668634,0.737189718485916,-0.0330176671639808,0.2108595111927612,0.2050677461671706,0.03145173221711019,0.04651068598677882,1.0282431788218376
JFM2026,TP,ECMWF,central_india,2026-01-01,daily,3,Week 1,model_own,0.6582010347899743,0.07073108391268333,-0.02184380317507343,0.9454932351569509,0.2817228397287551,0.05276157600573728,0.18421701105991617,0.008100823038240055,0.02994462621331348,0.2864099015729698
JFM2026,TP,ECMWF,central_india,2026-01-01,daily,4,Week 1,model_own,0.3240757363186353,0.03805235459934974,0.002906899575050986,0.9849999172438687,0.6343812300779975,0.1052501631643476,0.17145002153911465,0.014313779673059548,0.011406880098008563,0.6138824726851131
JFM2026,TP,ECMWF,central_india,2026-01-01,daily,5,Week 1,model_own,0.7388124687722561,0.006891138313587038,0.002833584944053459,0.9995473600852786,0.9746909512038479,0.44970939235565155,0.17801368350830207,0.0032806154353413938,0.00044703049128793455,2.5262630573827676
JFM2026,TP,ECMWF,central_india,2026-01-01,daily,6,Week 1,model_own,0.8241191656326633,0.014082959491606267,0.0052439579277895046,0.9981249577694499,0.8943712214009496,0.4462231373176598,0.17871995653331552,0.005714333008618508,0.0004703750808290032,2.496772861706009
JFM2026,TP,ECMWF,central_india,2026-01-01,daily,7,Week 1,model_own,0.7378802552688347,0.013753296948336649,0.0037814055143894514,0.9982297233857099,0.8991983282845791,0.26327631696330767,0.1795552378246935,0.0043062019204120955,0.0005247964060226432,1.46626921137413
JFM2026,TP,ECMWF,central_india,2026-01-01,daily,8,Week 2,model_own,0.6751907329115838,0.025460094469064012,0.009592462119086773,0.9939840805221255,0.6546863600032802,0.25252640841943763,0.180896355743308,0.0102504908619455,0.0006580287428587285,1.395972889458164
JFM2026,TP,ECMWF,central_india,2026-01-01,daily,9,Week 2,model_own,0.43800106572882025,0.04290182663851904,0.012121563176552648,0.982053037272638,0.3259851837081157,0.1197647327707526,0.17553986809893754,0.01937420569387723,0.00725264251732458,0.6822651404936169
JFM2026,TP,ECMWF,central_india,2026-01-01,daily,10,Week 2,model_own,0.10313633358606543,0.09136738223571592,0.050466050244567566,0.9167892845888417,-1.2102269729718471,0.16703813705414494,0.1687740553404139,0.05804934040463045,0.007583290160062887,0.9897145430157044
JFM2026,TP,ECMWF,central_india,2026-01-01,daily,11,Week 2,model_own,0.385691565954832,0.14825700360702332,0.11066267862610484,0.7997756214004719,-10.702215853559084,0.13977676561643124,0.18354965738984338,0.11118705202848646,0.0005243734023816172,0.7615201662815291
JFM2026,TP,ECMWF,central_india,2026-01-01,daily,12,Week 2,model_own,0.442344949206327,0.06212711637032483,0.019728706523517436,0.9648449417647006,-0.22760896589776314,0.11540841579371118,0.19930915097642274,0.0320710499013238,0.012342343377806366,0.579042232774166
JFM2026,TP,ECMWF,central_india,2026-01-01,daily,13,Week 2,model_own,0.4972578673479523,0.062271954806065254,-0.017105548123095317,0.9641306948475862,0.305133777043779,0.09734654858183599,0.21086045252928706,0.008462113925649762,0.025567662048745075,0.461663376959296
JFM2026,TP,ECMWF,central_india,2026-01-01,daily,14,Week 2,model_own,0.386478425303641,0.08129022682639218,0.042157119008807344,0.9411391056455873,-2.5437732255988044,0.12109397069309112,0.18569526754909507,0.042250638200313016,9.35191915056735e-05,0.6521112373586778
JFM2026,TP,ECMWF,central_india,2026-01-01,daily,15,Week 3,model_own,0.7212630976226997,0.08747847167477191,0.05391865121156676,0.9327963191197632,-3.4974122820810356,0.11399149246605589,0.18783697093011129,0.05418765087154079,0.0002689996599740179,0.6068639837067477
JFM2026,TP,ECMWF,central_india,2026-01-01,daily,16,Week 3,model_own,0.6555211496745607,0.12773079980127738,0.08768808778483575,0.859081897922168,-7.7100427793704025,0.2641210814301747,0.18973753780937463,0.08768808778483575,0.0,1.3920338825917078
JFM2026,TP,ECMWF,central_india,2026-01-01,daily,17,Week 3,model_own,0.7617017445949559,0.13473547913765246,0.10904845090564662,0.8381152846639771,-3.8116610499888894,0.16932008877460789,0.18993356278722887,0.11781578204333548,0.008767331137688848,0.8914700819058872
JFM2026,TP,ECMWF,central_india,2026-01-01,daily,18,Week 3,model_own,0.269399420656325,0.25784364504062385,0.18841989046219754,0.4356495013396753,-29.92232000323749,0.17777681488977098,0.1933492849613976,0.19146281496345638,0.0030429245012588554,0.9194593862876933
JFM2026,TP,ECMWF,central_india,2026-01-01,daily,19,Week 3,model_own,0.19059607009016274,0.2769954381530167,0.22705183233500387,0.36988294220470785,-39.76978446182393,0.13060672863488978,0.19748007869226436,0.22806269910186167,0.0010108667668577726,0.6613666021392257
JFM2026,TP,ECMWF,central_india,2026-01-01,daily,20,Week 3,model_own,-0.002172360978261687,0.36931648702654346,0.28879674981001396,-0.0935159020900429,-71.69989842706161,0.10904047591031132,0.20110274053709157,0.28923257411351805,0.00043582430350405877,0.5422127794931756
JFM2026,TP,ECMWF,central_india,2026-01-01,daily,21,Week 3,model_own,0.6034390114649248,0.3363108532337666,0.28109955272294357,0.11147359191710893,-61.49576511520204,0.15781839251648458,0.20426655919491535,0.28129117400678977,0.00019162128384622382,0.7726100304352365
JFM2026,TP,ECMWF,central_india,2026-01-01,daily,22,Week 4,model_own,0.4375775719929433,0.3578116780876019,0.2895653475692544,0.004346760062637012,-4.221012148588735,0.16528145550591056,0.2373123100755232,0.31552574169825004,0.025960394128995683,0.6964723214455699
JFM2026,TP,ECMWF,central_india,2026-01-01,daily,23,Week 4,model_own,0.05918439982192771,0.5045130947572054,0.39436373481958664,-0.9599277695709145,-110.2633076992234,0.18142045230307258,0.2120579595515985,0.39971218501641786,0.005348450196831261,0.8555229555480509
JFM2026,TP,ECMWF,central_india,2026-01-01,daily,24,Week 4,model_own,-0.6231888405286283,0.5506189110589533,0.42857657146256,-1.470470977423199,-47.057607612931704,0.15855359356146265,0.2122831534527822,0.44841181004825725,0.019835238585697197,0.7468967319478296
JFM2026,TP,ECMWF,central_india,2026-01-01,daily,25,Week 4,model_own,-0.5026160666447186,0.7007240946441831,0.531747144869594,-2.5503223456949575,-94.54457373571024,0.14629349641030054,0.24087674536050785,0.5487226583167468,0.016975513447152774,0.6073375667350145
JFM2026,TP,ECMWF,central_india,2026-01-01,daily,26,Week 4,model_own,0.3678900323241897,4.4017830853033475,-0.6219522324119129,0.025183860968783667,0.06151476133806655,0.234251466494205,4.371746357530331,0.5537519115419889,1.1757041439539022,0.05358304149798329
JFM2026,TP,ECMWF,central_india,2026-01-01,daily,27,Week 4,model_own,-0.43414284390246055,0.5080303861512505,0.2826591077196798,-0.6077045165098729,-0.727875886077104,0.17332571631531785,0.362234256866105,0.4139399086941213,0.13128080097444148,0.47849068118199917
JFM2026,TP,ECMWF,central_india,2026-01-01,daily,28,Week 4,model_own,0.4633796689569979,0.4320262545099342,0.36195602356611767,-0.3470526743705573,-85.25616665342301,0.14873794871668652,0.2212902072773522,0.36595043578231096,0.0039944122161933255,0.6721397686173571
JFM2026,TP,ECMWF,central_india,2026-01-01,daily,29,Week 5,model_own,0.3376741314568693,0.41373752682989146,0.3236500491990132,-0.1929587732862541,-69.59389814427253,0.11259792754395581,0.2356716239660734,0.33143269755199445,0.007782648352981204,0.4777746495274504
JFM2026,TP,ECMWF,central_india,2026-01-01,daily,30,Week 5,model_own,0.5131294662919285,0.391508791196733,0.23333006237635645,0.12034966552012549,-1.4877778506537895,0.24225893426386377,0.3376395248967035,0.2936699026461921,0.060339840269835625,0.7175076269224694
JFM2026,TP,ECMWF,central_india,2026-01-01,daily,31,Week 5,model_own,0.2163360974810018,0.8714162504253693,0.1357484835759817,-0.001260068721998131,-0.13216841055127349,0.12945745030688718,0.8565112752398559,0.2860102712037459,0.15026178762776418,0.15114506259200633
JFM2026,TP,ECMWF,central_india,2026-01-01,daily,32,Week 5,model_own,0.3745066049280348,0.4209660935197335,0.2120389257534699,0.1646330604205185,-0.9625253441567132,0.18251802616407328,0.3915938099053363,0.27959458977111223,0.06755566401764232,0.46609017187527835
JFM2026,TP,ECMWF,central_india,2026-01-01,daily,33,Week 5,model_own,-0.4052894944654433,0.5123760737303159,0.09606151693850623,-0.11792343419695861,-0.11843597630138691,0.1395649675010343,0.4683357838747748,0.2843481366827699,0.18828661974426372,0.29800193003905007
JFM2026,TP,ECMWF,central_india,2026-01-01,daily,34,Week 5,model_own,-0.22842490679996072,0.41453007298665495,0.24935209895681176,-0.20344100126050835,-7.867567851587848,0.2648713611167966,0.25505602245428816,0.28629381428130085,0.03694171532448913,1.0384830695941225
JFM2026,TP,ECMWF,central_india,2026-01-01,daily,35,Week 5,model_own,-0.25051513521695884,0.48892382026983083,0.3041651065978526,-0.5082710362676885,-126.21124981479737,0.27430973846978135,0.2392536123800069,0.30458936797007324,0.0004242613722206556,1.1465228706101822
JFM2026,TP,ECMWF,central_india,2026-01-01,daily,36,Week 6,model_own,0.18537379397018522,0.3708971514327802,0.26522708638203935,0.15086217503825572,-72.44056690879621,0.15216712305649804,0.24214025742380585,0.26522708638203935,0.0,0.628425544250445
JFM2026,TP,ECMWF,central_india,2026-01-01,daily,37,Week 6,model_own,-0.23626544318054146,0.5664920497960141,0.4201210424249813,-0.9393125224070915,-170.38353155681665,0.21852563050141666,0.24490138581941173,0.4201836912879863,6.264886300496429e-05,0.8923005060598377
JFM2026,TP,ECMWF,central_india,2026-01-01,daily,38,Week 6,model_own,0.14833755599863582,0.3316546822207769,0.23685798478690334,0.35004697154968334,-57.67627191487817,0.08295163248020805,0.2474747418625206,0.23704741818116606,0.00018943339426269934,0.33519231843987574
JFM2026,TP,ECMWF,central_india,2026-01-01,daily,39,Week 6,model_own,0.5363684160355224,0.237518399817744,0.18884540900690874,0.6751338791805127,-29.11928859794032,0.10982586294195391,0.25046783390015215,0.18885841583881535,1.3006831906656815e-05,0.4384829031009846
JFM2026,TP,ECMWF,central_india,2026-01-01,daily,40,Week 6,model_own,0.06065275579665525,0.33787771982794995,0.2483008534084827,0.35873788520351035,-59.96819525056365,0.0762533094329832,0.25346085276839636,0.2483455568920642,4.470348358154297e-05,0.300848468708739
JFM2026,TP,ECMWF,central_india,2026-01-01,daily,41,Week 6,model_own,-0.39434505801569836,0.44150682498204313,0.32023172596868527,-0.06956026549133432,-103.0648033359892,0.16343956029321222,0.256280389704651,0.32023172596868527,0.0,0.6377372864212018
JFM2026,TP,ECMWF,central_india,2026-01-01,daily,42,Week 6,model_own,-0.1531540811177724,0.38388465924870124,0.28560507228614174,0.20903344425638393,-77.673874633109,0.13190212926272593,0.2590656155169391,0.28560507228614174,0.0,0.5091456425026867
JFM2026,TP,ECMWF,central_india,2026-01-01,weekly,1,Week 1,model_own,0.8492098368579206,0.046332342437662044,0.005941430371952897,0.9776631891024017,0.3483367730667103,0.21458989419524516,0.17709660971144145,0.02294212288172152,0.017000692509768624,1.2117109104736374
JFM2026,TP,ECMWF,central_india,2026-01-01,weekly,2,Week 2,model_own,0.813344942303317,0.047230810165121984,0.032517574532276536,0.9790184190713582,-0.05959391169082995,0.07930118941363756,0.18458867855152516,0.0402349829891247,0.00771740845684816,0.4296102558180556
JFM2026,TP,ECMWF,central_india,2026-01-01,weekly,3,Week 3,model_own,0.7488724941256465,0.21807279862567244,0.1765747430332419,0.5993649786330664,-24.228879853341702,0.10466294698602772,0.19406820876371486,0.178534395616256,0.0019596525830141297,0.539310109846269
JFM2026,TP,ECMWF,central_india,2026-01-01,weekly,4,Week 4,model_own,0.5747243325012253,0.6692723796666574,0.23813081859942647,-0.012327836003295234,0.03189311325835453,0.10672277850015494,0.6572144683913752,0.4351449510275457,0.19701413242811927,0.16238653230105227
JFM2026,TP,ECMWF,central_india,2026-01-01,weekly,5,Week 5,model_own,0.18412770950378982,0.3861357126827147,0.22204945913997853,0.021856411242307416,-2.241885570635732,0.10458708630404008,0.3097756206091473,0.29513410619087654,0.07308464705089796,0.3376220701241063
JFM2026,TP,ECMWF,central_india,2026-01-01,weekly,6,Week 6,model_own,-0.13193424636606274,0.3677637871395232,0.2807413167727172,0.22139961312073886,-71.21162275974919,0.038507499144743884,0.25045183209728483,0.28078557285404515,4.425608132794256e-05,0.15375211601481173
JFM2026,TP,ECMWF,east_northeast_india,2026-01-01,daily,1,Week 1,model_own,0.27650020036446177,0.6686923570809854,-0.1461148857908058,0.6630527304062828,-1.2544523017938412,0.5542036263020722,0.9352366117682545,0.19416709553252906,0.34028198132333476,0.5925811921052127
JFM2026,TP,ECMWF,east_northeast_india,2026-01-01,daily,2,Week 1,model_own,0.3247711936253408,0.8795282109524168,0.2582789402200762,0.7096453401884055,-0.5288132820830027,0.5182878725660255,1.4719403062170067,0.5825125527549819,0.32423361253490574,0.35211201865791886
JFM2026,TP,ECMWF,east_northeast_india,2026-01-01,daily,3,Week 1,model_own,0.7544212128013944,0.9800059379389573,0.39620072723601785,0.6435246358390456,-4.900360500518082,0.6029512806674159,1.4180264930908617,0.6158371988183997,0.21963647158238178,0.4252045244607296
JFM2026,TP,ECMWF,east_northeast_india,2026-01-01,daily,4,Week 1,model_own,0.6791401209238201,0.4769091568290068,0.16551338629133946,0.9231876220943694,-0.2309492342788695,0.47035672194880523,1.4860705230599285,0.36089958655678334,0.19538620026544387,0.3165103638421588
JFM2026,TP,ECMWF,east_northeast_india,2026-01-01,daily,5,Week 1,model_own,0.5051230181358398,0.46993643377461447,0.2347696960057933,0.9338578119803617,0.12754523821635255,0.5199257665148244,1.5522382540448352,0.35051602792311715,0.11574633191732382,0.3349522956028158
JFM2026,TP,ECMWF,east_northeast_india,2026-01-01,daily,6,Week 1,model_own,0.36243707844815826,0.40109775371511536,0.09800912617106268,0.9530380259471465,0.28794410914156543,0.5162404400886644,1.5778094694067655,0.22801508185878266,0.13000595568771997,0.3271880731472373
JFM2026,TP,ECMWF,east_northeast_india,2026-01-01,daily,7,Week 1,model_own,0.5282508750079812,0.1432694818353369,0.08234799205932758,0.9951257800579522,0.9578063863016161,0.3292681502153922,1.7258084316148166,0.08848716058727468,0.006139168527947095,0.19079067188662432
JFM2026,TP,ECMWF,east_northeast_india,2026-01-01,daily,8,Week 2,model_own,0.6522663665220841,0.07778248228098898,0.004047997433414216,0.9985704098814736,0.9860031168974145,0.826686744403282,1.731398884541867,0.02857917078448036,0.02453117335106614,0.4774675274334751
JFM2026,TP,ECMWF,east_northeast_india,2026-01-01,daily,9,Week 2,model_own,0.460305186134053,0.3548490576623397,0.13392192890848362,0.9710272678284583,0.6972408724452913,0.5618368295615265,1.7545222146400046,0.16264673736352506,0.02872480845504143,0.3202221236490898
JFM2026,TP,ECMWF,east_northeast_india,2026-01-01,daily,10,Week 2,model_own,0.7068284426494786,0.41679172357493705,0.03611701888169427,0.9491403726632447,-0.15162908857033086,0.2247819539030749,1.5401625123679583,0.1894952023879191,0.15337818350622484,0.1459469063154113
JFM2026,TP,ECMWF,east_northeast_india,2026-01-01,daily,11,Week 2,model_own,0.758181804331478,0.2536422295707643,0.14946989336844088,0.9868220294706839,0.8719601420260865,0.48650912282824776,1.858086113901704,0.1496184643510737,0.00014857098263280883,0.2618334635775578
JFM2026,TP,ECMWF,east_northeast_india,2026-01-01,daily,12,Week 2,model_own,0.7781038746830297,0.23518455871469648,0.11923035691398978,0.9886792627441211,0.8731820526074795,0.7545606017507336,1.858966647702873,0.13971841493636694,0.02048805802237715,0.4059032488200608
JFM2026,TP,ECMWF,east_northeast_india,2026-01-01,daily,13,Week 2,model_own,0.7928576013388139,0.35189746592057003,0.031554512607197466,0.9732936143783516,0.6266639161866623,0.6600808410669053,1.8171159952294842,0.11364512160409929,0.08209060899690182,0.36325740503073584
JFM2026,TP,ECMWF,east_northeast_india,2026-01-01,daily,14,Week 2,model_own,0.7585202362319547,0.2399262920888441,0.07479245157278899,0.9884385033107651,0.844748179086474,0.6117364404762212,1.890384491017451,0.14855828748693886,0.0737658359141499,0.32360424209096733
JFM2026,TP,ECMWF,east_northeast_india,2026-01-01,daily,15,Week 3,model_own,0.7569981841250737,0.2321649310049157,0.1733132781099188,0.990360376629879,0.8898519541675224,0.7922778812113496,1.9904097613227862,0.17882766481957563,0.005514386709656864,0.3980476264770816
JFM2026,TP,ECMWF,east_northeast_india,2026-01-01,daily,16,Week 3,model_own,-0.7362610256609121,0.24804308828795946,0.15102386363383322,0.9888759559439063,0.8497689673890461,1.670723828910216,1.976193537280083,0.18150521066344386,0.03048134702961065,0.8454252062830356
JFM2026,TP,ECMWF,east_northeast_india,2026-01-01,daily,17,Week 3,model_own,0.31832342038738837,0.3754925085274833,0.1779491335375945,0.9740282631696898,0.5605862664953657,0.39665343029868905,1.963111294979264,0.25333926882611824,0.07539013528852369,0.20205346039888117
JFM2026,TP,ECMWF,east_northeast_india,2026-01-01,daily,18,Week 3,model_own,0.3945417168001122,0.9246138402082934,0.027767467188436357,0.8228653840415348,-0.4802783173511036,0.46852562776134804,1.8933578820629688,0.27049473630980186,0.2427272691213655,0.2474575103840648
JFM2026,TP,ECMWF,east_northeast_india,2026-01-01,daily,19,Week 3,model_own,0.4768755709241302,0.7608329834950966,0.09487605653006771,0.844731416976038,-2.7771752032605357,0.3740821310153099,1.5870981738258583,0.3793917620733085,0.28451570554324085,0.2357019478596889
JFM2026,TP,ECMWF,east_northeast_india,2026-01-01,daily,20,Week 3,model_own,0.5576795853222055,0.7857441234937702,0.267346319740002,0.8592055012722983,-2.092177961912346,0.4529584427378708,1.7422416036123658,0.516699233683284,0.24935291394328188,0.25998600986149467
JFM2026,TP,ECMWF,east_northeast_india,2026-01-01,daily,21,Week 3,model_own,0.5419184913367746,0.6334851031903473,0.5706995023561036,0.9402248917737577,0.0062874931199914386,0.5591972627239875,2.182977236524602,0.6127041960226413,0.04200469366653771,0.25616266325078807
JFM2026,TP,ECMWF,east_northeast_india,2026-01-01,daily,22,Week 4,model_own,0.43737321271441093,0.7681812210607851,0.6753308139383142,0.9105993931945288,-0.6456299203946059,0.526341248366473,2.147517836430218,0.7303539901636432,0.055023176225329096,0.24509284134347448
JFM2026,TP,ECMWF,east_northeast_india,2026-01-01,daily,23,Week 4,model_own,0.016817597307946117,0.8691809398199911,0.6817504683027756,0.8787471092143777,-1.819327932877421,0.2659592878926859,2.0736935720250638,0.7863981667452381,0.10464769844246244,0.12825389993998176
JFM2026,TP,ECMWF,east_northeast_india,2026-01-01,daily,24,Week 4,model_own,0.420298118465679,1.1524253182972843,0.5946458673258226,0.7382757409112347,-2.595286580514218,0.432290171938039,1.8849734174443478,0.8832740635430638,0.2886281962172411,0.22933489031592774
JFM2026,TP,ECMWF,east_northeast_india,2026-01-01,daily,25,Week 4,model_own,0.23589860876980476,1.2791378895301364,1.0017659317911478,0.7051654377988716,-19.325900638414005,0.4697055685468699,1.967906619932978,1.2573163432507202,0.25555041145957214,0.23868285404866765
JFM2026,TP,ECMWF,east_northeast_india,2026-01-01,daily,26,Week 4,model_own,0.4644791231884171,1.637441894977829,1.5565408339827786,0.6688100464134998,-4.475315681825027,0.742723245879719,2.3685062365531224,1.5601590043388813,0.0036181703561027345,0.3135829808751533
JFM2026,TP,ECMWF,east_northeast_india,2026-01-01,daily,27,Week 4,model_own,0.45211124116724166,1.7559639534058828,1.654639332513442,0.6181831961262481,-7.208883706810424,0.49399042961682366,2.4063060135895777,1.7548626943908983,0.1002233618774558,0.20528994518029708
JFM2026,TP,ECMWF,east_northeast_india,2026-01-01,daily,28,Week 4,model_own,-0.17538933494858602,2.2815030345065477,0.057935603782212554,-5.206840735464506,-0.11339410198599653,0.23195052269950237,0.7947825568650847,1.2475979959784793,1.1896623921962666,0.29184148632350554
JFM2026,TP,ECMWF,east_northeast_india,2026-01-01,daily,29,Week 5,model_own,0.1645305904684121,1.2195607210584314,0.295842608302108,0.5203794768871812,-1.1224316295927768,0.15516055148178823,1.370442399843399,0.8674972512229275,0.5716546429208194,0.11321931625839837
JFM2026,TP,ECMWF,east_northeast_india,2026-01-01,daily,30,Week 5,model_own,-0.36869657573186526,1.3005669649492078,1.0001809753030386,0.7937098090088308,-5.007379241372112,0.2635668859635263,2.3717027974016216,1.1056102928616458,0.10542931755860713,0.11112981198668045
JFM2026,TP,ECMWF,east_northeast_india,2026-01-01,daily,31,Week 5,model_own,-0.07859002166391696,1.3232829732343063,1.1307713588805344,0.8135012402878022,-3.3928588258912766,0.1887031135649403,2.5518421104426947,1.1775017915191595,0.04673043263862513,0.07394780139128748
JFM2026,TP,ECMWF,east_northeast_india,2026-01-01,daily,32,Week 5,model_own,0.29072004148235814,1.2287677583764707,1.0433501992451268,0.8143799707697037,-7.712026843307598,0.1378067919797024,2.3214961474599622,1.1621478007131993,0.11879760146807242,0.0593611977906929
JFM2026,TP,ECMWF,east_northeast_india,2026-01-01,daily,33,Week 5,model_own,0.261684206402996,1.0706848552879908,0.8639841141585575,0.8660180154569905,-5.4410865765978595,0.19715517851515224,2.400057202758875,0.9996420728980422,0.13565795873948472,0.08214603313976084
JFM2026,TP,ECMWF,east_northeast_india,2026-01-01,daily,34,Week 5,model_own,-0.029680292581570154,1.3913439445783566,0.9606947065486448,0.7148691446196029,-4.824243117813565,0.25939480003275095,2.0954349734372117,1.25259098687448,0.29189628032583526,0.12379043173420792
JFM2026,TP,ECMWF,east_northeast_india,2026-01-01,daily,35,Week 5,model_own,-0.44391641156454104,1.045068996133576,0.6983442450088354,0.7908958841659853,-3.1255143511644707,0.20579852605992963,1.763255128883777,1.1190974925391142,0.42075324753027876,0.1167151155205825
JFM2026,TP,ECMWF,east_northeast_india,2026-01-01,daily,36,Week 6,model_own,0.326980401036917,1.1258401947831556,0.4378585871333283,0.8543783534067918,-1.4857683080971555,0.262963146164836,2.4685614329655166,0.7311201026067194,0.29326151547339113,0.10652485397089542
JFM2026,TP,ECMWF,east_northeast_india,2026-01-01,daily,37,Week 6,model_own,0.3553923977204689,2.1628196874744776,0.23682135897814197,0.4230827473524794,-0.41365889562040836,0.4237415029054416,2.574745713434296,0.9637914814029852,0.7269701224248432,0.16457605917915624
JFM2026,TP,ECMWF,east_northeast_india,2026-01-01,daily,38,Week 6,model_own,0.5076005254454682,1.1517855423755712,0.6298610131608579,0.7559878144197001,-2.7994698528029804,0.29572249648321625,1.8111965749748853,1.139701997176397,0.5098409840155392,0.16327465531305835
JFM2026,TP,ECMWF,east_northeast_india,2026-01-01,daily,39,Week 6,model_own,0.49226653778510027,0.9360885365259164,0.6381786566538507,0.9269593587828384,-1.4781341414145959,0.39171456072692334,2.8760157698229,0.7217216861368586,0.08354302948300783,0.13620042172127744
JFM2026,TP,ECMWF,east_northeast_india,2026-01-01,daily,40,Week 6,model_own,0.37929284288460996,1.0014631107180212,0.7697733605463307,0.9177411782559901,-1.99152375001194,0.3088869815506503,2.9018741637366077,0.8757603643364603,0.10598700379012982,0.10644396142695277
JFM2026,TP,ECMWF,east_northeast_india,2026-01-01,daily,41,Week 6,model_own,0.44779430255784747,1.223758528416622,1.0233155527327171,0.8747389443972059,-4.938990551187433,0.5374931760521515,2.858622741465912,1.16092473628439,0.13760918355167254,0.18802522216573533
JFM2026,TP,ECMWF,east_northeast_india,2026-01-01,daily,42,Week 6,model_own,0.4787736700084891,1.8664336597899556,0.7233912662555619,0.6704634198740234,-1.0434310153718918,0.39238901735596377,2.851819493873289,1.281313015030438,0.5579217487748761,0.13759251530433583
JFM2026,TP,ECMWF,east_northeast_india,2026-01-01,weekly,1,Week 1,model_own,0.60290400497586,0.45727421367820503,0.1555721552680017,0.9251514376036835,-0.2216528896738157,0.41271078879357026,1.4250308102900833,0.3457763877984706,0.19020423253046884,0.2896153443233678
JFM2026,TP,ECMWF,east_northeast_india,2026-01-01,weekly,2,Week 2,model_own,0.7333534602671679,0.23969317542350219,0.07844775116146557,0.9871060182071248,0.8382330492358507,0.5670845626625527,1.7755733238172517,0.13318020785171694,0.05473245669025139,0.3193811007722253
JFM2026,TP,ECMWF,east_northeast_india,2026-01-01,weekly,3,Week 3,model_own,0.2346050085409509,0.46539997280722517,0.2089965177198138,0.9569527325089193,-0.025961269295543987,0.2554758026655283,1.8788117146658199,0.34185172290085225,0.1328552051810384,0.1359773311350516
JFM2026,TP,ECMWF,east_northeast_india,2026-01-01,weekly,4,Week 4,model_own,0.43094966475054175,1.1165505676574419,0.8889441432329226,0.7497065918957984,-18.05801665604698,0.3456174873797607,1.8370579381647605,1.174280337263041,0.28533619403011845,0.18813641105137713
JFM2026,TP,ECMWF,east_northeast_india,2026-01-01,weekly,5,Week 5,model_own,-0.14548512693812868,1.0778640649195501,0.8561668955598025,0.8285448930094538,-18.053713612824804,0.09005842505009402,2.103054523055172,1.0977268172410788,0.24155992168127635,0.042822677235806225
JFM2026,TP,ECMWF,east_northeast_india,2026-01-01,weekly,6,Week 6,model_own,0.476640299399545,1.1332263215909464,0.6370285459002045,0.8587895042432332,-3.5944730485186867,0.35022872695636237,2.512078528072344,0.9820476546240415,0.34501910872383695,0.13941790554816458
JFM2026,TP,ECMWF,northwest_india,2026-01-01,daily,1,Week 1,model_own,-0.10369786408388042,1.354118757938389,0.8582385660279356,-0.4960308705408396,-2.0153217109435655,0.8185333496798123,0.8360857443703992,0.9544814194210772,0.09624285339314147,0.9790064657736696
JFM2026,TP,ECMWF,northwest_india,2026-01-01,daily,2,Week 1,model_own,0.8242598760271423,0.28711015236582604,-0.0834654474635763,0.9208460281536153,0.7902599170212198,0.7768021054168737,0.7656186353838524,0.0767692149852946,0.1602346624488709,1.0146071026959973
JFM2026,TP,ECMWF,northwest_india,2026-01-01,daily,3,Week 1,model_own,0.5242785546257781,0.5391781502151235,-0.1470214452601297,0.6630708935700724,0.48804725366117907,1.0456077950049645,0.6953508752485776,0.0844998404956514,0.2315212857557811,1.5037124885061448
JFM2026,TP,ECMWF,northwest_india,2026-01-01,daily,4,Week 1,model_own,0.8803342877000676,0.3291488265640263,0.1618386938149154,0.9193932243494644,0.8015974188575475,0.49709580339163517,0.8308582220964837,0.213122280185211,0.05128358637029565,0.5982919710866262
JFM2026,TP,ECMWF,northwest_india,2026-01-01,daily,5,Week 1,model_own,0.8171031548802171,0.19065807848404223,0.04848753021547568,0.9708462046526688,0.9415366872705523,0.5504143544222783,0.7775470336978584,0.1195303606055031,0.07104283039002741,0.7078856076456462
JFM2026,TP,ECMWF,northwest_india,2026-01-01,daily,6,Week 1,model_own,0.8815133936482255,0.24939829520353526,0.1392451907812671,0.9606191962545592,0.9046071135734259,0.6870171676030267,0.9011674660622657,0.14938975777873414,0.010144566997467033,0.7623634823447538
JFM2026,TP,ECMWF,northwest_india,2026-01-01,daily,7,Week 1,model_own,0.9502376158493419,0.10364231743294158,0.040644573559597226,0.9935914065070038,0.9837250915729165,1.0551087459585882,0.9422811390277869,0.05310014348021979,0.012455569920622566,1.119738793718415
JFM2026,TP,ECMWF,northwest_india,2026-01-01,daily,8,Week 2,model_own,0.8343016310330784,0.26483978544826403,0.013654765190025016,0.9593798982115053,0.9029316895032382,0.5688621434598812,0.9963496685875642,0.07258858082750477,0.05893381563747976,0.5709462866247611
JFM2026,TP,ECMWF,northwest_india,2026-01-01,daily,9,Week 2,model_own,0.9049267742160472,0.08482693229218743,0.06314350383203449,0.9960121688862023,0.9890757126860139,0.6464988917593584,0.9679596571090278,0.06401997361139405,0.0008764697793595891,0.6678985916522954
JFM2026,TP,ECMWF,northwest_india,2026-01-01,daily,10,Week 2,model_own,0.9421966245221323,0.13107995097432878,0.08471414950309156,0.9908242499891597,0.9735771131817383,1.0037070049516703,0.9874084674942709,0.08751675589295282,0.002802606389861281,1.0165063780532082
JFM2026,TP,ECMWF,northwest_india,2026-01-01,daily,11,Week 2,model_own,0.8478276218299602,0.5292200619231082,0.21494355418400812,0.8436698369466351,0.2872356309722369,0.9978079270544208,1.0266151626517963,0.32568645569681914,0.11074290151281098,0.9719395966031078
JFM2026,TP,ECMWF,northwest_india,2026-01-01,daily,12,Week 2,model_own,0.9492496431829287,0.3102472051936389,0.2509540378952605,0.9527699342569332,0.8527821419581009,0.5389539762988768,1.0310017844410588,0.2541318907735001,0.0031778528782395814,0.5227478598313601
JFM2026,TP,ECMWF,northwest_india,2026-01-01,daily,13,Week 2,model_own,0.9266489833363186,0.4095768061577109,0.30417709116958497,0.9211154645785896,0.7452621202341553,0.4771332568098083,1.0524333511047042,0.30681607739297234,0.0026389862233873324,0.45336196948621726
JFM2026,TP,ECMWF,northwest_india,2026-01-01,daily,14,Week 2,model_own,0.9205920506537013,0.4081394255534825,0.312168100275466,0.9149799745299316,0.6425528623450071,0.6873272157217445,1.015239090879641,0.3828930346888732,0.07072493441340721,0.677010195821182
JFM2026,TP,ECMWF,northwest_india,2026-01-01,daily,15,Week 3,model_own,0.1842695801268903,2.3973276597637385,-0.698213499549786,-0.04394657165460214,-0.33581805380317475,0.8494338190428646,2.3454967126376673,0.41978904693549934,1.1180025464852852,0.3621551948745303
JFM2026,TP,ECMWF,northwest_india,2026-01-01,daily,16,Week 3,model_own,0.20287322335196467,0.9075450887808812,0.1652438459856889,0.6167295610625532,-0.1346633540523301,0.6700483685201675,1.2895091035437818,0.5436771077562655,0.3784332617705767,0.519615074200535
JFM2026,TP,ECMWF,northwest_india,2026-01-01,daily,17,Week 3,model_own,0.787217267460439,0.6752808968481494,0.3102038848660708,0.7800993821572003,0.13985340750127184,0.6612180047476012,1.1557094195709028,0.5459783722218929,0.23577448735582224,0.5721317084990977
JFM2026,TP,ECMWF,northwest_india,2026-01-01,daily,18,Week 3,model_own,0.39347705406271544,1.3511099068231969,0.062077431563635654,0.24954478843645844,-1.414833213463123,0.6617073151817205,1.4498694291492782,0.5989039492996103,0.5368265177359747,0.4563909700268543
JFM2026,TP,ECMWF,northwest_india,2026-01-01,daily,19,Week 3,model_own,0.8046640625703106,0.752173753981566,0.44032651618969154,0.7183430827984012,-2.991290637103313,0.3582390743413843,1.1059872945289217,0.6827161423834566,0.24238962619376514,0.3239088514972233
JFM2026,TP,ECMWF,northwest_india,2026-01-01,daily,20,Week 3,model_own,0.8964265942334606,1.0709692954625842,0.834516982659078,0.5564198554476556,-1.8777666924675351,0.6113188345638226,1.2372920236421496,0.9544708152154154,0.11995383255633714,0.49407805342858063
JFM2026,TP,ECMWF,northwest_india,2026-01-01,daily,21,Week 3,model_own,0.5157368607792644,6.280557279576057,-2.0716633137470515,0.05967287814388311,0.1528966472526695,0.35584139575704626,6.007435389398438,1.5139925091022997,3.5856558228493514,0.05923349527570681
JFM2026,TP,ECMWF,northwest_india,2026-01-01,daily,22,Week 4,model_own,0.8886334104502936,19.0816263527589,-10.925011299729206,0.052225185210949654,0.158984848191415,0.6529616210390912,15.841918846642795,1.7975928132937027,12.722604113022912,0.041217331521519955
JFM2026,TP,ECMWF,northwest_india,2026-01-01,daily,23,Week 4,model_own,-0.6927018651170544,1.7435450367094696,1.2917730939444418,-0.6086959484963661,-2.8106385014943265,0.6158947944361897,1.0806677167761911,1.6380858200592252,0.34631272611478353,0.5699206008240024
JFM2026,TP,ECMWF,northwest_india,2026-01-01,daily,24,Week 4,model_own,-0.5997196857326438,2.26376214455607,1.7769845666958641,-1.4821411193790168,-17.37228968320933,0.6873395452396416,1.0389017180271125,1.995560642005512,0.21857607530964762,0.6616020873898525
JFM2026,TP,ECMWF,northwest_india,2026-01-01,daily,25,Week 4,model_own,-0.35395689317013024,2.233278101669671,0.3908973895159004,-0.4999939601670964,0.16956105222210416,0.4826043981910865,1.803298788396323,1.8886819426952202,1.4977845531793197,0.2676230923552428
JFM2026,TP,ECMWF,northwest_india,2026-01-01,daily,26,Week 4,model_own,0.3957893662985537,13.353349087661078,-8.29777968200445,0.015692754103486806,0.14950484101895356,0.40977882009873295,10.400231037078552,1.4899294642146808,9.787709146219129,0.0394009343290359
JFM2026,TP,ECMWF,northwest_india,2026-01-01,daily,27,Week 4,model_own,0.06466927098134378,2.663658818498886,0.13871049849737954,0.14825862867713746,0.19783156454589568,0.2134992468500288,2.8860744293478184,1.3743977471020836,1.235687248604704,0.07397565519412969
JFM2026,TP,ECMWF,northwest_india,2026-01-01,daily,28,Week 4,model_own,-0.862176144829929,1.896368635072,1.4290218159876866,-0.08610302629082867,-5.53866556344723,0.40564221723839133,1.3302513289152933,1.4656280778612056,0.036606261873519244,0.30493652471609106
JFM2026,TP,ECMWF,northwest_india,2026-01-01,daily,29,Week 5,model_own,-0.5932876962025249,1.648700403330949,0.9856483694102137,0.0328216515692602,-15.559099773309487,0.3827330005712854,1.3740548376373038,1.3203709917074884,0.3347226222972746,0.27854274086280084
JFM2026,TP,ECMWF,northwest_india,2026-01-01,daily,30,Week 5,model_own,0.46371677789446586,1.3082659540342134,0.38250792781162646,0.27150489953921886,-0.39293347823937497,0.24708507400135224,1.4456547982746177,1.18565075988611,0.8031428320744834,0.17091568076711475
JFM2026,TP,ECMWF,northwest_india,2026-01-01,daily,31,Week 5,model_own,0.657600958488712,2.0476182974013017,-0.44391027328502547,0.02107953043092703,0.5969961112092153,0.4851323691682949,1.9714899053791581,1.516522006942798,1.9604322802278236,0.24607398082263776
JFM2026,TP,ECMWF,northwest_india,2026-01-01,daily,32,Week 5,model_own,-0.5847675212518074,1.6595901137535207,0.8263911912289661,0.1330887580784449,-0.7647089872495318,0.3896339640093705,1.570368815305432,1.333195797164402,0.5068046059354359,0.24811621334545406
JFM2026,TP,ECMWF,northwest_india,2026-01-01,daily,33,Week 5,model_own,-0.19904184482867676,1.1618271841772116,0.1426748755907856,-0.19730610975593788,0.44258264990779395,0.1802112106435571,1.0018881384028364,1.1612311358957539,1.0185562603049685,0.1798715881903158
JFM2026,TP,ECMWF,northwest_india,2026-01-01,daily,34,Week 5,model_own,0.8815441861861347,1.1107562851424155,0.8056253858512638,0.6911819507364211,-1.0099309693162488,0.4738938188615066,1.4642867033702875,0.8354748272924049,0.029849441441141055,0.3236345845187046
JFM2026,TP,ECMWF,northwest_india,2026-01-01,daily,35,Week 5,model_own,-0.39375130285110826,1.406830583686271,0.9579296320186831,0.5177954283957826,-2.3543561990106,0.30619443795247275,1.472492934742153,0.9763707802288192,0.018441148210136035,0.20794289108496825
JFM2026,TP,ECMWF,northwest_india,2026-01-01,daily,36,Week 6,model_own,-0.6943105821654122,1.6075161560994917,0.961051816470435,0.2866781507736983,-7.758870267717642,0.517702994334108,1.5223354177194166,1.245519695774027,0.2844678793035921,0.34007156918786635
JFM2026,TP,ECMWF,northwest_india,2026-01-01,daily,37,Week 6,model_own,-0.6911040582917096,2.1269136072781474,1.638836753272372,-0.043509335233270274,-6.152883404010314,0.44714686441714113,1.5114418211488934,1.6491966953965578,0.010359942124186025,0.2958412676958026
JFM2026,TP,ECMWF,northwest_india,2026-01-01,daily,38,Week 6,model_own,-0.4171540099693677,1.534435866766165,1.12135026567781,0.4694821882971474,-2.5889920877602233,0.0976027988644873,1.525246336453678,1.1228202085782362,0.0014699429004262697,0.06399149863976843
JFM2026,TP,ECMWF,northwest_india,2026-01-01,daily,39,Week 6,model_own,-0.7523097602724305,1.135386571409063,0.7034048111510517,0.6201917199784253,-4.938670570188074,0.19644336228080359,1.388648579605224,0.9567899297169592,0.2533851185659073,0.1414636972708027
JFM2026,TP,ECMWF,northwest_india,2026-01-01,daily,40,Week 6,model_own,-0.3628370060238061,1.8355241173548866,-0.00811350279613788,-0.08738533082929867,0.13839193028760788,0.1647202424515288,1.7024429785483677,1.0164252422020763,1.0245387449982142,0.09675521854598726
JFM2026,TP,ECMWF,northwest_india,2026-01-01,daily,41,Week 6,model_own,0.5272556710519982,1.2867711816927134,0.9915846248988747,0.633207475060129,-1.6566848748722127,0.22781149269923484,1.5426255476454673,1.0092298620655533,0.017645237166678478,0.1476777647349008
JFM2026,TP,ECMWF,northwest_india,2026-01-01,daily,42,Week 6,model_own,0.71354624891553,1.566142560320633,1.2239089087292128,0.43914985892348835,-4.406955712493456,0.2321480371375185,1.5212180654015524,1.272109277476921,0.04820036874770825,0.15260667909320347
JFM2026,TP,ECMWF,northwest_india,2026-01-01,weekly,1,Week 1,model_own,0.9179625328247798,0.24847369108826992,0.14542396551212466,0.9494142278581004,0.8817995801392252,0.6235126663698151,0.7921946139851455,0.23584187214249466,0.09041790663037,0.7870700650604355
JFM2026,TP,ECMWF,northwest_india,2026-01-01,weekly,2,Week 2,model_own,0.9482747832369869,0.22419035687134625,0.17767931109776652,0.9730579885402546,0.9111051677740318,0.6836364033894593,0.9943250444396318,0.21337896413213112,0.03569965303436457,0.6875381518472502
JFM2026,TP,ECMWF,northwest_india,2026-01-01,weekly,3,Week 3,model_own,0.38331667386938534,1.2668985751864517,-0.13678690020656709,0.18129935275661835,-0.4282324910422075,0.4090868600229715,1.3822814941854882,0.751361112959736,0.8881480131663031,0.2959504715528487
JFM2026,TP,ECMWF,northwest_india,2026-01-01,weekly,4,Week 4,model_own,0.7809897180070494,3.619192738540729,-2.027914796397481,0.1404487156852522,0.5013107781953621,0.4320683547298772,3.0280454177404836,1.664268059346662,3.692182855744143,0.14268886199609418
JFM2026,TP,ECMWF,northwest_india,2026-01-01,weekly,5,Week 5,model_own,-0.36720677553162506,0.8906857129352007,0.522409543156169,0.3868329902608516,-0.24772261286122776,0.17550680438828647,0.9089062809683361,1.1898308635064814,0.6674213203503122,0.19309670101663723
JFM2026,TP,ECMWF,northwest_india,2026-01-01,weekly,6,Week 6,model_own,-0.7475575219753214,1.258768132472491,0.9474319392697286,0.4936493218878717,-11.408243011984483,0.11669014831097166,1.2752666872125342,1.181727264670331,0.23429532540060247,0.0915025456879391
JFM2026,TP,ECMWF,south_peninsula,2026-01-01,daily,1,Week 1,model_own,-0.1485150747519577,2.1919434571306464,1.303896760437505,-9.596325893320676,-10.21100519925635,1.923814924211583,0.6205845139261974,1.6117138787620555,0.30781711832455066,3.100004723031763
JFM2026,TP,ECMWF,south_peninsula,2026-01-01,daily,2,Week 1,model_own,0.020900445080398934,0.41153549657074623,0.2839776622575465,0.5871304411871909,-5.817860682907228,0.3242248700146046,0.4211722919826432,0.34871492597941406,0.0647372637218676,0.7698152898148535
JFM2026,TP,ECMWF,south_peninsula,2026-01-01,daily,3,Week 1,model_own,0.759739940912149,0.18238959527429574,0.12788168391673588,0.9272493843148586,0.270120937302769,0.8949939512183377,0.45044727883568314,0.15133527107027533,0.023453587153539443,1.9869005614413289
JFM2026,TP,ECMWF,south_peninsula,2026-01-01,daily,4,Week 1,model_own,0.7922102931018685,0.1343907726247591,0.05202514672397829,0.9595418465754119,0.6707215982570965,1.0570850953369872,0.44819101524186755,0.06645459835249913,0.01442945162852085,2.3585593182106255
JFM2026,TP,ECMWF,south_peninsula,2026-01-01,daily,5,Week 1,model_own,0.2609738168120392,0.8249476998355632,0.21067334211774152,-1.3216355160823836,-8.851816039690869,0.5373350750633132,0.3766775602314162,0.31531976987113663,0.1046464277533951,1.426512040518674
JFM2026,TP,ECMWF,south_peninsula,2026-01-01,daily,6,Week 1,model_own,-0.04744152482057425,1.6013152019183334,0.5913908349450359,-5.744394263036695,-50.942639718534686,0.7702129209661113,0.40452838382812817,0.6039376855733292,0.01254685062829328,1.9039774506734028
JFM2026,TP,ECMWF,south_peninsula,2026-01-01,daily,7,Week 1,model_own,0.5979835796184627,0.7790945529468244,0.33213342090545267,-0.6880556486638763,-10.813310451474502,0.5862495870909996,0.38781120320864154,0.33719574457097307,0.005062323665520383,1.5116881158680675
JFM2026,TP,ECMWF,south_peninsula,2026-01-01,daily,8,Week 2,model_own,0.2833189465125411,2.7833996214577734,-0.02891989778421976,0.085910157410512,0.16139263631783074,0.7405799205406892,2.859953462191793,0.9624553281498793,0.9913752259340989,0.25894824175674813
JFM2026,TP,ECMWF,south_peninsula,2026-01-01,daily,9,Week 2,model_own,0.6213108644469608,4.102065904706131,-1.5564655013421451,0.47153077518554376,0.5117824319964867,1.709180183115228,4.75844830010897,1.9094815235806688,3.4659470249228135,0.35918855797510446
JFM2026,TP,ECMWF,south_peninsula,2026-01-01,daily,10,Week 2,model_own,0.00744822044730106,2.9049966735513166,-0.057443128608843215,-0.12371154097325965,0.0036038482586366882,1.0523672603471859,2.4830834106829007,1.521895075567847,1.5793382041766901,0.42381470385554326
JFM2026,TP,ECMWF,south_peninsula,2026-01-01,daily,11,Week 2,model_own,0.5482024242768186,1.5471090445957372,0.014440430399361685,0.28858007373006134,0.3504605208519552,0.4943611374262338,1.7758850683042409,0.8813814692626646,0.8669410388633029,0.27837451096893895
JFM2026,TP,ECMWF,south_peninsula,2026-01-01,daily,12,Week 2,model_own,0.2615225977580861,7.492849052472092,-2.2979966208176545,0.0551875590833697,0.09283823873562769,0.4175225083617771,7.299876576031982,0.5762394457593628,2.8742360665770175,0.05719583119153655
JFM2026,TP,ECMWF,south_peninsula,2026-01-01,daily,13,Week 2,model_own,-0.6789805303126392,0.6706417382096928,0.2881136046291683,-1.3231522512273814,-4.716393779152852,0.22609598790876476,0.3442259776594725,0.4024595604936194,0.1143459558644511,0.6568243031687501
JFM2026,TP,ECMWF,south_peninsula,2026-01-01,daily,14,Week 2,model_own,-0.1706558368790193,0.5251190104562412,0.30954063907708906,-0.3998231275577553,-5.651143454369012,0.12662004001017585,0.2725734894713103,0.3393908039593177,0.029850164882228657,0.46453541852427
JFM2026,TP,ECMWF,south_peninsula,2026-01-01,daily,15,Week 3,model_own,-0.23594831690291437,0.47804623669178165,0.3331133846803741,-0.1264093062139482,-4.040529364348936,0.1504433899062443,0.27773865817666565,0.351410546688833,0.018297162008458823,0.5416724877044282
JFM2026,TP,ECMWF,south_peninsula,2026-01-01,daily,16,Week 3,model_own,-0.4747955110276258,0.47492591699238323,0.3684471454154751,-0.06547249192517657,-3.201714934859935,0.3496748425944716,0.28740878730222225,0.37538303202090895,0.006935886605433838,1.2166463171732256
JFM2026,TP,ECMWF,south_peninsula,2026-01-01,daily,17,Week 3,model_own,0.2385253002376983,0.7298682407440239,0.20204014814111626,-0.373742330873166,-0.2517258602420347,0.22227165648801558,0.5907798166934677,0.365077658571185,0.16303751043006875,0.3762343435021978
JFM2026,TP,ECMWF,south_peninsula,2026-01-01,daily,18,Week 3,model_own,0.04615191145953036,0.6634357816220777,0.37915358264600807,-2.138581398860811,-4.890546621712277,0.28209151686499456,0.24457989531186816,0.4497348550678531,0.07058127242184503,1.1533716477607232
JFM2026,TP,ECMWF,south_peninsula,2026-01-01,daily,19,Week 3,model_own,0.2680400658151759,0.5927604962833831,0.38129616711293524,-1.667265505907308,-4.378385159388892,0.2585436056043205,0.2251072382224453,0.44569235666553064,0.06439618955259542,1.1485352832094817
JFM2026,TP,ECMWF,south_peninsula,2026-01-01,daily,20,Week 3,model_own,0.6920690667812647,0.30644441652790483,0.26730196734727807,0.506681675409131,-0.7875806575573803,0.2416073840093666,0.27372321284722445,0.2722959539330387,0.0049939865857606,0.8826704227829485
JFM2026,TP,ECMWF,south_peninsula,2026-01-01,daily,21,Week 3,model_own,0.8198517336054243,0.30527936620779006,0.2705615545640043,0.49999975973106847,-0.6420660717319715,0.3329230509283218,0.2757571261419315,0.2793506150523544,0.008789060488350132,1.2073053399786564
JFM2026,TP,ECMWF,south_peninsula,2026-01-01,daily,22,Week 4,model_own,0.1721213714168548,0.5166353035598679,-0.016078899851107133,0.02357328284212412,-0.32166952525729964,0.21039056104414358,0.5106258391653761,0.20918863378574526,0.22526753363685245,0.4120249014190692
JFM2026,TP,ECMWF,south_peninsula,2026-01-01,daily,23,Week 4,model_own,-0.036543106711186074,5.173714060035284,-1.0754706645050964,-0.011691911717480519,-0.025126235722266355,0.22876211298743324,5.051563614047603,0.2286053441466256,1.304076008651722,0.045285406750353856
JFM2026,TP,ECMWF,south_peninsula,2026-01-01,daily,24,Week 4,model_own,-0.10929548206185045,3.7598191521899222,-0.7491448246646772,0.0009786370363993324,-0.020329669364672176,0.2154903736503378,3.7048237911513797,0.2344358520195981,0.9835806766842751,0.05816481047358207
JFM2026,TP,ECMWF,south_peninsula,2026-01-01,daily,25,Week 4,model_own,0.2538045874800477,0.41920710089255303,0.05372016226950239,0.23190226583077422,-0.22742610843955924,0.2833106597989229,0.47256580926144043,0.30972799762085174,0.25600783535134936,0.5995157801231981
JFM2026,TP,ECMWF,south_peninsula,2026-01-01,daily,26,Week 4,model_own,0.6694699875830461,0.36571132881444124,0.325161057164725,0.20272120870833832,-1.7264830544211849,0.32644077382452946,0.2614491632368203,0.338345842929064,0.013184785764338984,1.2485822091877947
JFM2026,TP,ECMWF,south_peninsula,2026-01-01,daily,27,Week 4,model_own,0.6808408045273476,0.2587776929909936,0.2374301480257268,0.6377493192572652,-0.21539735289417283,0.2667577651239077,0.2802663513993182,0.23867256073867585,0.0012424127129490835,0.951800898652426
JFM2026,TP,ECMWF,south_peninsula,2026-01-01,daily,28,Week 4,model_own,0.7804455873414511,0.25782033830642026,0.22010656335852377,0.6422967918751823,-0.20792876714984954,0.20733803823255234,0.28441948203146883,0.2222502847251753,0.002143721366651484,0.7289867654340639
JFM2026,TP,ECMWF,south_peninsula,2026-01-01,daily,29,Week 5,model_own,0.7973189719024575,0.2698106035788984,0.239596253984867,0.6143900827866837,-0.3178212062904058,0.2356448038087652,0.2892020047529175,0.240718740300342,0.0011224863154749814,0.8148104091121035
JFM2026,TP,ECMWF,south_peninsula,2026-01-01,daily,30,Week 5,model_own,0.15044420975181505,0.24719175521016526,0.14451517873202083,0.6298962396190754,-0.037268162561451046,0.16567777459330751,0.29864549083898023,0.19438070877270092,0.049865530040680076,0.5547640251586302
JFM2026,TP,ECMWF,south_peninsula,2026-01-01,daily,31,Week 5,model_own,0.2327980104660479,0.22720616033464755,0.13482985082072035,0.6227600003358786,-0.22800162483796216,0.24176570355069227,0.2578635470122544,0.19525920544389774,0.06042935462317739,0.9375722406362574
JFM2026,TP,ECMWF,south_peninsula,2026-01-01,daily,32,Week 5,model_own,-0.0439003199315523,0.6198394687884864,0.11724808227636395,-0.9640831780417038,-0.25880389514633717,0.2784264045321207,0.4056848221116345,0.267055387419916,0.14980730514355206,0.6863121057447513
JFM2026,TP,ECMWF,south_peninsula,2026-01-01,daily,33,Week 5,model_own,0.7107463341858229,0.3062772008035787,0.26516133970671096,0.4925238539731922,-0.9373560757348116,0.19430254186954277,0.28945596691360703,0.2735280893093832,0.008366749602672214,0.6712680479222445
JFM2026,TP,ECMWF,south_peninsula,2026-01-01,daily,34,Week 5,model_own,0.4835323796446832,0.34428569795400105,0.2947652081274569,0.43145283583042426,-1.1563833183087975,0.2554991215502588,0.31951020314316303,0.29547137435963344,0.0007061662321765764,0.799658724625383
JFM2026,TP,ECMWF,south_peninsula,2026-01-01,daily,35,Week 5,model_own,0.3517555666453693,0.2682690015390366,0.1851884090479628,0.3958519551671593,-1.6602112736318673,0.3163681169626498,0.21669383839620898,0.2443314299082473,0.05914302086028453,1.4599774470014864
JFM2026,TP,ECMWF,south_peninsula,2026-01-01,daily,36,Week 6,model_own,0.508529163608613,0.24745672520308004,0.2038333789279197,0.7126047187973975,-0.18799119821657606,0.1859200106575051,0.32850236913448794,0.20863011203604656,0.004796733108126902,0.5659624651942464
JFM2026,TP,ECMWF,south_peninsula,2026-01-01,daily,37,Week 6,model_own,0.35004568489398596,0.2514659817575925,0.20395803689284067,0.7154086318524934,-0.19597651332171107,0.20215406233736502,0.3380843022315872,0.20642231058358979,0.0024642736907491193,0.5979398067375805
JFM2026,TP,ECMWF,south_peninsula,2026-01-01,daily,38,Week 6,model_own,0.15089409702377218,0.27712930730746405,0.21672493269975085,0.6766502169888114,-0.402994268113837,0.13211103744025926,0.3559889785280942,0.21737536476693292,0.0006504320671820491,0.3711099090384711
JFM2026,TP,ECMWF,south_peninsula,2026-01-01,daily,39,Week 6,model_own,0.34276482665797026,0.25278002115671144,0.1641660288362392,0.39405107716221754,-0.24893259832988934,0.10741037794059777,0.17495892432949486,0.227198288073077,0.06303225923683783,0.6139176858353053
JFM2026,TP,ECMWF,south_peninsula,2026-01-01,daily,40,Week 6,model_own,0.43687269237064197,0.258129201684475,0.2181738615707883,0.7244276827142,-0.30118250737420027,0.0724604172615382,0.3596526806426616,0.222466534661192,0.004292673090403677,0.20147331345357702
JFM2026,TP,ECMWF,south_peninsula,2026-01-01,daily,41,Week 6,model_own,0.38194821631366976,0.2608125618935316,0.2297048024525339,0.7424750941928666,-0.223621655210261,0.13024171185241926,0.38391923205693546,0.230295346759775,0.0005905443072411045,0.33924247856670103
JFM2026,TP,ECMWF,south_peninsula,2026-01-01,daily,42,Week 6,model_own,0.4371826090224227,0.3066676427891171,0.2664574132360359,0.6564118138762605,-0.690343129764964,0.16703545710302933,0.393294835131373,0.26656352035195163,0.00010610711591576782,0.4247079854156594
JFM2026,TP,ECMWF,south_peninsula,2026-01-01,weekly,1,Week 1,model_own,0.15084525361365564,0.8130174433446965,0.4145683802895847,-1.0058398119703846,-24.57453716143929,0.2900201841784224,0.37286240136807886,0.49066738468730026,0.07609900439771543,0.7778209417584128
JFM2026,TP,ECMWF,south_peninsula,2026-01-01,weekly,2,Week 2,model_own,0.6790646320696144,1.3942248961074084,-0.47553300347291505,0.516131302875453,0.6040307054369698,0.6352031800071409,1.733101634758567,0.9419004107801628,1.417433414253078,0.36651236561532013
JFM2026,TP,ECMWF,south_peninsula,2026-01-01,weekly,3,Week 3,model_own,0.4094443765203115,0.43524090760372147,0.3145591217830836,-0.3804907574103906,-3.582000278225574,0.08107670596763819,0.20687703241195346,0.36270641682603183,0.04814729504294824,0.39190771939434266
JFM2026,TP,ECMWF,south_peninsula,2026-01-01,weekly,4,Week 4,model_own,0.06721760929318275,1.3491070583481286,-0.14346809807392885,0.01220558792456572,-0.09848447963023754,0.2388693244704131,1.355760340496341,0.25446093345872267,0.3979290315326515,0.17618845848740755
JFM2026,TP,ECMWF,south_peninsula,2026-01-01,weekly,5,Week 5,model_own,0.5879827663229564,0.24002998578391138,0.19732919025809129,0.4936260089702884,-1.1547490057601872,0.22526631938110797,0.1893803103810025,0.24439213458126063,0.04706294432316935,1.189491763573038
JFM2026,TP,ECMWF,south_peninsula,2026-01-01,weekly,6,Week 6,model_own,0.4192714262803749,0.24856696097594042,0.21471691130610168,0.7120384925081189,-0.3511502881668205,0.12346957002237446,0.3291834717559173,0.22556448565469397,0.010847574348592274,0.3750782788812817
JFM2026,TP,FuXi,All India,2026-01-01,daily,1,Week 1,era5,0.2742205882684294,1.6824785817293195,0.4862297143876045,-2.9455979747283085,-8.05092765993339,1.6540840744795982,0.7066828588121808,0.635388605763636,0.14915889137603153,2.340631379201478
JFM2026,TP,FuXi,All India,2026-01-01,daily,2,Week 1,era5,0.6018498806787399,0.6827326698878995,0.17608300963272688,0.44714447812095104,-1.1596433263657877,0.6925382334476579,0.7762968711744379,0.3043360098398677,0.12825300020714078,0.8921048881724025
JFM2026,TP,FuXi,All India,2026-01-01,daily,3,Week 1,era5,0.7211545946615123,0.6263071636622349,0.055894699798232514,0.5084416517297579,-0.7846266613222075,0.8887812017304091,0.7410465477817981,0.1784687026163277,0.12257400281809509,1.1993594793617628
JFM2026,TP,FuXi,All India,2026-01-01,daily,4,Week 1,era5,0.968043584134004,0.21729108660158697,0.020009571839603956,0.9524944166900933,0.7820979757864465,0.8602716934626371,0.816318504523578,0.07235321692283135,0.052343645083227405,1.0538431858343222
JFM2026,TP,FuXi,All India,2026-01-01,daily,5,Week 1,era5,0.9724327261913908,0.20520466441782922,-0.0070565526612459085,0.9575941076516661,0.8338382489842067,0.8709445292996012,0.8184109769687358,0.05284444835165612,0.05990100101290203,1.0641896966307092
JFM2026,TP,FuXi,All India,2026-01-01,daily,6,Week 1,era5,0.9871295508412944,0.1410144843446055,0.011523162384206184,0.9824113892134774,0.9221919554130771,0.8781238450787278,0.8724066473306428,0.03667345371320202,0.025150291328995832,1.0065533633490509
JFM2026,TP,FuXi,All India,2026-01-01,daily,7,Week 1,era5,0.996487275893054,0.10478298450147328,0.03865865904018643,0.991392432022775,0.9630747447050363,0.8749677483929604,0.9360500241786804,0.04474213787146626,0.006083478831279846,0.9347446458971939
JFM2026,TP,FuXi,All India,2026-01-01,daily,8,Week 2,era5,0.6134182225247143,1.2859138765804825,-0.1396544223945486,0.4093809621224923,0.17832304937337107,0.9089388578187063,1.615280824957836,0.0671497793663694,0.20680420176091802,0.5627125907610725
JFM2026,TP,FuXi,All India,2026-01-01,daily,9,Week 2,era5,0.7014931759214887,2.171712484183071,-0.5289897430483114,0.34230940229963736,0.29242898326562217,0.9872958065020707,2.677882450280235,0.12046371029319641,0.6494534533415077,0.36868526712169614
JFM2026,TP,FuXi,All India,2026-01-01,daily,10,Week 2,era5,0.7474596772081097,1.085823859675526,-0.20339046720361031,0.5365633110570235,0.34686073271540196,0.9104556464175994,1.5590707718218355,0.11568196438589058,0.3190724315895009,0.5839732633520518
JFM2026,TP,FuXi,All India,2026-01-01,daily,11,Week 2,era5,0.8557009437727253,0.705715394000446,0.02468157167645342,0.7473164632206604,0.43809682255580495,1.3000681917982555,1.3242154110826931,0.22159915789051035,0.1969175862140569,0.9817648857713455
JFM2026,TP,FuXi,All India,2026-01-01,daily,12,Week 2,era5,0.6386919678452718,2.71354061585128,-0.0627251620271845,0.40819707329777355,0.37333021528823773,2.1986382644844253,3.524932531655266,0.4783075536724486,0.5410327156996331,0.6237391055686309
JFM2026,TP,FuXi,All India,2026-01-01,daily,13,Week 2,era5,0.4653093064274721,1.8981102505288456,0.4289977207084982,-1.475904210278094,-11.861471913470988,2.0880616640061156,1.024300183176722,0.47198042259264883,0.04298270188415063,2.038525129938265
JFM2026,TP,FuXi,All India,2026-01-01,daily,14,Week 2,era5,0.7810492093616389,0.7722653431498694,0.2587005916043529,0.5897537848843935,-1.7719204517899922,1.1499625217190965,1.015550475601968,0.29826121797276417,0.03956062636841134,1.1323538803302275
JFM2026,TP,FuXi,All India,2026-01-01,daily,15,Week 3,era5,0.23869778788179113,1.7031961884226186,0.04090869526414239,-0.07431200926472314,-0.9580148482059696,1.0595933934055024,1.6095490829073313,0.40892767710600353,0.36801898184186116,0.6583169191035523
JFM2026,TP,FuXi,All India,2026-01-01,daily,16,Week 3,era5,0.7258936432303544,0.9548135428178363,0.4429342275487068,0.4307682714283676,-1.9624861885828282,1.1582366245791136,1.1250764209825723,0.5718739456355705,0.12893971808686366,1.0294737343864884
JFM2026,TP,FuXi,All India,2026-01-01,daily,17,Week 3,era5,0.6358518245692446,1.3354862143563944,0.8096818152953141,-0.1194041409022093,-4.9365717743698605,1.3325243937264915,1.112268434944819,0.9308181013484117,0.12113628605309756,1.1980241026911813
JFM2026,TP,FuXi,All India,2026-01-01,daily,18,Week 3,era5,0.532956317870176,1.1856711470926649,0.4707210780252966,0.10817237206297436,-3.0567767599111724,1.099224921360819,1.1507720357698434,0.6956366064908788,0.22491552846558208,0.9552064937218078
JFM2026,TP,FuXi,All India,2026-01-01,daily,19,Week 3,era5,0.8046819423910927,0.7531807089059865,0.39743801273786067,0.5549524681742903,-5.944196069979429,1.0649937021604683,0.9545998432394794,0.5309520270681584,0.13351401433029775,1.1156441201020546
JFM2026,TP,FuXi,All India,2026-01-01,daily,20,Week 3,era5,0.8613111125986713,0.7838110499430587,0.5029213238475306,0.6092091931136824,-2.618592742018092,1.18008440782325,1.060464487837617,0.5801603226429076,0.07723899879537698,1.1127995527974244
JFM2026,TP,FuXi,All India,2026-01-01,daily,21,Week 3,era5,-0.06660028301166196,4.076233975060543,-0.4134015274823262,-0.12841495426876492,-0.09169503640458321,1.1458225945733513,3.8144071966875788,0.7610542922273303,1.1744558197096568,0.3003933600923312
JFM2026,TP,FuXi,All India,2026-01-01,daily,22,Week 4,era5,0.0691100700021133,11.072639258638418,-2.908801458358053,0.027409052775102305,0.13013547294271444,1.3795652242969,10.69006242543134,1.2889706691887255,4.19777212754678,0.12905118505341517
JFM2026,TP,FuXi,All India,2026-01-01,daily,23,Week 4,era5,0.25029814831028846,2.642321421780709,0.7665311557050389,-0.07561255376749165,-0.3583393349181332,1.3093945034933587,2.5157041433361544,1.1383166254353154,0.37178546973027654,0.5204882724233739
JFM2026,TP,FuXi,All India,2026-01-01,daily,24,Week 4,era5,0.22810966388959433,2.2625734004493236,0.8725168091934222,-0.25103225046276423,-0.8849208292968596,1.2836515305160685,1.9649171431629568,1.1756764653323073,0.30315965613888485,0.6532853229881008
JFM2026,TP,FuXi,All India,2026-01-01,daily,25,Week 4,era5,0.12838907052782242,1.7960369746220308,0.5691627838968295,-0.6146514083674399,-0.6176076505435217,1.1705269201443478,1.396980183369963,1.1477238892957942,0.5785611053989645,0.8378980132135178
JFM2026,TP,FuXi,All India,2026-01-01,daily,26,Week 4,era5,-0.12141048599823558,8.398416459499158,-2.8598977596158663,-0.05373560204711425,0.06349914108662125,1.0756598669497712,7.693366489659808,0.7274532671878479,3.5873510268037134,0.1398165378440636
JFM2026,TP,FuXi,All India,2026-01-01,daily,27,Week 4,era5,0.5801676889981893,1.6296376155285222,0.28841307208288514,0.33636146320779703,0.113124036339314,1.134427528701888,1.969181863761804,0.7502564531225704,0.46184338103968525,0.5760907865232657
JFM2026,TP,FuXi,All India,2026-01-01,daily,28,Week 4,era5,0.25211743159121586,1.3531027398109514,0.6724314219457891,-0.42624690048218183,-1.0659511011056244,0.9801435568849747,0.9392858191418316,0.8632968620754878,0.19086544012969853,1.0434987273420908
JFM2026,TP,FuXi,All India,2026-01-01,daily,29,Week 5,era5,0.8382761926760386,0.6442571907458042,0.28002628289736853,0.7157161503251943,-1.4582594168071772,1.0139901484490008,1.0260238265243948,0.47692475979708115,0.19689847689971268,0.9882715412992332
JFM2026,TP,FuXi,All India,2026-01-01,daily,30,Week 5,era5,0.7099986652060103,1.0023317255961282,0.34329268089484505,0.5159518067540778,-1.1214738816634013,0.9060694636407768,1.3359136790019455,0.6500598242310563,0.30676714333621125,0.6782395284085247
JFM2026,TP,FuXi,All India,2026-01-01,daily,31,Week 5,era5,0.4424201751333454,1.5705017786514612,0.07128283233728473,0.19799900908203516,0.32977213475707545,0.8517810856835409,1.747201234616586,0.7783674922538752,0.7070846599165905,0.48751172378289886
JFM2026,TP,FuXi,All India,2026-01-01,daily,32,Week 5,era5,0.61423902321977,1.2171017897826977,0.48813156724901385,0.37061607289540954,-1.3859166883778968,1.029332678871304,1.3959883228439893,0.7214640604277136,0.23333249317869958,0.7373504935731031
JFM2026,TP,FuXi,All India,2026-01-01,daily,33,Week 5,era5,0.7385366589173878,0.8843834512953399,0.21336710781337484,0.5544398664138288,0.1340295160311301,1.108279760355517,1.2407318917869057,0.6305739707927229,0.41720686297934784,0.8932467744980499
JFM2026,TP,FuXi,All India,2026-01-01,daily,34,Week 5,era5,0.5866880771203579,1.383389253817756,0.8174870221594432,0.20201062601258546,-6.194885943903455,1.1183089365148846,1.3082727187880336,0.8833804415066645,0.06589341934722127,0.854798025254911
JFM2026,TP,FuXi,All India,2026-01-01,daily,35,Week 5,era5,0.8997938738377064,0.6755139392248524,0.40641165919665206,0.7915661540307314,-0.9250873254961045,1.1722053744525391,1.2266922033310077,0.48618869895166134,0.07977703975500922,0.9555823141856508
JFM2026,TP,FuXi,All India,2026-01-01,daily,36,Week 6,era5,0.785092423484208,0.9264209202679902,0.3195325260767042,0.6660033383583934,-3.712527086820911,1.1684523182093536,1.3994137626239933,0.456647382417277,0.13711485634057288,0.8349584300346083
JFM2026,TP,FuXi,All India,2026-01-01,daily,37,Week 6,era5,0.7228396306347631,1.091751272614052,0.41173582555200255,0.5610773326655896,-0.6809901013602768,1.247330366819242,1.4302782273906338,0.5238660610859175,0.11213023553391499,0.8720893200582674
JFM2026,TP,FuXi,All India,2026-01-01,daily,38,Week 6,era5,0.896628938505247,0.6897187680095118,0.38855143315462104,0.7980199079410357,-0.7222532189631785,1.2350188540176184,1.2676667318080308,0.4651552144954608,0.07660378134083974,0.974245693311011
JFM2026,TP,FuXi,All India,2026-01-01,daily,39,Week 6,era5,0.8867072793602805,0.8500430124919027,0.49019119523470983,0.7566904636899898,-4.416314846043434,1.3150005933393434,1.5016739774124184,0.5967551008856123,0.10656390565090257,0.8756898055896675
JFM2026,TP,FuXi,All India,2026-01-01,daily,40,Week 6,era5,0.467852614814103,1.553054066626216,0.49171917426782213,0.17664286058408818,-0.8105405243346158,1.1653363708256443,1.598500285618058,0.8416252395273777,0.34990606525955553,0.7290185565247295
JFM2026,TP,FuXi,All India,2026-01-01,daily,41,Week 6,era5,0.7955300009378297,1.2214755415901775,0.7615769127054665,0.5560015557490717,-4.9380786211979855,1.1731655251738036,1.5710288666550278,0.7879236277437515,0.026346715038284906,0.7467498211357891
JFM2026,TP,FuXi,All India,2026-01-01,daily,42,Week 6,era5,0.461800835467478,1.891047572648094,1.084092439528132,-0.14931164704106759,-7.67020118759249,1.4563182818474432,1.528237373292944,1.1828950494350012,0.09880260990686897,0.9529398425255533
JFM2026,TP,FuXi,All India,2026-01-01,weekly,1,Week 1,era5,0.9033032351351307,0.36300031237987607,0.11162032812823162,0.85471288682138,0.3455134297165603,0.7911414558144049,0.778801102089476,0.18925808462068222,0.07763775649245061,1.0158453213430496
JFM2026,TP,FuXi,All India,2026-01-01,weekly,2,Week 2,era5,0.9603690174187984,0.39053961461778436,-0.03176856037721024,0.9256503379534045,0.8670809680531283,1.2686558791009992,1.3810697582034306,0.25334911853748954,0.28511767891469986,0.9186037646290471
JFM2026,TP,FuXi,All India,2026-01-01,weekly,3,Week 3,era5,0.5484266518437907,1.0997272232575999,0.32160051512878324,0.16769967093362825,-1.9836132302169447,1.076724422636836,1.1339498622777577,0.639917564238226,0.3183170491094428,0.9495344181038363
JFM2026,TP,FuXi,All India,2026-01-01,weekly,4,Week 4,era5,0.1953383372643169,2.4707844279901163,-0.37137772229890986,0.014024771183767104,0.3231451252340114,1.0608793391643794,2.417283289215896,1.0130991623585102,1.3844768846574207,0.4388725739747703
JFM2026,TP,FuXi,All India,2026-01-01,weekly,5,Week 5,era5,0.8383413583742444,0.6980015324655158,0.3742855917829036,0.6758815368519555,-1.0597250268917198,0.9441159414796512,1.0782321339426755,0.6609941782056924,0.2867085864227888,0.8756147324485558
JFM2026,TP,FuXi,All India,2026-01-01,weekly,6,Week 6,era5,0.8559777941889173,0.893536771875837,0.5639142117203189,0.6769542740984178,-7.651140878026258,1.1499013138548526,1.3406079347835644,0.6935525272675426,0.12963831554722388,0.8577461642732254
JFM2026,TP,FuXi,central_india,2026-01-01,daily,1,Week 1,era5,0.6460982883835649,0.1963540167689784,0.06733714295588937,0.6452479742788699,-1.2070736390773256,0.21358051375011242,0.2242860576911211,0.09703759558053056,0.02970045262464117,0.9522683485045157
JFM2026,TP,FuXi,central_india,2026-01-01,daily,2,Week 1,era5,0.7141521955002933,0.14560398816823183,-0.00020762377051078995,0.7705841535963968,0.09824447849997797,0.17084584242775186,0.2050677461671706,0.04630306221626804,0.04651068598677882,0.8331190332022221
JFM2026,TP,FuXi,central_india,2026-01-01,daily,3,Week 1,era5,0.9488967837732615,0.05821580296915571,-0.0027460149935104065,0.9630757601648365,0.5134211650545648,0.17610525372662778,0.18421701105991617,0.027198611219803076,0.02994462621331348,0.9559662960189379
JFM2026,TP,FuXi,central_india,2026-01-01,daily,4,Week 1,era5,0.9688383478557608,0.04385790803338489,0.007020213731521241,0.980073711686457,0.5143076781139202,0.17452022654931107,0.17145002153911465,0.0184270938295298,0.011406880098008563,1.0179072885651168
JFM2026,TP,FuXi,central_india,2026-01-01,daily,5,Week 1,era5,0.9989667881712155,0.015128515623044394,0.012265396940293766,0.9978184581397257,0.8780205907680195,0.17422653441515326,0.17801368350830207,0.0127124274315817,0.00044703049128793455,0.9787255169461612
JFM2026,TP,FuXi,central_india,2026-01-01,daily,6,Week 1,era5,0.9992294276265932,0.008551606166035399,0.004876060952825994,0.9993086171907748,0.9610515856694005,0.1781981407738399,0.17871995653331552,0.005346436033654997,0.0004703750808290032,0.9970802602596966
JFM2026,TP,FuXi,central_india,2026-01-01,daily,7,Week 1,era5,0.9992952703543575,0.008066000867465827,0.0038858018427571747,0.9993911027381351,0.9653286602763284,0.18155845125614142,0.1795552378246935,0.004410598248779818,0.0005247964060226432,1.0111565301893546
JFM2026,TP,FuXi,central_india,2026-01-01,daily,8,Week 2,era5,0.9992009015242722,0.00885097722870824,0.004343358356347758,0.9992729497301273,0.9582673311912345,0.18343458901578064,0.180896355743308,0.0050013870992064845,0.0006580287428587285,1.0140314229219431
JFM2026,TP,FuXi,central_india,2026-01-01,daily,9,Week 2,era5,0.9879456658979785,0.028554970877181448,-0.002795906102477961,0.9920493463162084,0.7014058332047983,0.1817398833735789,0.17553986809893754,0.00445673641484662,0.00725264251732458,1.0353196988341526
JFM2026,TP,FuXi,central_india,2026-01-01,daily,10,Week 2,era5,0.9729959285808477,0.04385385154319983,-0.004799707406843187,0.9808304297958448,0.4908215736861741,0.18377381869613424,0.1687740553404139,0.0027835827532197,0.007583290160062887,1.0888748174324905
JFM2026,TP,FuXi,central_india,2026-01-01,daily,11,Week 2,era5,0.9996786643944678,0.006517621818481322,0.004481994442839201,0.9996130411070261,0.9773839902827586,0.182628876334382,0.18354965738984338,0.005006367845220816,0.0005243734023816172,0.9949834771224566
JFM2026,TP,FuXi,central_india,2026-01-01,daily,12,Week 2,era5,0.989148005768625,0.03365160340881499,-0.00801845820944861,0.9896857666397174,0.6398286339138837,0.1826327844918921,0.19930915097642274,0.004323885168357755,0.012342343377806366,0.9163291479451269
JFM2026,TP,FuXi,central_india,2026-01-01,daily,13,Week 2,era5,0.9685662477767489,0.05831342299122223,-0.01921744349165858,0.9685460613014995,0.39066899992477955,0.1875034751547725,0.21086045252928706,0.006350218557086499,0.025567662048745075,0.8892301657596489
JFM2026,TP,FuXi,central_india,2026-01-01,daily,14,Week 2,era5,0.9799297565869199,0.06040101772576743,0.04742675879171506,0.9675033420987595,-0.9564905945610462,0.18732760728120404,0.18569526754909507,0.04752027798322075,9.35191915056735e-05,1.0087904218220176
JFM2026,TP,FuXi,central_india,2026-01-01,daily,15,Week 3,era5,0.02055089133623289,0.5209107530245755,0.3613206574101651,-1.3829631809383738,-158.47292971642634,0.3287102884018104,0.18783697093011129,0.36158965707013907,0.0002689996599740179,1.7499765183293654
JFM2026,TP,FuXi,central_india,2026-01-01,daily,16,Week 3,era5,-0.4467525734355856,0.9469389169178567,0.6607214512043903,-6.744964883766709,-477.7105025376411,0.5719879287279268,0.18973753780937463,0.6607214512043903,0.0,3.0146271282522448
JFM2026,TP,FuXi,central_india,2026-01-01,daily,17,Week 3,era5,-0.6793024037904771,1.7399694265601533,1.190483154908896,-25.997598738886023,-801.4432326763385,1.1322530071905428,0.18993356278722887,1.199250486046585,0.008767331137688848,5.961310842459885
JFM2026,TP,FuXi,central_india,2026-01-01,daily,18,Week 3,era5,-0.5730207398118476,1.122124690761902,0.7296642176184643,-9.688537520913476,-584.6544441315884,0.7268494508656342,0.1933492849613976,0.7327071421197232,0.0030429245012588554,3.759255954894017
JFM2026,TP,FuXi,central_india,2026-01-01,daily,19,Week 3,era5,-0.5793763439931559,0.6941058131835952,0.5153463319321456,-2.956647554161752,-255.0026997824636,0.3218111623577255,0.19748007869226436,0.5163571986990034,0.0010108667668577726,1.6295879791460273
JFM2026,TP,FuXi,central_india,2026-01-01,daily,20,Week 3,era5,-0.3757873617268564,0.8336132741868444,0.6361090783802067,-4.571305256043888,-369.39546059312244,0.429942845954186,0.20110274053709157,0.6365449026837109,0.00043582430350405877,2.1379263395711257
JFM2026,TP,FuXi,central_india,2026-01-01,daily,21,Week 3,era5,-0.03787580084228094,1.0039353881455972,0.8905228694465014,-6.917719293415009,-555.9040162542984,0.4084246428356302,0.20426655919491535,0.8907144907303475,0.00019162128384622382,1.9994689509891974
JFM2026,TP,FuXi,central_india,2026-01-01,daily,22,Week 4,era5,-0.2174192552650616,1.7316934650084512,1.3499219349420102,-22.320675496393285,-121.28909141863969,1.0080348344438872,0.2373123100755232,1.375882329071006,0.025960394128995683,4.247714052941823
JFM2026,TP,FuXi,central_india,2026-01-01,daily,23,Week 4,era5,-0.5218460163903809,1.3830208579438195,1.0476921975014155,-13.728300632042412,-835.112162168285,0.7738524824686606,0.2120579595515985,1.053040647698247,0.005348450196831261,3.649249875387793
JFM2026,TP,FuXi,central_india,2026-01-01,daily,24,Week 4,era5,-0.4734390780011457,1.3355003898228304,0.9989466921097824,-13.533343826304204,-281.7144059942974,0.7659283580232789,0.2122831534527822,1.0187819306954795,0.019835238585697197,3.608050594526537
JFM2026,TP,FuXi,central_india,2026-01-01,daily,25,Week 4,era5,-0.5990074641131379,1.1215497363492082,0.8280032110386462,-8.095168699579956,-243.76482185046206,0.5872057632157353,0.24087674536050785,0.8449787244857987,0.016975513447152774,2.4377851931571666
JFM2026,TP,FuXi,central_india,2026-01-01,daily,26,Week 4,era5,0.04915962015484529,4.422939914786254,-0.6174440900656547,0.015790584514845496,0.05247156750722515,0.554297886495473,4.371746357530331,0.558260053888247,1.1757041439539022,0.12679095289704884
JFM2026,TP,FuXi,central_india,2026-01-01,daily,27,Week 4,era5,0.3968325501492541,0.8760606948221421,0.6595229220985471,-3.7807413236662706,-4.138088228219862,0.6148739389106813,0.362234256866105,0.7908037230729885,0.13128080097444148,1.6974483424905922
JFM2026,TP,FuXi,central_india,2026-01-01,daily,28,Week 4,era5,-0.3143249475136028,0.7167544696529233,0.5170138043835093,-2.707704535891898,-236.4163879664052,0.38022349237728315,0.2212902072773522,0.5210082165997026,0.0039944122161933255,1.718212012430958
JFM2026,TP,FuXi,central_india,2026-01-01,daily,29,Week 5,era5,0.23048106422075015,0.4041884773272826,0.31631701514518135,-0.1385273403032452,-66.37289242144752,0.15786100321255025,0.2356716239660734,0.3240996634981626,0.007782648352981204,0.6698345798104037
JFM2026,TP,FuXi,central_india,2026-01-01,daily,30,Week 5,era5,-0.6042744117031889,0.7179053167146733,0.4628043346212192,-1.9577493980113299,-7.364941331498482,0.2743314436158028,0.3376395248967035,0.5231441748910549,0.060339840269835625,0.812498014560739
JFM2026,TP,FuXi,central_india,2026-01-01,daily,31,Week 5,era5,-0.1075036219890863,0.9238811871569418,0.1521119293583143,-0.12545422226387615,-0.27260015431864537,0.23239876724959446,0.8565112752398559,0.30237371698607846,0.15026178762776418,0.2713318247731344
JFM2026,TP,FuXi,central_india,2026-01-01,daily,32,Week 5,era5,-0.16841451526205803,0.5048390413933143,0.24495061336149135,-0.20140356414260285,-1.8224542191925353,0.14821190385362437,0.3915938099053363,0.3125062773791336,0.06755566401764232,0.37848377605726974
JFM2026,TP,FuXi,central_india,2026-01-01,daily,33,Week 5,era5,-0.5830090540352889,0.6778257616599889,0.2595575777465821,-0.956457952702781,-0.9573549435392097,0.22424087352697214,0.4683357838747748,0.44784419749084575,0.18828661974426372,0.4788036303177944
JFM2026,TP,FuXi,central_india,2026-01-01,daily,34,Week 5,era5,-0.4999935216383867,0.7352280500845499,0.4953837587888522,-2.7857929094752754,-26.895655426123483,0.3688249428981572,0.25505602245428816,0.5323254741133414,0.03694171532448913,1.4460546328180077
JFM2026,TP,FuXi,central_india,2026-01-01,daily,35,Week 5,era5,0.3708441657829334,0.3679865349240214,0.2861162303529247,0.14560075991657362,-71.06211122424259,0.1533908685729498,0.2392536123800069,0.28654049172514534,0.0004242613722206556,0.6411224768858196
JFM2026,TP,FuXi,central_india,2026-01-01,daily,36,Week 6,era5,0.21932879127162724,0.4922505482726163,0.34081698845110375,-0.4956969510064171,-128.36042745548173,0.3183308273386321,0.24214025742380585,0.34081698845110375,0.0,1.3146546994103245
JFM2026,TP,FuXi,central_india,2026-01-01,daily,37,Week 6,era5,-0.08584228546777753,0.6619162407823924,0.44033466553713774,-1.6476845260943462,-232.9847339134194,0.40874886505765523,0.24490138581941173,0.4403973144001426,6.264886300496429e-05,1.6690345123610826
JFM2026,TP,FuXi,central_india,2026-01-01,daily,38,Week 6,era5,0.1768761105241538,0.4592530085990865,0.33229278478421376,-0.24627454861942355,-111.51081400411577,0.2466691504114722,0.2474747418625206,0.33248221817847645,0.00018943339426269934,0.9967447528382677
JFM2026,TP,FuXi,central_india,2026-01-01,daily,39,Week 6,era5,0.3015679773106882,0.5628998463822413,0.39631117180665104,-0.824618884634136,-168.1657555085102,0.3961025747585683,0.25046783390015215,0.3963241786385578,1.3006831906656815e-05,1.5814508737136792
JFM2026,TP,FuXi,central_india,2026-01-01,daily,40,Week 6,era5,0.15597128106312028,0.6933779390722582,0.5662827863837134,-1.7005766799530702,-255.75816879459762,0.35164989300713073,0.25346085276839636,0.5663274898672951,4.470348358154297e-05,1.3873933160339205
JFM2026,TP,FuXi,central_india,2026-01-01,daily,41,Week 6,era5,-0.2873381786923779,0.6231519335712464,0.47509104207804576,-1.1306804022979766,-206.3084090639133,0.24628259830557886,0.256280389704651,0.47509104207804576,0.0,0.9609888551730624
JFM2026,TP,FuXi,central_india,2026-01-01,daily,42,Week 6,era5,-0.2137956274244271,0.8511576771778588,0.5869200784345583,-2.888451152506662,-385.76669230555694,0.5067044894185007,0.2590656155169391,0.5869200784345583,0.0,1.9558924807810694
JFM2026,TP,FuXi,central_india,2026-01-01,weekly,1,Week 1,era5,0.9697096773263242,0.04533408219435497,0.01320442575408946,0.9786153420586493,0.37611527156620483,0.17482980428407355,0.17709660971144145,0.03020511826385809,0.017000692509768624,0.9872001760448074
JFM2026,TP,FuXi,central_india,2026-01-01,weekly,2,Week 2,era5,0.9966322146196639,0.015446699929740695,0.003060085064981677,0.9977558140560269,0.8866660347938822,0.18361787650563724,0.18458867855152516,0.010777493521829839,0.00771740845684816,0.9947407281231664
JFM2026,TP,FuXi,central_india,2026-01-01,weekly,3,Week 3,era5,-0.6276769084855693,0.9010896525316339,0.7120239585697402,-5.840406661963193,-429.75564695730594,0.40937537641635013,0.19406820876371486,0.7139836111527543,0.0019596525830141297,2.1094406911065975
JFM2026,TP,FuXi,central_india,2026-01-01,weekly,4,Week 4,era5,0.003377950582689729,1.0466905328010045,0.6833795156889471,-1.476007558512217,-1.3678495085975708,0.4456471234318601,0.6572144683913752,0.8803936481170664,0.19701413242811927,0.6780847727266931
JFM2026,TP,FuXi,central_india,2026-01-01,weekly,5,Week 5,era5,-0.43533571039330443,0.5088498919244869,0.3167487832856288,-0.6986427327414313,-4.629853764040618,0.14943875881616578,0.3097756206091473,0.38983343033652673,0.07308464705089796,0.4824096826028698
JFM2026,TP,FuXi,central_india,2026-01-01,weekly,6,Week 6,era5,0.04051560552051627,0.5591224164384638,0.44829278358347624,-0.7996601410052582,-165.9102422603616,0.2315705631580366,0.25045183209728483,0.4483370396648041,4.425608132794256e-05,0.9246111766037549
JFM2026,TP,FuXi,east_northeast_india,2026-01-01,daily,1,Week 1,era5,0.8707279990407908,0.7179879263245437,-0.13099004474588413,0.6115425051274155,-1.5990977594818796,1.3498971739011847,0.9352366117682545,0.2092919365774507,0.34028198132333476,1.4433750314253955
JFM2026,TP,FuXi,east_northeast_india,2026-01-01,daily,2,Week 1,era5,0.4307303516429795,1.5373264747641973,0.711182634355637,0.11292270213292432,-3.6707552621799895,0.9388889506517268,1.4719403062170067,1.0354162468905428,0.32423361253490574,0.6378580345182201
JFM2026,TP,FuXi,east_northeast_india,2026-01-01,daily,3,Week 1,era5,0.7198884236359667,1.352653158926157,0.5716347188761343,0.32088236327732333,-10.24071754118309,1.7516973190334255,1.4180264930908617,0.7912711904585161,0.21963647158238178,1.2353064823318385
JFM2026,TP,FuXi,east_northeast_india,2026-01-01,daily,4,Week 1,era5,0.9544373621143729,0.5004479624535497,-0.030861200440158224,0.9154180412295426,-0.3554598909854789,1.6482279925175656,1.4860705230599285,0.16452499982528565,0.19538620026544387,1.1091182867443887
JFM2026,TP,FuXi,east_northeast_india,2026-01-01,daily,5,Week 1,era5,0.9837965779339918,0.3058973660504762,-0.05008698291832692,0.9719746013582264,0.6303283391737722,1.6437684340327539,1.5522382540448352,0.0656593489989969,0.11574633191732382,1.0589665792280332
JFM2026,TP,FuXi,east_northeast_india,2026-01-01,daily,6,Week 1,era5,0.979282032144486,0.33374850776966763,-0.04758863427985416,0.9674849407406244,0.5069939040213177,1.629012736235542,1.5778094694067655,0.08241732140786583,0.13000595568771997,1.0324521229093828
JFM2026,TP,FuXi,east_northeast_india,2026-01-01,daily,7,Week 1,era5,0.9987988497834389,0.15050995543693846,0.09041786105362838,0.9946206698901148,0.9534339075152155,1.6381369530624026,1.7258084316148166,0.09655702958157547,0.006139168527947095,0.949199762299005
JFM2026,TP,FuXi,east_northeast_india,2026-01-01,daily,8,Week 2,era5,0.9973386891998839,0.18112880932123854,0.08256278212713328,0.992247835057096,0.9240998205767968,1.6265094034000278,1.731398884541867,0.10709395547819942,0.02453117335106614,0.9394192279559004
JFM2026,TP,FuXi,east_northeast_india,2026-01-01,daily,9,Week 2,era5,0.9950364094345195,0.2806621041653895,0.13494184410600873,0.981875347322056,0.8106010852025747,1.5723821230363595,1.7545222146400046,0.16366665256105015,0.02872480845504143,0.8961882100529478
JFM2026,TP,FuXi,east_northeast_india,2026-01-01,daily,10,Week 2,era5,0.9732670865513562,0.40156009140631604,0.1419958786470705,0.9527897728852227,-0.06899467554883354,1.372670132804856,1.5401625123679583,0.2953740621532953,0.15337818350622484,0.8912501906661867
JFM2026,TP,FuXi,east_northeast_india,2026-01-01,daily,11,Week 2,era5,0.9855553642514183,0.3413589698907177,0.13118317214105915,0.9761313395461005,0.7680872113239243,1.813997794023346,1.858086113901704,0.13133174312369195,0.00014857098263280883,0.9762721869839611
JFM2026,TP,FuXi,east_northeast_india,2026-01-01,daily,12,Week 2,era5,0.9988087622496246,0.09644496780475909,-0.000585879108256216,0.9980962222479601,0.9786733689380646,1.889507879178608,1.858966647702873,0.019902178914120935,0.02048805802237715,1.0164291443923832
JFM2026,TP,FuXi,east_northeast_india,2026-01-01,daily,13,Week 2,era5,0.9829476305360617,0.3453460812389151,0.00044940033492690796,0.974278760022349,0.6404355445127962,1.8733826979193506,1.8171159952294842,0.08254000933182874,0.08209060899690182,1.0309648381487944
JFM2026,TP,FuXi,east_northeast_india,2026-01-01,daily,14,Week 2,era5,0.9460206790588104,0.742704527390796,0.3881642837487837,0.8892125625443715,-0.4876924555403648,1.6284834399614456,1.890384491017451,0.46193011966293346,0.0737658359141499,0.8614561998892385
JFM2026,TP,FuXi,east_northeast_india,2026-01-01,daily,15,Week 3,era5,0.8626654027985701,1.288522651667555,0.8036074002605117,0.7030721438214991,-2.3928735444856084,1.684474114733983,1.9904097613227862,0.8091217869701686,0.005514386709656864,0.8462951435761225
JFM2026,TP,FuXi,east_northeast_india,2026-01-01,daily,16,Week 3,era5,0.9393747393407783,1.167096032299472,0.9227699130494336,0.7537242640517282,-2.325971915606014,2.083185745022451,1.976193537280083,0.953251260079044,0.03048134702961065,1.0541405513802184
JFM2026,TP,FuXi,east_northeast_india,2026-01-01,daily,17,Week 3,era5,0.9110364001658365,1.2943547983649224,0.8871437159987035,0.69139346665122,-4.221289199436657,2.2713058846937364,1.963111294979264,0.9625338512872272,0.07539013528852369,1.1569929277584479
JFM2026,TP,FuXi,east_northeast_india,2026-01-01,daily,18,Week 3,era5,0.8197377204925759,1.4296340621884323,0.6758408207841375,0.5765204584410277,-2.5389332560413873,2.1932816463622298,1.8933578820629688,0.9185680899055031,0.2427272691213655,1.1584083849866087
JFM2026,TP,FuXi,east_northeast_india,2026-01-01,daily,19,Week 3,era5,0.9195934935265748,0.8454220505126095,0.2791220034241375,0.8082867771350234,-3.663753719134525,1.9575269725402822,1.5870981738258583,0.5636377089673783,0.28451570554324085,1.233400053521244
JFM2026,TP,FuXi,east_northeast_india,2026-01-01,daily,20,Week 3,era5,0.9135311500079398,1.0013721945739678,0.4728889907820764,0.7713272267812257,-4.02219132300054,2.1177872687100283,1.7422416036123658,0.7222419047253582,0.24935291394328188,1.215553149642969
JFM2026,TP,FuXi,east_northeast_india,2026-01-01,daily,21,Week 3,era5,0.9862083026336896,0.5628485434256274,0.4182719433232159,0.9528120999431937,0.21553958075033253,2.0465318033453297,2.182977236524602,0.4602766369897536,0.04200469366653771,0.9374957141575606
JFM2026,TP,FuXi,east_northeast_india,2026-01-01,daily,22,Week 4,era5,0.9791857270706418,0.582897926746641,0.36810857259970065,0.9485247913809707,0.05247686241828875,2.2223185160354895,2.147517836430218,0.4231317488250298,0.055023176225329096,1.0348312262354065
JFM2026,TP,FuXi,east_northeast_india,2026-01-01,daily,23,Week 4,era5,0.9400416731575804,1.1920198354887181,0.750627443544672,0.7719454835500412,-4.3026403270087,2.547073000084084,2.0736935720250638,0.8552751419871345,0.10464769844246244,1.2282783890759432
JFM2026,TP,FuXi,east_northeast_india,2026-01-01,daily,24,Week 4,era5,0.8270744207514373,1.7343243929889647,0.9589632759219893,0.40723976447972743,-7.142703040399834,2.541697484902761,1.8849734174443478,1.2475914721392305,0.2886281962172411,1.348399643931744
JFM2026,TP,FuXi,east_northeast_india,2026-01-01,daily,25,Week 4,era5,0.9230390681070774,1.24566188184896,0.9673450419745877,0.7203955908210785,-18.275933583242093,2.0232596226408983,1.967906619932978,1.2228954534341598,0.25555041145957214,1.028127860411286
JFM2026,TP,FuXi,east_northeast_india,2026-01-01,daily,26,Week 4,era5,0.92767836634686,1.40535257013941,1.0290443672341152,0.7560415063916096,-3.033183227037589,1.8311487498279342,2.3685062365531224,1.0326625375902179,0.0036181703561027345,0.7731238877769634
JFM2026,TP,FuXi,east_northeast_india,2026-01-01,daily,27,Week 4,era5,0.9271424869685879,1.2309305478460308,0.771342618486566,0.8123748966971737,-3.033852459779272,1.9035411089028493,2.4063060135895777,0.8715659803640219,0.1002233618774558,0.7910636046091515
JFM2026,TP,FuXi,east_northeast_india,2026-01-01,daily,28,Week 4,era5,0.19410715419578758,1.886632837280392,0.19477765920079054,-3.244272685155252,0.23865483644982288,1.861190074361639,0.7947825568650847,1.3844400513970572,1.1896623921962666,2.3417600931037774
JFM2026,TP,FuXi,east_northeast_india,2026-01-01,daily,29,Week 5,era5,0.8979793095427427,1.0722054519553037,0.38356554357296896,0.6292792252846544,-0.6405250819884234,2.029901822302306,1.370442399843399,0.9552201864937884,0.5716546429208194,1.4812018531638131
JFM2026,TP,FuXi,east_northeast_india,2026-01-01,daily,30,Week 5,era5,0.8755392875130537,1.5401882814640517,0.9725111778398682,0.7106917819130547,-7.424948250536396,1.7398309085011732,2.3717027974016216,1.0779404953984753,0.10542931755860713,0.733578806926099
JFM2026,TP,FuXi,east_northeast_india,2026-01-01,daily,31,Week 5,era5,0.8799113090462645,1.9000873987217575,1.4338712553214232,0.6154811324951059,-8.057095625982955,1.9551453713877527,2.5518421104426947,1.4806016879600483,0.04673043263862513,0.7661701965755919
JFM2026,TP,FuXi,east_northeast_india,2026-01-01,daily,32,Week 5,era5,0.973546030587466,0.8623417484947696,0.6788908389070705,0.9085794044543731,-3.290801406116106,2.297136682270102,2.3214961474599622,0.797688440375143,0.11879760146807242,0.989506997366111
JFM2026,TP,FuXi,east_northeast_india,2026-01-01,daily,33,Week 5,era5,0.9763201878951375,0.9694104686855282,0.8086743458126682,0.890165570727615,-4.280210398790944,2.470613462215488,2.400057202758875,0.9443323045521529,0.13565795873948472,1.029397740760307
JFM2026,TP,FuXi,east_northeast_india,2026-01-01,daily,34,Week 5,era5,0.8356903483701947,1.6262661334705109,1.0380457888093213,0.6104542696593223,-6.957080043068301,2.2439103680917367,2.0954349734372117,1.3299420691351567,0.29189628032583526,1.0708565985280736
JFM2026,TP,FuXi,east_northeast_india,2026-01-01,daily,35,Week 5,era5,0.9618209605722282,1.0309188960368874,0.6638321343101733,0.7965200352897391,-3.014552804178078,2.319834818917858,1.763255128883777,1.084585381840452,0.42075324753027876,1.315654655368235
JFM2026,TP,FuXi,east_northeast_india,2026-01-01,daily,36,Week 6,era5,0.7800881309490642,1.8007867805653144,0.9046440004326609,0.6274393131139253,-5.359628324292725,2.123077776630361,2.4685614329655166,1.197905515906052,0.29326151547339113,0.860046563264937
JFM2026,TP,FuXi,east_northeast_india,2026-01-01,daily,37,Week 6,era5,0.6189969097439426,2.2186132831112513,0.047525392136959936,0.39293371200691374,-0.487535091582731,2.5052093304963763,2.574745713434296,0.7744955145618033,0.7269701224248432,0.9729929124359354
JFM2026,TP,FuXi,east_northeast_india,2026-01-01,daily,38,Week 6,era5,0.9077015288496724,1.3110730741689025,0.7338233222751995,0.683828976022506,-3.9230421467497454,2.4204304755284554,1.8111965749748853,1.2436643062907387,0.5098409840155392,1.3363709433704167
JFM2026,TP,FuXi,east_northeast_india,2026-01-01,daily,39,Week 6,era5,0.9337594184209107,1.4066494974240327,0.9184247492701165,0.8350689156666974,-4.595807269157087,2.410481503258211,2.8760157698229,1.0019677787531245,0.08354302948300783,0.8381322274205208
JFM2026,TP,FuXi,east_northeast_india,2026-01-01,daily,40,Week 6,era5,0.9201036764639526,1.55981227410996,1.0014575581656215,0.8004474699614474,-6.257168536197428,2.298195298953632,2.9018741637366077,1.1074445619557514,0.10598700379012982,0.7919693168205313
JFM2026,TP,FuXi,east_northeast_india,2026-01-01,daily,41,Week 6,era5,0.9498605197032853,1.1903408298983007,0.7729175730989548,0.8814866524126452,-4.619062110915114,2.571761777792663,2.858622741465912,0.9105267566506273,0.13760918355167254,0.899650639620202
JFM2026,TP,FuXi,east_northeast_india,2026-01-01,daily,42,Week 6,era5,0.80629951057244,1.8421024001032547,0.39992804431905826,0.6789992470709019,-0.9905010067237214,2.922204547398854,2.851819493873289,0.9578497930939344,0.5579217487748761,1.024680753349494
JFM2026,TP,FuXi,east_northeast_india,2026-01-01,weekly,1,Week 1,era5,0.9447664237646826,0.4981248586122554,0.15910120878933146,0.9111808789577495,-0.44967561708163917,1.4147559862004377,1.4250308102900833,0.3493054413198003,0.19020423253046884,0.9927897530246704
JFM2026,TP,FuXi,east_northeast_india,2026-01-01,weekly,2,Week 2,era5,0.9907229923291869,0.28523715083551676,0.12553021472089257,0.9817405414896307,0.7709181714946185,1.673198983725249,1.7755733238172517,0.18026267141114394,0.05473245669025139,0.9423429386335276
JFM2026,TP,FuXi,east_northeast_india,2026-01-01,weekly,3,Week 3,era5,0.9433304260168025,0.9220533108446061,0.6370920983518825,0.8310318126649481,-3.0270806035425144,2.008036006749032,1.8788117146658199,0.769947303532921,0.1328552051810384,1.0687797989944923
JFM2026,TP,FuXi,east_northeast_india,2026-01-01,weekly,4,Week 4,era5,0.9489604318102643,0.9831814921629028,0.7200298415717818,0.8059292841898813,-13.777068890365689,2.0787047285311777,1.8370579381647605,1.0053660356019003,0.28533619403011845,1.131540102979999
JFM2026,TP,FuXi,east_northeast_india,2026-01-01,weekly,5,Week 5,era5,0.9421528629307433,1.1160647899212666,0.8541987511149405,0.8161764057872021,-19.428216930300568,2.1194138545490473,2.103054523055172,1.0957586727962167,0.24155992168127635,1.0077788432560986
JFM2026,TP,FuXi,east_northeast_india,2026-01-01,weekly,6,Week 6,era5,0.889742518938238,1.3507390534626034,0.6826743601190662,0.7993789106332324,-5.5274764678099535,2.4439066781391534,2.512078528072344,1.0276934688429034,0.34501910872383695,0.9728623730622377
JFM2026,TP,FuXi,northwest_india,2026-01-01,daily,1,Week 1,era5,0.850308283561837,0.6183965461557989,0.3887827716610097,0.6879952847163434,0.3711395864635716,0.5169068225996312,0.8360857443703992,0.48502562505415114,0.09624285339314147,0.6182461859684971
JFM2026,TP,FuXi,northwest_india,2026-01-01,daily,2,Week 1,era5,0.9538091358380082,0.2607424693519881,-0.07260054700265939,0.934717141678856,0.827015223595579,0.8293241107113256,0.7656186353838524,0.08763411544621152,0.1602346624488709,1.0832078431522683
JFM2026,TP,FuXi,northwest_india,2026-01-01,daily,3,Week 1,era5,0.7745499251684361,0.5729613016308757,-0.18533482081489352,0.6195263875543736,0.4218828023945128,0.8555942342444646,0.6953508752485776,0.04618646494088758,0.2315212857557811,1.2304496401742535
JFM2026,TP,FuXi,northwest_india,2026-01-01,daily,4,Week 1,era5,0.9976677509208257,0.06001054043406002,0.014523969045032272,0.9973205725469046,0.9934049548764634,0.8421133588510761,0.8308582220964837,0.06580755541532793,0.05128358637029565,1.0135463987179336
JFM2026,TP,FuXi,northwest_india,2026-01-01,daily,5,Week 1,era5,0.9683537897750802,0.21805815913147988,-0.010428582457790483,0.9618645074387929,0.9235253180199925,0.851838484638852,0.7775470336978584,0.06061424793223694,0.07104283039002741,1.0955459254827047
JFM2026,TP,FuXi,northwest_india,2026-01-01,daily,6,Week 1,era5,0.9954024179596118,0.0950632533091585,0.03454152825649611,0.994278327965383,0.9861402826083376,0.8771835973923343,0.9011674660622657,0.044686095253963144,0.010144566997467033,0.9733857805866748
JFM2026,TP,FuXi,northwest_india,2026-01-01,daily,7,Week 1,era5,0.9922910956489406,0.1453590537062342,0.05194849405668768,0.9873941345265111,0.9679868435329251,0.8657784837183237,0.9422811390277869,0.06440406397731026,0.012455569920622566,0.9188112208333109
JFM2026,TP,FuXi,northwest_india,2026-01-01,daily,8,Week 2,era5,0.964587231053447,0.26580863656594134,-0.027716706964732215,0.9590821573269266,0.9022201894488476,0.9324037783978781,0.9963496685875642,0.031217108672747542,0.05893381563747976,0.935819830923077
JFM2026,TP,FuXi,northwest_india,2026-01-01,daily,9,Week 2,era5,0.9998673114832113,0.025440853170757307,0.019418308796300264,0.9996412990079337,0.9990173724550205,0.9631902215221528,0.9679596571090278,0.020294778575659853,0.0008764697793595891,0.9950726917678371
JFM2026,TP,FuXi,northwest_india,2026-01-01,daily,10,Week 2,era5,0.9999050637254497,0.015242414692972814,0.006854435026535628,0.9998759272013462,0.9996427145996589,0.9878001475394118,0.9874084674942709,0.00965704141639691,0.002802606389861281,1.0003966747886361
JFM2026,TP,FuXi,northwest_india,2026-01-01,daily,11,Week 2,era5,0.9299416534557073,0.3884128192486664,-0.08379445551113966,0.915791236110454,0.6160625352904459,0.9913189053281227,1.0266151626517963,0.026948446001671327,0.11074290151281098,0.9656188038052139
JFM2026,TP,FuXi,northwest_india,2026-01-01,daily,12,Week 2,era5,0.9986098208174938,0.08483109898655776,0.04842039848952366,0.996468875900372,0.9889933558582082,0.9859977382312685,1.0310017844410588,0.05159825136776323,0.0031778528782395814,0.9563492062875637
JFM2026,TP,FuXi,northwest_india,2026-01-01,daily,13,Week 2,era5,0.9994652676091107,0.07458933874250619,0.047087952585233836,0.9973837775020475,0.9915515637055622,1.0053726817424895,1.0524333511047042,0.04972693880862118,0.0026389862233873324,0.9552839433368235
JFM2026,TP,FuXi,northwest_india,2026-01-01,daily,14,Week 2,era5,0.9833445992620509,0.18562593367063596,0.006459420864505149,0.9824134182500837,0.9260612629449726,1.0174974210652004,1.015239090879641,0.07718435527791236,0.07072493441340721,1.0022244318661948
JFM2026,TP,FuXi,northwest_india,2026-01-01,daily,15,Week 3,era5,0.04346871174234519,2.720655542434442,-0.9867859848481464,-0.344530318979694,-0.7204404159613,1.0700776862784962,2.3454967126376673,0.13121656163713885,1.1180025464852852,0.45622647028787455
JFM2026,TP,FuXi,northwest_india,2026-01-01,daily,16,Week 3,era5,0.6662527039929397,0.9736888317403757,-0.08766727117359965,0.5588266404008531,-0.3060836241612739,0.9843202295278953,1.2895091035437818,0.290765990596977,0.3784332617705767,0.7633294149089932
JFM2026,TP,FuXi,northwest_india,2026-01-01,daily,17,Week 3,era5,0.640510084986642,1.0801124535529671,0.5931173782216135,0.4374055177876778,-1.2006019427351071,0.905018906401003,1.1557094195709028,0.8288918655774358,0.23577448735582224,0.783085169226208
JFM2026,TP,FuXi,northwest_india,2026-01-01,daily,18,Week 3,era5,0.3652885212309006,1.3541259907396088,0.09367482833043186,0.24619056504252324,-1.425626515891091,0.5867074970096504,1.4498694291492782,0.6305013460664065,0.5368265177359747,0.4046622993864389
JFM2026,TP,FuXi,northwest_india,2026-01-01,daily,19,Week 3,era5,0.7198876308683169,0.8365189291762806,0.2774095975752024,0.6516341165017561,-3.936606929122747,0.979252129175235,1.1059872945289217,0.5197992237689675,0.24238962619376514,0.8854099265148723
JFM2026,TP,FuXi,northwest_india,2026-01-01,daily,20,Week 3,era5,0.8976453368776262,0.623198160522431,0.2986961557056403,0.8497998439246498,0.02556277221722736,1.068139111253344,1.2372920236421496,0.41864998826197747,0.11995383255633714,0.8632878017827358
JFM2026,TP,FuXi,northwest_india,2026-01-01,daily,21,Week 3,era5,-0.430402430343019,7.0388742103017625,-2.7899862546909193,-0.1811063632762906,-0.06401180719707611,0.9297586934790905,6.007435389398438,0.7956695681584325,3.5856558228493514,0.1547679888692391
JFM2026,TP,FuXi,northwest_india,2026-01-01,daily,22,Week 4,era5,-0.18264821323143665,19.320395728265247,-10.765643273705999,0.028357675625540035,0.13780583300336768,0.9515707387983207,15.841918846642795,1.956960839316913,12.722604113022912,0.06006663384719817
JFM2026,TP,FuXi,northwest_india,2026-01-01,daily,23,Week 4,era5,0.15254564966058004,1.9039854756749166,1.363168855647401,-0.9183811146853498,-3.544212934080197,0.9562199434284786,1.0806677167761911,1.7094815817621847,0.34631272611478353,0.884841777527175
JFM2026,TP,FuXi,northwest_india,2026-01-01,daily,24,Week 4,era5,0.0327178319367449,2.078449974350732,1.507992487565302,-1.0923967407203925,-14.48748326700118,1.017734244722097,1.0389017180271125,1.7265685628749492,0.21857607530964762,0.9796251436129947
JFM2026,TP,FuXi,northwest_india,2026-01-01,daily,25,Week 4,era5,-0.6001084836090824,2.706496342672891,0.12886131196485318,-1.2030217480198182,-0.2196549525796747,1.2042487715382033,1.803298788396323,1.626645865144173,1.4977845531793197,0.6678032388682211
JFM2026,TP,FuXi,northwest_india,2026-01-01,daily,26,Week 4,era5,-0.2756420410048562,13.96818482589005,-8.931526217662176,-0.07703600727879767,0.06938213240055824,1.0564497014706067,10.400231037078552,0.8561829285569518,9.787709146219129,0.10157944546656589
JFM2026,TP,FuXi,northwest_india,2026-01-01,daily,27,Week 4,era5,0.469036017847028,2.5742011722528804,-0.2757158310485558,0.20450854781145944,0.2508076335095517,1.1223785660666725,2.8860744293478184,0.9599714175561479,1.235687248604704,0.38889453253646766
JFM2026,TP,FuXi,northwest_india,2026-01-01,daily,28,Week 4,era5,0.44389201308532816,1.8552797816760742,1.351423856055484,-0.03954745603904808,-5.258387084681208,1.0318767022121835,1.3302513289152933,1.3880301179290035,0.036606261873519244,0.7757005610763728
JFM2026,TP,FuXi,northwest_india,2026-01-01,daily,29,Week 5,era5,0.8872705920121139,0.7472673926785283,0.2663633245966192,0.8013103972593842,-2.4017727558100828,0.9262766249435593,1.3740548376373038,0.6010859468938937,0.3347226222972746,0.6741191105125746
JFM2026,TP,FuXi,northwest_india,2026-01-01,daily,30,Week 5,era5,0.5637639287518741,1.1958804591630257,0.06533154204336879,0.3912904784460265,-0.16389509079649422,0.8285044461427326,1.4456547982746177,0.8684743741178521,0.8031428320744834,0.57309977951275
JFM2026,TP,FuXi,northwest_india,2026-01-01,daily,31,Week 5,era5,-0.17235016432794834,2.2383260656749964,-0.6256476415340523,-0.1697582335612351,0.5184316482035178,0.5807301466201661,1.9714899053791581,1.3347846386937716,1.9604322802278236,0.2945640984697204
JFM2026,TP,FuXi,northwest_india,2026-01-01,daily,32,Week 5,era5,0.015423080413021973,1.9287326089994423,0.9654015025481785,-0.17089244286385696,-1.3835016978720653,0.592144043176187,1.570368815305432,1.4722061084836144,0.5068046059354359,0.37707323108108
JFM2026,TP,FuXi,northwest_india,2026-01-01,daily,33,Week 5,era5,0.03363189739818927,1.2129520327199879,-0.06629374375819853,-0.30499661264789246,0.39244630276732295,0.7150274115805921,1.0018881384028364,0.9522625165467697,1.0185562603049685,0.7136798851820481
JFM2026,TP,FuXi,northwest_india,2026-01-01,daily,34,Week 5,era5,0.3895477568409153,2.018272968913654,1.4154540539684464,-0.019588489527530895,-5.635954361950725,1.0715554487232788,1.4642867033702875,1.4453034954095874,0.029849441441141055,0.7317934706754656
JFM2026,TP,FuXi,northwest_india,2026-01-01,daily,35,Week 5,era5,0.9159889598171379,0.863202694220294,0.5889360415072806,0.8184595967837649,-0.2628482033535664,1.1268303127974462,1.472492934742153,0.6073771897174166,0.018441148210136035,0.7652534597694111
JFM2026,TP,FuXi,northwest_india,2026-01-01,daily,36,Week 6,era5,0.7913951943813841,0.9429295075897359,0.14915107470521213,0.754566812883964,-2.0136711046682523,1.1759059289196059,1.5223354177194166,0.4336189540088042,0.2844678793035921,0.7724355061522574
JFM2026,TP,FuXi,northwest_india,2026-01-01,daily,37,Week 6,era5,0.9448011359718936,0.960474626157491,0.7037892718860675,0.7872015641286022,-0.45865719543717676,1.0014513821459776,1.5114418211488934,0.7141492140102534,0.010359942124186025,0.6625801722124797
JFM2026,TP,FuXi,northwest_india,2026-01-01,daily,38,Week 6,era5,0.9744831856229759,0.6620031056171453,0.44927383407446875,0.9012533114789709,0.3319713759337458,1.1410843464808476,1.525246336453678,0.4507437769748951,0.0014699429004262697,0.7481311832775561
JFM2026,TP,FuXi,northwest_india,2026-01-01,daily,39,Week 6,era5,0.8641744189846249,0.9717915653456687,0.6414899271968119,0.721757688754918,-3.3505882101317432,1.4112397735857352,1.388648579605224,0.894875045762719,0.2533851185659073,1.0162684744810913
JFM2026,TP,FuXi,northwest_india,2026-01-01,daily,40,Week 6,era5,-0.4471796851293998,2.400411577791542,0.3518522361477872,-0.8596649475610301,-0.4735368230118149,1.0606346212593067,1.7024429785483677,1.3763909811460013,1.0245387449982142,0.6230074279278854
JFM2026,TP,FuXi,northwest_india,2026-01-01,daily,41,Week 6,era5,0.586171138263799,1.8689309878202494,1.3768532430341602,0.2262434217634438,-4.604332854304813,0.7167879512546907,1.5426255476454673,1.3944984802008389,0.017645237166678478,0.46465453158657655
JFM2026,TP,FuXi,northwest_india,2026-01-01,daily,42,Week 6,era5,0.14012364672399785,2.9433848309231205,2.4571006567178304,-0.9809720344142729,-18.097843208538713,0.8110740195018834,1.5212180654015524,2.505301025465539,0.04820036874770825,0.5331740648818722
JFM2026,TP,FuXi,northwest_india,2026-01-01,weekly,1,Week 1,era5,0.9927828983746685,0.10058126581475534,0.03163326061587888,0.991711007354866,0.9806316604572259,0.795969878406404,0.7921946139851455,0.12205116724624888,0.09041790663037,1.0047655769865274
JFM2026,TP,FuXi,northwest_india,2026-01-01,weekly,2,Week 2,era5,0.9979991975651292,0.0636053101162554,0.002389907297628857,0.9978313827460953,0.9928446743022052,0.9829779344207531,0.9943250444396318,0.03808956033199343,0.03569965303436457,0.9885881281153152
JFM2026,TP,FuXi,northwest_india,2026-01-01,weekly,3,Week 3,era5,0.24927024559960176,1.4915009072299479,-0.3716487816741006,-0.13471940544116157,-0.9795307705251897,0.8872150720585992,1.3822814941854882,0.5164992314922024,0.8881480131663031,0.6418483324783222
JFM2026,TP,FuXi,northwest_india,2026-01-01,weekly,4,Week 4,era5,-0.21240022420104362,4.006160128938746,-2.2316341142350233,-0.05318576014221632,0.38896910896973613,0.8779344208925053,3.0280454177404836,1.46054874150912,3.692182855744143,0.28993436351678525
JFM2026,TP,FuXi,northwest_india,2026-01-01,weekly,5,Week 5,era5,0.6353889888751949,0.797093079522109,0.3727921338951424,0.5089249320688181,0.000720102128842659,0.6390677084761099,0.9089062809683361,1.0402134542454546,0.6674213203503122,0.703117276068613
JFM2026,TP,FuXi,northwest_india,2026-01-01,weekly,6,Week 6,era5,0.8402764960303121,1.1281834629373018,0.8756443217126337,0.5932576666307732,-8.967316987752415,0.9041959666189058,1.2752666872125342,1.1099396471132363,0.23429532540060247,0.709025002915499
JFM2026,TP,FuXi,south_peninsula,2026-01-01,daily,1,Week 1,era5,-0.21825157722901373,3.7571157159042996,1.9225011281485358,-30.13190919428062,-31.937831410022888,3.0352232154512664,0.6205845139261974,2.2303182464730864,0.30781711832455066,4.890910339106896
JFM2026,TP,FuXi,south_peninsula,2026-01-01,daily,2,Week 1,era5,0.23092810232189323,0.6762610503910926,0.5062911623305636,-0.11487714131818971,-17.410359557439648,0.27911698922620165,0.4211722919826432,0.5710284260524312,0.0647372637218676,0.6627145102833694
JFM2026,TP,FuXi,south_peninsula,2026-01-01,daily,3,Week 1,era5,0.9300443962207079,0.2520935009942372,0.17252994472469507,0.8610175852284677,-0.39435733525430505,0.33900383845365173,0.45044727883568314,0.19598353187823453,0.023453587153539443,0.7525938203687441
JFM2026,TP,FuXi,south_peninsula,2026-01-01,daily,4,Week 1,era5,0.9204381962221884,0.20885321578481203,0.09437070142100872,0.9022876431389604,0.2047445082310282,0.34911755486963025,0.44819101524186755,0.10880015304952957,0.01442945162852085,0.7789481337130955
JFM2026,TP,FuXi,south_peninsula,2026-01-01,daily,5,Week 1,era5,0.7427790669302762,0.2609791042260027,-0.0020407059844571008,0.767644648551556,0.014004497066558597,0.3468805654575182,0.3766775602314162,0.102605721768938,0.1046464277533951,0.9208952220153708
JFM2026,TP,FuXi,south_peninsula,2026-01-01,daily,6,Week 1,era5,0.9987992820014494,0.04213259374370598,0.030830739171571492,0.9953309804908727,0.964041070444151,0.38326097981643437,0.40452838382812817,0.04337758979986477,0.01254685062829328,0.9474266705084169
JFM2026,TP,FuXi,south_peninsula,2026-01-01,daily,7,Week 1,era5,0.9953891944561736,0.06185899579715955,0.03759426032304588,0.9893582719925659,0.925527314936877,0.35393730848743993,0.38781120320864154,0.04265658398856626,0.005062323665520383,0.9126536457922348
JFM2026,TP,FuXi,south_peninsula,2026-01-01,daily,8,Week 2,era5,0.06920012384511277,2.961542530673157,-0.7791299849335444,-0.034841181723900716,0.05061253850409986,0.351287251158557,2.859953462191793,0.21224524100055442,0.9913752259340989,0.12282970887552126
JFM2026,TP,FuXi,south_peninsula,2026-01-01,daily,9,Week 2,era5,0.8650108219100403,5.03778886050335,-2.9913572595355693,0.2029338646229254,0.2636436108680106,0.8403462054352844,4.75844830010897,0.4745897653872447,3.4659470249228135,0.17660089012967528
JFM2026,TP,FuXi,south_peninsula,2026-01-01,daily,10,Week 2,era5,0.5616746740327705,2.495478439988146,-1.2146433394518423,0.1707772538807516,0.2647273583627936,0.6656463768054417,2.4830834106829007,0.3646948647248479,1.5793382041766901,0.2680724996758666
JFM2026,TP,FuXi,south_peninsula,2026-01-01,daily,11,Week 2,era5,0.6113716334916657,1.5259254453783209,0.16658455580981707,0.3079287545679532,0.3681262223730529,1.6564539654496064,1.7758850683042409,1.03352559467312,0.8669410388633029,0.9327484052959143
JFM2026,TP,FuXi,south_peninsula,2026-01-01,daily,12,Week 2,era5,0.5081797971588173,6.301095539639542,-0.4082011713725378,0.33183493425838884,0.3584612441539917,3.812023620390236,7.299876576031982,2.4660348952044804,2.8742360665770175,0.5222038455973936
JFM2026,TP,FuXi,south_peninsula,2026-01-01,daily,13,Week 2,era5,-0.7353707930425873,4.396117948412005,2.266780756612873,-98.82405038005936,-244.62900701016548,3.5062735608005697,0.3442259776594725,2.3811267124773243,0.1143459558644511,10.18596441977186
JFM2026,TP,FuXi,south_peninsula,2026-01-01,daily,14,Week 2,era5,-0.5333097969843835,1.6453481866444168,0.9853644292321848,-12.742739565316034,-64.29748687923325,1.1519629116041141,0.2725734894713103,1.0152145941144133,0.029850164882228657,4.226247071343906
JFM2026,TP,FuXi,south_peninsula,2026-01-01,daily,15,Week 3,era5,-0.3163251496340095,0.9090519542626437,0.6433944307763478,-3.073182152456768,-17.226939472658017,0.4978053805438334,0.27773865817666565,0.6616915927848066,0.018297162008458823,1.792351787870979
JFM2026,TP,FuXi,south_peninsula,2026-01-01,daily,16,Week 3,era5,-0.23432368754285468,0.7164505598772428,0.5887000500932997,-1.4247275925781633,-8.561968249686265,0.23042070721650343,0.28740878730222225,0.5956359366987336,0.006935886605433838,0.8017176836496879
JFM2026,TP,FuXi,south_peninsula,2026-01-01,daily,17,Week 3,era5,-0.24202759153163644,0.8178067626866937,0.42825441802581615,-0.7247166000847118,-0.5715264219473746,0.25303263189556113,0.5907798166934677,0.591291928455885,0.16303751043006875,0.42830276990801425
JFM2026,TP,FuXi,south_peninsula,2026-01-01,daily,18,Week 3,era5,0.030666084673603964,0.6414501434924474,0.49215612341921844,-1.9340089062878203,-4.506601248984816,0.3383742508351555,0.24457989531186816,0.5627373958410635,0.07058127242184503,1.3834916823547105
JFM2026,TP,FuXi,south_peninsula,2026-01-01,daily,19,Week 3,era5,-0.1659865051652438,0.6109495902784491,0.4866659735100614,-1.8334692142635038,-4.713525233175543,0.25782752773766404,0.2251072382224453,0.5510621630626569,0.06439618955259542,1.1453542310482498
JFM2026,TP,FuXi,south_peninsula,2026-01-01,daily,20,Week 3,era5,0.16683814957459092,0.742274515094178,0.6409257717210054,-1.8943624957184562,-9.487967211833801,0.3051799631635819,0.27372321284722445,0.6459197583067661,0.0049939865857606,1.1149217488321486
JFM2026,TP,FuXi,south_peninsula,2026-01-01,daily,21,Week 3,era5,0.46613154529288753,0.7596037751850512,0.6951125726210888,-2.0956335101483936,-9.166464629691268,0.31373281302101946,0.2757571261419315,0.7039016331094391,0.008789060488350132,1.1377142538813012
JFM2026,TP,FuXi,south_peninsula,2026-01-01,daily,22,Week 4,era5,0.19664210582941305,0.717109284645734,0.42745351731608255,-0.8812312551879842,-1.546392859036735,0.38479187872184195,0.5106258391653761,0.652721050952935,0.22526753363685245,0.7535691483039495
JFM2026,TP,FuXi,south_peninsula,2026-01-01,daily,23,Week 4,era5,-0.08339494008630371,5.162455995361295,-0.784203211825017,-0.007293794316681312,-0.020669715428759616,0.41248457768636143,5.051563614047603,0.519872796826705,1.304076008651722,0.0816548318899334
JFM2026,TP,FuXi,south_peninsula,2026-01-01,daily,24,Week 4,era5,-0.06544627455946997,3.7873874906024816,-0.5444921778856321,-0.01372543751758748,-0.03534736977047359,0.3747066048137234,3.7048237911513797,0.43908849879864303,0.9835806766842751,0.10114019611639145
JFM2026,TP,FuXi,south_peninsula,2026-01-01,daily,25,Week 4,era5,-0.0021705644961530976,0.9948100284234234,0.5466649238208005,-3.325532029914368,-5.912233574222121,0.6827045205507373,0.47256580926144043,0.80267275917215,0.25600783535134936,1.4446760793331972
JFM2026,TP,FuXi,south_peninsula,2026-01-01,daily,26,Week 4,era5,0.5441766941365223,0.7576935837885522,0.5537578848203414,-2.422319902132477,-10.703430872475227,0.6106100536212873,0.2614491632368203,0.5669426705846804,0.013184785764338984,2.335482914008019
JFM2026,TP,FuXi,south_peninsula,2026-01-01,daily,27,Week 4,era5,0.8523992932432235,0.2651311578768329,0.20898406678088913,0.6197431260378209,-0.2758104334983078,0.31061786567619404,0.2802663513993182,0.21022647949383816,0.0012424127129490835,1.1082952488778488
JFM2026,TP,FuXi,south_peninsula,2026-01-01,daily,28,Week 4,era5,0.9363995265880815,0.18090736724078038,0.14992752465558987,0.8238831155659079,0.40527049728189024,0.28325902907750833,0.28441948203146883,0.15207124602224137,0.002143721366651484,0.9959199245224977
JFM2026,TP,FuXi,south_peninsula,2026-01-01,daily,29,Week 5,era5,0.9298236655459735,0.188138523917863,0.15416007002751192,0.8125067520604017,0.3592421586128878,0.28633905596458936,0.2892020047529175,0.1552825563429869,0.0011224863154749814,0.9901005223294557
JFM2026,TP,FuXi,south_peninsula,2026-01-01,daily,30,Week 5,era5,0.7257324523272433,0.23972943482502096,0.10605549603165496,0.6519046208781685,0.024413440365455896,0.28004637778950847,0.29864549083898023,0.15592102607233502,0.049865530040680076,0.9377217683842419
JFM2026,TP,FuXi,south_peninsula,2026-01-01,daily,31,Week 5,era5,0.7257673245771623,0.21132360496266797,0.05110699883826499,0.6736575629864585,-0.06231853266625853,0.2899927807966664,0.2578635470122544,0.11153635346144238,0.06042935462317739,1.1245978121245852
JFM2026,TP,FuXi,south_peninsula,2026-01-01,daily,32,Week 5,era5,-0.5743341498645793,0.6301918292346541,-0.056287581022359735,-1.0302380287963109,-0.3012033132278844,0.29961908103475476,0.4056848221116345,0.09351972412119233,0.14980730514355206,0.738551369694346
JFM2026,TP,FuXi,south_peninsula,2026-01-01,daily,33,Week 5,era5,0.9045372252484306,0.19624677581681554,0.14100820330275923,0.791651031236851,0.20460076071231492,0.3201021256047247,0.28945596691360703,0.14937495290543149,0.008366749602672214,1.10587502830876
JFM2026,TP,FuXi,south_peninsula,2026-01-01,daily,34,Week 5,era5,0.8896303480217472,0.239727570550792,0.18220609105197963,0.7243458710072095,-0.04549983333608454,0.33882849646779517,0.31951020314316303,0.18291225728415622,0.0007061662321765764,1.0604622110173307
JFM2026,TP,FuXi,south_peninsula,2026-01-01,daily,35,Week 5,era5,0.8051696865586765,0.2266209116703894,0.10009139468092092,0.5688758478929006,-0.8983448503712561,0.33203217109612226,0.21669383839620898,0.15923441554120546,0.05914302086028453,1.5322640161508676
JFM2026,TP,FuXi,south_peninsula,2026-01-01,daily,36,Week 6,era5,0.9671267805030092,0.1376021338724176,0.10929895560914565,0.9111348561620349,0.6326626927693744,0.3145803070156728,0.32850236913448794,0.11409568871727256,0.004796733108126902,0.9576195990443056
JFM2026,TP,FuXi,south_peninsula,2026-01-01,daily,37,Week 6,era5,0.8493957020361539,0.22651337456718398,0.1392938935004046,0.7690856409980942,0.029597588455752777,0.29551082036031673,0.3380843022315872,0.14175816719115372,0.0024642736907491193,0.8740743607725753
JFM2026,TP,FuXi,south_peninsula,2026-01-01,daily,38,Week 6,era5,0.9323893606504337,0.16939260488533164,0.10782285453482017,0.8791917607893485,0.475820686888772,0.3093140691394275,0.3559889785280942,0.10847328660200221,0.0006504320671820491,0.8688866448010464
JFM2026,TP,FuXi,south_peninsula,2026-01-01,daily,39,Week 6,era5,0.6420633670801127,0.26250775386809905,0.05290353950664047,0.3465162417842733,-0.34690753189644785,0.3316974284234389,0.17495892432949486,0.1159357987434783,0.06303225923683783,1.8958588691295515
JFM2026,TP,FuXi,south_peninsula,2026-01-01,daily,40,Week 6,era5,0.8979998833343733,0.24823581841130862,0.19065778504555722,0.7451467329125254,-0.2033524134337077,0.33809919300516117,0.3596526806426616,0.19495045813596093,0.004292673090403677,0.9400713833162967
JFM2026,TP,FuXi,south_peninsula,2026-01-01,daily,41,Week 6,era5,0.9023015477662937,0.2591831458121975,0.1986370054410568,0.7456827959626147,-0.20838035908545272,0.32836126285969397,0.38391923205693546,0.19922754974829787,0.0005905443072411045,0.855287350676399
JFM2026,TP,FuXi,south_peninsula,2026-01-01,daily,42,Week 6,era5,0.9721600468482513,0.17340730115192637,0.1370063119288485,0.890140638416909,0.45952735107875664,0.3293678319659725,0.393294835131373,0.13711241904476426,0.00010610711591576782,0.8374578116591671
JFM2026,TP,FuXi,south_peninsula,2026-01-01,weekly,1,Week 1,era5,-0.14670772792532685,0.6999896540479517,0.39458247030601523,-0.4868931550593043,-17.957946702533263,0.3905577982157815,0.37286240136807886,0.4706814747037307,0.07609900439771543,1.0474582494313613
JFM2026,TP,FuXi,south_peninsula,2026-01-01,weekly,2,Week 2,era5,0.8824219049260821,0.8659975587776232,-0.28208601278469075,0.8133211160674251,0.847233130764876,1.6040167289202385,1.733101634758567,1.1353474014683873,1.417433414253078,0.9255179827602488
JFM2026,TP,FuXi,south_peninsula,2026-01-01,weekly,3,Week 3,era5,-0.15978727672940823,0.6679045391789094,0.5678870385840531,-2.2508945230090096,-9.790075579246437,0.2531174031433088,0.20687703241195346,0.6160343336270013,0.04814729504294824,1.2235162124680763
JFM2026,TP,FuXi,south_peninsula,2026-01-01,weekly,4,Week 4,era5,0.028016984858176438,1.4064464723124779,0.07972746508795397,-0.07354474962841961,-0.1938438112619041,0.4055328419733746,1.355760340496341,0.47765649662060544,0.3979290315326515,0.2991183838766886
JFM2026,TP,FuXi,south_peninsula,2026-01-01,weekly,5,Week 5,era5,0.8727008839261566,0.19216500508238296,0.09690581220314223,0.6754444833343234,-0.38106555478343473,0.30306461793313144,0.1893803103810025,0.14396875652631158,0.04706294432316935,1.6002963419133411
JFM2026,TP,FuXi,south_peninsula,2026-01-01,weekly,6,Week 6,era5,0.9267449132656568,0.1824519460188185,0.13366005058174274,0.8448525531765432,0.27202937882324263,0.31643159237204893,0.3291834717559173,0.144507624930335,0.010847574348592274,0.9612620909675453
JFM2026,TP,FuXi,All India,2026-01-01,daily,1,Week 1,model_own,0.3065859671706388,1.6824785817293195,0.4862297143876045,-2.9455979747283085,-8.05092765993339,1.9334871781744722,0.7066828588121808,0.635388605763636,0.14915889137603153,2.7360040703751474
JFM2026,TP,FuXi,All India,2026-01-01,daily,2,Week 1,model_own,0.4111209247893601,0.6827326698878995,0.17608300963272688,0.44714447812095104,-1.1596433263657877,1.0825146028013315,0.7762968711744379,0.3043360098398677,0.12825300020714078,1.3944595721011026
JFM2026,TP,FuXi,All India,2026-01-01,daily,3,Week 1,model_own,0.22428778168999677,0.6263071636622349,0.055894699798232514,0.5084416517297579,-0.7846266613222075,1.3316785859778328,0.7410465477817981,0.1784687026163277,0.12257400281809509,1.7970242084846024
JFM2026,TP,FuXi,All India,2026-01-01,daily,4,Week 1,model_own,0.4050832184203301,0.21729108660158697,0.020009571839603956,0.9524944166900933,0.7820979757864465,0.8317368186660477,0.816318504523578,0.07235321692283135,0.052343645083227405,1.0188876205268287
JFM2026,TP,FuXi,All India,2026-01-01,daily,5,Week 1,model_own,0.4637888534628714,0.20520466441782922,-0.0070565526612459085,0.9575941076516661,0.8338382489842067,0.45123815473741397,0.8184109769687358,0.05284444835165612,0.05990100101290203,0.5513588740081766
JFM2026,TP,FuXi,All India,2026-01-01,daily,6,Week 1,model_own,0.4350396984468679,0.1410144843446055,0.011523162384206184,0.9824113892134774,0.9221919554130771,0.5436981716137911,0.8724066473306428,0.03667345371320202,0.025150291328995832,0.6232164476020196
JFM2026,TP,FuXi,All India,2026-01-01,daily,7,Week 1,model_own,0.3497371440392669,0.10478298450147328,0.03865865904018643,0.991392432022775,0.9630747447050363,0.29380189559765213,0.9360500241786804,0.04474213787146626,0.006083478831279846,0.31387413921114216
JFM2026,TP,FuXi,All India,2026-01-01,daily,8,Week 2,model_own,0.40396758028805785,1.2859138765804825,-0.1396544223945486,0.4093809621224923,0.17832304937337107,0.3748490059109359,1.615280824957836,0.0671497793663694,0.20680420176091802,0.23206429502481132
JFM2026,TP,FuXi,All India,2026-01-01,daily,9,Week 2,model_own,0.6286350519612133,2.171712484183071,-0.5289897430483114,0.34230940229963736,0.29242898326562217,0.8114427830370086,2.677882450280235,0.12046371029319641,0.6494534533415077,0.3030165804895927
JFM2026,TP,FuXi,All India,2026-01-01,daily,10,Week 2,model_own,0.47705420459295733,1.085823859675526,-0.20339046720361031,0.5365633110570235,0.34686073271540196,1.3579579528265433,1.5590707718218355,0.11568196438589058,0.3190724315895009,0.8710046890557226
JFM2026,TP,FuXi,All India,2026-01-01,daily,11,Week 2,model_own,0.5998819936905805,0.705715394000446,0.02468157167645342,0.7473164632206604,0.43809682255580495,1.5897960631720007,1.3242154110826931,0.22159915789051035,0.1969175862140569,1.200556986323068
JFM2026,TP,FuXi,All India,2026-01-01,daily,12,Week 2,model_own,0.6099164237905779,2.71354061585128,-0.0627251620271845,0.40819707329777355,0.37333021528823773,2.2779474105021995,3.524932531655266,0.4783075536724486,0.5410327156996331,0.6462385847233515
JFM2026,TP,FuXi,All India,2026-01-01,daily,13,Week 2,model_own,0.3753321315095418,1.8981102505288456,0.4289977207084982,-1.475904210278094,-11.861471913470988,2.244356266054683,1.024300183176722,0.47198042259264883,0.04298270188415063,2.19111184681636
JFM2026,TP,FuXi,All India,2026-01-01,daily,14,Week 2,model_own,0.4951513008319206,0.7722653431498694,0.2587005916043529,0.5897537848843935,-1.7719204517899922,1.0137827263080124,1.015550475601968,0.29826121797276417,0.03956062636841134,0.9982593191215752
JFM2026,TP,FuXi,All India,2026-01-01,daily,15,Week 3,model_own,-0.15178636130432854,1.7031961884226186,0.04090869526414239,-0.07431200926472314,-0.9580148482059696,0.7380627636355079,1.6095490829073313,0.40892767710600353,0.36801898184186116,0.45855250484337134
JFM2026,TP,FuXi,All India,2026-01-01,daily,16,Week 3,model_own,0.4465377052384316,0.9548135428178363,0.4429342275487068,0.4307682714283676,-1.9624861885828282,0.8948882612591155,1.1250764209825723,0.5718739456355705,0.12893971808686366,0.7954022007479059
JFM2026,TP,FuXi,All India,2026-01-01,daily,17,Week 3,model_own,0.39287364234958905,1.3354862143563944,0.8096818152953141,-0.1194041409022093,-4.9365717743698605,1.1421092281333671,1.112268434944819,0.9308181013484117,0.12113628605309756,1.0268287692530162
JFM2026,TP,FuXi,All India,2026-01-01,daily,18,Week 3,model_own,0.2348248611923042,1.1856711470926649,0.4707210780252966,0.10817237206297436,-3.0567767599111724,0.9663042105346112,1.1507720357698434,0.6956366064908788,0.22491552846558208,0.8397008099768197
JFM2026,TP,FuXi,All India,2026-01-01,daily,19,Week 3,model_own,0.577751973784582,0.7531807089059865,0.39743801273786067,0.5549524681742903,-5.944196069979429,0.9061864674124026,0.9545998432394794,0.5309520270681584,0.13351401433029775,0.9492841150457517
JFM2026,TP,FuXi,All India,2026-01-01,daily,20,Week 3,model_own,0.6687888543552717,0.7838110499430587,0.5029213238475306,0.6092091931136824,-2.618592742018092,0.9524708963631883,1.060464487837617,0.5801603226429076,0.07723899879537698,0.8981638775149958
JFM2026,TP,FuXi,All India,2026-01-01,daily,21,Week 3,model_own,-0.19858501623022604,4.076233975060543,-0.4134015274823262,-0.12841495426876492,-0.09169503640458321,0.8916707269001009,3.8144071966875788,0.7610542922273303,1.1744558197096568,0.23376390640056086
JFM2026,TP,FuXi,All India,2026-01-01,daily,22,Week 4,model_own,0.18995785811531424,11.072639258638418,-2.908801458358053,0.027409052775102305,0.13013547294271444,1.135644741973108,10.69006242543134,1.2889706691887255,4.19777212754678,0.10623368665008383
JFM2026,TP,FuXi,All India,2026-01-01,daily,23,Week 4,model_own,0.08465174821106129,2.642321421780709,0.7665311557050389,-0.07561255376749165,-0.3583393349181332,1.0420657268846778,2.5157041433361544,1.1383166254353154,0.37178546973027654,0.4142242757937194
JFM2026,TP,FuXi,All India,2026-01-01,daily,24,Week 4,model_own,0.0364849782573813,2.2625734004493236,0.8725168091934222,-0.25103225046276423,-0.8849208292968596,1.0443724678446056,1.9649171431629568,1.1756764653323073,0.30315965613888485,0.5315096728015022
JFM2026,TP,FuXi,All India,2026-01-01,daily,25,Week 4,model_own,-0.12652787669096718,1.7960369746220308,0.5691627838968295,-0.6146514083674399,-0.6176076505435217,0.9296342918554731,1.396980183369963,1.1477238892957942,0.5785611053989645,0.6654598990895474
JFM2026,TP,FuXi,All India,2026-01-01,daily,26,Week 4,model_own,-0.018990326346564793,8.398416459499158,-2.8598977596158663,-0.05373560204711425,0.06349914108662125,0.7410891147397465,7.693366489659808,0.7274532671878479,3.5873510268037134,0.0963283259332309
JFM2026,TP,FuXi,All India,2026-01-01,daily,27,Week 4,model_own,0.4358182860932779,1.6296376155285222,0.28841307208288514,0.33636146320779703,0.113124036339314,0.6767513132027726,1.969181863761804,0.7502564531225704,0.46184338103968525,0.3436713112469706
JFM2026,TP,FuXi,All India,2026-01-01,daily,28,Week 4,model_own,-0.13624154003360217,1.3531027398109514,0.6724314219457891,-0.42624690048218183,-1.0659511011056244,0.6087731731756015,0.9392858191418316,0.8632968620754878,0.19086544012969853,0.648123458024524
JFM2026,TP,FuXi,All India,2026-01-01,daily,29,Week 5,model_own,0.6659716080500138,0.6442571907458042,0.28002628289736853,0.7157161503251943,-1.4582594168071772,0.4114783246435546,1.0260238265243948,0.47692475979708115,0.19689847689971268,0.401041685393815
JFM2026,TP,FuXi,All India,2026-01-01,daily,30,Week 5,model_own,0.10958532693792218,1.0023317255961282,0.34329268089484505,0.5159518067540778,-1.1214738816634013,0.41754035679490975,1.3359136790019455,0.6500598242310563,0.30676714333621125,0.31255040154005465
JFM2026,TP,FuXi,All India,2026-01-01,daily,31,Week 5,model_own,0.23582242528420447,1.5705017786514612,0.07128283233728473,0.19799900908203516,0.32977213475707545,0.4825121364377597,1.747201234616586,0.7783674922538752,0.7070846599165905,0.276162886608562
JFM2026,TP,FuXi,All India,2026-01-01,daily,32,Week 5,model_own,0.13078356228463708,1.2171017897826977,0.48813156724901385,0.37061607289540954,-1.3859166883778968,0.6045591589340567,1.3959883228439893,0.7214640604277136,0.23333249317869958,0.433068922598445
JFM2026,TP,FuXi,All India,2026-01-01,daily,33,Week 5,model_own,0.4531616370424542,0.8843834512953399,0.21336710781337484,0.5544398664138288,0.1340295160311301,0.6220457914025898,1.2407318917869057,0.6305739707927229,0.41720686297934784,0.501353914991834
JFM2026,TP,FuXi,All India,2026-01-01,daily,34,Week 5,model_own,0.21720203142798644,1.383389253817756,0.8174870221594432,0.20201062601258546,-6.194885943903455,0.6807321559712919,1.3082727187880336,0.8833804415066645,0.06589341934722127,0.5203289392152983
JFM2026,TP,FuXi,All India,2026-01-01,daily,35,Week 5,model_own,0.7535675585871775,0.6755139392248524,0.40641165919665206,0.7915661540307314,-0.9250873254961045,0.6324125799930596,1.2266922033310077,0.48618869895166134,0.07977703975500922,0.5155430011503961
JFM2026,TP,FuXi,All India,2026-01-01,daily,36,Week 6,model_own,0.49364344686352074,0.9264209202679902,0.3195325260767042,0.6660033383583934,-3.712527086820911,0.6565502538181179,1.3994137626239933,0.456647382417277,0.13711485634057288,0.4691609239193438
JFM2026,TP,FuXi,All India,2026-01-01,daily,37,Week 6,model_own,0.6903976663714332,1.091751272614052,0.41173582555200255,0.5610773326655896,-0.6809901013602768,0.7134524026004734,1.4302782273906338,0.5238660610859175,0.11213023553391499,0.4988207111997218
JFM2026,TP,FuXi,All India,2026-01-01,daily,38,Week 6,model_own,0.8331340655541405,0.6897187680095118,0.38855143315462104,0.7980199079410357,-0.7222532189631785,0.670642598533659,1.2676667318080308,0.4651552144954608,0.07660378134083974,0.5290369950603214
JFM2026,TP,FuXi,All India,2026-01-01,daily,39,Week 6,model_own,0.6633522377090454,0.8500430124919027,0.49019119523470983,0.7566904636899898,-4.416314846043434,0.8152890427630863,1.5016739774124184,0.5967551008856123,0.10656390565090257,0.5429201378104297
JFM2026,TP,FuXi,All India,2026-01-01,daily,40,Week 6,model_own,-0.04905554999495926,1.553054066626216,0.49171917426782213,0.17664286058408818,-0.8105405243346158,0.6051667316458454,1.598500285618058,0.8416252395273777,0.34990606525955553,0.37858406225549
JFM2026,TP,FuXi,All India,2026-01-01,daily,41,Week 6,model_own,0.38977487228948593,1.2214755415901775,0.7615769127054665,0.5560015557490717,-4.9380786211979855,0.629354077704775,1.5710288666550278,0.7879236277437515,0.026346715038284906,0.40059994508234004
JFM2026,TP,FuXi,All India,2026-01-01,daily,42,Week 6,model_own,0.16232937488020732,1.891047572648094,1.084092439528132,-0.14931164704106759,-7.67020118759249,1.014394797074287,1.528237373292944,1.1828950494350012,0.09880260990686897,0.6637678248167278
JFM2026,TP,FuXi,All India,2026-01-01,weekly,1,Week 1,model_own,0.538505212349212,0.36300031237987607,0.11162032812823162,0.85471288682138,0.3455134297165603,0.6142055053593811,0.778801102089476,0.18925808462068222,0.07763775649245061,0.7886551568962924
JFM2026,TP,FuXi,All India,2026-01-01,weekly,2,Week 2,model_own,0.8128977365316267,0.39053961461778436,-0.03176856037721024,0.9256503379534045,0.8670809680531283,1.2409281740060925,1.3810697582034306,0.25334911853748954,0.28511767891469986,0.8985267881184786
JFM2026,TP,FuXi,All India,2026-01-01,weekly,3,Week 3,model_own,0.20061912589617958,1.0997272232575999,0.32160051512878324,0.16769967093362825,-1.9836132302169447,0.8487880186425688,1.1339498622777577,0.639917564238226,0.3183170491094428,0.7485234108478251
JFM2026,TP,FuXi,All India,2026-01-01,weekly,4,Week 4,model_own,0.2891203825020675,2.4707844279901163,-0.37137772229890986,0.014024771183767104,0.3231451252340114,0.6928100563975051,2.417283289215896,1.0130991623585102,1.3844768846574207,0.28660689439599557
JFM2026,TP,FuXi,All India,2026-01-01,weekly,5,Week 5,model_own,0.4454464085391204,0.6980015324655158,0.3742855917829036,0.6758815368519555,-1.0597250268917198,0.37340493699623684,1.0782321339426755,0.6609941782056924,0.2867085864227888,0.34631219497311794
JFM2026,TP,FuXi,All India,2026-01-01,weekly,6,Week 6,model_own,0.6619180925356084,0.893536771875837,0.5639142117203189,0.6769542740984178,-7.651140878026258,0.5357603165567324,1.3406079347835644,0.6935525272675426,0.12963831554722388,0.39963982209550974
JFM2026,TP,FuXi,central_india,2026-01-01,daily,1,Week 1,model_own,0.2632212794988536,0.1963540167689784,0.06733714295588937,0.6452479742788699,-1.2070736390773256,0.2387604374956227,0.2242860576911211,0.09703759558053056,0.02970045262464117,1.0645353525471264
JFM2026,TP,FuXi,central_india,2026-01-01,daily,2,Week 1,model_own,-0.31276247352243186,0.14560398816823183,-0.00020762377051078995,0.7705841535963968,0.09824447849997797,0.11727990751294255,0.2050677461671706,0.04630306221626804,0.04651068598677882,0.5719081118555637
JFM2026,TP,FuXi,central_india,2026-01-01,daily,3,Week 1,model_own,0.13500620843470013,0.05821580296915571,-0.0027460149935104065,0.9630757601648365,0.5134211650545648,0.5068727084359763,0.18421701105991617,0.027198611219803076,0.02994462621331348,2.75149784224388
JFM2026,TP,FuXi,central_india,2026-01-01,daily,4,Week 1,model_own,0.5207486770848966,0.04385790803338489,0.007020213731521241,0.980073711686457,0.5143076781139202,0.6775547101209365,0.17145002153911465,0.0184270938295298,0.011406880098008563,3.9519079906698
JFM2026,TP,FuXi,central_india,2026-01-01,daily,5,Week 1,model_own,0.7134416805970036,0.015128515623044394,0.012265396940293766,0.9978184581397257,0.8780205907680195,0.21492617690430774,0.17801368350830207,0.0127124274315817,0.00044703049128793455,1.2073576180691985
JFM2026,TP,FuXi,central_india,2026-01-01,daily,6,Week 1,model_own,0.49677852214247104,0.008551606166035399,0.004876060952825994,0.9993086171907748,0.9610515856694005,0.04936877750864096,0.17871995653331552,0.005346436033654997,0.0004703750808290032,0.2762353934404524
JFM2026,TP,FuXi,central_india,2026-01-01,daily,7,Week 1,model_own,0.3726315000193804,0.008066000867465827,0.0038858018427571747,0.9993911027381351,0.9653286602763284,0.020303647807307194,0.1795552378246935,0.004410598248779818,0.0005247964060226432,0.11307744654673013
JFM2026,TP,FuXi,central_india,2026-01-01,daily,8,Week 2,model_own,0.4787490021673073,0.00885097722870824,0.004343358356347758,0.9992729497301273,0.9582673311912345,0.012279341006530132,0.180896355743308,0.0050013870992064845,0.0006580287428587285,0.06788053278394685
JFM2026,TP,FuXi,central_india,2026-01-01,daily,9,Week 2,model_own,0.47155542918789395,0.028554970877181448,-0.002795906102477961,0.9920493463162084,0.7014058332047983,0.0035905290924333434,0.17553986809893754,0.00445673641484662,0.00725264251732458,0.020454208672468947
JFM2026,TP,FuXi,central_india,2026-01-01,daily,10,Week 2,model_own,0.7590127522368368,0.04385385154319983,-0.004799707406843187,0.9808304297958448,0.4908215736861741,0.0036172507555478207,0.1687740553404139,0.0027835827532197,0.007583290160062887,0.02143250482576779
JFM2026,TP,FuXi,central_india,2026-01-01,daily,11,Week 2,model_own,0.29976765184111903,0.006517621818481322,0.004481994442839201,0.9996130411070261,0.9773839902827586,0.006224430797292108,0.18354965738984338,0.005006367845220816,0.0005243734023816172,0.033911426944654884
JFM2026,TP,FuXi,central_india,2026-01-01,daily,12,Week 2,model_own,0.445111808807304,0.03365160340881499,-0.00801845820944861,0.9896857666397174,0.6398286339138837,0.011153390062208007,0.19930915097642274,0.004323885168357755,0.012342343377806366,0.05596025073393342
JFM2026,TP,FuXi,central_india,2026-01-01,daily,13,Week 2,model_own,0.7160616060483608,0.05831342299122223,-0.01921744349165858,0.9685460613014995,0.39066899992477955,0.030946981251985944,0.21086045252928706,0.006350218557086499,0.025567662048745075,0.1467652225952025
JFM2026,TP,FuXi,central_india,2026-01-01,daily,14,Week 2,model_own,0.23106032213120992,0.06040101772576743,0.04742675879171506,0.9675033420987595,-0.9564905945610462,0.04404159892919962,0.18569526754909507,0.04752027798322075,9.35191915056735e-05,0.237171358809969
JFM2026,TP,FuXi,central_india,2026-01-01,daily,15,Week 3,model_own,-0.44746659916881604,0.5209107530245755,0.3613206574101651,-1.3829631809383738,-158.47292971642634,0.36973379560567277,0.18783697093011129,0.36158965707013907,0.0002689996599740179,1.9683760538453319
JFM2026,TP,FuXi,central_india,2026-01-01,daily,16,Week 3,model_own,-0.6333537094108243,0.9469389169178567,0.6607214512043903,-6.744964883766709,-477.7105025376411,0.6336000943075868,0.18973753780937463,0.6607214512043903,0.0,3.3393502499444874
JFM2026,TP,FuXi,central_india,2026-01-01,daily,17,Week 3,model_own,-0.7538999410663022,1.7399694265601533,1.190483154908896,-25.997598738886023,-801.4432326763385,1.2023183968982745,0.18993356278722887,1.199250486046585,0.008767331137688848,6.33020504251352
JFM2026,TP,FuXi,central_india,2026-01-01,daily,18,Week 3,model_own,-0.6990132350591068,1.122124690761902,0.7296642176184643,-9.688537520913476,-584.6544441315884,0.828765559920392,0.1933492849613976,0.7327071421197232,0.0030429245012588554,4.28636475219371
JFM2026,TP,FuXi,central_india,2026-01-01,daily,19,Week 3,model_own,-0.8059357229628675,0.6941058131835952,0.5153463319321456,-2.956647554161752,-255.0026997824636,0.44475674987079306,0.19748007869226436,0.5163571986990034,0.0010108667668577726,2.252160080226943
JFM2026,TP,FuXi,central_india,2026-01-01,daily,20,Week 3,model_own,-0.6329074974252779,0.8336132741868444,0.6361090783802067,-4.571305256043888,-369.39546059312244,0.5181331000098854,0.20110274053709157,0.6365449026837109,0.00043582430350405877,2.576459667461968
JFM2026,TP,FuXi,central_india,2026-01-01,daily,21,Week 3,model_own,-0.37881479604871504,1.0039353881455972,0.8905228694465014,-6.917719293415009,-555.9040162542984,0.4492222894635016,0.20426655919491535,0.8907144907303475,0.00019162128384622382,2.1991964383893325
JFM2026,TP,FuXi,central_india,2026-01-01,daily,22,Week 4,model_own,-0.3350150713340458,1.7316934650084512,1.3499219349420102,-22.320675496393285,-121.28909141863969,1.0455471710254258,0.2373123100755232,1.375882329071006,0.025960394128995683,4.405785653060673
JFM2026,TP,FuXi,central_india,2026-01-01,daily,23,Week 4,model_own,-0.6419471078121858,1.3830208579438195,1.0476921975014155,-13.728300632042412,-835.112162168285,0.8131961153394001,0.2120579595515985,1.053040647698247,0.005348450196831261,3.834782325826968
JFM2026,TP,FuXi,central_india,2026-01-01,daily,24,Week 4,model_own,-0.6054233319915514,1.3355003898228304,0.9989466921097824,-13.533343826304204,-281.7144059942974,0.808109093096402,0.2122831534527822,1.0187819306954795,0.019835238585697197,3.806750935966986
JFM2026,TP,FuXi,central_india,2026-01-01,daily,25,Week 4,model_own,-0.6702929384973599,1.1215497363492082,0.8280032110386462,-8.095168699579956,-243.76482185046206,0.6829366020105616,0.24087674536050785,0.8449787244857987,0.016975513447152774,2.8352118465750835
JFM2026,TP,FuXi,central_india,2026-01-01,daily,26,Week 4,model_own,0.08230517112900605,4.422939914786254,-0.6174440900656547,0.015790584514845496,0.05247156750722515,0.6661182415237257,4.371746357530331,0.558260053888247,1.1757041439539022,0.15236891325507423
JFM2026,TP,FuXi,central_india,2026-01-01,daily,27,Week 4,model_own,0.3001423786662306,0.8760606948221421,0.6595229220985471,-3.7807413236662706,-4.138088228219862,0.6207631689376162,0.362234256866105,0.7908037230729885,0.13128080097444148,1.7137064128285164
JFM2026,TP,FuXi,central_india,2026-01-01,daily,28,Week 4,model_own,-0.6011536194995135,0.7167544696529233,0.5170138043835093,-2.707704535891898,-236.4163879664052,0.39376268438156314,0.2212902072773522,0.5210082165997026,0.0039944122161933255,1.7793949819390065
JFM2026,TP,FuXi,central_india,2026-01-01,daily,29,Week 5,model_own,-0.5216899598252972,0.4041884773272826,0.31631701514518135,-0.1385273403032452,-66.37289242144752,0.18374069084316325,0.2356716239660734,0.3240996634981626,0.007782648352981204,0.7796470688792555
JFM2026,TP,FuXi,central_india,2026-01-01,daily,30,Week 5,model_own,-0.7373408294578488,0.7179053167146733,0.4628043346212192,-1.9577493980113299,-7.364941331498482,0.39094073216275205,0.3376395248967035,0.5231441748910549,0.060339840269835625,1.157864240812314
JFM2026,TP,FuXi,central_india,2026-01-01,daily,31,Week 5,model_own,-0.26888928343522367,0.9238811871569418,0.1521119293583143,-0.12545422226387615,-0.27260015431864537,0.2669659318083025,0.8565112752398559,0.30237371698607846,0.15026178762776418,0.3116899211087932
JFM2026,TP,FuXi,central_india,2026-01-01,daily,32,Week 5,model_own,-0.44277606396472,0.5048390413933143,0.24495061336149135,-0.20140356414260285,-1.8224542191925353,0.1308116779053774,0.3915938099053363,0.3125062773791336,0.06755566401764232,0.3340494016925338
JFM2026,TP,FuXi,central_india,2026-01-01,daily,33,Week 5,model_own,-0.5615515026002934,0.6778257616599889,0.2595575777465821,-0.956457952702781,-0.9573549435392097,0.2707263275083693,0.4683357838747748,0.44784419749084575,0.18828661974426372,0.5780603080732285
JFM2026,TP,FuXi,central_india,2026-01-01,daily,34,Week 5,model_own,-0.6462205431423724,0.7352280500845499,0.4953837587888522,-2.7857929094752754,-26.895655426123483,0.4213766206484478,0.25505602245428816,0.5323254741133414,0.03694171532448913,1.652094377516485
JFM2026,TP,FuXi,central_india,2026-01-01,daily,35,Week 5,model_own,-0.26863218509122544,0.3679865349240214,0.2861162303529247,0.14560075991657362,-71.06211122424259,0.13845975554397694,0.2392536123800069,0.28654049172514534,0.0004242613722206556,0.5787154232140123
JFM2026,TP,FuXi,central_india,2026-01-01,daily,36,Week 6,model_own,-0.07156831220030949,0.4922505482726163,0.34081698845110375,-0.4956969510064171,-128.36042745548173,0.3292137727440888,0.24214025742380585,0.34081698845110375,0.0,1.359599499259979
JFM2026,TP,FuXi,central_india,2026-01-01,daily,37,Week 6,model_own,-0.28428747858468356,0.6619162407823924,0.44033466553713774,-1.6476845260943462,-232.9847339134194,0.39063938343667715,0.24490138581941173,0.4403973144001426,6.264886300496429e-05,1.5950884970684953
JFM2026,TP,FuXi,central_india,2026-01-01,daily,38,Week 6,model_own,0.031408318345717265,0.4592530085990865,0.33229278478421376,-0.24627454861942355,-111.51081400411577,0.17655636384882428,0.2474747418625206,0.33248221817847645,0.00018943339426269934,0.7134318537724001
JFM2026,TP,FuXi,central_india,2026-01-01,daily,39,Week 6,model_own,0.10562950416087176,0.5628998463822413,0.39631117180665104,-0.824618884634136,-168.1657555085102,0.3786761186236293,0.25046783390015215,0.3963241786385578,1.3006831906656815e-05,1.511875248518286
JFM2026,TP,FuXi,central_india,2026-01-01,daily,40,Week 6,model_own,0.05124075068516364,0.6933779390722582,0.5662827863837134,-1.7005766799530702,-255.75816879459762,0.372848143246706,0.25346085276839636,0.5663274898672951,4.470348358154297e-05,1.4710285204768943
JFM2026,TP,FuXi,central_india,2026-01-01,daily,41,Week 6,model_own,-0.4768160083868051,0.6231519335712464,0.47509104207804576,-1.1306804022979766,-206.3084090639133,0.24492914404771854,0.256280389704651,0.47509104207804576,0.0,0.9557077087715757
JFM2026,TP,FuXi,central_india,2026-01-01,daily,42,Week 6,model_own,-0.26317232998943224,0.8511576771778588,0.5869200784345583,-2.888451152506662,-385.76669230555694,0.5227784577439978,0.2590656155169391,0.5869200784345583,0.0,2.0179384157208458
JFM2026,TP,FuXi,central_india,2026-01-01,weekly,1,Week 1,model_own,0.4516381421587015,0.04533408219435497,0.01320442575408946,0.9786153420586493,0.37611527156620483,0.21091405004152267,0.17709660971144145,0.03020511826385809,0.017000692509768624,1.1909547584518012
JFM2026,TP,FuXi,central_india,2026-01-01,weekly,2,Week 2,model_own,0.677534354755309,0.015446699929740695,0.003060085064981677,0.9977558140560269,0.8866660347938822,0.010538256138598642,0.18458867855152516,0.010777493521829839,0.00771740845684816,0.05709047933650517
JFM2026,TP,FuXi,central_india,2026-01-01,weekly,3,Week 3,model_own,-0.8040184805156912,0.9010896525316339,0.7120239585697402,-5.840406661963193,-429.75564695730594,0.5178311682405279,0.19406820876371486,0.7139836111527543,0.0019596525830141297,2.6682946760796162
JFM2026,TP,FuXi,central_india,2026-01-01,weekly,4,Week 4,model_own,-0.0431294209570707,1.0466905328010045,0.6833795156889471,-1.476007558512217,-1.3678495085975708,0.5018316538918159,0.6572144683913752,0.8803936481170664,0.19701413242811927,0.7635736552180895
JFM2026,TP,FuXi,central_india,2026-01-01,weekly,5,Week 5,model_own,-0.7369911117608057,0.5088498919244869,0.3167487832856288,-0.6986427327414313,-4.629853764040618,0.2017931529367864,0.3097756206091473,0.38983343033652673,0.07308464705089796,0.6514171532930105
JFM2026,TP,FuXi,central_india,2026-01-01,weekly,6,Week 6,model_own,-0.21077297390228275,0.5591224164384638,0.44829278358347624,-0.7996601410052582,-165.9102422603616,0.2237838217106506,0.25045183209728483,0.4483370396648041,4.425608132794256e-05,0.8935204020536955
JFM2026,TP,FuXi,east_northeast_india,2026-01-01,daily,1,Week 1,model_own,0.3521455117004265,0.7179879263245437,-0.13099004474588413,0.6115425051274155,-1.5990977594818796,1.1819599120875386,0.9352366117682545,0.2092919365774507,0.34028198132333476,1.26380842795793
JFM2026,TP,FuXi,east_northeast_india,2026-01-01,daily,2,Week 1,model_own,-0.11677491907442401,1.5373264747641973,0.711182634355637,0.11292270213292432,-3.6707552621799895,0.6841501275266273,1.4719403062170067,1.0354162468905428,0.32423361253490574,0.46479475060027586
JFM2026,TP,FuXi,east_northeast_india,2026-01-01,daily,3,Week 1,model_own,0.05764933176465608,1.352653158926157,0.5716347188761343,0.32088236327732333,-10.24071754118309,0.7952967015065158,1.4180264930908617,0.7912711904585161,0.21963647158238178,0.5608475620035939
JFM2026,TP,FuXi,east_northeast_india,2026-01-01,daily,4,Week 1,model_own,0.7534613937991229,0.5004479624535497,-0.030861200440158224,0.9154180412295426,-0.3554598909854789,0.30362342476817616,1.4860705230599285,0.16452499982528565,0.19538620026544387,0.204312931356039
JFM2026,TP,FuXi,east_northeast_india,2026-01-01,daily,5,Week 1,model_own,0.7103760295317264,0.3058973660504762,-0.05008698291832692,0.9719746013582264,0.6303283391737722,0.8395957753174881,1.5522382540448352,0.0656593489989969,0.11574633191732382,0.5408936244997586
JFM2026,TP,FuXi,east_northeast_india,2026-01-01,daily,6,Week 1,model_own,0.6073251299793402,0.33374850776966763,-0.04758863427985416,0.9674849407406244,0.5069939040213177,1.1936467518755103,1.5778094694067655,0.08241732140786583,0.13000595568771997,0.756521478049124
JFM2026,TP,FuXi,east_northeast_india,2026-01-01,daily,7,Week 1,model_own,0.30976723856478733,0.15050995543693846,0.09041786105362838,0.9946206698901148,0.9534339075152155,0.6659474088955714,1.7258084316148166,0.09655702958157547,0.006139168527947095,0.38587562599427855
JFM2026,TP,FuXi,east_northeast_india,2026-01-01,daily,8,Week 2,model_own,-0.34305076536439766,0.18112880932123854,0.08256278212713328,0.992247835057096,0.9240998205767968,0.16708513748301668,1.731398884541867,0.10709395547819942,0.02453117335106614,0.09650297165764195
JFM2026,TP,FuXi,east_northeast_india,2026-01-01,daily,9,Week 2,model_own,-0.64180666080513,0.2806621041653895,0.13494184410600873,0.981875347322056,0.8106010852025747,0.14458813168412493,1.7545222146400046,0.16366665256105015,0.02872480845504143,0.08240883499659292
JFM2026,TP,FuXi,east_northeast_india,2026-01-01,daily,10,Week 2,model_own,-0.9379446485858061,0.40156009140631604,0.1419958786470705,0.9527897728852227,-0.06899467554883354,0.36654475083333365,1.5401625123679583,0.2953740621532953,0.15337818350622484,0.2379909573761674
JFM2026,TP,FuXi,east_northeast_india,2026-01-01,daily,11,Week 2,model_own,0.48803628405961824,0.3413589698907177,0.13118317214105915,0.9761313395461005,0.7680872113239243,0.23168272126425513,1.858086113901704,0.13133174312369195,0.00014857098263280883,0.12468890409915175
JFM2026,TP,FuXi,east_northeast_india,2026-01-01,daily,12,Week 2,model_own,0.6386894532102866,0.09644496780475909,-0.000585879108256216,0.9980962222479601,0.9786733689380646,0.8410205611916269,1.858966647702873,0.019902178914120935,0.02048805802237715,0.452412937171776
JFM2026,TP,FuXi,east_northeast_india,2026-01-01,daily,13,Week 2,model_own,0.64660048381812,0.3453460812389151,0.00044940033492690796,0.974278760022349,0.6404355445127962,1.7023747598930032,1.8171159952294842,0.08254000933182874,0.08209060899690182,0.9368553049790361
JFM2026,TP,FuXi,east_northeast_india,2026-01-01,daily,14,Week 2,model_own,0.6191337512218381,0.742704527390796,0.3881642837487837,0.8892125625443715,-0.4876924555403648,1.1616093350051997,1.890384491017451,0.46193011966293346,0.0737658359141499,0.61448310675676
JFM2026,TP,FuXi,east_northeast_india,2026-01-01,daily,15,Week 3,model_own,0.7463507208684418,1.288522651667555,0.8036074002605117,0.7030721438214991,-2.3928735444856084,0.43959847360767973,1.9904097613227862,0.8091217869701686,0.005514386709656864,0.22085827860667817
JFM2026,TP,FuXi,east_northeast_india,2026-01-01,daily,16,Week 3,model_own,0.6229529461657013,1.167096032299472,0.9227699130494336,0.7537242640517282,-2.325971915606014,1.194133232080902,1.976193537280083,0.953251260079044,0.03048134702961065,0.6042592537391034
JFM2026,TP,FuXi,east_northeast_india,2026-01-01,daily,17,Week 3,model_own,0.6169536680507973,1.2943547983649224,0.8871437159987035,0.69139346665122,-4.221289199436657,1.4423207523580772,1.963111294979264,0.9625338512872272,0.07539013528852369,0.7347116569737389
JFM2026,TP,FuXi,east_northeast_india,2026-01-01,daily,18,Week 3,model_own,0.5412416614825337,1.4296340621884323,0.6758408207841375,0.5765204584410277,-2.5389332560413873,1.3731628355340535,1.8933578820629688,0.9185680899055031,0.2427272691213655,0.7252526574837926
JFM2026,TP,FuXi,east_northeast_india,2026-01-01,daily,19,Week 3,model_own,0.6970605897972917,0.8454220505126095,0.2791220034241375,0.8082867771350234,-3.663753719134525,1.0176809157742088,1.5870981738258583,0.5636377089673783,0.28451570554324085,0.641221149742103
JFM2026,TP,FuXi,east_northeast_india,2026-01-01,daily,20,Week 3,model_own,0.6649080322420282,1.0013721945739678,0.4728889907820764,0.7713272267812257,-4.02219132300054,1.3076104257507677,1.7422416036123658,0.7222419047253582,0.24935291394328188,0.7505333491288273
JFM2026,TP,FuXi,east_northeast_india,2026-01-01,daily,21,Week 3,model_own,0.6986146179318852,0.5628485434256274,0.4182719433232159,0.9528120999431937,0.21553958075033253,1.1721415702975353,2.182977236524602,0.4602766369897536,0.04200469366653771,0.536946309235747
JFM2026,TP,FuXi,east_northeast_india,2026-01-01,daily,22,Week 4,model_own,0.6886288823185657,0.582897926746641,0.36810857259970065,0.9485247913809707,0.05247686241828875,1.2825241369125109,2.147517836430218,0.4231317488250298,0.055023176225329096,0.5972123328411691
JFM2026,TP,FuXi,east_northeast_india,2026-01-01,daily,23,Week 4,model_own,0.6680499178497705,1.1920198354887181,0.750627443544672,0.7719454835500412,-4.3026403270087,1.5300033648273674,2.0736935720250638,0.8552751419871345,0.10464769844246244,0.737815550700311
JFM2026,TP,FuXi,east_northeast_india,2026-01-01,daily,24,Week 4,model_own,0.5431628962903119,1.7343243929889647,0.9589632759219893,0.40723976447972743,-7.142703040399834,1.6567598699591395,1.8849734174443478,1.2475914721392305,0.2886281962172411,0.8789300977015257
JFM2026,TP,FuXi,east_northeast_india,2026-01-01,daily,25,Week 4,model_own,0.5893190494479356,1.24566188184896,0.9673450419745877,0.7203955908210785,-18.275933583242093,0.8005234501060134,1.967906619932978,1.2228954534341598,0.25555041145957214,0.4067893476232512
JFM2026,TP,FuXi,east_northeast_india,2026-01-01,daily,26,Week 4,model_own,0.6674402065100564,1.40535257013941,1.0290443672341152,0.7560415063916096,-3.033183227037589,0.3900263950792951,2.3685062365531224,1.0326625375902179,0.0036181703561027345,0.16467188857686899
JFM2026,TP,FuXi,east_northeast_india,2026-01-01,daily,27,Week 4,model_own,0.7774013448262115,1.2309305478460308,0.771342618486566,0.8123748966971737,-3.033852459779272,0.28154776806679677,2.4063060135895777,0.8715659803640219,0.1002233618774558,0.11700414098487885
JFM2026,TP,FuXi,east_northeast_india,2026-01-01,daily,28,Week 4,model_own,-0.0009949535096670603,1.886632837280392,0.19477765920079054,-3.244272685155252,0.23865483644982288,0.3226106847166508,0.7947825568650847,1.3844400513970572,1.1896623921962666,0.4059106254031873
JFM2026,TP,FuXi,east_northeast_india,2026-01-01,daily,29,Week 5,model_own,0.6021902874693522,1.0722054519553037,0.38356554357296896,0.6292792252846544,-0.6405250819884234,0.48311049204501544,1.370442399843399,0.9552201864937884,0.5716546429208194,0.35252155953451286
JFM2026,TP,FuXi,east_northeast_india,2026-01-01,daily,30,Week 5,model_own,0.13833054330272368,1.5401882814640517,0.9725111778398682,0.7106917819130547,-7.424948250536396,0.45094693136262504,2.3717027974016216,1.0779404953984753,0.10542931755860713,0.1901363576653328
JFM2026,TP,FuXi,east_northeast_india,2026-01-01,daily,31,Week 5,model_own,0.2703632709858772,1.9000873987217575,1.4338712553214232,0.6154811324951059,-8.057095625982955,0.47615476131530554,2.5518421104426947,1.4806016879600483,0.04673043263862513,0.18659256360994136
JFM2026,TP,FuXi,east_northeast_india,2026-01-01,daily,32,Week 5,model_own,0.6847819862309749,0.8623417484947696,0.6788908389070705,0.9085794044543731,-3.290801406116106,0.8611089118361247,2.3214961474599622,0.797688440375143,0.11879760146807242,0.3709284259542265
JFM2026,TP,FuXi,east_northeast_india,2026-01-01,daily,33,Week 5,model_own,0.6327931123904084,0.9694104686855282,0.8086743458126682,0.890165570727615,-4.280210398790944,1.1333612964737827,2.400057202758875,0.9443323045521529,0.13565795873948472,0.4722226183488375
JFM2026,TP,FuXi,east_northeast_india,2026-01-01,daily,34,Week 5,model_own,0.7992132525770079,1.6262661334705109,1.0380457888093213,0.6104542696593223,-6.957080043068301,0.4350956456442602,2.0954349734372117,1.3299420691351567,0.29189628032583526,0.207639774633788
JFM2026,TP,FuXi,east_northeast_india,2026-01-01,daily,35,Week 5,model_own,0.6698827015706029,1.0309188960368874,0.6638321343101733,0.7965200352897391,-3.014552804178078,0.7831524853506063,1.763255128883777,1.084585381840452,0.42075324753027876,0.4441515425203263
JFM2026,TP,FuXi,east_northeast_india,2026-01-01,daily,36,Week 6,model_own,0.5323404228476399,1.8007867805653144,0.9046440004326609,0.6274393131139253,-5.359628324292725,0.21576749979782736,2.4685614329655166,1.197905515906052,0.29326151547339113,0.08740616981065888
JFM2026,TP,FuXi,east_northeast_india,2026-01-01,daily,37,Week 6,model_own,0.5913342917949773,2.2186132831112513,0.047525392136959936,0.39293371200691374,-0.487535091582731,0.8789432880117088,2.574745713434296,0.7744955145618033,0.7269701224248432,0.3413709103099506
JFM2026,TP,FuXi,east_northeast_india,2026-01-01,daily,38,Week 6,model_own,0.7559020549669747,1.3110730741689025,0.7338233222751995,0.683828976022506,-3.9230421467497454,0.5826781382310195,1.8111965749748853,1.2436643062907387,0.5098409840155392,0.32170894439721387
JFM2026,TP,FuXi,east_northeast_india,2026-01-01,daily,39,Week 6,model_own,0.7217035293697338,1.4066494974240327,0.9184247492701165,0.8350689156666974,-4.595807269157087,0.7141658565676704,2.8760157698229,1.0019677787531245,0.08354302948300783,0.2483177818637787
JFM2026,TP,FuXi,east_northeast_india,2026-01-01,daily,40,Week 6,model_own,0.717012800060323,1.55981227410996,1.0014575581656215,0.8004474699614474,-6.257168536197428,0.37322535100324666,2.9018741637366077,1.1074445619557514,0.10598700379012982,0.12861527755657806
JFM2026,TP,FuXi,east_northeast_india,2026-01-01,daily,41,Week 6,model_own,0.8194277939965368,1.1903408298983007,0.7729175730989548,0.8814866524126452,-4.619062110915114,0.871530285758497,2.858622741465912,0.9105267566506273,0.13760918355167254,0.30487768571783386
JFM2026,TP,FuXi,east_northeast_india,2026-01-01,daily,42,Week 6,model_own,0.7365195481967775,1.8421024001032547,0.39992804431905826,0.6789992470709019,-0.9905010067237214,1.348996040159338,2.851819493873289,0.9578497930939344,0.5579217487748761,0.4730299526521422
JFM2026,TP,FuXi,east_northeast_india,2026-01-01,weekly,1,Week 1,model_own,0.5726269360820374,0.4981248586122554,0.15910120878933146,0.9111808789577495,-0.44967561708163917,0.5507900515246635,1.4250308102900833,0.3493054413198003,0.19020423253046884,0.3865109775504034
JFM2026,TP,FuXi,east_northeast_india,2026-01-01,weekly,2,Week 2,model_own,0.5388649951384393,0.28523715083551676,0.12553021472089257,0.9817405414896307,0.7709181714946185,0.5241557577664986,1.7755733238172517,0.18026267141114394,0.05473245669025139,0.2952036678719817
JFM2026,TP,FuXi,east_northeast_india,2026-01-01,weekly,3,Week 3,model_own,0.66792000512787,0.9220533108446061,0.6370920983518825,0.8310318126649481,-3.0270806035425144,1.1074801414162239,1.8788117146658199,0.769947303532921,0.1328552051810384,0.5894577582050093
JFM2026,TP,FuXi,east_northeast_india,2026-01-01,weekly,4,Week 4,model_own,0.6337262229754753,0.9831814921629028,0.7200298415717818,0.8059292841898813,-13.777068890365689,0.843316857214221,1.8370579381647605,1.0053660356019003,0.28533619403011845,0.4590583887934983
JFM2026,TP,FuXi,east_northeast_india,2026-01-01,weekly,5,Week 5,model_own,0.6478520113162815,1.1160647899212666,0.8541987511149405,0.8161764057872021,-19.428216930300568,0.5945247325161188,2.103054523055172,1.0957586727962167,0.24155992168127635,0.28269582457255293
JFM2026,TP,FuXi,east_northeast_india,2026-01-01,weekly,6,Week 6,model_own,0.7902780658484354,1.3507390534626034,0.6826743601190662,0.7993789106332324,-5.5274764678099535,0.6809864876814338,2.512078528072344,1.0276934688429034,0.34501910872383695,0.2710848725752185
JFM2026,TP,FuXi,northwest_india,2026-01-01,daily,1,Week 1,model_own,0.7946158480397556,0.6183965461557989,0.3887827716610097,0.6879952847163434,0.3711395864635716,1.3193264159611868,0.8360857443703992,0.48502562505415114,0.09624285339314147,1.5779798003309866
JFM2026,TP,FuXi,northwest_india,2026-01-01,daily,2,Week 1,model_own,0.810168139510795,0.2607424693519881,-0.07260054700265939,0.934717141678856,0.827015223595579,1.6177038753340716,0.7656186353838524,0.08763411544621152,0.1602346624488709,2.112936912152113
JFM2026,TP,FuXi,northwest_india,2026-01-01,daily,3,Week 1,model_own,0.5775484913524579,0.5729613016308757,-0.18533482081489352,0.6195263875543736,0.4218828023945128,1.7083954220104394,0.6953508752485776,0.04618646494088758,0.2315212857557811,2.456882536316235
JFM2026,TP,FuXi,northwest_india,2026-01-01,daily,4,Week 1,model_own,0.7576616398146189,0.06001054043406002,0.014523969045032272,0.9973205725469046,0.9934049548764634,1.005098376089366,0.8308582220964837,0.06580755541532793,0.05128358637029565,1.2097110546167869
JFM2026,TP,FuXi,northwest_india,2026-01-01,daily,5,Week 1,model_own,0.7306281478448043,0.21805815913147988,-0.010428582457790483,0.9618645074387929,0.9235253180199925,0.09385819112440556,0.7775470336978584,0.06061424793223694,0.07104283039002741,0.1207106284979762
JFM2026,TP,FuXi,northwest_india,2026-01-01,daily,6,Week 1,model_own,-0.4749563185627433,0.0950632533091585,0.03454152825649611,0.994278327965383,0.9861402826083376,0.05028835292429901,0.9011674660622657,0.044686095253963144,0.010144566997467033,0.05580356017959525
JFM2026,TP,FuXi,northwest_india,2026-01-01,daily,7,Week 1,model_own,0.4919865368310922,0.1453590537062342,0.05194849405668768,0.9873941345265111,0.9679868435329251,0.06587542216287949,0.9422811390277869,0.06440406397731026,0.012455569920622566,0.06991058128452775
JFM2026,TP,FuXi,northwest_india,2026-01-01,daily,8,Week 2,model_own,0.5753656238613454,0.26580863656594134,-0.027716706964732215,0.9590821573269266,0.9022201894488476,0.5241803439649412,0.9963496685875642,0.031217108672747542,0.05893381563747976,0.5261007861908809
JFM2026,TP,FuXi,northwest_india,2026-01-01,daily,9,Week 2,model_own,0.6656446771554774,0.025440853170757307,0.019418308796300264,0.9996412990079337,0.9990173724550205,1.0280022151110608,0.9679596571090278,0.020294778575659853,0.0008764697793595891,1.0620300211491873
JFM2026,TP,FuXi,northwest_india,2026-01-01,daily,10,Week 2,model_own,0.8371483133819031,0.015242414692972814,0.006854435026535628,0.9998759272013462,0.9996427145996589,1.9627345897484905,0.9874084674942709,0.00965704141639691,0.002802606389861281,1.9877635794731308
JFM2026,TP,FuXi,northwest_india,2026-01-01,daily,11,Week 2,model_own,0.8211073200419913,0.3884128192486664,-0.08379445551113966,0.915791236110454,0.6160625352904459,1.843727802536656,1.0266151626517963,0.026948446001671327,0.11074290151281098,1.7959288637177522
JFM2026,TP,FuXi,northwest_india,2026-01-01,daily,12,Week 2,model_own,0.9369152733438318,0.08483109898655776,0.04842039848952366,0.996468875900372,0.9889933558582082,1.2420290655967843,1.0310017844410588,0.05159825136776323,0.0031778528782395814,1.2046817807111077
JFM2026,TP,FuXi,northwest_india,2026-01-01,daily,13,Week 2,model_own,0.9388302387175649,0.07458933874250619,0.047087952585233836,0.9973837775020475,0.9915515637055622,1.1307299687039916,1.0524333511047042,0.04972693880862118,0.0026389862233873324,1.0743957966716866
JFM2026,TP,FuXi,northwest_india,2026-01-01,daily,14,Week 2,model_own,0.829461333728019,0.18562593367063596,0.006459420864505149,0.9824134182500837,0.9260612629449726,0.6155199657926356,1.015239090879641,0.07718435527791236,0.07072493441340721,0.6062807976191363
JFM2026,TP,FuXi,northwest_india,2026-01-01,daily,15,Week 3,model_own,-0.37552379311648,2.720655542434442,-0.9867859848481464,-0.344530318979694,-0.7204404159613,0.791018036854761,2.3454967126376673,0.13121656163713885,1.1180025464852852,0.3372496889860095
JFM2026,TP,FuXi,northwest_india,2026-01-01,daily,16,Week 3,model_own,0.5283533192021036,0.9736888317403757,-0.08766727117359965,0.5588266404008531,-0.3060836241612739,0.7633211786055049,1.2895091035437818,0.290765990596977,0.3784332617705767,0.5919471033649731
JFM2026,TP,FuXi,northwest_india,2026-01-01,daily,17,Week 3,model_own,0.3969036920575329,1.0801124535529671,0.5931173782216135,0.4374055177876778,-1.2006019427351071,0.7935864733440462,1.1557094195709028,0.8288918655774358,0.23577448735582224,0.6866660943532784
JFM2026,TP,FuXi,northwest_india,2026-01-01,daily,18,Week 3,model_own,-0.005098691131668883,1.3541259907396088,0.09367482833043186,0.24619056504252324,-1.425626515891091,0.6840494680748607,1.4498694291492782,0.6305013460664065,0.5368265177359747,0.4718007389646334
JFM2026,TP,FuXi,northwest_india,2026-01-01,daily,19,Week 3,model_own,0.5368358099223183,0.8365189291762806,0.2774095975752024,0.6516341165017561,-3.936606929122747,1.0381652105329273,1.1059872945289217,0.5197992237689675,0.24238962619376514,0.9386773389427749
JFM2026,TP,FuXi,northwest_india,2026-01-01,daily,20,Week 3,model_own,0.7861659665517348,0.623198160522431,0.2986961557056403,0.8497998439246498,0.02556277221722736,0.8918149948104647,1.2372920236421496,0.41864998826197747,0.11995383255633714,0.720779717131997
JFM2026,TP,FuXi,northwest_india,2026-01-01,daily,21,Week 3,model_own,-0.5761324926770239,7.0388742103017625,-2.7899862546909193,-0.1811063632762906,-0.06401180719707611,0.7304360151088908,6.007435389398438,0.7956695681584325,3.5856558228493514,0.12158865934670234
JFM2026,TP,FuXi,northwest_india,2026-01-01,daily,22,Week 4,model_own,0.18846910793357216,19.320395728265247,-10.765643273705999,0.028357675625540035,0.13780583300336768,0.8311424254174402,15.841918846642795,1.956960839316913,12.722604113022912,0.05246475717135587
JFM2026,TP,FuXi,northwest_india,2026-01-01,daily,23,Week 4,model_own,-0.3515360709886042,1.9039854756749166,1.363168855647401,-0.9183811146853498,-3.544212934080197,0.9637973394011433,1.0806677167761911,1.7094815817621847,0.34631272611478353,0.8918535498370477
JFM2026,TP,FuXi,northwest_india,2026-01-01,daily,24,Week 4,model_own,-0.3319930583757447,2.078449974350732,1.507992487565302,-1.0923967407203925,-14.48748326700118,1.0123394546526778,1.0389017180271125,1.7265685628749492,0.21857607530964762,0.9744323616820302
JFM2026,TP,FuXi,northwest_india,2026-01-01,daily,25,Week 4,model_own,-0.5348257777616949,2.706496342672891,0.12886131196485318,-1.2030217480198182,-0.2196549525796747,1.1949916962672231,1.803298788396323,1.626645865144173,1.4977845531793197,0.6626698270728233
JFM2026,TP,FuXi,northwest_india,2026-01-01,daily,26,Week 4,model_own,-0.0002539734290337178,13.96818482589005,-8.931526217662176,-0.07703600727879767,0.06938213240055824,0.8924403029975353,10.400231037078552,0.8561829285569518,9.787709146219129,0.08580966132539146
JFM2026,TP,FuXi,northwest_india,2026-01-01,daily,27,Week 4,model_own,0.5180954042471133,2.5742011722528804,-0.2757158310485558,0.20450854781145944,0.2508076335095517,0.8166474320687384,2.8860744293478184,0.9599714175561479,1.235687248604704,0.2829613206660372
JFM2026,TP,FuXi,northwest_india,2026-01-01,daily,28,Week 4,model_own,-0.04238832384480407,1.8552797816760742,1.351423856055484,-0.03954745603904808,-5.258387084681208,0.8953486433861056,1.3302513289152933,1.3880301179290035,0.036606261873519244,0.6730672797870356
JFM2026,TP,FuXi,northwest_india,2026-01-01,daily,29,Week 5,model_own,0.737965425230915,0.7472673926785283,0.2663633245966192,0.8013103972593842,-2.4017727558100828,0.46122829257251685,1.3740548376373038,0.6010859468938937,0.3347226222972746,0.3356694943599208
JFM2026,TP,FuXi,northwest_india,2026-01-01,daily,30,Week 5,model_own,0.10457165419615796,1.1958804591630257,0.06533154204336879,0.3912904784460265,-0.16389509079649422,0.36890567784865586,1.4456547982746177,0.8684743741178521,0.8031428320744834,0.2551824116579858
JFM2026,TP,FuXi,northwest_india,2026-01-01,daily,31,Week 5,model_own,0.3410386320151333,2.2383260656749964,-0.6256476415340523,-0.1697582335612351,0.5184316482035178,0.6504506301466599,1.9714899053791581,1.3347846386937716,1.9604322802278236,0.3299284608924056
JFM2026,TP,FuXi,northwest_india,2026-01-01,daily,32,Week 5,model_own,-0.4314040509243736,1.9287326089994423,0.9654015025481785,-0.17089244286385696,-1.3835016978720653,0.6258258148941807,1.570368815305432,1.4722061084836144,0.5068046059354359,0.3985215503483234
JFM2026,TP,FuXi,northwest_india,2026-01-01,daily,33,Week 5,model_own,0.0789809978936842,1.2129520327199879,-0.06629374375819853,-0.30499661264789246,0.39244630276732295,0.560098438636483,1.0018881384028364,0.9522625165467697,1.0185562603049685,0.5590428882902696
JFM2026,TP,FuXi,northwest_india,2026-01-01,daily,34,Week 5,model_own,0.16145564960827472,2.018272968913654,1.4154540539684464,-0.019588489527530895,-5.635954361950725,1.0182353046473211,1.4642867033702875,1.4453034954095874,0.029849441441141055,0.6953797383420143
JFM2026,TP,FuXi,northwest_india,2026-01-01,daily,35,Week 5,model_own,0.7715953252872707,0.863202694220294,0.5889360415072806,0.8184595967837649,-0.2628482033535664,0.8416010526168081,1.472492934742153,0.6073771897174166,0.018441148210136035,0.5715484487293517
JFM2026,TP,FuXi,northwest_india,2026-01-01,daily,36,Week 6,model_own,0.6332757102531003,0.9429295075897359,0.14915107470521213,0.754566812883964,-2.0136711046682523,0.9000410357231878,1.5223354177194166,0.4336189540088042,0.2844678793035921,0.5912238690941863
JFM2026,TP,FuXi,northwest_india,2026-01-01,daily,37,Week 6,model_own,0.8533871977185646,0.960474626157491,0.7037892718860675,0.7872015641286022,-0.45865719543717676,0.8002214564197635,1.5114418211488934,0.7141492140102534,0.010359942124186025,0.5294424470877024
JFM2026,TP,FuXi,northwest_india,2026-01-01,daily,38,Week 6,model_own,0.9141442912470402,0.6620031056171453,0.44927383407446875,0.9012533114789709,0.3319713759337458,0.8641856702846763,1.525246336453678,0.4507437769748951,0.0014699429004262697,0.5665876059692616
JFM2026,TP,FuXi,northwest_india,2026-01-01,daily,39,Week 6,model_own,0.7614202672237967,0.9717915653456687,0.6414899271968119,0.721757688754918,-3.3505882101317432,1.1556002336493496,1.388648579605224,0.894875045762719,0.2533851185659073,0.8321761535793836
JFM2026,TP,FuXi,northwest_india,2026-01-01,daily,40,Week 6,model_own,-0.6041072591687425,2.400411577791542,0.3518522361477872,-0.8596649475610301,-0.4735368230118149,0.8597276950926035,1.7024429785483677,1.3763909811460013,1.0245387449982142,0.5049964703227081
JFM2026,TP,FuXi,northwest_india,2026-01-01,daily,41,Week 6,model_own,-0.07344108296899197,1.8689309878202494,1.3768532430341602,0.2262434217634438,-4.604332854304813,0.6434511328333478,1.5426255476454673,1.3944984802008389,0.017645237166678478,0.4171142723621147
JFM2026,TP,FuXi,northwest_india,2026-01-01,daily,42,Week 6,model_own,-0.17774963120796275,2.9433848309231205,2.4571006567178304,-0.9809720344142729,-18.097843208538713,0.7775547552464293,1.5212180654015524,2.505301025465539,0.04820036874770825,0.5111395748782276
JFM2026,TP,FuXi,northwest_india,2026-01-01,weekly,1,Week 1,model_own,0.9075989794461594,0.10058126581475534,0.03163326061587888,0.991711007354866,0.9806316604572259,0.720393777945062,0.7921946139851455,0.12205116724624888,0.09041790663037,0.9093646500840388
JFM2026,TP,FuXi,northwest_india,2026-01-01,weekly,2,Week 2,model_own,0.8784314536517104,0.0636053101162554,0.002389907297628857,0.9978313827460953,0.9928446743022052,1.1326943932278382,0.9943250444396318,0.03808956033199343,0.03569965303436457,1.1391590703281407
JFM2026,TP,FuXi,northwest_india,2026-01-01,weekly,3,Week 3,model_own,-0.09894763563983944,1.4915009072299479,-0.3716487816741006,-0.13471940544116157,-0.9795307705251897,0.7690297608647543,1.3822814941854882,0.5164992314922024,0.8881480131663031,0.5563481563629747
JFM2026,TP,FuXi,northwest_india,2026-01-01,weekly,4,Week 4,model_own,0.2123029896244272,4.006160128938746,-2.2316341142350233,-0.05318576014221632,0.38896910896973613,0.7437536028339914,3.0280454177404836,1.46054874150912,3.692182855744143,0.245621680070102
JFM2026,TP,FuXi,northwest_india,2026-01-01,weekly,5,Week 5,model_own,0.17867110538740824,0.797093079522109,0.3727921338951424,0.5089249320688181,0.000720102128842659,0.3652029811649687,0.9089062809683361,1.0402134542454546,0.6674213203503122,0.40180488221061306
JFM2026,TP,FuXi,northwest_india,2026-01-01,weekly,6,Week 6,model_own,0.5951856459759878,1.1281834629373018,0.8756443217126337,0.5932576666307732,-8.967316987752415,0.6498489872840718,1.2752666872125342,1.1099396471132363,0.23429532540060247,0.5095788934191526
JFM2026,TP,FuXi,south_peninsula,2026-01-01,daily,1,Week 1,model_own,-0.19829256132426687,3.7571157159042996,1.9225011281485358,-30.13190919428062,-31.937831410022888,3.30295178614256,0.6205845139261974,2.2303182464730864,0.30781711832455066,5.322323893076328
JFM2026,TP,FuXi,south_peninsula,2026-01-01,daily,2,Week 1,model_own,-0.4682666817340154,0.6762610503910926,0.5062911623305636,-0.11487714131818971,-17.410359557439648,0.528933680123489,0.4211722919826432,0.5710284260524312,0.0647372637218676,1.2558605829304808
JFM2026,TP,FuXi,south_peninsula,2026-01-01,daily,3,Week 1,model_own,-0.35955429579915915,0.2520935009942372,0.17252994472469507,0.8610175852284677,-0.39435733525430505,0.867049227935063,0.45044727883568314,0.19598353187823453,0.023453587153539443,1.9248628389457991
JFM2026,TP,FuXi,south_peninsula,2026-01-01,daily,4,Week 1,model_own,-0.32915067334445636,0.20885321578481203,0.09437070142100872,0.9022876431389604,0.2047445082310282,0.8296383311560467,0.44819101524186755,0.10880015304952957,0.01442945162852085,1.851082022936872
JFM2026,TP,FuXi,south_peninsula,2026-01-01,daily,5,Week 1,model_own,-0.361857053363759,0.2609791042260027,-0.0020407059844571008,0.767644648551556,0.014004497066558597,0.4358833023772935,0.3766775602314162,0.102605721768938,0.1046464277533951,1.1571788404637207
JFM2026,TP,FuXi,south_peninsula,2026-01-01,daily,6,Week 1,model_own,0.7198512819535293,0.04213259374370598,0.030830739171571492,0.9953309804908727,0.964041070444151,0.14152453762069447,0.40452838382812817,0.04337758979986477,0.01254685062829328,0.34985069843905925
JFM2026,TP,FuXi,south_peninsula,2026-01-01,daily,7,Week 1,model_own,0.7792169068980044,0.06185899579715955,0.03759426032304588,0.9893582719925659,0.925527314936877,0.09829535302112014,0.38781120320864154,0.04265658398856626,0.005062323665520383,0.2534618706418274
JFM2026,TP,FuXi,south_peninsula,2026-01-01,daily,8,Week 2,model_own,0.4748454653339016,2.961542530673157,-0.7791299849335444,-0.034841181723900716,0.05061253850409986,0.37467002826227386,2.859953462191793,0.21224524100055442,0.9913752259340989,0.13100563810403287
JFM2026,TP,FuXi,south_peninsula,2026-01-01,daily,9,Week 2,model_own,0.8611113151047626,5.03778886050335,-2.9913572595355693,0.2029338646229254,0.2636436108680106,1.0093305885785169,4.75844830010897,0.4745897653872447,3.4659470249228135,0.21211338758380602
JFM2026,TP,FuXi,south_peninsula,2026-01-01,daily,10,Week 2,model_own,0.6090732336318309,2.495478439988146,-1.2146433394518423,0.1707772538807516,0.2647273583627936,0.8040190469377647,2.4830834106829007,0.3646948647248479,1.5793382041766901,0.32379864626321286
JFM2026,TP,FuXi,south_peninsula,2026-01-01,daily,11,Week 2,model_own,0.5712383305242846,1.5259254453783209,0.16658455580981707,0.3079287545679532,0.3681262223730529,1.8550764517273748,1.7758850683042409,1.03352559467312,0.8669410388633029,1.0445926286765574
JFM2026,TP,FuXi,south_peninsula,2026-01-01,daily,12,Week 2,model_own,0.5045284462175227,6.301095539639542,-0.4082011713725378,0.33183493425838884,0.3584612441539917,4.039765673200435,7.299876576031982,2.4660348952044804,2.8742360665770175,0.5534019145562518
JFM2026,TP,FuXi,south_peninsula,2026-01-01,daily,13,Week 2,model_own,-0.7524384646150558,4.396117948412005,2.266780756612873,-98.82405038005936,-244.62900701016548,3.7266617220036453,0.3442259776594725,2.3811267124773243,0.1143459558644511,10.826207096113666
JFM2026,TP,FuXi,south_peninsula,2026-01-01,daily,14,Week 2,model_own,-0.6890140355672766,1.6453481866444168,0.9853644292321848,-12.742739565316034,-64.29748687923325,1.3096415240124837,0.2725734894713103,1.0152145941144133,0.029850164882228657,4.804728172767989
JFM2026,TP,FuXi,south_peninsula,2026-01-01,daily,15,Week 3,model_own,-0.6889053874575898,0.9090519542626437,0.6433944307763478,-3.073182152456768,-17.226939472658017,0.6419170880184242,0.27773865817666565,0.6616915927848066,0.018297162008458823,2.311227008269442
JFM2026,TP,FuXi,south_peninsula,2026-01-01,daily,16,Week 3,model_own,-0.8346437914740624,0.7164505598772428,0.5887000500932997,-1.4247275925781633,-8.561968249686265,0.3986539563688859,0.28740878730222225,0.5956359366987336,0.006935886605433838,1.3870625185502234
JFM2026,TP,FuXi,south_peninsula,2026-01-01,daily,17,Week 3,model_own,0.10630661140215367,0.8178067626866937,0.42825441802581615,-0.7247166000847118,-0.5715264219473746,0.3097162315915803,0.5907798166934677,0.591291928455885,0.16303751043006875,0.5242498522123341
JFM2026,TP,FuXi,south_peninsula,2026-01-01,daily,18,Week 3,model_own,-0.141148543364712,0.6414501434924474,0.49215612341921844,-1.9340089062878203,-4.506601248984816,0.34180626932563746,0.24457989531186816,0.5627373958410635,0.07058127242184503,1.3975239824589598
JFM2026,TP,FuXi,south_peninsula,2026-01-01,daily,19,Week 3,model_own,-0.4206547086574437,0.6109495902784491,0.4866659735100614,-1.8334692142635038,-4.713525233175543,0.2911011119315061,0.2251072382224453,0.5510621630626569,0.06439618955259542,1.2931663780790883
JFM2026,TP,FuXi,south_peninsula,2026-01-01,daily,20,Week 3,model_own,-0.5235604951248152,0.742274515094178,0.6409257717210054,-1.8943624957184562,-9.487967211833801,0.3606351876820305,0.27372321284722445,0.6459197583067661,0.0049939865857606,1.3175177360033217
JFM2026,TP,FuXi,south_peninsula,2026-01-01,daily,21,Week 3,model_own,-0.29052669600826836,0.7596037751850512,0.6951125726210888,-2.0956335101483936,-9.166464629691268,0.29869566300548717,0.2757571261419315,0.7039016331094391,0.008789060488350132,1.0831838407387133
JFM2026,TP,FuXi,south_peninsula,2026-01-01,daily,22,Week 4,model_own,0.16903381136549933,0.717109284645734,0.42745351731608255,-0.8812312551879842,-1.546392859036735,0.29806851928323114,0.5106258391653761,0.652721050952935,0.22526753363685245,0.583731758992901
JFM2026,TP,FuXi,south_peninsula,2026-01-01,daily,23,Week 4,model_own,-0.01911710034009979,5.162455995361295,-0.784203211825017,-0.007293794316681312,-0.020669715428759616,0.31204232884672073,5.051563614047603,0.519872796826705,1.304076008651722,0.061771434092006715
JFM2026,TP,FuXi,south_peninsula,2026-01-01,daily,24,Week 4,model_own,-0.07887430841580519,3.7873874906024816,-0.5444921778856321,-0.01372543751758748,-0.03534736977047359,0.29488912515214605,3.7048237911513797,0.43908849879864303,0.9835806766842751,0.07959599208374249
JFM2026,TP,FuXi,south_peninsula,2026-01-01,daily,25,Week 4,model_own,-0.11656421340932778,0.9948100284234234,0.5466649238208005,-3.325532029914368,-5.912233574222121,0.6840409340988733,0.47256580926144043,0.80267275917215,0.25600783535134936,1.447504073914999
JFM2026,TP,FuXi,south_peninsula,2026-01-01,daily,26,Week 4,model_own,0.3765988629382498,0.7576935837885522,0.5537578848203414,-2.422319902132477,-10.703430872475227,0.6392839029649448,0.2614491632368203,0.5669426705846804,0.013184785764338984,2.4451556664034233
JFM2026,TP,FuXi,south_peninsula,2026-01-01,daily,27,Week 4,model_own,0.5390515543292296,0.2651311578768329,0.20898406678088913,0.6197431260378209,-0.2758104334983078,0.2645206743776026,0.2802663513993182,0.21022647949383816,0.0012424127129490835,0.9438188817776364
JFM2026,TP,FuXi,south_peninsula,2026-01-01,daily,28,Week 4,model_own,0.6687044128697334,0.18090736724078038,0.14992752465558987,0.8238831155659079,0.40527049728189024,0.19835294793873734,0.28441948203146883,0.15207124602224137,0.002143721366651484,0.697395784993347
JFM2026,TP,FuXi,south_peninsula,2026-01-01,daily,29,Week 5,model_own,0.638883449581052,0.188138523917863,0.15416007002751192,0.8125067520604017,0.3592421586128878,0.2080486860083002,0.2892020047529175,0.1552825563429869,0.0011224863154749814,0.7193888098599059
JFM2026,TP,FuXi,south_peninsula,2026-01-01,daily,30,Week 5,model_own,0.2040776829916185,0.23972943482502096,0.10605549603165496,0.6519046208781685,0.024413440365455896,0.17051889250512464,0.29864549083898023,0.15592102607233502,0.049865530040680076,0.5709742746360861
JFM2026,TP,FuXi,south_peninsula,2026-01-01,daily,31,Week 5,model_own,0.16982714780396824,0.21132360496266797,0.05110699883826499,0.6736575629864585,-0.06231853266625853,0.1966671637943058,0.2578635470122544,0.11153635346144238,0.06042935462317739,0.7626792001932697
JFM2026,TP,FuXi,south_peninsula,2026-01-01,daily,32,Week 5,model_own,0.0649433379685616,0.6301918292346541,-0.056287581022359735,-1.0302380287963109,-0.3012033132278844,0.19407559691110773,0.4056848221116345,0.09351972412119233,0.14980730514355206,0.4783900859315434
JFM2026,TP,FuXi,south_peninsula,2026-01-01,daily,33,Week 5,model_own,0.47093492174004825,0.19624677581681554,0.14100820330275923,0.791651031236851,0.20460076071231492,0.19869701567736167,0.28945596691360703,0.14937495290543149,0.008366749602672214,0.6864498866477543
JFM2026,TP,FuXi,south_peninsula,2026-01-01,daily,34,Week 5,model_own,0.5095079536292713,0.239727570550792,0.18220609105197963,0.7243458710072095,-0.04549983333608454,0.2350875252882677,0.31951020314316303,0.18291225728415622,0.0007061662321765764,0.7357747044557822
JFM2026,TP,FuXi,south_peninsula,2026-01-01,daily,35,Week 5,model_own,0.4771469874031018,0.2266209116703894,0.10009139468092092,0.5688758478929006,-0.8983448503712561,0.2043461328235888,0.21669383839620898,0.15923441554120546,0.05914302086028453,0.9430177356956347
JFM2026,TP,FuXi,south_peninsula,2026-01-01,daily,36,Week 6,model_own,0.6616411090463498,0.1376021338724176,0.10929895560914565,0.9111348561620349,0.6326626927693744,0.09427423440122928,0.32850236913448794,0.11409568871727256,0.004796733108126902,0.2869819010730899
JFM2026,TP,FuXi,south_peninsula,2026-01-01,daily,37,Week 6,model_own,-0.19898103516730575,0.22651337456718398,0.1392938935004046,0.7690856409980942,0.029597588455752777,0.13413901109987283,0.3380843022315872,0.14175816719115372,0.0024642736907491193,0.3967620212309882
JFM2026,TP,FuXi,south_peninsula,2026-01-01,daily,38,Week 6,model_own,-0.09007765451109064,0.16939260488533164,0.10782285453482017,0.8791917607893485,0.475820686888772,0.10065955573446173,0.3559889785280942,0.10847328660200221,0.0006504320671820491,0.282760315082389
JFM2026,TP,FuXi,south_peninsula,2026-01-01,daily,39,Week 6,model_own,-0.40368345762250496,0.26250775386809905,0.05290353950664047,0.3465162417842733,-0.34690753189644785,0.08974755766165717,0.17495892432949486,0.1159357987434783,0.06303225923683783,0.5129635884857082
JFM2026,TP,FuXi,south_peninsula,2026-01-01,daily,40,Week 6,model_own,-0.21505024963658653,0.24823581841130862,0.19065778504555722,0.7451467329125254,-0.2033524134337077,0.12330419631717848,0.3596526806426616,0.19495045813596093,0.004292673090403677,0.3428424225751545
JFM2026,TP,FuXi,south_peninsula,2026-01-01,daily,41,Week 6,model_own,-0.3844116578729134,0.2591831458121975,0.1986370054410568,0.7456827959626147,-0.20838035908545272,0.11064198180384334,0.38391923205693546,0.19922754974829787,0.0005905443072411045,0.2881907770315478
JFM2026,TP,FuXi,south_peninsula,2026-01-01,daily,42,Week 6,model_own,-0.3038494927684169,0.17340730115192637,0.1370063119288485,0.890140638416909,0.45952735107875664,0.07852936705209096,0.393294835131373,0.13711241904476426,0.00010610711591576782,0.19967047628748966
JFM2026,TP,FuXi,south_peninsula,2026-01-01,weekly,1,Week 1,model_own,-0.5990516735471422,0.6999896540479517,0.39458247030601523,-0.4868931550593043,-17.957946702533263,0.7207586072252322,0.37286240136807886,0.4706814747037307,0.07609900439771543,1.933041799282198
JFM2026,TP,FuXi,south_peninsula,2026-01-01,weekly,2,Week 2,model_own,0.8676949498417713,0.8659975587776232,-0.28208601278469075,0.8133211160674251,0.847233130764876,1.8097076600707396,1.733101634758567,1.1353474014683873,1.417433414253078,1.0442016923738258
JFM2026,TP,FuXi,south_peninsula,2026-01-01,weekly,3,Week 3,model_own,-0.6728356016017754,0.6679045391789094,0.5678870385840531,-2.2508945230090096,-9.790075579246437,0.32839515094668703,0.20687703241195346,0.6160343336270013,0.04814729504294824,1.5873929895357113
JFM2026,TP,FuXi,south_peninsula,2026-01-01,weekly,4,Week 4,model_own,-0.04559147032865173,1.4064464723124779,0.07972746508795397,-0.07354474962841961,-0.1938438112619041,0.3522236362276647,1.355760340496341,0.47765649662060544,0.3979290315326515,0.2597978608068122
JFM2026,TP,FuXi,south_peninsula,2026-01-01,weekly,5,Week 5,model_own,0.5145285137008517,0.19216500508238296,0.09690581220314223,0.6754444833343234,-0.38106555478343473,0.19131122317860824,0.1893803103810025,0.14396875652631158,0.04706294432316935,1.0101959532842726
JFM2026,TP,FuXi,south_peninsula,2026-01-01,weekly,6,Week 6,model_own,-0.14163706428369388,0.1824519460188185,0.13366005058174274,0.8448525531765432,0.27202937882324263,0.08622503866766204,0.3291834717559173,0.144507624930335,0.010847574348592274,0.2619361118215441
JFM2026,TP,MME,All India,2026-01-01,daily,1,Week 1,era5,0.18727379979186115,1.3484463196480028,0.5324411200872745,-1.5344344779487202,-4.813816629489343,1.158465977104588,0.7066828588121808,0.681600011463306,0.14915889137603153,1.6393010848625664
JFM2026,TP,MME,All India,2026-01-01,daily,2,Week 1,era5,0.7861821408479671,0.49247302315937236,0.10598974652054717,0.7123428504257185,-0.12368750744866985,0.6440481721811702,0.7762968711744379,0.234242746727688,0.12825300020714078,0.8296415921486423
JFM2026,TP,MME,All India,2026-01-01,daily,3,Week 1,era5,0.7935485585529499,0.4886908322370177,0.05715167112059916,0.7007261976229273,-0.08652819881267004,0.7675356188986292,0.7410465477817981,0.1797256739386943,0.12257400281809509,1.0357454888577806
JFM2026,TP,MME,All India,2026-01-01,daily,4,Week 1,era5,0.9730688969700638,0.2029287236620599,0.07562105752878133,0.9585668569540986,0.8099514812746469,0.7870982330548553,0.816318504523578,0.12796470261200873,0.052343645083227405,0.9642048155140421
JFM2026,TP,MME,All India,2026-01-01,daily,5,Week 1,era5,0.9541419705684365,0.2581261877837607,0.07275508448045444,0.9329010251847315,0.7370817466807139,0.8171195135128883,0.8184109769687358,0.13265608549335645,0.05990100101290203,0.9984219866397309
JFM2026,TP,MME,All India,2026-01-01,daily,6,Week 1,era5,0.9227021206132182,0.36443464801543674,0.1364977882407725,0.8825255523950867,0.48031955633067036,0.8376313053676742,0.8724066473306428,0.16164807956976837,0.025150291328995832,0.9601386095929314
JFM2026,TP,MME,All India,2026-01-01,daily,7,Week 1,era5,0.9818525264254994,0.2163397051325565,0.10654934616724183,0.9633079987423114,0.8425964782028849,0.8563143430638817,0.9360500241786804,0.11263282499852166,0.006083478831279846,0.914816859083187
JFM2026,TP,MME,All India,2026-01-01,daily,8,Week 2,era5,0.6977700556115083,1.171519428561214,-0.033159391506152755,0.5097894352399404,0.318012633889154,0.9466276966728471,1.615280824957836,0.17364481025476522,0.20680420176091802,0.5860452758718021
JFM2026,TP,MME,All India,2026-01-01,daily,9,Week 2,era5,0.7728090153386646,1.9940033189100315,-0.37046207683062954,0.44554190166492846,0.40349081810305487,1.094530899036554,2.677882450280235,0.27899137651087824,0.6494534533415077,0.4087300019170048
JFM2026,TP,MME,All India,2026-01-01,daily,10,Week 2,era5,0.7281528239836793,1.0741499852179,-0.04211822652362336,0.5464747146833883,0.36082925755759965,1.0347605170727203,1.5590707718218355,0.27695420506587753,0.3190724315895009,0.6637033647058639
JFM2026,TP,MME,All India,2026-01-01,daily,11,Week 2,era5,0.8596855767373317,0.6859846575573357,0.09876515053546901,0.7612482463042076,0.4690775238784429,1.0814111704794251,1.3242154110826931,0.2956827367495259,0.1969175862140569,0.8166429430052105
JFM2026,TP,MME,All India,2026-01-01,daily,12,Week 2,era5,0.5812837273483128,2.9813443832660442,-0.22062598924653146,0.2856208894053335,0.24353229218787564,1.2660858920345275,3.524932531655266,0.32040672645310164,0.5410327156996331,0.359180177397605
JFM2026,TP,MME,All India,2026-01-01,daily,13,Week 2,era5,0.7570250077904691,0.8535619287595617,0.26910946463557434,0.4993190801212364,-1.6008653977401863,1.231748256421681,1.024300183176722,0.31209216651972493,0.04298270188415063,1.202526638823385
JFM2026,TP,MME,All India,2026-01-01,daily,14,Week 2,era5,0.9250874774558887,0.4552423979353451,0.23318360449208403,0.8574402593740543,0.03676317761620573,1.0037991402979007,1.015550475601968,0.2727442308604953,0.03956062636841134,0.9884286053855653
JFM2026,TP,MME,All India,2026-01-01,daily,15,Week 3,era5,0.3756310771152832,1.5334963459140074,-0.0016345104725580528,0.12910345341517648,-0.5872747905252151,0.9602611564153735,1.6095490829073313,0.3663844713693029,0.36801898184186116,0.5966025929950841
JFM2026,TP,MME,All India,2026-01-01,daily,16,Week 3,era5,0.8287930968881978,0.7066025104054089,0.31796555857993564,0.6882529798995018,-0.6224433653707686,0.9756001009122182,1.1250764209825723,0.4469052766667993,0.12893971808686366,0.8671411850051832
JFM2026,TP,MME,All India,2026-01-01,daily,17,Week 3,era5,0.8561823398148032,0.7416678353446896,0.46724607049333217,0.6547553317740118,-0.8309470885020951,0.9909730603581444,1.112268434944819,0.5883823565464297,0.12113628605309756,0.8909477507624386
JFM2026,TP,MME,All India,2026-01-01,daily,18,Week 3,era5,0.6456662931328925,0.9521464588031768,0.3113665186947743,0.42487806455038024,-1.6161348098669808,0.9364788141264379,1.1507720357698434,0.5362820471603565,0.22491552846558208,0.8137830821548877
JFM2026,TP,MME,All India,2026-01-01,daily,19,Week 3,era5,0.8655022192797936,0.6107910917328919,0.36080296142563606,0.7073197552358158,-3.566768401376078,0.9455659248336945,0.9545998432394794,0.49431697575593375,0.13351401433029775,0.9905364342244936
JFM2026,TP,MME,All India,2026-01-01,daily,20,Week 3,era5,0.8916418056569599,0.6845651320313417,0.4877803136699973,0.7019074482193408,-1.7602377674071947,0.9592698934286321,1.060464487837617,0.5650193124653742,0.07723899879537698,0.9045752162664779
JFM2026,TP,MME,All India,2026-01-01,daily,21,Week 3,era5,0.15887443324477676,3.8063054519830644,-0.4768957642362435,0.016084282827649066,0.048102029653114164,0.8854391264263481,3.8144071966875788,0.6975600554734132,1.1744558197096568,0.23213020549962815
JFM2026,TP,MME,All India,2026-01-01,daily,22,Week 4,era5,0.16150007100325414,11.060933886128689,-3.2405274710040577,0.029464302932394326,0.13197364469534933,0.9872430780555949,10.69006242543134,0.957244656542722,4.19777212754678,0.09235147923055838
JFM2026,TP,MME,All India,2026-01-01,daily,23,Week 4,era5,0.3038047931262637,2.455866294342741,0.5072854812099499,0.07083250545083075,-0.17340091667086655,0.93546074443319,2.5157041433361544,0.8790709509402262,0.37178546973027654,0.3718484730850131
JFM2026,TP,MME,All India,2026-01-01,daily,24,Week 4,era5,0.2854389015558757,2.045415831658633,0.6819618373726299,-0.0224130343822857,-0.5404619856433803,0.9759815927288278,1.9649171431629568,0.9851214935115149,0.30315965613888485,0.4967036885625495
JFM2026,TP,MME,All India,2026-01-01,daily,25,Week 4,era5,0.33710681995704445,1.463596510892083,0.4307925809185535,-0.07223742202139416,-0.07420056618571724,0.9471199429667249,1.396980183369963,1.0093536863175177,0.5785611053989645,0.6779766486608053
JFM2026,TP,MME,All India,2026-01-01,daily,26,Week 4,era5,0.021970683934404222,8.209453557185602,-2.778193973976783,-0.006851313696424555,0.1051672561476138,0.8883675591057768,7.693366489659808,0.8091570528269307,3.5873510268037134,0.11547188871084957
JFM2026,TP,MME,All India,2026-01-01,daily,27,Week 4,era5,0.6231873656322675,1.6109904505171997,0.34256106933674096,0.3514619698582906,0.13330411275885812,0.9012715426412284,1.969181863761804,0.8044044503764262,0.46184338103968525,0.45768832184930586
JFM2026,TP,MME,All India,2026-01-01,daily,28,Week 4,era5,0.30698652334735327,1.1991811801568786,0.5876359133377379,-0.12021858874143976,-0.6226621254054594,0.8302025943851404,0.9392858191418316,0.7785013534674363,0.19086544012969853,0.883865781284387
JFM2026,TP,MME,All India,2026-01-01,daily,29,Week 5,era5,0.765241328362415,0.7946662165935059,0.43102617040977,0.5674830422711282,-2.7400608071194945,0.8823959014150713,1.0260238265243948,0.6279246473094829,0.19689847689971268,0.8600150197331615
JFM2026,TP,MME,All India,2026-01-01,daily,30,Week 5,era5,0.8053228973955241,0.9427017556059724,0.4440980538787693,0.5718319257395552,-0.8765639437975556,0.8223977978599106,1.3359136790019455,0.7508651972149807,0.30676714333621125,0.6156069892736782
JFM2026,TP,MME,All India,2026-01-01,daily,31,Week 5,era5,0.5321375629655868,1.4891626616291795,0.13172396306988798,0.27892188195590784,0.3973989393991759,0.8202993402523515,1.747201234616586,0.8388086229864785,0.7070846599165905,0.46949333826012424
JFM2026,TP,MME,All India,2026-01-01,daily,32,Week 5,era5,0.7002625127964913,1.1580680146868603,0.5845487857695083,0.4301901146715881,-1.1600788581654227,0.898431442815502,1.3959883228439893,0.8178812789482078,0.23333249317869958,0.6435809154801272
JFM2026,TP,MME,All India,2026-01-01,daily,33,Week 5,era5,0.7675372716022871,0.8723331209945034,0.3578667434944122,0.5664992680670455,0.15746762258244584,0.9330385070672945,1.2407318917869057,0.7750736064737602,0.41720686297934784,0.7520065481056748
JFM2026,TP,MME,All India,2026-01-01,daily,34,Week 5,era5,0.7927174745556446,1.0912845085636498,0.735924262997922,0.50342563812435,-3.4772474582077457,0.9217786412259245,1.3082727187880336,0.8018176823451435,0.06589341934722127,0.7045768271311564
JFM2026,TP,MME,All India,2026-01-01,daily,35,Week 5,era5,0.861022875451086,0.8562460033182021,0.582110819289173,0.6651142047571428,-2.0929928722121263,0.984724969468405,1.2266922033310077,0.6618878590441823,0.07977703975500922,0.8027482092039426
JFM2026,TP,MME,All India,2026-01-01,daily,36,Week 6,era5,0.8325471624525981,0.963532302849571,0.5234297540451873,0.6387083063253345,-4.097646438491137,0.9338560756876336,1.3994137626239933,0.6605446103857603,0.13711485634057288,0.6673194880809173
JFM2026,TP,MME,All India,2026-01-01,daily,37,Week 6,era5,0.6425190063006897,1.2685092726648848,0.6331638744000588,0.40744606227545965,-1.269368565278734,1.0029419675778586,1.4302782273906338,0.7452941099339738,0.11213023553391499,0.701221586381555
JFM2026,TP,MME,All India,2026-01-01,daily,38,Week 6,era5,0.8482708549728118,0.8904265649784553,0.5797949986086564,0.6633638938105499,-1.8704443670357231,0.997597103073861,1.2676667318080308,0.656398779949496,0.07660378134083974,0.7869553393193662
JFM2026,TP,MME,All India,2026-01-01,daily,39,Week 6,era5,0.9287771692646773,0.8635278937912463,0.5529359931617441,0.7489096227837158,-4.589524185695693,1.0339397331845757,1.5016739774124184,0.6594998988126466,0.10656390565090257,0.6885247721787053
JFM2026,TP,MME,All India,2026-01-01,daily,40,Week 6,era5,0.6717691354448082,1.2640862673807127,0.43913909171242066,0.4545329365137758,-0.19946761357071163,1.0193809438514239,1.598500285618058,0.7890451569719762,0.34990606525955553,0.6377108299716578
JFM2026,TP,MME,All India,2026-01-01,daily,41,Week 6,era5,0.8968136561653425,1.0921445207772857,0.7481919848915544,0.6450459625317804,-3.7471900153928006,1.0217345607040313,1.5710288666550278,0.7745386999298393,0.026346715038284906,0.6503601444825567
JFM2026,TP,MME,All India,2026-01-01,daily,42,Week 6,era5,0.7131095914902111,1.3525726035616366,0.8255853330354093,0.4120314832999963,-3.435529166422178,1.094003765296738,1.528237373292944,0.9243879429422783,0.09880260990686897,0.715859842466391
JFM2026,TP,MME,All India,2026-01-01,weekly,1,Week 1,era5,0.9099516306510239,0.35887867273208324,0.1552865481508263,0.8579934432701886,0.3602916167961141,0.7277472605841816,0.778801102089476,0.23292430464327693,0.07763775649245061,0.9344455967405285
JFM2026,TP,MME,All India,2026-01-01,weekly,2,Week 2,era5,0.9375216215318349,0.5266100111293976,-0.009329646163817068,0.8648154579743685,0.7583230647508924,1.0795159992622045,1.3810697582034306,0.27578803275088276,0.28511767891469986,0.7816520438956659
JFM2026,TP,MME,All India,2026-01-01,weekly,3,Week 3,era5,0.6565703674135137,0.9006423670970916,0.209518730922468,0.44176783080741766,-1.0011392851472412,0.9335235783175185,1.1339498622777577,0.5278357800319107,0.3183170491094428,0.8232494304839508
JFM2026,TP,MME,All India,2026-01-01,weekly,4,Week 4,era5,0.2917384604385022,2.37177114688599,-0.4954977946371392,0.09146459547621011,0.37630621999730685,0.8891963162657587,2.417283289215896,0.8889790900202812,1.3844768846574207,0.3678494449668706
JFM2026,TP,MME,All India,2026-01-01,weekly,5,Week 5,era5,0.8728028547844637,0.7060322748000554,0.46675696047480836,0.6683804485885196,-1.1073933364198494,0.880468636293256,1.0782321339426755,0.753465546897597,0.2867085864227888,0.8165854166057217
JFM2026,TP,MME,All India,2026-01-01,weekly,6,Week 6,era5,0.8811349092262205,0.9009960056702983,0.6146058587715963,0.6715381980409341,-7.796182998142937,1.0018390363809733,1.3406079347835644,0.7442441743188202,0.12963831554722388,0.74730203394083
JFM2026,TP,MME,central_india,2026-01-01,daily,1,Week 1,era5,0.698592235038424,0.19107861151856842,0.08301913372416617,0.6640540129208697,-1.0900727225699303,0.21885085223647996,0.2242860576911211,0.11271958634880735,0.02970045262464117,0.9757666369876352
JFM2026,TP,MME,central_india,2026-01-01,daily,2,Week 1,era5,0.7108367636622267,0.1479506098257652,-0.0011670018246044342,0.7631298198536421,0.06894403253249626,0.17869451554859192,0.2050677461671706,0.0453436841621744,0.04651068598677882,0.8713925953178453
JFM2026,TP,MME,central_india,2026-01-01,daily,3,Week 1,era5,0.9462495827843157,0.06025447457495348,0.00741922943952272,0.9604443626561547,0.47874523564427596,0.17936134579534754,0.18421701105991617,0.0373638556528362,0.02994462621331348,0.9736416021700117
JFM2026,TP,MME,central_india,2026-01-01,daily,4,Week 1,era5,0.9655807179579541,0.053858700239717575,0.028436471155570305,0.9699501490853446,0.26755140579041237,0.1757190634017837,0.17145002153911465,0.03984335125357886,0.011406880098008563,1.024899628616816
JFM2026,TP,MME,central_india,2026-01-01,daily,5,Week 1,era5,0.9931174926610928,0.04250837643574618,0.036989074274305415,0.982776557863658,0.03696310623716759,0.1747701529054614,0.17801368350830207,0.037436104765593343,0.00044703049128793455,0.981779318651707
JFM2026,TP,MME,central_india,2026-01-01,daily,6,Week 1,era5,0.9770623701863517,0.06567615156125478,0.0528716570165139,0.9592208108335869,-1.2972580956984805,0.18295459539032247,0.17871995653331552,0.0533420320973429,0.0004703750808290032,1.0236942697343234
JFM2026,TP,MME,central_india,2026-01-01,daily,7,Week 1,era5,0.9841467776748422,0.05965170583615869,0.04887331565592768,0.9666977767878742,-0.8962684952874158,0.18918305572078942,0.1795552378246935,0.04939811206195033,0.0005247964060226432,1.0536203678196006
JFM2026,TP,MME,central_india,2026-01-01,daily,8,Week 2,era5,0.9642262713921895,0.09051693164374544,0.07175060730088553,0.9239600818617453,-3.3646895564250903,0.20173364107164965,0.180896355743308,0.07240863604374427,0.0006580287428587285,1.1151890829570372
JFM2026,TP,MME,central_india,2026-01-01,daily,9,Week 2,era5,0.958836464967235,0.0982446916043414,0.08017477055284358,0.9058852742452083,-2.5345657398209496,0.19550578728158902,0.17553986809893754,0.08742741307016817,0.00725264251732458,1.1137400830869846
JFM2026,TP,MME,central_india,2026-01-01,daily,10,Week 2,era5,0.9381578559554935,0.13301624979931959,0.11159272259897007,0.8236374821701773,-3.6845071815886774,0.20107097379436,0.1687740553404139,0.11917601275903292,0.007583290160062887,1.191361867727856
JFM2026,TP,MME,central_india,2026-01-01,daily,11,Week 2,era5,0.9490250403301241,0.13186359666729497,0.11744911827745118,0.841606865937285,-8.2573674469028,0.18989399355933317,0.18354965738984338,0.11797349167983277,0.0005243734023816172,1.0345646854355874
JFM2026,TP,MME,central_india,2026-01-01,daily,12,Week 2,era5,0.9786768876462387,0.06752075253391347,0.05369128175401895,0.9584759240244354,-0.4500140385783349,0.19558400935153994,0.19930915097642274,0.06603362513182531,0.012342343377806366,0.9813097311055052
JFM2026,TP,MME,central_india,2026-01-01,daily,13,Week 2,era5,0.9630440456467552,0.06650842667291372,0.03304915074639157,0.959084174837695,0.2073717411346424,0.1927933058890403,0.21086045252928706,0.05861681279513665,0.025567662048745075,0.9143170451190351
JFM2026,TP,MME,central_india,2026-01-01,daily,14,Week 2,era5,0.9651460564448379,0.12233654957401403,0.1116255506276129,0.8666900269737761,-7.026047145513932,0.19122884232417992,0.18569526754909507,0.11171906981911854,9.35191915056735e-05,1.0297992234703657
JFM2026,TP,MME,central_india,2026-01-01,daily,15,Week 3,era5,0.5453252960366669,0.3244968603713899,0.26576566550170116,0.07527694518025096,-60.884420165635206,0.20181264213686703,0.18783697093011129,0.26603466516167523,0.0002689996599740179,1.0744031972915262
JFM2026,TP,MME,central_india,2026-01-01,daily,16,Week 3,era5,0.08346351241727085,0.4503737365148258,0.3775843626369835,-0.7519497108526503,-107.28670485786151,0.17241522247972332,0.18973753780937463,0.3775843626369835,0.0,0.908703804583705
JFM2026,TP,MME,central_india,2026-01-01,daily,17,Week 3,era5,-0.5160029724085109,0.7415397611471798,0.5779382803114479,-3.903552045194182,-144.74711598608823,0.337193710997447,0.18993356278722887,0.5867056114491367,0.008767331137688848,1.7753245190013351
JFM2026,TP,MME,central_india,2026-01-01,daily,18,Week 3,era5,-0.37437307870730513,0.5549305489548293,0.45053627029784876,-1.6140465430410451,-142.23081825772232,0.197468140669382,0.1933492849613976,0.4535791947991077,0.0030429245012588554,1.021302668426246
JFM2026,TP,MME,central_india,2026-01-01,daily,19,Week 3,era5,0.014524868608454781,0.4413520905708244,0.379853587285772,-0.5997288578254203,-102.50553111369754,0.1101659311434137,0.19748007869226436,0.38086445405262975,0.0010108667668577726,0.557858452725688
JFM2026,TP,MME,central_india,2026-01-01,daily,20,Week 3,era5,-0.16498528682772926,0.5114578597616308,0.43763401185553724,-1.0972365854716521,-138.42996754769823,0.1421040558396854,0.20110274053709157,0.4380698361590414,0.00043582430350405877,0.7066241636497023
JFM2026,TP,MME,central_india,2026-01-01,daily,21,Week 3,era5,0.35146508876663335,0.5533768703920159,0.5040121613956908,-1.4056396884192228,-168.20407941913422,0.19680075185970902,0.20426655919491535,0.5042037826795371,0.00019162128384622382,0.963450662875844
JFM2026,TP,MME,central_india,2026-01-01,daily,22,Week 4,era5,0.020009407224815454,0.8399404182951153,0.6868107825893446,-4.486508421991817,-27.770184212282345,0.42605154147104785,0.2373123100755232,0.7127711767183403,0.025960394128995683,1.7953200208428275
JFM2026,TP,MME,central_india,2026-01-01,daily,23,Week 4,era5,-0.2794301991422359,0.751607881459579,0.6119548777061644,-3.349885561356855,-245.93902662321827,0.3267086666401102,0.2120579595515985,0.6173033279029957,0.005348450196831261,1.5406574095636085
JFM2026,TP,MME,central_india,2026-01-01,daily,24,Week 4,era5,-0.36183240078031265,0.7790542836879849,0.6366869346641862,-3.945531241329606,-95.20448975329114,0.3261668738750449,0.2122831534527822,0.6565221732498834,0.019835238585697197,1.536470834213388
JFM2026,TP,MME,central_india,2026-01-01,daily,25,Week 4,era5,-0.5753242066010978,0.7422632109518326,0.6093501657195622,-2.983726876763985,-106.20814879850074,0.2366916452935495,0.24087674536050785,0.626325679166715,0.016975513447152774,0.9826255537424556
JFM2026,TP,MME,central_india,2026-01-01,daily,26,Week 4,era5,0.21282895337317712,4.387002725418914,-0.6543576138108501,0.03171936859196289,0.06780669392507899,0.1746891288154187,4.371746357530331,0.5213465301430519,1.1757041439539022,0.03995866057382693
JFM2026,TP,MME,central_india,2026-01-01,daily,27,Week 4,era5,0.4049253798731402,0.5626889677410989,0.442121629170041,-0.9722576740778488,-1.1196783620211366,0.2536735100032625,0.362234256866105,0.5734024301444824,0.13128080097444148,0.7003023739332017
JFM2026,TP,MME,central_india,2026-01-01,daily,28,Week 4,era5,0.041891833994823074,0.519506759594258,0.4407744245313059,-0.9478105064423787,-123.7246457763718,0.17273817513922538,0.2212902072773522,0.4447688367474991,0.0039944122161933255,0.780595658816142
JFM2026,TP,MME,central_india,2026-01-01,daily,29,Week 5,era5,0.6625837903906595,0.40459624389682,0.36250393351107835,-0.14082571146194245,-66.50889961893671,0.1225157098346415,0.2356716239660734,0.3702865818640596,0.007782648352981204,0.5198577061287553
JFM2026,TP,MME,central_india,2026-01-01,daily,30,Week 5,era5,0.1362211830772103,0.5326660666616937,0.40758139551942707,-0.6283100276745277,-3.6050952998743258,0.1216607697676074,0.3376395248967035,0.4679212357892627,0.060339840269835625,0.3603273929639249
JFM2026,TP,MME,central_india,2026-01-01,daily,31,Week 5,era5,0.06368394070998143,0.8996147582911507,0.26790943235197356,-0.06710887110339692,-0.20662652214261135,0.1375818630138406,0.8565112752398559,0.41817121997973783,0.15026178762776418,0.16063053341044742
JFM2026,TP,MME,central_india,2026-01-01,daily,32,Week 5,era5,0.12209803278768572,0.5230074976619301,0.34336580969106467,-0.2894332911294164,-2.029262224232553,0.11546723849869854,0.3915938099053363,0.4109214737087071,0.06755566401764232,0.2948648205818461
JFM2026,TP,MME,central_india,2026-01-01,daily,33,Week 5,era5,-0.22283931326220577,0.5658082442572647,0.254636401559864,-0.3632418799385626,-0.3638668948909418,0.11209106346366773,0.4683357838747748,0.44292302130412764,0.18828661974426372,0.23933909669742215
JFM2026,TP,MME,central_india,2026-01-01,daily,34,Week 5,era5,-0.19246628916623149,0.5342142914113144,0.42876702636428865,-0.9986820975252884,-13.727310350067448,0.14814106434448446,0.25505602245428816,0.46570874168877785,0.03694171532448913,0.5808177470933261
JFM2026,TP,MME,central_india,2026-01-01,daily,35,Week 5,era5,0.24774526969592536,0.44790600373768147,0.38053200484842004,-0.2658165388506275,-105.76204745129797,0.10494989261927354,0.2392536123800069,0.38095626622064077,0.0004242613722206556,0.4386554149601781
JFM2026,TP,MME,central_india,2026-01-01,daily,36,Week 6,era5,0.37110531014127873,0.4366170818673157,0.36949462942375677,-0.17671864994747355,-100.7725064222515,0.1494500281075721,0.24214025742380585,0.36949462942375677,0.0,0.6172043826896462
JFM2026,TP,MME,central_india,2026-01-01,daily,37,Week 6,era5,-0.04180479730043159,0.5650125795197597,0.4461436296562891,-0.929196198120938,-169.48951815644782,0.235369776238394,0.24490138581941173,0.4462062785192939,6.264886300496429e-05,0.9610798054526067
JFM2026,TP,MME,central_india,2026-01-01,daily,38,Week 6,era5,0.3008744749362589,0.44231800057358284,0.3667066108309772,-0.15605616316149962,-103.36610464031428,0.14843075443899278,0.2474747418625206,0.36689604422523997,0.00018943339426269934,0.5997814294981683
JFM2026,TP,MME,central_india,2026-01-01,daily,39,Week 6,era5,0.5706860150791155,0.42065237717921644,0.3654489429357721,-0.01895874344876125,-93.47064651097006,0.1759955414483291,0.25046783390015215,0.3654619497676788,1.3006831906656815e-05,0.702667239572523
JFM2026,TP,MME,central_india,2026-01-01,daily,40,Week 6,era5,0.2605528033285267,0.5488206525465018,0.4804421445593063,-0.6919104205499285,-159.858910087473,0.16850126314454802,0.25346085276839636,0.4804868480428878,4.470348358154297e-05,0.6648019262308668
JFM2026,TP,MME,central_india,2026-01-01,daily,41,Week 6,era5,-0.006489397655465274,0.5298457438473788,0.440365356980574,-0.5403851302773821,-148.87456136504787,0.14372600157995682,0.256280389704651,0.440365356980574,0.0,0.5608154480551286
JFM2026,TP,MME,central_india,2026-01-01,daily,42,Week 6,era5,-0.007904682403020943,0.598474501598911,0.49721416587625444,-0.9224183784313151,-190.2142825746911,0.2073298244786944,0.2590656155169391,0.49721416587625444,0.0,0.8002985037786232
JFM2026,TP,MME,central_india,2026-01-01,weekly,1,Week 1,era5,0.9706440120432628,0.05681617225845007,0.03663455372448498,0.9664110370100982,0.020061900882381356,0.18036056006885454,0.17709660971144145,0.053635246234253586,0.017000692509768624,1.0184303378971022
JFM2026,TP,MME,central_india,2026-01-01,weekly,2,Week 2,era5,0.9733656128691135,0.09407608336604192,0.08276188356654594,0.9167573543635139,-3.203849119350793,0.1941610695486848,0.18458867855152516,0.09047929202339412,0.00771740845684816,1.0518579528943734
JFM2026,TP,MME,central_india,2026-01-01,weekly,3,Week 3,era5,-0.07877653109387964,0.49204352224652664,0.42761775838541655,-1.0396373372329482,-127.4405071475534,0.1324317631242297,0.19406820876371486,0.4295774109684307,0.0019596525830141297,0.6823980288573189
JFM2026,TP,MME,central_india,2026-01-01,weekly,4,Week 4,era5,0.18198635240123645,0.7648090146490388,0.39619160323979863,-0.3219693025655781,-0.2642224587318569,0.22128649613917753,0.6572144683913752,0.593205735667918,0.19701413242811927,0.3367036283921249
JFM2026,TP,MME,central_india,2026-01-01,weekly,5,Week 5,era5,0.12554515094993124,0.4689465632135617,0.34932799633966743,-0.4426779264230438,-3.7815032542263465,0.09747744180091254,0.3097756206091473,0.4224126433905654,0.07308464705089796,0.31467112101730754
JFM2026,TP,MME,central_india,2026-01-01,weekly,6,Week 6,era5,0.22538481270085964,0.49676121005897234,0.4236879319181278,-0.4206007569817485,-130.7542190886273,0.1443143986011458,0.25045183209728483,0.4237321879994556,4.425608132794256e-05,0.5762161825395979
JFM2026,TP,MME,east_northeast_india,2026-01-01,daily,1,Week 1,era5,0.9321957448209811,0.5495423169597464,-0.10870832579968025,0.7724318370817297,-0.522616786076656,1.2908559393944634,0.9352366117682545,0.23157365552365458,0.34028198132333476,1.3802453017251308
JFM2026,TP,MME,east_northeast_india,2026-01-01,daily,2,Week 1,era5,0.7567812101997722,1.053340324007817,0.3645992137392491,0.5835463502615561,-1.1927661553811637,0.8884592602466062,1.4719403062170067,0.6888328262741549,0.32423361253490574,0.6035973446029281
JFM2026,TP,MME,east_northeast_india,2026-01-01,daily,3,Week 1,era5,0.8323115538048135,0.9421562761035381,0.46840097584975326,0.67052839005128,-4.453395855164285,1.404796963741013,1.4180264930908617,0.6880374474321351,0.21963647158238178,0.9906704639057818
JFM2026,TP,MME,east_northeast_india,2026-01-01,daily,4,Week 1,era5,0.9683318013523211,0.3973750345098601,0.08920423688776742,0.9466712941088252,0.14538605011715577,1.5498778365071424,1.4860705230599285,0.2845904371532113,0.19538620026544387,1.0429369349954065
JFM2026,TP,MME,east_northeast_india,2026-01-01,daily,5,Week 1,era5,0.9860428364099528,0.2729613263998864,0.07900376916175363,0.9776847085363383,0.7056480458088101,1.5690137373275634,1.5522382540448352,0.1947501010790775,0.11574633191732382,1.0108072863421673
JFM2026,TP,MME,east_northeast_india,2026-01-01,daily,6,Week 1,era5,0.9855503088150842,0.2721901634225635,0.047472571247639296,0.9783732760226644,0.6720871190231521,1.5347840193456568,1.5778094694067655,0.1774785269353593,0.13000595568771997,0.9727308962866817
JFM2026,TP,MME,east_northeast_india,2026-01-01,daily,7,Week 1,era5,0.9984950583763262,0.22594826123040776,0.13541459124349742,0.9878768424544503,0.8950560638700561,1.5690762814056638,1.7258084316148166,0.14155375977144452,0.006139168527947095,0.9091833442588407
JFM2026,TP,MME,east_northeast_india,2026-01-01,daily,8,Week 2,era5,0.9991645516870201,0.1832450059494367,0.10652970701684729,0.9920656339052055,0.9223159188897898,1.5987147092505056,1.731398884541867,0.1310608803679134,0.02453117335106614,0.9233659115320095
JFM2026,TP,MME,east_northeast_india,2026-01-01,daily,9,Week 2,era5,0.9967616936964561,0.3064308463747467,0.17624650030426486,0.9783943617298181,0.7742254974707543,1.5416400336655764,1.7545222146400046,0.20497130875930628,0.02872480845504143,0.8786665798824852
JFM2026,TP,MME,east_northeast_india,2026-01-01,daily,10,Week 2,era5,0.9840897904732135,0.2952085545579374,0.11068058547941724,0.9744851583408779,0.422260142600846,1.5115198703032207,1.5401625123679583,0.26405876898564207,0.15337818350622484,0.9814028442877106
JFM2026,TP,MME,east_northeast_india,2026-01-01,daily,11,Week 2,era5,0.9948036944223266,0.32078435398346944,0.20688889685793618,0.9789218853078513,0.795200724911574,1.6925063178559094,1.858086113901704,0.20703746784056898,0.00014857098263280883,0.9108869094887634
JFM2026,TP,MME,east_northeast_india,2026-01-01,daily,12,Week 2,era5,0.9981486470120087,0.2130819728986601,0.14288691717482263,0.9907071158985534,0.8958986097402771,1.7450558239903782,1.858966647702873,0.1633749751971998,0.02048805802237715,0.9387235785788548
JFM2026,TP,MME,east_northeast_india,2026-01-01,daily,13,Week 2,era5,0.9861977035236336,0.31062329859228854,0.07647433590671726,0.9791910152771022,0.7091053437691379,1.8029735507000646,1.8171159952294842,0.15856494490361908,0.08209060899690182,0.9922170931484021
JFM2026,TP,MME,east_northeast_india,2026-01-01,daily,14,Week 2,era5,0.9882114323382718,0.3906194142768922,0.22047454027086508,0.9693545485518122,0.5884821604041783,1.7259131850800022,1.890384491017451,0.294240376185015,0.0737658359141499,0.9129958446448498
JFM2026,TP,MME,east_northeast_india,2026-01-01,daily,15,Week 3,era5,0.9802574420055322,0.6385663888926595,0.4415618217293835,0.927074580079005,0.16671096085473114,1.7104795277207876,1.9904097613227862,0.44707620843904045,0.005514386709656864,0.8593605000128403
JFM2026,TP,MME,east_northeast_india,2026-01-01,daily,16,Week 3,era5,0.9886261480891787,0.5821532268920918,0.4898306331151574,0.9387250368802887,0.172477119269435,1.8505855962035027,1.976193537280083,0.520311980144768,0.03048134702961065,0.9364394535722146
JFM2026,TP,MME,east_northeast_india,2026-01-01,daily,17,Week 3,era5,0.9784460113199672,0.6417451017049368,0.4974775509856344,0.924138126323443,-0.28350095954960053,1.917129410527458,1.963111294979264,0.5728676862741581,0.07539013528852369,0.9765770363761819
JFM2026,TP,MME,east_northeast_india,2026-01-01,daily,18,Week 3,era5,0.8860625674971951,0.9674893990901684,0.34427757778478957,0.8060565618346701,-0.6207462598726587,1.8947946210847775,1.8933578820629688,0.5870048469061551,0.2427272691213655,1.0007588311937325
JFM2026,TP,MME,east_northeast_india,2026-01-01,daily,19,Week 3,era5,0.9403512839595368,0.683927886241642,0.20928793057330455,0.8745341451969905,-2.0521726056112612,1.8563281797459885,1.5870981738258583,0.4938036361165454,0.28451570554324085,1.169636642748523
JFM2026,TP,MME,east_northeast_india,2026-01-01,daily,20,Week 3,era5,0.9438523922517891,0.7685733340694776,0.391185645279282,0.8652918017538525,-1.9585085047339357,1.9705883277050353,1.7422416036123658,0.6405385592225639,0.24935291394328188,1.1310649014575334
JFM2026,TP,MME,east_northeast_india,2026-01-01,daily,21,Week 3,era5,0.9950858315242134,0.653254327083788,0.5687937264038284,0.9364358640119299,-0.05670200848982421,1.9345647644025166,2.182977236524602,0.6107984200703662,0.04200469366653771,0.8862047354568071
JFM2026,TP,MME,east_northeast_india,2026-01-01,daily,22,Week 4,era5,0.9893274433722864,0.664475386943086,0.5723302600842548,0.9331085066578604,-0.23129637255398205,1.99790649071071,2.147517836430218,0.6273534363095838,0.055023176225329096,0.9303328972725998
JFM2026,TP,MME,east_northeast_india,2026-01-01,daily,23,Week 4,era5,0.9760653410181822,0.8175621726931328,0.6818284423501061,0.892721352057597,-1.4944039419240274,2.0356124332284615,2.0736935720250638,0.7864761407925684,0.10464769844246244,0.9816360819600679
JFM2026,TP,MME,east_northeast_india,2026-01-01,daily,24,Week 4,era5,0.8971268852600609,1.1601729084325145,0.6833722672815193,0.7347448424968357,-2.643790268061738,2.1218314761449824,1.8849734174443478,0.9720004634987603,0.2886281962172411,1.1256559145655047
JFM2026,TP,MME,east_northeast_india,2026-01-01,daily,25,Week 4,era5,0.9593803720830888,1.0323307551165413,0.8596002866142263,0.8079645542587629,-12.238927485466254,2.024250520054888,1.967906619932978,1.1151506980737986,0.25555041145957214,1.0286313890868606
JFM2026,TP,MME,east_northeast_india,2026-01-01,daily,26,Week 4,era5,0.9836467362555461,1.3029270672281643,1.1681610695276186,0.790306209090599,-2.4667105367002335,1.941133367324278,2.3685062365531224,1.1717792398837212,0.0036181703561027345,0.8195601672340123
JFM2026,TP,MME,east_northeast_india,2026-01-01,daily,27,Week 4,era5,0.975437243342675,1.3139306006312872,1.120587121554877,0.7862191992432459,-3.5961877904704895,1.911609292810555,2.4063060135895777,1.2208104834323328,0.1002233618774558,0.7944165380524213
JFM2026,TP,MME,east_northeast_india,2026-01-01,daily,28,Week 4,era5,0.1358774581966976,1.9026295182122384,0.009150654741899023,-3.316551838733088,0.22568927365871005,1.8400145495946398,0.7947825568650847,1.198813046938166,1.1896623921962666,2.3151169256309996
JFM2026,TP,MME,east_northeast_india,2026-01-01,daily,29,Week 5,era5,0.9203316020050131,0.9410153561851232,0.3215784664377532,0.7144485808629217,-0.2636310054419373,1.9646569729672987,1.370442399843399,0.8932331093585726,0.5716546429208194,1.4335932492980374
JFM2026,TP,MME,east_northeast_india,2026-01-01,daily,30,Week 5,era5,0.9442641010293036,1.2857044340335797,0.9397461688713372,0.7983977270358233,-4.870862321661591,1.8390628449806765,2.3717027974016216,1.0451754864299443,0.10542931755860713,0.7754187611514849
JFM2026,TP,MME,east_northeast_india,2026-01-01,daily,31,Week 5,era5,0.9602761008719471,1.4928140033634694,1.2058806907116484,0.7626540094167156,-4.590532779588757,1.933496072064755,2.5518421104426947,1.2526111233502735,0.04673043263862513,0.757686403932464
JFM2026,TP,MME,east_northeast_india,2026-01-01,daily,32,Week 5,era5,0.9786388329962016,1.0922497694327902,0.9645611778156109,0.8533341021030199,-5.883725020272495,2.085237916785452,2.3214961474599622,1.0833587792836834,0.11879760146807242,0.8982301861956524
JFM2026,TP,MME,east_northeast_india,2026-01-01,daily,33,Week 5,era5,0.9840789002735905,1.1185638302309648,1.0127336415412806,0.8537672555535376,-6.030032959474609,2.1530492825481327,2.400057202758875,1.1483916002807653,0.13565795873948472,0.8970824862312424
JFM2026,TP,MME,east_northeast_india,2026-01-01,daily,34,Week 5,era5,0.8970764395625689,1.3783292176457878,1.007711815026359,0.7201784633244237,-4.715791989697048,2.0440162374851982,2.0954349734372117,1.2996080953521945,0.29189628032583526,0.975461545405215
JFM2026,TP,MME,east_northeast_india,2026-01-01,daily,35,Week 5,era5,0.9814036878525084,0.8944568972119219,0.7002591627704562,0.8468237305725237,-2.022087323630261,2.1722014448612073,1.763255128883777,1.121012410300735,0.42075324753027876,1.2319269113575824
JFM2026,TP,MME,east_northeast_india,2026-01-01,daily,36,Week 6,era5,0.8857487297008227,1.4098485093598085,0.8062373043569652,0.7716414184005822,-2.8980916525931257,2.0292008809999307,2.4685614329655166,1.0994988198303561,0.29326151547339113,0.8220175742445364
JFM2026,TP,MME,east_northeast_india,2026-01-01,daily,37,Week 6,era5,0.6453386065180461,2.0579843346102207,0.2318758597678342,0.47765549839713184,-0.2799356370097221,2.2211139141893415,2.574745713434296,0.9588459821926774,0.7269701224248432,0.8626536991984087
JFM2026,TP,MME,east_northeast_india,2026-01-01,daily,38,Week 6,era5,0.955052426676565,0.9897022570250399,0.6788843350185951,0.8198321107578389,-1.8053617977757401,2.2097449907116045,1.8111965749748853,1.1887253190341343,0.5098409840155392,1.2200470237429892
JFM2026,TP,MME,east_northeast_india,2026-01-01,daily,39,Week 6,era5,0.9691451435488153,1.3051095322202282,0.911589418452908,0.858020825477157,-3.817091332876335,2.179197439136545,2.8760157698229,0.9951324479359159,0.08354302948300783,0.7577140090823412
JFM2026,TP,MME,east_northeast_india,2026-01-01,daily,40,Week 6,era5,0.972698390085785,1.3206769684206519,0.9622524260690994,0.8569440980915801,-4.202543861741862,2.218721311113394,2.9018741637366077,1.0682394298592293,0.10598700379012982,0.7645821927221167
JFM2026,TP,MME,east_northeast_india,2026-01-01,daily,41,Week 6,era5,0.9710192531254682,1.32463602662797,1.0294599849491242,0.853236611762872,-5.958478609381234,2.2981892858560413,2.858622741465912,1.1670691685007968,0.13760918355167254,0.8039498365837254
JFM2026,TP,MME,east_northeast_india,2026-01-01,daily,42,Week 6,era5,0.8248347778140147,1.716493406749468,0.5802411944369447,0.7212834269901336,-0.728300055698824,2.4523602032981278,2.851819493873289,1.1381629432118208,0.5579217487748761,0.8599282698525135
JFM2026,TP,MME,east_northeast_india,2026-01-01,weekly,1,Week 1,era5,0.9680441988393531,0.389080194673937,0.153626734902972,0.9458113552980074,0.11555129092292638,1.371136721067321,1.4250308102900833,0.34383096743344077,0.19020423253046884,0.962180404217512
JFM2026,TP,MME,east_northeast_india,2026-01-01,weekly,2,Week 2,era5,0.9952849893940114,0.25208505018212946,0.1485973636512853,0.985738345986421,0.8210743337713724,1.6585454724854425,1.7755733238172517,0.20332982034153674,0.05473245669025139,0.9340901050032591
JFM2026,TP,MME,east_northeast_india,2026-01-01,weekly,3,Week 3,era5,0.9767429141129024,0.5833570247357273,0.42034497931055465,0.932366518183044,-0.6119335069567118,1.8716249093992379,1.8788117146658199,0.553200184491593,0.1328552051810384,0.9961748134682776
JFM2026,TP,MME,east_northeast_india,2026-01-01,weekly,4,Week 4,era5,0.971561007573362,0.8686211570133408,0.7278614491540796,0.8485206527376721,-10.534046961279552,1.9732258483204697,1.8370579381647605,1.013197643184198,0.28533619403011845,1.0741228174282529
JFM2026,TP,MME,east_northeast_india,2026-01-01,weekly,5,Week 5,era5,0.9671659521048441,1.0287467320960135,0.8789244505986482,0.8438149803358671,-16.35675703995149,2.0221524926935426,2.103054523055172,1.1204843722799245,0.24155992168127635,0.961531177877357
JFM2026,TP,MME,east_northeast_india,2026-01-01,weekly,6,Week 6,era5,0.9272020181845473,1.2032998172972131,0.7429343449697617,0.840785956355766,-4.1802426480331745,2.2260875457160334,2.512078528072344,1.0879534536935986,0.34501910872383695,0.8861536456124375
JFM2026,TP,MME,northwest_india,2026-01-01,daily,1,Week 1,era5,-0.10025529881584716,1.387144573653399,0.8381214520161842,-0.5698946212599916,-2.164197630271797,0.6439892543553989,0.8360857443703992,0.9343643054093257,0.09624285339314147,0.7702430745788454
JFM2026,TP,MME,northwest_india,2026-01-01,daily,2,Week 1,era5,0.9433761681949114,0.27206086800290913,-0.04842393023477576,0.9289264887498905,0.8116713059437952,0.8069366753224579,0.7656186353838524,0.11181073221409515,0.1602346624488709,1.0539668681364975
JFM2026,TP,MME,northwest_india,2026-01-01,daily,3,Week 1,era5,0.7667803001937622,0.5440110363698565,-0.14156533914872613,0.6570037420372061,0.4788284155423336,0.8100870728760199,0.6953508752485776,0.08995594660705493,0.2315212857557811,1.1650047504239147
JFM2026,TP,MME,northwest_india,2026-01-01,daily,4,Week 1,era5,0.989178382477373,0.18183326292493215,0.10607742918531365,0.9754000858723091,0.9394506675223385,0.7384950414730738,0.8308582220964837,0.15736101555560927,0.05128358637029565,0.888834005409067
JFM2026,TP,MME,northwest_india,2026-01-01,daily,5,Week 1,era5,0.9679478948931625,0.20737556955390818,0.06827373753606693,0.965509470560532,0.9308347134635278,0.7670592228289174,0.7775470336978584,0.13931656792609437,0.07104283039002741,0.9865116701441673
JFM2026,TP,MME,northwest_india,2026-01-01,daily,6,Week 1,era5,0.995757854426754,0.20087181241405913,0.13744610016185232,0.9744532527694927,0.9381176175864538,0.7765863430168195,0.9011674660622657,0.14759066715931937,0.010144566997467033,0.8617558581094644
JFM2026,TP,MME,northwest_india,2026-01-01,daily,7,Week 1,era5,0.9969323240570692,0.1340125783666506,0.0790846555361824,0.9892853097634022,0.9727895672247315,0.8602336973274316,0.9422811390277869,0.09154022545680496,0.012455569920622566,0.9129267919073399
JFM2026,TP,MME,northwest_india,2026-01-01,daily,8,Week 2,era5,0.9655988010267279,0.26347191015016197,0.02402325950398495,0.959798413458569,0.9039317994527685,0.9206719058036601,0.9963496685875642,0.08295707514146472,0.05893381563747976,0.9240449762068113
JFM2026,TP,MME,northwest_india,2026-01-01,daily,9,Week 2,era5,0.9990757190950396,0.08543756908439218,0.0740078463340221,0.9959545484802509,0.988917867017078,0.9575143404610674,0.9679596571090278,0.07488431611338169,0.0008764697793595891,0.9892089338938391
JFM2026,TP,MME,northwest_india,2026-01-01,daily,10,Week 2,era5,0.9987776681586389,0.1061877972653281,0.09423259257669205,0.9939783119093065,0.9826596863812447,0.9899480369070489,0.9874084674942709,0.09703519896655331,0.002802606389861281,1.0025719542584262
JFM2026,TP,MME,northwest_india,2026-01-01,daily,11,Week 2,era5,0.911630919986374,0.4295734118271982,0.07621539269436008,0.8969981633905849,0.5303782862776827,0.9620408546899981,1.0266151626517963,0.18695829420717108,0.11074290151281098,0.9370997913229728
JFM2026,TP,MME,northwest_india,2026-01-01,daily,12,Week 2,era5,0.9984410476356697,0.18189201370574679,0.15384988638421207,0.9837658312412698,0.949397496824323,0.9512710234414378,1.0310017844410588,0.15702773926245162,0.0031778528782395814,0.922666709017535
JFM2026,TP,MME,northwest_india,2026-01-01,daily,13,Week 2,era5,0.9977141214440245,0.2260603404299391,0.1844509470948299,0.9759691066213894,0.9223982394591769,0.9403774359042208,1.0524333511047042,0.18708993331821724,0.0026389862233873324,0.8935268299100727
JFM2026,TP,MME,northwest_india,2026-01-01,daily,14,Week 2,era5,0.9829804910134281,0.24802761818994645,0.16069609996591014,0.968601838535193,0.8679936534813701,0.9678163651088764,1.015239090879641,0.23142103437931733,0.07072493441340721,0.9532891057911533
JFM2026,TP,MME,northwest_india,2026-01-01,daily,15,Week 3,era5,0.08534490275513706,2.5707694924932185,-0.7953297052042707,-0.20046569759440613,-0.5360975315780769,0.9178266059380343,2.3454967126376673,0.3226728412810146,1.1180025464852852,0.39131438598601875
JFM2026,TP,MME,northwest_india,2026-01-01,daily,16,Week 3,era5,0.6883324520830238,0.9364872091296831,0.03882211423875558,0.5918943548321235,-0.20818741314262645,0.8647936402964644,1.2895091035437818,0.4172553760093323,0.3784332617705767,0.6706378713573019
JFM2026,TP,MME,northwest_india,2026-01-01,daily,17,Week 3,era5,0.8415658000016164,0.7501307714376251,0.3765095625297927,0.7286489640864304,-0.061396148868070544,0.7958741922361824,1.1557094195709028,0.6122840498856149,0.23577448735582224,0.6886455875142717
JFM2026,TP,MME,northwest_india,2026-01-01,daily,18,Week 3,era5,0.383323208978505,1.3491694733301292,0.053142323957453316,0.2516988141502965,-1.4079019366110477,0.7113048962070028,1.4498694291492782,0.589968841693428,0.5368265177359747,0.49059927873944226
JFM2026,TP,MME,northwest_india,2026-01-01,daily,19,Week 3,era5,0.8106500871525399,0.7461604074716807,0.36134867521773734,0.722828563396553,-2.927727998939884,0.8140458462962228,1.1059872945289217,0.6037383014115024,0.24238962619376514,0.7360354412054553
JFM2026,TP,MME,northwest_india,2026-01-01,daily,20,Week 3,era5,0.9072178800843564,0.853264128825027,0.5862166036765575,0.7184308725499484,-0.8267054252859756,0.7855813613087228,1.2372920236421496,0.7061704362328944,0.11995383255633714,0.6349199269839706
JFM2026,TP,MME,northwest_india,2026-01-01,daily,21,Week 3,era5,-0.18889435018402345,6.623974448564588,-2.5163412012647663,-0.04597161274297923,0.057725721784841255,0.5215774330381624,6.007435389398438,1.0693146215845852,3.5856558228493514,0.08682197963520523
JFM2026,TP,MME,northwest_india,2026-01-01,daily,22,Week 4,era5,-0.0869283634410333,19.363828764967444,-11.05071582199831,0.02398418219018139,0.1339249805180749,0.5644309142944293,15.841918846642795,1.671888291024602,12.722604113022912,0.035628948725112485
JFM2026,TP,MME,northwest_india,2026-01-01,daily,23,Week 4,era5,0.230269237580668,1.574951275403682,1.1432879363999626,-0.3126286319758782,-2.109321688692254,0.5085464777162333,1.0806677167761911,1.489600662514746,0.34631272611478353,0.47058542586366026
JFM2026,TP,MME,northwest_india,2026-01-01,daily,24,Week 4,era5,0.028376454237551765,1.8877382786905665,1.473301510481616,-0.7260304274266114,-11.775716403525369,0.5902751216326753,1.0389017180271125,1.691877585791264,0.21857607530964762,0.5681722451606059
JFM2026,TP,MME,northwest_india,2026-01-01,daily,25,Week 4,era5,-0.6015266904706632,2.3121653010971968,0.1691977999912786,-0.607835650973948,0.10985685165968684,0.7158892737606355,1.803298788396323,1.6669823531705983,1.4977845531793197,0.39698871776943695
JFM2026,TP,MME,northwest_india,2026-01-01,daily,26,Week 4,era5,-0.22169476863004653,13.642870366231092,-8.61899944992111,-0.02745256792256967,0.11222492901097336,0.6930062734225461,10.400231037078552,1.168709696298017,9.787709146219129,0.06663373832291451
JFM2026,TP,MME,northwest_india,2026-01-01,daily,27,Week 4,era5,0.4911342056150849,2.6036641652158123,-0.10877679511542482,0.18619476062015916,0.23355974287853987,0.7488893120833807,2.8860744293478184,1.126910453489279,1.235687248604704,0.25948371409555476
JFM2026,TP,MME,northwest_india,2026-01-01,daily,28,Week 4,era5,0.6888298775126921,1.559197325571923,1.1922266639355432,0.2657775514335732,-3.420239078742487,0.6338989574909015,1.3302513289152933,1.2288329258090622,0.036606261873519244,0.4765257088732188
JFM2026,TP,MME,northwest_india,2026-01-01,daily,29,Week 5,era5,0.8380881761722846,1.1469355069391238,0.6481382282844467,0.5319404905816569,-7.013665865122148,0.5740969482630582,1.3740548376373038,0.9828608505817216,0.3347226222972746,0.41781225358532387
JFM2026,TP,MME,northwest_india,2026-01-01,daily,30,Week 5,era5,0.5812205800476526,1.2747590506483641,0.3686037585800528,0.30834301967208677,-0.3224964213861172,0.5158454477716983,1.4456547982746177,1.171746590654536,0.8031428320744834,0.35682477475767893
JFM2026,TP,MME,northwest_india,2026-01-01,daily,31,Week 5,era5,-0.3018969032579238,2.212860658956287,-0.5715958974954929,-0.14329299358674552,0.5293269098300275,0.42339328660212144,1.9714899053791581,1.3888363827323307,1.9604322802278236,0.21475802916713094
JFM2026,TP,MME,northwest_india,2026-01-01,daily,32,Week 5,era5,0.29945562860953756,1.751513882926698,0.9071172087373869,0.03439362420012215,-0.9656155868303824,0.4656152064842548,1.570368815305432,1.4139218146728227,0.5068046059354359,0.29650054302287837
JFM2026,TP,MME,northwest_india,2026-01-01,daily,33,Week 5,era5,-0.019666756322644963,1.1694726579298524,0.19925284376776034,-0.21311584754574664,0.4352222747517327,0.5500091987001272,1.0018881384028364,1.2178091040727288,1.0185562603049685,0.5489726623342666
JFM2026,TP,MME,northwest_india,2026-01-01,daily,34,Week 5,era5,0.7859106437924859,1.5582000555414068,1.1813817299095413,0.3922687794994453,-2.9553964025654085,0.6897927872558904,1.4642867033702875,1.2112311713506825,0.029849441441141055,0.4710776828528342
JFM2026,TP,MME,northwest_india,2026-01-01,daily,35,Week 5,era5,0.9345043704879881,1.2841921221823012,0.9651878614899202,0.5982020429980165,-1.7950242432077563,0.7105866294722052,1.472492934742153,0.9836290097000561,0.018441148210136035,0.4825738804625473
JFM2026,TP,MME,northwest_india,2026-01-01,daily,36,Week 6,era5,0.775588420760843,1.3074079064415278,0.7339691766071119,0.5281575090836397,-4.793748178631782,0.6835482417013063,1.5223354177194166,1.0184370559107039,0.2844678793035921,0.449012900668972
JFM2026,TP,MME,northwest_india,2026-01-01,daily,37,Week 6,era5,0.8746834884873503,1.6205236750698806,1.2471699728576586,0.39423050491721723,-3.1523333062130483,0.5912942253398416,1.5114418211488934,1.2575299149818446,0.010359942124186025,0.3912120314961119
JFM2026,TP,MME,northwest_india,2026-01-01,daily,38,Week 6,era5,0.942336210666261,1.3191373899724483,0.9621370142345962,0.6079129059130574,-1.652498082720582,0.6930798792897691,1.525246336453678,0.9636069571350225,0.0014699429004262697,0.4544052083424349
JFM2026,TP,MME,northwest_india,2026-01-01,daily,39,Week 6,era5,0.8655130201529891,1.134971837680999,0.8082443126294967,0.6204691418514374,-4.934332810324887,0.8131709885724315,1.388648579605224,1.0616294311954042,0.2533851185659073,0.5855844311622789
JFM2026,TP,MME,northwest_india,2026-01-01,daily,40,Week 6,era5,-0.14088043774172895,1.930353212474168,0.23565916608663773,-0.20264332443838162,0.04706531903315203,0.6711694337943321,1.7024429785483677,1.260197911084852,1.0245387449982142,0.39423900961817954
JFM2026,TP,MME,northwest_india,2026-01-01,daily,41,Week 6,era5,0.8914676719951644,1.5810495636709638,1.1974868105491887,0.44625630568034225,-3.0107755671849104,0.6154464130712617,1.5426255476454673,1.2151320477158671,0.017645237166678478,0.3989603400583031
JFM2026,TP,MME,northwest_india,2026-01-01,daily,42,Week 6,era5,0.7385359982574878,1.9571197489303365,1.5811445125690962,0.12417154985333234,-7.443548989031608,0.5958476846176178,1.5212180654015524,1.6293448813168043,0.04820036874770825,0.39169117049654106
JFM2026,TP,MME,northwest_india,2026-01-01,weekly,1,Week 1,era5,0.9791603803480708,0.23809346958945085,0.14843059230369723,0.9535524802574071,0.8914691601491105,0.6820230394937598,0.7921946139851455,0.23884849893406726,0.09041790663037,0.8609286499220613
JFM2026,TP,MME,northwest_india,2026-01-01,weekly,2,Week 2,era5,0.9969058628971457,0.13950693552125565,0.10963942937061677,0.9895675152698292,0.9655781461909725,0.9547435519570491,0.9943250444396318,0.14533908240498136,0.03569965303436457,0.9601926023045215
JFM2026,TP,MME,northwest_india,2026-01-01,weekly,3,Week 3,era5,0.3202180577484403,1.3753017598128046,-0.27080452115534037,0.03519968695200382,-0.6831050019351024,0.7640974396475196,1.3822814941854882,0.6173434920109628,0.8881480131663031,0.5527799097807972
JFM2026,TP,MME,northwest_india,2026-01-01,weekly,4,Week 4,era5,-0.20849612813099702,3.9129219345873887,-2.257211151771959,-0.004733162250220024,0.41708004170650204,0.5709461075811669,3.0280454177404836,1.4349717039721837,3.692182855744143,0.1885526895455897
JFM2026,TP,MME,northwest_india,2026-01-01,weekly,5,Week 5,era5,0.6340991565674052,0.8806567127588615,0.528297931176184,0.4005636046908241,-0.219782430430272,0.5262276957251791,0.9089062809683361,1.1957192515264965,0.6674213203503122,0.5789680484598956
JFM2026,TP,MME,northwest_india,2026-01-01,weekly,6,Week 6,era5,0.8814226642304456,1.2355544875864333,0.966544419337316,0.512152906842356,-10.954808290490345,0.6449167031474321,1.2752666872125342,1.2008397447379187,0.23429532540060247,0.50571124425518
JFM2026,TP,MME,south_peninsula,2026-01-01,daily,1,Week 1,era5,-0.24397565743685845,2.474474503287274,1.3364470427829465,-12.504004661466592,-13.287354692055462,1.84226559429815,0.6205845139261974,1.6442641611074973,0.30781711832455066,2.9685974318676607
JFM2026,TP,MME,south_peninsula,2026-01-01,daily,2,Week 1,era5,0.6072242966889837,0.4967423001490984,0.365971468967261,0.39846548762797085,-8.933351621044219,0.28468976302568816,0.4211722919826432,0.4307087326891286,0.0647372637218676,0.6759460877293904
JFM2026,TP,MME,south_peninsula,2026-01-01,daily,3,Week 1,era5,0.9759845923128708,0.22142114671620977,0.16678025935960952,0.8927802611667831,-0.07569457310054828,0.3320047608351325,0.45044727883568314,0.19023384651314895,0.023453587153539443,0.7370557586523753
JFM2026,TP,MME,south_peninsula,2026-01-01,daily,4,Week 1,era5,0.9611858778649415,0.17865852874433874,0.0978970944144199,0.9284985808024357,0.41806852159953756,0.34686593726055465,0.44819101524186755,0.11232654604294075,0.01442945162852085,0.7739243435600053
JFM2026,TP,MME,south_peninsula,2026-01-01,daily,5,Week 1,era5,0.252535642655009,0.4698930252677851,0.1412783177199604,0.2467498887413352,-2.1964024829010724,0.3558975530434161,0.3766775602314162,0.2459247454733555,0.1046464277533951,0.9448334347943804
JFM2026,TP,MME,south_peninsula,2026-01-01,daily,6,Week 1,era5,-0.12958482486770306,0.7604364036782454,0.3599415677883332,-0.5209505548825475,-10.7137556941101,0.4840588147801335,0.40452838382812817,0.3724884184166265,0.01254685062829328,1.196600372511303
JFM2026,TP,MME,south_peninsula,2026-01-01,daily,7,Week 1,era5,0.4806393202700472,0.4164438758738252,0.23747223311647123,0.5176976441926779,-2.375236749534381,0.22353044183614984,0.38781120320864154,0.24253455678199162,0.005062323665520383,0.576389851522394
JFM2026,TP,MME,south_peninsula,2026-01-01,daily,8,Week 2,era5,0.4591742664940852,2.6908588666612965,-0.4384314625896244,0.14568192419587989,0.21622865071276764,0.542694831511466,2.859953462191793,0.5529437633444744,0.9913752259340989,0.18975652530218412
JFM2026,TP,MME,south_peninsula,2026-01-01,daily,9,Week 2,era5,0.8111412449194931,4.620099123896683,-2.4174499282677493,0.32962621765557365,0.38068624945109675,1.0747648127363678,4.75844830010897,1.0484970966550646,3.4659470249228135,0.22586455603852107
JFM2026,TP,MME,south_peninsula,2026-01-01,daily,10,Week 2,era5,0.2973134985687555,2.4703398319211374,-0.6864951071017266,0.18739972593777587,0.2794665210269969,0.8413047679121272,2.4830834106829007,0.8928430970749638,1.5793382041766901,0.33881454174781445
JFM2026,TP,MME,south_peninsula,2026-01-01,daily,11,Week 2,era5,0.5795454765373934,1.4492421060776202,0.017145008650075073,0.37573920364720625,0.43003840974552265,0.955001906766329,1.7758850683042409,0.884086047513378,0.8669410388633029,0.5377610994152017
JFM2026,TP,MME,south_peninsula,2026-01-01,daily,12,Week 2,era5,0.4719714175657319,6.917459126811221,-1.673760133994159,0.19472384483271132,0.2268140176932536,1.5395813018373392,7.299876576031982,1.200475932582859,2.8742360665770175,0.2109051140525193
JFM2026,TP,MME,south_peninsula,2026-01-01,daily,13,Week 2,era5,-0.7268611263907975,1.9378765078805678,1.005992722168711,-18.39763179170355,-46.73019144389206,1.3891413516362023,0.3442259776594725,1.120338678033162,0.1143459558644511,4.035550602779952
JFM2026,TP,MME,south_peninsula,2026-01-01,daily,14,Week 2,era5,-0.5412063518504847,0.9273853573564438,0.5938487107528717,-3.365943905598945,-19.74442024724199,0.5269091880444344,0.2725734894713103,0.6236988756351005,0.029850164882228657,1.9330903715780994
JFM2026,TP,MME,south_peninsula,2026-01-01,daily,15,Week 3,era5,-0.3302109508494752,0.7526724634326115,0.5442427915765207,-1.792341158867639,-11.495349185155893,0.3572731915187041,0.27773865817666565,0.5625399535849794,0.018297162008458823,1.2863646489263576
JFM2026,TP,MME,south_peninsula,2026-01-01,daily,16,Week 3,era5,-0.27084992811589625,0.7138594877024266,0.5603182549103071,-1.4072210573598842,-8.492930831037018,0.26725649494617365,0.28740878730222225,0.567254141515741,0.006935886605433838,0.9298828245816381
JFM2026,TP,MME,south_peninsula,2026-01-01,daily,17,Week 3,era5,-0.4217108108947536,0.7995913892763141,0.398939947614795,-0.6487414845031665,-0.5022994535625165,0.19045518637469416,0.5907798166934677,0.5619774580448638,0.16303751043006875,0.32237930442622725
JFM2026,TP,MME,south_peninsula,2026-01-01,daily,18,Week 3,era5,-0.500918756879393,0.6152746335762275,0.48258211680007046,-1.6994397299418003,-4.066357554880084,0.19508240093727988,0.24457989531186816,0.5531633892219155,0.07058127242184503,0.7976223911966552
JFM2026,TP,MME,south_peninsula,2026-01-01,daily,19,Week 3,era5,-0.4300412195568544,0.5494898360313475,0.4466191722675058,-1.292065740924984,-3.6218167400403685,0.1505170904169337,0.2251072382224453,0.5110153618201012,0.06439618955259542,0.6686461599613093
JFM2026,TP,MME,south_peninsula,2026-01-01,daily,20,Week 3,era5,0.44890892632533524,0.543492338883354,0.484717695910164,-0.551710416156094,-4.622753884829618,0.1475138966637275,0.27372321284722445,0.4897116824959246,0.0049939865857606,0.5389162838230338
JFM2026,TP,MME,south_peninsula,2026-01-01,daily,21,Week 3,era5,0.7511465563984075,0.4973713826207817,0.4610700943372194,-0.3272016023684623,-3.3587033486731253,0.16645025725510693,0.2757571261419315,0.46985915482556956,0.008789060488350132,0.6036118071865726
JFM2026,TP,MME,south_peninsula,2026-01-01,daily,22,Week 4,era5,0.20476535028422974,0.5449262489707151,0.1916952297861918,-0.08629292541869305,-0.4703819854576443,0.20649612429350964,0.5106258391653761,0.4169627634230443,0.22526753363685245,0.40439811003499154
JFM2026,TP,MME,south_peninsula,2026-01-01,daily,23,Week 4,era5,-0.062013917459241286,5.158621112430269,-0.9414825939356003,-0.005797832302038897,-0.0191538884352922,0.23884119094016565,5.051563614047603,0.3625934147161215,1.304076008651722,0.04728064599166601
JFM2026,TP,MME,south_peninsula,2026-01-01,daily,24,Week 4,era5,0.026708672778893387,3.757780458263096,-0.6249691768889818,0.00206174583577845,-0.019223458742831045,0.21894868792557784,3.7048237911513797,0.35861149979529333,0.9835806766842751,0.059098273026780924
JFM2026,TP,MME,south_peninsula,2026-01-01,daily,25,Week 4,era5,0.18990656457964053,0.5527120902970256,0.21745071906631042,-0.3352332920906458,-1.1337131079320222,0.2969660899513179,0.47256580926144043,0.4734585544176598,0.25600783535134936,0.628412136746494
JFM2026,TP,MME,south_peninsula,2026-01-01,daily,26,Week 4,era5,0.6870028283723638,0.4609547563499011,0.40201382061285457,-0.2666306264152094,-3.331542462752674,0.3011503878581578,0.2614491632368203,0.4151986063771935,0.013184785764338984,1.1518506471002783
JFM2026,TP,MME,south_peninsula,2026-01-01,daily,27,Week 4,era5,0.8027744021319211,0.36704196773599895,0.32668540514759326,0.27123587452137987,-1.4450968240415536,0.23323796805034613,0.2802663513993182,0.3279278178605423,0.0012424127129490835,0.8322011075743911
JFM2026,TP,MME,south_peninsula,2026-01-01,daily,28,Week 4,era5,0.8899666215835009,0.29452999883112263,0.261036166101669,0.533182037566138,-0.5763986261184921,0.21087127616656898,0.28441948203146883,0.2631798874683205,0.002143721366651484,0.741409395236989
JFM2026,TP,MME,south_peninsula,2026-01-01,daily,29,Week 5,era5,0.9106070302181035,0.293134109777291,0.26374047840792997,0.5448412652187647,-0.5555041666400087,0.2177022313142698,0.2892020047529175,0.2648629647234049,0.0011224863154749814,0.7527687489589354
JFM2026,TP,MME,south_peninsula,2026-01-01,daily,30,Week 5,era5,0.7988384540937317,0.3049390077110357,0.24535745456573008,0.4367755486533066,-0.5785162278728817,0.21590243126821962,0.29864549083898023,0.2952229846064102,0.049865530040680076,0.7229388619318785
JFM2026,TP,MME,south_peninsula,2026-01-01,daily,31,Week 5,era5,0.7701066656028259,0.30434607149531195,0.25289284928310646,0.3231180526662363,-1.2034040183687358,0.23874601655236322,0.2578635470122544,0.3133222039062838,0.06042935462317739,0.9258618339761585
JFM2026,TP,MME,south_peninsula,2026-01-01,daily,32,Week 5,era5,-0.724092680229565,0.6244908327557918,0.15590446145859396,-0.9936713015980478,-0.27776726981356137,0.242337524455339,0.4056848221116345,0.305711766602146,0.14980730514355206,0.5973541805038337
JFM2026,TP,MME,south_peninsula,2026-01-01,daily,33,Week 5,era5,0.8597869711245045,0.3341725882266595,0.2995770587299451,0.39587342656525804,-1.3063316309941837,0.2401150024119281,0.28945596691360703,0.3079438083326173,0.008366749602672214,0.8295389622546439
JFM2026,TP,MME,south_peninsula,2026-01-01,daily,34,Week 5,era5,0.885259593143059,0.33584083539757253,0.29971029852257114,0.45900215290049884,-1.051894383169215,0.2531870749166147,0.31951020314316303,0.3004164647547477,0.0007061662321765764,0.7924225030246345
JFM2026,TP,MME,south_peninsula,2026-01-01,daily,35,Week 5,era5,0.8815246859928875,0.2227170133356341,0.18497046715322574,0.5836014805784959,-0.8335042961120405,0.26117497606841983,0.21669383839620898,0.2441134880135102,0.05914302086028453,1.2052718157628475
JFM2026,TP,MME,south_peninsula,2026-01-01,daily,36,Week 6,era5,0.9372072459798224,0.2475783822882066,0.20931160446759364,0.7123220652000701,-0.1891595889582891,0.24186878598658745,0.32850236913448794,0.21410833757572054,0.004796733108126902,0.7362771435221128
JFM2026,TP,MME,south_peninsula,2026-01-01,daily,37,Week 6,era5,0.856532615278545,0.28706122251981947,0.22138830067585588,0.6291380313451279,-0.558523039832983,0.23529320824472336,0.3380843022315872,0.223852574366605,0.0024642736907491193,0.6959601693767724
JFM2026,TP,MME,south_peninsula,2026-01-01,daily,38,Week 6,era5,0.9059007144428013,0.2774020703654566,0.220396281283739,0.6760133931132027,-0.4057574066536458,0.2473277320971363,0.3559889785280942,0.22104671335092108,0.0006504320671820491,0.694762329777065
JFM2026,TP,MME,south_peninsula,2026-01-01,daily,39,Week 6,era5,0.5810335713352128,0.26148376749811303,0.16090406527736262,0.3516044978822863,-0.33642003258759856,0.25067769393365846,0.17495892432949486,0.22393632451420042,0.06303225923683783,1.4327802648212715
JFM2026,TP,MME,south_peninsula,2026-01-01,daily,40,Week 6,era5,0.852631303676222,0.35491918299275943,0.300059644187011,0.47902095184229987,-1.459930775514771,0.281817615158599,0.3596526806426616,0.30435231727741463,0.004292673090403677,0.7835826905419431
JFM2026,TP,MME,south_peninsula,2026-01-01,daily,41,Week 6,era5,0.8982731539716117,0.3495487155258082,0.2988535243895471,0.5374298032075249,-1.1978880375711851,0.2784692239153019,0.38391923205693546,0.2994440686967882,0.0005905443072411045,0.7253328321775887
JFM2026,TP,MME,south_peninsula,2026-01-01,daily,42,Week 6,era5,0.9073655666857829,0.34906015687861397,0.29961342515134026,0.5548535935226837,-1.1899768394758103,0.28798124598057223,0.393294835131373,0.29971953226725606,0.00010610711591576782,0.7322273781815043
JFM2026,TP,MME,south_peninsula,2026-01-01,weekly,1,Week 1,era5,-0.23553141849980627,0.6839459439786558,0.3865411359789942,-0.4195152962364257,-17.09887633009349,0.3446767374954395,0.37286240136807886,0.46264014037670964,0.07609900439771543,0.9244073315807048
JFM2026,TP,MME,south_peninsula,2026-01-01,weekly,2,Week 2,era5,0.8393856502735945,1.180969753624125,-0.5141643561510589,0.6528322218988629,0.715898587764321,0.9618373713326309,1.733101634758567,0.9032690581020192,1.417433414253078,0.5549803612450123
JFM2026,TP,MME,south_peninsula,2026-01-01,weekly,3,Week 3,era5,-0.5232997132594551,0.5817225757157425,0.4826414315026694,-1.4660729845355855,-7.18516678986175,0.16446872069174664,0.20687703241195346,0.5307887265456177,0.04814729504294824,0.7950071536420761
JFM2026,TP,MME,south_peninsula,2026-01-01,weekly,4,Week 4,era5,0.1544614303031308,1.3399156447182476,-0.0239386667446299,0.025619347429203243,-0.08356760376091787,0.2332547751884686,1.355760340496341,0.3739903647880217,0.3979290315326515,0.17204720349252473
JFM2026,TP,MME,south_peninsula,2026-01-01,weekly,5,Week 5,era5,0.857534263178328,0.27172676056576617,0.24316472384984064,0.35105899857807876,-1.7614075809214675,0.23461673459801902,0.1893803103810025,0.29022766817301004,0.04706294432316935,1.238865508911714
JFM2026,TP,MME,south_peninsula,2026-01-01,weekly,6,Week 6,era5,0.8893837749988533,0.2890938033046327,0.2443609723665143,0.6104840923972774,-0.8276558397924687,0.2579033477327407,0.3291834717559173,0.2552085467151066,0.010847574348592274,0.7834638426924748
JFM2026,TP,MME,All India,2026-01-01,daily,1,Week 1,model_own,0.22557626620555635,1.5153796947363214,0.5014308707997653,-2.200786235208716,-6.342381270301492,1.412787865858405,0.7066828588121808,0.6505897621757969,0.14915889137603153,1.999182303973061
JFM2026,TP,MME,All India,2026-01-01,daily,2,Week 1,model_own,0.4830743332435724,0.8091231888537097,0.15138236652506515,0.22350336623638323,-2.0332622298018226,0.7870269350635798,0.7762968711744379,0.279635366732206,0.12825300020714078,1.0138221140488544
JFM2026,TP,MME,All India,2026-01-01,daily,3,Week 1,model_own,0.38251118250260124,0.9510561429455372,-0.028838194707357444,-0.1334767807283319,-3.1151429733533114,0.9429090689918492,0.7410465477817981,0.0937358081107377,0.12257400281809509,1.2724019453491735
JFM2026,TP,MME,All India,2026-01-01,daily,4,Week 1,model_own,0.6026758030742813,0.6619093432585083,0.09521907109940854,0.5591834872248898,-1.0219688665611035,0.5606864769458383,0.816318504523578,0.14756271618263594,0.052343645083227405,0.6868476873166898
JFM2026,TP,MME,All India,2026-01-01,daily,5,Week 1,model_own,0.560645549777422,0.702378930837581,0.1753378012899149,0.5031849983878833,-0.9467023573205593,0.4011406887736437,0.8184109769687358,0.23523880230281688,0.05990100101290203,0.4901457825741843
JFM2026,TP,MME,All India,2026-01-01,daily,6,Week 1,model_own,0.655447428298175,0.715527523535874,0.24503159924572757,0.547147489811442,-1.0033173018445978,0.43832465291468864,0.8724066473306428,0.2701818905747234,0.025150291328995832,0.5024315830878388
JFM2026,TP,MME,All India,2026-01-01,daily,7,Week 1,model_own,0.7124094983500173,0.7392720304175802,0.2506785828915135,0.5715427621228436,-0.8380212544879082,0.4384129811013504,0.9360500241786804,0.2567620617227934,0.006083478831279846,0.46836490548251164
JFM2026,TP,MME,All India,2026-01-01,daily,8,Week 2,model_own,0.5585320385705604,1.4152466389085296,0.16196749021317808,0.284601639930803,0.0047284200363652,0.47616123098362884,1.615280824957836,0.36877169197409615,0.20680420176091802,0.2947854166448476
JFM2026,TP,MME,All India,2026-01-01,daily,9,Week 2,model_own,0.7493927644314222,2.1086531304658935,-0.16613072175023547,0.37994920683507694,0.33292345719902927,0.8776474920258877,2.677882450280235,0.48332273159127215,0.6494534533415077,0.32773936433768536
JFM2026,TP,MME,All India,2026-01-01,daily,10,Week 2,model_own,0.5250519236231109,1.3590932384004306,-0.03817847211177335,0.27394393889114665,-0.02325891556360471,1.1102604517774786,1.5590707718218355,0.28089395947772755,0.3190724315895009,0.7121296042771013
JFM2026,TP,MME,All India,2026-01-01,daily,11,Week 2,model_own,0.6370335836535319,1.0710288862728023,0.13420439194047395,0.4180038208670672,-0.2942097711761753,1.1387906593366126,1.3242154110826931,0.33112197815453087,0.1969175862140569,0.859973875704652
JFM2026,TP,MME,All India,2026-01-01,daily,12,Week 2,model_own,0.6000794184902648,2.9290360967234994,-0.01727655267999316,0.3104688293829526,0.26984418165938606,1.3227480675270102,3.524932531655266,0.5237561630196399,0.5410327156996331,0.37525486109257916
JFM2026,TP,MME,All India,2026-01-01,daily,13,Week 2,model_own,0.46795294566063594,1.2837321796428354,0.4324123167166169,-0.13250420983861577,-4.882970361398187,1.280291706255147,1.024300183176722,0.4753950186007676,0.04298270188415063,1.249918458751519
JFM2026,TP,MME,All India,2026-01-01,daily,14,Week 2,model_own,0.6453576072138386,0.8706255921341419,0.3903051675112861,0.47859600996124607,-2.5229828585403222,0.7174279627396084,1.015550475601968,0.4298657938796974,0.03956062636841134,0.7064424467078829
JFM2026,TP,MME,All India,2026-01-01,daily,15,Week 3,model_own,0.055075705008484355,1.7064494521831735,0.1020628179036161,-0.07842000135470162,-0.9655019743286644,0.6532380204199982,1.6095490829073313,0.47008179974547726,0.36801898184186116,0.40585156883818246
JFM2026,TP,MME,All India,2026-01-01,daily,16,Week 3,model_own,0.11857370918445957,1.2779111591213344,0.49992890996850364,-0.01965507201839456,-4.30665090569138,0.5010018442155943,1.1250764209825723,0.6288686280553674,0.12893971808686366,0.44530472319209236
JFM2026,TP,MME,All India,2026-01-01,daily,17,Week 3,model_own,0.5396770881474657,1.1267258025145037,0.6155952725660333,0.20320872406707502,-3.2256486517506806,0.7174470257693765,1.112268434944819,0.7367315586191312,0.12113628605309756,0.6450304649749139
JFM2026,TP,MME,All India,2026-01-01,daily,18,Week 3,model_own,0.3298271566051283,1.2131642442033919,0.4593791926607394,0.06633383092825129,-3.247093381674226,0.6633244709070192,1.1507720357698434,0.6842947211263216,0.22491552846558208,0.5764169186326016
JFM2026,TP,MME,All India,2026-01-01,daily,19,Week 3,model_own,0.638013265752015,0.9011979613786275,0.5207344337117423,0.3628401194987516,-8.941776600747643,0.5831389598397178,0.9545998432394794,0.6542484480420402,0.13351401433029775,0.6108726750475972
JFM2026,TP,MME,All India,2026-01-01,daily,20,Week 3,model_own,0.7457995879678665,0.9499999479571741,0.6185505685338964,0.425924862954157,-4.315744607296854,0.6465906521013058,1.060464487837617,0.6957895673292733,0.07723899879537698,0.6097240025639733
JFM2026,TP,MME,All India,2026-01-01,daily,21,Week 3,model_own,0.06535462794940207,3.825114819976647,-0.2700068220347086,0.006335953362750613,0.038670922018633536,0.5158272032492327,3.8144071966875788,0.904448997674948,1.1744558197096568,0.1352312893330255
JFM2026,TP,MME,All India,2026-01-01,daily,22,Week 4,model_own,0.4743081265059269,10.764778633115107,-2.9571039255960803,0.08074049806948891,0.17783397617333907,0.7613987539051709,10.69006242543134,1.2406682019506983,4.19777212754678,0.07122491184839351
JFM2026,TP,MME,All India,2026-01-01,daily,23,Week 4,model_own,-0.003252202098692235,2.713123777725033,0.7499641733012292,-0.13402802167165384,-0.43210941834077743,0.6773065495720972,2.5157041433361544,1.1217496430315057,0.37178546973027654,0.26923140042767496
JFM2026,TP,MME,All India,2026-01-01,daily,24,Week 4,model_own,-0.06323444189381366,2.317193104023086,0.8970631439907947,-0.3121624518613093,-0.9770252413714537,0.7238063923762004,1.9649171431629568,1.2002228001296793,0.30315965613888485,0.36836484169051437
JFM2026,TP,MME,All India,2026-01-01,daily,25,Week 4,model_own,-0.10366924854202877,1.7039307476848649,0.6195000547257419,-0.45328941110383725,-0.4559502179064041,0.622652498346856,1.396980183369963,1.1980611601247062,0.5785611053989645,0.4457131931856177
JFM2026,TP,MME,All India,2026-01-01,daily,26,Week 4,model_own,0.17478931887244023,8.044805628277903,-2.5695829211313588,0.03313029765268782,0.14070066063394193,0.48651054006741756,7.693366489659808,1.0177681056723542,3.5873510268037134,0.0632376659452409
JFM2026,TP,MME,All India,2026-01-01,daily,27,Week 4,model_own,0.3650044300244882,1.943764222552045,0.5552346799158654,0.05585937685637821,-0.26173448128719046,0.38880150437292627,1.969181863761804,1.0170780609555505,0.46184338103968525,0.19744316740262058
JFM2026,TP,MME,All India,2026-01-01,daily,28,Week 4,model_own,-0.4174727040522284,1.437035143909356,0.8499203313676461,-0.6086736397613473,-1.3302003855440234,0.39158965989637595,0.9392858191418316,1.0407857714973447,0.19086544012969853,0.4169014925128409
JFM2026,TP,MME,All India,2026-01-01,daily,29,Week 5,model_own,0.4489005895531997,1.09466014091783,0.5449954737438385,0.17928523198018342,-6.096885065068939,0.2142652444203524,1.0260238265243948,0.7418939506435513,0.19689847689971268,0.20883067125854707
JFM2026,TP,MME,All India,2026-01-01,daily,30,Week 5,model_own,0.13583102874127603,1.4263319180715868,0.5312007523094009,0.01981770962497853,-3.295917549770004,0.20404926586358024,1.3359136790019455,0.837967895645612,0.30676714333621125,0.15274135527680535
JFM2026,TP,MME,All India,2026-01-01,daily,31,Week 5,model_own,0.3802809553284861,1.6628141896512307,0.29154943338542544,0.10094660879917683,0.2486659718035492,0.4023176208351699,1.747201234616586,0.9986340933020161,0.7070846599165905,0.23026404335357306
JFM2026,TP,MME,All India,2026-01-01,daily,32,Week 5,model_own,-0.025889575444799622,1.617594940613733,0.6897189147725742,-0.11173532537459052,-3.214451230226085,0.4036584371041468,1.3959883228439893,0.9230514079512737,0.23333249317869958,0.28915602695142184
JFM2026,TP,MME,All India,2026-01-01,daily,33,Week 5,model_own,0.4416528991683213,1.1986659693043316,0.4004333429412787,0.1814947638560236,-0.5908096843623272,0.3548100903545274,1.2407318917869057,0.8176402059206266,0.41720686297934784,0.28596838100415783
JFM2026,TP,MME,All India,2026-01-01,daily,34,Week 5,model_own,0.42707437583291014,1.4568423334089453,0.836878007338471,0.11502007642925594,-6.979216040082662,0.4083096184622322,1.3082727187880336,0.9027714266856922,0.06589341934722127,0.31209824419520477
JFM2026,TP,MME,All India,2026-01-01,daily,35,Week 5,model_own,0.6728488048300894,1.2580892825314383,0.7037648143019467,0.2770262363987782,-5.677359056072561,0.3115890854053183,1.2266922033310077,0.7835418540569559,0.07977703975500922,0.25400755345083076
JFM2026,TP,MME,All India,2026-01-01,daily,36,Week 6,model_own,0.4397857736250688,1.4522360965942887,0.6442737874687794,0.1792708222193785,-10.580081256577525,0.2773427691046221,1.3994137626239933,0.7813886438093521,0.13711485634057288,0.1981849660993658
JFM2026,TP,MME,All India,2026-01-01,daily,37,Week 6,model_own,0.4423148147005898,1.4997371816991316,0.7438000232442474,0.1717319414832742,-2.1721086907975162,0.40790639327943845,1.4302782273906338,0.8559302587781625,0.11213023553391499,0.285193737461566
JFM2026,TP,MME,All India,2026-01-01,daily,38,Week 6,model_own,0.8196867498819752,1.2181628422279258,0.6767957969465536,0.36994977020273023,-4.372341527897027,0.33297599097397906,1.2676667318080308,0.7533995782873932,0.07660378134083974,0.26266839905080297
JFM2026,TP,MME,All India,2026-01-01,daily,39,Week 6,model_own,0.6776705263902293,1.42613811364651,0.6816215398285163,0.3151420511731947,-14.245626340494853,0.42617690158521293,1.5016739774124184,0.7881854454794187,0.10656390565090257,0.2838012165061099
JFM2026,TP,MME,All India,2026-01-01,daily,40,Week 6,model_own,0.022598130910987488,1.7365929219565228,0.6032133465709867,-0.02946398692376473,-1.263764018601691,0.3491572249929949,1.598500285618058,0.9531194118305423,0.34990606525955553,0.21842800288145944
JFM2026,TP,MME,All India,2026-01-01,daily,41,Week 6,model_own,0.4528354079612435,1.7343847232836056,0.9688769861426999,0.10483565216623036,-10.972015544554989,0.38377301004334785,1.5710288666550278,0.9952237011809848,0.026346715038284906,0.24428132301633773
JFM2026,TP,MME,All India,2026-01-01,daily,42,Week 6,model_own,0.25835682837652896,1.8224434612421576,1.0602051382839486,-0.0674339870822076,-7.052530787714227,0.5276723342063363,1.528237373292944,1.1590077481908176,0.09880260990686897,0.34528165809042033
JFM2026,TP,MME,All India,2026-01-01,weekly,1,Week 1,model_own,0.6542240185938322,0.6216313778813032,0.1986060158909688,0.5739319650920806,-0.9193430220576828,0.5023761066255906,0.778801102089476,0.2762437723834194,0.07763775649245061,0.6450634254082924
JFM2026,TP,MME,All India,2026-01-01,weekly,2,Week 2,model_own,0.8319100916333425,0.8094230609648999,0.12818621503566516,0.6806257047331445,0.42903678393345746,0.9221860147338522,1.3810697582034306,0.4133038939503649,0.28511767891469986,0.6677331172130516
JFM2026,TP,MME,All India,2026-01-01,weekly,3,Week 3,model_own,0.2639233166671756,1.1761654802518313,0.3637491873159832,0.04797802654600547,-2.4127889371867233,0.5333174397303672,1.1339498622777577,0.6820662364254261,0.3183170491094428,0.4703183601602066
JFM2026,TP,MME,All India,2026-01-01,weekly,4,Week 4,model_own,0.5026808703805762,2.2309980626181867,-0.26500065591693,0.19611360399658673,0.4481459472909488,0.4800097314308461,2.417283289215896,1.1194762287404905,1.3844768846574207,0.19857404945969273
JFM2026,TP,MME,All India,2026-01-01,weekly,5,Week 5,model_own,0.3635291981593384,1.1702661216833168,0.5712200938733955,0.08891208891839386,-4.7898292924341375,0.20680554362016987,1.0782321339426755,0.8579286802961842,0.2867085864227888,0.19180057532134795
JFM2026,TP,MME,All India,2026-01-01,weekly,6,Week 6,model_own,0.5971190932127932,1.4082160134762192,0.7683980759915251,0.19762443046516032,-20.487558981811787,0.3144866417378048,1.3406079347835644,0.8980363915387487,0.12963831554722388,0.23458509649100154
JFM2026,TP,MME,central_india,2026-01-01,daily,1,Week 1,model_own,0.5277773342590752,0.2540227446697059,0.11838849089115007,0.4062679233481007,-2.6938771875630003,0.23761937474820494,0.2242860576911211,0.14808894351579122,0.02970045262464117,1.0594478194246297
JFM2026,TP,MME,central_india,2026-01-01,daily,2,Week 1,model_own,0.3033078222916341,0.23200861351469698,0.11854100234287833,0.4175145404370193,-1.2895518665712613,0.10209751415782499,0.2050677461671706,0.16505168832965716,0.04651068598677882,0.49787212307193063
JFM2026,TP,MME,central_india,2026-01-01,daily,3,Week 1,model_own,0.2035428098221102,0.2861575343689,0.05232857933947157,0.10784533781229644,-10.75660157274322,0.2534078372487142,0.18421701105991617,0.08227320555278506,0.02994462621331348,1.3755941201667519
JFM2026,TP,MME,central_india,2026-01-01,daily,4,Week 1,model_own,0.5681604401728085,0.2812802324513624,-0.01041260824359398,0.18038667698174615,-18.977624113515596,0.3405241862277227,0.17145002153911465,0.000994271854414574,0.011406880098008563,1.9861425689587062
JFM2026,TP,MME,central_india,2026-01-01,daily,5,Week 1,model_own,0.7564624962177292,0.2217929993172052,-0.030485619344188974,0.5311147376603755,-25.21739620920092,0.3209598636278485,0.17801368350830207,-0.030038588852901046,0.00044703049128793455,1.8030066975883896
JFM2026,TP,MME,central_india,2026-01-01,daily,6,Week 1,model_own,0.8271988258161236,0.15517063636090023,0.07761462658826106,0.772363302790166,-11.823703860548164,0.2371052615771836,0.17871995653331552,0.07808500166909006,0.0004703750808290032,1.3266859850258768
JFM2026,TP,MME,central_india,2026-01-01,daily,7,Week 1,model_own,0.755666769066912,0.1851015659673993,0.1429267728553164,0.6793378662152247,-17.258886142661584,0.13354575255085388,0.1795552378246935,0.14345156926133906,0.0005247964060226432,0.7437586013572024
JFM2026,TP,MME,central_india,2026-01-01,daily,8,Week 2,model_own,0.6855030224626457,0.2049970585567963,0.15702213427027362,0.6099886443557396,-21.386642865299198,0.1286516669180768,0.180896355743308,0.15768016301313234,0.0006580287428587285,0.7111899318780837
JFM2026,TP,MME,central_india,2026-01-01,daily,9,Week 2,model_own,0.45258115849129643,0.23438500789979747,0.17334568266263573,0.46432786923684344,-19.117663266695992,0.05982376095596164,0.17553986809893754,0.1805983251799603,0.00725264251732458,0.3407987120181944
JFM2026,TP,MME,central_india,2026-01-01,daily,10,Week 2,model_own,0.11987259801764166,0.21166840813109358,0.11291233122945839,0.5534100156105008,-10.862237026559505,0.08331028444620375,0.1687740553404139,0.12049562138952127,0.007583290160062887,0.49362020885359764
JFM2026,TP,MME,central_india,2026-01-01,daily,11,Week 2,model_own,0.4060095482229915,0.2533235492869025,0.18974185473107363,0.41542848919240216,-33.16557988172863,0.06868878190546968,0.18354965738984338,0.19026622813345523,0.0005243734023816172,0.37422451712661453
JFM2026,TP,MME,central_india,2026-01-01,daily,12,Week 2,model_own,0.49446416418184075,0.2698053346072316,0.20255058372697146,0.3369802066801222,-22.152544291048624,0.05664195659139317,0.19930915097642274,0.2148929271047778,0.012342343377806366,0.2841914498852771
JFM2026,TP,MME,central_india,2026-01-01,daily,13,Week 2,model_own,0.6040255551834794,0.23848104728618397,0.15452702395264747,0.4739273715072957,-9.191167596029572,0.05841332509325525,0.21086045252928706,0.18009468600139256,0.025567662048745075,0.2770236162949619
JFM2026,TP,MME,central_india,2026-01-01,daily,14,Week 2,model_own,0.48798572753692615,0.2395154343664789,0.17336965279813502,0.4890043594773458,-29.764953355591288,0.058379241366925086,0.18569526754909507,0.17346317198964067,9.35191915056735e-05,0.31438195564941085
JFM2026,TP,MME,central_india,2026-01-01,daily,15,Week 3,model_own,-0.29300145515157106,0.42682359451269214,0.33330522362007103,-0.5998804255136467,-106.06737757994014,0.14202261745712721,0.18783697093011129,0.33357422328004505,0.0002689996599740179,0.756095122029889
JFM2026,TP,MME,central_india,2026-01-01,daily,16,Week 3,model_own,-0.4093721303339475,0.5845924568688207,0.4298879215611993,-1.9517660728868491,-181.4464592585732,0.2786657885995345,0.18973753780937463,0.4298879215611993,0.0,1.4686908653758552
JFM2026,TP,MME,central_india,2026-01-01,daily,17,Week 3,model_own,-0.7225503429904755,1.0395849741604912,0.7794606576914959,-8.637444523837974,-285.4514808610909,0.5379945972568702,0.18993356278722887,0.7882279888291848,0.008767331137688848,2.83254096517714
JFM2026,TP,MME,central_india,2026-01-01,daily,18,Week 3,model_own,-0.7043450378914142,0.8165225670452512,0.6198859926114908,-4.659426625194296,-309.0955905142776,0.37724772350140534,0.1933492849613976,0.6229289171127497,0.0030429245012588554,1.951120344596688
JFM2026,TP,MME,central_india,2026-01-01,daily,19,Week 3,model_own,-0.7837633484696066,0.6363042046228231,0.5047134234149205,-2.3251067234539384,-214.1407944773012,0.2127888629877193,0.19748007869226436,0.5057242901817782,0.0010108667668577726,1.0775206511807744
JFM2026,TP,MME,central_india,2026-01-01,daily,20,Week 3,model_own,-0.6318881526725992,0.7156576683969766,0.5816345635393326,-3.1061836524508086,-271.990208816784,0.2596719036014353,0.20110274053709157,0.5820703878428367,0.00043582430350405877,1.2912400045266474
JFM2026,TP,MME,central_india,2026-01-01,daily,21,Week 3,model_own,-0.16087336612177935,0.7589185098002347,0.681672701988831,-3.52458618297194,-317.24318642887584,0.23291075769433087,0.20426655919491535,0.6818643232726772,0.00019162128384622382,1.140229505075682
JFM2026,TP,MME,central_india,2026-01-01,daily,22,Week 4,model_own,-0.24659917285310104,1.1426371573205927,0.9304477497845657,-9.153500049538579,-52.24298157526432,0.5635675879862576,0.2373123100755232,0.9564081439135613,0.025960394128995683,2.374792895517749
JFM2026,TP,MME,central_india,2026-01-01,daily,23,Week 4,model_own,-0.5869400190886818,0.963585025319293,0.7651105719045933,-6.149493321783059,-404.8701997621292,0.43555697099604346,0.2120579595515985,0.7704590221014246,0.005348450196831261,2.0539524756205276
JFM2026,TP,MME,central_india,2026-01-01,daily,24,Week 4,model_own,-0.6555235040806847,0.9828253337293499,0.7712709338498581,-6.871005119729475,-152.11318328373073,0.44853992742259413,0.2122831534527822,0.7911061724355553,0.019835238585697197,2.1129322799623953
JFM2026,TP,MME,central_india,2026-01-01,daily,25,Week 4,model_own,-0.7150766110420153,0.8658127097885754,0.6523980562525439,-4.420278445131813,-144.8679362444216,0.3714965888314399,0.24087674536050785,0.6693735696996967,0.016975513447152774,1.542268384087638
JFM2026,TP,MME,central_india,2026-01-01,daily,26,Week 4,model_own,0.20495453887129464,4.352251970036328,-0.5727442600597031,0.04699869054889727,0.08251656334475932,0.3439878819415922,4.371746357530331,0.6029598838941989,1.1757041439539022,0.07868431830430264
JFM2026,TP,MME,central_india,2026-01-01,daily,27,Week 4,model_own,0.18211308681280053,0.6645025555473978,0.507534401315614,-1.7505539322893813,-1.9561500662290334,0.30494572535836345,0.362234256866105,0.6388152022900555,0.13128080097444148,0.8418467319922271
JFM2026,TP,MME,central_india,2026-01-01,daily,28,Week 4,model_own,-0.4761486011228089,0.5805551203818852,0.46893506671925406,-1.4324908657752444,-154.76030655169507,0.17619470172386745,0.2212902072773522,0.4729294789354475,0.0039944122161933255,0.7962155392761475
JFM2026,TP,MME,central_india,2026-01-01,daily,29,Week 5,model_own,-0.2753929647916158,0.46392884446286836,0.36746877163497305,-0.499955441751188,-87.7605708152352,0.10500316571404684,0.2356716239660734,0.37525141998795414,0.007782648352981204,0.4455486152595222
JFM2026,TP,MME,central_india,2026-01-01,daily,30,Week 5,model_own,-0.5080133229586925,0.5775014455922985,0.3716390060072668,-0.9139614520345536,-4.412958673166589,0.16136030165866858,0.3376395248967035,0.43197884627710237,0.060339840269835625,0.4779070273482783
JFM2026,TP,MME,central_india,2026-01-01,daily,31,Week 5,model_own,-0.21210115374179067,0.9048439884494154,0.19231325310458233,-0.07955058763504197,-0.22069491343293968,0.10320066096767512,0.8565112752398559,0.34257504073234657,0.15026178762776418,0.12048955332056194
JFM2026,TP,MME,central_india,2026-01-01,daily,32,Week 5,model_own,0.08770443020774625,0.45988168927550965,0.24226645417767076,0.003045621331358772,-1.3421422879030036,0.05948346297099622,0.3915938099053363,0.309822118195313,0.06755566401764232,0.15190092761010632
JFM2026,TP,MME,central_india,2026-01-01,daily,33,Week 5,model_own,-0.6884594589823304,0.6256073895106843,0.22672894414376002,-0.6666258625791031,-0.6673899720885474,0.15149112152348082,0.4683357838747748,0.41501556388802363,0.18828661974426372,0.3234668943511415
JFM2026,TP,MME,central_india,2026-01-01,daily,34,Week 5,model_own,-0.7100389814098668,0.6206941690133128,0.4247356393980861,-1.6981621713500727,-18.88143673347813,0.23435716443285667,0.25505602245428816,0.4616773547225752,0.03694171532448913,0.9188458369959047
JFM2026,TP,MME,central_india,2026-01-01,daily,35,Week 5,model_own,-0.33226769487987223,0.5025442611144851,0.38021882162329707,-0.5934763931777638,-133.39767697729764,0.1593797554429016,0.2392536123800069,0.38064308299551775,0.0004242613722206556,0.6661540189819933
JFM2026,TP,MME,central_india,2026-01-01,daily,36,Week 6,model_own,0.0125198363223486,0.48224946328833007,0.3749971307494091,-0.43553801347028487,-123.1573775530899,0.18556643755102867,0.24214025742380585,0.3749971307494091,0.0,0.7663592973977934
JFM2026,TP,MME,central_india,2026-01-01,daily,37,Week 6,model_own,-0.2839872761737324,0.6144578264137883,0.4423788916383261,-1.2816252985965275,-200.63485608678255,0.2864282204500759,0.24490138581941173,0.44244154050133117,6.264886300496429e-05,1.1695655354979726
JFM2026,TP,MME,central_india,2026-01-01,daily,38,Week 6,model_own,0.09120235251391257,0.40253666036299524,0.3092456043187731,0.042540121897026384,-85.43728653608494,0.09786030961873667,0.2474747418625206,0.3094350377130358,0.00018943339426269934,0.3954355457944104
JFM2026,TP,MME,central_india,2026-01-01,daily,39,Week 6,model_own,0.2542796438882194,0.44300342418255684,0.34708339313843933,-0.13011872644034006,-103.77661378087153,0.19448370557960717,0.25046783390015215,0.347096399970346,1.3006831906656815e-05,0.7764817643495779
JFM2026,TP,MME,central_india,2026-01-01,daily,40,Week 6,model_own,0.062015736193938006,0.5539800074092637,0.46050171465217027,-0.7238705765728317,-162.89753187360677,0.1913223446469039,0.25346085276839636,0.4605464181357519,4.470348358154297e-05,0.754839820655569
JFM2026,TP,MME,central_india,2026-01-01,daily,41,Week 6,model_own,-0.7337803878683603,0.5843806454454868,0.4627333931041066,-0.8737949535760381,-181.31427403137695,0.12349588697431287,0.256280389704651,0.4627333931041066,0.0,0.4818780208530003
JFM2026,TP,MME,central_india,2026-01-01,daily,42,Week 6,model_own,-0.3351707391158096,0.6394541085862536,0.49548849812575324,-1.19470104515703,-217.29701095453814,0.23537581862562698,0.2590656155169391,0.49548849812575324,0.0,0.9085567691256846
JFM2026,TP,MME,central_india,2026-01-01,weekly,1,Week 1,model_own,0.7349554960798772,0.1494845028946547,0.06698589800493161,0.7674882014430398,-5.783393996677617,0.18877923917631673,0.17709660971144145,0.08398659051470025,0.017000692509768624,1.0659675500502848
JFM2026,TP,MME,central_india,2026-01-01,weekly,2,Week 2,model_own,0.8351063385298172,0.22430930000245816,0.16620989092268504,0.5267594197655401,-22.899192310001553,0.042892293230255,0.18458867855152516,0.1739272993795332,0.00771740845684816,0.23236686868789874
JFM2026,TP,MME,central_india,2026-01-01,weekly,3,Week 3,model_own,-0.7536188492314844,0.6847055607422526,0.5615086339175128,-2.9496046542417362,-247.71540423522268,0.224229149287531,0.19406820876371486,0.563468286500527,0.0019596525830141297,1.1554141232917658
JFM2026,TP,MME,central_india,2026-01-01,weekly,4,Week 4,model_own,0.07104640844426241,0.8585836803306972,0.5032789283677064,-0.6660216187780772,-0.5932457305207108,0.2793418404607617,0.6572144683913752,0.7002930607958257,0.19701413242811927,0.4250390913402898
JFM2026,TP,MME,central_india,2026-01-01,weekly,5,Week 5,model_own,-0.7352426066329423,0.4930261156875351,0.3150529827509844,-0.5946395136678313,-4.2851533140355285,0.08804058573036039,0.3097756206091473,0.3881376298018824,0.07308464705089796,0.28420760018892416
JFM2026,TP,MME,central_india,2026-01-01,weekly,6,Week 6,model_own,-0.2233084211957867,0.510132478627265,0.4132040905561936,-0.4981063279016418,-137.94250610127457,0.11698627219809797,0.25045183209728483,0.4132483466375216,4.425608132794256e-05,0.4671008841039587
JFM2026,TP,MME,east_northeast_india,2026-01-01,daily,1,Week 1,model_own,0.3710475981477466,0.99926456927862,-0.2599795678859196,0.24756290043834206,-4.034418451015372,0.7673669019950641,0.9352366117682545,0.0803024134374152,0.34028198132333476,0.8205056264255965
JFM2026,TP,MME,east_northeast_india,2026-01-01,daily,2,Week 1,model_own,0.0899240697294901,1.5709103044751733,0.4353612485094249,0.07374187803371912,-3.877055255177143,0.49171148227695616,1.4719403062170067,0.7595948610443307,0.32423361253490574,0.3340566734942467
JFM2026,TP,MME,east_northeast_india,2026-01-01,daily,3,Week 1,model_own,0.4294726528699823,1.5864694047045975,0.9361052070512221,0.06580936507440072,-14.462671691893213,0.5829562796043045,1.4180264930908617,1.155741678633604,0.21963647158238178,0.41110394089580027
JFM2026,TP,MME,east_northeast_india,2026-01-01,daily,4,Week 1,model_own,0.7693276657556883,1.3975187600852936,0.6575596258227799,0.3404083020904801,-9.570222112846567,0.3562894422229369,1.4860705230599285,0.852945826088224,0.19538620026544387,0.23975271475630291
JFM2026,TP,MME,east_northeast_india,2026-01-01,daily,5,Week 1,model_own,0.7334510295938286,1.276795006202587,0.45963359176408297,0.5117495247557715,-5.440313887763721,0.5856254548759277,1.5522382540448352,0.5753799236814068,0.11574633191732382,0.3772780714235718
JFM2026,TP,MME,east_northeast_india,2026-01-01,daily,6,Week 1,model_own,0.6662659966475205,1.2451979934449402,0.17776021059920666,0.5473914966034875,-5.862627851490923,0.6844386102576683,1.5778094694067655,0.30776616628692666,0.13000595568771997,0.43379040595757595
JFM2026,TP,MME,east_northeast_india,2026-01-01,daily,7,Week 1,model_own,0.4150499490579505,1.671740838349935,0.5125337188742275,0.33635527694040745,-4.744830846919621,0.45804713289268295,1.7258084316148166,0.5186728874021745,0.006139168527947095,0.2654101837155206
JFM2026,TP,MME,east_northeast_india,2026-01-01,daily,8,Week 2,model_own,0.5409350321621326,1.6536674300036216,0.610594883246792,0.35383372741938723,-5.326508322166706,0.4454335974536186,1.731398884541867,0.635126056597858,0.02453117335106614,0.25726803998229536
JFM2026,TP,MME,east_northeast_india,2026-01-01,daily,9,Week 2,model_own,0.2695455826764644,1.8935522603005306,0.8387570542023725,0.17499471484058304,-7.621136552949324,0.3075894970593456,1.7545222146400046,0.8674818626574139,0.02872480845504143,0.17531239815191352
JFM2026,TP,MME,east_northeast_india,2026-01-01,daily,10,Week 2,model_own,-0.7073689033132458,1.868675297061121,0.9044120242108472,-0.02235727050447145,-22.149528088921873,0.1307071941049399,1.5401625123679583,1.057790207717072,0.15337818350622484,0.08486584568532389
JFM2026,TP,MME,east_northeast_india,2026-01-01,daily,11,Week 2,model_own,0.7743748945456188,1.834172885224105,0.8428211200237021,0.31089413584138004,-5.6954935723656845,0.3111748213499722,1.858086113901704,0.842969691006335,0.00014857098263280883,0.16747061345641912
JFM2026,TP,MME,east_northeast_india,2026-01-01,daily,12,Week 2,model_own,0.7159281839957993,1.4846546662196283,0.4710790679681994,0.5488634671142065,-4.053752931563172,0.7851887349905543,1.858966647702873,0.4915671259905766,0.02048805802237715,0.42237914056221115
JFM2026,TP,MME,east_northeast_india,2026-01-01,daily,13,Week 2,model_own,0.6969563986952478,1.3090689374431699,0.07338048471372975,0.6304205011341482,-4.166455870105745,1.16514207973772,1.8171159952294842,0.15547109371063159,0.08209060899690182,0.6412040193342604
JFM2026,TP,MME,east_northeast_india,2026-01-01,daily,14,Week 2,model_own,0.6861071807263055,1.478294459230912,0.3240715955416477,0.5610851519949129,-4.893902079496474,0.8622603345480687,1.890384491017451,0.3978374314557976,0.0737658359141499,0.45612960677855496
JFM2026,TP,MME,east_northeast_india,2026-01-01,daily,15,Week 3,model_own,0.7841304235966894,1.736728298483648,0.7424633442285724,0.46057559779242885,-5.163782701478138,0.5916410887447222,1.9904097613227862,0.7479777309382292,0.005514386709656864,0.29724587381018946
JFM2026,TP,MME,east_northeast_india,2026-01-01,daily,16,Week 3,model_own,-0.463516092435477,2.585826851865449,1.2430873260176147,-0.20894716798334034,-15.326920362989306,0.5244694119202276,1.976193537280083,1.2735686730472255,0.03048134702961065,0.26539374915782615
JFM2026,TP,MME,east_northeast_india,2026-01-01,daily,17,Week 3,model_own,0.5932669683094546,1.7768850891432277,0.7515880851696657,0.41840973840839213,-8.839879014854974,0.8563675458028844,1.963111294979264,0.8269782204581895,0.07539013528852369,0.43622974815186427
JFM2026,TP,MME,east_northeast_india,2026-01-01,daily,18,Week 3,model_own,0.5335947250289774,1.7738260556249004,0.7500331071234178,0.348064365460258,-4.448094822662999,0.8696355085612317,1.8933578820629688,0.9927603762447832,0.2427272691213655,0.45930857383058105
JFM2026,TP,MME,east_northeast_india,2026-01-01,daily,19,Week 3,model_own,0.6574303919568221,1.394692332561604,0.6159522246939785,0.47825084694668485,-11.692445083568723,0.6751862250640867,1.5870981738258583,0.9004679302372192,0.28451570554324085,0.42542183980747894
JFM2026,TP,MME,east_northeast_india,2026-01-01,daily,20,Week 3,model_own,0.6493717187606072,1.5671282534806528,0.7930671069617388,0.4399426725940392,-11.300174657829187,0.8639476583465109,1.7422416036123658,1.0424200209050205,0.24935291394328188,0.49588280784662747
JFM2026,TP,MME,east_northeast_india,2026-01-01,daily,21,Week 3,model_own,0.6591323672384085,1.9067499831663208,0.7714446316074675,0.4584543641908486,-8.00275528256738,0.8510540735323447,2.182977236524602,0.8134493252740053,0.04200469366653771,0.38985934406135225
JFM2026,TP,MME,east_northeast_india,2026-01-01,daily,22,Week 4,model_own,0.6388033679098614,1.943925756718403,0.8936375594133908,0.42750401870915633,-9.53814453595215,0.8714659171051123,2.147517836430218,0.9486607356387199,0.055023176225329096,0.40580148035172325
JFM2026,TP,MME,east_northeast_india,2026-01-01,daily,23,Week 4,model_own,0.6459140584725963,1.9695204640125326,1.0373638542189634,0.3774235218552575,-13.475920894036559,0.794681122759954,2.0736935720250638,1.1420115526614256,0.10464769844246244,0.38322013120960235
JFM2026,TP,MME,east_northeast_india,2026-01-01,daily,24,Week 4,model_own,0.5306830497710882,1.979558321270796,1.1686842193212645,0.227755187227076,-9.608269259795906,1.0190463364035016,1.8849734174443478,1.4573124155385055,0.2886281962172411,0.5406157598684481
JFM2026,TP,MME,east_northeast_india,2026-01-01,daily,25,Week 4,model_own,0.5028152989549617,2.255485603473909,1.4231660144261329,0.08330727533065962,-62.19681484586378,0.5793047765647604,1.967906619932978,1.678716425885705,0.25555041145957214,0.2943761511328673
JFM2026,TP,MME,east_northeast_india,2026-01-01,daily,26,Week 4,model_own,0.5748117947586723,2.72981457098118,1.7316169644102422,0.07952572897828636,-14.217512355867191,0.526519066947897,2.3685062365531224,1.7352351347663446,0.0036181703561027345,0.22230005512425335
JFM2026,TP,MME,east_northeast_india,2026-01-01,daily,27,Week 4,model_own,0.6350542601689669,2.879968135610532,1.856552709113588,-0.02706802878471315,-21.081484947070262,0.3481704379631188,2.4063060135895777,1.956776070991044,0.1002233618774558,0.1446908398170604
JFM2026,TP,MME,east_northeast_india,2026-01-01,daily,28,Week 4,model_own,-0.15523013697676724,1.1268232278841326,0.766824942732907,-0.5140495268210008,0.7284071099737934,0.13207045793045485,0.7947825568650847,1.9564873349291736,1.1896623921962666,0.16617181239028372
JFM2026,TP,MME,east_northeast_india,2026-01-01,daily,29,Week 5,model_own,0.5819568194952759,1.4668914494796,0.7958745558785747,0.3061160281273211,-2.070596895253411,0.2718870993823969,1.370442399843399,1.3675291987993938,0.5716546429208194,0.19839367157165128
JFM2026,TP,MME,east_northeast_india,2026-01-01,daily,30,Week 5,model_own,-0.10919170888893893,2.84879699888103,1.5436175464270578,0.010225758616399738,-27.823228107763985,0.1593366138740766,2.3717027974016216,1.649046863985665,0.10542931755860713,0.0671823695821592
JFM2026,TP,MME,east_northeast_india,2026-01-01,daily,31,Week 5,model_own,0.23818320882623806,3.1123159882396063,1.846105347165475,-0.03166302719997294,-23.300161788607895,0.23911126553149475,2.5518421104426947,1.8928357798041,0.04673043263862513,0.09370143417298402
JFM2026,TP,MME,east_northeast_india,2026-01-01,daily,32,Week 5,model_own,0.6900140011229081,2.4559874452957042,1.3770363477991656,0.258455007104499,-33.80421757509081,0.4563204994858167,2.3214961474599622,1.4958339492672381,0.11879760146807242,0.19656310865951443
JFM2026,TP,MME,east_northeast_india,2026-01-01,daily,33,Week 5,model_own,0.6044494366469677,2.471249580334357,1.336973380646567,0.2862332646487442,-33.313817290989846,0.6359304617364213,2.400057202758875,1.4726313393860515,0.13565795873948472,0.26496471042665853
JFM2026,TP,MME,east_northeast_india,2026-01-01,daily,34,Week 5,model_own,0.6755930817811087,2.469774038166215,1.5356193315168585,0.10155880943108264,-17.352064752691078,0.2516568787841021,2.0954349734372117,1.8275156118426936,0.29189628032583526,0.12009767994437018
JFM2026,TP,MME,east_northeast_india,2026-01-01,daily,35,Week 5,model_own,0.5852183074003404,1.9337831325471246,1.12132703468496,0.28404094004079494,-13.125496119132107,0.3701720827559573,1.763255128883777,1.5420802822152386,0.42075324753027876,0.20993676790850654
JFM2026,TP,MME,east_northeast_india,2026-01-01,daily,36,Week 6,model_own,0.4882872166449963,2.6284426750882925,1.1262404431371298,0.2062761005792313,-12.548904031218822,0.20566333729773184,2.4685614329655166,1.4195019586105209,0.29326151547339113,0.08331303185380551
JFM2026,TP,MME,east_northeast_india,2026-01-01,daily,37,Week 6,model_own,0.5379696343456717,2.42198430850547,0.7579507875464092,0.27653829328537427,-0.7727465639907116,0.6230312760040132,2.574745713434296,1.4849209099712526,0.7269701224248432,0.24197778940002188
JFM2026,TP,MME,east_northeast_india,2026-01-01,daily,38,Week 6,model_own,0.6975869665656055,1.979699685582077,1.2366168944809153,0.2791134919319658,-10.224794156009716,0.4232852138720006,1.8111965749748853,1.7464578784964544,0.5098409840155392,0.23370473405288436
JFM2026,TP,MME,east_northeast_india,2026-01-01,daily,39,Week 6,model_own,0.6654038929273757,2.8683978699988857,1.3076441430200492,0.314181010310001,-22.268572466775215,0.5321910477059689,2.8760157698229,1.391187172503057,0.08354302948300783,0.18504455131646944
JFM2026,TP,MME,east_northeast_india,2026-01-01,daily,40,Week 6,model_own,0.6391608214553411,3.1324283952544807,1.5547281417472343,0.19522426056843667,-28.267447392270213,0.300993085326031,2.9018741637366077,1.6607151455373643,0.10598700379012982,0.103723686260212
JFM2026,TP,MME,east_northeast_india,2026-01-01,daily,41,Week 6,model_own,0.7450309103931426,2.872371982105621,1.5484499833166812,0.3099096282456454,-31.71918935691226,0.6408073195622682,2.858622741465912,1.6860591668683536,0.13760918355167254,0.22416645270010685
JFM2026,TP,MME,east_northeast_india,2026-01-01,daily,42,Week 6,model_own,0.7027986988717877,2.625456501144891,1.1928527739999901,0.34793908546707497,-3.0433796337844132,0.8405162714618698,2.851819493873289,1.7507745227748661,0.5579217487748761,0.294729828892605
JFM2026,TP,MME,east_northeast_india,2026-01-01,weekly,1,Week 1,model_own,0.6641787739956648,1.2573697839290918,0.41699632391914937,0.434078649071558,-8.2367766534934,0.42475176050500235,1.4250308102900833,0.6072005564496182,0.19020423253046884,0.29806496634170226
JFM2026,TP,MME,east_northeast_india,2026-01-01,weekly,2,Week 2,model_own,0.6517452467425312,1.5927949074535612,0.5807308852506131,0.43062888402265376,-6.143288300262006,0.5357328033028026,1.7755733238172517,0.6354633419408645,0.05473245669025139,0.301723841035777
JFM2026,TP,MME,east_northeast_india,2026-01-01,weekly,3,Week 3,model_own,0.6275107461750403,1.7575759341353463,0.8096622575414234,0.38606686098586895,-13.632093028809416,0.6371556578706266,1.8788117146658199,0.9425174627224618,0.1328552051810384,0.33912693480514944
JFM2026,TP,MME,east_northeast_india,2026-01-01,weekly,4,Week 4,model_own,0.5897016754012586,2.015839074884668,1.2682637173192441,0.18416123525030081,-61.12016882512357,0.5794249664859359,1.8370579381647605,1.5535999113493628,0.28533619403011845,0.31540919556668273
JFM2026,TP,MME,east_northeast_india,2026-01-01,weekly,5,Week 5,model_own,0.6341569579541122,2.364372659734907,1.3652219695938623,0.17499933836386383,-90.6818787910042,0.29335157303793485,2.103054523055172,1.6067818912751386,0.24155992168127635,0.13948833462090846
JFM2026,TP,MME,east_northeast_india,2026-01-01,weekly,6,Week 6,model_own,0.7131089567805181,2.5173566830104845,1.246354679377076,0.3031758708214811,-21.672108499518465,0.49438574773477595,2.512078528072344,1.5913737881009131,0.34501910872383695,0.19680346064425994
JFM2026,TP,MME,northwest_india,2026-01-01,daily,1,Week 1,model_own,0.8091260393758822,0.6983927587721165,0.4896770745353316,0.6020518386843359,0.19791646397550877,0.5953816043049399,0.8360857443703992,0.5859199279284729,0.09624285339314147,0.7121059153487689
JFM2026,TP,MME,northwest_india,2026-01-01,daily,2,Week 1,model_own,0.8579838896781696,0.6430615942154445,-0.16863921890301714,0.6029174899618186,-0.05217864198225186,1.1369088449895761,0.7656186353838524,-0.008404556454146268,0.1602346624488709,1.484954509263705
JFM2026,TP,MME,northwest_india,2026-01-01,daily,3,Week 1,model_own,0.5912648983986186,1.173687390641911,-0.5259418876451099,-0.5965364526938177,-1.4258848701058326,1.297955405642435,0.6953508752485776,-0.2944206018893288,0.2315212857557811,1.866619359871281
JFM2026,TP,MME,northwest_india,2026-01-01,daily,4,Week 1,model_own,0.8783858034841963,0.43440929200951006,0.16965684417276003,0.8595941705429977,0.6544102062525421,0.6825787478826908,0.8308582220964837,0.22094043054305568,0.05128358637029565,0.8215345647785214
JFM2026,TP,MME,northwest_india,2026-01-01,daily,5,Week 1,model_own,0.850018758999275,0.7172412420041142,0.4689539198082853,0.5874133369769079,0.1726228842267571,0.30488782532358905,0.7775470336978584,0.5399967501983128,0.07104283039002741,0.3921149616809718
JFM2026,TP,MME,northwest_india,2026-01-01,daily,6,Week 1,model_own,0.8804433872034662,0.8090741268738715,0.5075384736478643,0.5855479986265069,-0.003935139359998452,0.3303619928275932,0.9011674660622657,0.5176830406453313,0.010144566997467033,0.3665933417138774
JFM2026,TP,MME,northwest_india,2026-01-01,daily,7,Week 1,model_own,0.9478836470739835,0.5579014114496357,0.31711436272253957,0.8143036299387527,0.5284158027355752,0.545960384077021,0.9422811390277869,0.32956993264316214,0.012455569920622566,0.5794028570287675
JFM2026,TP,MME,northwest_india,2026-01-01,daily,8,Week 2,model_own,0.8219172334287721,0.7359348480069885,0.31510483749016205,0.6863442244698605,0.25046873671582526,0.4721874254325759,0.9963496685875642,0.37403865312764173,0.05893381563747976,0.4739173809351026
JFM2026,TP,MME,northwest_india,2026-01-01,daily,9,Week 2,model_own,0.799425391503155,0.6254110047519178,0.22929019621132513,0.7832294535002089,0.40617752768413506,0.7938941974685539,0.9679596571090278,0.2301666659906847,0.0008764697793595891,0.8201728157138809
JFM2026,TP,MME,northwest_india,2026-01-01,daily,10,Week 2,model_own,0.8900485034999529,0.7852543780819379,-0.28785826294190703,0.6707014903301134,0.05173776092960003,1.4542967564795697,0.9874084674942709,-0.28505565655204584,0.002802606389861281,1.4728420956021504
JFM2026,TP,MME,northwest_india,2026-01-01,daily,11,Week 2,model_own,0.8363099751584084,0.8290615467181146,-0.2559204121441174,0.6163424696004172,-0.7492300413238941,1.4108808855343526,1.0266151626517963,-0.14517751063130646,0.11074290151281098,1.374303572421412
JFM2026,TP,MME,northwest_india,2026-01-01,daily,12,Week 2,model_own,0.9483190864238491,0.41922328197267117,0.2445406727883093,0.9137630116071215,0.7311961244295462,0.8832880700028232,1.0310017844410588,0.24771852566654887,0.0031778528782395814,0.8567279740274006
JFM2026,TP,MME,northwest_india,2026-01-01,daily,13,Week 2,model_own,0.9477491670381706,0.516441389719037,0.3351322038864202,0.8745810258403501,0.5949907876219158,0.7932998445577464,1.0524333511047042,0.33777119010980755,0.0026389862233873324,0.7537768009014975
JFM2026,TP,MME,northwest_india,2026-01-01,daily,14,Week 2,model_own,0.8940347437629731,0.6713840191607415,0.4146444151034526,0.7699373424722661,0.0327544839004944,0.6394035526750601,1.015239090879641,0.48536934951685984,0.07072493441340721,0.6298058835786722
JFM2026,TP,MME,northwest_india,2026-01-01,daily,15,Week 3,model_own,-0.09206218130433695,2.6368170530082,-0.7344406518249935,-0.2629422070632037,-0.6160415167906048,0.76318678556024,2.3454967126376673,0.3835618946602917,1.1180025464852852,0.32538386493920324
JFM2026,TP,MME,northwest_india,2026-01-01,daily,16,Week 3,model_own,0.5645196975517195,1.1106347399419108,0.19472796895302175,0.4260006377954332,-0.6993119619361758,0.4776079142991185,1.2895091035437818,0.5731612307235984,0.3784332617705767,0.3703796374810956
JFM2026,TP,MME,northwest_india,2026-01-01,daily,17,Week 3,model_own,0.6473324782172706,1.030242526690843,0.5242765807888656,0.48815735477308686,-1.0020849032001955,0.6453404241597408,1.1557094195709028,0.7600510681446878,0.23577448735582224,0.5583933238160729
JFM2026,TP,MME,northwest_india,2026-01-01,daily,18,Week 3,model_own,0.19981461187915567,1.4689542642426356,0.12232419647860876,0.11292575619194456,-1.8544492912406145,0.6427930511616234,1.4498694291492782,0.6591507142145834,0.5368265177359747,0.44334547528103074
JFM2026,TP,MME,northwest_india,2026-01-01,daily,19,Week 3,model_own,0.6322092522775106,0.9863749545321738,0.48754692485107753,0.5156401414162374,-5.863743975335546,0.6687551372543111,1.1059872945289217,0.7299365510448427,0.24238962619376514,0.6046680107108799
JFM2026,TP,MME,northwest_india,2026-01-01,daily,20,Week 3,model_own,0.8675626913071844,0.9373175194378635,0.612322544249925,0.6602249168360972,-1.204321877946641,0.7199001701866817,1.2372920236421496,0.7322763768062623,0.11995383255633714,0.5818352954927735
JFM2026,TP,MME,northwest_india,2026-01-01,daily,21,Week 3,model_own,-0.47009301422032906,6.518390651763431,-2.2160369414054535,-0.012892534130714894,0.08752534975146864,0.25240472689887977,6.007435389398438,1.3696188814438983,3.5856558228493514,0.04201538768844831
JFM2026,TP,MME,northwest_india,2026-01-01,daily,22,Week 4,model_own,0.6121147471792469,18.785733348437432,-10.641841938617164,0.08139099986538134,0.18486535446407593,0.6019199725844095,15.841918846642795,2.080762174405748,12.722604113022912,0.03799539553328591
JFM2026,TP,MME,northwest_india,2026-01-01,daily,23,Week 4,model_own,-0.5380890933149862,2.198592783122897,1.5273805415576296,-1.5579804699601385,-5.059279799897298,0.7112586114955021,1.0806677167761911,1.873693267672413,0.34631272611478353,0.658165873241132
JFM2026,TP,MME,northwest_india,2026-01-01,daily,24,Week 4,model_own,-0.4935982343839256,2.3529337115615645,1.7621000102190312,-1.6815399218992093,-18.84819793588053,0.7580058796819727,1.0389017180271125,1.9806760855286785,0.21857607530964762,0.7296223180008168
JFM2026,TP,MME,northwest_india,2026-01-01,daily,25,Week 4,model_own,-0.5082916646807281,2.349187680501965,0.41410070764490314,-0.6597371873243421,0.08112269780344317,0.7967212262841094,1.803298788396323,1.911885260824223,1.4977845531793197,0.44181320999646156
JFM2026,TP,MME,northwest_india,2026-01-01,daily,26,Week 4,model_own,0.1405806420495564,13.249548569611303,-8.290858104058852,0.03093604514046744,0.1626758760671444,0.576037500769109,10.400231037078552,1.4968510421602743,9.787709146219129,0.055386990800054305
JFM2026,TP,MME,northwest_india,2026-01-01,daily,27,Week 4,model_own,0.5027003083431006,2.7018598791148416,0.20670533814014727,0.12365281770305447,0.17465785764763386,0.4345612234990723,2.8860744293478184,1.4423925867448513,1.235687248604704,0.1505717313039887
JFM2026,TP,MME,northwest_india,2026-01-01,daily,28,Week 4,model_own,-0.3721304629822206,2.3195665707954234,1.6804045438169446,-0.6249469187066656,-8.78266720797432,0.5209024923434443,1.3302513289152933,1.7170108056904636,0.036606261873519244,0.39158201237671075
JFM2026,TP,MME,northwest_india,2026-01-01,daily,29,Week 5,model_own,0.4533876003465388,1.560269533156225,0.828542327649164,0.13379171388555633,-13.830387236758577,0.12494800563644663,1.3740548376373038,1.1632649499464387,0.3347226222972746,0.09093378387379032
JFM2026,TP,MME,northwest_india,2026-01-01,daily,30,Week 5,model_own,0.36253884977215745,1.4578013884488707,0.4604994166735119,0.09545271352228824,-0.7295575456697512,0.21122504726453972,1.4456547982746177,1.2636422487479955,0.8031428320744834,0.14611029376904905
JFM2026,TP,MME,northwest_india,2026-01-01,daily,31,Week 5,model_own,0.5036916289069997,1.7751540822430516,-0.2059984445843189,0.26426482913661364,0.6971111094360707,0.53688831917974,1.9714899053791581,1.7544338356435045,1.9604322802278236,0.27232618220101174
JFM2026,TP,MME,northwest_india,2026-01-01,daily,32,Week 5,model_own,-0.5826195118277262,2.2217070380177573,1.2270371923791359,-0.5536262066569682,-2.1626053477364415,0.42723344218763015,1.570368815305432,1.733841798314572,0.5068046059354359,0.2720593009894523
JFM2026,TP,MME,northwest_india,2026-01-01,daily,33,Week 5,model_own,0.013763526519197534,1.0711438571620733,0.24403137230624194,-0.017695218767610488,0.5262022239554214,0.3039759383334574,1.0018881384028364,1.2625876326112104,1.0185562603049685,0.3034030713429163
JFM2026,TP,MME,northwest_india,2026-01-01,daily,34,Week 5,model_own,0.48539589140716105,1.7977103794926534,1.2571655197621003,0.1910818714029231,-4.264814029444616,0.599673579606478,1.4642867033702875,1.2870149612032413,0.029849441441141055,0.409532899688452
JFM2026,TP,MME,northwest_india,2026-01-01,daily,35,Week 5,model_own,0.8215082647599646,1.68381842981583,1.1584859413575066,0.3092224119092304,-3.805251175950483,0.32185371819779507,1.472492934742153,1.1769270895676422,0.018441148210136035,0.2185774278463038
JFM2026,TP,MME,northwest_india,2026-01-01,daily,36,Week 6,model_own,0.3788937673296582,1.7373891024605483,0.9717643805835854,0.16676209141053844,-9.231318094904031,0.27781858257182135,1.5223354177194166,1.2562322598871773,0.2844678793035921,0.1824949872006633
JFM2026,TP,MME,northwest_india,2026-01-01,daily,37,Week 6,model_own,0.5130141342822953,1.9378350038819456,1.3795133020554045,0.13377596054873675,-4.937656086766715,0.36438931075483855,1.5114418211488934,1.3898732441795907,0.010359942124186025,0.24108722258184906
JFM2026,TP,MME,northwest_india,2026-01-01,daily,38,Week 6,model_own,0.900605393104874,1.5803846584909405,1.0681879419490432,0.4372336815045016,-2.807155612467126,0.41598407242184243,1.525246336453678,1.0696578848494693,0.0014699429004262697,0.27273238589711307
JFM2026,TP,MME,northwest_india,2026-01-01,daily,39,Week 6,model_own,0.7229321963379153,1.4982496711364057,1.0376240199014533,0.33862876278572895,-9.34118029809713,0.5063484401671208,1.388648579605224,1.2910091384673605,0.2533851185659073,0.3646339668680391
JFM2026,TP,MME,northwest_india,2026-01-01,daily,40,Week 6,model_own,-0.6382310686769889,2.0812328671269436,0.49135405058681664,-0.3979918225284682,-0.10772235152724541,0.45370271798033013,1.7024429785483677,1.5158927955850305,1.0245387449982142,0.266500977534761
JFM2026,TP,MME,northwest_india,2026-01-01,daily,41,Week 6,model_own,0.09744841370278455,2.2281101255501756,1.5991945869851631,-0.09974280422328063,-6.965456969736494,0.3738344763918147,1.5426255476454673,1.616839824151842,0.017645237166678478,0.2423365002364987
JFM2026,TP,MME,northwest_india,2026-01-01,daily,42,Week 6,model_own,0.036159623443683495,2.5480587407934507,2.0189825029304846,-0.48457834427464186,-13.312289097070575,0.3794050862595744,1.5212180654015524,2.067182871678193,0.04820036874770825,0.24940874348571698
JFM2026,TP,MME,northwest_india,2026-01-01,weekly,1,Week 1,model_own,0.9240574337255831,0.35876812579287776,0.17976564312958246,0.8945381794412677,0.7535743561577721,0.6634814457299254,0.7921946139851455,0.27018354975995246,0.09041790663037,0.8375232979586584
JFM2026,TP,MME,northwest_india,2026-01-01,weekly,2,Week 2,model_own,0.9143229427741074,0.4271646123868125,0.14213336681605862,0.902189226267314,0.6772745667542148,0.8986264413520854,0.9943250444396318,0.1778330198504232,0.03569965303436457,0.9037552120177372
JFM2026,TP,MME,northwest_india,2026-01-01,weekly,3,Week 3,model_own,0.07286477704882258,1.4583200174214181,-0.14418278368859952,-0.08479359556451138,-0.8924346334358659,0.5538762431082062,1.3822814941854882,0.7439652294777036,0.8881480131663031,0.4006971412393672
JFM2026,TP,MME,northwest_india,2026-01-01,weekly,4,Week 4,model_own,0.4727165456643214,3.4024235167361874,-1.906001284444098,0.24032976104522308,0.5592591539264353,0.5239313712298077,3.0280454177404836,1.786181571300045,3.692182855744143,0.17302625917043324
JFM2026,TP,MME,northwest_india,2026-01-01,weekly,5,Week 5,model_own,0.002244587131764198,1.1668343496175886,0.7099661432043253,-0.05232095676608184,-1.141349147768692,0.17908251385359794,0.9089062809683361,1.3773874635546377,0.6674213203503122,0.19703078040434038
JFM2026,TP,MME,northwest_india,2026-01-01,weekly,6,Week 6,model_own,0.4941750433768332,1.6834048451664787,1.2238029566830861,0.0943986476168972,-21.19197512334127,0.30307903564527905,1.2752666872125342,1.4580982820836887,0.23429532540060247,0.23765933720714238
JFM2026,TP,MME,south_peninsula,2026-01-01,daily,1,Week 1,model_own,-0.18786954215294016,3.2576438546182076,1.8373341193988222,-22.404739862576406,-23.76241887312872,2.5035092865591038,0.6205845139261974,2.145151237723373,0.30781711832455066,4.034114984146756
JFM2026,TP,MME,south_peninsula,2026-01-01,daily,2,Week 1,model_own,-0.3128259840174707,0.8510755392952263,0.5451782547198986,-0.765771402554577,-28.15880612534349,0.385047258647628,0.4211722919826432,0.6099155184417662,0.0647372637218676,0.9142274218349958
JFM2026,TP,MME,south_peninsula,2026-01-01,daily,3,Week 1,model_own,0.3715001201934305,0.5377429991641768,-0.08081648604614679,0.3676084126349328,-5.34454258148499,0.4955736984018151,0.45044727883568314,-0.05736289889260733,0.023453587153539443,1.1001813568122218
JFM2026,TP,MME,south_peninsula,2026-01-01,daily,4,Week 1,model_own,0.5297297668314216,0.5636876115566464,-0.2933526809058752,0.28822269579350857,-4.792970595231059,0.5326845055865489,0.44819101524186755,-0.27892322927735436,0.01442945162852085,1.1885211605571437
JFM2026,TP,MME,south_peninsula,2026-01-01,daily,5,Week 1,model_own,-0.021000075748408665,0.5985987172850328,-0.19050490744303028,-0.22239839431695319,-4.1872242755597044,0.4165952107049255,0.3766775602314162,-0.08585847968963517,0.1046464277533951,1.1059729983622741
JFM2026,TP,MME,south_peninsula,2026-01-01,daily,6,Week 1,model_own,0.08052651279611442,0.5683700400735374,0.14578315228180871,0.15032732511636404,-5.543840693306786,0.4056834336811693,0.40452838382812817,0.15833000291010196,0.01254685062829328,1.0028552998978977
JFM2026,TP,MME,south_peninsula,2026-01-01,daily,7,Week 1,model_own,0.6966404797193639,0.3057793305022495,0.12151570290849054,0.73997046792933,-0.8197324189720043,0.30658642443098105,0.38781120320864154,0.1265780265740109,0.005062323665520383,0.7905558733073481
JFM2026,TP,MME,south_peninsula,2026-01-01,daily,8,Week 2,model_own,0.3537817303912432,2.7533105050435265,-0.45825154190294143,0.10556633090095491,0.17942566880860145,0.5479800870214636,2.859953462191793,0.5331236840311576,0.9913752259340989,0.19160454681017997
JFM2026,TP,MME,south_peninsula,2026-01-01,daily,9,Week 2,model_own,0.7592400120923947,4.507800557260508,-2.291092549355013,0.3618190735615944,0.41042708785666937,1.2717178868454104,4.75844830010897,1.1748544755678012,3.4659470249228135,0.267254744958832
JFM2026,TP,MME,south_peninsula,2026-01-01,daily,10,Week 2,model_own,0.30586546506271145,2.4484362951278227,-0.6348712594084104,0.201745859360829,0.2921872519387019,0.8133391981087894,2.4830834106829007,0.94446694476828,1.5793382041766901,0.3275521050197439
JFM2026,TP,MME,south_peninsula,2026-01-01,daily,11,Week 2,model_own,0.5729191605944702,1.4700514164626743,0.1475087547675684,0.3576832834421939,0.41355302246238324,1.1613337804099708,1.7758850683042409,1.0144497936308714,0.8669410388633029,0.6539464749928364
JFM2026,TP,MME,south_peninsula,2026-01-01,daily,12,Week 2,model_own,0.488052628198454,6.638731415614001,-1.2729357495765894,0.25831100786459593,0.287867238747208,2.199935155680355,7.299876576031982,1.6013003170004285,2.8742360665770175,0.30136607554482525
JFM2026,TP,MME,south_peninsula,2026-01-01,daily,13,Week 2,model_own,-0.7547208725175161,2.6346423052683807,1.4019709536842726,-34.854183561077,-87.22350397261354,1.959398835857248,0.3442259776594725,1.516316909548724,0.1143459558644511,5.692187583226489
JFM2026,TP,MME,south_peninsula,2026-01-01,daily,14,Week 2,model_own,-0.6724777750191329,1.1986625181045938,0.7991819439807366,-6.293761079442851,-33.655700642627245,0.6869891279853991,0.2725734894713103,0.8290321088629653,0.029850164882228657,2.520381308240573
JFM2026,TP,MME,south_peninsula,2026-01-01,daily,15,Week 3,model_own,-0.6367569437498957,0.8652712777102429,0.6310009539098941,-2.6902942629774937,-15.513567930424596,0.3751172323785169,0.27773865817666565,0.649298115918353,0.018297162008458823,1.3506122440467403
JFM2026,TP,MME,south_peninsula,2026-01-01,daily,16,Week 3,model_own,-0.7998514355650629,0.8029183108972408,0.5670261982694769,-2.0453220454989363,-11.00929654871809,0.3117817090999259,0.28740878730222225,0.5739620848749105,0.006935886605433838,1.084802284670839
JFM2026,TP,MME,south_peninsula,2026-01-01,daily,17,Week 3,model_own,0.2386368604827849,0.6814629235716568,0.3656760618497585,-0.19756973648816745,-0.09120100248543594,0.18006919907723096,0.5907798166934677,0.5287135722798273,0.16303751043006875,0.3047991721942352
JFM2026,TP,MME,south_peninsula,2026-01-01,daily,18,Week 3,model_own,-0.07275692798349391,0.6326164519582216,0.5226514371343975,-1.8537542990449323,-4.355977943263629,0.24208274933209106,0.24457989531186816,0.5932327095562426,0.07058127242184503,0.9897900603130403
JFM2026,TP,MME,south_peninsula,2026-01-01,daily,19,Week 3,model_own,-0.17985156153937687,0.6061173670469555,0.5318873553559337,-1.788824586808528,-4.623501948572456,0.1477691044553242,0.2251072382224453,0.5962835449085291,0.06439618955259542,0.6564387072676113
JFM2026,TP,MME,south_peninsula,2026-01-01,daily,20,Week 3,model_own,-0.07304125099147159,0.6426473670879863,0.5570309481699673,-1.1695481213410752,-6.8615410456638894,0.14789821060110409,0.27372321284722445,0.5620249347557279,0.0049939865857606,0.5403203077396721
JFM2026,TP,MME,south_peninsula,2026-01-01,daily,21,Week 3,model_own,0.4449557745841433,0.6190943748220613,0.5610784042953154,-1.0563120770415595,-5.753197344038269,0.20919885414432682,0.2757571261419315,0.5698674647836656,0.008789060488350132,0.7586344442705452
JFM2026,TP,MME,south_peninsula,2026-01-01,daily,22,Week 4,model_own,0.20718035425925757,0.590535916749577,0.2975505462490952,-0.27574574419360154,-0.7268211146303101,0.20898788901150234,0.5106258391653761,0.5228180798859475,0.22526753363685245,0.4092779350004996
JFM2026,TP,MME,south_peninsula,2026-01-01,daily,23,Week 4,model_own,-0.030805898545539643,5.138811121308975,-0.8733055974174818,0.0019122081442659589,-0.011341465850466692,0.23250454448067798,5.051563614047603,0.4307704112342401,1.304076008651722,0.04602625290793517
JFM2026,TP,MME,south_peninsula,2026-01-01,daily,24,Week 4,model_own,-0.09628262293750862,3.7853027086746898,-0.6085025514789446,-0.01260972658833226,-0.034207861642062465,0.24309319088607367,3.7048237911513797,0.3750781252053304,0.9835806766842751,0.06561531791786662
JFM2026,TP,MME,south_peninsula,2026-01-01,daily,25,Week 4,model_own,-0.008517671384871495,0.7163695463403255,0.27377155828160116,-1.24302158787255,-2.584365812152959,0.4595826682135728,0.47256580926144043,0.5297793936329506,0.25600783535134936,0.9725262793172477
JFM2026,TP,MME,south_peninsula,2026-01-01,daily,26,Week 4,model_own,0.5102672968023068,0.5220578788794565,0.3488875138255586,-0.6246906930333438,-4.556013394078542,0.45005421141870444,0.2614491632368203,0.3620722995898975,0.013184785764338984,1.721383254193267
JFM2026,TP,MME,south_peninsula,2026-01-01,daily,27,Week 4,model_own,0.6420930229920344,0.3082635956459731,0.20881716680218768,0.48595632916766074,-0.7246822435796312,0.25246330398170613,0.2802663513993182,0.21005957951513676,0.0012424127129490835,0.9007977686982522
JFM2026,TP,MME,south_peninsula,2026-01-01,daily,28,Week 4,model_own,0.7738810939692501,0.24190373337754864,0.15867681823200105,0.6850992975848041,-0.06338888945686905,0.19024598928287215,0.28441948203146883,0.16082053959865256,0.002143721366651484,0.6688922570424444
JFM2026,TP,MME,south_peninsula,2026-01-01,daily,29,Week 5,model_own,0.7378138853088065,0.26002085396625485,0.17171693966641596,0.6418651960801195,-0.22392505547307207,0.2174009877643326,0.2892020047529175,0.17283942598189095,0.0011224863154749814,0.7517271118160858
JFM2026,TP,MME,south_peninsula,2026-01-01,daily,30,Week 5,model_own,0.20033111374544382,0.33425129353098404,0.1347260096180489,0.3232913491723023,-0.8965717562854094,0.1490641200067467,0.29864549083898023,0.18459153965872896,0.049865530040680076,0.49913400529833263
JFM2026,TP,MME,south_peninsula,2026-01-01,daily,31,Week 5,model_own,0.20933896402826505,0.31435604085367136,0.0978211433339013,0.27786041534642625,-1.3507278764286892,0.21420283294059725,0.2578635470122544,0.15825049795707866,0.06042935462317739,0.8306828763602547
JFM2026,TP,MME,south_peninsula,2026-01-01,daily,32,Week 5,model_own,0.0008258091236710064,0.46676575801986664,0.015984714822905095,-0.11377996048531314,0.2861653883758909,0.23062765618478517,0.4056848221116345,0.16579201996645718,0.14980730514355206,0.5684897329516609
JFM2026,TP,MME,south_peninsula,2026-01-01,daily,33,Week 5,model_own,0.6055868620918402,0.3339920983512706,0.24132374909543156,0.39652583964375676,-1.303840959360819,0.19127989507938664,0.28945596691360703,0.2496904986981038,0.008366749602672214,0.6608255380566306
JFM2026,TP,MME,south_peninsula,2026-01-01,daily,34,Week 5,model_own,0.5055997438652886,0.4110871326527615,0.2945309286373865,0.18941922292450042,-2.074367398139113,0.24062617230928401,0.31951020314316303,0.2952370948695631,0.0007061662321765764,0.7531095093118719
JFM2026,TP,MME,south_peninsula,2026-01-01,daily,35,Week 5,model_own,0.40801752496450694,0.3068404482005324,0.16424230988800223,0.20963517201501958,-2.480169212944319,0.2558559070877373,0.21669383839620898,0.22338533074828681,0.05914302086028453,1.1807253449446187
JFM2026,TP,MME,south_peninsula,2026-01-01,daily,36,Week 6,model_own,0.66899397785364,0.3183155600900486,0.1766495692781222,0.5244492754034024,-0.9657597465144359,0.11728166599118553,0.32850236913448794,0.18144630238624906,0.004796733108126902,0.35701923946603487
JFM2026,TP,MME,south_peninsula,2026-01-01,daily,37,Week 6,model_own,0.24430182997066247,0.3694464863199426,0.17015798404348548,0.3857200783651399,-1.5814709829836082,0.09019997501718577,0.3380843022315872,0.17262225773423462,0.0024642736907491193,0.26679728819647747
JFM2026,TP,MME,south_peninsula,2026-01-01,daily,38,Week 6,model_own,0.06951206159360808,0.4185191839248949,0.21491453503426222,0.262540115571818,-2.199791820428811,0.0781705992282946,0.3559889785280942,0.21556496710144424,0.0006504320671820491,0.2195871331508806
JFM2026,TP,MME,south_peninsula,2026-01-01,daily,39,Week 6,model_own,0.006351678689847454,0.24673410681637975,0.1680337355060751,0.42269023822395757,-0.18990389064390722,0.04620000591192002,0.17495892432949486,0.2310659947429129,0.06303225923683783,0.2640620139211244
JFM2026,TP,MME,south_peninsula,2026-01-01,daily,40,Week 6,model_own,0.04332969808151158,0.468202535934209,0.2969761142493361,0.0933726107322147,-3.2808643162735063,0.05930550647309199,0.3596526806426616,0.3012687873397398,0.004292673090403677,0.1648966062678006
JFM2026,TP,MME,south_peninsula,2026-01-01,daily,41,Week 6,model_own,0.04250967389098556,0.508210864454308,0.32627431918502253,0.022199810832173927,-3.6459874713263574,0.08484565059954574,0.38391923205693546,0.3268648634922636,0.0005905443072411045,0.22099869846312642
JFM2026,TP,MME,south_peninsula,2026-01-01,daily,42,Week 6,model_own,0.4502481898677192,0.48277581918608975,0.3078096772578301,0.14848298270157634,-3.1891892626074636,0.054596431141451976,0.393294835131373,0.30791578437374584,0.00010610711591576782,0.13881807301948176
JFM2026,TP,MME,south_peninsula,2026-01-01,weekly,1,Week 1,model_own,-0.46384020187437275,0.7398570255828859,0.29787672630653017,-0.6610860242460843,-20.17891269378003,0.4182728017950052,0.37286240136807886,0.3739757307042456,0.07609900439771543,1.1217886283527378
JFM2026,TP,MME,south_peninsula,2026-01-01,weekly,2,Week 2,model_own,0.8340312910002052,1.0408214520680874,-0.32978426355078716,0.7303413662554386,0.7793274505848424,1.1999658961559605,1.733101634758567,1.0876491507022905,1.417433414253078,0.6923805690848154
JFM2026,TP,MME,south_peninsula,2026-01-01,weekly,3,Week 3,model_own,-0.6499939279823906,0.6224197093687653,0.5337644740244987,-1.823194255656773,-8.370491468678926,0.14443177046891312,0.20687703241195346,0.5819117690674469,0.04814729504294824,0.698152756664194
JFM2026,TP,MME,south_peninsula,2026-01-01,weekly,4,Week 4,model_own,-3.916302349245406e-06,1.3840193169320203,-0.027729263527871133,-0.0395802961655185,-0.15607337590407444,0.2768601031345341,1.355760340496341,0.3701997680047803,0.3979290315326515,0.2042102094778611
JFM2026,TP,MME,south_peninsula,2026-01-01,weekly,5,Week 5,model_own,0.5592356231091165,0.2457012568742266,0.16004939229976675,0.4694147798331314,-1.257773890204657,0.20643158572574116,0.1893803103810025,0.2071123366229361,0.04706294432316935,1.0900372130050597
JFM2026,TP,MME,south_peninsula,2026-01-01,weekly,6,Week 6,model_own,0.3596410811025371,0.3932647510600259,0.23725941974712983,0.27919518914249053,-2.3821035192685027,0.05499177299157395,0.3291834717559173,0.2481069940957221,0.010847574348592274,0.16705508541555578
JFM2026,TP,Persistence,All India,2026-01-01,daily,1,Week 1,era5,0.6529132533425357,0.5592461427995614,0.049017163516870986,0.5640670080488361,0.0,0.6158217300294128,0.7066828588121808,0.19817605489290258,0.14915889137603153,0.8714258770398211
JFM2026,TP,Persistence,All India,2026-01-01,daily,2,Week 1,era5,0.8062043028713254,0.4645791009957077,0.06992305468576172,0.7440060980766741,0.0,0.6267208989076215,0.7762968711744379,0.19817605489290258,0.12825300020714078,0.8073211707777115
JFM2026,TP,Persistence,All India,2026-01-01,daily,3,Week 1,era5,0.784845440646011,0.46882816131207733,0.07560205207480741,0.7245595625551997,0.0,0.638183466499171,0.7410465477817981,0.19817605489290258,0.12257400281809509,0.8611921456343992
JFM2026,TP,Persistence,All India,2026-01-01,daily,4,Week 1,era5,0.8418979959931105,0.4654909901291356,0.1458324098096751,0.7819864983753009,0.0,0.650366076131435,0.816318504523578,0.19817605489290258,0.052343645083227405,0.7967062764441478
JFM2026,TP,Persistence,All India,2026-01-01,daily,5,Week 1,era5,0.8063541424482229,0.5034098375830488,0.1382750538800005,0.7447914932943664,0.0,0.6632964902185641,0.8184109769687358,0.19817605489290258,0.05990100101290203,0.8104687117898991
JFM2026,TP,Persistence,All India,2026-01-01,daily,6,Week 1,era5,0.8413213254536674,0.5055352844396215,0.1730257635639067,0.7739486851276209,0.0,0.6769396916819358,0.8724066473306428,0.19817605489290258,0.025150291328995832,0.7759451326433728
JFM2026,TP,Persistence,All India,2026-01-01,daily,7,Week 1,era5,0.8450971258073896,0.5452918551877771,0.19209257606162267,0.766892120082404,0.0,0.6909575140020517,0.9360500241786804,0.19817605489290258,0.006083478831279846,0.7381630213709138
JFM2026,TP,Persistence,All India,2026-01-01,daily,8,Week 2,era5,0.48018214441118756,1.41860449189825,-0.008628146868015413,0.2812028651563263,0.0,0.7061129852769252,1.615280824957836,0.19817605489290258,0.20680420176091802,0.4371456494540861
JFM2026,TP,Persistence,All India,2026-01-01,daily,9,Week 2,era5,0.3181814170657281,2.58176857503947,-0.4512773984486051,0.07049528295297636,0.0,0.7223735394417076,2.677882450280235,0.19817605489290258,0.6494534533415077,0.2697555075153178
JFM2026,TP,Persistence,All India,2026-01-01,daily,10,Week 2,era5,0.5147697475030473,1.3435581978745172,-0.1208963766965984,0.2904473637457182,0.0,0.739812647244087,1.5590707718218355,0.19817605489290258,0.3190724315895009,0.47452152950028487
JFM2026,TP,Persistence,All India,2026-01-01,daily,11,Week 2,era5,0.7181756038848588,0.9414534406842516,0.0012584686788456596,0.5503076919253855,0.0,0.758083809557164,1.3242154110826931,0.19817605489290258,0.1969175862140569,0.5724777126233158
JFM2026,TP,Persistence,All India,2026-01-01,daily,12,Week 2,era5,0.2549513441987314,3.4278116360909463,-0.3428566608067306,0.05563832637243371,0.0,0.7769093900836616,3.524932531655266,0.19817605489290258,0.5410327156996331,0.22040404549781104
JFM2026,TP,Persistence,All India,2026-01-01,daily,13,Week 2,era5,0.8749465621030177,0.5292685615014338,0.1551933530087519,0.8074944899825304,0.0,0.7960180497975528,1.024300183176722,0.19817605489290258,0.04298270188415063,0.7771335618908273
JFM2026,TP,Persistence,All India,2026-01-01,daily,14,Week 2,era5,0.9094452779450847,0.4638485081120496,0.15861542852449118,0.8519992827172633,0.0,0.8155697982688915,1.015550475601968,0.19817605489290258,0.03956062636841134,0.8030814990121118
JFM2026,TP,Persistence,All India,2026-01-01,daily,15,Week 3,era5,0.6827520655203488,1.2171852645998078,-0.16984292694895856,0.45132591295256974,0.0,0.8349593796076487,1.6095490829073313,0.19817605489290258,0.36801898184186116,0.5187535990511455
JFM2026,TP,Persistence,All India,2026-01-01,daily,16,Week 3,era5,0.8805923271945469,0.554741176382324,0.06923633680603884,0.8078533730332977,0.0,0.8539844699536615,1.1250764209825723,0.19817605489290258,0.12893971808686366,0.7590457448284661
JFM2026,TP,Persistence,All India,2026-01-01,daily,17,Week 3,era5,0.8778667297107049,0.5481148239952489,0.077039768839805,0.811439298058343,0.0,0.8727102742504269,1.112268434944819,0.19817605489290258,0.12113628605309756,0.7846219912675334
JFM2026,TP,Persistence,All India,2026-01-01,daily,18,Week 3,era5,0.8642934481416986,0.588672430446819,-0.026739473572679594,0.7801634941439191,0.0,0.8907658017910772,1.1507720357698434,0.19817605489290258,0.22491552846558208,0.7740593046260225
JFM2026,TP,Persistence,All India,2026-01-01,daily,19,Week 3,era5,0.9565345308237532,0.28581709488298357,0.06466204056260481,0.9359108632099686,0.0,0.9092260396930619,0.9545998432394794,0.19817605489290258,0.13351401433029775,0.9524682474360782
JFM2026,TP,Persistence,All India,2026-01-01,daily,20,Week 3,era5,0.9300793774643898,0.41204203922533394,0.12093705609752557,0.8920047557857055,0.0,0.9281140058532344,1.060464487837617,0.19817605489290258,0.07723899879537698,0.8751957434668489
JFM2026,TP,Persistence,All India,2026-01-01,daily,21,Week 3,era5,0.16324504035845394,3.9012918153916205,-0.9762797648167542,-0.03363569187336046,0.0,0.9467009215420591,3.8144071966875788,0.19817605489290258,1.1744558197096568,0.24819083876628895
JFM2026,TP,Persistence,All India,2026-01-01,daily,22,Week 4,era5,-0.4723085933765654,11.872039712332402,-3.999596072653876,-0.11809473426296768,0.0,0.9646102653463376,10.69006242543134,0.19817605489290258,4.19777212754678,0.09023429676627132
JFM2026,TP,Persistence,All India,2026-01-01,daily,23,Week 4,era5,0.44185653438079947,2.2671565360959973,-0.173609414837374,0.20814149593016185,0.0,0.9823441406216905,2.5157041433361544,0.19817605489290258,0.37178546973027654,0.3904847647621127
JFM2026,TP,Persistence,All India,2026-01-01,daily,24,Week 4,era5,0.5486186913428512,1.6479958749680783,-0.10498360124598234,0.3362945376706127,0.0,1.0003211419007902,1.9649171431629568,0.19817605489290258,0.30315965613888485,0.5090907498982671
JFM2026,TP,Persistence,All India,2026-01-01,daily,25,Week 4,era5,0.40055501305886265,1.4121429981992288,-0.38038505050606175,0.001827539684971513,0.0,1.0189334140943125,1.396980183369963,0.19817605489290258,0.5785611053989645,0.7293828690084344
JFM2026,TP,Persistence,All India,2026-01-01,daily,26,Week 4,era5,-0.22305130826930508,8.67847299815276,-3.389174971910811,-0.12518380738034018,0.0,1.0382916585166297,7.693366489659808,0.19817605489290258,3.5873510268037134,0.1349593393103182
JFM2026,TP,Persistence,All India,2026-01-01,daily,27,Week 4,era5,0.4972960787809956,1.7304521635685206,-0.26366732614678273,0.25171211760779266,0.0,1.0581951138756522,1.969181863761804,0.19817605489290258,0.46184338103968525,0.5373780519459698
JFM2026,TP,Persistence,All India,2026-01-01,daily,28,Week 4,era5,0.572149184300251,0.9413925442610337,0.00731061476320401,0.3096415013313216,0.0,1.0784475396208308,0.9392858191418316,0.19817605489290258,0.19086544012969853,1.14815694822918
JFM2026,TP,Persistence,All India,2026-01-01,daily,29,Week 5,era5,0.9274941178751618,0.4109087778707119,0.0012775779931898548,0.884355634832048,0.0,1.0990121370127557,1.0260238265243948,0.19817605489290258,0.19689847689971268,1.0711370521828962
JFM2026,TP,Persistence,All India,2026-01-01,daily,30,Week 5,era5,0.8612762428745586,0.688165081479305,-0.1085910884433087,0.7718340077482403,0.0,1.1194011508626027,1.3359136790019455,0.19817605489290258,0.30676714333621125,0.8379292528083864
JFM2026,TP,Persistence,All India,2026-01-01,daily,31,Week 5,era5,0.23393489135369686,1.9183471119047155,-0.5089086050236877,-0.19660944062252472,0.0,1.1404531498393202,1.747201234616586,0.19817605489290258,0.7070846599165905,0.6527314239733734
JFM2026,TP,Persistence,All India,2026-01-01,daily,32,Week 5,era5,0.8258830790871179,0.787951095438467,-0.0351564382857971,0.7362087577615767,0.0,1.1618287540167884,1.3959883228439893,0.19817605489290258,0.23333249317869958,0.8322625161003085
JFM2026,TP,Persistence,All India,2026-01-01,daily,33,Week 5,era5,0.709940461270356,0.9503619994921184,-0.21903080808644546,0.48547884502471295,0.0,1.1836445185598847,1.2407318917869057,0.19817605489290258,0.41720686297934784,0.9539889531292667
JFM2026,TP,Persistence,All India,2026-01-01,daily,34,Week 5,era5,0.9245683058472597,0.5157419297074177,0.13228263554568118,0.8890893642777498,0.0,1.2056588114791418,1.3082727187880336,0.19817605489290258,0.06589341934722127,0.9215653541992743
JFM2026,TP,Persistence,All India,2026-01-01,daily,35,Week 5,era5,0.9259682584389434,0.4868656086018627,0.11839901513789328,0.8917275890767427,0.0,1.2278832673116653,1.2266922033310077,0.19817605489290258,0.07977703975500922,1.0009709558578943
JFM2026,TP,Persistence,All India,2026-01-01,daily,36,Week 6,era5,0.9554170988138224,0.4267577570644622,0.061061198552329665,0.9291257842155085,0.0,1.2494591452198978,1.3994137626239933,0.19817605489290258,0.13711485634057288,0.8928446886766922
JFM2026,TP,Persistence,All India,2026-01-01,daily,37,Week 6,era5,0.8139746597724654,0.8420562987208229,0.0860458193589876,0.7388903914548759,0.0,1.2707212060622808,1.4302782273906338,0.19817605489290258,0.11213023553391499,0.8884433683791404
JFM2026,TP,Persistence,All India,2026-01-01,daily,38,Week 6,era5,0.9202891289008639,0.5255614972548155,0.12157227355206275,0.882723347626803,0.0,1.2909507076683822,1.2676667318080308,0.19817605489290258,0.07660378134083974,1.0183675845363096
JFM2026,TP,Persistence,All India,2026-01-01,daily,39,Week 6,era5,0.9775429207516317,0.3652489288166994,0.09161214924199997,0.955078398648161,0.0,1.310252602396164,1.5016739774124184,0.19817605489290258,0.10656390565090257,0.8725280068140366
JFM2026,TP,Persistence,All India,2026-01-01,daily,40,Week 6,era5,0.7089399355334682,1.1542036681862466,-0.15173001036665293,0.5452423580971764,0.0,1.328677146326414,1.598500285618058,0.19817605489290258,0.34990606525955553,0.8312023202502481
JFM2026,TP,Persistence,All India,2026-01-01,daily,41,Week 6,era5,0.959445388398114,0.5012585615817493,0.17182933985461765,0.9252286012741688,0.0,1.3472980995616308,1.5710288666550278,0.19817605489290258,0.026346715038284906,0.8575896523341703
JFM2026,TP,Persistence,All India,2026-01-01,daily,42,Week 6,era5,0.9098791569226009,0.6422259751478196,0.09937344498603354,0.8674411790252581,0.0,1.366192223582964,1.528237373292944,0.19817605489290258,0.09880260990686897,0.8939659816322801
JFM2026,TP,Persistence,All India,2026-01-01,weekly,1,Week 1,era5,0.8318829117696942,0.4487005780508206,0.12053829840045188,0.7780136067334427,0.0,0.6508426973363376,0.778801102089476,0.19817605489290258,0.07763775649245061,0.8356982233206479
JFM2026,TP,Persistence,All India,2026-01-01,weekly,2,Week 2,era5,0.6408820435366727,1.0712023297454285,-0.08694162402179727,0.4406394557830252,0.0,0.7587347331477933,1.3810697582034306,0.19817605489290258,0.28511767891469986,0.5493819038763081
JFM2026,TP,Persistence,All India,2026-01-01,weekly,3,Week 3,era5,0.8357744375305692,0.6366690141273316,-0.12014099421654027,0.7210428212889197,0.0,0.8906610789425355,1.1339498622777577,0.19817605489290258,0.3183170491094428,0.7854501407614887
JFM2026,TP,Persistence,All India,2026-01-01,weekly,4,Week 4,era5,-0.14774889025334853,3.0032194988601404,-1.186300829764518,-0.4567010825727118,0.0,1.019916969398758,2.417283289215896,0.19817605489290258,1.3844768846574207,0.4219269516108692
JFM2026,TP,Persistence,All India,2026-01-01,weekly,5,Week 5,era5,0.9115791400923895,0.48635317249744886,-0.08853253152988627,0.8426399354688797,0.0,1.1623300534983674,1.0782321339426755,0.19817605489290258,0.2867085864227888,1.0779961168919892
JFM2026,TP,Persistence,All India,2026-01-01,weekly,6,Week 6,era5,0.9753274708866199,0.30379158352909497,0.06853773934567862,0.9626585983910964,0.0,1.3087718128920263,1.3406079347835644,0.19817605489290258,0.12963831554722388,0.9762524739220807
JFM2026,TP,Persistence,central_india,2026-01-01,daily,1,Week 1,era5,0.8145957165932625,0.13216953989102284,-0.0221922027551707,0.8392658860855067,0.0,0.18993069242697225,0.2242860576911211,0.007508249869470474,0.02970045262464117,0.8468234467277416
JFM2026,TP,Persistence,central_india,2026-01-01,daily,2,Week 1,era5,0.7213173936261451,0.15333061075540683,-0.039002436117308345,0.7455897513973828,0.0,0.1905371929554786,0.2050677461671706,0.007508249869470474,0.04651068598677882,0.9291426687849451
JFM2026,TP,Persistence,central_india,2026-01-01,daily,3,Week 1,era5,0.9088921103584249,0.08345729127320602,-0.022436376343843007,0.9241145788034447,0.0,0.19109265079396373,0.18421701105991617,0.007508249869470474,0.02994462621331348,1.0373235875150058
JFM2026,TP,Persistence,central_india,2026-01-01,daily,4,Week 1,era5,0.9462315737157655,0.0629313855392168,-0.003898630228538089,0.9589734335594113,0.0,0.19171166990158842,0.17145002153911465,0.007508249869470474,0.011406880098008563,1.1181781616624136
JFM2026,TP,Persistence,central_india,2026-01-01,daily,5,Week 1,era5,0.9764021756938275,0.0433164697935317,0.007061219378182539,0.9821154908520218,0.0,0.19248177406453812,0.17801368350830207,0.007508249869470474,0.00044703049128793455,1.0812751597017614
JFM2026,TP,Persistence,central_india,2026-01-01,daily,6,Week 1,era5,0.9767073610940101,0.04333140799522493,0.007037874788641472,0.9822487559222143,0.0,0.19346308900587766,0.17871995653331552,0.007508249869470474,0.0004703750808290032,1.0824929278102966
JFM2026,TP,Persistence,central_india,2026-01-01,daily,7,Week 1,era5,0.9769866764780483,0.04331845440464962,0.006983453463447832,0.982438023257314,0.0,0.1944202247865952,0.1795552378246935,0.007508249869470474,0.0005247964060226432,1.0827878214080002
JFM2026,TP,Persistence,central_india,2026-01-01,daily,8,Week 2,era5,0.9771990631613526,0.04332645378423684,0.0068502211266117455,0.9825783902485529,0.0,0.19561361549024547,0.180896355743308,0.007508249869470474,0.0006580287428587285,1.0813574142301754
JFM2026,TP,Persistence,central_india,2026-01-01,daily,9,Week 2,era5,0.966641066556346,0.05225658945451526,0.000255607352145894,0.9733730441919693,0.0,0.19631327270602303,0.17553986809893754,0.007508249869470474,0.00725264251732458,1.118340094658025
JFM2026,TP,Persistence,central_india,2026-01-01,daily,10,Week 2,era5,0.9548887099516958,0.061457196459581226,-7.504029059241329e-05,0.9623519591296662,0.0,0.19672709603692384,0.1687740553404139,0.007508249869470474,0.007583290160062887,1.1656240388377777
JFM2026,TP,Persistence,central_india,2026-01-01,daily,11,Week 2,era5,0.9773296986443676,0.043339227514287544,0.006983876467088857,0.9828900456883444,0.0,0.1972570108679554,0.18354965738984338,0.007508249869470474,0.0005243734023816172,1.0746792648541905
JFM2026,TP,Persistence,central_india,2026-01-01,daily,12,Week 2,era5,0.9604525897931013,0.056072661501766936,-0.004834093508335891,0.9713629834809897,0.0,0.19782463286998614,0.19930915097642274,0.007508249869470474,0.012342343377806366,0.9925516811487888
JFM2026,TP,Persistence,central_india,2026-01-01,daily,13,Week 2,era5,0.9390577966408101,0.07470366316297947,-0.018059412179274602,0.948379552829878,0.0,0.1986304393395394,0.21086045252928706,0.007508249869470474,0.025567662048745075,0.9419994928254789
JFM2026,TP,Persistence,central_india,2026-01-01,daily,14,Week 2,era5,0.9782935167787666,0.043182260609336054,0.0074147306779648,0.9833903326744429,0.0,0.1998022538767782,0.18569526754909507,0.007508249869470474,9.35191915056735e-05,1.0759684752006586
JFM2026,TP,Persistence,central_india,2026-01-01,daily,15,Week 3,era5,0.9806711677449576,0.041249608986293616,0.007239250209496457,0.9850572558917947,0.0,0.2014793271034326,0.18783697093011129,0.007508249869470474,0.0002689996599740179,1.0726287061900996
JFM2026,TP,Persistence,central_india,2026-01-01,daily,16,Week 3,era5,0.9790266683530869,0.0432798241521829,0.007508249869470474,0.9838211928864926,0.0,0.20371671063778543,0.18973753780937463,0.007508249869470474,0.0,1.0736763688925666
JFM2026,TP,Persistence,central_india,2026-01-01,daily,17,Week 3,era5,0.9553279298882363,0.06142348561615772,-0.001259081268218376,0.9663557524825244,0.0,0.20635228297087177,0.18993356278722887,0.007508249869470474,0.008767331137688848,1.0864445437799521
JFM2026,TP,Persistence,central_india,2026-01-01,daily,18,Week 3,era5,0.976686729129904,0.04636821706882794,0.0044653253682116175,0.981749412767178,0.0,0.20902352406453453,0.1933492849613976,0.007508249869470474,0.0030429245012588554,1.0810669618264495
JFM2026,TP,Persistence,central_india,2026-01-01,daily,19,Week 3,era5,0.9804307517370214,0.04338138457398929,0.006497383102612701,0.9845445084855594,0.0,0.2117352872048205,0.19748007869226436,0.007508249869470474,0.0010108667668577726,1.072185552117235
JFM2026,TP,Persistence,central_india,2026-01-01,daily,20,Week 3,era5,0.9809328479963428,0.04331434923250489,0.007072425565966416,0.9849584947744164,0.0,0.21454767268208966,0.20110274053709157,0.007508249869470474,0.00043582430350405877,1.0668560364174564
JFM2026,TP,Persistence,central_india,2026-01-01,daily,21,Week 3,era5,0.9822024206934741,0.042541773222617235,0.007316628585624251,0.9857826141268129,0.0,0.21749183461529537,0.20426655919491535,0.007508249869470474,0.00019162128384622382,1.06474518135766
JFM2026,TP,Persistence,central_india,2026-01-01,daily,22,Week 4,era5,0.7718471878602129,0.15659473596814893,-0.01845214425952521,0.8092988080469239,0.0,0.22078693106062647,0.2373123100755232,0.007508249869470474,0.025960394128995683,0.9303644256396238
JFM2026,TP,Persistence,central_india,2026-01-01,daily,23,Week 4,era5,0.9775253398737553,0.047829568137486664,0.002159799672639213,0.982384778862865,0.0,0.2241564864177412,0.2120579595515985,0.007508249869470474,0.005348450196831261,1.0570529250197696
JFM2026,TP,Persistence,central_india,2026-01-01,daily,24,Week 4,era5,0.9386430834555337,0.0794273457161957,-0.01232698871622672,0.9485935505295852,0.0,0.22747880189872013,0.2122831534527822,0.007508249869470474,0.019835238585697197,1.0715819800053887
JFM2026,TP,Persistence,central_india,2026-01-01,daily,25,Week 4,era5,0.9554988584639834,0.07168759941534948,-0.009467263577682301,0.9628411933103009,0.0,0.2307324067904422,0.24087674536050785,0.007508249869470474,0.016975513447152774,0.9578857703557763
JFM2026,TP,Persistence,central_india,2026-01-01,daily,26,Week 4,era5,-0.05604592505931863,4.5437550847261825,-1.1681958940844315,-0.03871227683994527,0.0,0.23341272984998754,4.371746357530331,0.007508249869470474,1.1757041439539022,0.05339118758523908
JFM2026,TP,Persistence,central_india,2026-01-01,daily,27,Week 4,era5,0.3086943933547596,0.38648568883195245,-0.12377255110497101,0.06954861198975515,0.0,0.23568060693441495,0.362234256866105,0.007508249869470474,0.13128080097444148,0.650630365480676
JFM2026,TP,Persistence,central_india,2026-01-01,daily,28,Week 4,era5,0.9820362172373078,0.046517360422264196,0.0035138376532771486,0.9843831145455024,0.0,0.23751327307454764,0.2212902072773522,0.007508249869470474,0.0039944122161933255,1.0733112684776982
JFM2026,TP,Persistence,central_india,2026-01-01,daily,29,Week 5,era5,0.9786298994881041,0.04924264042691416,-0.0002743984835107291,0.9831011064037262,0.0,0.2393696283358629,0.2356716239660734,0.007508249869470474,0.007782648352981204,1.0156913433512125
JFM2026,TP,Persistence,central_india,2026-01-01,daily,30,Week 5,era5,0.6959545022274587,0.24821939914882288,-0.05283159040036514,0.6464112202587937,0.0,0.24111901452014134,0.3376395248967035,0.007508249869470474,0.060339840269835625,0.7141314826630816
JFM2026,TP,Persistence,central_india,2026-01-01,daily,31,Week 5,era5,0.3419261866423158,0.8189740443793593,-0.1427535377582937,0.11562620950140601,0.0,0.2428890763886191,0.8565112752398559,0.007508249869470474,0.15026178762776418,0.2835795434457075
JFM2026,TP,Persistence,central_india,2026-01-01,daily,32,Week 5,era5,0.660223597828986,0.300496543098047,-0.060047414148171836,0.5743408144680882,0.0,0.24477618373262613,0.3915938099053363,0.007508249869470474,0.06755566401764232,0.6250767441696747
JFM2026,TP,Persistence,central_india,2026-01-01,daily,33,Week 5,era5,0.3382665967552462,0.4844882816712239,-0.18077836987479323,0.0004582668255389555,0.0,0.24678134188998918,0.4683357838747748,0.007508249869470474,0.18828661974426372,0.5269324924272163
JFM2026,TP,Persistence,central_india,2026-01-01,daily,34,Week 5,era5,0.8546265337083325,0.1392046628337575,-0.029433465455018657,0.8642873647654111,0.0,0.24915917931664797,0.25505602245428816,0.007508249869470474,0.03694171532448913,0.9768802042747411
JFM2026,TP,Persistence,central_india,2026-01-01,daily,35,Week 5,era5,0.9860691431685497,0.043348935461714984,0.007083988497249818,0.9881435719052872,0.0,0.2515790825024262,0.2392536123800069,0.007508249869470474,0.0004242613722206556,1.0515163386659456
JFM2026,TP,Persistence,central_india,2026-01-01,daily,36,Week 6,era5,0.9863765214183429,0.0432798241521829,0.007508249869470474,0.9884377550350848,0.0,0.2540108554175085,0.24214025742380585,0.007508249869470474,0.0,1.0490236448907633
JFM2026,TP,Persistence,central_india,2026-01-01,daily,37,Week 6,era5,0.9866630521008024,0.0432722298655186,0.00744560100646551,0.9886843706347352,0.0,0.2567316802100682,0.24490138581941173,0.007508249869470474,6.264886300496429e-05,1.0483063595212974
JFM2026,TP,Persistence,central_india,2026-01-01,daily,38,Week 6,era5,0.9869327492370408,0.043296708001309775,0.007318816475207775,0.988923068776537,0.0,0.25943706447857656,0.2474747418625206,0.007508249869470474,0.00018943339426269934,1.0483375496263831
JFM2026,TP,Persistence,central_india,2026-01-01,daily,39,Week 6,era5,0.9872201997022512,0.043278769436785956,0.007495243037563816,0.9892140174638221,0.0,0.2622221618152728,0.25046783390015215,0.007508249869470474,1.3006831906656815e-05,1.0469294908335673
JFM2026,TP,Persistence,central_india,2026-01-01,daily,40,Week 6,era5,0.987499421186014,0.043272091319877144,0.007463546385888932,0.9894820223534407,0.0,0.26514753550026426,0.25346085276839636,0.007508249869470474,4.470348358154297e-05,1.0461084329363746
JFM2026,TP,Persistence,central_india,2026-01-01,daily,41,Week 6,era5,0.9877582196278423,0.0432798241521829,0.007508249869470474,0.9897221708857884,0.0,0.2679261863265445,0.256280389704651,0.007508249869470474,0.0,1.0454416221050493
JFM2026,TP,Persistence,central_india,2026-01-01,daily,42,Week 6,era5,0.9880048116110132,0.0432798241521829,0.007508249869470474,0.9899462615838835,0.0,0.27066563052823317,0.2590656155169391,0.007508249869470474,0.0,1.0447763590245176
JFM2026,TP,Persistence,central_india,2026-01-01,weekly,1,Week 1,era5,0.9560314292185678,0.057394813654974446,-0.009492442640298152,0.965723382915567,0.0,0.19181991518368385,0.17709660971144145,0.007508249869470474,0.017000692509768624,1.0831371390803717
JFM2026,TP,Persistence,central_india,2026-01-01,weekly,2,Week 2,era5,0.9733343447986725,0.04588340803978455,-0.0002091585873776867,0.9801984697183087,0.0,0.19733892355557042,0.18458867855152516,0.007508249869470474,0.00771740845684816,1.0690738191751354
JFM2026,TP,Persistence,central_india,2026-01-01,weekly,3,Week 3,era5,0.9799372484405792,0.043416270343770706,0.0055485972864563445,0.9841199837766929,0.0,0.20909871804114738,0.19406820876371486,0.007508249869470474,0.0019596525830141297,1.077449621311921
JFM2026,TP,Persistence,central_india,2026-01-01,weekly,4,Week 4,era5,0.1919810758429135,0.6802072360029899,-0.1895058825586488,-0.04567775507773142,0.0,0.22989403754826646,0.6572144683913752,0.007508249869470474,0.19701413242811927,0.3498006337428396
JFM2026,TP,Persistence,central_india,2026-01-01,weekly,5,Week 5,era5,0.752973182431555,0.21445744595849495,-0.06557639718142748,0.6982794218224428,0.0,0.24498454930716293,0.3097756206091473,0.007508249869470474,0.07308464705089796,0.7908451569733659
JFM2026,TP,Persistence,central_india,2026-01-01,weekly,6,Week 6,era5,0.9872186653555611,0.04327782342845531,0.0074639937881425325,0.98921779684318,0.0,0.2622193181337413,0.25045183209728483,0.007508249869470474,4.425608132794256e-05,1.0469850267730743
JFM2026,TP,Persistence,east_northeast_india,2026-01-01,daily,1,Week 1,era5,0.8984303021914967,0.4453544885784028,-0.029319837963079333,0.8505414067418449,0.0,1.010024060326578,0.9352366117682545,0.31096214336025546,0.34028198132333476,1.0799663396591401
JFM2026,TP,Persistence,east_northeast_india,2026-01-01,daily,2,Week 1,era5,0.8959795514120131,0.7113323343979803,-0.01327146917465032,0.8100784031546434,0.0,1.038618347780433,1.4719403062170067,0.31096214336025546,0.32423361253490574,0.7056117312595084
JFM2026,TP,Persistence,east_northeast_india,2026-01-01,daily,3,Week 1,era5,0.9895319275979841,0.40344973415044194,0.09132567177787368,0.9395841382692373,0.0,1.0676928882847334,1.4180264930908617,0.31096214336025546,0.21963647158238178,0.7529428353327103
JFM2026,TP,Persistence,east_northeast_india,2026-01-01,daily,4,Week 1,era5,0.9937766964906258,0.4298486725234861,0.11557594309481163,0.9375990692657364,0.0,1.0973351585768394,1.4860705230599285,0.31096214336025546,0.19538620026544387,0.7384139188208548
JFM2026,TP,Persistence,east_northeast_india,2026-01-01,daily,5,Week 1,era5,0.9900688237876991,0.5031154546524371,0.19521581144293165,0.9241884038956734,0.0,1.1276816887985885,1.5522382540448352,0.31096214336025546,0.11574633191732382,0.7264875001373444
JFM2026,TP,Persistence,east_northeast_india,2026-01-01,daily,6,Week 1,era5,0.9952375517929735,0.4753277701928944,0.18095618767253552,0.9340473484514854,0.0,1.1585480465903861,1.5778094694067655,0.31096214336025546,0.13000595568771997,0.734276266592559
JFM2026,TP,Persistence,east_northeast_india,2026-01-01,daily,7,Week 1,era5,0.9743018019632292,0.6974777035690147,0.3048229748323084,0.8844796755999458,0.0,1.1890709634405583,1.7258084316148166,0.31096214336025546,0.006139168527947095,0.6889935995549402
JFM2026,TP,Persistence,east_northeast_india,2026-01-01,daily,8,Week 2,era5,0.9790551091965094,0.6574551489428013,0.2864309700091893,0.8978636809317729,0.0,1.2197983218071617,1.731398884541867,0.31096214336025546,0.02453117335106614,0.7045160607978119
JFM2026,TP,Persistence,east_northeast_india,2026-01-01,daily,9,Week 2,era5,0.9810447583305462,0.6449039451551675,0.282237334905214,0.9043043477977182,0.0,1.2515334400703213,1.7545222146400046,0.31096214336025546,0.02872480845504143,0.7133186628401356
JFM2026,TP,Persistence,east_northeast_india,2026-01-01,daily,10,Week 2,era5,0.9846774367273129,0.388385290563686,0.15758395985403065,0.9558367986346246,0.0,1.2844554732336924,1.5401625123679583,0.31096214336025546,0.15337818350622484,0.833973988406507
JFM2026,TP,Persistence,east_northeast_india,2026-01-01,daily,11,Week 2,era5,0.9766690374406031,0.7088412295117071,0.3108135723776227,0.8970791538053644,0.0,1.3181160411175235,1.858086113901704,0.31096214336025546,0.00014857098263280883,0.709394484602049
JFM2026,TP,Persistence,east_northeast_india,2026-01-01,daily,12,Week 2,era5,0.9813211975429396,0.6604173047687223,0.29047408533787833,0.9107323727544685,0.0,1.3510809067899447,1.858966647702873,0.31096214336025546,0.02048805802237715,0.7267913646861157
JFM2026,TP,Persistence,east_northeast_india,2026-01-01,daily,13,Week 2,era5,0.9817997095123729,0.5759252979245665,0.22887153436335364,0.9284655655331694,0.0,1.3837814582478716,1.8171159952294842,0.31096214336025546,0.08209060899690182,0.7615262106991213
JFM2026,TP,Persistence,east_northeast_india,2026-01-01,daily,14,Week 2,era5,0.9832914767658006,0.6089189516522336,0.23719630744610556,0.9255306854296119,0.0,1.4159668867699815,1.890384491017451,0.31096214336025546,0.0737658359141499,0.7490364491976305
JFM2026,TP,Persistence,east_northeast_india,2026-01-01,daily,15,Week 3,era5,0.9822568816580731,0.6995330227176617,0.3054477566505986,0.9124848443994933,0.0,1.4484296759323108,1.9904097613227862,0.31096214336025546,0.005514386709656864,0.7277042667685238
JFM2026,TP,Persistence,east_northeast_india,2026-01-01,daily,16,Week 3,era5,0.9853175089204055,0.6399518571805469,0.2804807963306448,0.925953753610274,0.0,1.4813127343917007,1.976193537280083,0.31096214336025546,0.03048134702961065,0.7495787767985989
JFM2026,TP,Persistence,east_northeast_india,2026-01-01,daily,17,Week 3,era5,0.9891980954475473,0.5664537596662871,0.23557200807173181,0.9408945719034149,0.0,1.5146256373482483,1.963111294979264,0.31096214336025546,0.07539013528852369,0.7715434378183061
JFM2026,TP,Persistence,east_northeast_india,2026-01-01,daily,18,Week 3,era5,0.9225589378390339,0.759956442487969,0.06823487423888996,0.8803369515839155,0.0,1.548859983006534,1.8933578820629688,0.31096214336025546,0.2427272691213655,0.8180492434525499
JFM2026,TP,Persistence,east_northeast_india,2026-01-01,daily,19,Week 3,era5,0.9696582957925685,0.3914765630809429,0.026446437817014678,0.9588929359459072,0.0,1.5838779051660115,1.5870981738258583,0.31096214336025546,0.28451570554324085,0.9979709707232011
JFM2026,TP,Persistence,east_northeast_india,2026-01-01,daily,20,Week 3,era5,0.9679900688200165,0.4468367674653507,0.06160922941697363,0.9544675305037658,0.0,1.6182719621725725,1.7422416036123658,0.31096214336025546,0.24935291394328188,0.9288447473744431
JFM2026,TP,Persistence,east_northeast_india,2026-01-01,daily,21,Week 3,era5,0.9932224218534811,0.6354860605179239,0.26895744969371777,0.9398466781766487,0.0,1.6513379349386617,2.182977236524602,0.31096214336025546,0.04200469366653771,0.7564613626332019
JFM2026,TP,Persistence,east_northeast_india,2026-01-01,daily,22,Week 4,era5,0.9891531860293206,0.5988217949592187,0.2559389671349263,0.9456739296621237,0.0,1.6842491120696061,2.147517836430218,0.31096214336025546,0.055023176225329096,0.7842771238022891
JFM2026,TP,Persistence,east_northeast_india,2026-01-01,daily,23,Week 4,era5,0.9861042864535496,0.5176514049436911,0.20631444491779302,0.9569922713240844,0.0,1.7181996505190524,2.0736935720250638,0.31096214336025546,0.10464769844246244,0.8285696950109875
JFM2026,TP,Persistence,east_northeast_india,2026-01-01,daily,24,Week 4,era5,0.9468215867194457,0.6077794812254527,0.02233394714301432,0.9272035056934649,0.0,1.7523907827414227,1.8849734174443478,0.31096214336025546,0.2886281962172411,0.9296633928754916
JFM2026,TP,Persistence,east_northeast_india,2026-01-01,daily,25,Week 4,era5,0.9936557369125458,0.2837216418082764,0.05541173190068329,0.9854946372391529,0.0,1.786765009173492,1.967906619932978,0.31096214336025546,0.25555041145957214,0.9079521309981389
JFM2026,TP,Persistence,east_northeast_india,2026-01-01,daily,26,Week 4,era5,0.9888663179052783,0.6997796616950958,0.3073439730041527,0.9395121719308597,0.0,1.8215491612027603,2.3685062365531224,0.31096214336025546,0.0036181703561027345,0.7690708739081277
JFM2026,TP,Persistence,east_northeast_india,2026-01-01,daily,27,Week 4,era5,0.9966719319942589,0.612877312369915,0.2107387814827997,0.9534873659427066,0.0,1.8572516230982687,2.4063060135895777,0.31096214336025546,0.1002233618774558,0.7718268635034229
JFM2026,TP,Persistence,east_northeast_india,2026-01-01,daily,28,Week 4,era5,0.10557326225077343,2.1622036321320315,-0.8787002488360112,-4.574702366747917,0.0,1.8945351988908974,0.7947825568650847,0.31096214336025546,1.1896623921962666,2.383715121232205
JFM2026,TP,Persistence,east_northeast_india,2026-01-01,daily,29,Week 5,era5,0.9402509927252236,0.83711779465567,-0.26069249956056384,0.7740230985886496,0.0,1.9328266032532533,1.370442399843399,0.31096214336025546,0.5716546429208194,1.4103669030337342
JFM2026,TP,Persistence,east_northeast_india,2026-01-01,daily,30,Week 5,era5,0.9915785907667469,0.5306280376430247,0.20553282580164836,0.9656605347019757,0.0,1.9709661726624543,2.3717027974016216,0.31096214336025546,0.10542931755860713,0.8310342150887521
JFM2026,TP,Persistence,east_northeast_india,2026-01-01,daily,31,Week 5,era5,0.9965873633045734,0.631362962222345,0.2642317107216304,0.9575450140548601,0.0,2.009812734473029,2.5518421104426947,0.31096214336025546,0.04673043263862513,0.7875929024951963
JFM2026,TP,Persistence,east_northeast_india,2026-01-01,daily,32,Week 5,era5,0.9934712417497582,0.4163036368713939,0.19216454189218307,0.9786938180323806,0.0,2.0489687741188582,2.3214961474599622,0.31096214336025546,0.11879760146807242,0.8826070102940784
JFM2026,TP,Persistence,east_northeast_india,2026-01-01,daily,33,Week 5,era5,0.9950234772399585,0.4218733497443713,0.17530418462077077,0.97919885364842,0.0,2.0880200301236456,2.400057202758875,0.31096214336025546,0.13565795873948472,0.8699876101800651
JFM2026,TP,Persistence,east_northeast_india,2026-01-01,daily,34,Week 5,era5,0.9628740063899882,0.5765205000286521,0.019065863034420184,0.9510441357593198,0.0,2.1273453321886553,2.0954349734372117,0.31096214336025546,0.29189628032583526,1.0152285130084948
JFM2026,TP,Persistence,east_northeast_india,2026-01-01,daily,35,Week 5,era5,0.9883332600185598,0.5145243263157114,-0.10979110417002329,0.949314413177355,0.0,2.1676060225429294,1.763255128883777,0.31096214336025546,0.42075324753027876,1.2293206961576375
JFM2026,TP,Persistence,east_northeast_india,2026-01-01,daily,36,Week 6,era5,0.9594501090806897,0.7140792714837928,0.01770062788686434,0.9414178521309249,0.0,2.2090551575160218,2.4685614329655166,0.31096214336025546,0.29326151547339113,0.894875504419695
JFM2026,TP,Persistence,east_northeast_india,2026-01-01,daily,37,Week 6,era5,0.7385731870161296,1.8190640833309306,-0.41600797906458775,0.5918978372825003,0.0,2.2521287394139677,2.574745713434296,0.31096214336025546,0.7269701224248432,0.8746994810644779
JFM2026,TP,Persistence,east_northeast_india,2026-01-01,daily,38,Week 6,era5,0.9911933191059911,0.5908947363761209,-0.1988788406552837,0.9357773070892286,0.0,2.2973204062994075,1.8111965749748853,0.31096214336025546,0.5098409840155392,1.2683992660107934
JFM2026,TP,Persistence,east_northeast_india,2026-01-01,daily,39,Week 6,era5,0.9986067942949157,0.5946405497769823,0.22741911387724761,0.9705259533789936,0.0,2.34394991808338,2.8760157698229,0.31096214336025546,0.08354302948300783,0.8149989797266363
JFM2026,TP,Persistence,east_northeast_india,2026-01-01,daily,40,Week 6,era5,0.9977458402211082,0.5790135524253344,0.20497513957012567,0.972502701426428,0.0,2.390040203022845,2.9018741637366077,0.31096214336025546,0.10598700379012982,0.8236195190301782
JFM2026,TP,Persistence,east_northeast_india,2026-01-01,daily,41,Week 6,era5,0.996853859061053,0.502156876507982,0.17335295980858292,0.9789086959268273,0.0,2.4363829685163516,2.858622741465912,0.31096214336025546,0.13760918355167254,0.8522925859279232
JFM2026,TP,Persistence,east_northeast_india,2026-01-01,daily,42,Week 6,era5,0.8935219023665695,1.3056674206441368,-0.2469596054146206,0.8387336897370117,0.0,2.48460588478565,2.851819493873289,0.31096214336025546,0.5579217487748761,0.8712353254206506
JFM2026,TP,Persistence,east_northeast_india,2026-01-01,weekly,1,Week 1,era5,0.9840763175127004,0.4137164584358952,0.12075791082978665,0.9387317272942388,0.0,1.0983310164728093,1.4250308102900833,0.31096214336025546,0.19020423253046884,0.7707419436420676
JFM2026,TP,Persistence,east_northeast_india,2026-01-01,weekly,2,Week 2,era5,0.9829288546842933,0.5959512969633457,0.25622968667000406,0.9202928550487788,0.0,1.3177297968457669,1.7755733238172517,0.31096214336025546,0.05473245669025139,0.7421432723560067
JFM2026,TP,Persistence,east_northeast_india,2026-01-01,weekly,3,Week 3,era5,0.9878296408402946,0.4594739251431682,0.17810693817921705,0.9580420150551704,0.0,1.5493583349168383,1.8788117146658199,0.31096214336025546,0.1328552051810384,0.8246480064088909
JFM2026,TP,Persistence,east_northeast_india,2026-01-01,weekly,4,Week 4,era5,0.9905134591453713,0.2557640766643692,0.025625949330136986,0.9868667651717691,0.0,1.78750160490299,1.8370579381647605,0.31096214336025546,0.28533619403011845,0.9730240771223155
JFM2026,TP,Persistence,east_northeast_india,2026-01-01,weekly,5,Week 5,era5,0.993823470533529,0.2469301820103271,0.06940222167897914,0.9910014860895598,0.0,2.048943258906378,2.103054523055172,0.31096214336025546,0.24155992168127635,0.9742701563104581
JFM2026,TP,Persistence,east_northeast_india,2026-01-01,weekly,6,Week 6,era5,0.9787569468999214,0.5286872041112051,-0.03405696536358142,0.9692651378589989,0.0,2.3443123332512643,2.512078528072344,0.31096214336025546,0.34501910872383695,0.9332161821589965
JFM2026,TP,Persistence,northwest_india,2026-01-01,daily,1,Week 1,era5,0.5848780762323819,0.7798120231013717,0.29910243581084045,0.5038569632184633,0.0,0.7313596055707485,0.8360857443703992,0.395345289203982,0.09624285339314147,0.8747423460993071
JFM2026,TP,Persistence,northwest_india,2026-01-01,daily,2,Week 1,era5,0.7039948256201141,0.6269138029052762,0.23511062675511107,0.6226092279443176,0.0,0.744135199808551,0.7656186353838524,0.395345289203982,0.1602346624488709,0.971939769250091
JFM2026,TP,Persistence,northwest_india,2026-01-01,daily,3,Week 1,era5,0.4891834628974088,0.753559147073201,0.1638240034482009,0.34187459909250906,0.0,0.7563333045690405,0.6953508752485776,0.395345289203982,0.2315212857557811,1.0877002265923121
JFM2026,TP,Persistence,northwest_india,2026-01-01,daily,4,Week 1,era5,0.6682160232639812,0.7389561232683066,0.3440617028336863,0.5937211341385711,0.0,0.768714043545613,0.8308582220964837,0.395345289203982,0.05128358637029565,0.9252048341122943
JFM2026,TP,Persistence,northwest_india,2026-01-01,daily,5,Week 1,era5,0.5748677525120348,0.7885214313509927,0.32430245881395464,0.5013317927732381,0.0,0.7813692770882363,0.7775470336978584,0.395345289203982,0.07104283039002741,1.0049157712970753
JFM2026,TP,Persistence,northwest_india,2026-01-01,daily,6,Week 1,era5,0.6562031813550282,0.8074869000887545,0.3852007222065149,0.587172532243763,0.0,0.7944407744900781,0.9011674660622657,0.395345289203982,0.010144566997467033,0.8815684147603111
JFM2026,TP,Persistence,northwest_india,2026-01-01,daily,7,Week 1,era5,0.6746093302585966,0.8124148222918759,0.38288971928335935,0.6062285989682468,0.0,0.8077123572397115,0.9422811390277869,0.395345289203982,0.012455569920622566,0.8571882889145814
JFM2026,TP,Persistence,northwest_india,2026-01-01,daily,8,Week 2,era5,0.6466539575091201,0.8500500398319993,0.33641147356650225,0.5815307634323171,0.0,0.8226576520728344,0.9963496685875642,0.395345289203982,0.05893381563747976,0.8256716271497762
JFM2026,TP,Persistence,northwest_india,2026-01-01,daily,9,Week 2,era5,0.7005060762149551,0.8115909665210306,0.3944688194246223,0.6349573204018341,0.0,0.8389836893632249,0.9679596571090278,0.395345289203982,0.0008764697793595891,0.8667548107004676
JFM2026,TP,Persistence,northwest_india,2026-01-01,daily,10,Week 2,era5,0.7168037149769773,0.8063918652625977,0.3925426828141206,0.6527347646019266,0.0,0.8566148132825122,0.9874084674942709,0.395345289203982,0.002802606389861281,0.8675384518995756
JFM2026,TP,Persistence,northwest_india,2026-01-01,daily,11,Week 2,era5,0.8391647722986725,0.6268495358633083,0.2846023876911709,0.7806706257404463,0.0,0.8750690034760894,1.0266151626517963,0.395345289203982,0.11074290151281098,0.8523826992928335
JFM2026,TP,Persistence,northwest_india,2026-01-01,daily,12,Week 2,era5,0.7390633889286847,0.8085886307685146,0.3921674363257424,0.6791824961233655,0.0,0.8948760945943279,1.0310017844410588,0.395345289203982,0.0031778528782395814,0.8679675516560533
JFM2026,TP,Persistence,northwest_india,2026-01-01,daily,13,Week 2,era5,0.7479629326361907,0.8115001234035604,0.3927063029805947,0.6903305645241254,0.0,0.9150576064098161,1.0524333511047042,0.395345289203982,0.0026389862233873324,0.8694684613038067
JFM2026,TP,Persistence,northwest_india,2026-01-01,daily,14,Week 2,era5,0.8135617251694293,0.6826571401708973,0.32462035479057477,0.7621465763361924,0.0,0.9361474826203328,1.015239090879641,0.395345289203982,0.07072493441340721,0.9220955842127984
JFM2026,TP,Persistence,northwest_india,2026-01-01,daily,15,Week 3,era5,0.5875472807815267,2.0742148625767056,-0.7226572572813031,0.21849643468853597,0.0,0.9562945328858019,2.3454967126376673,0.395345289203982,1.1180025464852852,0.40771514525398117
JFM2026,TP,Persistence,northwest_india,2026-01-01,daily,16,Week 3,era5,0.7507756880883827,0.8519903906812613,0.016912027433405252,0.6622166058605514,0.0,0.9750323798193804,1.2895091035437818,0.395345289203982,0.3784332617705767,0.7561267905281414
JFM2026,TP,Persistence,northwest_india,2026-01-01,daily,17,Week 3,era5,0.7916017569557429,0.728112064950169,0.15957080184815972,0.7443451851573488,0.0,0.992268557111294,1.1557094195709028,0.395345289203982,0.23577448735582224,0.8585796224449812
JFM2026,TP,Persistence,northwest_india,2026-01-01,daily,18,Week 3,era5,0.8151408846831681,0.8694549976462157,-0.14148122853199271,0.689231037829188,0.0,1.0069820953056394,1.4498694291492782,0.395345289203982,0.5368265177359747,0.6945329524579974
JFM2026,TP,Persistence,northwest_india,2026-01-01,daily,19,Week 3,era5,0.950766817800555,0.37649698145183724,0.1529556630102168,0.9294321203814885,0.0,1.0219615544641085,1.1059872945289217,0.395345289203982,0.24238962619376514,0.9240264870306646
JFM2026,TP,Persistence,northwest_india,2026-01-01,daily,20,Week 3,era5,0.8898066717229958,0.6313195364903458,0.2753914566476448,0.8458595876749142,0.0,1.0383025584176675,1.2372920236421496,0.395345289203982,0.11995383255633714,0.8391734033500615
JFM2026,TP,Persistence,northwest_india,2026-01-01,daily,21,Week 3,era5,0.06429993491661411,6.82385799376367,-3.19031053364537,-0.1100500532862283,0.0,1.0547738714859036,6.007435389398438,0.395345289203982,3.5856558228493514,0.17557806336915505
JFM2026,TP,Persistence,northwest_india,2026-01-01,daily,22,Week 4,era5,-0.8518374680036822,20.807192129092314,-12.327258823818928,-0.12694142638320027,0.0,1.069584530470241,15.841918846642795,0.395345289203982,12.722604113022912,0.0675160970602312
JFM2026,TP,Persistence,northwest_india,2026-01-01,daily,23,Week 4,era5,0.6602151842960717,0.893170343239813,0.049032563089198525,0.5778408400939836,0.0,1.0830005201893134,1.0806677167761911,0.395345289203982,0.34631272611478353,1.0021586685499233
JFM2026,TP,Persistence,northwest_india,2026-01-01,daily,24,Week 4,era5,0.8928040612651491,0.5281401092778817,0.17676921389433434,0.864897562460738,0.0,1.096917682836682,1.0389017180271125,0.395345289203982,0.21857607530964762,1.05584355459508
JFM2026,TP,Persistence,northwest_india,2026-01-01,daily,25,Week 4,era5,-0.0752283412254046,2.4506932395419354,-1.1024392639753378,-0.8062663898180698,0.0,1.1121556796907601,1.803298788396323,0.395345289203982,1.4977845531793197,0.6167340026218296
JFM2026,TP,Persistence,northwest_india,2026-01-01,daily,26,Week 4,era5,-0.5112215661226046,14.479523818281727,-9.392363857015146,-0.15733433106871897,0.0,1.1286338284476294,10.400231037078552,0.395345289203982,9.787709146219129,0.10852007271991
JFM2026,TP,Persistence,northwest_india,2026-01-01,daily,27,Week 4,era5,0.22728409220757717,2.974033196725346,-0.8403419594007219,-0.061798661824302714,0.0,1.1454025633132714,2.8860744293478184,0.395345289203982,1.235687248604704,0.3968721498191244
JFM2026,TP,Persistence,northwest_india,2026-01-01,daily,28,Week 4,era5,0.8728806078515788,0.7416144808184896,0.3587390273304627,0.8338953084919322,0.0,1.1618136918991684,1.3302513289152933,0.395345289203982,0.036606261873519244,0.8733790875792836
JFM2026,TP,Persistence,northwest_india,2026-01-01,daily,29,Week 5,era5,0.9622761859671307,0.40515703359224475,0.06062266690670733,0.9415923352313107,0.0,1.178286920991394,1.3740548376373038,0.395345289203982,0.3347226222972746,0.8575253976162014
JFM2026,TP,Persistence,northwest_india,2026-01-01,daily,30,Week 5,era5,0.7106424310914591,1.108487630753552,-0.4077975428705015,0.47700653919124947,0.0,1.194565502530711,1.4456547982746177,0.395345289203982,0.8031428320744834,0.8263144866647413
JFM2026,TP,Persistence,northwest_india,2026-01-01,daily,31,Week 5,era5,-0.5438220966584133,3.2254802223688728,-1.5650869910238416,-1.4290596115742926,0.0,1.2119216576787197,1.9714899053791581,0.395345289203982,1.9604322802278236,0.6147237449058316
JFM2026,TP,Persistence,northwest_india,2026-01-01,daily,32,Week 5,era5,0.6291871196455803,1.2492929533116146,-0.11145931673145401,0.5087511605679986,0.0,1.2299355835173966,1.570368815305432,0.395345289203982,0.5068046059354359,0.7832144726321363
JFM2026,TP,Persistence,northwest_india,2026-01-01,daily,33,Week 5,era5,0.21216001238995952,1.5561494106690543,-0.6232109711009863,-1.1479527136316863,0.0,1.2491951741231806,1.0018881384028364,0.395345289203982,1.0185562603049685,1.2468409658133988
JFM2026,TP,Persistence,northwest_india,2026-01-01,daily,34,Week 5,era5,0.8810401114177139,0.7834805299083706,0.3654958477628409,0.8463539027070992,0.0,1.268533507572781,1.4642867033702875,0.395345289203982,0.029849441441141055,0.8663149809754132
JFM2026,TP,Persistence,northwest_india,2026-01-01,daily,35,Week 5,era5,0.8908792037207188,0.7681343945571856,0.37690414099384595,0.8562452694360699,0.0,1.2874721157508535,1.472492934742153,0.395345289203982,0.018441148210136035,0.8743485862472418
JFM2026,TP,Persistence,northwest_india,2026-01-01,daily,36,Week 6,era5,0.9407846671503551,0.5431644022219686,0.11087740990038986,0.9185600622656355,0.0,1.3041416949519007,1.5223354177194166,0.395345289203982,0.2844678793035921,0.8566717162145593
JFM2026,TP,Persistence,northwest_india,2026-01-01,daily,37,Week 6,era5,0.8878414780305178,0.7952602526079119,0.3849853470797959,0.8541134705693344,0.0,1.3191162050850238,1.5114418211488934,0.395345289203982,0.010359942124186025,0.8727535434227452
JFM2026,TP,Persistence,northwest_india,2026-01-01,daily,38,Week 6,era5,0.8859363018560171,0.8099579843700583,0.39387534630355564,0.8521819500488417,0.0,1.3300262538057441,1.525246336453678,0.395345289203982,0.0014699429004262697,0.8720075059469827
JFM2026,TP,Persistence,northwest_india,2026-01-01,daily,39,Week 6,era5,0.9476948800972058,0.46590689320831685,0.1419601706380746,0.9360448983433768,0.0,1.3376377815930374,1.388648579605224,0.395345289203982,0.2533851185659073,0.9632658695933796
JFM2026,TP,Persistence,northwest_india,2026-01-01,daily,40,Week 6,era5,0.2599411501517349,1.9774486572765768,-0.6291934557942322,-0.2620417206541157,0.0,1.3436142864716623,1.7024429785483677,0.395345289203982,1.0245387449982142,0.7892271890464901
JFM2026,TP,Persistence,northwest_india,2026-01-01,daily,41,Week 6,era5,0.8935265898889656,0.7894621342351383,0.3777000520373035,0.8619360058811967,0.0,1.3496967338446326,1.5426255476454673,0.395345289203982,0.017645237166678478,0.8749347733185769
JFM2026,TP,Persistence,northwest_india,2026-01-01,daily,42,Week 6,era5,0.9259051221053388,0.6735268068083518,0.3471449204562737,0.8962724736619173,0.0,1.3545893292365625,1.5212180654015524,0.395345289203982,0.04820036874770825,0.8904636094227522
JFM2026,TP,Persistence,northwest_india,2026-01-01,weekly,1,Week 1,era5,0.6480416597290245,0.7227213790240246,0.30492738257361185,0.5720339047739144,0.0,0.7689669408603049,0.7921946139851455,0.395345289203982,0.09041790663037,0.9706793347054035
JFM2026,TP,Persistence,northwest_india,2026-01-01,weekly,2,Week 2,era5,0.7578295183070762,0.7519321791680769,0.35964563616961737,0.6969226356009133,0.0,0.8767379664335306,0.9943250444396318,0.395345289203982,0.03569965303436457,0.8817418120325339
JFM2026,TP,Persistence,northwest_india,2026-01-01,weekly,3,Week 3,era5,0.7341562435388729,1.060089159391641,-0.49280272396232105,0.4267735453588788,0.0,1.0062722011861311,1.3822814941854882,0.395345289203982,0.8881480131663031,0.727979217995014
JFM2026,TP,Persistence,northwest_india,2026-01-01,weekly,4,Week 4,era5,-0.7394733287318577,5.125033646582792,-3.2968375665401606,-0.7236211386406859,0.0,1.113691474522045,3.0280454177404836,0.395345289203982,3.692182855744143,0.36779219624554954
JFM2026,TP,Persistence,northwest_india,2026-01-01,weekly,5,Week 5,era5,0.7954213880188922,0.797380228825762,-0.2720760311463304,0.5085710530379357,0.0,1.231250275825655,0.9089062809683361,0.395345289203982,0.6674213203503122,1.3546504206285142
JFM2026,TP,Persistence,northwest_india,2026-01-01,weekly,6,Week 6,era5,0.9711092244765992,0.35734737349116824,0.16104996380337935,0.9591923951180622,0.0,1.3340635140279158,1.2752666872125342,0.395345289203982,0.23429532540060247,1.0461055145601734
JFM2026,TP,Persistence,south_peninsula,2026-01-01,daily,1,Week 1,era5,0.25653434664370567,0.6546468311672875,-0.19620833557422693,0.05482820630361018,0.0,0.33322612436615595,0.6205845139261974,0.11160878275032372,0.30781711832455066,0.5369552686030845
JFM2026,TP,Persistence,south_peninsula,2026-01-01,daily,2,Week 1,era5,0.9607163862015078,0.15760980783041248,0.046871519028456134,0.9394429458132084,0.0,0.3098594020115867,0.4211722919826432,0.11160878275032372,0.0647372637218676,0.7357069966614902
JFM2026,TP,Persistence,south_peninsula,2026-01-01,daily,3,Week 1,era5,0.9555383174274651,0.2134885594699182,0.0881551955967843,0.9003251094554005,0.0,0.28841844611739426,0.45044727883568314,0.11160878275032372,0.023453587153539443,0.6402934586771147
JFM2026,TP,Persistence,south_peninsula,2026-01-01,daily,4,Week 1,era5,0.9453122081538033,0.2342005055384689,0.09717933112180288,0.8771308618772471,0.0,0.2686450163862697,0.44819101524186755,0.11160878275032372,0.01442945162852085,0.599398486918116
JFM2026,TP,Persistence,south_peninsula,2026-01-01,daily,5,Week 1,era5,0.718582940218044,0.26282596585045126,0.00696235499692863,0.7643444105402487,0.0,0.2504879089486045,0.3766775602314162,0.11160878275032372,0.1046464277533951,0.6649929154120952
JFM2026,TP,Persistence,south_peninsula,2026-01-01,daily,6,Week 1,era5,0.9459471387549873,0.22218504219104004,0.09906193212203045,0.870156882677064,0.0,0.233195825197659,0.40452838382812817,0.11160878275032372,0.01254685062829328,0.5764634436547642
JFM2026,TP,Persistence,south_peninsula,2026-01-01,daily,7,Week 1,era5,0.9363572224795483,0.22667538359204195,0.10654645908480335,0.857105622035593,0.0,0.21651700033160173,0.38781120320864154,0.11160878275032372,0.005062323665520383,0.558305171537595
JFM2026,TP,Persistence,south_peninsula,2026-01-01,daily,8,Week 2,era5,-0.2129329176530306,3.039458570309088,-0.8797664431837751,-0.0900093204236716,0.0,0.20086131136173418,2.859953462191793,0.11160878275032372,0.9913752259340989,0.07023237056724671
JFM2026,TP,Persistence,south_peninsula,2026-01-01,daily,9,Week 2,era5,-0.30165999659021797,5.870781703405984,-3.35433824217249,-0.0824461458352379,0.0,0.186951126101694,4.75844830010897,0.11160878275032372,3.4659470249228135,0.03928825413473816
JFM2026,TP,Persistence,south_peninsula,2026-01-01,daily,10,Week 2,era5,-0.13706632061827995,2.9102454482619753,-1.4677294214263665,-0.1277758740932431,0.0,0.17485367277606947,2.4830834106829007,0.11160878275032372,1.5793382041766901,0.07041796180659957
JFM2026,TP,Persistence,south_peninsula,2026-01-01,daily,11,Week 2,era5,0.11353531240633243,1.9196327415342918,-0.7553322561129793,-0.09526818478078991,0.0,0.16490811408208056,1.7758850683042409,0.11160878275032372,0.8669410388633029,0.09285967714090203
JFM2026,TP,Persistence,south_peninsula,2026-01-01,daily,12,Week 2,era5,-0.41183953095846576,7.86691786330307,-2.7626272838266948,-0.04150382132485575,0.0,0.1569110939940084,7.299876576031982,0.11160878275032372,2.8742360665770175,0.02149503383512014
JFM2026,TP,Persistence,south_peninsula,2026-01-01,daily,13,Week 2,era5,0.6027426815934844,0.28049783259633176,-0.0027371731141273593,0.5935982822422594,0.0,0.15066560992727918,0.3442259776594725,0.11160878275032372,0.1143459558644511,0.4376938979205282
JFM2026,TP,Persistence,south_peninsula,2026-01-01,daily,14,Week 2,era5,0.7638746460290942,0.20361491319825137,0.08175861786809507,0.7895364703586061,0.0,0.14632109144350877,0.2725734894713103,0.11160878275032372,0.029850164882228657,0.5368133626176061
JFM2026,TP,Persistence,south_peninsula,2026-01-01,daily,15,Week 3,era5,0.7662248271643479,0.2129275363092939,0.09331162074186491,0.7765295617200632,0.0,0.14366895299021784,0.27773865817666565,0.11160878275032372,0.018297162008458823,0.517281079750994
JFM2026,TP,Persistence,south_peninsula,2026-01-01,daily,16,Week 3,era5,0.7352139390979997,0.23169282119233153,0.10467289614488988,0.7464196147422137,0.0,0.1422275511187404,0.28740878730222225,0.11160878275032372,0.006935886605433838,0.49486152616893453
JFM2026,TP,Persistence,south_peninsula,2026-01-01,daily,17,Week 3,era5,-0.3225928507787017,0.6523638002131839,-0.051428727679745045,-0.09747858896798567,0.0,0.14143382178737623,0.5907798166934677,0.11160878275032372,0.16303751043006875,0.23940191893989612
JFM2026,TP,Persistence,south_peninsula,2026-01-01,daily,18,Week 3,era5,0.09745224076055371,0.2733512675923616,0.041027510328478706,0.4671833362132899,0.0,0.14125050599419364,0.24457989531186816,0.11160878275032372,0.07058127242184503,0.577522963668304
JFM2026,TP,Persistence,south_peninsula,2026-01-01,daily,19,Week 3,era5,0.12049370446362781,0.25559555863707345,0.0472125931977283,0.5040768879760983,0.0,0.1418519597258472,0.2251072382224453,0.11160878275032372,0.06439618955259542,0.6301528144806817
JFM2026,TP,Persistence,south_peninsula,2026-01-01,daily,20,Week 3,era5,0.6922087559260434,0.22920225676925302,0.10661479616456312,0.7240301731251901,0.0,0.1431831158892098,0.27372321284722445,0.11160878275032372,0.0049939865857606,0.5230945318807355
JFM2026,TP,Persistence,south_peninsula,2026-01-01,daily,21,Week 3,era5,0.6361172022789238,0.2382331194483225,0.1028197222619736,0.6955054069526231,0.0,0.14522857989010665,0.2757571261419315,0.11160878275032372,0.008789060488350132,0.526653950604917
JFM2026,TP,Persistence,south_peninsula,2026-01-01,daily,22,Week 4,era5,0.6200136014302962,0.4493892110340302,-0.1136587508865287,0.26121719650925046,0.0,0.14769861887142555,0.5106258391653761,0.11160878275032372,0.22526753363685245,0.28925018583634676
JFM2026,TP,Persistence,south_peninsula,2026-01-01,daily,23,Week 4,era5,0.55889023586467,5.1099158509386235,-1.1924672259013982,0.013105043590383447,0.0,0.150851556312422,5.051563614047603,0.11160878275032372,1.304076008651722,0.029862349133430208
JFM2026,TP,Persistence,south_peninsula,2026-01-01,daily,24,Week 4,era5,0.5723091859819788,3.722174231028605,-0.8719718939339515,0.020883746734856268,0.0,0.1545430877968204,3.7048237911513797,0.11160878275032372,0.9835806766842751,0.04171401840107265
JFM2026,TP,Persistence,south_peninsula,2026-01-01,daily,25,Week 4,era5,0.8413433477552807,0.3783824213806133,-0.14439905260102562,0.37422079513550743,0.0,0.15867251179758077,0.47256580926144043,0.11160878275032372,0.25600783535134936,0.3357680743885502
JFM2026,TP,Persistence,south_peninsula,2026-01-01,daily,26,Week 4,era5,0.6517587927670508,0.22148127374520346,0.09842399698598474,0.7075797738779936,0.0,0.16348971054166903,0.2614491632368203,0.11160878275032372,0.013184785764338984,0.6253212231304035
JFM2026,TP,Persistence,south_peninsula,2026-01-01,daily,27,Week 4,era5,0.6777459261595765,0.23472951084458019,0.11036637003737465,0.701948766072163,0.0,0.16876575063299085,0.2802663513993182,0.11160878275032372,0.0012424127129490835,0.6021620140640308
JFM2026,TP,Persistence,south_peninsula,2026-01-01,daily,28,Week 4,era5,0.6886804468711855,0.23458298692850613,0.10946506138367225,0.7038706107075907,0.0,0.173096658487513,0.28441948203146883,0.11160878275032372,0.002143721366651484,0.6085963494876246
JFM2026,TP,Persistence,south_peninsula,2026-01-01,daily,29,Week 5,era5,0.7021101338683556,0.23503404097070546,0.11048629643484877,0.7073882895701861,0.0,0.17803256378285787,0.2892020047529175,0.11160878275032372,0.0011224863154749814,0.6155993418336144
JFM2026,TP,Persistence,south_peninsula,2026-01-01,daily,30,Week 5,era5,0.6182784550908771,0.24271043981818932,0.061743252709643655,0.6431937528411333,0.0,0.18356380420213483,0.29864549083898023,0.11160878275032372,0.049865530040680076,0.6146545313188952
JFM2026,TP,Persistence,south_peninsula,2026-01-01,daily,31,Week 5,era5,0.6445445595127935,0.20503152015801102,0.05117942812714635,0.6928017096769727,0.0,0.18963385992232587,0.2578635470122544,0.11160878275032372,0.06042935462317739,0.7354039069093932
JFM2026,TP,Persistence,south_peninsula,2026-01-01,daily,32,Week 5,era5,-0.6323007311712255,0.5524591715068559,-0.038198522393228324,-0.560277328037166,0.0,0.1962231738995499,0.4056848221116345,0.11160878275032372,0.14980730514355206,0.48368379393191624
JFM2026,TP,Persistence,south_peninsula,2026-01-01,daily,33,Week 5,era5,0.7422185435444849,0.22004420959485954,0.10324203314765153,0.7380573698439358,0.0,0.2033579583756035,0.28945596691360703,0.11160878275032372,0.008366749602672214,0.702552310612063
JFM2026,TP,Persistence,south_peninsula,2026-01-01,daily,34,Week 5,era5,0.7706824387874917,0.23445311120115087,0.11090261651814715,0.7363422544858702,0.0,0.21135991649294084,0.31951020314316303,0.11160878275032372,0.0007061662321765764,0.6615122597453852
JFM2026,TP,Persistence,south_peninsula,2026-01-01,daily,35,Week 5,era5,0.7449940746625878,0.1644797465388708,0.052465761890039216,0.7728947129796858,0.0,0.2197980490763376,0.21669383839620898,0.11160878275032372,0.05914302086028453,1.0143253297052812
JFM2026,TP,Persistence,south_peninsula,2026-01-01,daily,36,Week 6,era5,0.7990749570233743,0.22703491427987477,0.10681204964219683,0.7580829877914558,0.0,0.22892063584054723,0.32850236913448794,0.11160878275032372,0.004796733108126902,0.6968614456074981
JFM2026,TP,Persistence,south_peninsula,2026-01-01,daily,37,Week 6,era5,0.8076043007552918,0.2299417946523634,0.10914450905957461,0.7620426781149061,0.0,0.23825841623843114,0.3380843022315872,0.11160878275032372,0.0024642736907491193,0.7047307865693939
JFM2026,TP,Persistence,south_peninsula,2026-01-01,daily,38,Week 6,era5,0.825822999161787,0.23396694690015027,0.11095835068314168,0.7695287925545877,0.0,0.24786286033597044,0.3559889785280942,0.11160878275032372,0.0006504320671820491,0.6962655455256164
JFM2026,TP,Persistence,south_peninsula,2026-01-01,daily,39,Week 6,era5,0.5335535721951491,0.22618991908855512,0.04857652351348592,0.5148265617791739,0.0,0.2573798054793713,0.17495892432949486,0.11160878275032372,0.06303225923683783,1.471087036375782
JFM2026,TP,Persistence,south_peninsula,2026-01-01,daily,40,Week 6,era5,0.838465177915109,0.22629139004182622,0.10731610965992004,0.7882139394558049,0.0,0.26581878463802855,0.3596526806426616,0.11160878275032372,0.004292673090403677,0.7390985774471034
JFM2026,TP,Persistence,south_peninsula,2026-01-01,daily,41,Week 6,era5,0.8518634465236283,0.23577889496179782,0.11101823844308263,0.7895387804632458,0.0,0.27382792274357026,0.38391923205693546,0.11160878275032372,0.0005905443072411045,0.7132435676026811
JFM2026,TP,Persistence,south_peninsula,2026-01-01,daily,42,Week 6,era5,0.860832179998652,0.2358742425698415,0.11150267563440797,0.79673465104596,0.0,0.2824677700331173,0.393294835131373,0.11160878275032372,0.00010610711591576782,0.718208694346988
JFM2026,TP,Persistence,south_peninsula,2026-01-01,weekly,1,Week 1,era5,0.9299789554898152,0.16076665368549947,0.0355097783526083,0.9215688714400374,0.0,0.270615706639598,0.37286240136807886,0.11160878275032372,0.07609900439771543,0.7257790156547699
JFM2026,TP,Persistence,south_peninsula,2026-01-01,weekly,2,Week 2,era5,-0.2982542155338611,2.2156547005258496,-1.3058246315027544,-0.2219854008087112,0.0,0.16683276421743679,1.733101634758567,0.11160878275032372,1.417433414253078,0.09626253929457387
JFM2026,TP,Persistence,south_peninsula,2026-01-01,weekly,3,Week 3,era5,0.4358512106404912,0.2033303235139137,0.0634614877073755,0.6987143881307227,0.0,0.14162584533842829,0.20687703241195346,0.11160878275032372,0.04814729504294824,0.6845895055977469
JFM2026,TP,Persistence,south_peninsula,2026-01-01,weekly,4,Week 4,era5,0.668290433194742,1.287210138828067,-0.28632024878232776,0.10076616429943808,0.0,0.1592109917048119,1.355760340496341,0.11160878275032372,0.3979290315326515,0.1174329908828319
JFM2026,TP,Persistence,south_peninsula,2026-01-01,weekly,5,Week 5,era5,0.6984174733363133,0.1635185980222771,0.06454583842715439,0.7649962990232058,0.0,0.19708701179515378,0.1893803103810025,0.11160878275032372,0.04706294432316935,1.0406943118777587
JFM2026,TP,Persistence,south_peninsula,2026-01-01,weekly,6,Week 6,era5,0.8206812706483485,0.21384129386358153,0.10076120840173144,0.786876774542546,0.0,0.2561159409080978,0.3291834717559173,0.11160878275032372,0.010847574348592274,0.7780340232209546
JFM2026,TP,SPIRE,All India,2026-01-01,daily,1,Week 1,era5,-0.05675608744441503,1.6351555872368204,0.59027941572133,-2.7267641470900723,-7.5489380613513415,1.3117464821155138,0.7066828588121808,0.7394383070973615,0.14915889137603153,1.8562024899264526
JFM2026,TP,SPIRE,All India,2026-01-01,daily,2,Week 1,era5,0.7783014918165284,0.4944633506758071,0.08305890782183627,0.7100130217620012,-0.13278861746032633,0.6069475851740181,0.7762968711744379,0.2113119080289771,0.12825300020714078,0.781849840842182
JFM2026,TP,SPIRE,All India,2026-01-01,daily,3,Week 1,era5,0.8078962078856249,0.4471458558030732,0.08810812147376663,0.7494475014509563,0.09035688124313357,0.6368271778966436,0.7410465477817981,0.2106821242918618,0.12257400281809509,0.859361911613895
JFM2026,TP,SPIRE,All India,2026-01-01,daily,4,Week 1,era5,0.9786164363469761,0.21050019574071527,0.11891782437930336,0.9554173540791351,0.7955051151024031,0.7544261738259601,0.816318504523578,0.17126146946253076,0.052343645083227405,0.9241811494476171
JFM2026,TP,SPIRE,All India,2026-01-01,daily,5,Week 1,era5,0.9579206977770692,0.2707607538647716,0.13456550442115106,0.9261716471632911,0.7107135894891425,0.7884846784301893,0.8184109769687358,0.19446650543405308,0.05990100101290203,0.9634336545076794
JFM2026,TP,SPIRE,All India,2026-01-01,daily,6,Week 1,era5,0.9365363652005579,0.38118036319895715,0.22667126010301736,0.8714816531816576,0.4314638386823829,0.7975338353700596,0.8724066473306428,0.2518215514320131,0.025150291328995832,0.9141767062531261
JFM2026,TP,SPIRE,All India,2026-01-01,daily,7,Week 1,era5,0.968826374686926,0.3134190197756185,0.19265220553845633,0.9229895557208608,0.6696360315817614,0.8211957386590641,0.9360500241786804,0.19873568436973618,0.006083478831279846,0.8772989877112678
JFM2026,TP,SPIRE,All India,2026-01-01,daily,8,Week 2,era5,0.7373370069637506,1.129874491476311,0.03722641386481679,0.5440217957918567,0.3656371427978621,0.9001550050803776,1.615280824957836,0.2440306156257348,0.20680420176091802,0.557274618240995
JFM2026,TP,SPIRE,All India,2026-01-01,daily,9,Week 2,era5,0.6638936882704017,2.1778457100295907,-0.3385176999823475,0.3385893325702456,0.28842677686347484,0.9916739591313288,2.677882450280235,0.3109357533591603,0.6494534533415077,0.3703201979711813
JFM2026,TP,SPIRE,All India,2026-01-01,daily,10,Week 2,era5,0.7537773651944417,1.0374420689944714,0.037566452677085985,0.5769425361852354,0.4037687379359495,1.016289832105058,1.5590707718218355,0.356638884266587,0.3190724315895009,0.6518561251183507
JFM2026,TP,SPIRE,All India,2026-01-01,daily,11,Week 2,era5,0.8253928671362928,0.7681763390237567,0.13908068212465854,0.7006083957576105,0.3342300971874451,0.984142426409909,1.3242154110826931,0.3359982683387155,0.1969175862140569,0.7431890749596874
JFM2026,TP,SPIRE,All India,2026-01-01,daily,12,Week 2,era5,0.388391760439954,3.2852214542121434,-0.27933004028035485,0.1325713615541506,0.08146564746342877,0.9643124983237715,3.524932531655266,0.2617026754192782,0.5410327156996331,0.2735690654115703
JFM2026,TP,SPIRE,All India,2026-01-01,daily,13,Week 2,era5,0.941142121056009,0.4157752929748448,0.22709386130610235,0.881202219780548,0.38288633811743245,1.0017722627917511,1.024300183176722,0.270076563190253,0.04298270188415063,0.9780065250841763
JFM2026,TP,SPIRE,All India,2026-01-01,daily,14,Week 2,era5,0.9609489319786777,0.3821690057088712,0.2564305110630389,0.8995332353429569,0.3211737990085958,1.0122136523425178,1.015550475601968,0.2959911374314503,0.03956062636841134,0.9967142713832394
JFM2026,TP,SPIRE,All India,2026-01-01,daily,15,Week 3,era5,0.3468115594035889,1.5723655036467248,0.07542367870498229,0.08439513436178503,-0.6687590816714939,0.9913325581504736,1.6095490829073313,0.44344266054684334,0.36801898184186116,0.6159070069238447
JFM2026,TP,SPIRE,All India,2026-01-01,daily,16,Week 3,era5,0.7803017908296995,0.7882266938768179,0.3365703423568044,0.6120692235066363,-1.018930972754414,0.9916167053583657,1.1250764209825723,0.46551006044366805,0.12893971808686366,0.8813771996859989
JFM2026,TP,SPIRE,All India,2026-01-01,daily,17,Week 3,era5,0.8784882452224831,0.6592301432223863,0.3900680298396245,0.7272390434320605,-0.44654190273610195,0.9705216746439935,1.112268434944819,0.5112043158927219,0.12113628605309756,0.8725606554609654
JFM2026,TP,SPIRE,All India,2026-01-01,daily,18,Week 3,era5,0.6396272358849381,0.9530353311811883,0.3046371660790516,0.42380375793154035,-1.6210216534540196,0.9176915281699145,1.1507720357698434,0.5295526945446337,0.22491552846558208,0.7974572718531496
JFM2026,TP,SPIRE,All India,2026-01-01,daily,19,Week 3,era5,0.8811015209707899,0.593628739949112,0.379633336106829,0.7235364640422617,-3.3137347420279264,0.9078893947465572,0.9545998432394794,0.5131473504371268,0.13351401433029775,0.9510680325125467
JFM2026,TP,SPIRE,All India,2026-01-01,daily,20,Week 3,era5,0.8797947170500523,0.7172581154169404,0.5012653457911392,0.672755378975447,-2.0301762212343606,0.8377039397029696,1.060464487837617,0.5785043445865161,0.07723899879537698,0.7899405867056649
JFM2026,TP,SPIRE,All India,2026-01-01,daily,21,Week 3,era5,0.19205262208506038,3.787199816291578,-0.5741542866244571,0.025936963670475155,0.05763409295190469,0.7460320479367728,3.8144071966875788,0.6003015330851995,1.1744558197096568,0.1955826972496867
JFM2026,TP,SPIRE,All India,2026-01-01,daily,22,Week 4,era5,0.015239437675896899,11.24979126433578,-3.4547672604709363,-0.00396101626263845,0.10207875460174176,0.7724118539094511,10.69006242543134,0.7430048670758423,4.19777212754678,0.07225513034160647
JFM2026,TP,SPIRE,All India,2026-01-01,daily,23,Week 4,era5,0.36663338243333665,2.3661333946482226,0.29864254056107054,0.13749222023192542,-0.08921957058631969,0.7452940132823477,2.5157041433361544,0.6704280102913469,0.37178546973027654,0.29625662272590997
JFM2026,TP,SPIRE,All India,2026-01-01,daily,24,Week 4,era5,0.39508164167787074,1.8730920805202533,0.49967815878557187,0.14260409165876864,-0.29183192998299945,0.7995871877667178,1.9649171431629568,0.8028378149244567,0.30315965613888485,0.40693175819088745
JFM2026,TP,SPIRE,All India,2026-01-01,daily,25,Week 4,era5,0.4536406862035349,1.2836972849362593,0.25588416722576635,0.17515285650854817,0.17364265566781345,0.8138890655750419,1.396980183369963,0.8344452726247307,0.5785611053989645,0.5826060206607091
JFM2026,TP,SPIRE,All India,2026-01-01,daily,26,Week 4,era5,0.06774248713223208,8.19340945659699,-2.85562517131817,-0.0029196906283630586,0.10866146130971543,0.7683343548770541,7.693366489659808,0.7317258554855435,3.5873510268037134,0.0998697197006962
JFM2026,TP,SPIRE,All India,2026-01-01,daily,27,Week 4,era5,0.5987841990239829,1.648491856986803,0.3074687581863834,0.32091657806404816,0.09248373799000364,0.8108442956761384,1.969181863761804,0.7693121392260689,0.46184338103968525,0.4117670950549744
JFM2026,TP,SPIRE,All India,2026-01-01,daily,28,Week 4,era5,0.5637134457279355,0.9383073056626599,0.4529524734779347,0.3141591289474376,0.0065438864370148675,0.8003282144698591,0.9392858191418316,0.6438179136076332,0.19086544012969853,0.852060361351
JFM2026,TP,SPIRE,All India,2026-01-01,daily,29,Week 5,era5,0.7878792442225507,0.8019009787354543,0.4937587698395582,0.5595717924708525,-2.8084709695064465,0.8107152853166032,1.0260238265243948,0.6906572467392709,0.19689847689971268,0.7901524938878479
JFM2026,TP,SPIRE,All India,2026-01-01,daily,30,Week 5,era5,0.7799604557473048,1.0643020637547251,0.6093800867593145,0.45424784606375657,-1.3919084020814867,0.7921404127460767,1.3359136790019455,0.9161472300955258,0.30676714333621125,0.5929577825252009
JFM2026,TP,SPIRE,All India,2026-01-01,daily,31,Week 5,era5,0.3884519162489047,1.6321944744928458,0.22868045565684733,0.13375279510607685,0.27608192323531544,0.8190267449272961,1.747201234616586,0.9357651155734379,0.7070846599165905,0.46876497606586637
JFM2026,TP,SPIRE,All India,2026-01-01,daily,32,Week 5,era5,0.7302215337212158,1.2376165691202268,0.7473578030106287,0.3492201824026612,-1.467025865131422,0.7673792061764119,1.3959883228439893,0.9806902961893282,0.23333249317869958,0.5497031698754198
JFM2026,TP,SPIRE,All India,2026-01-01,daily,33,Week 5,era5,0.7454359565840467,1.0372264612700857,0.6032824097464495,0.38712446380188437,-0.1911571181704912,0.7578895890398493,1.2407318917869057,1.0204892727257975,0.41720686297934784,0.6108407417079724
JFM2026,TP,SPIRE,All India,2026-01-01,daily,34,Week 5,era5,0.8270646845819318,1.1705468319983527,0.8455923192784752,0.42867148443961345,-4.151250931345713,0.7438595961558276,1.3082727187880336,0.9114857386256964,0.06589341934722127,0.5685814474866748
JFM2026,TP,SPIRE,All India,2026-01-01,daily,35,Week 5,era5,0.7826451766807737,1.1016983012970942,0.7864093156694181,0.44559776621119607,-4.120438614614024,0.8493846959663879,1.2266922033310077,0.8661863554244271,0.07977703975500922,0.6924187613322524
JFM2026,TP,SPIRE,All India,2026-01-01,daily,36,Week 6,era5,0.7964920618582162,1.1876698908150174,0.7448262806507914,0.4510700688995315,-6.745128817645183,0.7407011050082951,1.3994137626239933,0.8819411369913643,0.13711485634057288,0.5292938548920882
JFM2026,TP,SPIRE,All India,2026-01-01,daily,37,Week 6,era5,0.6156640313971536,1.3525073562963608,0.7385242597700054,0.32637240767330256,-1.579865199446627,0.7640921171818962,1.4302782273906338,0.8506544953039202,0.11213023553391499,0.5342262103618035
JFM2026,TP,SPIRE,All India,2026-01-01,daily,38,Week 6,era5,0.7534124028851652,1.1492249017116414,0.7714218862928864,0.4392432191627258,-3.7814869327343823,0.7795279465506393,1.2676667318080308,0.8480256676337261,0.07660378134083974,0.6149312962081324
JFM2026,TP,SPIRE,All India,2026-01-01,daily,39,Week 6,era5,0.8689722756551139,1.1847443561946003,0.750018565926358,0.52736418882717,-9.521348236698193,0.7674517218936763,1.5016739774124184,0.8565824715772605,0.10656390565090257,0.5110641413764767
JFM2026,TP,SPIRE,All India,2026-01-01,daily,40,Week 6,era5,0.781806189033525,1.221789177900614,0.5887264158759776,0.4904255393997642,-0.12054073125202347,0.8588715895906786,1.598500285618058,0.9386324811355333,0.34990606525955553,0.5372983647973495
JFM2026,TP,SPIRE,All India,2026-01-01,daily,41,Week 6,era5,0.9067395086598011,1.2605087338371042,0.8564145807761779,0.5271715323945585,-5.323654173425195,0.7791112723420358,1.5710288666550278,0.8827612958144628,0.026346715038284906,0.4959242244866503
JFM2026,TP,SPIRE,All India,2026-01-01,daily,42,Week 6,era5,0.8468304028868481,1.1664503496049292,0.7401454566008465,0.5627141602299401,-2.2988060436459476,0.904124223396376,1.528237373292944,0.8389480665077156,0.09880260990686897,0.5916124282762627
JFM2026,TP,SPIRE,All India,2026-01-01,weekly,1,Week 1,era5,0.9161218763574418,0.37779711114380915,0.20489332376583186,0.8426269497778808,0.29106893487319097,0.656316720341709,0.778801102089476,0.28253108025828244,0.07763775649245061,0.8427270051118971
JFM2026,TP,SPIRE,All India,2026-01-01,weekly,2,Week 2,era5,0.8689367823814693,0.7195722178467597,0.011364302164955754,0.747595213474082,0.5487619047581398,0.9754495232495402,1.3810697582034306,0.29648198107965557,0.28511767891469986,0.7062999659904631
JFM2026,TP,SPIRE,All India,2026-01-01,weekly,3,Week 3,era5,0.6382005601839101,0.9124445306607326,0.2019205153555655,0.42704164204378037,-1.0539294260272123,0.8959208365120829,1.1339498622777577,0.5202375644650082,0.3183170491094428,0.7900885800298547
JFM2026,TP,SPIRE,All India,2026-01-01,weekly,4,Week 4,era5,0.18782274673804292,2.4791503911199433,-0.6422523223724295,0.007336533178265547,0.31855376597333906,0.7647859570891591,2.417283289215896,0.742224562284991,1.3844768846574207,0.316382428365372
JFM2026,TP,SPIRE,All India,2026-01-01,weekly,5,Week 5,era5,0.8784393814446325,0.8217346318273087,0.6163515774517668,0.5507850513725945,-1.8546947407902645,0.774277096236955,1.0782321339426755,0.9030601638745557,0.2867085864227888,0.7180987023691502
JFM2026,TP,SPIRE,All India,2026-01-01,weekly,6,Week 6,era5,0.8830975355002699,1.0493168698849225,0.7414396348306391,0.5544951360371422,-10.930587625736884,0.7893076740169142,1.3406079347835644,0.8710779503778632,0.12963831554722388,0.5887684635734642
JFM2026,TP,SPIRE,central_india,2026-01-01,daily,1,Week 1,era5,0.685468567973974,0.20710056872815727,0.1179933287422005,0.6053538347002932,-1.455273219160241,0.20170240745146722,0.2242860576911211,0.14769378136684166,0.02970045262464117,0.8993087199795751
JFM2026,TP,SPIRE,central_india,2026-01-01,daily,2,Week 1,era5,0.7106041744013151,0.15224880478517655,0.011765572066366125,0.7491670100348107,0.01406098479552742,0.1928748289012708,0.2050677461671706,0.058276258053144944,0.04651068598677882,0.9405420038314549
JFM2026,TP,SPIRE,central_india,2026-01-01,daily,3,Week 1,era5,0.9398093943235777,0.07940977467130282,0.04684750648715198,0.9312966828182337,0.09464405549237531,0.18533234186799888,0.18421701105991617,0.07679213270046548,0.02994462621331348,1.0060544398243436
JFM2026,TP,SPIRE,central_india,2026-01-01,daily,4,Week 1,era5,0.9225576116180728,0.1036469043528581,0.07538230016013868,0.8887133022449104,-1.712552070772141,0.18431877557026086,0.17145002153911465,0.08678918025814723,0.011406880098008563,1.0750583401251443
JFM2026,TP,SPIRE,central_india,2026-01-01,daily,5,Week 1,era5,0.9478137430126345,0.11202202591039905,0.09586824093856902,0.8803871716382505,-5.688068840584924,0.18043146819803088,0.17801368350830207,0.09631527142985698,0.00044703049128793455,1.013582015955622
JFM2026,TP,SPIRE,central_india,2026-01-01,daily,6,Week 1,era5,0.8494631155667784,0.1865145837593283,0.1484949521689262,0.6711114272435585,-17.527635095053352,0.21381776506190883,0.17871995653331552,0.1489653272497552,0.0004703750808290032,1.196384383755435
JFM2026,TP,SPIRE,central_india,2026-01-01,daily,7,Week 1,era5,0.9003971560909727,0.17011339761227592,0.13895273961063642,0.7291651607904767,-14.421660282195543,0.2210691842021681,0.1795552378246935,0.13947753601665902,0.0005247964060226432,1.2312043184059394
JFM2026,TP,SPIRE,central_india,2026-01-01,daily,8,Week 2,era5,0.8188804884668465,0.255310445872655,0.2013160014272221,0.3950504454575029,-33.72409055037222,0.2659248398614622,0.180896355743308,0.20197403017008084,0.0006580287428587285,1.4700397847638769
JFM2026,TP,SPIRE,central_india,2026-01-01,daily,9,Week 2,era5,0.7845966014140532,0.2793426341130523,0.23119865458445601,0.2391240766015572,-27.575400390643324,0.2505740809530111,0.17553986809893754,0.23845129710178062,0.00725264251732458,1.4274482695394466
JFM2026,TP,SPIRE,central_india,2026-01-01,daily,10,Week 2,era5,0.7329478215370387,0.33469457875822606,0.28911182495918575,-0.11659131991877425,-28.6586832702531,0.247203423639531,0.1687740553404139,0.2966951151192487,0.007583290160062887,1.4647003838411456
JFM2026,TP,SPIRE,central_india,2026-01-01,daily,11,Week 2,era5,0.8825590951494059,0.2600126174909186,0.23720268176340945,0.3841494067243899,-34.99370179826142,0.22438604943722001,0.18354965738984338,0.23772705516579107,0.0005243734023816172,1.2224814397808639
JFM2026,TP,SPIRE,central_india,2026-01-01,daily,12,Week 2,era5,0.9432627916366748,0.16791645623079507,0.14936359694798806,0.7431899890228624,-7.967764180554825,0.22681656316597526,0.19930915097642274,0.16170594032579438,0.012342343377806366,1.1380137944233504
JFM2026,TP,SPIRE,central_india,2026-01-01,daily,13,Week 2,era5,0.9357712819014273,0.1549189850555202,0.1354704438539286,0.7780029252714649,-3.300564735460627,0.20825243694820136,0.21086045252928706,0.16103810590267367,0.025567662048745075,0.9876315565588409
JFM2026,TP,SPIRE,central_india,2026-01-01,daily,14,Week 2,era5,0.8984005036031503,0.2637885012148116,0.2452927740823162,0.3801852508323176,-36.316505925075276,0.21941121337083894,0.18569526754909507,0.2453862932738219,9.35191915056735e-05,1.1815659939358976
JFM2026,TP,SPIRE,central_india,2026-01-01,daily,15,Week 3,era5,0.6348946491185934,0.43226706621579297,0.38205768788337174,-0.6409486242028761,-108.81574818655972,0.2600621194243926,0.18783697093011129,0.3823266875433458,0.0002689996599740179,1.3845097593761466
JFM2026,TP,SPIRE,central_india,2026-01-01,daily,16,Week 3,era5,0.6675231424930802,0.4232990380489475,0.3843435489217245,-0.547640496783639,-94.65850472940849,0.23390653780050444,0.18973753780937463,0.3843435489217245,0.0,1.2327899924342092
JFM2026,TP,SPIRE,central_india,2026-01-01,daily,17,Week 3,era5,0.5089272147643336,0.47262046217186127,0.43428323511980094,-0.9918973085501543,-58.20469190210051,0.18631182285183015,0.18993356278722887,0.4430505662574899,0.008767331137688848,0.9809315432077903
JFM2026,TP,SPIRE,central_india,2026-01-01,daily,18,Week 3,era5,0.49939651450575856,0.47157257390022117,0.43352470281288413,-0.8877006585031606,-102.43232436424277,0.1764110613454008,0.1933492849613976,0.43656762731414306,0.0030429245012588554,0.9123957266282182
JFM2026,TP,SPIRE,central_india,2026-01-01,daily,19,Week 3,era5,0.46745360775231026,0.44228742399966764,0.3971625975901664,-0.6065164788744826,-102.94470323855171,0.17835522695597292,0.19748007869226436,0.3981734643570242,0.0010108667668577726,0.9031555392172295
JFM2026,TP,SPIRE,central_india,2026-01-01,daily,20,Week 3,era5,0.5576674015818616,0.42252592143270346,0.38799620737639134,-0.431312375540446,-94.15752273954443,0.12319644292340975,0.20110274053709157,0.3884320316798954,0.00043582430350405877,0.61260449556473
JFM2026,TP,SPIRE,central_india,2026-01-01,daily,21,Week 3,era5,0.8296839025176607,0.35903774767150154,0.34041406201762775,-0.012671985929667118,-70.22772040952272,0.17436412233953463,0.20426655919491535,0.3406056833014739,0.00019162128384622382,0.8536107086091992
JFM2026,TP,SPIRE,central_india,2026-01-01,daily,22,Week 4,era5,0.5203541084277717,0.47482186531063264,0.42094506525676945,-0.75331726508943,-8.19405509285359,0.2082969481970707,0.2373123100755232,0.4469054593857651,0.025960394128995683,0.8777334312357478
JFM2026,TP,SPIRE,central_india,2026-01-01,daily,23,Week 4,era5,0.65152711510293,0.42554210725293307,0.39380870079749103,-0.39437715923340044,-78.15751658058308,0.1491531906303435,0.2120579595515985,0.3991571509943223,0.005348450196831261,0.7033604913757134
JFM2026,TP,SPIRE,central_india,2026-01-01,daily,24,Week 4,era5,0.47186467468470683,0.5246921818626353,0.4825375404202167,-1.2432965890905976,-42.6384269328238,0.18636105139185924,0.2122831534527822,0.5023727790059138,0.019835238585697197,0.8778890286897458
JFM2026,TP,SPIRE,central_india,2026-01-01,daily,25,Week 4,era5,0.42039189790039144,0.5360823681589185,0.4683001412504468,-1.077957833776043,-54.92100551366953,0.2437820952641483,0.24087674536050785,0.4852756546975996,0.016975513447152774,1.0120615624363911
JFM2026,TP,SPIRE,central_india,2026-01-01,daily,26,Week 4,era5,0.26639801789475914,4.376677241588389,-0.7236765189549824,0.036271998601455024,0.07218964973584752,0.22879331125222638,4.371746357530331,0.4520276249989195,1.1757041439539022,0.052334534655271124
JFM2026,TP,SPIRE,central_india,2026-01-01,daily,27,Week 4,era5,0.47323506665890797,0.499432844308361,0.38418285769189603,-0.5537496830112476,-0.6698880812397046,0.17434202936633503,0.362234256866105,0.5154636586663375,0.13128080097444148,0.48129636019151606
JFM2026,TP,SPIRE,central_india,2026-01-01,daily,28,Week 4,era5,0.6420110473751374,0.4784594460373225,0.4433534456442906,-0.6521693636617945,-104.79378125527472,0.2018696549611729,0.2212902072773522,0.447347857860484,0.0039944122161933255,0.912239440890221
JFM2026,TP,SPIRE,central_india,2026-01-01,daily,29,Week 5,era5,0.841367203621677,0.46647804352256,0.44754473618904067,-0.5164846584677263,-88.73869501149518,0.23117780962934706,0.2356716239660734,0.4553273845420218,0.007782648352981204,0.9809318819928305
JFM2026,TP,SPIRE,central_india,2026-01-01,daily,30,Week 5,era5,0.5919742316968558,0.5994632375968517,0.5266097895607057,-1.062301440432901,-4.832485527233955,0.2892463170987546,0.3376395248967035,0.5869496298305413,0.060339840269835625,0.8566719704609399
JFM2026,TP,SPIRE,central_india,2026-01-01,daily,31,Week 5,era5,0.14968022622443367,1.004847865991263,0.5158678841216248,-0.33136218190705624,-0.5054292610327791,0.29075726494103654,0.8565112752398559,0.6661296717493891,0.15026178762776418,0.33946694380598014
JFM2026,TP,SPIRE,central_india,2026-01-01,daily,32,Week 5,era5,0.00614805954945733,0.7183977843983363,0.5731078899582329,-1.4328370309152283,-4.715457609296293,0.1876177129459196,0.3915938099053363,0.6406635539758753,0.06755566401764232,0.4791130712491963
JFM2026,TP,SPIRE,central_india,2026-01-01,daily,33,Week 5,era5,0.4927586241642512,0.5815142281956822,0.40829010999450366,-0.4399753831960984,-0.44063557868950287,0.1574459533631111,0.4683357838747748,0.5965767297387674,0.18828661974426372,0.33618177125070914
JFM2026,TP,SPIRE,central_india,2026-01-01,daily,34,Week 5,era5,0.597965536134876,0.5836055865390538,0.541565221347202,-1.3853471849106191,-16.576456169960732,0.22674242983727122,0.25505602245428816,0.5785069366716912,0.03694171532448913,0.8889906917524703
JFM2026,TP,SPIRE,central_india,2026-01-01,daily,35,Week 5,era5,0.19724905399674253,0.6229584774757302,0.5513146775944829,-1.4485850792841344,-205.51962460566435,0.21782149274775905,0.2392536123800069,0.5517389389667035,0.0004242613722206556,0.9104209151993611
JFM2026,TP,SPIRE,central_india,2026-01-01,daily,36,Week 6,era5,0.44032810473670964,0.5507124395819776,0.5024398134381269,-0.8720651745066148,-160.91191072211905,0.1664090574991937,0.24214025742380585,0.5024398134381269,0.0,0.6872424241621927
JFM2026,TP,SPIRE,central_india,2026-01-01,daily,37,Week 6,era5,0.43323772993177073,0.5364412853323546,0.47797518100674813,-0.7390199009302807,-152.68300293296093,0.20900635417140814,0.24490138581941173,0.478037829869753,6.264886300496429e-05,0.8534306715827558
JFM2026,TP,SPIRE,central_india,2026-01-01,daily,38,Week 6,era5,0.22439430582109016,0.6009026948618902,0.5309690629218144,-1.1336245960836426,-191.6187454846914,0.20043171419269815,0.2474747418625206,0.5311584963160771,0.00018943339426269934,0.8099077614314425
JFM2026,TP,SPIRE,central_india,2026-01-01,daily,39,Week 6,era5,0.35702064818486456,0.5689458929712145,0.5111902479937568,-0.8640254546328843,-171.8192539141095,0.17686446334472422,0.25046783390015215,0.5112032548256634,1.3006831906656815e-05,0.7061364351289532
JFM2026,TP,SPIRE,central_india,2026-01-01,daily,40,Week 6,era5,0.00414382476555587,0.7013545922506039,0.6267427938857225,-1.763069210876119,-261.69966563201405,0.18773300577548485,0.25346085276839636,0.6267874973693042,4.470348358154297e-05,0.7406785060690563
JFM2026,TP,SPIRE,central_india,2026-01-01,daily,41,Week 6,era5,0.3817400328238966,0.5832337482021318,0.5257733028949908,-0.86644720366107,-180.59936139434856,0.18509986578247667,0.256280389704651,0.5257733028949908,0.0,0.722255284517844
JFM2026,TP,SPIRE,central_india,2026-01-01,daily,42,Week 6,era5,0.3092352529146031,0.6816549818836843,0.6191173469080634,-1.4939390327617215,-247.06086348575224,0.22381399536469931,0.2590656155169391,0.6191173469080634,0.0,0.8639278312488566
JFM2026,TP,SPIRE,central_india,2026-01-01,weekly,1,Week 1,era5,0.9525398184644995,0.10693529056032487,0.09075780504741254,0.881014302686597,-2.4713372390369686,0.18577415539921985,0.17709660971144145,0.10775849755718116,0.017000692509768624,1.0489989373704978
JFM2026,TP,SPIRE,central_india,2026-01-01,weekly,2,Week 2,era5,0.8773132577224629,0.24002251204101718,0.21270799110237965,0.4581346614598585,-26.364821346214615,0.22916098114080113,0.18458867855152516,0.22042539955922785,0.00771740845684816,1.241468235966781
JFM2026,TP,SPIRE,central_india,2026-01-01,weekly,3,Week 3,era5,0.6569730377877286,0.42330096751685303,0.3942545735532677,-0.5095393494254685,-94.05905587236813,0.17587323311808334,0.19406820876371486,0.3962142261362819,0.0019596525830141297,0.9062444294120086
JFM2026,TP,SPIRE,central_india,2026-01-01,weekly,4,Week 4,era5,0.3440588455021902,0.6733344057035843,0.26706447543102235,-0.02465340322475762,0.020105956879049036,0.19068898395785988,0.6572144683913752,0.46407860785914157,0.19701413242811927,0.290147270227629
JFM2026,TP,SPIRE,central_india,2026-01-01,weekly,5,Week 5,era5,0.4841268651657738,0.5786154435059347,0.5091857465933949,-1.1963558955257647,-6.279436851116099,0.19531364550959318,0.3097756206091473,0.5822703936442929,0.07308464705089796,0.6305003767744072
JFM2026,TP,SPIRE,central_india,2026-01-01,weekly,6,Week 6,era5,0.32632590161512753,0.5995266517593796,0.54202969539819,-1.069158110684679,-190.90494563960164,0.17965497174928285,0.25045183209728483,0.5420739514795179,4.425608132794256e-05,0.7173234479654282
JFM2026,TP,SPIRE,east_northeast_india,2026-01-01,daily,1,Week 1,era5,0.9887218000006905,0.3958898916698645,-0.049020046862350994,0.8818977834299321,0.2097997579431672,1.291714365741421,0.9352366117682545,0.29126193446098386,0.34028198132333476,1.3811631724929727
JFM2026,TP,SPIRE,east_northeast_india,2026-01-01,daily,2,Week 1,era5,0.732379337285842,1.0387369913500863,0.12433606664203373,0.595013591816755,-1.132387337249511,0.8350555846582521,1.4719403062170067,0.44856967917693963,0.32423361253490574,0.5673162023835094
JFM2026,TP,SPIRE,east_northeast_india,2026-01-01,daily,3,Week 1,era5,0.9372716306775667,0.7781312030438432,0.43736748143710785,0.7752613494421762,-2.7198617071680498,0.9169574000052698,1.4180264930908617,0.6570039530194897,0.21963647158238178,0.6466433486772061
JFM2026,TP,SPIRE,east_northeast_india,2026-01-01,daily,4,Week 1,era5,0.9795524811801859,0.3275136830402745,0.13296052481212123,0.9637741332391437,0.41946592246956504,1.4416406371668964,1.4860705230599285,0.32834672507756507,0.19538620026544387,0.9701024378025158
JFM2026,TP,SPIRE,east_northeast_india,2026-01-01,daily,5,Week 1,era5,0.9928444176157326,0.19311861738381386,0.05232859439779459,0.9888301173408212,0.8526626105614811,1.555200323537994,1.5522382540448352,0.16807492631511842,0.11574633191732382,1.0019082569866065
JFM2026,TP,SPIRE,east_northeast_india,2026-01-01,daily,6,Week 1,era5,0.9965214157814077,0.18505353598541285,0.09199722185170935,0.9900036682521847,0.8484316928416138,1.4801705283428457,1.5778094694067655,0.22200317753942933,0.13000595568771997,0.9381174071032603
JFM2026,TP,SPIRE,east_northeast_india,2026-01-01,daily,7,Week 1,era5,0.9875786310391513,0.44483881342130777,0.2334779206175363,0.9530102549066405,0.5932339582891837,1.4401042498801464,1.7258084316148166,0.23961708914548346,0.006139168527947095,0.8344519724779995
JFM2026,TP,SPIRE,east_northeast_india,2026-01-01,daily,8,Week 2,era5,0.9912735543432043,0.4164169423110466,0.2329783414899944,0.9590263435294513,0.5988336289740548,1.4573822673436772,1.731398884541867,0.2575095148410606,0.02453117335106614,0.8417368639632135
JFM2026,TP,SPIRE,east_northeast_india,2026-01-01,daily,9,Week 2,era5,0.9902380628231651,0.4116945100106088,0.2598757278983021,0.9610011060105551,0.5924695313533273,1.5320923541452265,1.7545222146400046,0.2886005363533436,0.02872480845504143,0.8732248251753162
JFM2026,TP,SPIRE,east_northeast_india,2026-01-01,daily,10,Week 2,era5,0.991932719556639,0.2526423302615978,0.1539288589094869,0.9813126707385623,0.5768574586151083,1.5726333705111626,1.5401625123679583,0.3073070424157118,0.15337818350622484,1.021082748010326
JFM2026,TP,SPIRE,east_northeast_india,2026-01-01,daily,11,Week 2,era5,0.9893464603664123,0.5179317426947153,0.3400136250643086,0.945052180233161,0.4661157404115571,1.5563804302024353,1.858086113901704,0.3401621960469414,0.00014857098263280883,0.8376255645839085
JFM2026,TP,SPIRE,east_northeast_india,2026-01-01,daily,12,Week 2,era5,0.9947772390448245,0.44870862897111435,0.3100162737187344,0.9587915817202128,0.5383722010842413,1.5861485650126879,1.858966647702873,0.3305043317411116,0.02048805802237715,0.8532420777815962
JFM2026,TP,SPIRE,east_northeast_india,2026-01-01,daily,13,Week 2,era5,0.9920271221277939,0.31183205839226524,0.1974190947780276,0.9790287479606801,0.7068369632663554,1.7263173657306725,1.8171159952294842,0.2795097037749294,0.08209060899690182,0.9500314620876227
JFM2026,TP,SPIRE,east_northeast_india,2026-01-01,daily,14,Week 2,era5,0.996848798453182,0.2739450837607013,0.19846688549102248,0.9849274963938015,0.7976011503106817,1.7696655150516156,1.890384491017451,0.2722327214051724,0.0737658359141499,0.9361405171596274
JFM2026,TP,SPIRE,east_northeast_india,2026-01-01,daily,15,Week 3,era5,0.9950159022460674,0.4914053547394901,0.3477647868177203,0.9568136404147477,0.5065270776367997,1.6956280286687924,1.9904097613227862,0.35327917352737714,0.005514386709656864,0.8518989715674988
JFM2026,TP,SPIRE,east_northeast_india,2026-01-01,daily,16,Week 3,era5,0.9942815920546384,0.556332634962109,0.39569812266220517,0.9440400247317842,0.2442564208632142,1.6356633969505718,1.976193537280083,0.4261794696918158,0.03048134702961065,0.8276838103629279
JFM2026,TP,SPIRE,east_northeast_india,2026-01-01,daily,17,Week 3,era5,0.9949825392335934,0.5438055971683221,0.4273398034206052,0.9455264364904888,0.07836614565256139,1.680260364419432,1.963111294979264,0.5027299387091289,0.07539013528852369,0.8559170173982318
JFM2026,TP,SPIRE,east_northeast_india,2026-01-01,daily,18,Week 3,era5,0.9243122976613719,0.7989136635626433,0.32922444538179474,0.8677540569807591,-0.10515271647939195,1.6619679387058786,1.8933578820629688,0.5719517145031602,0.2427272691213655,0.8777885863263357
JFM2026,TP,SPIRE,east_northeast_india,2026-01-01,daily,19,Week 3,era5,0.9633875249297884,0.5225235301130942,0.2538657317657083,0.926765346592441,-0.7815588413511949,1.6948658802045753,1.5870981738258583,0.5383814373089492,0.28451570554324085,1.0679023567388601
JFM2026,TP,SPIRE,east_northeast_india,2026-01-01,daily,20,Week 3,era5,0.9648004449988057,0.6336054256794608,0.4333216253157676,0.9084494036281167,-1.0106661770114411,1.7422280458274928,1.7422416036123658,0.6826745392590495,0.24935291394328188,0.9999922181947413
JFM2026,TP,SPIRE,east_northeast_india,2026-01-01,daily,21,Week 3,era5,0.9909948063933278,0.9417396716628018,0.7174097335321663,0.8678980313968503,-1.196087673945685,1.6278223126531064,2.182977236524602,0.759414427198704,0.04200469366653771,0.7456890916758586
JFM2026,TP,SPIRE,east_northeast_india,2026-01-01,daily,22,Week 4,era5,0.9907188160107536,0.865046849032754,0.6735513937147497,0.8866315128464382,-1.0868155279495881,1.6699562402050756,2.147517836430218,0.7285745699400787,0.055023176225329096,0.7776215926481035
JFM2026,TP,SPIRE,east_northeast_india,2026-01-01,daily,23,Week 4,era5,0.9833132283016625,0.8171966346502358,0.6131074152028708,0.8928172607524805,-1.4921739079781244,1.6523165589143134,2.0736935720250638,0.7177551136453332,0.10464769844246244,0.7967988044158062
JFM2026,TP,SPIRE,east_northeast_india,2026-01-01,daily,24,Week 4,era5,0.935640470293621,0.8303308453318096,0.4965076585967457,0.8641308870336989,-0.8664238472003425,1.7465650208307133,1.8849734174443478,0.7851358548139868,0.2886281962172411,0.9265727594178549
JFM2026,TP,SPIRE,east_northeast_india,2026-01-01,daily,25,Week 4,era5,0.9891924936003645,0.6974890550056968,0.6096898860769437,0.9123365698664064,-5.043518633688704,1.769116513143236,1.967906619932978,0.865240297536516,0.25555041145957214,0.8989839737433719
JFM2026,TP,SPIRE,east_northeast_india,2026-01-01,daily,26,Week 4,era5,0.9874280376843666,1.2240418378770397,0.9188980073659628,0.8149292081737165,-2.0596369176082696,1.6219738636216863,2.3685062365531224,0.9225161777220657,0.0036181703561027345,0.6848087788791886
JFM2026,TP,SPIRE,east_northeast_india,2026-01-01,daily,27,Week 4,era5,0.9941842169411101,1.259929462060042,0.9357794136646224,0.8034304207094232,-3.2261545335928687,1.5894511804782876,2.4063060135895777,1.036002775542078,0.1002233618774558,0.6605357637398924
JFM2026,TP,SPIRE,east_northeast_india,2026-01-01,daily,28,Week 4,era5,0.1473198586104911,1.6368314813785123,-0.22526129875730605,-2.1947467634433298,0.42692065813245716,1.5350099450412966,0.7947825568650847,0.9644010934389607,1.1896623921962666,1.9313583718997829
JFM2026,TP,SPIRE,east_northeast_india,2026-01-01,daily,29,Week 5,era5,0.9294038168522563,0.6687620410716673,0.2853272474381826,0.8557771309586206,0.361780482250053,1.605381110210509,1.370442399843399,0.856981890359002,0.5716546429208194,1.1714327507627877
JFM2026,TP,SPIRE,east_northeast_india,2026-01-01,daily,30,Week 5,era5,0.9799520238134487,1.1931905926270499,0.8465463534711046,0.8263667948159801,-4.056374747745703,1.6286082913546855,2.3717027974016216,0.9519756710297117,0.10542931755860713,0.686683126207444
JFM2026,TP,SPIRE,east_northeast_india,2026-01-01,daily,31,Week 5,era5,0.9895229599576638,1.4318668897105982,1.0529994579329869,0.7816386390912714,-4.143361987939276,1.627499040987068,2.5518421104426947,1.099729890571612,0.04673043263862513,0.6377741923479462
JFM2026,TP,SPIRE,east_northeast_india,2026-01-01,daily,32,Week 5,era5,0.9815490804259397,1.3971186657942845,1.1714424952946358,0.7600328399034464,-10.262795017016659,1.6600987039360262,2.3214961474599622,1.2902400967627081,0.11879760146807242,0.7150986254068971
JFM2026,TP,SPIRE,east_northeast_india,2026-01-01,daily,33,Week 5,era5,0.99009036271358,1.5521364780808302,1.3655424646526158,0.7184322577620472,-12.536164665105858,1.719902708323407,2.400057202758875,1.5012004233921006,0.13565795873948472,0.7166090484620001
JFM2026,TP,SPIRE,east_northeast_india,2026-01-01,daily,34,Week 5,era5,0.9251859443740315,1.3474789581028321,1.0243949497211118,0.732564413379207,-4.462789612006593,1.5727483060155873,2.0954349734372117,1.3162912300469471,0.29189628032583526,0.7505593473205021
JFM2026,TP,SPIRE,east_northeast_india,2026-01-01,daily,35,Week 5,era5,0.9856074001173367,0.8028174313329646,0.7386011089923603,0.8766025341663151,-1.4345671732176575,1.8385406120133436,1.763255128883777,1.159354356522639,0.42075324753027876,1.0426968746021603
JFM2026,TP,SPIRE,east_northeast_india,2026-01-01,daily,36,Week 6,era5,0.9225580411216225,1.594617124731038,1.0762093255049063,0.7078638609050506,-3.986777537550223,1.5865276884096113,2.4685614329655166,1.3694708409782972,0.29326151547339113,0.642693216876395
JFM2026,TP,SPIRE,east_northeast_india,2026-01-01,daily,37,Week 6,era5,0.6643871663274181,1.9712345010643033,0.4112808281884008,0.5207639480282706,-0.17430412223389946,1.594239721435265,2.574745713434296,1.1382509506132443,0.7269701224248432,0.6191833675523654
JFM2026,TP,SPIRE,east_northeast_india,2026-01-01,daily,38,Week 6,era5,0.9817102358928661,0.7629645154016781,0.6729686696197281,0.8929277450569788,-0.6672028233350984,1.676440081666387,1.8111965749748853,1.1828096536352672,0.5098409840155392,0.9255980851717507
JFM2026,TP,SPIRE,east_northeast_india,2026-01-01,daily,39,Week 6,era5,0.9843739826492931,1.7600671870132851,1.178164849434757,0.7417803926607933,-7.760914667047148,1.6255529741937658,2.8760157698229,1.261707878917765,0.08354302948300783,0.5652100350944406
JFM2026,TP,SPIRE,east_northeast_india,2026-01-01,daily,40,Week 6,era5,0.9902234670385922,1.5843835269032744,1.1155263594953462,0.7941109697329198,-6.487609363378089,1.8237310266151299,2.9018741637366077,1.221513363285476,0.10598700379012982,0.6284666128550511
JFM2026,TP,SPIRE,east_northeast_india,2026-01-01,daily,41,Week 6,era5,0.9731952250647605,1.846398096627222,1.292146829015701,0.7148487419559132,-12.519849557656652,1.6386120612788895,2.858622741465912,1.4297560125673736,0.13760918355167254,0.5732173180846533
JFM2026,TP,SPIRE,east_northeast_india,2026-01-01,daily,42,Week 6,era5,0.8626525665651721,1.7358239964572335,0.6174042727362138,0.7149704481329013,-0.7674463525722206,1.7176611046394419,2.851819493873289,1.1753260215110897,0.5579217487748761,0.6023035848971444
JFM2026,TP,SPIRE,east_northeast_india,2026-01-01,weekly,1,Week 1,era5,0.9880174152138764,0.30399336953439804,0.14620684065158274,0.9669205513345102,0.46008844048284625,1.257420457453636,1.4250308102900833,0.3364110731820516,0.19020423253046884,0.8823812428291793
JFM2026,TP,SPIRE,east_northeast_india,2026-01-01,weekly,2,Week 2,era5,0.9952809524913176,0.34146060253470367,0.2418141250714978,0.9738328201441111,0.6717084789336947,1.5985634418955594,1.7755733238172517,0.2965465817617492,0.05473245669025139,0.9003083232061946
JFM2026,TP,SPIRE,east_northeast_india,2026-01-01,weekly,3,Week 3,era5,0.9903871450517365,0.5234582024948536,0.4149463218599675,0.9455426002267898,-0.29790312487160886,1.6755787433574851,1.8788117146658199,0.5478015270410059,0.1328552051810384,0.891828984393743
JFM2026,TP,SPIRE,east_northeast_india,2026-01-01,weekly,4,Week 4,era5,0.9881588559013168,0.6602195585296555,0.5746103626575342,0.9124876411472634,-5.663427555914988,1.6532451214865538,1.8370579381647605,0.8599465566876524,0.28533619403011845,0.8999417422501995
JFM2026,TP,SPIRE,east_northeast_india,2026-01-01,weekly,5,Week 5,era5,0.9836709511837607,1.0808599715393068,0.9264077051212016,0.8275904547520572,-18.159779821856194,1.6603451182068125,2.103054523055172,1.167967626802478,0.24155992168127635,0.7894921886260838
JFM2026,TP,SPIRE,east_northeast_india,2026-01-01,weekly,6,Week 6,era5,0.9495969198367962,1.4025841012967772,0.9091001288900146,0.783682580025011,-6.038177655803314,1.6638875771287922,2.512078528072344,1.2541192376138515,0.34501910872383695,0.6623549218445749
JFM2026,TP,SPIRE,northwest_india,2026-01-01,daily,1,Week 1,era5,-0.38921791014624013,2.48119697033062,1.2673430183596068,-4.022842164119814,-9.123778410159344,1.6638111062749295,0.8360857443703992,1.363585871752748,0.09624285339314147,1.9900005680970383
JFM2026,TP,SPIRE,northwest_india,2026-01-01,daily,2,Week 1,era5,0.9124280134899563,0.3185227800022219,0.01079420376190838,0.9025780971896524,0.741854040893259,0.7548838608721692,0.7656186353838524,0.17102886621077926,0.1602346624488709,0.985978953469045
JFM2026,TP,SPIRE,northwest_india,2026-01-01,daily,3,Week 1,era5,0.7567322368444304,0.5332245667281077,-0.09233975137115528,0.6704705288615178,0.49929075722636884,0.789195450206073,0.6953508752485776,0.13918153438462577,0.2315212857557811,1.1349600299617761
JFM2026,TP,SPIRE,northwest_india,2026-01-01,daily,4,Week 1,era5,0.9843402114823221,0.21983183016299576,0.14186962469599332,0.9640442726863429,0.9114998826300733,0.7357031878088903,0.8308582220964837,0.19315321106628897,0.05128358637029565,0.8854738007556919
JFM2026,TP,SPIRE,northwest_india,2026-01-01,daily,5,Week 1,era5,0.9508097311494413,0.2964946283416303,0.16676226485051557,0.9294952565793664,0.8586139192375409,0.6936543912457488,0.7775470336978584,0.23780509524054294,0.07104283039002741,0.8921060221230181
JFM2026,TP,SPIRE,northwest_india,2026-01-01,daily,6,Week 1,era5,0.9844815161214157,0.32938603959900975,0.2385515814477938,0.9313077104835231,0.8336053318113082,0.7241530506162024,0.9011674660622657,0.2486961484452608,0.010144566997467033,0.8035721193758313
JFM2026,TP,SPIRE,northwest_india,2026-01-01,daily,7,Week 1,era5,0.9902755351703642,0.21404900290249093,0.1446608989922622,0.9726652622070241,0.9305822166837057,0.8453365214472826,0.9422811390277869,0.15711646891288475,0.012455569920622566,0.8971170985333227
JFM2026,TP,SPIRE,northwest_india,2026-01-01,daily,8,Week 2,era5,0.9567297430226614,0.3027755626646191,0.08613172028666216,0.9469095761767248,0.8731318357862408,0.9389834132458451,0.9963496685875642,0.14506553592414193,0.05893381563747976,0.9424235716131244
JFM2026,TP,SPIRE,northwest_india,2026-01-01,daily,9,Week 2,era5,0.9909934069598466,0.19119174993633212,0.1394617263737315,0.9797414885467391,0.9445037180979463,0.9766581583357223,0.9679596571090278,0.1403381961530911,0.0008764697793595891,1.008986429509546
JFM2026,TP,SPIRE,northwest_india,2026-01-01,daily,10,Week 2,era5,0.9882108277474343,0.2442229529896841,0.19112919320044885,0.9681476126354873,0.9082764869106462,0.9919442974169422,0.9874084674942709,0.19393179959031012,0.002802606389861281,1.004593671283964
JFM2026,TP,SPIRE,northwest_india,2026-01-01,daily,11,Week 2,era5,0.8989964262233816,0.4634652683072161,0.09749707941021185,0.8801040342035321,0.4533519908072897,0.9789877448100418,1.0266151626517963,0.20823998092302287,0.11074290151281098,0.9536073306001729
JFM2026,TP,SPIRE,northwest_india,2026-01-01,daily,12,Week 2,era5,0.9960487414543115,0.18969284508850184,0.1621752227678519,0.9823434969060216,0.9449640282072392,0.9908853949764826,1.0310017844410588,0.16535307564609145,0.0031778528782395814,0.96108989327664
JFM2026,TP,SPIRE,northwest_india,2026-01-01,daily,13,Week 2,era5,0.9958124209434919,0.2314734574712498,0.2020877975296709,0.9748044664653814,0.9186373253275704,0.9890054630391806,1.0524333511047042,0.2047267837530582,0.0026389862233873324,0.9397321569114611
JFM2026,TP,SPIRE,northwest_india,2026-01-01,daily,14,Week 2,era5,0.9818222362028601,0.2526951296777763,0.16346077875775916,0.9674089857460747,0.8629785783534026,0.9987743722718739,1.015239090879641,0.2341857131711664,0.07072493441340721,0.9837824225291588
JFM2026,TP,SPIRE,northwest_india,2026-01-01,daily,15,Week 3,era5,0.006842877701826519,2.6118212688171942,-0.7009896312148796,-0.2391115019068608,-0.5855481112399272,0.926613865276046,2.3454967126376673,0.41701291527040546,1.1180025464852852,0.3950608245508931
JFM2026,TP,SPIRE,northwest_india,2026-01-01,daily,16,Week 3,era5,0.6307400684985797,1.0115617553538865,0.03888976790417756,0.523839127848378,-0.40966335353669425,0.9563178893155914,1.2895091035437818,0.41732302967475426,0.3784332617705767,0.7416139108188329
JFM2026,TP,SPIRE,northwest_india,2026-01-01,daily,17,Week 3,era5,0.8546151420315768,0.6488104008408138,0.22620742450169393,0.7970013601529331,0.20596590378316448,0.8894725650716684,1.1557094195709028,0.46198191185751614,0.23577448735582224,0.7696333957387973
JFM2026,TP,SPIRE,northwest_india,2026-01-01,daily,18,Week 3,era5,0.3577533717250443,1.3862321503952355,0.0036747119782922647,0.210021348038968,-1.5420127108022643,0.8162690541284477,1.4498694291492782,0.540501229714267,0.5368265177359747,0.5629948723088808
JFM2026,TP,SPIRE,northwest_india,2026-01-01,daily,19,Week 3,era5,0.8158248045431675,0.7407744913103141,0.366309911888318,0.7268154658898041,-2.871230588010093,0.8282201765935652,1.1059872945289217,0.6086995380820831,0.24238962619376514,0.7488514386110853
JFM2026,TP,SPIRE,northwest_india,2026-01-01,daily,20,Week 3,era5,0.8591505014211448,0.9921651699610724,0.6254366726649536,0.6192972513029474,-1.4698438453255287,0.6244533121650652,1.2372920236421496,0.7453905052212907,0.11995383255633714,0.5046935567618837
JFM2026,TP,SPIRE,northwest_india,2026-01-01,daily,21,Week 3,era5,0.023556476622955135,6.589121319390421,-2.6873740353563282,-0.03499346781800816,0.06761549647785714,0.4954727848169665,6.007435389398438,0.8982817874930237,3.5856558228493514,0.08247658987583073
JFM2026,TP,SPIRE,northwest_india,2026-01-01,daily,22,Week 4,era5,-0.3811466356970642,19.70478372752615,-11.461492892559722,-0.010689454371431983,0.10315706680946723,0.4738080849485781,15.841918846642795,1.2611112204631894,12.722604113022912,0.02990850347961397
JFM2026,TP,SPIRE,northwest_india,2026-01-01,daily,23,Week 4,era5,0.3772185531093552,1.265769313093076,0.7749218596080452,0.15215443384097682,-1.0083552524308028,0.4061741538054892,1.0806677167761911,1.1212345857228285,0.34631272611478353,0.37585480485821604
JFM2026,TP,SPIRE,northwest_india,2026-01-01,daily,24,Week 4,era5,0.36888842020231255,1.4919518483698608,1.1349274771836824,-0.0781383549879231,-6.9801547227791945,0.45682650165966715,1.0389017180271125,1.35350355249333,0.21857607530964762,0.43972061431103077
JFM2026,TP,SPIRE,northwest_india,2026-01-01,daily,25,Week 4,era5,-0.5738334662324328,2.107480476286156,-0.012165301506917844,-0.33576793910134684,0.2604812077381965,0.4686150662907405,1.803298788396323,1.4856192516724016,1.4977845531793197,0.25986545840663533
JFM2026,TP,SPIRE,northwest_india,2026-01-01,daily,26,Week 4,era5,-0.21996410231397678,13.621457647472274,-8.62769245009671,-0.024229890119070507,0.1150094984452209,0.5716395803870497,10.400231037078552,1.1600166961224179,9.787709146219129,0.05496412323428774
JFM2026,TP,SPIRE,northwest_india,2026-01-01,daily,27,Week 4,era5,0.41769288222264467,2.672501234701902,-0.18932505279509812,0.142594275161815,0.19249688696625888,0.725694847076439,2.8860744293478184,1.0463621958096057,1.235687248604704,0.2514470311981622
JFM2026,TP,SPIRE,northwest_india,2026-01-01,daily,28,Week 4,era5,0.9534894612186061,1.0557662389991815,0.7962343197634589,0.6633636287856384,-1.0266517950699234,0.7028065199758688,1.3302513289152933,0.832840581636978,0.036606261873519244,0.5283261175532504
JFM2026,TP,SPIRE,northwest_india,2026-01-01,daily,29,Week 5,era5,0.7652847461516892,1.1931507922008653,0.6924029908465074,0.4934600009644563,-7.672491890261043,0.6491710765605294,1.3740548376373038,1.027125613143782,0.3347226222972746,0.4724491765385312
JFM2026,TP,SPIRE,northwest_india,2026-01-01,daily,30,Week 5,era5,0.3374568453427381,1.5117443188524267,0.6579718058851631,0.02727238243475738,-0.8599230974341989,0.4650422210107059,1.4456547982746177,1.4611146379596467,0.8031428320744834,0.32168275688340786
JFM2026,TP,SPIRE,northwest_india,2026-01-01,daily,31,Week 5,era5,-0.5507385797381258,2.444729405433868,-0.6452297776674012,-0.3954394576095934,0.425522761582126,0.6031639093114992,1.9714899053791581,1.3152025025604224,1.9604322802278236,0.3059431892934285
JFM2026,TP,SPIRE,northwest_india,2026-01-01,daily,32,Week 5,era5,0.3865208108533242,1.7239269252248408,0.9295589324350162,0.06457136068724412,-0.9041849348577193,0.5059306581186143,1.570368815305432,1.436363538370452,0.5068046059354359,0.32217314377846473
JFM2026,TP,SPIRE,northwest_india,2026-01-01,daily,33,Week 5,era5,-0.1608560811553495,1.2934748377900105,0.521377399470694,-0.4840143502837484,0.30910287695550487,0.48955934285275693,1.0018881384028364,1.539933659775662,1.0185562603049685,0.4886367290795455
JFM2026,TP,SPIRE,northwest_india,2026-01-01,daily,34,Week 5,era5,0.8188191129248983,1.701227180607259,1.3230657499089145,0.27558115034582986,-3.714853565549312,0.5378485294787851,1.4642867033702875,1.3529151913500554,0.029849441441141055,0.3673109427551597
JFM2026,TP,SPIRE,northwest_india,2026-01-01,daily,35,Week 5,era5,0.8046805158458098,1.7270512890141703,1.3486979109437967,0.2732949273610855,-4.0551732787376835,0.5528734179090562,1.472492934742153,1.3671390591539327,0.018441148210136035,0.37546762015932483
JFM2026,TP,SPIRE,northwest_india,2026-01-01,daily,36,Week 6,era5,0.6191812401543175,1.663362215396674,1.0917046386456886,0.2362547930674278,-8.378018060668296,0.5605709500909812,1.5223354177194166,1.3761725179492807,0.2844678793035921,0.3682309059922961
JFM2026,TP,SPIRE,northwest_india,2026-01-01,daily,37,Week 6,era5,0.6840433436902884,1.8563842994917163,1.3988838934145365,0.20506354725656406,-4.4490051675486555,0.5106687969717311,1.5114418211488934,1.4092438355387225,0.010359942124186025,0.33786864292504226
JFM2026,TP,SPIRE,northwest_india,2026-01-01,daily,38,Week 6,era5,0.7001040444457649,1.8204912787540386,1.3157869429515094,0.2532423294709796,-4.051870666510363,0.43792625530063234,1.525246336453678,1.3172568858519358,0.0014699429004262697,0.287118378739297
JFM2026,TP,SPIRE,northwest_india,2026-01-01,daily,39,Week 6,era5,0.6080202753369196,1.5787963955868674,1.0798381995406268,0.26560590863507183,-10.482963396851613,0.5110250238125184,1.388648579605224,1.3332233181065343,0.2533851185659073,0.36800168978518427
JFM2026,TP,SPIRE,northwest_india,2026-01-01,daily,40,Week 6,era5,0.31959608545800655,1.6541202497145775,0.3632387649082638,0.11692531268997286,0.3002809076293216,0.5005314290324513,1.7024429785483677,1.3877775099064782,1.0245387449982142,0.29400774965117626
JFM2026,TP,SPIRE,northwest_india,2026-01-01,daily,41,Week 6,era5,0.8195693476155936,1.6711434284564297,1.2240225637145306,0.38134963223759244,-3.4808957738109623,0.5478940014417486,1.5426255476454673,1.241667800881209,0.017645237166678478,0.3551697962464109
JFM2026,TP,SPIRE,northwest_india,2026-01-01,daily,42,Week 6,era5,0.8533387977564993,1.4540816536189136,1.062423972260245,0.5165385617324627,-3.6608788943040516,0.7009499799203042,1.5212180654015524,1.1106243410079533,0.04820036874770825,0.46078205082009466
JFM2026,TP,SPIRE,northwest_india,2026-01-01,weekly,1,Week 1,era5,0.9084551648105098,0.44223991808847274,0.2682345507830882,0.8397553856385357,0.6255670340501849,0.6014205642075546,0.7921946139851455,0.35865245741345825,0.09041790663037,0.7591828492522823
JFM2026,TP,SPIRE,northwest_india,2026-01-01,weekly,2,Week 2,era5,0.9910128269193591,0.1997152350165371,0.14884906971645492,0.9786194658307718,0.9294551930276298,0.979138520905609,0.9943250444396318,0.18454872275081952,0.03569965303436457,0.9847268017446132
JFM2026,TP,SPIRE,northwest_india,2026-01-01,weekly,3,Week 3,era5,0.3053868257187241,1.3973961225362381,-0.30397788158535327,0.003951453640166025,-0.7376178965491536,0.7796294380544734,1.3822814941854882,0.5841701315809498,0.8881480131663031,0.5640164042808599
JFM2026,TP,SPIRE,northwest_india,2026-01-01,weekly,4,Week 4,era5,-0.5023039728698975,4.154735726711213,-2.512084544683374,-0.13275288986150313,0.3428063369222568,0.5027694799813032,3.0280454177404836,1.1800983110607688,3.692182855744143,0.16603762844365388
JFM2026,TP,SPIRE,northwest_india,2026-01-01,weekly,5,Week 5,era5,0.5337309957789558,1.033013579737461,0.6896921164772408,0.17521288120759693,-0.6783445987280687,0.5108861708631576,0.9089062809683361,1.3571134368275533,0.6674213203503122,0.562088943118389
JFM2026,TP,SPIRE,northwest_india,2026-01-01,weekly,6,Week 6,era5,0.802054289329026,1.4102798956121878,1.076556997029586,0.36441952623069596,-14.575049690079313,0.5230362809481343,1.2752666872125342,1.310852322430189,0.23429532540060247,0.4101387468148972
JFM2026,TP,SPIRE,south_peninsula,2026-01-01,daily,1,Week 1,era5,-0.3306910603452649,1.8479703713675832,0.7829432397627996,-6.5315891380948115,-6.968486986519326,1.3628934249590314,0.6205845139261974,1.0907603580873504,0.30781711832455066,2.196144754461457
JFM2026,TP,SPIRE,south_peninsula,2026-01-01,daily,2,Week 1,era5,0.5226935194946709,0.4810103743361248,0.30764558231367306,0.4359635790808779,-8.314132407750883,0.3084756146008788,0.4211722919826432,0.37238284603554067,0.0647372637218676,0.7324214352961075
JFM2026,TP,SPIRE,south_peninsula,2026-01-01,daily,3,Week 1,era5,0.9148375339568584,0.2854862870997085,0.19992914943739754,0.8217592263088516,-0.7882214138112813,0.32020060669719874,0.45044727883568314,0.223382736590937,0.023453587153539443,0.7108503519542926
JFM2026,TP,SPIRE,south_peninsula,2026-01-01,daily,4,Week 1,era5,0.9672928471098946,0.21980353062463007,0.14729543509827264,0.8917727848301382,0.11916680768333443,0.3165173323386435,0.44819101524186755,0.16172488672679353,0.01442945162852085,0.706210793109795
JFM2026,TP,SPIRE,south_peninsula,2026-01-01,daily,5,Week 1,era5,0.3277350693482371,0.4338368935381566,0.2152023170265967,0.357912566295315,-1.7246857805354545,0.2469674138106831,0.3766775602314162,0.31984874477999187,0.1046464277533951,0.6556467384437656
JFM2026,TP,SPIRE,south_peninsula,2026-01-01,daily,6,Week 1,era5,-0.14449959003070828,0.7085723588831496,0.4576031292483923,-0.32055869912450974,-9.170417395633807,0.30547965777719227,0.40452838382812817,0.4701499798766856,0.01254685062829328,0.7551501204597334
JFM2026,TP,SPIRE,south_peninsula,2026-01-01,daily,7,Week 1,era5,0.45119002179083406,0.4872325184385925,0.3426890181209152,0.33979477767349353,-3.6202323123653946,0.1883566023481905,0.38781120320864154,0.3477513417864356,0.005062323665520383,0.48569149315383514
JFM2026,TP,SPIRE,south_peninsula,2026-01-01,daily,8,Week 2,era5,0.896235267624003,2.5431407169567564,-0.5072445050511092,0.23690512326139757,0.29991894340683434,0.41822429958533053,2.859953462191793,0.4841307208829897,0.9913752259340989,0.1462346521068264
JFM2026,TP,SPIRE,south_peninsula,2026-01-01,daily,9,Week 2,era5,0.8211907918247396,5.0244917145437435,-2.7045270239255332,0.20713599277751438,0.2675256775839917,0.6583616114444795,4.75844830010897,0.7614200009972809,3.4659470249228135,0.1383563653364486
JFM2026,TP,SPIRE,south_peninsula,2026-01-01,daily,10,Week 2,era5,0.5290451973427697,2.3334558778988996,-0.7873988532444934,0.2749586939201065,0.3571051458581318,0.6931574620940021,2.4830834106829007,0.7919393509321969,1.5793382041766901,0.27915190408499774
JFM2026,TP,SPIRE,south_peninsula,2026-01-01,daily,11,Week 2,era5,0.4980407307827487,1.570639946500831,-0.1295899602589535,0.2667746818636222,0.3305517969709605,0.6040643129083982,1.7758850683042409,0.7373510786043495,0.8669410388633029,0.34014831460079104
JFM2026,TP,SPIRE,south_peninsula,2026-01-01,daily,12,Week 2,era5,0.1361064860583386,7.612568686294774,-2.3150826097922845,0.02475420940543116,0.06361765494628968,0.45452525052072873,7.299876576031982,0.5591534567847333,2.8742360665770175,0.062264785683239114
JFM2026,TP,SPIRE,south_peninsula,2026-01-01,daily,13,Week 2,era5,-0.6553157863336521,0.8464014778592407,0.46308380526409104,-2.7004057002043393,-8.105290500790112,0.4334697019911438,0.3442259776594725,0.5774297611285423,0.1143459558644511,1.2592591208207888
JFM2026,TP,SPIRE,south_peninsula,2026-01-01,daily,14,Week 2,era5,-0.6290125256251238,0.6984346489228176,0.4866410639493414,-1.4763340837064236,-10.766095949858002,0.28252028580342015,0.2725734894713103,0.51649122883157,0.029850164882228657,1.0364921634580195
JFM2026,TP,SPIRE,south_peninsula,2026-01-01,daily,15,Week 3,era5,-0.5193664348800567,0.9100929992466553,0.6562205592728398,-3.082516698979232,-17.26871030639474,0.4399715202258409,0.27773865817666565,0.6745177212812986,0.018297162008458823,1.5841205654057031
JFM2026,TP,SPIRE,south_peninsula,2026-01-01,daily,16,Week 3,era5,-0.4961912307121882,0.9890636594980103,0.7238075692221465,-3.6210321723140737,-17.22314516801604,0.4835557905510282,0.28740878730222225,0.7307434558275805,0.006935886605433838,1.6824669666155658
JFM2026,TP,SPIRE,south_peninsula,2026-01-01,daily,17,Week 3,era5,-0.28624989533972484,0.978753901602069,0.5665252766774527,-1.4703777146858412,-1.2509575489840419,0.39354903622073695,0.5907798166934677,0.7295627871075214,0.16303751043006875,0.6661517964905934
JFM2026,TP,SPIRE,south_peninsula,2026-01-01,daily,18,Week 3,era5,-0.6168734783488558,0.7785757468442784,0.5764366443349849,-3.322523436134376,-7.112590558662987,0.33579226755213615,0.24457989531186816,0.64701791675683,0.07058127242184503,1.3729348731790136
JFM2026,TP,SPIRE,south_peninsula,2026-01-01,daily,19,Week 3,era5,-0.5387830849295465,0.5995325102780272,0.4718953761795208,-1.7285581823762604,-4.5019782628012575,0.1961912520517958,0.2251072382224453,0.5362915657321162,0.06439618955259542,0.8715457290534769
JFM2026,TP,SPIRE,south_peninsula,2026-01-01,daily,20,Week 3,era5,-0.10834006158349266,0.6303530670108425,0.5459253486622084,-1.0873321517189432,-6.563624528654847,0.12929617328021314,0.27372321284722445,0.5509193352479691,0.0049939865857606,0.4723610099972718
JFM2026,TP,SPIRE,south_peninsula,2026-01-01,daily,21,Week 3,era5,0.5612219832165374,0.47833394390234707,0.417536155826565,-0.22754581966142573,-3.031420746674571,0.10601793129451718,0.2757571261419315,0.4263252163149151,0.008789060488350132,0.3844612568233324
JFM2026,TP,SPIRE,south_peninsula,2026-01-01,daily,22,Week 4,era5,0.14159527994839188,0.5334329760691275,0.16371107189359999,-0.04095322236193888,-0.40901117005354437,0.11961274287508604,0.5106258391653761,0.3889786055304524,0.22526753363685245,0.23424733670077189
JFM2026,TP,SPIRE,south_peninsula,2026-01-01,daily,23,Week 4,era5,-0.04247387711168166,5.150129634020935,-0.9647739054766877,-0.0024893197886692864,-0.01580144196479205,0.1329853070196849,5.051563614047603,0.33930210317503423,1.304076008651722,0.026325573066104464
JFM2026,TP,SPIRE,south_peninsula,2026-01-01,daily,24,Week 4,era5,0.12339628760199114,3.7366038704782873,-0.581270528116636,0.013277611718173876,-0.0077683676389985745,0.1291213010211698,3.7048237911513797,0.402310148567639,0.9835806766842751,0.034852211144174736
JFM2026,TP,SPIRE,south_peninsula,2026-01-01,daily,25,Week 4,era5,0.5553748555505676,0.4198577784148544,0.05196707110862843,0.22951599039595683,-0.2312393950049607,0.12409601221761962,0.47256580926144043,0.30797490645997777,0.25600783535134936,0.26260048819775117
JFM2026,TP,SPIRE,south_peninsula,2026-01-01,daily,26,Week 4,era5,0.6827029267600706,0.37905670052043394,0.3271225198534973,0.14347165496751102,-1.9291008915201369,0.16512770805560606,0.2614491632368203,0.34030730561783623,0.013184785764338984,0.6315862939137946
JFM2026,TP,SPIRE,south_peninsula,2026-01-01,daily,27,Week 4,era5,0.29651456787487895,0.6259343037778088,0.5336420006361641,-1.1194005530737514,-6.110859851655213,0.2711904240856708,0.2802663513993182,0.5348844133491131,0.0012424127129490835,0.9676167785810427
JFM2026,TP,SPIRE,south_peninsula,2026-01-01,daily,28,Week 4,era5,0.6224749300703456,0.4692390747864715,0.41307441029089337,-0.1848867061914068,-3.001246580160962,0.17481329088420666,0.28441948203146883,0.4152181316575449,0.002143721366651484,0.6146319149293188
JFM2026,TP,SPIRE,south_peninsula,2026-01-01,daily,29,Week 5,era5,0.6007517019102889,0.4600365478499978,0.397465111211411,-0.12102381628039405,-2.8310968984588323,0.1879657222592131,0.2892020047529175,0.39858759752688594,0.0011224863154749814,0.6499461247504262
JFM2026,TP,SPIRE,south_peninsula,2026-01-01,daily,30,Week 5,era5,0.6028604208495545,0.544110397303144,0.48550168893351464,-0.7932035287376371,-4.025706648962398,0.2397915562405645,0.29864549083898023,0.5353672189741947,0.049865530040680076,0.8029304429372823
JFM2026,TP,SPIRE,south_peninsula,2026-01-01,daily,31,Week 5,era5,0.6007787307394301,0.6172652557663255,0.5727416981903339,-1.7843331347605091,-8.063634865391693,0.2573377340822336,0.2578635470122544,0.6331710528135113,0.06042935462317739,0.9979608869259996
JFM2026,TP,SPIRE,south_peninsula,2026-01-01,daily,32,Week 5,era5,-0.7238727958742786,0.7287899018582218,0.40675288312177765,-1.7152268221765716,-0.7402206475641968,0.24238178448041786,0.4056848221116345,0.5565601882653297,0.14980730514355206,0.5974632800379216
JFM2026,TP,SPIRE,south_peninsula,2026-01-01,daily,33,Week 5,era5,0.5193054159337804,0.5574867289631544,0.49256163318036505,-0.6813392882269989,-5.418731029864304,0.2338902637210195,0.28945596691360703,0.5009283827830373,0.008366749602672214,0.8080340032887557
JFM2026,TP,SPIRE,south_peninsula,2026-01-01,daily,34,Week 5,era5,0.7258575747172695,0.4774614943774856,0.4221595963882768,-0.0934658892045599,-3.1472928742234103,0.19383530115127168,0.31951020314316303,0.42286576262045333,0.0007061662321765764,0.6066638850478895
JFM2026,TP,SPIRE,south_peninsula,2026-01-01,daily,35,Week 5,era5,0.8955102468363346,0.2872866803760454,0.26963159773079354,0.3071593337484628,-2.0507465296902745,0.21712152750303876,0.21669383839620898,0.32877461859107804,0.05914302086028453,1.001973702205818
JFM2026,TP,SPIRE,south_peninsula,2026-01-01,daily,36,Week 6,era5,0.7067584598783259,0.391979523786512,0.3148024788657156,0.27887944912880613,-1.9808591974902243,0.2089921438628366,0.32850236913448794,0.31959921197384256,0.004796733108126902,0.636196762944123
JFM2026,TP,SPIRE,south_peninsula,2026-01-01,daily,37,Week 6,era5,0.6503551703044599,0.4117246262889047,0.32091297163432225,0.2370836413212024,-2.206105837109727,0.19587492997778477,0.3380843022315872,0.3233772453250714,0.0024642736907491193,0.5793671243677287
JFM2026,TP,SPIRE,south_peninsula,2026-01-01,daily,38,Week 6,era5,0.71941186309423,0.421430514915577,0.336641056616646,0.2522444951301799,-2.244463866693317,0.20009452445094952,0.3559889785280942,0.337291488683828,0.0006504320671820491,0.5620806724923882
JFM2026,TP,SPIRE,south_peninsula,2026-01-01,daily,39,Week 6,era5,0.4319897538099913,0.3375109947938333,0.26564262748920825,-0.08025522629055248,-1.2265341446801865,0.21140920481580242,0.17495892432949486,0.328674886726046,0.06303225923683783,1.2083362173492895
JFM2026,TP,SPIRE,south_peninsula,2026-01-01,daily,40,Week 6,era5,0.5735090510393729,0.5751267726943818,0.4913472859446874,-0.3680075097319624,-5.459384088909332,0.2566968361476449,0.3596526806426616,0.495639959035091,0.004292673090403677,0.7137353618189487
JFM2026,TP,SPIRE,south_peninsula,2026-01-01,daily,41,Week 6,era5,0.6431839028774906,0.5533843958564044,0.46821876527505063,-0.1593539460263298,-4.508634553093351,0.22271793587757863,0.38391923205693546,0.4688093095822917,0.0005905443072411045,0.580116642462312
JFM2026,TP,SPIRE,south_peninsula,2026-01-01,daily,42,Week 6,era5,0.5542943743400841,0.5958217590054318,0.4953765502891365,-0.2969852328769338,-5.380749299135058,0.2674915231446613,0.393294835131373,0.4954826574050523,0.00010610711591576782,0.6801297633499576
JFM2026,TP,SPIRE,south_peninsula,2026-01-01,weekly,1,Week 1,era5,-0.012948394373766959,0.5757770432371392,0.3504725573413826,-0.006016746646356319,-11.82675342198132,0.2591514407699065,0.37286240136807886,0.42657156173909805,0.07609900439771543,0.6950323760696906
JFM2026,TP,SPIRE,south_peninsula,2026-01-01,weekly,2,Week 2,era5,0.7887516055341692,1.5887153971672145,-0.784874052195571,0.37171879300677757,0.4858521169095593,0.4877821197093166,1.733101634758567,0.632559362057507,1.417433414253078,0.28145038347809764
JFM2026,TP,SPIRE,south_peninsula,2026-01-01,weekly,3,Week 3,era5,-0.6475916329102349,0.7177395190327566,0.5654781341408718,-2.7541170330477542,-11.460326298876172,0.2789868105016691,0.20687703241195346,0.6136254291838199,0.04814729504294824,1.3485634787438547
JFM2026,TP,SPIRE,south_peninsula,2026-01-01,weekly,4,Week 4,era5,0.46224936811805367,1.295814529541791,-0.008075367247914767,0.08870407851560114,-0.01341373656657363,0.1432367755308306,1.355760340496341,0.38985366428473667,0.3979290315326515,0.10565051303860382
JFM2026,TP,SPIRE,south_peninsula,2026-01-01,weekly,5,Week 5,era5,0.6458915891469328,0.465248639472696,0.43525916908828843,-0.9024384533927567,-7.095355287960405,0.2004397273289302,0.1893803103810025,0.4823221134114577,0.04706294432316935,1.0583979238690544
JFM2026,TP,SPIRE,south_peninsula,2026-01-01,weekly,6,Week 6,era5,0.6639786220660229,0.4567543436316906,0.38470595521169854,0.027671522673581306,-3.562283041838281,0.2124642559497354,0.3291834717559173,0.3955535295602908,0.010847574348592274,0.6454280794124233
