variable,region,week,init_date,model,crps,crps_clim,crpss,rmse,spread,ssr
TP,All India,Week 1,2026-01-01,SPIRE,0.17610756638089603,0.7355081921984399,0.7605634196207807,0.5417199541629251,0.26407772729874396,0.4874801551417861
TP,northwest_india,Week 1,2026-01-01,SPIRE,0.22949278885919916,0.7566478769074196,0.6966980337046806,0.7006140022497498,0.216789128966371,0.3094273426883233
TP,central_india,Week 1,2026-01-01,SPIRE,0.07000501171155975,0.21484834490935042,0.674165459635742,0.1401670675734678,0.1728827734977163,1.2334050821681115
TP,south_peninsula,Week 1,2026-01-01,SPIRE,0.2716984566995247,0.48815710512057614,0.4434200509436108,0.6849011248284751,0.5312231676863701,0.7756202295906702
TP,east_northeast_india,Week 1,2026-01-01,SPIRE,0.18301509118717604,2.1869287431773015,0.9163141040794586,0.5191038390092704,0.24332206123822653,0.46873485216872224
TP,All India,Week 2,2026-01-01,SPIRE,0.36710716412191363,0.9081541442463744,0.5957655796125282,1.6257481101452187,0.8236036302822237,0.5065997771380807
TP,northwest_india,Week 2,2026-01-01,SPIRE,0.17016828290966185,0.7838251901206427,0.7829002116103587,0.2796272388415159,0.5171492614347241,1.849423767073809
TP,central_india,Week 2,2026-01-01,SPIRE,0.19236300561050848,0.21507911235834629,0.10561744698848385,0.2515012469452,0.6931138204986114,2.7559060995416655
TP,south_peninsula,Week 2,2026-01-01,SPIRE,1.1670739634764355,1.3126634299141042,0.11091149728091043,3.7257431676649184,1.801046674635195,0.48340601957380425
TP,east_northeast_india,Week 2,2026-01-01,SPIRE,0.20108926560658544,2.2601200902688245,0.9110271766211028,0.394531263954679,0.5748030534662681,1.4569264998281541
TP,All India,Week 3,2026-01-01,SPIRE,0.47914574839823704,0.7423688529518869,0.3545718594024976,0.9129374358967657,1.470649400854164,1.6108983409247157
TP,northwest_india,Week 3,2026-01-01,SPIRE,0.647463188566186,0.8107850069877364,0.20143665338402184,1.351225897923666,1.6203918733578615,1.1992013147822314
TP,central_india,Week 3,2026-01-01,SPIRE,0.3650902885875499,0.215967756589073,-0.690485164793446,0.4332774674361767,1.3503233975298605,3.1165327048279243
TP,south_peninsula,Week 3,2026-01-01,SPIRE,0.48637562037481175,0.4058960304215757,-0.1982763661661031,0.789542008056666,1.6980179762642345,2.150636646229426
TP,east_northeast_india,Week 3,2026-01-01,SPIRE,0.36315586230299074,2.2145537982401033,0.8360139805176152,0.6348388516917729,1.1356189095943439,1.7888301992986873
TP,All India,Week 4,2026-01-01,SPIRE,1.5705709311966964,1.7242570766322862,0.08913180494857542,5.660050740435235,2.017352115125099,0.3564194399730722
TP,northwest_india,Week 4,2026-01-01,SPIRE,3.683856581066249,3.532990186595098,-0.04270218327907327,9.56687913476249,3.083668011626709,0.32232747672350154
TP,central_india,Week 4,2026-01-01,SPIRE,0.5101399256442077,0.3597409040544433,-0.41807595381759244,1.7224284548416309,1.4613934087065918,0.8484494114102173
TP,south_peninsula,Week 4,2026-01-01,SPIRE,0.6024243475023807,0.6550082018104746,0.08027968835008403,2.4328512284169226,1.2771297908354453,0.52495186549754
TP,east_northeast_india,Week 4,2026-01-01,SPIRE,0.5828841189977835,2.222447236114335,0.7377287030593888,1.0163099898525234,1.8799598258698753,1.8497897734358353
TP,All India,Week 5,2026-01-01,SPIRE,0.7084939624452257,0.7542081659831894,0.06061218321386175,1.1887486204427962,2.401035275527023,2.0198006830347888
TP,northwest_india,Week 5,2026-01-01,SPIRE,0.9778919026022941,0.8396894183256881,-0.16458762163774443,1.6714427559477758,3.158222003383568,1.8895184966072787
TP,central_india,Week 5,2026-01-01,SPIRE,0.527576335505271,0.24887316408016846,-1.119860280859069,0.679988516438688,1.9075349778947666,2.805245870746645
TP,south_peninsula,Week 5,2026-01-01,SPIRE,0.48914620087629934,0.4136095384046845,-0.18262795090017514,0.5521955372716022,1.85158439041966,3.353131753958638
TP,east_northeast_india,Week 5,2026-01-01,SPIRE,0.8064739307366889,2.146115476192773,0.6242168980732665,1.3961902464738711,2.558699498889865,1.832629546977536
TP,All India,Week 6,2026-01-01,SPIRE,0.6302891326966887,0.7258627365452962,0.1316689768419368,1.21091462580346,2.0817213183862755,1.7191313689889758
TP,northwest_india,Week 6,2026-01-01,SPIRE,0.9339754195327465,0.7867677538242012,-0.18710434558739952,1.7002413357808244,3.0246260663523437,1.7789392615627149
TP,central_india,Week 6,2026-01-01,SPIRE,0.43425278393486666,0.21624020419868387,-1.0081963275241383,0.6061861357604917,1.521483236942353,2.5099274747245315
TP,south_peninsula,Week 6,2026-01-01,SPIRE,0.333543096471739,0.416995123554778,0.2001271054961784,0.4634238732477576,1.2110364567273206,2.6132370959660753
TP,east_northeast_india,Week 6,2026-01-01,SPIRE,0.7842416374895356,2.1417595074259936,0.6338330075013643,1.5567536474082588,2.3860016464921294,1.5326777300084913
TP,All India,Week 1,2026-01-08,SPIRE,0.23312075256083098,0.9081541442463744,0.7433026606355635,1.462657162971276,0.32090466439471516,0.2193984157865278
TP,northwest_india,Week 1,2026-01-08,SPIRE,0.07515419746428775,0.7838251901206427,0.9041186754246564,0.24428437226469718,0.11081599237205195,0.45363520942705243
TP,central_india,Week 1,2026-01-08,SPIRE,0.04911032903423696,0.21507911235834629,0.7716638845318761,0.08317820225009297,0.12072231620276654,1.4513696249383847
TP,south_peninsula,Week 1,2026-01-08,SPIRE,0.9577570580016117,1.3126634299141042,0.27037118870274024,3.3744997899160505,1.1756496167315509,0.3483922625346491
TP,east_northeast_india,Week 1,2026-01-08,SPIRE,0.09689803398835319,2.2601200902688245,0.9571270418746519,0.2159293055446888,0.17357213355513826,0.8038377797645244
TP,All India,Week 2,2026-01-08,SPIRE,0.346604583325243,0.7423688529518869,0.5331100140488969,0.8924641145372169,0.9778488367498378,1.0956730033418731
TP,northwest_india,Week 2,2026-01-08,SPIRE,0.6347526435246122,0.8107850069877364,0.21711349117952639,1.4673719357866528,1.6034238028364634,1.0927180517302681
TP,central_india,Week 2,2026-01-08,SPIRE,0.21029390062773076,0.215967756589073,0.026271773393182984,0.30901453800987233,0.7512487211358753,2.431111254422193
TP,south_peninsula,Week 2,2026-01-08,SPIRE,0.1300419415911774,0.4058960304215757,0.6796176068632355,0.31152043501871934,0.35167011624697764,1.1288829775351517
TP,east_northeast_india,Week 2,2026-01-08,SPIRE,0.29823213438411206,2.2145537982401033,0.8653308243759461,0.5528063915919093,0.9085417615743232,1.6435080624846024
TP,All India,Week 3,2026-01-08,SPIRE,1.5847705147276003,1.7242570766322862,0.08089661558885552,5.6372792250275205,2.1928220894545243,0.3889858922934262
TP,northwest_india,Week 3,2026-01-08,SPIRE,3.6635149837650256,3.532990186595098,-0.03694456827680015,9.514120956753635,3.5061933432867733,0.36852520156346014
TP,central_india,Week 3,2026-01-08,SPIRE,0.5642744052729457,0.3597409040544433,-0.5685578117843064,1.734489305400788,1.6499717262358335,0.9512723549797703
TP,south_peninsula,Week 3,2026-01-08,SPIRE,0.5193822224138296,0.6550082018104746,0.2070599711908464,2.44418911698019,0.7846908401643423,0.3210434228321221
TP,east_northeast_india,Week 3,2026-01-08,SPIRE,0.7022760394841578,2.222447236114335,0.6840077784199738,1.1577460675419358,2.3170174018273366,2.0013174449788487
TP,All India,Week 4,2026-01-08,SPIRE,0.8806899880446981,0.7542081659831894,-0.1677014752241861,1.5800217635937572,2.909341071649436,1.841329745377775
TP,northwest_india,Week 4,2026-01-08,SPIRE,1.4305597878132943,0.8396894183256881,-0.7036772842341892,2.3649251158631492,4.6873108255689955,1.982012366534584
TP,central_india,Week 4,2026-01-08,SPIRE,0.6451291691090096,0.24887316408016846,-1.5922006154958392,0.9588548093613742,2.22290081539168,2.3182871835123797
TP,south_peninsula,Week 4,2026-01-08,SPIRE,0.2930090843555317,0.4136095384046845,0.29158044689761176,0.449070622554005,0.9371306101830316,2.0868223462342668
TP,east_northeast_india,Week 4,2026-01-08,SPIRE,0.9493031027913724,2.146115476192773,0.5576644810951906,1.4808803989780737,3.0488554840076096,2.0588127752326013
TP,All India,Week 5,2026-01-08,SPIRE,0.6788953026885809,0.7258627365452962,0.06470566884347062,1.3350183176281631,2.2120655957171502,1.656955239121496
TP,northwest_india,Week 5,2026-01-08,SPIRE,1.0645834778149985,0.7867677538242012,-0.3531102064623681,1.9351255752873813,3.331977128908402,1.7218402626990124
TP,central_india,Week 5,2026-01-08,SPIRE,0.4488458181297633,0.21624020419868387,-1.0756816235585815,0.6348048778942398,1.5931224107494937,2.509625345088971
TP,south_peninsula,Week 5,2026-01-08,SPIRE,0.27789240415968824,0.416995123554778,0.33358356378193166,0.3637524114452074,1.0265669435337983,2.822158455129394
TP,east_northeast_india,Week 5,2026-01-08,SPIRE,0.8612070745378434,2.1417595074259936,0.5978973962520853,1.6435214706244001,2.6556433279811302,1.615825150718724
TP,All India,Week 6,2026-01-08,SPIRE,0.6644992699147566,0.7450305606323538,0.10809125822871657,1.3656090934237444,2.1020877955943873,1.53930418720646
TP,northwest_india,Week 6,2026-01-08,SPIRE,0.9952164982909691,0.828173235250949,-0.20170087118234803,1.8773180617345364,3.042902801786734,1.6208776039661936
TP,central_india,Week 6,2026-01-08,SPIRE,0.3911909530076066,0.23030769806089962,-0.6985578697598074,0.5626876456735241,1.342338549092075,2.3855838304132777
TP,south_peninsula,Week 6,2026-01-08,SPIRE,0.2980160977870856,0.4167864180836203,0.28496686826466044,0.3914807684360995,1.101762618904564,2.8143467259092243
TP,east_northeast_india,Week 6,2026-01-08,SPIRE,1.0227718691568675,2.148124483869879,0.5238768158750613,1.9769805674859324,3.028170753828334,1.5317149817406495
TP,All India,Week 1,2026-01-15,SPIRE,0.19423941753753965,0.7423688529518869,0.738351876206573,0.8800361306980301,0.34863915244866744,0.39616458948353933
TP,northwest_india,Week 1,2026-01-15,SPIRE,0.45288935136340625,0.8107850069877364,0.44141868996073275,1.5011172746610792,0.8064453435957816,0.537230073365094
TP,central_india,Week 1,2026-01-15,SPIRE,0.04415150224124872,0.215967756589073,0.7955643798937226,0.08413170969887773,0.11210914163706551,1.3325432472289456
TP,south_peninsula,Week 1,2026-01-15,SPIRE,0.07535063784982517,0.4058960304215757,0.8143597566806363,0.2838957341312118,0.09835391889177306,0.34644380688832593
TP,east_northeast_india,Week 1,2026-01-15,SPIRE,0.12023285969639905,2.2145537982401033,0.945707862327866,0.4017640089980397,0.20069196895656358,0.4995269970973005
TP,All India,Week 2,2026-01-15,SPIRE,1.4086166080277922,1.7242570766322862,0.1830588216120207,5.375019053440286,2.1360658480926342,0.3974061909093035
TP,northwest_india,Week 2,2026-01-15,SPIRE,3.615645137732586,3.532990186595098,-0.02339518276928665,9.086197265135507,5.18787972285017,0.5709626999577144
TP,central_india,Week 2,2026-01-15,SPIRE,0.32302043662775887,0.3597409040544433,0.10207476273292282,1.6500883281911987,0.7248781271122856,0.4392965605101188
TP,south_peninsula,Week 2,2026-01-15,SPIRE,0.41092369951934643,0.6550082018104746,0.3726434289165642,2.335160110212126,0.41590864785668513,0.17810712252142058
TP,east_northeast_india,Week 2,2026-01-15,SPIRE,0.3104565945805395,2.222447236114335,0.8603086770584785,0.7978265147253386,0.8358425892277019,1.0476495501223733
TP,All India,Week 3,2026-01-15,SPIRE,0.7455462501637319,0.7542081659831894,0.011484781271448807,1.585963078238214,2.3868277333306187,1.5049705545365248
TP,northwest_india,Week 3,2026-01-15,SPIRE,1.3989022107228473,0.8396894183256881,-0.6659757526922399,2.4596928911466076,4.51594871999795,1.8359807178581553
TP,central_india,Week 3,2026-01-15,SPIRE,0.39559948001026096,0.24887316408016846,-0.589562625092146,0.6431258417248898,1.3148807513126655,2.0445154991534804
TP,south_peninsula,Week 3,2026-01-15,SPIRE,0.18344731943087567,0.4136095384046845,0.5564722222353904,0.32925598506261616,0.5354122461930538,1.6261276043053006
TP,east_northeast_india,Week 3,2026-01-15,SPIRE,0.8176875371263013,2.146115476192773,0.6189918267693191,1.610132261392065,2.490007580617994,1.5464615176800562
TP,All India,Week 4,2026-01-15,SPIRE,0.5718912479158094,0.7258627365452962,0.21212204577728522,1.2864296788766822,1.8298235161920877,1.4224046181753984
TP,northwest_india,Week 4,2026-01-15,SPIRE,0.9932392895195734,0.7867677538242012,-0.26243009413106577,1.8955334849608638,3.0830258153825176,1.6264686642801096
TP,central_india,Week 4,2026-01-15,SPIRE,0.2899250101155659,0.21624020419868387,-0.3407544225641759,0.39590448378705123,1.024445965533154,2.587608899332855
TP,south_peninsula,Week 4,2026-01-15,SPIRE,0.1296121270119654,0.416995123554778,0.6891759167180307,0.21417750086274764,0.42737494107255847,1.995424072794813
TP,east_northeast_india,Week 4,2026-01-15,SPIRE,0.8463190700321912,2.1417595074259936,0.6048486923495378,1.6874647704938082,2.6782801362519004,1.5871621044083468
TP,All India,Week 5,2026-01-15,SPIRE,0.5880904191459392,0.7450305606323538,0.21064926699545017,1.2478628230005662,1.8967106962864513,1.5199673083662264
TP,northwest_india,Week 5,2026-01-15,SPIRE,0.8950025207003337,0.828173235250949,-0.08069481432726389,1.6899048791453153,2.8004756973776646,1.6571794850335189
TP,central_india,Week 5,2026-01-15,SPIRE,0.3465168134405062,0.23030769806089962,-0.5045819847015176,0.4478431604744199,1.2431862062793184,2.7759410347192905
TP,south_peninsula,Week 5,2026-01-15,SPIRE,0.2507292922828899,0.4167864180836203,0.398422593913351,0.3763571763983508,0.9182394760666367,2.4398086011112405
TP,east_northeast_india,Week 5,2026-01-15,SPIRE,0.8895983963024622,2.148124483869879,0.5858720465306382,1.892700309729448,2.633780556628781,1.3915465343825442
TP,All India,Week 6,2026-01-15,SPIRE,0.7014551982601086,0.7477133217390258,0.06186612185981977,1.5550797473848414,2.101291754308373,1.351243727430757
TP,northwest_india,Week 6,2026-01-15,SPIRE,0.8739178038369398,0.7779097307760924,-0.12341801273659825,1.6231635851717796,2.8144283864227355,1.7339154304184838
TP,central_india,Week 6,2026-01-15,SPIRE,0.3940999399661527,0.24507384062571003,-0.6080865218415676,0.563449700812735,1.3585640755811315,2.4111541342936236
TP,south_peninsula,Week 6,2026-01-15,SPIRE,0.7181415240788315,0.5564085980974903,-0.2906729452678287,1.9518539214817399,1.6786726715649452,0.8600401152410982
TP,east_northeast_india,Week 6,2026-01-15,SPIRE,1.0063645024530545,2.0684294819842677,0.5134644370434918,2.2393697864726296,2.766861776823326,1.2355537676435218
TP,All India,Week 1,2026-01-22,SPIRE,0.7976163218214414,1.7242570766322862,0.5374145000586009,3.3712914863395125,1.1631001105579108,0.3450013489699118
TP,northwest_india,Week 1,2026-01-22,SPIRE,1.9049183337921765,3.532990186595098,0.46081980611782214,5.533250496947249,2.530450351442682,0.45731715071254364
TP,central_india,Week 1,2026-01-22,SPIRE,0.2451446528048045,0.3597409040544433,0.31855218563718235,1.3863176098569638,0.5648197676064812,0.4074245061813488
TP,south_peninsula,Week 1,2026-01-22,SPIRE,0.35688615567412424,0.6550082018104746,0.4551424628154678,1.9531888376763344,0.4921461285351329,0.2519705821791549
TP,east_northeast_india,Week 1,2026-01-22,SPIRE,0.1900492825358806,2.222447236114335,0.9144864816371715,0.5428897908589168,0.3787230281038866,0.6976057286041452
TP,All India,Week 2,2026-01-22,SPIRE,0.4818999788799624,0.7542081659831894,0.3610517618146507,1.1776613106763956,1.2729812328368602,1.0809400133096987
TP,northwest_india,Week 2,2026-01-22,SPIRE,0.8401686438885534,0.8396894183256881,-0.0005707176396492208,1.8035369319473866,2.0071031486621744,1.1128705562436059
TP,central_india,Week 2,2026-01-22,SPIRE,0.337341208926643,0.24887316408016846,-0.3554744247876267,0.6718056720993558,1.0682840309538155,1.5901682217351434
TP,south_peninsula,Week 2,2026-01-22,SPIRE,0.15147794743649085,0.4136095384046845,0.6337658265311049,0.308996146265896,0.3945466160283156,1.2768658146590672
TP,east_northeast_india,Week 2,2026-01-22,SPIRE,0.4409092798903663,2.146115476192773,0.7945547270026014,1.027878461127032,1.230448113906895,1.197075491355031
TP,All India,Week 3,2026-01-22,SPIRE,0.5266543399585503,0.7258627365452962,0.27444361937474204,1.0598537974489395,1.632236970667326,1.540058614307095
TP,northwest_india,Week 3,2026-01-22,SPIRE,0.7697666739866232,0.7867677538242012,0.021608765426571752,1.4913592970543366,2.205920443568202,1.479134134829369
TP,central_india,Week 3,2026-01-22,SPIRE,0.3904426758606165,0.21624020419868387,-0.8055970549393001,0.5666674232891212,1.350926241813905,2.3839843024197362
TP,south_peninsula,Week 3,2026-01-22,SPIRE,0.26462744090861434,0.416995123554778,0.36539439921327543,0.3621837158702314,0.9097132373533435,2.511745275923143
TP,east_northeast_india,Week 3,2026-01-22,SPIRE,0.6329952266895326,2.1417595074259936,0.7044508384369084,1.3366171779332583,1.9211816145704905,1.437346194772922
TP,All India,Week 4,2026-01-22,SPIRE,0.42751803107484765,0.7450305606323538,0.42617383277273024,0.9124637158692306,1.3180048122393446,1.4444462714704087
TP,northwest_india,Week 4,2026-01-22,SPIRE,0.5925936760739278,0.828173235250949,0.2844568613783287,1.1131031497697925,1.8427184795471112,1.6554786319023667
TP,central_india,Week 4,2026-01-22,SPIRE,0.3126537172814912,0.23030769806089962,-0.3575478367154583,0.4534855842695559,1.0638960999404674,2.346041719615233
TP,south_peninsula,Week 4,2026-01-22,SPIRE,0.197347442532428,0.4167864180836203,0.5265022227935605,0.30762034225448076,0.6682247353226758,2.1722384495947376
TP,east_northeast_india,Week 4,2026-01-22,SPIRE,0.6158774773754352,2.148124483869879,0.7132952573279541,1.515227008042426,1.5612231479675815,1.0303559398565496
TP,All India,Week 5,2026-01-22,SPIRE,0.6156344840369695,0.7477133217390258,0.17664368664031338,1.4600402610607959,1.7434731850063987,1.1941267864351042
TP,northwest_india,Week 5,2026-01-22,SPIRE,0.7766133246390279,0.7779097307760924,0.0016665251580940676,1.4597852585919724,2.555166757482101,1.7503716676428644
TP,central_india,Week 5,2026-01-22,SPIRE,0.35458598907461875,0.24507384062571003,-0.44685368364615297,0.5554604056042389,1.1388849116799311,2.050344003261643
TP,south_peninsula,Week 5,2026-01-22,SPIRE,0.5910597422237531,0.5564085980974903,-0.0622764354194818,1.9855588197609484,0.8792663656182574,0.4428306816537003
TP,east_northeast_india,Week 5,2026-01-22,SPIRE,0.8911527946719794,2.0684294819842677,0.5691645267901101,2.011550761034811,2.427622059688389,1.2068410634785753
TP,All India,Week 6,2026-01-22,SPIRE,0.6221160622594208,0.7129712397751086,0.12743175663627893,1.4299027617490425,1.8817226367444724,1.3159794407577536
TP,northwest_india,Week 6,2026-01-22,SPIRE,0.7491116923252871,0.7802553804285038,0.03991473674441459,1.4705886408136943,2.3451936965590154,1.5947312739076998
TP,central_india,Week 6,2026-01-22,SPIRE,0.36875593572342774,0.21617318536583968,-0.7058356941882749,0.5042145202514133,1.2972786553512938,2.572870481207959
TP,south_peninsula,Week 6,2026-01-22,SPIRE,0.5661935532000413,0.4582909203477867,-0.2354457137627115,1.634739695932746,1.474644721850762,0.90206699300182
TP,east_northeast_india,Week 6,2026-01-22,SPIRE,0.9932981690791678,2.0181986976347024,0.5078293479015233,2.2576587187227717,2.7115530050379784,1.201046456911782
TP,All India,Week 1,2026-01-29,SPIRE,0.3040058462755931,0.7542081659831894,0.5969205055221198,0.8847102027809864,0.5802130791126313,0.6558227510983791
TP,northwest_india,Week 1,2026-01-29,SPIRE,0.475931715608046,0.8396894183256881,0.4332050574639401,1.2462966615765299,0.8819862851581088,0.707685667746571
TP,central_india,Week 1,2026-01-29,SPIRE,0.21423660518410648,0.24887316408016846,0.13917353855357684,0.5747179612203432,0.4993073278160164,0.8687867119304892
TP,south_peninsula,Week 1,2026-01-29,SPIRE,0.11919925192881817,0.4136095384046845,0.7118072944144942,0.30608706392419477,0.28423216136220747,0.9285990649791072
TP,east_northeast_india,Week 1,2026-01-29,SPIRE,0.3636064869843711,2.146115476192773,0.8305745934839387,0.9954860122292546,0.4743004169131443,0.4764511114033772
TP,All India,Week 2,2026-01-29,SPIRE,0.30593180483133037,0.7258627365452962,0.5785266422582925,0.793237093254157,0.8298676216205584,1.0461785368812357
TP,northwest_india,Week 2,2026-01-29,SPIRE,0.5053372535235005,0.7867677538242012,0.35770467070207956,1.163809916763491,1.332861932352819,1.1452574111582199
TP,central_india,Week 2,2026-01-29,SPIRE,0.1996740272079558,0.21624020419868387,0.07661006912251567,0.32676070321778855,0.6449777150789833,1.9738533695378315
TP,south_peninsula,Week 2,2026-01-29,SPIRE,0.14585458669975057,0.416995123554778,0.6502247185617493,0.3633925664802753,0.3853158668660712,1.060329523518159
TP,east_northeast_india,Week 2,2026-01-29,SPIRE,0.3124191166977615,2.1417595074259936,0.8541296930796713,0.9261715983380451,0.7069625451064766,0.763317020706611
TP,All India,Week 3,2026-01-29,SPIRE,0.3185354845701524,0.7450305606323538,0.5724531295739177,0.8512134226582369,0.9229802918788196,1.0843112518085811
TP,northwest_india,Week 3,2026-01-29,SPIRE,0.5095314894802903,0.828173235250949,0.3847525278622479,1.0838405064576841,1.5178367036879497,1.4004244117510383
TP,central_india,Week 3,2026-01-29,SPIRE,0.16276257878785821,0.23030769806089962,0.2932820736855294,0.305339165590142,0.5238187107582577,1.715530694353772
TP,south_peninsula,Week 3,2026-01-29,SPIRE,0.1323291727182481,0.4167864180836203,0.6825012357007787,0.22409729825223007,0.45273882870223997,2.020277942809757
TP,east_northeast_india,Week 3,2026-01-29,SPIRE,0.4890549469576571,2.148124483869879,0.7723339822110229,1.4224034651826685,1.1210487647823977,0.7881369753541974
TP,All India,Week 4,2026-01-29,SPIRE,0.6149215318833029,0.7477133217390258,0.17759719667275264,1.4143919613288685,1.8065277026427518,1.27724686793713
TP,northwest_india,Week 4,2026-01-29,SPIRE,0.7478269554744769,0.7779097307760924,0.03867129322524743,1.3532130779855185,2.4762491621267726,1.8299033629006003
TP,central_india,Week 4,2026-01-29,SPIRE,0.3648452772184183,0.24507384062571003,-0.4887157123212904,0.542996972313892,1.2413158658271315,2.2860456487215184
TP,south_peninsula,Week 4,2026-01-29,SPIRE,0.6209220188847112,0.5564085980974903,-0.11594612485825984,1.940794871220512,1.209937639969864,0.6234237620429035
TP,east_northeast_india,Week 4,2026-01-29,SPIRE,0.8886348998892738,2.0684294819842677,0.5703818246504607,2.0174708118183178,2.3777596818970257,1.1785844275754278
TP,All India,Week 5,2026-01-29,SPIRE,0.6569190170784139,0.7129712397751086,0.07861778928751051,1.5757368988875406,1.9848958880842942,1.2596619965462617
TP,northwest_india,Week 5,2026-01-29,SPIRE,0.8705284495590156,0.7802553804285038,-0.11569682362322875,1.7826240550489738,2.766059009174833,1.551678269649986
TP,central_india,Week 5,2026-01-29,SPIRE,0.3587939148300559,0.21617318536583968,-0.6597521761214402,0.4772979728744593,1.2678466563512276,2.6563001068615506
TP,south_peninsula,Week 5,2026-01-29,SPIRE,0.5038113971510376,0.4582909203477867,-0.09932659536153698,1.6203608463266237,1.2077668510833761,0.7453690662924849
TP,east_northeast_india,Week 5,2026-01-29,SPIRE,1.0621569307655108,2.0181986976347024,0.47371042702071786,2.437470411062514,2.8843589170044828,1.1833410998196143
TP,All India,Week 6,2026-01-29,SPIRE,0.845053175985579,0.8718010264225065,0.030681141253858124,2.2459028621776547,2.0942350749299026,0.9324691241985893
TP,northwest_india,Week 6,2026-01-29,SPIRE,1.1443208611610383,1.120343680279341,-0.021401629967439106,2.681883668406641,2.574942532479508,0.960124617936665
TP,central_india,Week 6,2026-01-29,SPIRE,0.4033925765277336,0.2152450577462616,-0.8741084266997055,0.518364722035152,1.4403910556824173,2.7787212255249494
TP,south_peninsula,Week 6,2026-01-29,SPIRE,0.5973124035348286,0.5139010769305364,-0.16231008329948837,2.2371150322657583,1.3715670068500019,0.6130963258786357
TP,east_northeast_india,Week 6,2026-01-29,SPIRE,1.5089644326526996,2.274653900820744,0.33661800939992115,3.363503443452435,3.4377283282757136,1.0220677296964773
TP,All India,Week 1,2026-02-05,SPIRE,0.12519641101531112,0.7258627365452962,0.8275205425048039,0.47309100347583943,0.2408353809780663,0.5090677675301971
TP,northwest_india,Week 1,2026-02-05,SPIRE,0.1960774516079462,0.7867677538242012,0.7507810269868297,0.5770504593159337,0.473143039963652,0.819933564431334
TP,central_india,Week 1,2026-02-05,SPIRE,0.04698936447142905,0.21624020419868387,0.7826982977307277,0.08421036131856165,0.09678938132564507,1.1493761552631026
TP,south_peninsula,Week 1,2026-02-05,SPIRE,0.06680566703519648,0.416995123554778,0.839792689982331,0.2368133589483214,0.09824650626764728,0.41486893604294983
TP,east_northeast_india,Week 1,2026-02-05,SPIRE,0.2217594402175099,2.1417595074259936,0.896459224554103,0.8302678470058874,0.2400494607976009,0.28912291577141935
TP,All India,Week 2,2026-02-05,SPIRE,0.25836780859632114,0.7450305606323538,0.6532117979468812,0.7747582048273499,0.6485706603568363,0.8371265464705421
TP,northwest_india,Week 2,2026-02-05,SPIRE,0.3814994864340436,0.828173235250949,0.5393482061534584,0.931880925693514,0.9617742782851229,1.032078511070888
TP,central_india,Week 2,2026-02-05,SPIRE,0.12265489979810075,0.23030769806089962,0.46743030810169683,0.29679152681720117,0.3367388731398056,1.134597327460796
TP,south_peninsula,Week 2,2026-02-05,SPIRE,0.13763049969697314,0.4167864180836203,0.6697817065877608,0.29219416017411975,0.4590767376028568,1.5711359095243074
TP,east_northeast_india,Week 2,2026-02-05,SPIRE,0.44980230399853555,2.148124483869879,0.7906069655757519,1.3511680011577247,0.9128825658913795,0.6756247669491817
TP,All India,Week 3,2026-02-05,SPIRE,0.4196752366103692,0.7477133217390258,0.438721734107543,1.210441847921833,1.037907151202917,0.8574613914620226
TP,northwest_india,Week 3,2026-02-05,SPIRE,0.4596773014640639,0.7779097307760924,0.4090865774291569,0.88166793371803,1.5277309572804998,1.7327736428362495
TP,central_india,Week 3,2026-02-05,SPIRE,0.20908789158953023,0.24507384062571003,0.14683716933762625,0.4371974214495918,0.5424035415616668,1.2406375585730784
TP,south_peninsula,Week 3,2026-02-05,SPIRE,0.6057574653161945,0.5564085980974903,-0.08869177684787966,1.9808124231451936,1.0096964368362187,0.5097385421447389
TP,east_northeast_india,Week 3,2026-02-05,SPIRE,0.5819703307612295,2.0684294819842677,0.7186414447144029,1.6791520130199753,1.1354756392727674,0.6762196814037108
TP,All India,Week 4,2026-02-05,SPIRE,0.5839999411695559,0.7129712397751086,0.18089270844393934,1.3438462226961727,1.813646510260705,1.349593785084998
TP,northwest_india,Week 4,2026-02-05,SPIRE,0.612345368588759,0.7802553804285038,0.2151987875399608,1.156506297464737,2.001603050697855,1.7307325131611622
TP,central_india,Week 4,2026-02-05,SPIRE,0.35020684579131217,0.21617318536583968,-0.6200290762179466,0.4474035080725431,1.252947579697299,2.800486712978887
TP,south_peninsula,Week 4,2026-02-05,SPIRE,0.6595900286642353,0.4582909203477867,-0.4392387005260485,1.6084526654925835,1.9406264253325798,1.2065175848605214
TP,east_northeast_india,Week 4,2026-02-05,SPIRE,0.9622795705018751,2.0181986976347024,0.5231987952278179,2.350804646536022,2.5263960087172914,1.0746941531020062
TP,All India,Week 5,2026-02-05,SPIRE,0.8111345397569151,0.8718010264225065,0.06958753755377,2.184275061184433,1.9452878062566608,0.890587381060799
TP,northwest_india,Week 5,2026-02-05,SPIRE,1.110355903744271,1.120343680279341,0.008914922010877624,2.6338054154308828,2.555270960744582,0.9701821348584885
TP,central_india,Week 5,2026-02-05,SPIRE,0.3417578238329221,0.2152450577462616,-0.5877615375299263,0.4641346951054825,1.1725637115949734,2.5263435893937825
TP,south_peninsula,Week 5,2026-02-05,SPIRE,0.6130930342546311,0.5139010769305364,-0.193017609374464,2.233766555514409,1.4094135990939567,0.6309583226656316
TP,east_northeast_india,Week 5,2026-02-05,SPIRE,1.4766370153190018,2.274653900820744,0.3508300252683718,3.1904156312229657,3.045639616044403,0.9546215816642466
TP,All India,Week 6,2026-02-05,SPIRE,1.9042505013753919,1.7289860438761468,-0.10136834714196219,7.499805823989025,2.2242666455103475,0.29657656447527814
TP,northwest_india,Week 6,2026-02-05,SPIRE,1.3050600490401358,1.3209134775745053,0.012001867498149799,3.4110838956238725,2.725793604603519,0.7990989632651598
TP,central_india,Week 6,2026-02-05,SPIRE,0.44729484275000314,0.33235259532844263,-0.3458442901821497,0.8578008109667337,1.294440761847602,1.5090225438103504
TP,south_peninsula,Week 6,2026-02-05,SPIRE,0.7672274678911241,0.7065723538507559,-0.08584416544151963,1.5009949651460697,1.882178877151977,1.2539541576468993
TP,east_northeast_india,Week 6,2026-02-05,SPIRE,7.957242656012779,7.084086060791779,-0.12325606828150382,18.647434126618265,3.6793561492080307,0.19731165822733418
TP,All India,Week 1,2026-02-12,SPIRE,0.14526253081285084,0.7450305606323538,0.8050247352409846,0.5647102537608273,0.294121919902791,0.5208368680115396
TP,northwest_india,Week 1,2026-02-12,SPIRE,0.22444904473109423,0.828173235250949,0.7289829770179873,0.7179021865308902,0.4517744475615674,0.6292980520712319
TP,central_india,Week 1,2026-02-12,SPIRE,0.07673973651632292,0.23030769806089962,0.6667947395486935,0.23124701809283746,0.19720356056651342,0.8527831502127443
TP,south_peninsula,Week 1,2026-02-12,SPIRE,0.06857268303090396,0.4167864180836203,0.8354728463892839,0.16643940429993195,0.18132294191641293,1.0894231608138907
TP,east_northeast_india,Week 1,2026-02-12,SPIRE,0.2243266189883332,2.148124483869879,0.8955709407565593,0.9266290431836424,0.31162821955536707,0.3363030997654663
TP,All India,Week 2,2026-02-12,SPIRE,0.4095457524189848,0.7477133217390258,0.4522690174003233,1.1140898059961224,1.1160972703178997,1.0018018873442456
TP,northwest_india,Week 2,2026-02-12,SPIRE,0.22964513312890714,0.7779097307760924,0.7047920548573181,0.4173391745276978,0.7654435607677517,1.8341042669526606
TP,central_india,Week 2,2026-02-12,SPIRE,0.2664027343184943,0.24507384062571003,-0.08703047880723802,0.46837490630573936,0.8506878541813301,1.8162541219192254
TP,south_peninsula,Week 2,2026-02-12,SPIRE,0.8426344654464046,0.5564085980974903,-0.5144166864559552,1.902352546679902,2.265399940137262,1.190841279178758
TP,east_northeast_india,Week 2,2026-02-12,SPIRE,0.5906425141304943,2.0684294819842677,0.7144488031741434,1.7169379066604695,1.058284768065035,0.6163791736204671
TP,All India,Week 3,2026-02-12,SPIRE,0.6217348785942771,0.7129712397751086,0.1279663976482558,1.4367120563305524,1.8414402742027087,1.28170447661298
TP,northwest_india,Week 3,2026-02-12,SPIRE,0.637954612677894,0.7802553804285038,0.18237716947553828,1.1898688444409282,2.065869922180832,1.736216501367007
TP,central_india,Week 3,2026-02-12,SPIRE,0.40794507360246407,0.21617318536583968,-0.8871215359670077,0.5730654281699585,1.4038809131196905,2.4497742214233353
TP,south_peninsula,Week 3,2026-02-12,SPIRE,0.5762606230876299,0.4582909203477867,-0.2574122626089095,1.6301442077688018,1.4220392044800352,0.8723395130952234
TP,east_northeast_india,Week 3,2026-02-12,SPIRE,1.1314401042438145,2.0181986976347024,0.43938121376758155,2.590068105157525,2.873049372767307,1.109256303742087
TP,All India,Week 4,2026-02-12,SPIRE,0.8314866353887007,0.8718010264225065,0.04624265149037332,2.2735403413843134,1.9348476571755924,0.8510285135285975
TP,northwest_india,Week 4,2026-02-12,SPIRE,1.1416531559516445,1.120343680279341,-0.0190204809893606,2.695924756011197,2.5197249270745945,0.9346421562605842
TP,central_india,Week 4,2026-02-12,SPIRE,0.34499692796533443,0.2152450577462616,-0.6028099858721443,0.4786163830616688,1.1879823452707345,2.4821180120732835
TP,south_peninsula,Week 4,2026-02-12,SPIRE,0.5259341305113169,0.5139010769305364,-0.023415116490224763,2.2140682923425876,1.0659660523407295,0.48145129760784733
TP,east_northeast_india,Week 4,2026-02-12,SPIRE,1.645975687764846,2.274653900820744,0.27638411840546706,3.493569039015348,3.445336146921746,0.9861938059460258
TP,All India,Week 5,2026-02-12,SPIRE,1.837460425821044,1.7289860438761468,-0.06273872616213416,7.46700474454398,1.8987048413246685,0.2542793136313488
TP,northwest_india,Week 5,2026-02-12,SPIRE,1.2193008608266929,1.3209134775745053,0.07692602011631833,3.384571150035391,2.327625711813268,0.6877165846517747
TP,central_india,Week 5,2026-02-12,SPIRE,0.40532585875558313,0.33235259532844263,-0.21956579985489721,0.8564790121196929,1.080433846282849,1.261483154863179
TP,south_peninsula,Week 5,2026-02-12,SPIRE,0.6798576614260351,0.7065723538507559,0.037808856062833684,1.5291850243898872,1.3619001773191608,0.8906052280119147
TP,east_northeast_india,Week 5,2026-02-12,SPIRE,7.900772915735921,7.084086060791779,-0.1152847167490314,18.566724657165377,3.499760430512815,0.18849638237954733
TP,All India,Week 6,2026-02-12,SPIRE,1.5832450640765245,1.570605142218346,-0.008047803689427369,4.94639715246708,2.007094020035273,0.40576887746148904
TP,northwest_india,Week 6,2026-02-12,SPIRE,1.9243566226116104,1.9299217299317035,0.0028835922378520618,5.541666610623873,2.429948603927051,0.438486970556587
TP,central_india,Week 6,2026-02-12,SPIRE,0.6315815756340665,0.546269265109227,-0.15617263495097267,1.6802299394679179,1.1518214263580284,0.6855141664258038
TP,south_peninsula,Week 6,2026-02-12,SPIRE,0.4391450058560042,0.47905321323186684,0.08330641831337982,0.7614462114850002,1.2794651097596677,1.6803092463542606
TP,east_northeast_india,Week 6,2026-02-12,SPIRE,4.436627317325032,4.484902257079719,0.010763877780944342,9.487621960085209,3.943414797093492,0.4156378504206418
TP,All India,Week 1,2026-02-19,SPIRE,0.3550055561831145,0.7477133217390258,0.5252116742317158,1.206868750365526,0.6844268509574799,0.5671095972533771
TP,northwest_india,Week 1,2026-02-19,SPIRE,0.1794031857282181,0.7779097307760924,0.7693778871370667,0.44261949937842654,0.4288705629868864,0.9689373459351704
TP,central_india,Week 1,2026-02-19,SPIRE,0.23917793070261975,0.24507384062571003,0.02405768770766048,0.6533215328511517,0.5728332531828525,0.876801428360946
TP,south_peninsula,Week 1,2026-02-19,SPIRE,0.5281000701762315,0.5564085980974903,0.05087722946419815,1.6562596305830268,0.8978459627411289,0.5420925235164215
TP,east_northeast_india,Week 1,2026-02-19,SPIRE,0.7878304597617759,2.0684294819842677,0.6191165970976196,2.227511335383646,1.2320265104553854,0.5530955065794053
TP,All India,Week 2,2026-02-19,SPIRE,0.41202383705766454,0.7129712397751086,0.4221031451596441,1.6768533676392063,0.8563222832383168,0.5106721313646574
TP,northwest_india,Week 2,2026-02-19,SPIRE,0.5702156584416443,0.7802553804285038,0.26919355797522215,1.8004247277762917,1.492803070958232,0.8291393957924563
TP,central_india,Week 2,2026-02-19,SPIRE,0.07268828066729231,0.21617318536583968,0.663749782174516,0.11785290987225083,0.206014798331637,1.7480671334713
TP,south_peninsula,Week 2,2026-02-19,SPIRE,0.30388439179145604,0.4582909203477867,0.3369181489328983,1.6158189463298955,0.2570205715806954,0.1590652047771078
TP,east_northeast_india,Week 2,2026-02-19,SPIRE,0.9765152673963394,2.0181986976347024,0.5161451305360567,2.9184181826971956,1.697987585654727,0.5818177791386465
TP,All India,Week 3,2026-02-19,SPIRE,0.6512966108351971,0.8718010264225065,0.2529297499134222,2.2960226503855936,1.2618225916928938,0.549568877938109
TP,northwest_india,Week 3,2026-02-19,SPIRE,0.817858602476082,1.120343680279341,0.26999311294177053,2.3919766393458133,1.550441472464694,0.6481842033744641
TP,central_india,Week 3,2026-02-19,SPIRE,0.16783001076297283,0.2152450577462616,0.22028402175525574,0.23250639816656074,0.5734011281096125,2.4661735446043287
TP,south_peninsula,Week 3,2026-02-19,SPIRE,0.4044012435135182,0.5139010769305364,0.2130757033455667,2.2212069758978017,0.5696357248895216,0.25645323964430533
TP,east_northeast_india,Week 3,2026-02-19,SPIRE,1.6995360017736414,2.274653900820744,0.25283754106046097,4.078352125511083,3.065947007546399,0.7517612293377406
TP,All India,Week 4,2026-02-19,SPIRE,1.7412645300900735,1.7289860438761468,-0.007101553108202152,7.313227664893336,1.700826368887197,0.232568497361555
TP,northwest_india,Week 4,2026-02-19,SPIRE,1.1695777376886003,1.3209134775745053,0.11456900278115978,3.315037399340094,2.122556542782548,0.6402813262996893
TP,central_india,Week 4,2026-02-19,SPIRE,0.34911637511675997,0.33235259532844263,-0.05043974388631067,0.8250451965380264,0.8529085572682924,1.0337719204319757
TP,south_peninsula,Week 4,2026-02-19,SPIRE,0.6206583005849021,0.7065723538507559,0.12159271842102215,1.5607401661619746,0.8279990845260085,0.5305169319516816
TP,east_northeast_india,Week 4,2026-02-19,SPIRE,7.565660695371468,7.084086060791779,-0.06797978319956544,18.179134097915583,3.8034806224782995,0.20922232060075988
TP,All India,Week 5,2026-02-19,SPIRE,1.582887538632617,1.570605142218346,-0.007820168216769785,4.967262729724517,1.9635179522591002,0.39529174499050435
TP,northwest_india,Week 5,2026-02-19,SPIRE,1.9333706927378358,1.9299217299317035,-0.0017870998355224987,5.581740137366343,2.4300148454050317,0.4353507661773012
TP,central_india,Week 5,2026-02-19,SPIRE,0.6111237504177609,0.546269265109227,-0.11872255946079302,1.6694559885380087,1.0969032590545091,0.6570423339012964
TP,south_peninsula,Week 5,2026-02-19,SPIRE,0.4383588059443685,0.47905321323186684,0.08494757192621483,0.7708992932213673,1.210485963112874,1.570225804792997
TP,east_northeast_india,Week 5,2026-02-19,SPIRE,4.46226676071659,4.484902257079719,0.00504704340599571,9.512864079969132,3.862048118339913,0.4059816355909129
TP,All India,Week 6,2026-02-19,SPIRE,1.1051342412852325,1.0910299522413258,-0.01292749939168214,3.7777018424612705,2.160247829800727,0.571841802208845
TP,northwest_india,Week 6,2026-02-19,SPIRE,0.8499101415088033,0.9787975263008393,0.13167931194017102,2.0733544914678492,2.1296237140246057,1.0271392194573155
TP,central_india,Week 6,2026-02-19,SPIRE,0.4812554158975239,0.3650363494092379,-0.31837669502330623,0.8657688252921464,1.263478085010659,1.4593711948271053
TP,south_peninsula,Week 6,2026-02-19,SPIRE,0.821750158152508,0.6514069996760329,-0.2615003501055293,2.3226315003331623,1.6406520368139221,0.7063763823829067
TP,east_northeast_india,Week 6,2026-02-19,SPIRE,3.4408809697224285,3.5422353437125937,0.028613111257575707,8.83154520238611,4.922978073552614,0.5574311132125013
TP,All India,Week 1,2026-02-26,SPIRE,0.1920800348889464,0.7129712397751086,0.7305921695389369,1.030139733360478,0.2183468022889908,0.21195843167480702
TP,northwest_india,Week 1,2026-02-26,SPIRE,0.11841660695353431,0.7802553804285038,0.8482335272222002,0.39193235867441384,0.22688681634269667,0.5788927893324984
TP,central_india,Week 1,2026-02-26,SPIRE,0.0449739480883068,0.21617318536583968,0.7919540852756768,0.08298086530145027,0.08571353332195365,1.0329313030248146
TP,south_peninsula,Week 1,2026-02-26,SPIRE,0.30657249974957745,0.4582909203477867,0.3310526433364064,1.5860158185125146,0.1215209230211526,0.0766202465339369
TP,east_northeast_india,Week 1,2026-02-26,SPIRE,0.5466571468574076,2.0181986976347024,0.7291361115741075,1.9086715733702553,0.623271955501843,0.326547513044004
TP,All India,Week 2,2026-02-26,SPIRE,0.6908463318481951,0.8718010264225065,0.20756421372531642,2.797114202449384,1.2156465785062252,0.4346074169734309
TP,northwest_india,Week 2,2026-02-26,SPIRE,0.9024039904632232,1.120343680279341,0.1945293160057615,2.8386918300796955,1.780980146418085,0.627394677909819
TP,central_india,Week 2,2026-02-26,SPIRE,0.08569773090143519,0.2152450577462616,0.6018597044748006,0.16701747463586336,0.23192963512814588,1.3886549035291427
TP,south_peninsula,Week 2,2026-02-26,SPIRE,0.34820448988162805,0.5139010769305364,0.32242895469025346,2.2493159863114482,0.1560099543304671,0.06935884299044208
TP,east_northeast_india,Week 2,2026-02-26,SPIRE,2.0380183078587644,2.274653900820744,0.10403147172261962,5.34481742694572,3.5474392583858396,0.6637157034591196
TP,All India,Week 3,2026-02-26,SPIRE,1.6546269489492178,1.7289860438761468,0.04300734247699667,7.003390188874271,1.7460370801276162,0.24931312307879208
TP,northwest_india,Week 3,2026-02-26,SPIRE,1.1242555075601233,1.3209134775745053,0.148880281224392,3.256591224410642,2.027455658547517,0.6225698955859693
TP,central_india,Week 3,2026-02-26,SPIRE,0.34514321732822506,0.33235259532844263,-0.03848509739225081,0.8374458462221147,0.7869197633492016,0.9396664475669126
TP,south_peninsula,Week 3,2026-02-26,SPIRE,0.6468268052105416,0.7065723538507559,0.08455687278819557,1.6046108755758752,0.6702804512742324,0.41772149340174264
TP,east_northeast_india,Week 3,2026-02-26,SPIRE,7.059508141607659,7.084086060791779,0.0034694551948134533,17.3585471187248,4.661783537434103,0.2685583940608371
TP,All India,Week 4,2026-02-26,SPIRE,1.5659481305073608,1.570605142218346,0.0029651066240669044,4.910192899310847,2.0688478378284456,0.42133738536398674
TP,northwest_india,Week 4,2026-02-26,SPIRE,1.9738624732774819,1.9299217299317035,-0.022768147880967815,5.582125274360396,2.6524302168362306,0.47516493924263425
TP,central_india,Week 4,2026-02-26,SPIRE,0.5922210660929664,0.546269265109227,-0.08411932341562611,1.6483869015758637,1.0169491606414063,0.6169359630734746
TP,south_peninsula,Week 4,2026-02-26,SPIRE,0.40978790443569324,0.47905321323186684,0.14458792234976292,0.7575651899893636,1.1050434468423833,1.4586776972393602
TP,east_northeast_india,Week 4,2026-02-26,SPIRE,4.338850590305131,4.484902257079719,0.03256518389983554,9.3212530334153,4.3973352862052275,0.47175366556850645
TP,All India,Week 5,2026-02-26,SPIRE,1.118566437010225,1.0910299522413258,-0.02523898148930792,3.8703241191634956,2.1633653484972073,0.5589623199218731
TP,northwest_india,Week 5,2026-02-26,SPIRE,0.936498573944087,0.9787975263008393,0.043215221963844086,2.1787889729557057,2.4457820255101512,1.1225419514549164
TP,central_india,Week 5,2026-02-26,SPIRE,0.45585172382302425,0.3650363494092379,-0.24878446916521813,0.8406698292144835,1.2097108280947382,1.4389844693547338
TP,south_peninsula,Week 5,2026-02-26,SPIRE,0.7481271228982279,0.6514069996760329,-0.1484787901731135,2.3210876042557955,1.3637855004221022,0.5875631311466029
TP,east_northeast_india,Week 5,2026-02-26,SPIRE,3.4916075955242563,3.5422353437125937,0.014292598677329793,9.048735526067606,4.720774873196823,0.5217054758200425
TP,All India,Week 6,2026-02-26,SPIRE,1.7155065466219137,1.667033146628809,-0.02907764617106201,5.155988153075058,2.2765006435604875,0.4415255768581956
TP,northwest_india,Week 6,2026-02-26,SPIRE,1.9661378091581116,1.990010987697456,0.011996505892144294,4.8914736628541515,2.1376011071368386,0.43700554361966215
TP,central_india,Week 6,2026-02-26,SPIRE,0.952142824058578,0.8707941702426141,-0.09341892331835333,2.4715574696725735,1.4082311373467626,0.5697747896322727
TP,south_peninsula,Week 6,2026-02-26,SPIRE,0.8453866009686501,0.6441298126939593,-0.3124475599615082,1.9790012462680109,1.8771599502481953,0.9485390440193672
TP,east_northeast_india,Week 6,2026-02-26,SPIRE,3.9952752131883886,4.0540355938315615,0.01449429322539253,10.36275481174054,5.060946182803089,0.4883784548360887
TP,All India,Week 1,2026-03-05,SPIRE,0.3613897801776368,0.8718010264225065,0.5854675903966025,1.6105898551393574,0.440846386173199,0.27371734943348097
TP,northwest_india,Week 1,2026-03-05,SPIRE,0.4513881075028728,1.120343680279341,0.5970985373074753,1.6632898132930152,0.5564232057945465,0.3345317222215944
TP,central_india,Week 1,2026-03-05,SPIRE,0.05558971926617414,0.2152450577462616,0.7417375346582626,0.11853494726917618,0.0966433828119165,0.8153155254074816
TP,south_peninsula,Week 1,2026-03-05,SPIRE,0.3375865850095587,0.5139010769305364,0.34309033359898955,2.1572450724577954,0.146170259247709,0.06775783665653438
TP,east_northeast_india,Week 1,2026-03-05,SPIRE,0.8932432106663286,2.274653900820744,0.6073058805368028,2.3557715179094516,1.3416632474701833,0.5695218051794753
TP,All India,Week 2,2026-03-05,SPIRE,1.3603227933648747,1.7289860438761468,0.21322511642996278,5.864488700927557,1.907135184103137,0.3252005897464676
TP,northwest_india,Week 2,2026-03-05,SPIRE,1.148462410840953,1.3209134775745053,0.13055440016420405,3.085554009581603,2.2841381803009426,0.7402684163712527
TP,central_india,Week 2,2026-03-05,SPIRE,0.2384652165041972,0.33235259532844263,0.28249329219608654,0.7745564786564871,0.4294581008392604,0.5544567925946217
TP,south_peninsula,Week 2,2026-03-05,SPIRE,0.5262583484287006,0.7065723538507559,0.2551953871947582,1.4876284818232435,0.5790813865271968,0.3892647886234823
TP,east_northeast_india,Week 2,2026-03-05,SPIRE,5.424582060095054,7.084086060791779,0.23425802375292493,14.351984249331903,6.113060870706584,0.4259383764994832
TP,All India,Week 3,2026-03-05,SPIRE,1.6856742049385016,1.570605142218346,-0.07326415763393612,4.685452633033154,3.1028388565889258,0.6622281985551278
TP,northwest_india,Week 3,2026-03-05,SPIRE,2.1271149080688376,1.9299217299317035,-0.10217677488097521,5.2840641470895005,4.440330527465821,0.8403248718908126
TP,central_india,Week 3,2026-03-05,SPIRE,0.7762208008101813,0.546269265109227,-0.4209490637460178,1.7071482873481185,1.7764398861866944,1.0405890919682281
TP,south_peninsula,Week 3,2026-03-05,SPIRE,0.5368042563224035,0.47905321323186684,-0.12055245950846905,0.8852584070058822,1.5364894629320294,1.735639504547309
TP,east_northeast_india,Week 3,2026-03-05,SPIRE,4.229403236347663,4.484902257079719,0.05696869320367781,8.87523663450329,5.1617696842448115,0.5815923447244169
TP,All India,Week 4,2026-03-05,SPIRE,1.189211308642583,1.0910299522413258,-0.08998960679270196,3.742343846633943,2.5310847212564154,0.676336762463183
TP,northwest_india,Week 4,2026-03-05,SPIRE,1.0936522917033806,0.9787975263008393,-0.1173427213660938,2.2906144308081537,3.0591724721971323,1.335524840432365
TP,central_india,Week 4,2026-03-05,SPIRE,0.5727651791193901,0.3650363494092379,-0.5690634098394125,0.9665124623370875,1.5630865590278678,1.6172440811039588
TP,south_peninsula,Week 4,2026-03-05,SPIRE,0.7735562809186336,0.6514069996760329,-0.18751607106363566,2.3320336837693927,1.3174434153194865,0.5649332702562131
TP,east_northeast_india,Week 4,2026-03-05,SPIRE,3.3238409755315694,3.5422353437125937,0.061654392492207055,8.582771939995055,5.099950328561617,0.5942078345104618
TP,All India,Week 5,2026-03-05,SPIRE,1.6584778473955575,1.667033146628809,0.005132051063623244,5.092181578502997,2.0566916287871537,0.40389204451577737
TP,northwest_india,Week 5,2026-03-05,SPIRE,1.9269612686826714,1.990010987697456,0.03168310094997839,4.848707377007641,2.1123815438512024,0.4356586982064588
TP,central_india,Week 5,2026-03-05,SPIRE,0.8878330894088958,0.8707941702426141,-0.019567102937235514,2.4694777430676425,1.0464039240081893,0.423734907895271
TP,south_peninsula,Week 5,2026-03-05,SPIRE,0.7841398170801331,0.6441298126939593,-0.217363024699333,2.0095863064111463,1.51426664775008,0.7535215795007872
TP,east_northeast_india,Week 5,2026-03-05,SPIRE,3.9211423059903163,4.0540355938315615,0.032780493600857774,10.187152870977886,4.9187154761655405,0.48283514917876974
TP,All India,Week 6,2026-03-05,SPIRE,0.9423600317338527,0.8107847673468811,-0.16228137193243453,2.7840903909942742,2.35723788904194,0.846681521787842
TP,northwest_india,Week 6,2026-03-05,SPIRE,0.7539748783556129,0.78354179779385,0.03773496132750809,1.4912272284497994,2.1741906282099293,1.4579874795272498
TP,central_india,Week 6,2026-03-05,SPIRE,0.49716250209147894,0.2840063432672452,-0.7505330915220345,1.435516907790558,1.2724964187801573,0.8864377785272415
TP,south_peninsula,Week 6,2026-03-05,SPIRE,0.754904808838466,0.3983386092226064,-0.8951334150403614,1.1900433098520562,2.291316959295764,1.9254063615387373
TP,east_northeast_india,Week 6,2026-03-05,SPIRE,2.604433214594991,2.5873052176589377,-0.006620014066817781,6.380478923751885,5.317873719060586,0.8334599616439984
TP,All India,Week 1,2026-03-12,SPIRE,1.1789757661142166,1.7289860438761468,0.31811146174950233,5.218559897820251,1.091065855256604,0.20907412708098513
TP,northwest_india,Week 1,2026-03-12,SPIRE,0.8055384955081847,1.3209134775745053,0.3901655867821602,2.3707403796742885,0.9621148657240529,0.4058288600357986
TP,central_india,Week 1,2026-03-12,SPIRE,0.2184075131030722,0.33235259532844263,0.34284396700066644,0.7482853966975292,0.27056541772609183,0.36158051315741413
TP,south_peninsula,Week 1,2026-03-12,SPIRE,0.5231341511294003,0.7065723538507559,0.2596170112255791,1.4197985841372676,0.4988849383204636,0.3513772614610742
TP,east_northeast_india,Week 1,2026-03-12,SPIRE,5.00578904833752,7.084086060791779,0.2933754608031922,12.914045169926686,3.9845924578132945,0.30854719844811535
TP,All India,Week 2,2026-03-12,SPIRE,1.5838438608718428,1.570605142218346,-0.008429055971890032,4.934483522243511,1.9944081302872476,0.4041776857287935
TP,northwest_india,Week 2,2026-03-12,SPIRE,1.921410443316606,1.9299217299317035,0.004410171916867767,5.358737870712019,2.9993088942137724,0.5597043495272241
TP,central_india,Week 2,2026-03-12,SPIRE,0.5592104002000968,0.546269265109227,-0.023690029656495915,1.535833847646711,0.9910850821314326,0.6453074879486655
TP,south_peninsula,Week 2,2026-03-12,SPIRE,0.4291042163493484,0.47905321323186684,0.10426607212494066,0.8196767872049382,1.021115077161493,1.2457533177723021
TP,east_northeast_india,Week 2,2026-03-12,SPIRE,4.6249565196402385,4.484902257079719,-0.031227940885319105,9.722470645832782,3.3034849247748173,0.3397783387693485
TP,All India,Week 3,2026-03-12,SPIRE,1.1478437587326726,1.0910299522413258,-0.052073553411281726,3.6897501409675133,2.469680876849813,0.6693355328938946
TP,northwest_india,Week 3,2026-03-12,SPIRE,1.0570714996289727,0.9787975263008393,-0.07996952508038468,2.211495346317816,3.1418553811294627,1.4206927391281716
TP,central_india,Week 3,2026-03-12,SPIRE,0.5162758254884747,0.3650363494092379,-0.4143134685737393,0.892130458179933,1.382297666867983,1.5494344511990517
TP,south_peninsula,Week 3,2026-03-12,SPIRE,0.7234303556526852,0.6514069996760329,-0.11056583059818514,2.2854484673135516,1.1128342984361788,0.4869216323850297
TP,east_northeast_india,Week 3,2026-03-12,SPIRE,3.3174731014911525,3.5422353437125937,0.06345209180423039,8.508896115974872,5.1748596539595,0.6081705057186036
TP,All India,Week 4,2026-03-12,SPIRE,1.709781197948346,1.667033146628809,-0.02564319216206634,5.0988903172476405,2.316557176255711,0.45432575170712414
TP,northwest_india,Week 4,2026-03-12,SPIRE,2.058934714719109,1.990010987697456,-0.03463484746956147,4.93181330402401,2.4862600640061894,0.5041269631957839
TP,central_india,Week 4,2026-03-12,SPIRE,0.8965989806236531,0.8707941702426141,-0.029633650824568036,2.4543283373303635,1.162982282499152,0.47384951100884815
TP,south_peninsula,Week 4,2026-03-12,SPIRE,0.7686044190377318,0.6441298126939593,-0.19324459742544664,1.970749819195337,1.4149395363481425,0.7179701464724054
TP,east_northeast_india,Week 4,2026-03-12,SPIRE,3.976630157935799,4.0540355938315615,0.01909342779662293,10.14024683260194,5.703973566189292,0.5625083551073361
TP,All India,Week 5,2026-03-12,SPIRE,0.9783205259268997,0.8107847673468811,-0.20663407272468048,2.801672419436461,2.430898127803028,0.8676596560464368
TP,northwest_india,Week 5,2026-03-12,SPIRE,0.8841737940067353,0.78354179779385,-0.12843219914524795,1.5933559403485937,2.7010282299252735,1.6951819499504572
TP,central_india,Week 5,2026-03-12,SPIRE,0.5253251763795389,0.2840063432672452,-0.8496952227761219,1.457538141532008,1.3486765796428941,0.9253113460381283
TP,south_peninsula,Week 5,2026-03-12,SPIRE,0.6552490728295833,0.3983386092226064,-0.6449549645924628,1.1663729313954487,1.7637969452338402,1.5122066860070504
TP,east_northeast_india,Week 5,2026-03-12,SPIRE,2.621144159000648,2.5873052176589377,-0.013078836277510497,6.372254347876873,5.144082918926874,0.8072626480518305
TP,All India,Week 6,2026-03-12,SPIRE,1.39256451785848,1.1667367567664988,-0.19355502411515824,5.339889642491493,2.5725255068761856,0.481756305674492
TP,northwest_india,Week 6,2026-03-12,SPIRE,1.0043170430651087,0.9362689918050346,-0.07268002236075777,2.2115221934053784,2.292098799989231,1.0364349075148904
TP,central_india,Week 6,2026-03-12,SPIRE,0.5840056190079876,0.3363430594743895,-0.7363391411156981,1.0362234663436638,1.6526743876478964,1.594901525902895
TP,south_peninsula,Week 6,2026-03-12,SPIRE,0.8452564546059785,0.47687279106194813,-0.7724988098475418,1.5993021839166643,2.1303398170604932,1.3320433364527313
TP,east_northeast_india,Week 6,2026-03-12,SPIRE,4.769301186794552,4.426153658448189,-0.07752725161075191,13.233219236157451,5.837273479621355,0.4411075926009016
TP,All India,Week 1,2026-03-19,SPIRE,1.1143391274627026,1.570605142218346,0.2905033241589968,3.8502921545610445,0.7996351487867158,0.20768168146395605
TP,northwest_india,Week 1,2026-03-19,SPIRE,1.0047950807673924,1.9299217299317035,0.47935967289049053,2.9138216075292456,0.8612323119927608,0.29556796125313817
TP,central_india,Week 1,2026-03-19,SPIRE,0.4284605031052783,0.546269265109227,0.21566060829066191,1.475653579747071,0.4287230069991151,0.29053093007953723
TP,south_peninsula,Week 1,2026-03-19,SPIRE,0.3659488296468515,0.47905321323186684,0.23609983288071934,1.3804130450174013,0.46574943407201363,0.33739860381147185
TP,east_northeast_india,Week 1,2026-03-19,SPIRE,3.8522329335757743,4.484902257079719,0.14106646861818095,8.581221502241474,1.9281776306556035,0.22469733826961
TP,All India,Week 2,2026-03-19,SPIRE,1.119658486296166,1.0910299522413258,-0.026239915775023492,3.70316099685435,2.07973085751841,0.5616096246652623
TP,northwest_india,Week 2,2026-03-19,SPIRE,0.9097316363836164,0.9787975263008393,0.0705619784085918,1.898507482562791,2.445477675369117,1.2881053658361
TP,central_india,Week 2,2026-03-19,SPIRE,0.4387945373112513,0.3650363494092379,-0.2020571047825266,0.8565669305163208,0.9976492855862532,1.1647067497514652
TP,south_peninsula,Week 2,2026-03-19,SPIRE,0.6619735559127682,0.6514069996760329,-0.01622112786935115,2.2515315957469055,0.8920538699428834,0.3961986905393439
TP,east_northeast_india,Week 2,2026-03-19,SPIRE,3.7035894268228935,3.5422353437125937,-0.045551485842605155,8.729843767450719,5.231559218590724,0.5992729489726526
TP,All India,Week 3,2026-03-19,SPIRE,1.724365209079655,1.667033146628809,-0.03439167515462249,4.848010444771294,2.9923707153444,0.6172368540525217
TP,northwest_india,Week 3,2026-03-19,SPIRE,1.9321808766261923,1.990010987697456,0.029060196867644494,4.550089828544033,3.37666323984044,0.7421091378586973
TP,central_india,Week 3,2026-03-19,SPIRE,0.9951442323968488,0.8707941702426141,-0.14280075177764373,2.3927527380896096,1.9379701587797709,0.8099333156868769
TP,south_peninsula,Week 3,2026-03-19,SPIRE,0.8687398720919981,0.6441298126939593,-0.3487030952016439,2.009618944244274,1.6782269728838293,0.8350971101712688
TP,east_northeast_india,Week 3,2026-03-19,SPIRE,4.001590248008705,4.0540355938315615,0.01293657754328914,9.719344276623035,6.197812196032239,0.6376780181497651
TP,All India,Week 4,2026-03-19,SPIRE,1.0853398499791829,0.8107847673468811,-0.33862881209611806,2.895238366468495,2.7589547309177997,0.952928353972827
TP,northwest_india,Week 4,2026-03-19,SPIRE,1.1130579120376631,0.78354179779385,-0.4205469512559543,2.1370638207833537,3.150031303899742,1.4739996406588733
TP,central_india,Week 4,2026-03-19,SPIRE,0.6087217298468897,0.2840063432672452,-1.1433385002745968,1.510796636773821,1.6749568201749798,1.1086580280928537
TP,south_peninsula,Week 4,2026-03-19,SPIRE,0.6085182706248468,0.3983386092226064,-0.5276406969749301,1.1167974510450245,1.614157369966973,1.4453447833862374
TP,east_northeast_india,Week 4,2026-03-19,SPIRE,2.7073025257672505,2.5873052176589377,-0.04637926259696923,6.2875969704266,5.80647938674686,0.9234814849070873
TP,All India,Week 5,2026-03-19,SPIRE,1.2828133113425608,1.1667367567664988,-0.09948821266054675,5.351735245903889,2.2186231827830776,0.4145614610665143
TP,northwest_india,Week 5,2026-03-19,SPIRE,0.9459552026444271,0.9362689918050346,-0.010345542706395205,2.160731316537671,2.242526907289053,1.037855512217248
TP,central_india,Week 5,2026-03-19,SPIRE,0.4808713274748431,0.3363430594743895,-0.4297049215949662,0.9195090336090034,1.2594095480023935,1.3696543502778937
TP,south_peninsula,Week 5,2026-03-19,SPIRE,0.6281211082736056,0.47687279106194813,-0.3171670098326276,1.4305165301055405,1.4377994900610218,1.0050911400198528
TP,east_northeast_india,Week 5,2026-03-19,SPIRE,4.66581660165816,4.426153658448189,-0.05414700024083596,13.327092340977272,5.330022717739753,0.39993890500415813
TP,All India,Week 6,2026-03-19,SPIRE,1.5116226871246927,1.3880305368881185,-0.0890413769380467,5.665033790107707,2.326153570557263,0.4106160098496141
TP,northwest_india,Week 6,2026-03-19,SPIRE,0.8813426067490344,0.9103302482085015,0.03184299490928022,1.8554774387136226,2.1861280119307147,1.1782024218232088
TP,central_india,Week 6,2026-03-19,SPIRE,0.5041707126077742,0.2776442474565739,-0.8158874791260753,0.8604976464000226,1.4458178327626634,1.680211257766231
TP,south_peninsula,Week 6,2026-03-19,SPIRE,1.0280792276226907,0.7005473042244479,-0.4675371975927338,3.0775213687514813,1.7946044693894587,0.5831330653335192
TP,east_northeast_india,Week 6,2026-03-19,SPIRE,5.792144145481901,5.824300575264755,0.005521080062285799,13.94497346331788,5.3051514935499196,0.38043467830936145
TP,All India,Week 1,2026-03-26,SPIRE,0.9084600646015604,1.0910299522413258,0.1673371911235877,3.225809109431632,1.1924212178102824,0.3696502729575278
TP,northwest_india,Week 1,2026-03-26,SPIRE,0.7681195353560085,0.9787975263008393,0.21524164628924247,2.031041994010054,1.3567564833230097,0.6680100595282391
TP,central_india,Week 1,2026-03-26,SPIRE,0.38175966759610963,0.3650363494092379,-0.045812747727551395,0.8648521681866362,0.6994002422498857,0.8086934021525795
TP,south_peninsula,Week 1,2026-03-26,SPIRE,0.6229354682278789,0.6514069996760329,0.04370774563723423,2.200034503148636,0.7754394650242704,0.3524669562747676
TP,east_northeast_india,Week 1,2026-03-26,SPIRE,2.77388148938995,3.5422353437125937,0.2169121415623777,7.288309036731818,2.479012339309896,0.34013545896806824
TP,All India,Week 2,2026-03-26,SPIRE,1.788435670067691,1.667033146628809,-0.072825500611305,4.763188810604611,3.1611154100296983,0.6636552813090029
TP,northwest_india,Week 2,2026-03-26,SPIRE,2.0259396646768812,1.990010987697456,-0.01805451186025686,4.383403573475241,3.952197440858406,0.9016275537059512
TP,central_india,Week 2,2026-03-26,SPIRE,1.2057165514688815,0.8707941702426141,-0.38461716060059725,2.591772227613139,2.5715480474746037,0.992196775656802
TP,south_peninsula,Week 2,2026-03-26,SPIRE,0.949710492801813,0.6441298126939593,-0.47440853394103333,2.031692472696566,1.8822724712058538,0.9264554043002412
TP,east_northeast_india,Week 2,2026-03-26,SPIRE,3.645007212274345,4.0540355938315615,0.10089412687436095,9.479812819337155,4.371929510607803,0.4611831049754309
TP,All India,Week 3,2026-03-26,SPIRE,1.0154496675852374,0.8107847673468811,-0.25242815168824406,2.8152622680311308,2.5890192504241623,0.9196369659139456
TP,northwest_india,Week 3,2026-03-26,SPIRE,1.0267837291867337,0.78354179779385,-0.31043899901416694,1.8984009939952424,3.0230499015472825,1.5924190469291646
TP,central_india,Week 3,2026-03-26,SPIRE,0.5918062574337414,0.2840063432672452,-1.0837783079966687,1.4754324983892155,1.6394265008876936,1.1111497833194786
TP,south_peninsula,Week 3,2026-03-26,SPIRE,0.5511857880768206,0.3983386092226064,-0.3837116847711781,1.0554211827072417,1.4105281216225645,1.3364599315738996
TP,east_northeast_india,Week 3,2026-03-26,SPIRE,2.5365148893424854,2.5873052176589377,0.019630590148312255,6.24327753634645,5.277518035741679,0.8453120984959558
TP,All India,Week 4,2026-03-26,SPIRE,1.2497389920952529,1.1667367567664988,-0.07114049921491028,5.357688947672191,2.1591319122072967,0.4029968766935222
TP,northwest_india,Week 4,2026-03-26,SPIRE,0.8926987383787294,0.9362689918050346,0.04653604232081432,2.1114198522998278,2.051490112006619,0.9716163792682296
TP,central_india,Week 4,2026-03-26,SPIRE,0.4370928245602249,0.3363430594743895,-0.29954465313861145,0.8624166432178066,1.1893741484367075,1.3791178055179607
TP,south_peninsula,Week 4,2026-03-26,SPIRE,0.637604959504985,0.47687279106194813,-0.33705460125980835,1.4053778390870928,1.5304010396808407,1.0889605607236277
TP,east_northeast_india,Week 4,2026-03-26,SPIRE,4.648324243198573,4.426153658448189,-0.05019495523530404,13.37238854374366,5.392675480936218,0.4032694281426042
TP,All India,Week 5,2026-03-26,SPIRE,1.4802955954348214,1.3880305368881185,-0.06647192269527125,5.590113021642501,2.3272996132010166,0.4163242503668027
TP,northwest_india,Week 5,2026-03-26,SPIRE,0.8507054028288703,0.9103302482085015,0.0654980382086291,1.814034626809717,2.0886140883101985,1.1513639582411805
TP,central_india,Week 5,2026-03-26,SPIRE,0.47881754806628213,0.2776442474565739,-0.7245721906814351,0.8350224329236801,1.3680910427044615,1.6383883698960495
TP,south_peninsula,Week 5,2026-03-26,SPIRE,1.0170778987824567,0.7005473042244479,-0.4518332918409116,3.0547945498381797,1.758120267819385,0.5755281539023687
TP,east_northeast_india,Week 5,2026-03-26,SPIRE,5.720365564476384,5.824300575264755,0.017845063015767604,13.762459531136663,5.748847790547765,0.41771950555359477
TP,All India,Week 6,2026-03-26,SPIRE,1.7801082883906723,1.7102428819761466,-0.040851160470142034,4.825328725305882,2.8794558764784677,0.5967377644920837
TP,northwest_india,Week 6,2026-03-26,SPIRE,1.7527717418316453,1.7805817670974766,0.015618505018820006,4.862191213149646,2.6622702601416934,0.5475453645141857
TP,central_india,Week 6,2026-03-26,SPIRE,1.0057506919802408,0.8109430604583053,-0.2402235631831411,2.488805609482274,2.0939273806501566,0.8413382598754827
TP,south_peninsula,Week 6,2026-03-26,SPIRE,1.1406608665216522,0.7155527176113303,-0.5940975953937047,2.9098660584968647,2.2604042794933794,0.7768069849445323
TP,east_northeast_india,Week 6,2026-03-26,SPIRE,4.40507010725239,4.8494442202637655,0.09163402914390162,8.943932564599548,5.919220063110922,0.6618140309486945
TP,All India,Week 1,2026-01-01,FuXi,0.18154198487647819,0.7355081921984399,0.7531747616109513,0.6642709938226962,0.06343898428273798,0.09550166253333468
TP,northwest_india,Week 1,2026-01-01,FuXi,0.189144226798984,0.7566478769074196,0.750023448724846,0.5978111895512622,0.061669437014820624,0.10315871983110894
TP,central_india,Week 1,2026-01-01,FuXi,0.035168170753621705,0.21484834490935042,0.8363116515118607,0.09678939105505607,0.05009427245370216,0.5175595373382127
TP,south_peninsula,Week 1,2026-01-01,FuXi,0.32721686980021725,0.48815710512057614,0.32968942504812304,1.1204646122113087,0.07680282776892071,0.06854551846786612
TP,east_northeast_india,Week 1,2026-01-01,FuXi,0.31814739280128873,2.1869287431773015,0.854523201181642,0.7734454625801735,0.08116874201799017,0.10494436381747653
TP,All India,Week 2,2026-01-01,FuXi,0.28775311104629603,0.9081541442463744,0.6831450774415768,1.627728040516637,0.21717768093039297,0.1334238125316446
TP,northwest_india,Week 2,2026-01-01,FuXi,0.045979974658583826,0.7838251901206427,0.941338993390214,0.18134567644409783,0.06632787631353505,0.3657538333095109
TP,central_india,Week 2,2026-01-01,FuXi,0.01775406168483244,0.21507911235834629,0.9174533431435585,0.035469040224114005,0.05571388899078058,1.5707752067365752
TP,south_peninsula,Week 2,2026-01-01,FuXi,1.3317626639793636,1.3126634299141042,-0.014549985647508423,3.75359690346832,0.8394393236368509,0.22363598042752267
TP,east_northeast_india,Week 2,2026-01-01,FuXi,0.13364544594235336,2.2601200902688245,0.9408679890428047,0.42459427716232884,0.14128318328913334,0.3327486753551288
TP,All India,Week 3,2026-01-01,FuXi,0.48236269802403503,0.7423688529518869,0.3502385019171904,1.1192825684190553,1.1451776767085025,1.0231354521370086
TP,northwest_india,Week 3,2026-01-01,FuXi,0.5442426352304773,0.8107850069877364,0.32874605408347257,1.3479353013716835,1.1361287442652963,0.8428659321475972
TP,central_india,Week 3,2026-01-01,FuXi,0.4656936874338703,0.215967756589073,-1.1563111771353758,1.0449089101254474,1.3287099791040973,1.2716036452828965
TP,south_peninsula,Week 3,2026-01-01,FuXi,0.37568846577985004,0.4058960304215757,0.07442192674402648,0.7514839784526863,0.80637926018798,1.073049171119155
TP,east_northeast_india,Week 3,2026-01-01,FuXi,0.5180451033309162,2.2145537982401033,0.7660724685295048,1.1156558121708597,1.167141434704416,1.04614830306255
TP,All India,Week 4,2026-01-01,FuXi,1.6593674136072214,1.7242570766322862,0.0376334039189814,5.639277901837716,1.9607692864789976,0.34769864521839333
TP,northwest_india,Week 4,2026-01-01,FuXi,3.740053256575542,3.532990186595098,-0.058608447531522945,9.461799415704204,2.5989527741823912,0.2746784897879767
TP,central_india,Week 4,2026-01-01,FuXi,0.690705844208977,0.3597409040544433,-0.9200091966868613,1.9357028200397288,1.976143000857087,1.020891730072764
TP,south_peninsula,Week 4,2026-01-01,FuXi,0.5919479964164769,0.6550082018104746,0.09627391721156497,2.4854003212766913,0.8842453570286076,0.35577582792553586
TP,east_northeast_india,Week 4,2026-01-01,FuXi,0.6567101889733579,2.222447236114335,0.7045103351377954,1.3114229391339074,1.8713836629870297,1.4269871352280392
TP,All India,Week 5,2026-01-01,FuXi,0.466213598007978,0.7542081659831894,0.38185023838846965,1.0710636646981069,1.2616835759080005,1.1779725309453217
TP,northwest_india,Week 5,2026-01-01,FuXi,0.7157096402666626,0.8396894183256881,0.14764956584332922,1.4454240551716886,1.9318911271125738,1.3365566459201499
TP,central_india,Week 5,2026-01-01,FuXi,0.30902833412192693,0.24887316408016846,-0.24171015088786718,0.6300018063056154,0.8746586118529415,1.3883430223510222
TP,south_peninsula,Week 5,2026-01-01,FuXi,0.11768527454577848,0.4136095384046845,0.7154676969015336,0.3101772091577644,0.25988260792122053,0.8378520415052071
TP,east_northeast_india,Week 5,2026-01-01,FuXi,0.7141817112968593,2.146115476192773,0.667221210033011,1.453231299423573,1.9289122111121233,1.327326360144617
TP,All India,Week 6,2026-01-01,FuXi,0.4969819103093448,0.7258627365452962,0.31532246348021264,1.1691909397699682,1.4332614701239252,1.225857489458404
TP,northwest_india,Week 6,2026-01-01,FuXi,0.7960678359332787,0.7867677538242012,-0.011820619317292946,1.6577120461390047,2.3143233640310936,1.3960949185483749
TP,central_india,Week 6,2026-01-01,FuXi,0.33365564499811146,0.21624020419868387,-0.5429861724119767,0.6326287909845832,1.1112415922190135,1.756546031503795
TP,south_peninsula,Week 6,2026-01-01,FuXi,0.09767037606418712,0.416995123554778,0.7657757356211462,0.2128636423065609,0.2650189283825984,1.2450173524745232
TP,east_northeast_india,Week 6,2026-01-01,FuXi,0.7138667590407252,2.1417595074259936,0.6666914485190434,1.4848212717071756,1.6985287822521737,1.1439281040870917
TP,All India,Week 1,2026-01-08,FuXi,0.28024438306376576,0.9081541442463744,0.6914131980355331,1.6907851622683008,0.11401272692416502,0.06743182366895707
TP,northwest_india,Week 1,2026-01-08,FuXi,0.04979633134854224,0.7838251901206427,0.9364701058652148,0.20222590409601002,0.051250387092569794,0.2534313658859344
TP,central_india,Week 1,2026-01-08,FuXi,0.028564785278476564,0.21507911235834629,0.8671894031676848,0.09182998101244674,0.06246545418752479,0.6802294141720246
TP,south_peninsula,Week 1,2026-01-08,FuXi,1.3154099805861488,1.3126634299141042,-0.0020923495006059945,3.9116772030774882,0.36742730878985697,0.09393088685865637
TP,east_northeast_india,Week 1,2026-01-08,FuXi,0.0705437989384303,2.2601200902688245,0.9687875882161466,0.20832374949067045,0.053539239988597685,0.257000174581609
TP,All India,Week 2,2026-01-08,FuXi,0.33459561905196983,0.7423688529518869,0.5492865605534032,1.4684832744489886,0.45264075147018323,0.30823691311024654
TP,northwest_india,Week 2,2026-01-08,FuXi,0.7541039535403266,0.8107850069877364,0.06990885741461073,2.4924594088519423,1.0041638614631627,0.40288072812615755
TP,central_india,Week 2,2026-01-08,FuXi,0.10966445982789898,0.215967756589073,0.49221836833467614,0.39591326157356194,0.22822525687801246,0.5764526703928241
TP,south_peninsula,Week 2,2026-01-08,FuXi,0.12292987973798848,0.4058960304215757,0.6971394876409364,0.3632759325331613,0.08858015807893652,0.24383712254554754
TP,east_northeast_india,Week 2,2026-01-08,FuXi,0.19573286260889292,2.2145537982401033,0.9116152144217761,0.6218220414186318,0.21390151968605126,0.3439915368680948
TP,All India,Week 3,2026-01-08,FuXi,1.5930041117514282,1.7242570766322862,0.07612145929956882,5.643870816330011,1.3263497154502066,0.2350071003773754
TP,northwest_india,Week 3,2026-01-08,FuXi,3.7906908924394114,3.532990186595098,-0.07294124586648554,9.41436871280206,2.2559290816129525,0.23962616617567184
TP,central_india,Week 3,2026-01-08,FuXi,0.4602895374832396,0.3597409040544433,-0.27950292083988093,1.8798455421984948,0.8527816074058118,0.4536445086911112
TP,south_peninsula,Week 3,2026-01-08,FuXi,0.4206162012345266,0.6550082018104746,0.3578459016666923,2.4719727525397133,0.1270080678690099,0.05137923455609346
TP,east_northeast_india,Week 3,2026-01-08,FuXi,0.8403106306649117,2.222447236114335,0.6218985013412118,2.143148833498541,1.870659538171926,0.8728556360307487
TP,All India,Week 4,2026-01-08,FuXi,0.7565392768811733,0.7542081659831894,-0.003090805699438537,1.760258231846339,1.8770499669381677,1.0663492054624994
TP,northwest_india,Week 4,2026-01-08,FuXi,0.9907058685556532,0.8396894183256881,-0.17984798537903068,2.1063774238284494,2.1383931432987633,1.0151994220542506
TP,central_india,Week 4,2026-01-08,FuXi,0.5868838967384835,0.24887316408016846,-1.3581646454634742,1.4475912622527694,1.6877537885617475,1.1659049295000805
TP,south_peninsula,Week 4,2026-01-08,FuXi,0.19963296587933235,0.4136095384046845,0.5173395501241871,0.476219319862289,0.46057405598463824,0.9671469358232359
TP,east_northeast_india,Week 4,2026-01-08,FuXi,1.3257901000614603,2.146115476192773,0.38223729581717436,2.4578443604523628,3.501471802094573,1.424610873835043
TP,All India,Week 5,2026-01-08,FuXi,0.41162808127629674,0.7258627365452962,0.43291195352523815,1.069232344751827,1.0688253669616403,0.9996193738506094
TP,northwest_india,Week 5,2026-01-08,FuXi,0.5797029667918568,0.7867677538242012,0.2631841302924215,1.463211619217545,1.4728955977454279,1.0066183034638978
TP,central_india,Week 5,2026-01-08,FuXi,0.2919228869858966,0.21624020419868387,-0.34999357805671805,0.6056942833111024,0.8922136200009855,1.4730428280148027
TP,south_peninsula,Week 5,2026-01-08,FuXi,0.1244940700352386,0.416995123554778,0.7014495781774182,0.2560709387704138,0.3035317050770658,1.1853422591979639
TP,east_northeast_india,Week 5,2026-01-08,FuXi,0.6753840811297023,2.1417595074259936,0.6846592351811752,1.4419877597644202,1.5421970667898381,1.069493867993574
TP,All India,Week 6,2026-01-08,FuXi,0.4226039621111288,0.7450305606323538,0.43276962792984164,1.1496243022731238,1.1535180455043326,1.0033869701810494
TP,northwest_india,Week 6,2026-01-08,FuXi,0.6874236220652037,0.828173235250949,0.169951897978321,1.5271396368130974,1.9819609059471524,1.2978255937899668
TP,central_india,Week 6,2026-01-08,FuXi,0.21767957616618908,0.23030769806089962,0.054831523223211276,0.5021578652353554,0.7132867213205316,1.4204431926725325
TP,south_peninsula,Week 6,2026-01-08,FuXi,0.07796216991024545,0.4167864180836203,0.8129445525871147,0.16738273924374966,0.22266038093090415,1.3302469653496165
TP,east_northeast_india,Week 6,2026-01-08,FuXi,0.7413582518356386,2.148124483869879,0.6548811498577258,1.7799488405179016,1.508442955653866,0.847464219935087
TP,All India,Week 1,2026-01-15,FuXi,0.11887622974495896,0.7423688529518869,0.8398690499038712,0.5057665512546514,0.07109461568974809,0.1405680456989182
TP,northwest_india,Week 1,2026-01-15,FuXi,0.23869784329767568,0.8107850069877364,0.7055966239626257,0.77534168294852,0.1092656515113403,0.14092580589220707
TP,central_india,Week 1,2026-01-15,FuXi,0.016056248902017338,0.215967756589073,0.9256544164017597,0.026913840486354732,0.05044471018763853,1.8743036770695698
TP,south_peninsula,Week 1,2026-01-15,FuXi,0.06681125533819138,0.4058960304215757,0.8353981060893865,0.32646198317932995,0.05010208345357035,0.15346988634216743
TP,east_northeast_india,Week 1,2026-01-15,FuXi,0.15691918562459098,2.2145537982401033,0.9291418498167469,0.5196903455747091,0.061035318752043204,0.11744555055096546
TP,All India,Week 2,2026-01-15,FuXi,2.0857072435086237,1.7242570766322862,-0.20962661065732724,7.083465091266947,1.3543298536068982,0.1911959522856437
TP,northwest_india,Week 2,2026-01-15,FuXi,5.532078975751309,3.532990186595098,-0.5658347981664855,12.082175539605542,3.1476522736672976,0.2605203229624705
TP,central_india,Week 2,2026-01-15,FuXi,0.39022336411183517,0.3597409040544433,-0.08473448449659382,1.9069460299887242,0.5512873382812533,0.2890943580005319
TP,south_peninsula,Week 2,2026-01-15,FuXi,0.4106073272854975,0.6550082018104746,0.3731264339124932,2.4585961749218006,0.14994566251008595,0.06098832497974386
TP,east_northeast_india,Week 2,2026-01-15,FuXi,0.5173093204759694,2.222447236114335,0.767234374760492,1.4809238417687527,0.7712856160232319,0.5208138286855055
TP,All India,Week 3,2026-01-15,FuXi,0.9043202717736909,0.7542081659831894,-0.19903272406871197,2.4692373846729287,1.8015088264960828,0.7295810591879192
TP,northwest_india,Week 3,2026-01-15,FuXi,0.9803694239269783,0.8396894183256881,-0.167538142712101,2.267005867563162,1.7532634453186748,0.7733828440432241
TP,central_india,Week 3,2026-01-15,FuXi,0.697638477556655,0.24887316408016846,-1.80318884575248,1.9646919301744412,1.667036565788868,0.8484976907503534
TP,south_peninsula,Week 3,2026-01-15,FuXi,0.19072486948874995,0.4136095384046845,0.5388770040836423,0.45807133574069336,0.4519597070020838,0.9866579105441576
TP,east_northeast_india,Week 3,2026-01-15,FuXi,2.098515239147729,2.146115476192773,0.022179718460204834,4.541744863212948,3.893548480458385,0.8572803179666038
TP,All India,Week 4,2026-01-15,FuXi,0.5921502588688454,0.7258627365452962,0.18421179507415952,1.5191791168524125,1.6087802470653119,1.058979964389284
TP,northwest_india,Week 4,2026-01-15,FuXi,0.9320832336294691,0.7867677538242012,-0.18469933356945623,1.9828994180255743,2.538459468282762,1.2801756081054143
TP,central_india,Week 4,2026-01-15,FuXi,0.33121894227361776,0.21624020419868387,-0.5317176724883692,0.7452162758360892,1.0548970665938182,1.4155582758982086
TP,south_peninsula,Week 4,2026-01-15,FuXi,0.1123587942481875,0.416995123554778,0.7305512992805355,0.24642229845123068,0.23265804770610687,0.9441436475853345
TP,east_northeast_india,Week 4,2026-01-15,FuXi,1.0430115738435426,2.1417595074259936,0.5130118156463546,2.358423604258581,2.556389733764221,1.083940022118238
TP,All India,Week 5,2026-01-15,FuXi,0.6894606924359323,0.7450305606323538,0.0745873674621561,1.6895526414152504,1.7933508775506457,1.0614353371366096
TP,northwest_india,Week 5,2026-01-15,FuXi,1.0824623746878304,0.828173235250949,-0.30704824620398163,2.374264391204761,2.7938602906559162,1.176726695226323
TP,central_india,Week 5,2026-01-15,FuXi,0.377456082439558,0.23030769806089962,-0.6389208246949192,0.901692285081862,1.0857022893012804,1.2040718405422672
TP,south_peninsula,Week 5,2026-01-15,FuXi,0.3045628214348745,0.4167864180836203,0.2692592459340416,0.667581047231568,0.9384532391299933,1.405751770547893
TP,east_northeast_india,Week 5,2026-01-15,FuXi,1.0230380612842738,2.148124483869879,0.5237528974851331,2.1071399213947535,2.2890255160223276,1.086318707543247
TP,All India,Week 6,2026-01-15,FuXi,0.5095675687079406,0.7477133217390258,0.3184987429101941,1.532277712429688,0.9980905703561656,0.6513770723542813
TP,northwest_india,Week 6,2026-01-15,FuXi,0.602052013586557,0.7779097307760924,0.22606442654225245,1.525627418924491,1.7223001763618924,1.128912705027318
TP,central_india,Week 6,2026-01-15,FuXi,0.21659051149521352,0.24507384062571003,0.11622345762311603,0.5168761956445491,0.4952933311511947,0.9582436477531329
TP,south_peninsula,Week 6,2026-01-15,FuXi,0.5725642707576186,0.5564085980974903,-0.02903562726271458,2.111007363487975,0.3385582268585017,0.1603775679394641
TP,east_northeast_india,Week 6,2026-01-15,FuXi,0.8986748656445,2.0684294819842677,0.5655279169670357,2.1267972184727535,1.3860112394860347,0.6516894170481026
TP,All India,Week 1,2026-01-22,FuXi,1.2628935678965774,1.7242570766322862,0.2675723446278765,4.947574786400904,0.18477723899018714,0.0373470330348665
TP,northwest_india,Week 1,2026-01-22,FuXi,3.3305765368814817,3.532990186595098,0.057292446064983626,8.418015649125168,0.3628791548969151,0.04310744598516241
TP,central_india,Week 1,2026-01-22,FuXi,0.20534207149547032,0.3597409040544433,0.4291945420129545,1.5611627177948357,0.08458070263648111,0.05417801851939722
TP,south_peninsula,Week 1,2026-01-22,FuXi,0.4637382608490475,0.6550082018104746,0.29201152051645707,1.7438237319494763,0.155228846799594,0.0890163632685849
TP,east_northeast_india,Week 1,2026-01-22,FuXi,0.15793667813217643,2.222447236114335,0.9289356905461078,0.4617470566303032,0.061513710155023396,0.1332194959810523
TP,All India,Week 2,2026-01-22,FuXi,0.46154480206802784,0.7542081659831894,0.3880405664046931,1.480513215709773,0.5239836279472257,0.3539202638566267
TP,northwest_india,Week 2,2026-01-22,FuXi,0.9072333486284564,0.8396894183256881,-0.08043918242705561,2.2047381245985878,0.9567213967574031,0.4339387912256434
TP,central_india,Week 2,2026-01-22,FuXi,0.2908572346646999,0.24887316408016846,-0.16869665614492413,1.1477825240101127,0.4750250162608801,0.41386325921851624
TP,south_peninsula,Week 2,2026-01-22,FuXi,0.10280492140202467,0.4136095384046845,0.751444510205086,0.3038926886221496,0.08312308470702821,0.27352775443169935
TP,east_northeast_india,Week 2,2026-01-22,FuXi,0.3245645088343485,2.146115476192773,0.8487665214501279,0.9867503774753094,0.23931051371929984,0.242523863362077
TP,All India,Week 3,2026-01-22,FuXi,0.38846760221394216,0.7258627365452962,0.46481947253163547,1.121684523448382,0.7644287145840128,0.6815006346293682
TP,northwest_india,Week 3,2026-01-22,FuXi,0.48234817513640305,0.7867677538242012,0.38692432068818494,1.321556675238281,0.9283532529149221,0.7024694970024928
TP,central_india,Week 3,2026-01-22,FuXi,0.4140856841022873,0.21624020419868387,-0.9149338377511929,1.157873501695639,0.9735736553164224,0.8408290317471467
TP,south_peninsula,Week 3,2026-01-22,FuXi,0.1392962048416714,0.416995123554778,0.6659524369153134,0.2808206213733273,0.2706813687092641,0.9638942018770627
TP,east_northeast_india,Week 3,2026-01-22,FuXi,0.43494679204891906,2.1417595074259936,0.79692080714905,1.2126868406114815,0.5428845211496466,0.44767082726477364
TP,All India,Week 4,2026-01-22,FuXi,0.3360632720268151,0.7450305606323538,0.5489268631590398,1.0070919958028073,0.7822183952712688,0.7767099714140021
TP,northwest_india,Week 4,2026-01-22,FuXi,0.4148055646402371,0.828173235250949,0.49913188813141884,1.108996759870651,0.9240665565316551,0.8332454971639724
TP,central_india,Week 4,2026-01-22,FuXi,0.14426964022743607,0.23030769806089962,0.37357873209567116,0.39263594078024655,0.40874156031758263,1.0410192187330864
TP,south_peninsula,Week 4,2026-01-22,FuXi,0.2324359639525295,0.4167864180836203,0.442313967376222,0.7536592424003655,0.6639867836732228,0.8810172373902819
TP,east_northeast_india,Week 4,2026-01-22,FuXi,0.7313117023355818,2.148124483869879,0.659558043387638,1.7504104215828087,1.472983394271925,0.8415074408320649
TP,All India,Week 5,2026-01-22,FuXi,0.48505878876760156,0.7477133217390258,0.3512770540994835,1.3909106061603098,1.0718549425454316,0.7706138250712962
TP,northwest_india,Week 5,2026-01-22,FuXi,0.5051833752109834,0.7779097307760924,0.35058869271762383,1.1252887717251316,1.5186385777614728,1.3495545462817633
TP,central_india,Week 5,2026-01-22,FuXi,0.18399430715807283,0.24507384062571003,0.24922910299888412,0.4638876197080295,0.48059144119966446,1.0360083364633623
TP,south_peninsula,Week 5,2026-01-22,FuXi,0.6952795802274043,0.5564085980974903,-0.24958453662425595,2.0591534320582117,0.9777501998316254,0.4748311537204502
TP,east_northeast_india,Week 5,2026-01-22,FuXi,0.8674854325125094,2.0684294819842677,0.5806067163187401,2.1106093944514797,1.564253607255927,0.7411383704479608
TP,All India,Week 6,2026-01-22,FuXi,0.3027393013458456,0.7129712397751086,0.5753835716552351,1.4085326771677626,0.5164914123792334,0.3666875612838316
TP,northwest_india,Week 6,2026-01-22,FuXi,0.3228204570977254,0.7802553804285038,0.5862630810434943,0.8768234450609249,0.93968218738048,1.0716891669282262
TP,central_india,Week 6,2026-01-22,FuXi,0.014219704804455469,0.21617318536583968,0.9342207740502559,0.017273924014245403,0.0536141738602253,3.103763442285085
TP,south_peninsula,Week 6,2026-01-22,FuXi,0.31244013545095933,0.4582909203477867,0.31824934429454654,1.713319276295541,0.2370171863593655,0.1383380141918633
TP,east_northeast_india,Week 6,2026-01-22,FuXi,0.906120241306529,2.0181986976347024,0.5510252571421794,2.8261189106234674,0.9977105290847581,0.3530320416930561
TP,All India,Week 1,2026-01-29,FuXi,0.29011184992155264,0.7542081659831894,0.615342470412845,0.9174389673613866,0.11804414104391683,0.12866702335896998
TP,northwest_india,Week 1,2026-01-29,FuXi,0.5038752434791495,0.8396894183256881,0.3999266484936068,1.2904623212920376,0.1848684378021066,0.14325752464978014
TP,central_india,Week 1,2026-01-29,FuXi,0.11446612951024239,0.24887316408016846,0.5400623850574346,0.4078197694204951,0.08153189381702049,0.1999213866774431
TP,south_peninsula,Week 1,2026-01-29,FuXi,0.13973963556319327,0.4136095384046845,0.6621460034452373,0.46505925064171005,0.07751898602323139,0.16668625753872682
TP,east_northeast_india,Week 1,2026-01-29,FuXi,0.4117249573081527,2.146115476192773,0.808153400003174,1.1680974939626667,0.10595659173362061,0.09070868851380916
TP,All India,Week 2,2026-01-29,FuXi,0.2177652268079284,0.7258627365452962,0.6999911748543945,0.8307061843310644,0.30984584032891943,0.3729908915730853
TP,northwest_india,Week 2,2026-01-29,FuXi,0.42265523104839703,0.7867677538242012,0.4627954323318175,1.2081131943261518,0.7290720629664358,0.6034799275353413
TP,central_india,Week 2,2026-01-29,FuXi,0.03155129922875504,0.21624020419868387,0.8540914288086532,0.09882090004217631,0.08943682141942288,0.9050395349693401
TP,south_peninsula,Week 2,2026-01-29,FuXi,0.07786806458787056,0.416995123554778,0.8132638484496774,0.2791341435348722,0.06603997974191685,0.23658868422761214
TP,east_northeast_india,Week 2,2026-01-29,FuXi,0.36987388274162925,2.1417595074259936,0.8273037278652492,1.1514488513394705,0.2012605296766745,0.1747889447651538
TP,All India,Week 3,2026-01-29,FuXi,0.17714473328568422,0.7450305606323538,0.7622315880098522,0.7728247782595936,0.2487433873241845,0.32186259333500694
TP,northwest_india,Week 3,2026-01-29,FuXi,0.2379361080675402,0.828173235250949,0.7126976604170963,0.8345769592997393,0.27298580307088083,0.3270948233461088
TP,central_india,Week 3,2026-01-29,FuXi,0.054013920323998814,0.23030769806089962,0.7654706256943437,0.2764801401585575,0.1012633631829823,0.36625908510068456
TP,south_peninsula,Week 3,2026-01-29,FuXi,0.06715214293404521,0.4167864180836203,0.8388811630599431,0.20750622233529545,0.15063963872589384,0.7259523932852736
TP,east_northeast_india,Week 3,2026-01-29,FuXi,0.46261598086958095,2.148124483869879,0.7846419123550181,1.5034135088876053,0.6548897488808426,0.43560187866437616
TP,All India,Week 4,2026-01-29,FuXi,0.41942599790809615,0.7477133217390258,0.43905506868247524,1.3939947002760678,0.7433405888897571,0.5332449174609812
TP,northwest_india,Week 4,2026-01-29,FuXi,0.45304590715555265,0.7779097307760924,0.417611209589106,1.1518478095617437,1.3426876841326443,1.1656815014854363
TP,central_india,Week 4,2026-01-29,FuXi,0.1936010267649442,0.24507384062571003,0.210029816847641,0.4762771201679227,0.40577433336564406,0.8519710819251171
TP,south_peninsula,Week 4,2026-01-29,FuXi,0.5511669956368943,0.5564085980974903,0.009420419595452811,2.114197668037626,0.26210691880478276,0.12397465136174679
TP,east_northeast_india,Week 4,2026-01-29,FuXi,0.6981030093732817,2.0684294819842677,0.6624961037087986,2.0168695004041224,0.8045245001985027,0.39889764808149425
TP,All India,Week 5,2026-01-29,FuXi,0.41787245801549966,0.7129712397751086,0.41389997982624305,1.4675345785114908,0.9542001097536857,0.6502062191417143
TP,northwest_india,Week 5,2026-01-29,FuXi,0.607736124932613,0.7802553804285038,0.22110614014753227,1.2888211368137865,1.9592950277779397,1.5202226063902813
TP,central_india,Week 5,2026-01-29,FuXi,0.05912134906304489,0.21617318536583968,0.7265093311041739,0.14306658103332698,0.20318733493341765,1.4202291930502322
TP,south_peninsula,Week 5,2026-01-29,FuXi,0.3628136021635612,0.4582909203477867,0.2083334274040819,1.6916363475225387,0.49551931544561034,0.2929230718950417
TP,east_northeast_india,Week 5,2026-01-29,FuXi,0.8915026139073551,2.0181986976347024,0.558268165095844,2.6876061725447706,1.045902244165159,0.3891575539785438
TP,All India,Week 6,2026-01-29,FuXi,0.5767724227422991,0.8718010264225065,0.3384127739455376,2.1915032562002037,0.6701873654886853,0.30581171330345525
TP,northwest_india,Week 6,2026-01-29,FuXi,0.9205655832771209,1.120343680279341,0.1783185825196143,2.797951551087882,1.1937976847683633,0.42666846189820495
TP,central_india,Week 6,2026-01-29,FuXi,0.04725206650037771,0.2152450577462616,0.7804731639595642,0.14350282737563036,0.1441128399684759,1.0042508750803132
TP,south_peninsula,Week 6,2026-01-29,FuXi,0.3618087370230384,0.5139010769305364,0.29595645297325623,2.2576209024051757,0.35425181036836617,0.15691377147995086
TP,east_northeast_india,Week 6,2026-01-29,FuXi,1.303419734552366,2.274653900820744,0.42698107431549737,2.9589881103868896,1.1218649335327997,0.37913803357125186
TP,All India,Week 1,2026-02-05,FuXi,0.12206203169031661,0.7258627365452962,0.8318386858219722,0.605804195345679,0.0720363331546848,0.1189102579812608
TP,northwest_india,Week 1,2026-02-05,FuXi,0.18606235835982604,0.7867677538242012,0.7635104419881948,0.7566770975039074,0.11365078902719479,0.15019721014697146
TP,central_india,Week 1,2026-02-05,FuXi,0.012358432214360171,0.21624020419868387,0.942848591638375,0.009310326912723292,0.049999999999999996,5.370380703997737
TP,south_peninsula,Week 1,2026-02-05,FuXi,0.035260778052131576,0.416995123554778,0.9154407904065104,0.11614753440543388,0.05173810547904813,0.4454516038063017
TP,east_northeast_india,Week 1,2026-02-05,FuXi,0.34098197822688425,2.1417595074259936,0.8407935265165776,1.0937922927970551,0.05676036295415045,0.05189318239663433
TP,All India,Week 2,2026-02-05,FuXi,0.16486357538961402,0.7450305606323538,0.7787156875153094,0.8044932134235959,0.12304687505266707,0.15294955010127384
TP,northwest_india,Week 2,2026-02-05,FuXi,0.18421074332291484,0.828173235250949,0.7775697939971506,0.8093989190519061,0.08533904476697234,0.10543508615867031
TP,central_india,Week 2,2026-02-05,FuXi,0.04046606237185968,0.23030769806089962,0.8242956587531896,0.2701444591416191,0.05036905661124006,0.1864523032280105
TP,south_peninsula,Week 2,2026-02-05,FuXi,0.10855473674373228,0.4167864180836203,0.7395434879023509,0.36627952624609006,0.1721092901510484,0.46988509544869933
TP,east_northeast_india,Week 2,2026-02-05,FuXi,0.47694518189305507,2.148124483869879,0.7779713487396079,1.6064127221068676,0.3104328784092803,0.19324602833208174
TP,All India,Week 3,2026-02-05,FuXi,0.33246677526743973,0.7477133217390258,0.5553552871116552,1.3991955003412995,0.25277662634068265,0.1806585472001761
TP,northwest_india,Week 3,2026-02-05,FuXi,0.2930568710550765,0.7779097307760924,0.6232765069506145,1.0653078343464912,0.6176001028889564,0.5797386285700421
TP,central_india,Week 3,2026-02-05,FuXi,0.11349282382157387,0.24507384062571003,0.5369035571817466,0.4383850751248453,0.05976007402109423,0.13631867828546737
TP,south_peninsula,Week 3,2026-02-05,FuXi,0.5651367247228345,0.5564085980974903,-0.015686541608429527,2.162320031231966,0.08592329696110479,0.039736623497008725
TP,east_northeast_india,Week 3,2026-02-05,FuXi,0.6293992544336983,2.0684294819842677,0.6957115241705467,2.099398530932162,0.10465855196077657,0.049851683907917534
TP,All India,Week 4,2026-02-05,FuXi,0.25321812500394797,0.7129712397751086,0.6448410386317684,1.3547728509091306,0.34694177298221673,0.2560885190084809
TP,northwest_india,Week 4,2026-02-05,FuXi,0.0974477334692627,0.7802553804285038,0.8751078993960337,0.42072361902861916,0.21984207225492902,0.5225332315844492
TP,central_india,Week 4,2026-02-05,FuXi,0.02779822185144787,0.21617318536583968,0.8714076317818804,0.06823717390194839,0.1048917850681347,1.5371648482813223
TP,south_peninsula,Week 4,2026-02-05,FuXi,0.41965352445952536,0.4582909203477867,0.0843075744527958,1.7427751497069026,0.6089634466692795,0.3494216949166931
TP,east_northeast_india,Week 4,2026-02-05,FuXi,0.9014494813772725,2.0181986976347024,0.5533395782913955,2.8540410631711945,0.8516075909117733,0.2983865936271889
TP,All India,Week 5,2026-02-05,FuXi,0.5837275087235154,0.8718010264225065,0.3304349375236686,2.050782033085109,1.0413891340045809,0.507800983821747
TP,northwest_india,Week 5,2026-02-05,FuXi,0.9030180912420994,1.120343680279341,0.19398117993851194,2.5232732546541183,1.7029969694057685,0.6749157929148698
TP,central_india,Week 5,2026-02-05,FuXi,0.10090541232977934,0.2152450577462616,0.5312068328707915,0.269496325905261,0.34229392688096016,1.27012465098055
TP,south_peninsula,Week 5,2026-02-05,FuXi,0.3917500161993241,0.5139010769305364,0.23769372397661548,2.251067175322812,0.47419777771739646,0.21065465434162114
TP,east_northeast_india,Week 5,2026-02-05,FuXi,1.228574905232665,2.274653900820744,0.4598849060996185,2.803198461694707,1.8997031868878342,0.677691291874977
TP,All India,Week 6,2026-02-05,FuXi,1.8910610328899013,1.7289860438761468,-0.0937399058759345,7.778753408577166,1.2035822332502224,0.15472687846398425
TP,northwest_india,Week 6,2026-02-05,FuXi,1.1296343299123823,1.3209134775745053,0.1448082337787594,3.284930589456881,2.1221628291064523,0.6460297322316704
TP,central_india,Week 6,2026-02-05,FuXi,0.2643510803883808,0.33235259532844263,0.20460654105276455,0.8503097365143322,0.30797123084110634,0.36218711560750827
TP,south_peninsula,Week 6,2026-02-05,FuXi,0.7313196033532393,0.7065723538507559,-0.035024367097882037,1.7716286620494668,0.12436950695690537,0.07020066316438539
TP,east_northeast_india,Week 6,2026-02-05,FuXi,8.714584637987413,7.084086060791779,-0.2301635755415139,19.41937351291483,2.5868609727532537,0.13321032066419985
TP,All India,Week 1,2026-02-12,FuXi,0.17653740904893886,0.7450305606323538,0.7630467548886846,0.8148574280160524,0.10553127054904247,0.1295088771614702
TP,northwest_india,Week 1,2026-02-12,FuXi,0.20682365339610356,0.828173235250949,0.750265228828081,0.851771981574527,0.10310451273515786,0.12104708180769923
TP,central_india,Week 1,2026-02-12,FuXi,0.07493165349429075,0.23030769806089962,0.6746454672371534,0.3219021288031237,0.11538021186969417,0.35843258414814977
TP,south_peninsula,Week 1,2026-02-12,FuXi,0.13668051062445707,0.4167864180836203,0.6720610252778565,0.49112124371258864,0.13133886289847646,0.2674265562320857
TP,east_northeast_india,Week 1,2026-02-12,FuXi,0.39217112821302685,2.148124483869879,0.8174355670922178,1.5284886213897604,0.05621036118181628,0.03677512569946884
TP,All India,Week 2,2026-02-12,FuXi,0.34471570284885517,0.7477133217390258,0.5389734369756606,1.5345905798518362,0.3215801329030275,0.20955435092927252
TP,northwest_india,Week 2,2026-02-12,FuXi,0.09458685431994597,0.7779097307760924,0.8784089585489822,0.35763646595973153,0.1513100250800575,0.4230833247778889
TP,central_india,Week 2,2026-02-12,FuXi,0.11882528977307645,0.24507384062571003,0.5151449478667418,0.43624096088457687,0.07574275009637213,0.17362594732687786
TP,south_peninsula,Week 2,2026-02-12,FuXi,0.9730217254449576,0.5564085980974903,-0.7487539350972987,2.9686297597589446,1.0804816418464889,0.3639664522982566
TP,east_northeast_india,Week 2,2026-02-12,FuXi,0.6253631686706564,2.0684294819842677,0.6976628045009596,2.032167424319798,0.31087478960874826,0.15297695745359344
TP,All India,Week 3,2026-02-12,FuXi,0.2938763685840579,0.7129712397751086,0.5878145538146042,1.347716010435018,0.4477888520010559,0.3322575739502552
TP,northwest_india,Week 3,2026-02-12,FuXi,0.15336233831774737,0.7802553804285038,0.8034459714542139,0.5033572199060504,0.4401134888310067,0.8743561658123272
TP,central_india,Week 3,2026-02-12,FuXi,0.12057233235126685,0.21617318536583968,0.4422419591624335,0.28336922366525513,0.36244365446238813,1.2790508784769932
TP,south_peninsula,Week 3,2026-02-12,FuXi,0.34273599236656765,0.4582909203477867,0.2521431755478092,1.6517178221704476,0.37001637881362587,0.2240191235131217
TP,east_northeast_india,Week 3,2026-02-12,FuXi,0.9360038334237071,2.0181986976347024,0.5362181957006071,2.83945670950761,0.7563598784259292,0.2663748582231738
TP,All India,Week 4,2026-02-12,FuXi,0.5483577732355295,0.8718010264225065,0.3710058182820085,2.077190427901148,0.694555935999048,0.3343727790527356
TP,northwest_india,Week 4,2026-02-12,FuXi,0.7665100258745416,1.120343680279341,0.3158259921782003,2.512530010457341,1.001487633486022,0.3985972821489711
TP,central_india,Week 4,2026-02-12,FuXi,0.15494619360047487,0.2152450577462616,0.28014052808993706,0.31278838564976663,0.49288692651014315,1.5757839776763172
TP,south_peninsula,Week 4,2026-02-12,FuXi,0.3646226896199328,0.5139010769305364,0.2904807831931854,2.3407947739243107,0.23423687553371836,0.1000672413246307
TP,east_northeast_india,Week 4,2026-02-12,FuXi,1.1995308435993006,2.274653900820744,0.47265346909853667,2.8526562551259804,1.0578413550460612,0.37082678754063353
TP,All India,Week 5,2026-02-12,FuXi,2.0380466364249057,1.7289860438761468,-0.17875250852568358,7.8969296859734515,1.2876804127247847,0.16306089378153718
TP,northwest_india,Week 5,2026-02-12,FuXi,1.2512560094623046,1.3209134775745053,0.052734315528453424,3.4972165916532227,2.0838819177173713,0.595868703897538
TP,central_india,Week 5,2026-02-12,FuXi,0.38848825343676363,0.33235259532844263,-0.16890392582265146,0.946699472126702,0.7091391640097052,0.7490647083774831
TP,south_peninsula,Week 5,2026-02-12,FuXi,0.6866596556228041,0.7065723538507559,0.02818210777626584,1.7173940009074715,0.40672282590071696,0.23682557740728363
TP,east_northeast_india,Week 5,2026-02-12,FuXi,9.207663855718337,7.084086060791779,-0.29976736260728165,19.65309564421049,1.966989092905217,0.10008545872439503
TP,All India,Week 6,2026-02-12,FuXi,1.6817605956911594,1.570605142218346,-0.07077237332600084,5.360376832437011,0.9357223864714703,0.1745627995422215
TP,northwest_india,Week 6,2026-02-12,FuXi,1.837992840387891,1.9299217299317035,0.04763348073554563,5.703703641036162,1.2867233465408727,0.22559435544360093
TP,central_india,Week 6,2026-02-12,FuXi,0.5282391559820264,0.546269265109227,0.033005900713809044,1.7017403492134084,0.5507387600430178,0.3236326624667415
TP,south_peninsula,Week 6,2026-02-12,FuXi,0.3773133067598185,0.47905321323186684,0.21237704635289678,0.8241600913293146,0.5567806132193321,0.6755733735193155
TP,east_northeast_india,Week 6,2026-02-12,FuXi,5.599756587815734,4.484902257079719,-0.2485794041500331,10.695375692114123,1.5203916696888506,0.14215411533508454
TP,All India,Week 1,2026-02-19,FuXi,0.37111233686534784,0.7477133217390258,0.5036702890324093,1.2390083617358578,0.12648602846031667,0.10208650108148505
TP,northwest_india,Week 1,2026-02-19,FuXi,0.15782630867300249,0.7779097307760924,0.7971148805202053,0.6134197520414567,0.09149984412728593,0.1491635113195737
TP,central_india,Week 1,2026-02-19,FuXi,0.2989027275098791,0.24507384062571003,-0.2196435439487785,0.7924234238010935,0.1519945790713495,0.19180980080354326
TP,south_peninsula,Week 1,2026-02-19,FuXi,0.6308497278239141,0.5564085980974903,-0.1337886042396863,1.8018252088686635,0.11548993573912236,0.06409608166800852
TP,east_northeast_india,Week 1,2026-02-19,FuXi,0.6787511989752558,2.0684294819842677,0.6718519026695935,2.0024110262363557,0.1582929743389962,0.0790511899230383
TP,All India,Week 2,2026-02-19,FuXi,0.28493354803291565,0.7129712397751086,0.6003575850790394,1.4016982606690431,0.20345284681760148,0.1451473919361872
TP,northwest_india,Week 2,2026-02-19,FuXi,0.11602900396661193,0.7802553804285038,0.8512935548065165,0.5188004068131311,0.2000097665434579,0.38552353451700405
TP,central_india,Week 2,2026-02-19,FuXi,0.11428114591009216,0.21617318536583968,0.4713444883707987,0.2407821499958971,0.23553543930661322,0.9782097190785394
TP,south_peninsula,Week 2,2026-02-19,FuXi,0.3331971420637694,0.4582909203477867,0.27295713864260374,1.7254578444409914,0.07667494708790393,0.044437450230923985
TP,east_northeast_india,Week 2,2026-02-19,FuXi,0.9837519684941066,2.0181986976347024,0.51255940772975,2.9606744270502925,0.2954212948573569,0.09978175653433259
TP,All India,Week 3,2026-02-19,FuXi,0.5973436955095269,0.8718010264225065,0.3148164805898812,2.19710208543642,0.7105132062070023,0.32338652396566725
TP,northwest_india,Week 3,2026-02-19,FuXi,0.8662090045886409,1.120343680279341,0.22683635402605684,2.662042591869766,0.98123622833002,0.36860275313657515
TP,central_india,Week 3,2026-02-19,FuXi,0.15407168976496874,0.2152450577462616,0.2842033569635135,0.32256272264771096,0.5080988824910345,1.5751940531763124
TP,south_peninsula,Week 3,2026-02-19,FuXi,0.37497380335726765,0.5139010769305364,0.27033855309870747,2.3472592182350973,0.1161117240062328,0.04946693705756842
TP,east_northeast_india,Week 3,2026-02-19,FuXi,1.2997686492662976,2.274653900820744,0.4285861911575589,3.136395422625107,1.3214381344527035,0.42132383082828356
TP,All India,Week 4,2026-02-19,FuXi,2.0535849605294465,1.7289860438761468,-0.18773946603154412,8.00088092933596,0.76904420886551,0.0961199417486316
TP,northwest_india,Week 4,2026-02-19,FuXi,1.3957552675135205,1.3209134775745053,-0.05665911599027784,3.8089436853415064,1.3887376110631628,0.36459914500905777
TP,central_india,Week 4,2026-02-19,FuXi,0.28818531761190586,0.33235259532844263,0.13289283230326243,0.8936248920756624,0.13279619336230714,0.14860395512691627
TP,south_peninsula,Week 4,2026-02-19,FuXi,0.7297312083678966,0.7065723538507559,-0.03277633831967397,1.7547028513719833,0.17237108122266107,0.09823377279400097
TP,east_northeast_india,Week 4,2026-02-19,FuXi,9.17198753119954,7.084086060791779,-0.2947312402038207,19.809764428480275,1.6119762978853933,0.08137281509354413
TP,All India,Week 5,2026-02-19,FuXi,1.7372680698406844,1.570605142218346,-0.10611383035900501,5.305033319055928,1.3084376955125256,0.24664080634754096
TP,northwest_india,Week 5,2026-02-19,FuXi,2.2323719646295634,1.9299217299317035,-0.15671632170728667,6.022742880910666,2.1253674476680624,0.35289028432618347
TP,central_india,Week 5,2026-02-19,FuXi,0.5388891020461454,0.546269265109227,0.013510119522477604,1.7417050311479738,0.2947566135507053,0.1692345192092765
TP,south_peninsula,Week 5,2026-02-19,FuXi,0.37837111338913854,0.47905321323186684,0.21016892708743218,0.8265225314128652,0.31943097830288864,0.38647582632363375
TP,east_northeast_india,Week 5,2026-02-19,FuXi,5.08538681295054,4.484902257079719,-0.13389022133602047,10.096416866941446,3.071291949913745,0.30419623024580456
TP,All India,Week 6,2026-02-19,FuXi,1.1752047508359447,1.0910299522413258,-0.07715168444431497,4.205311835179497,1.4903195165434824,0.35438977534941124
TP,northwest_india,Week 6,2026-02-19,FuXi,1.0922325773380546,0.9787975263008393,-0.11589225349385512,2.7881404483781305,2.5892961731058715,0.9286821166459074
TP,central_india,Week 6,2026-02-19,FuXi,0.34472722735243927,0.3650363494092379,0.055635889657745574,0.851093228745507,0.35807551109898045,0.4207241921390633
TP,south_peninsula,Week 6,2026-02-19,FuXi,0.621541597275164,0.6514069996760329,0.045847530677014525,2.5482462822631695,0.10912658810898701,0.04282419202121571
TP,east_northeast_india,Week 6,2026-02-19,FuXi,3.943175315189175,3.5422353437125937,-0.11318840578682687,9.592418562855421,3.396116117020454,0.3540416939447559
TP,All India,Week 1,2026-02-26,FuXi,0.2672913025184462,0.7129712397751086,0.6251022655517529,1.3659845122342467,0.08293987693340464,0.060718021464054237
TP,northwest_india,Week 1,2026-02-26,FuXi,0.168393112200916,0.7802553804285038,0.7841820557412406,0.8044276190517283,0.11789163478032234,0.14655343997175882
TP,central_india,Week 1,2026-02-26,FuXi,0.013644640350402337,0.21617318536583968,0.936880976577595,0.016845150484730488,0.049999999999999996,2.9682133172584693
TP,south_peninsula,Week 1,2026-02-26,FuXi,0.27023567024010314,0.4582909203477867,0.41034033570853345,1.5852931748306076,0.051338415765156034,0.0323841776273601
TP,east_northeast_india,Week 1,2026-02-26,FuXi,1.0592565588548422,2.0181986976347024,0.47514753621817596,2.825913853052848,0.1211981453737226,0.04288812457704317
TP,All India,Week 2,2026-02-26,FuXi,0.5976859412669928,0.8718010264225065,0.3144239073454216,2.3930513679226233,0.317821982217995,0.13281034685598586
TP,northwest_india,Week 2,2026-02-26,FuXi,0.8347827075025015,1.120343680279341,0.25488694032320425,2.6511224888812674,0.6327875077279421,0.2386866357106603
TP,central_india,Week 2,2026-02-26,FuXi,0.021500068737095958,0.2152450577462616,0.900113531236378,0.09302205328915689,0.05197999751501275,0.5587921968722206
TP,south_peninsula,Week 2,2026-02-26,FuXi,0.38334856806482226,0.5139010769305364,0.25404210017516826,2.3826119754307427,0.05083906580710967,0.021337534743952037
TP,east_northeast_india,Week 2,2026-02-26,FuXi,1.6632310127631198,2.274653900820744,0.26879820610819505,4.001518395142939,0.5696188177532829,0.1423506682974865
TP,All India,Week 3,2026-02-26,FuXi,1.9947693042247039,1.7289860438761468,-0.1537220391627383,7.694653679370946,1.3189976859145094,0.171417420572246
TP,northwest_india,Week 3,2026-02-26,FuXi,1.421972510133555,1.3209134775745053,-0.07650692817868499,3.6786887100642605,2.714489881281518,0.7378960535190542
TP,central_india,Week 3,2026-02-26,FuXi,0.2967497131070339,0.33235259532844263,0.10712382789195518,0.9192495111189002,0.24261700027789093,0.26392943084906323
TP,south_peninsula,Week 3,2026-02-26,FuXi,0.7301652546034604,0.7065723538507559,-0.03339063667595443,1.7632569604409067,0.11186817956367374,0.0634440595293047
TP,east_northeast_india,Week 3,2026-02-26,FuXi,8.69974456255836,7.084086060791779,-0.22806872868311845,19.030099411408216,2.2329044343437783,0.11733540566820111
TP,All India,Week 4,2026-02-26,FuXi,1.446884563627529,1.570605142218346,0.07877255413545403,4.807349716103003,1.5447429043485508,0.32132942173401324
TP,northwest_india,Week 4,2026-02-26,FuXi,1.4433716001411498,1.9299217299317035,0.25210873697337555,4.711643383396686,2.411344268514866,0.511784121228737
TP,central_india,Week 4,2026-02-26,FuXi,0.5342671943579462,0.546269265109227,0.021970979364692944,1.578544376698846,0.839758719933146,0.5319829662877794
TP,south_peninsula,Week 4,2026-02-26,FuXi,0.38182628323518203,0.47905321323186684,0.20295643012340248,0.8114854604668271,0.48331842702788,0.5955971493929653
TP,east_northeast_india,Week 4,2026-02-26,FuXi,4.8653867318263915,4.484902257079719,-0.08483673733269259,10.007845119890941,2.583803364455897,0.25817779287176396
TP,All India,Week 5,2026-02-26,FuXi,1.1605869598365095,1.0910299522413258,-0.0637535270707199,4.37534363521422,1.2096022709908265,0.27645880457378147
TP,northwest_india,Week 5,2026-02-26,FuXi,0.8809508898797862,0.9787975263008393,0.09996616643571221,2.3794199482991494,1.996281261050818,0.8389781141734961
TP,central_india,Week 5,2026-02-26,FuXi,0.3649589815233489,0.3650363494092379,0.0002119457035285599,0.8591624475041939,0.5438008055367133,0.6329429400882407
TP,south_peninsula,Week 5,2026-02-26,FuXi,0.6840873571812379,0.6514069996760329,-0.050168876787412664,2.5377680362775354,0.5573997738265172,0.21964173472849227
TP,east_northeast_india,Week 5,2026-02-26,FuXi,4.18243884561961,3.5422353437125937,-0.18073432163206404,10.317825331649857,1.8244504888353714,0.1768250993006135
TP,All India,Week 6,2026-02-26,FuXi,1.8696676072783889,1.667033146628809,-0.12155394813796083,5.588353062917609,1.512245194663733,0.27060659511627366
TP,northwest_india,Week 6,2026-02-26,FuXi,2.120764961260423,1.990010987697456,-0.06570515156514589,5.077611359165034,1.703625560210511,0.33551712403815337
TP,central_india,Week 6,2026-02-26,FuXi,1.0122187095281578,0.8707941702426141,-0.1624086886642122,2.5887666915944685,1.0890511316896927,0.42068338380038656
TP,south_peninsula,Week 6,2026-02-26,FuXi,0.7216156307492702,0.6441298126939593,-0.12029534501941486,2.114482472091523,1.1364373210284788,0.5374541222393682
TP,east_northeast_india,Week 6,2026-02-26,FuXi,4.709275488913489,4.0540355938315615,-0.16162657675697556,11.509845297077115,2.5289641112802266,0.21972181606319663
TP,All India,Week 1,2026-03-05,FuXi,0.41957342390788704,0.8718010264225065,0.5187279996335465,1.7308601184492134,0.1366057041645127,0.07892359567849212
TP,northwest_india,Week 1,2026-03-05,FuXi,0.4635319035036582,1.120343680279341,0.586259188441101,1.6110843250975981,0.23921112177266396,0.148478337257842
TP,central_india,Week 1,2026-03-05,FuXi,0.02699553720248269,0.2152450577462616,0.8745823133634688,0.08729036492606158,0.0500512173767646,0.5733876518807084
TP,south_peninsula,Week 1,2026-03-05,FuXi,0.3578009839016575,0.5139010769305364,0.30375513894861683,2.305272749737892,0.05574366574485973,0.024180941604934923
TP,east_northeast_india,Week 1,2026-03-05,FuXi,1.2975337727005631,2.274653900820744,0.42956870395430924,2.7953120129291613,0.2109169008163271,0.07545379544064233
TP,All India,Week 2,2026-03-05,FuXi,1.7242814447446564,1.7289860438761468,0.0027210162558301,6.609461330825227,0.7561694714068439,0.11440712541583657
TP,northwest_india,Week 2,2026-03-05,FuXi,1.350309312542256,1.3209134775745053,-0.022254171425162728,3.563226594899864,1.3392855966419788,0.37586315688116273
TP,central_india,Week 2,2026-03-05,FuXi,0.29387615512167736,0.33235259532844263,0.11576994056189482,0.93033103840687,0.23407253688365787,0.25160134105005405
TP,south_peninsula,Week 2,2026-03-05,FuXi,0.7268933589222358,0.7065723538507559,-0.02875997760276383,1.75443462061054,0.05980698578825088,0.03408903648255537
TP,east_northeast_india,Week 2,2026-03-05,FuXi,7.050933742816373,7.084086060791779,0.004679829930199886,16.116702719650238,1.5421912234730546,0.09568900353251182
TP,All India,Week 3,2026-03-05,FuXi,1.8622150635533816,1.570605142218346,-0.1856672396495287,5.486079010044334,2.030302559684458,0.37008263205236824
TP,northwest_india,Week 3,2026-03-05,FuXi,2.599233120600251,1.9299217299317035,-0.3468075312526966,6.694573481985474,3.5347256349403193,0.5279986311976356
TP,central_india,Week 3,2026-03-05,FuXi,0.6500855997755102,0.546269265109227,-0.19004608404158518,1.724838338553617,1.161698972147749,0.6735117988633678
TP,south_peninsula,Week 3,2026-03-05,FuXi,0.362141236369517,0.47905321323186684,0.24404799640862274,0.806054489834342,0.2590484046045692,0.32137827885284537
TP,east_northeast_india,Week 3,2026-03-05,FuXi,4.889063243420772,4.484902257079719,-0.0901158962167028,9.826915966307991,2.933481630297515,0.2985149807279399
TP,All India,Week 4,2026-03-05,FuXi,1.1761917231157906,1.0910299522413258,-0.07805630881124315,4.319753143967294,1.2317100547981763,0.285134361559134
TP,northwest_india,Week 4,2026-03-05,FuXi,0.8432583222755907,0.9787975263008393,0.13847522126204248,2.286534340828869,1.488884912382828,0.6511535321368088
TP,central_india,Week 4,2026-03-05,FuXi,0.49242254509234107,0.3650363494092379,-0.3489685229683579,0.9663094927621952,1.0067536592040016,1.0418542576107752
TP,south_peninsula,Week 4,2026-03-05,FuXi,0.6645662150303806,0.6514069996760329,-0.020201218839976054,2.5100166825914836,0.40571165410627585,0.16163703489308928
TP,east_northeast_india,Week 4,2026-03-05,FuXi,4.102547736425597,3.5422353437125937,-0.15818045339859998,10.192463852130196,2.2119366982238566,0.2170168793644108
TP,All India,Week 5,2026-03-05,FuXi,1.831624224265966,1.667033146628809,-0.09873293639661851,5.556667524597703,1.3167762248782597,0.23697228942514298
TP,northwest_india,Week 5,2026-03-05,FuXi,2.150406107507785,1.990010987697456,-0.0806001176887543,5.080489641569949,1.5455335319205958,0.30420956265211524
TP,central_india,Week 5,2026-03-05,FuXi,0.9443146260579004,0.8707941702426141,-0.08442920075452798,2.5463981309468307,0.8201837395541391,0.32209564152058545
TP,south_peninsula,Week 5,2026-03-05,FuXi,0.6024493305873933,0.6441298126939593,0.06470820211262196,2.1171018075824035,0.4719246202097743,0.22291068786563573
TP,east_northeast_india,Week 5,2026-03-05,FuXi,4.6925856069380725,4.0540355938315615,-0.15750972045684541,11.424763569330674,3.003262535071819,0.2628730578840125
TP,All India,Week 6,2026-03-05,FuXi,0.7233557114060237,0.8107847673468811,0.1078326326072333,3.0557185758956416,1.0474786290433138,0.3427928989620041
TP,northwest_india,Week 6,2026-03-05,FuXi,0.5623228427527316,0.78354179779385,0.2823320410780704,1.4861260470855793,1.3821886765111597,0.930061537661459
TP,central_india,Week 6,2026-03-05,FuXi,0.21325030844570209,0.2840063432672452,0.24913540313063676,1.298350512995211,0.4326561438058505,0.33323523923269427
TP,south_peninsula,Week 6,2026-03-05,FuXi,0.335219016560457,0.3983386092226064,0.15845712969007186,1.0556487873137883,0.34490254247824226,0.3267209195170714
TP,east_northeast_india,Week 6,2026-03-05,FuXi,2.7237399977519976,2.5873052176589377,-0.05273238702641736,7.2543646741142505,2.595676909980104,0.3578089917704658
TP,All India,Week 1,2026-03-12,FuXi,2.001010933256311,1.7289860438761468,-0.15733203303962018,6.3783426697601895,0.3548320312725078,0.05563075702325799
TP,northwest_india,Week 1,2026-03-12,FuXi,1.5675040135211538,1.3209134775745053,-0.1866818229453182,3.717349654865008,0.4396302558900973,0.11826443480094477
TP,central_india,Week 1,2026-03-12,FuXi,0.6292478501490825,0.33235259532844263,-0.8933140856843238,1.9520453637586916,0.21705282622074776,0.11119251132709815
TP,south_peninsula,Week 1,2026-03-12,FuXi,0.7150562382162234,0.7065723538507559,-0.012007099229443652,1.7686451267057066,0.15035523847824442,0.08501153578405939
TP,east_northeast_india,Week 1,2026-03-12,FuXi,7.682779955651694,7.084086060791779,-0.0845125101138311,15.177372561349685,0.7389188748571464,0.04868555949788428
TP,All India,Week 2,2026-03-12,FuXi,2.356913166006117,1.570605142218346,-0.5006401689715454,6.144213105127288,1.3359760897210013,0.21743648321802866
TP,northwest_india,Week 2,2026-03-12,FuXi,3.170631552450111,1.9299217299317035,-0.6428809019950845,7.296549000886347,2.433635706236629,0.33353242826725393
TP,central_india,Week 2,2026-03-12,FuXi,0.724822317700332,0.546269265109227,-0.32685904918228026,1.8793743113134802,0.7203987481770523,0.3833183968943213
TP,south_peninsula,Week 2,2026-03-12,FuXi,0.4014877076013302,0.47905321323186684,0.16191417464304558,0.8499103737570549,0.38845541423842406,0.4570545627314148
TP,east_northeast_india,Week 2,2026-03-12,FuXi,6.742553562742185,4.484902257079719,-0.5033891880472114,11.322463698657069,1.5243243651620264,0.13462832875700215
TP,All India,Week 3,2026-03-12,FuXi,1.5833441619887496,1.0910299522413258,-0.4512380331411181,4.702761245574629,2.4481128466817483,0.5205692398238291
TP,northwest_india,Week 3,2026-03-12,FuXi,1.6438044747842322,0.9787975263008393,-0.6794121670869437,3.8327150059811483,4.070428934697458,1.0620223336056411
TP,central_india,Week 3,2026-03-12,FuXi,0.6696420831390403,0.3650363494092379,-0.8344531557549424,1.4233676675409412,1.3674892498735556,0.960742105541906
TP,south_peninsula,Week 3,2026-03-12,FuXi,0.7438702944120931,0.6514069996760329,-0.14194396864332948,2.5434892505642464,0.6561304563164271,0.2579647058350537
TP,east_northeast_india,Week 3,2026-03-12,FuXi,4.583882312448105,3.5422353437125937,-0.29406486798919684,10.184070489080915,3.6040910420369436,0.35389494268535876
TP,All India,Week 4,2026-03-12,FuXi,1.8846813086808452,1.667033146628809,-0.13056018861543306,5.6219578121317975,1.6233230644956986,0.2887469310055439
TP,northwest_india,Week 4,2026-03-12,FuXi,2.3644201456742793,1.990010987697456,-0.18814426668569983,5.315574539454264,2.7051086946911176,0.5089024101934321
TP,central_india,Week 4,2026-03-12,FuXi,0.9582763244182336,0.8707941702426141,-0.10046249408312646,2.583509197925255,0.6797260309447618,0.26310184283091814
TP,south_peninsula,Week 4,2026-03-12,FuXi,0.6488346083875952,0.6441298126939593,-0.0073041110672380505,2.1605163993825887,0.3183589205599872,0.14735316086976463
TP,east_northeast_india,Week 4,2026-03-12,FuXi,4.491732766664997,4.0540355938315615,-0.10796579425681796,11.376342928281817,3.040720340263186,0.26728451835817063
TP,All India,Week 5,2026-03-12,FuXi,0.7451026563200431,0.8107847673468811,0.08101053901366273,3.0030591404734994,1.4033379970110305,0.4673028173496986
TP,northwest_india,Week 5,2026-03-12,FuXi,0.5912750934904071,0.78354179779385,0.24538155442988674,1.6592391045021018,1.6885709634542303,1.017677897581211
TP,central_india,Week 5,2026-03-12,FuXi,0.24369445456001207,0.2840063432672452,0.14194009980016653,1.3124083983170738,0.5249017605039531,0.39995306428779687
TP,south_peninsula,Week 5,2026-03-12,FuXi,0.4372965367483194,0.3983386092226064,-0.09780103315052213,1.020759210136603,0.9324218329713725,0.9134591426773325
TP,east_northeast_india,Week 5,2026-03-12,FuXi,2.609911986292587,2.5873052176589377,-0.008737573162745926,7.021453212704208,3.373722631132425,0.4804878034404912
TP,All India,Week 6,2026-03-12,FuXi,1.115879015747954,1.1667367567664988,0.04358973069425909,5.01305100716959,1.8145995478786305,0.36197508169843423
TP,northwest_india,Week 6,2026-03-12,FuXi,0.8145003820963711,0.9362689918050346,0.1300572920543973,2.0570561782835743,2.211458208724932,1.075059705258119
TP,central_india,Week 6,2026-03-12,FuXi,0.35186246834537876,0.3363430594743895,-0.0461416058212758,0.8371785700583676,0.6730570540256798,0.8039587706822867
TP,south_peninsula,Week 6,2026-03-12,FuXi,0.45301984900637443,0.47687279106194813,0.05001950730394067,1.3810761726726948,0.7046422896086214,0.5102124731070982
TP,east_northeast_india,Week 6,2026-03-12,FuXi,4.344887787970018,4.426153658448189,0.018360381665254333,12.470055641199668,4.937638830345819,0.3959596470469958
TP,All India,Week 1,2026-03-19,FuXi,1.5339389777502215,1.570605142218346,0.023345246671188646,4.531376169805287,0.2513628530758152,0.055471636795630726
TP,northwest_india,Week 1,2026-03-19,FuXi,1.7431527741730943,1.9299217299317035,0.09677540433995668,4.47099294132865,0.3531554840807395,0.07898815514027446
TP,central_india,Week 1,2026-03-19,FuXi,0.4438983501923451,0.546269265109227,0.18740010001553498,1.3400669413624196,0.13080118060798973,0.0976079452232489
TP,south_peninsula,Week 1,2026-03-19,FuXi,0.375169510331623,0.47905321323186684,0.21685211586288433,0.7881763348357199,0.07064726653864757,0.08963383371992846
TP,east_northeast_india,Week 1,2026-03-19,FuXi,5.009871529691371,4.484902257079719,-0.11705255600229703,9.450799043389223,0.5294185117595316,0.056018386310928564
TP,All India,Week 2,2026-03-19,FuXi,1.9132318959783627,1.0910299522413258,-0.7536016239040644,5.572860665146721,1.4330768964336638,0.25715283093228636
TP,northwest_india,Week 2,2026-03-19,FuXi,2.5326744655485394,0.9787975263008393,-1.5875366431709867,6.079850454526129,2.7165196337530273,0.4468069821899519
TP,central_india,Week 2,2026-03-19,FuXi,0.7856366317255067,0.3650363494092379,-1.1522147944908872,1.8043929531105847,0.7762579488752056,0.4302044892921013
TP,south_peninsula,Week 2,2026-03-19,FuXi,0.6403129228632313,0.6514069996760329,0.01703094504406477,2.539755069112341,0.1100927175560003,0.04334776959200177
TP,east_northeast_india,Week 2,2026-03-19,FuXi,4.7210358095719025,3.5422353437125937,-0.33278434419995806,10.597311789368161,1.7771193915535932,0.16769530111744968
TP,All India,Week 3,2026-03-19,FuXi,1.9523249253649593,1.667033146628809,-0.17113743617701127,5.4613871945696655,2.149414222243266,0.39356561724472844
TP,northwest_india,Week 3,2026-03-19,FuXi,2.4333717895186675,1.990010987697456,-0.22279314263194205,5.380977725710952,3.268765066734619,0.6074667529501321
TP,central_india,Week 3,2026-03-19,FuXi,1.017774206149452,0.8707941702426141,-0.16878849322783984,2.5575904157580296,1.3831616525935169,0.5408065513819067
TP,south_peninsula,Week 3,2026-03-19,FuXi,0.6290288936828917,0.6441298126939593,0.02344390635780491,2.1327037791073953,0.43128584365441835,0.20222491650243396
TP,east_northeast_india,Week 3,2026-03-19,FuXi,4.683955461380079,4.0540355938315615,-0.15538094152576631,10.788799480142721,3.5936445560011236,0.33309030931712014
TP,All India,Week 4,2026-03-19,FuXi,0.5857664609684423,0.8107847673468811,0.2775314922538109,2.871548294123434,0.7901675514396833,0.27517125623718236
TP,northwest_india,Week 4,2026-03-19,FuXi,0.27795809328618926,0.78354179779385,0.6452542875583517,0.8779089294408353,0.5773290294777179,0.6576183589400724
TP,central_india,Week 4,2026-03-19,FuXi,0.17126142663260785,0.2840063432672452,0.3969802763473712,1.2965469613657274,0.24184933903198097,0.18653342010630078
TP,south_peninsula,Week 4,2026-03-19,FuXi,0.3243992033025351,0.3983386092226064,0.18561948103491832,0.9936200592265084,0.33591662556813195,0.338073514568163
TP,east_northeast_india,Week 4,2026-03-19,FuXi,2.5305145861881235,2.5873052176589377,0.021949722469233768,6.971821220004088,3.0732969016284346,0.44081694074573996
TP,All India,Week 5,2026-03-19,FuXi,0.9968518415539871,1.1667367567664988,0.1456068939520957,4.970768571997425,1.361977903551129,0.27399744804531095
TP,northwest_india,Week 5,2026-03-19,FuXi,0.5669419405362558,0.9362689918050346,0.394466819366465,1.7158220201401966,1.389020560975146,0.8095365047603549
TP,central_india,Week 5,2026-03-19,FuXi,0.31084929345211254,0.3363430594743895,0.07579691420455248,0.8110090865645019,0.5311980610782437,0.6549841054536644
TP,south_peninsula,Week 5,2026-03-19,FuXi,0.5599758815243441,0.47687279106194813,-0.17426678984417143,1.386075372454308,1.252471971986484,0.903610291963233
TP,east_northeast_india,Week 5,2026-03-19,FuXi,4.047102902970623,4.426153658448189,0.08563886044807145,12.472427550785197,3.3376443001927774,0.26760181902060093
TP,All India,Week 6,2026-03-19,FuXi,1.3170702717020701,1.3880305368881185,0.05112298562619311,5.715339553253932,1.142074626758813,0.1998262073700577
TP,northwest_india,Week 6,2026-03-19,FuXi,0.6395395412609651,0.9103302482085015,0.29746425264945675,1.8117413134202462,0.6907445656288684,0.38126004000254604
TP,central_india,Week 6,2026-03-19,FuXi,0.227918093433687,0.2776442474565739,0.1791002496122832,0.6264269023584103,0.3550396937696538,0.5667695503385609
TP,south_peninsula,Week 6,2026-03-19,FuXi,0.8354787080255704,0.7005473042244479,-0.19260855475063243,3.063776750126578,0.9394193973275079,0.3066213611317131
TP,east_northeast_india,Week 6,2026-03-19,FuXi,5.885062284017342,5.824300575264755,-0.010432447290003477,14.12644862284994,4.178521402061334,0.29579418816576836
TP,All India,Week 1,2026-03-26,FuXi,1.6152108045962532,1.0910299522413258,-0.4804458862729586,4.193026748158807,0.4695557445073709,0.11198491512451163
TP,northwest_india,Week 1,2026-03-26,FuXi,1.8057813388126736,0.9787975263008393,-0.8448977345061821,3.5005212658717504,0.6898555770511324,0.19707224286190264
TP,central_india,Week 1,2026-03-26,FuXi,0.7613180634844827,0.3650363494092379,-1.085595214604171,1.968654673690696,0.3953020714890155,0.20079807635735875
TP,south_peninsula,Week 1,2026-03-26,FuXi,0.6015848862225648,0.6514069996760329,0.07648384723874069,2.4100217270863333,0.08211891473632713,0.0340739312900748
TP,east_northeast_india,Week 1,2026-03-26,FuXi,4.411611527338934,3.5422353437125937,-0.24543151407753516,8.67114987396235,0.6401982013373978,0.07383083104811498
TP,All India,Week 2,2026-03-26,FuXi,2.4972681338110223,1.667033146628809,-0.49803148117430807,6.017584211617918,2.354288915008761,0.3912348929763918
TP,northwest_india,Week 2,2026-03-26,FuXi,3.2226013967501976,1.990010987697456,-0.6193887454254268,6.6376086440757325,3.1544493757912453,0.4752388314738452
TP,central_india,Week 2,2026-03-26,FuXi,1.4778886920854328,0.8707941702426141,-0.697173387912869,3.167104438894501,1.9847935738199989,0.6266902819639267
TP,south_peninsula,Week 2,2026-03-26,FuXi,0.9989915130872955,0.6441298126939593,-0.550916435476243,2.216379964233491,1.1737134593131642,0.5295632870959827
TP,east_northeast_india,Week 2,2026-03-26,FuXi,5.1069369774948274,4.0540355938315615,-0.2597168572632449,10.855827212158498,2.9200916418635745,0.26898840454950124
TP,All India,Week 3,2026-03-26,FuXi,0.9078991098526857,0.8107847673468811,-0.11977820306564269,3.160690635592281,1.5239043869155895,0.48214284870370605
TP,northwest_india,Week 3,2026-03-26,FuXi,0.7212455982302447,0.78354179779385,0.07950590477624453,1.9040148199747216,1.9787469995321412,1.0392497888007046
TP,central_india,Week 3,2026-03-26,FuXi,0.5198680937780514,0.2840063432672452,-0.8304805723612456,1.5706519164324948,1.3262231374779827,0.8443774993063414
TP,south_peninsula,Week 3,2026-03-26,FuXi,0.3675403932865919,0.3983386092226064,0.07731667285809929,1.0467587243677312,0.5953195210130736,0.5687265910992638
TP,east_northeast_india,Week 3,2026-03-26,FuXi,2.874707814685941,2.5873052176589377,-0.11108182949016454,7.2215352180357115,2.137728684297808,0.2960213610755303
TP,All India,Week 4,2026-03-26,FuXi,1.065784659709769,1.1667367567664988,0.08652517071332266,5.347878067248047,1.0188884353948942,0.19052200191976362
TP,northwest_india,Week 4,2026-03-26,FuXi,0.6079442899123316,0.9362689918050346,0.35067347606986876,1.9724793502780709,1.243437381064122,0.6303931044392571
TP,central_india,Week 4,2026-03-26,FuXi,0.32532353052919044,0.3363430594743895,0.032762765975963726,0.8275305595097034,0.4762816954402034,0.5755457486940319
TP,south_peninsula,Week 4,2026-03-26,FuXi,0.45186019151153944,0.47687279106194813,0.05245130361643846,1.4547063787895473,0.5181398801623105,0.35618176129361007
TP,east_northeast_india,Week 4,2026-03-26,FuXi,4.5218046448639635,4.426153658448189,-0.021610407996840886,13.390821746502477,2.3915152951846044,0.17859361736401574
TP,All India,Week 5,2026-03-26,FuXi,1.2834234219786183,1.3880305368881185,0.07536369851345137,5.465609944418277,1.429346530522015,0.2615163806158043
TP,northwest_india,Week 5,2026-03-26,FuXi,0.6418053154661083,0.9103302482085015,0.29497529415378754,1.827865249860134,1.0521849809761368,0.5756359671790077
TP,central_india,Week 5,2026-03-26,FuXi,0.23111861444969944,0.2776442474565739,0.1675728326197412,0.5788944076663026,0.5085028395049622,0.878403440715363
TP,south_peninsula,Week 5,2026-03-26,FuXi,0.7711071941200336,0.7005473042244479,-0.10072109259445394,2.9689175629088376,0.7275156313077683,0.24504406602484946
TP,east_northeast_india,Week 5,2026-03-26,FuXi,5.72700914954592,5.824300575264755,0.016704396426932666,13.473134703419852,5.230746211882024,0.38823527909613464
TP,All India,Week 6,2026-03-26,FuXi,1.8078804192977473,1.7102428819761466,-0.05708986621174117,4.956280423172446,1.3752189315326342,0.27746996015459024
TP,northwest_india,Week 6,2026-03-26,FuXi,1.9094294086486077,1.7805817670974766,-0.07236266479419551,5.1927906502991235,0.9758196198757499,0.18791815145090418
TP,central_india,Week 6,2026-03-26,FuXi,0.851738263699147,0.8109430604583053,-0.05030587871087544,2.7392738778670074,0.2842271646433247,0.10376003908913413
TP,south_peninsula,Week 6,2026-03-26,FuXi,0.9013422310923824,0.7155527176113303,-0.2596447597896878,2.7939224391467197,1.6049993965912586,0.5744609707495799
TP,east_northeast_india,Week 6,2026-03-26,FuXi,4.899112320808648,4.8494442202637655,-0.010242019144655945,8.897403241694706,4.454709341813708,0.5006752218375584
TP,All India,Week 1,2026-01-01,ECMWF,0.14526030494462,0.7355081921984399,0.8025034846852817,0.5495165609767303,0.2262138820326778,0.4116598080876711
TP,northwest_india,Week 1,2026-01-01,ECMWF,0.1417241393149195,0.7566478769074196,0.8126947241374995,0.4492186460948903,0.16864378095692162,0.3754158079210681
TP,central_india,Week 1,2026-01-01,ECMWF,0.031442561402154505,0.21484834490935042,0.8536522987160042,0.0973701701927644,0.06822818590645664,0.7007093216678664
TP,south_peninsula,Week 1,2026-01-01,ECMWF,0.28417776917813586,0.48815710512057614,0.41785591933985433,0.9826038191399716,0.6272063955548575,0.638310561528066
TP,east_northeast_india,Week 1,2026-01-01,ECMWF,0.24020666234547475,2.1869287431773015,0.8901625564642367,0.6028479365979935,0.21398279099239256,0.3549531780766234
TP,All India,Week 2,2026-01-01,ECMWF,0.36553427735505445,0.9081541442463744,0.5974975397393681,1.6467307708300782,0.9860394039683086,0.5987860441031714
TP,northwest_india,Week 2,2026-01-01,ECMWF,0.2575933871842811,0.7838251901206427,0.6713637295266901,0.33971550792394123,0.9781341193347848,2.8792742648468637
TP,central_india,Week 2,2026-01-01,ECMWF,0.07259028235771216,0.21507911235834629,0.6624949695869653,0.07950874957393565,0.28792242754510255,3.6212672075462815
TP,south_peninsula,Week 2,2026-01-01,ECMWF,1.3020462749948558,1.3126634299141042,0.008088253757433606,3.7873358870357383,2.8468976043518888,0.7516887039507053
TP,east_northeast_india,Week 2,2026-01-01,ECMWF,0.10532164271233983,2.2601200902688245,0.9533999794233002,0.2993662229993919,0.2829657317664445,0.9452159596743126
TP,All India,Week 3,2026-01-01,ECMWF,0.4395981353260826,0.7423688529518869,0.4078440473652616,0.8549653707471994,1.4977885843051428,1.751870468152583
TP,northwest_india,Week 3,2026-01-01,ECMWF,0.7106782864712581,0.8107850069877364,0.12346888466573791,1.361277850746832,2.1951403370079325,1.612558623357915
TP,central_india,Week 3,2026-01-01,ECMWF,0.21301513566633587,0.215967756589073,0.013671582135083016,0.2490635935321739,0.8444457080947553,3.3904823106379465
TP,south_peninsula,Week 3,2026-01-01,ECMWF,0.4416934321094134,0.4058960304215757,-0.08819352495430288,0.5137077738428021,1.7559891271263344,3.4182646565587667
TP,east_northeast_india,Week 3,2026-01-01,ECMWF,0.3626933562354524,2.2145537982401033,0.8362228289402212,0.6244698953428169,1.1463665663799791,1.8357435241144093
TP,All India,Week 4,2026-01-01,ECMWF,1.6196569636373825,1.7242570766322862,0.06066387339363699,5.555405590143453,2.5298545130597243,0.4553861049404312
TP,northwest_india,Week 4,2026-01-01,ECMWF,3.6277568082336598,3.532990186595098,-0.026823346976203366,9.356379102393367,3.760008994335693,0.4018658236468722
TP,central_india,Week 4,2026-01-01,ECMWF,0.5793599828070634,0.3597409040544433,-0.6104923745879696,1.7448169986974795,1.7739988026294091,1.0167248507744446
TP,south_peninsula,Week 4,2026-01-01,ECMWF,0.5097754637100623,0.6550082018104746,0.22172659471893919,2.425313854274445,0.9375296870380196,0.3865601498897512
TP,east_northeast_india,Week 4,2026-01-01,ECMWF,0.9920750629425527,2.222447236114335,0.5536114213100198,1.3121547344100641,3.5517669281596675,2.7068201904987355
TP,All India,Week 5,2026-01-01,ECMWF,0.6131070408079299,0.7542081659831894,0.1870851199168858,1.1495052223707467,2.0252173459064564,1.7618165681140932
TP,northwest_india,Week 5,2026-01-01,ECMWF,0.903479701226043,0.8396894183256881,-0.07596890172505755,1.6480199031295883,2.8259633347949995,1.714762867504511
TP,central_india,Week 5,2026-01-01,ECMWF,0.3860003693935618,0.24887316408016846,-0.5509923330633637,0.5240209077419351,1.4178539803082753,2.705720247724403
TP,south_peninsula,Week 5,2026-01-01,ECMWF,0.24742524868747967,0.4136095384046845,0.40179027388533417,0.34527691792317405,0.8946170358120551,2.591013153132675
TP,east_northeast_india,Week 5,2026-01-01,ECMWF,0.9529222982125948,2.146115476192773,0.555978087487125,1.470823687834983,3.071118027534258,2.0880259496329368
TP,All India,Week 6,2026-01-01,ECMWF,0.583048509619574,0.7258627365452962,0.19675101053601218,1.098929028085573,2.0267715287642014,1.8443152168752956
TP,northwest_india,Week 6,2026-01-01,ECMWF,0.9348982489411236,0.7867677538242012,-0.18827728309518554,1.6439578683366942,3.1237250328360395,1.9001247495451499
TP,central_india,Week 6,2026-01-01,ECMWF,0.32406358752899667,0.21624020419868387,-0.49862782792807336,0.3928911691014507,1.2787964851159699,3.2548364170174677
TP,south_peninsula,Week 6,2026-01-01,ECMWF,0.23536124132050126,0.416995123554778,0.4355779527729098,0.2646422394213666,0.9119021624737469,3.4457921927640776
TP,east_northeast_india,Week 6,2026-01-01,ECMWF,0.8390441204585259,2.1417595074259936,0.6082454087168243,1.3285411620664473,2.7274598075463574,2.0529735061456402
TP,All India,Week 1,2026-01-08,ECMWF,0.27060289680438976,0.9081541442463744,0.7020297726781308,1.5516244896883848,0.6140669504013418,0.39575744935855317
TP,northwest_india,Week 1,2026-01-08,ECMWF,0.033632849611797126,0.7838251901206427,0.9570913897183879,0.16710268854393248,0.06497692758754677,0.38884429780113244
TP,central_india,Week 1,2026-01-08,ECMWF,0.06834072686161759,0.21507911235834629,0.6822530737073429,0.17001797220628143,0.25230643610326353,1.483998619846743
TP,south_peninsula,Week 1,2026-01-08,ECMWF,1.2333178107718592,1.3126634299141042,0.0604462784092622,3.586016284686881,2.674341789431346,0.7457695607383057
TP,east_northeast_india,Week 1,2026-01-08,ECMWF,0.05237806814527955,2.2601200902688245,0.9768250951041059,0.18459645875740757,0.07623192938689481,0.41296528600842264
TP,All India,Week 2,2026-01-08,ECMWF,0.27061246830217284,0.7423688529518869,0.635474377425542,0.8324782318929107,0.7741694125858533,0.9299575447462772
TP,northwest_india,Week 2,2026-01-08,ECMWF,0.589164293170428,0.8107850069877364,0.27334091270469263,1.3725458981193701,1.6602188390972457,1.2095907622266318
TP,central_india,Week 2,2026-01-08,ECMWF,0.08447487783208196,0.215967756589073,0.6088542143223059,0.16638347421635669,0.33339283159885724,2.003761690691288
TP,south_peninsula,Week 2,2026-01-08,ECMWF,0.06687622567295937,0.4058960304215757,0.8352380396440444,0.3198351075528409,0.11738842952415861,0.3670279676997764
TP,east_northeast_india,Week 2,2026-01-08,ECMWF,0.25373532089829703,2.2145537982401033,0.885423726847395,0.5895032317669977,0.663459670427316,1.1254555270861513
TP,All India,Week 3,2026-01-08,ECMWF,1.512736222279406,1.7242570766322862,0.12267361823215472,5.4282276544667285,2.321360794955757,0.42764617527519827
TP,northwest_india,Week 3,2026-01-08,ECMWF,3.4852710550493065,3.532990186595098,0.013506726321190432,9.13197590146367,3.9168700555175944,0.42891813313806487
TP,central_india,Week 3,2026-01-08,ECMWF,0.5060351697791706,0.3597409040544433,-0.40666564206606615,1.7366967455844413,1.4814027247083044,0.8530002307396366
TP,south_peninsula,Week 3,2026-01-08,ECMWF,0.47974968629594683,0.6550082018104746,0.26756690226184143,2.4463872306622805,0.7114791559955408,0.29082851115231284
TP,east_northeast_india,Week 3,2026-01-08,ECMWF,0.7903731941314766,2.222447236114335,0.6443680725967007,1.1584661991866412,2.759324518641569,2.3818774519091623
TP,All India,Week 4,2026-01-08,ECMWF,0.7292773891663568,0.7542081659831894,0.033055564685291805,1.289518666105525,2.5015930763437138,1.9399432843409508
TP,northwest_india,Week 4,2026-01-08,ECMWF,1.1732926987244532,0.8396894183256881,-0.39729365777165393,1.9197550218431867,3.895268244113086,2.0290444352494403
TP,central_india,Week 4,2026-01-08,ECMWF,0.43940970101947335,0.24887316408016846,-0.7655969563593774,0.5745615843201806,1.6436868658147337,2.8607670799284968
TP,south_peninsula,Week 4,2026-01-08,ECMWF,0.2769609572790658,0.4136095384046845,0.3303806330305632,0.37517747314957617,1.014979340501453,2.705331244919388
TP,east_northeast_india,Week 4,2026-01-08,ECMWF,0.9847433386727814,2.146115476192773,0.5411508142983413,1.4781204880113887,3.2680093871469125,2.2109221904795984
TP,All India,Week 5,2026-01-08,ECMWF,0.6927775702603137,0.7258627365452962,0.04558047220118988,1.3314365283308096,2.3360924100444334,1.7545653587956889
TP,northwest_india,Week 5,2026-01-08,ECMWF,1.1510194745645226,0.7867677538242012,-0.46297235616205934,2.036694407501501,3.6682190158886754,1.8010650013953906
TP,central_india,Week 5,2026-01-08,ECMWF,0.40938975011319734,0.21624020419868387,-0.8932175523523163,0.5114247812993754,1.581818789961114,3.0929646896307834
TP,south_peninsula,Week 5,2026-01-08,ECMWF,0.20618045895606382,0.416995123554778,0.5055566664702754,0.24736233104846528,0.7738614583020877,3.128453127935904
TP,east_northeast_india,Week 5,2026-01-08,ECMWF,0.945022010396334,2.1417595074259936,0.5587637140772732,1.4722829358617215,3.0942200868116623,2.1016477277858465
TP,All India,Week 6,2026-01-08,ECMWF,0.7420700018822829,0.7450305606323538,0.0039737413557346946,1.521148794412006,2.380145387137769,1.5647025431577224
TP,northwest_india,Week 6,2026-01-08,ECMWF,1.247907487110674,0.828173235250949,-0.5068193875313287,2.3117922258010415,3.754107757588435,1.6238949658582003
TP,central_india,Week 6,2026-01-08,ECMWF,0.4131943022975433,0.23030769806089962,-0.7940967921457991,0.5410614608466654,1.565439804495529,2.893275381406565
TP,south_peninsula,Week 6,2026-01-08,ECMWF,0.27528616984114035,0.4167864180836203,0.33950302145904054,0.32238836202459564,1.0706406497001222,3.3209655676666174
TP,east_northeast_india,Week 6,2026-01-08,ECMWF,0.9696507160338677,2.148124483869879,0.5486059009545727,1.7503155549127234,2.870502919015742,1.6399916637653802
TP,All India,Week 1,2026-01-15,ECMWF,0.11446218895804237,0.7423688529518869,0.8458149361966016,0.5124003723460953,0.14316840466968883,0.2794073002214512
TP,northwest_india,Week 1,2026-01-15,ECMWF,0.24658832617437512,0.8107850069877364,0.6958647186995838,0.7888055739895324,0.31405844212211514,0.39814429877023505
TP,central_india,Week 1,2026-01-15,ECMWF,0.012571253318448869,0.215967756589073,0.9417910640134652,0.00932668172090738,0.052340139517057946,5.611871519077188
TP,south_peninsula,Week 1,2026-01-15,ECMWF,0.06016651366145098,0.4058960304215757,0.8517686571140884,0.30491222309809385,0.06992404779460218,0.22932517130383057
TP,east_northeast_india,Week 1,2026-01-15,ECMWF,0.12628329258582321,2.2145537982401033,0.9429757395434782,0.5364843910682091,0.06862374297616831,0.1279137736692202
TP,All India,Week 2,2026-01-15,ECMWF,1.1668562806564853,1.7242570766322862,0.32327012226302254,4.615238710096596,1.8955143271453836,0.41070775450869595
TP,northwest_india,Week 2,2026-01-15,ECMWF,2.976835657841548,3.532990186595098,0.15741751303576113,7.700334847998156,4.676326074673061,0.6072886656206591
TP,central_india,Week 2,2026-01-15,ECMWF,0.254962560749921,0.3597409040544433,0.2912605770531591,1.642626934638748,0.5113536933091031,0.31130239163012485
TP,south_peninsula,Week 2,2026-01-15,ECMWF,0.4310956939085905,0.6550082018104746,0.3418468765474677,2.381519382175652,0.6414486587073088,0.26934429486830774
TP,east_northeast_india,Week 2,2026-01-15,ECMWF,0.21301922483899713,2.222447236114335,0.9041510541274158,0.5217974393091678,0.5454316353880775,1.0452938138412486
TP,All India,Week 3,2026-01-15,ECMWF,0.6583646928877636,0.7542081659831894,0.12707827549239514,1.458901433850633,2.0966552129186597,1.4371465845946396
TP,northwest_india,Week 3,2026-01-15,ECMWF,1.265391693727984,0.8396894183256881,-0.5069758724018838,2.350715850071014,3.8323869926714913,1.630306356489542
TP,central_india,Week 3,2026-01-15,ECMWF,0.2913699650933149,0.24887316408016846,-0.17075686392389477,0.45193550671565064,1.0561660647371136,2.3369840365334107
TP,south_peninsula,Week 3,2026-01-15,ECMWF,0.21152969989699727,0.4136095384046845,0.48857634977936115,0.324238131896432,0.7764315003443143,2.394633523833408
TP,east_northeast_india,Week 3,2026-01-15,ECMWF,0.7272177287246574,2.146115476192773,0.6611469714506008,1.2738075642797335,2.326149776324288,1.8261390821929957
TP,All India,Week 4,2026-01-15,ECMWF,0.6623764893505297,0.7258627365452962,0.08746315797519211,1.5418249903118462,2.149992188061992,1.3944463227484327
TP,northwest_india,Week 4,2026-01-15,ECMWF,1.2345355598125216,0.7867677538242012,-0.5691232308541863,2.4798211184959307,3.742853057207905,1.5093238094036527
TP,central_india,Week 4,2026-01-15,ECMWF,0.26996832979815966,0.21624020419868387,-0.24846501509085606,0.28937185782614105,1.0777573565285712,3.724471911764495
TP,south_peninsula,Week 4,2026-01-15,ECMWF,0.20743074237789916,0.416995123554778,0.5025583498204859,0.2232502386396497,0.8132060522004655,3.6425764073339644
TP,east_northeast_india,Week 4,2026-01-15,ECMWF,0.8755524004317444,2.1417595074259936,0.5911994799621552,1.50838146135773,2.784689920861979,1.8461443555235777
TP,All India,Week 5,2026-01-15,ECMWF,0.6298332771772747,0.7450305606323538,0.1546208834135664,1.3923418258636713,1.9684286429677929,1.4137538687719693
TP,northwest_india,Week 5,2026-01-15,ECMWF,1.0836923790150848,0.828173235250949,-0.30853344794064697,2.112955885423983,3.166481554441572,1.4986027755170999
TP,central_india,Week 5,2026-01-15,ECMWF,0.3009584447283336,0.23030769806089962,-0.3067667614338796,0.40668938226119167,1.1393187075370264,2.8014468959145624
TP,south_peninsula,Week 5,2026-01-15,ECMWF,0.23002171759320847,0.4167864180836203,0.44810649384678614,0.2618804745184089,0.8958400867719669,3.4207975543781663
TP,east_northeast_india,Week 5,2026-01-15,ECMWF,0.88759960518985,2.148124483869879,0.5868025285057847,1.6735347567539065,2.5810942073023075,1.5423009273549602
TP,All India,Week 6,2026-01-15,ECMWF,0.700258537365838,0.7477133217390258,0.06346654926893358,1.5967935418835157,2.0073568262120767,1.2571173251642016
TP,northwest_india,Week 6,2026-01-15,ECMWF,0.9304742997678713,0.7779097307760924,-0.1961211731335084,1.7530933203102952,2.967731651509317,1.6928543490109427
TP,central_india,Week 6,2026-01-15,ECMWF,0.3156918395397946,0.24507384062571003,-0.2881498846787822,0.4715148060122744,1.1188885334335774,2.3729658521146217
TP,south_peninsula,Week 6,2026-01-15,ECMWF,0.7172335389456868,0.5564085980974903,-0.28904107772255827,2.066751475496943,1.4150611464871707,0.6846789095176159
TP,east_northeast_india,Week 6,2026-01-15,ECMWF,1.0551082924424096,2.0684294819842677,0.48989883308459115,2.1406076088360524,2.6771110010601076,1.2506313581290953
TP,All India,Week 1,2026-01-22,ECMWF,0.694947040109491,1.7242570766322862,0.5969585686916135,2.9244554602193165,0.9220857301913951,0.3153016835900945
TP,northwest_india,Week 1,2026-01-22,ECMWF,1.6613557528619614,3.532990186595098,0.529759307239094,4.741510885776044,1.8980752640789778,0.40031021963336044
TP,central_india,Week 1,2026-01-22,ECMWF,0.16884009230130345,0.3597409040544433,0.5306619558732439,1.4042611905043891,0.34936402111259884,0.248788489972519
TP,south_peninsula,Week 1,2026-01-22,ECMWF,0.42220500065754984,0.6550082018104746,0.35542028406582593,1.703291893114686,0.8909566361901503,0.523079244251508
TP,east_northeast_india,Week 1,2026-01-22,ECMWF,0.12581822930022735,2.222447236114335,0.9433875291814782,0.44545002157217617,0.1378907082587644,0.30955371328099035
TP,All India,Week 2,2026-01-22,ECMWF,0.3566047991058134,0.7542081659831894,0.5271798752789403,1.0636395194714685,0.8971878534313501,0.8435074449632808
TP,northwest_india,Week 2,2026-01-22,ECMWF,0.7415884419033301,0.8396894183256881,0.1168300734549782,1.6414570047327397,1.95222635056418,1.189325303639031
TP,central_india,Week 2,2026-01-22,ECMWF,0.10874637159717164,0.24887316408016846,0.5630450072867574,0.3774120900195303,0.2882032345004295,0.7636301065117326
TP,south_peninsula,Week 2,2026-01-22,ECMWF,0.1146310406415474,0.4136095384046845,0.7228520379784136,0.32086153529441513,0.37657556511670126,1.1736388556863453
TP,east_northeast_india,Week 2,2026-01-22,ECMWF,0.38325617942635054,2.146115476192773,0.8214186591178914,1.121111762159123,0.6323173254621756,0.5640091798202264
TP,All India,Week 3,2026-01-22,ECMWF,0.414696633747149,0.7258627365452962,0.4286844979522233,0.946911353251803,1.383262276446071,1.460814966148403
TP,northwest_india,Week 3,2026-01-22,ECMWF,0.710541879347188,0.7867677538242012,0.09688484830053845,1.4088027527257245,2.2526807307112144,1.5990036407529522
TP,central_india,Week 3,2026-01-22,ECMWF,0.1415996826816883,0.21624020419868387,0.3451741168742841,0.13559042840343583,0.5791749062239839,4.271502885887392
TP,south_peninsula,Week 3,2026-01-22,ECMWF,0.17973170218873039,0.416995123554778,0.5689836834144173,0.23241830469018665,0.7018680028848377,3.0198482164321225
TP,east_northeast_india,Week 3,2026-01-22,ECMWF,0.6849903499627853,2.1417595074259936,0.6801740122605925,1.255241726907381,2.169727653580596,1.7285337214898775
TP,All India,Week 4,2026-01-22,ECMWF,0.40212570918142176,0.7450305606323538,0.4602560882333302,0.9640242613452988,1.1930411929334215,1.237563452260557
TP,northwest_india,Week 4,2026-01-22,ECMWF,0.6799243044309229,0.828173235250949,0.1790071503277988,1.2872433728433965,2.025506556628464,1.5735226137962668
TP,central_india,Week 4,2026-01-22,ECMWF,0.14067467266153985,0.23030769806089962,0.3891881433145077,0.30080896567161947,0.46224837673644376,1.536684173307058
TP,south_peninsula,Week 4,2026-01-22,ECMWF,0.19032326520776047,0.4167864180836203,0.5433554047109671,0.24107359080304408,0.7422694296111502,3.0790159433829505
TP,east_northeast_india,Week 4,2026-01-22,ECMWF,0.6563996337926057,2.148124483869879,0.6944312870499517,1.5300729623162026,1.6057414786812614,1.0494541882829644
TP,All India,Week 5,2026-01-22,ECMWF,0.5711300525278835,0.7477133217390258,0.236164401619121,1.4406004464329396,1.5775609179233243,1.0950717958123029
TP,northwest_india,Week 5,2026-01-22,ECMWF,0.699349614842217,0.7779097307760924,0.10098873021616372,1.3724261442659578,2.315416498279471,1.6870973406863154
TP,central_india,Week 5,2026-01-22,ECMWF,0.24385314167569244,0.24507384062571003,0.004980943485852873,0.42180206210570914,0.8643664952628276,2.0492230193180183
TP,south_peninsula,Week 5,2026-01-22,ECMWF,0.6925807600048578,0.5564085980974903,-0.24473410794329298,2.074785561885495,1.2373759201816839,0.5963873775259928
TP,east_northeast_india,Week 5,2026-01-22,ECMWF,0.8878276483247834,2.0684294819842677,0.5707720973532633,2.013905152261074,2.0190726038485587,1.0025658862740796
TP,All India,Week 6,2026-01-22,ECMWF,0.5454385768492479,0.7129712397751086,0.23497815000041966,1.5084373377412594,1.5638692498320945,1.0367479050696524
TP,northwest_india,Week 6,2026-01-22,ECMWF,0.6997074477548123,0.7802553804285038,0.10323278082293508,1.4007961023924838,2.2860321176627965,1.6319520833605816
TP,central_india,Week 6,2026-01-22,ECMWF,0.22653876304115214,0.21617318536583968,-0.04795033971382856,0.2228298945438717,0.914233982676306,4.102833619105392
TP,south_peninsula,Week 6,2026-01-22,ECMWF,0.45692511090804605,0.4582909203477867,0.002980223650741687,1.702055938493614,1.0006011143578442,0.5878779255888706
TP,east_northeast_india,Week 6,2026-01-22,ECMWF,1.0473768614683958,2.0181986976347024,0.4810338235299104,2.696657775495449,2.172017290825049,0.8054478809147336
TP,All India,Week 1,2026-01-29,ECMWF,0.29257791139348094,0.7542081659831894,0.6120727345717942,1.1947973476485552,0.5483176936913202,0.4589210837891864
TP,northwest_india,Week 1,2026-01-29,ECMWF,0.5765238336725046,0.8396894183256881,0.31340824227358566,1.8614199957153912,1.1207839081872233,0.6021123178901264
TP,central_india,Week 1,2026-01-29,ECMWF,0.12771671252284852,0.24887316408016846,0.48682007160198404,0.6094856295786016,0.2813259028004812,0.4615792221302903
TP,south_peninsula,Week 1,2026-01-29,ECMWF,0.08803228749876725,0.4136095384046845,0.7871608864768622,0.3287873178763887,0.19855847341405508,0.6039115945728338
TP,east_northeast_india,Week 1,2026-01-29,ECMWF,0.3036719563547484,2.146115476192773,0.8585015765817667,1.0163164013936794,0.34333286514866707,0.33782084464823464
TP,All India,Week 2,2026-01-29,ECMWF,0.2313460222620529,0.7258627365452962,0.6812813075883581,0.8451135722602029,0.5913393778661209,0.6997158692938998
TP,northwest_india,Week 2,2026-01-29,ECMWF,0.49525717723063023,0.7867677538242012,0.3705166806553022,1.2895841708129077,1.367336787933614,1.0602927818753343
TP,central_india,Week 2,2026-01-29,ECMWF,0.035823748915363315,0.21624020419868387,0.8343335410354679,0.06578964769470058,0.14367281420717704,2.1838209998311027
TP,south_peninsula,Week 2,2026-01-29,ECMWF,0.044886592738178646,0.416995123554778,0.8923570320066773,0.13289307150425206,0.1354458993755804,1.0192096385645408
TP,east_northeast_india,Week 2,2026-01-29,ECMWF,0.33375762005602555,2.1417595074259936,0.8441666214629571,1.0634324968131377,0.48675872393502645,0.45772413894979724
TP,All India,Week 3,2026-01-29,ECMWF,0.3429096336285273,0.7450305606323538,0.5397374929996448,0.937955804938195,1.017882227837098,1.0852134210141913
TP,northwest_india,Week 3,2026-01-29,ECMWF,0.6372628018274682,0.828173235250949,0.23051992662577658,1.2583835696045855,2.0075679244513203,1.5953545269842855
TP,central_india,Week 3,2026-01-29,ECMWF,0.07912279971045974,0.23030769806089962,0.6564474380290253,0.2538586768470477,0.26643441878261326,1.0495383576868738
TP,south_peninsula,Week 3,2026-01-29,ECMWF,0.1670286346656203,0.4167864180836203,0.5992464547342587,0.18350638906218214,0.6586936520516334,3.5894862049104543
TP,east_northeast_india,Week 3,2026-01-29,ECMWF,0.5216632881360713,2.148124483869879,0.7571540699558124,1.5028747555875186,1.0204264369504492,0.6789830178174322
TP,All India,Week 4,2026-01-29,ECMWF,0.619508028500783,0.7477133217390258,0.1714631657759741,1.3716518215085962,1.8243645540479305,1.3300493065663144
TP,northwest_india,Week 4,2026-01-29,ECMWF,0.6985523719243777,0.7779097307760924,0.1020135829545964,1.1680251156784798,2.393586390155243,2.049259350698861
TP,central_india,Week 4,2026-01-29,ECMWF,0.35312759505320523,0.24507384062571003,-0.4409028485113624,0.4765704729749392,1.2896996197287756,2.70620966439227
TP,south_peninsula,Week 4,2026-01-29,ECMWF,0.7738770633996923,0.5564085980974903,-0.39084310710830983,2.0196723522765163,1.7728934226069184,0.8778123939799266
TP,east_northeast_india,Week 4,2026-01-29,ECMWF,0.8634893634175861,2.0684294819842677,0.5825386502472247,2.01408892540232,1.8669521536144467,0.926946238603401
TP,All India,Week 5,2026-01-29,ECMWF,0.6192316848768673,0.7129712397751086,0.13147732989595684,1.5187539239585806,1.8557027267063904,1.2218587207791793
TP,northwest_india,Week 5,2026-01-29,ECMWF,0.8208456303755867,0.7802553804285038,-0.052021749500517744,1.4476180816073307,2.7330858249895758,1.8879881784530863
TP,central_india,Week 5,2026-01-29,ECMWF,0.2727257588965041,0.21617318536583968,-0.2616077171410409,0.25509143165872067,1.1028769898724717,4.323457603813124
TP,south_peninsula,Week 5,2026-01-29,ECMWF,0.5106651131221922,0.4582909203477867,-0.11428154137258484,1.6592154354579651,1.2606276609708933,0.7597733446970638
TP,east_northeast_india,Week 5,2026-01-29,ECMWF,1.1058003558545368,2.0181986976347024,0.45208548734546417,2.708190713598878,2.4002160087510616,0.8862802743908117
TP,All India,Week 6,2026-01-29,ECMWF,0.6706376818392602,0.8718010264225065,0.23074456038292757,2.0184950770139474,1.5628037826291323,0.7742420580688558
TP,northwest_india,Week 6,2026-01-29,ECMWF,0.9144386820545233,1.120343680279341,0.18378735190747753,2.4080414606595255,2.098757345034508,0.8715619640783472
TP,central_india,Week 6,2026-01-29,ECMWF,0.2260822105889362,0.2152450577462616,-0.050347975261991085,0.24100630817895802,0.9011738029133449,3.7392125115836508
TP,south_peninsula,Week 6,2026-01-29,ECMWF,0.5463772881161205,0.5139010769305364,-0.06319545267264326,2.2859787476191684,1.1371047869708384,0.49742579109938156
TP,east_northeast_india,Week 6,2026-01-29,ECMWF,1.3086521568944842,2.274653900820744,0.4246807585003176,2.8377978721465853,2.433876862209435,0.8576639252916157
TP,All India,Week 1,2026-02-05,ECMWF,0.09541706023791356,0.7258627365452962,0.8685466887416678,0.48869501560972217,0.17212983144029706,0.3522234234894715
TP,northwest_india,Week 1,2026-02-05,ECMWF,0.1452465055856722,0.7867677538242012,0.8153883342578797,0.5866215838314452,0.35858492468386044,0.6112712770331565
TP,central_india,Week 1,2026-02-05,ECMWF,0.012473996513988696,0.21624020419868387,0.94231416604413,0.005271348331851148,0.05318280165027499,10.089031933049794
TP,south_peninsula,Week 1,2026-02-05,ECMWF,0.03503682629486659,0.416995123554778,0.9159778512607377,0.14654518017612594,0.0782320126639074,0.5338422769679899
TP,east_northeast_india,Week 1,2026-02-05,ECMWF,0.25125783115110745,2.1417595074259936,0.882686253858131,0.9082838866858128,0.15354591639299148,0.16905057839708765
TP,All India,Week 2,2026-02-05,ECMWF,0.22303465073197581,0.7450305606323538,0.7006369100581962,0.7741236477199375,0.5274031052507564,0.6812905235541394
TP,northwest_india,Week 2,2026-02-05,ECMWF,0.32839059037280577,0.828173235250949,0.603475968076536,0.8470095660364501,0.8229302478062566,0.9715713739304365
TP,central_india,Week 2,2026-02-05,ECMWF,0.06975473882935596,0.23030769806089962,0.6971237200637952,0.26123444866154444,0.20971261051041803,0.8027754822723318
TP,south_peninsula,Week 2,2026-02-05,ECMWF,0.1283145565093549,0.4167864180836203,0.6921335462433159,0.24108325963253557,0.47670624074150975,1.9773510672956551
TP,east_northeast_india,Week 2,2026-02-05,ECMWF,0.4610613322129236,2.148124483869879,0.7853656360816136,1.492671811477586,0.6709921825750647,0.4495242540360254
TP,All India,Week 3,2026-02-05,ECMWF,0.40378627568970676,0.7477133217390258,0.4599718047679239,1.2491059674439522,0.9831699564351961,0.7870989187947429
TP,northwest_india,Week 3,2026-02-05,ECMWF,0.39149685218436536,0.7779097307760924,0.49673228564221306,0.6237741458426737,1.4169597940794607,2.271591093544364
TP,central_india,Week 3,2026-02-05,ECMWF,0.17071178132386627,0.24507384062571003,0.3034271593899469,0.4133731622795051,0.5112708810481871,1.2368264989164628
TP,south_peninsula,Week 3,2026-02-05,ECMWF,0.6103025124502867,0.5564085980974903,-0.09686031908398607,2.06471659059245,0.9607268836654915,0.46530690364134697
TP,east_northeast_india,Week 3,2026-02-05,ECMWF,0.7062515772446073,2.0684294819842677,0.6585566085786535,1.9823944142731293,1.14200678252763,0.5760744553683389
TP,All India,Week 4,2026-02-05,ECMWF,0.6614157302343927,0.7129712397751086,0.07231078431295201,1.443130128119025,2.0625954219824876,1.4292511685490714
TP,northwest_india,Week 4,2026-02-05,ECMWF,0.5805995194223631,0.7802553804285038,0.2558852729685669,1.0533162510583352,1.9874566982735762,1.8868565791865923
TP,central_india,Week 4,2026-02-05,ECMWF,0.43531438442201564,0.21617318536583968,-1.0137297957899514,0.43895685593946654,1.738577138493801,3.9607016383713938
TP,south_peninsula,Week 4,2026-02-05,ECMWF,0.8740384194497129,0.4582909203477867,-0.9071693997045038,1.7505055470221782,2.687538934636621,1.535293012471997
TP,east_northeast_india,Week 4,2026-02-05,ECMWF,1.0900190581060467,2.0181986976347024,0.4599049838930467,2.7028445571395623,2.1894630604193615,0.8100588154934386
TP,All India,Week 5,2026-02-05,ECMWF,0.833628388845396,0.8718010264225065,0.04378595163365928,2.0633552246820366,2.275738903763797,1.102931224125254
TP,northwest_india,Week 5,2026-02-05,ECMWF,1.017557278067987,1.120343680279341,0.09174542064246372,2.4737399015086523,2.5480435409011517,1.0300369652230552
TP,central_india,Week 5,2026-02-05,ECMWF,0.3577134063969236,0.2152450577462616,-0.6618890586496471,0.3672589145194223,1.4168983963411732,3.858036770040721
TP,south_peninsula,Week 5,2026-02-05,ECMWF,0.9554022995015732,0.5139010769305364,-0.8591171382789573,2.3198789788771745,2.910681138672238,1.2546693880044608
TP,east_northeast_india,Week 5,2026-02-05,ECMWF,1.3679085267870548,2.274653900820744,0.3986300393684138,2.8656867711324456,2.853454345682913,0.9957314157385392
TP,All India,Week 6,2026-02-05,ECMWF,2.021894720474089,1.7289860438761468,-0.16941066565307916,8.054486351052219,1.6633335895570274,0.20651020028604722
TP,northwest_india,Week 6,2026-02-05,ECMWF,1.1311581616996322,1.3209134775745053,0.1436546140957745,3.369089622319318,2.0699874003554455,0.6144055612656703
TP,central_india,Week 6,2026-02-05,ECMWF,0.378195391791828,0.33235259532844263,-0.137934221389431,0.866616441015274,0.9900373778129785,1.142417026675737
TP,south_peninsula,Week 6,2026-02-05,ECMWF,0.7919886068833802,0.7065723538507559,-0.12088819010128748,1.6575009951589823,1.4537842116903246,0.8770940204176965
TP,east_northeast_india,Week 6,2026-02-05,ECMWF,9.253984372534964,7.084086060791779,-0.3063060348395399,20.140065544502058,2.574497719331432,0.1278296594240346
TP,All India,Week 1,2026-02-12,ECMWF,0.12969287296522164,0.7450305606323538,0.8259227475781085,0.6558782640431946,0.22455613034688357,0.34237470984721463
TP,northwest_india,Week 1,2026-02-12,ECMWF,0.14234129241899499,0.828173235250949,0.828126186212884,0.7080025211824519,0.20284939949918787,0.2865094310122007
TP,central_india,Week 1,2026-02-12,ECMWF,0.0333287032836711,0.23030769806089962,0.855286195102093,0.18770778813078862,0.10606615602959295,0.5650599641379267
TP,south_peninsula,Week 1,2026-02-12,ECMWF,0.15329837320064627,0.4167864180836203,0.6321896142741152,0.48701598895974846,0.5341643287936066,1.0968106610515307
TP,east_northeast_india,Week 1,2026-02-12,ECMWF,0.2928996716927815,2.148124483869879,0.8636486507685447,1.1906160102798808,0.15745913167900988,0.132250138012167
TP,All India,Week 2,2026-02-12,ECMWF,0.6159415924086399,0.7477133217390258,0.17623295653461446,1.4371082940516333,1.9258604264111965,1.340094156009375
TP,northwest_india,Week 2,2026-02-12,ECMWF,0.3622253583051253,0.7779097307760924,0.5343606796848444,0.8059836222250307,1.23395420663165,1.5309916636086804
TP,central_india,Week 2,2026-02-12,ECMWF,0.3560348848247092,0.24507384062571003,-0.4527657620074794,0.49909492662757365,1.3457541431841291,2.6963891464044782
TP,south_peninsula,Week 2,2026-02-12,ECMWF,1.4647989990218628,0.5564085980974903,-1.6325959088885433,2.51446540186853,4.844570794876882,1.9266802363941147
TP,east_northeast_india,Week 2,2026-02-12,ECMWF,0.7077034361861977,2.0684294819842677,0.6578546949024872,2.002459090856317,1.1306745647443877,0.5646430281184293
TP,All India,Week 3,2026-02-12,ECMWF,0.6723699270154901,0.7129712397751086,0.05694663472319761,1.455469068417902,2.111729307479012,1.450892604522655
TP,northwest_india,Week 3,2026-02-12,ECMWF,0.5971505921517004,0.7802553804285038,0.23467289411864767,1.006216928639908,2.048293588983479,2.035638171733141
TP,central_india,Week 3,2026-02-12,ECMWF,0.466101266313972,0.21617318536583968,-1.1561474681754245,0.606673961684385,1.747249217927673,2.8800464966001935
TP,south_peninsula,Week 3,2026-02-12,ECMWF,0.6755408852568362,0.4582909203477867,-0.47404379022866827,1.6901566528040886,1.8881854788711776,1.1171659595804597
TP,east_northeast_india,Week 3,2026-02-12,ECMWF,1.3040692786281531,2.0181986976347024,0.35384495086806755,2.7595276972374103,3.361352851515772,1.2180899125893372
TP,All India,Week 4,2026-02-12,ECMWF,0.7386871578595934,0.8718010264225065,0.1526883595321683,2.0519098675244836,1.8111311197105577,0.8826562747103448
TP,northwest_india,Week 4,2026-02-12,ECMWF,0.9574639617060878,1.120343680279341,0.1453837080891477,2.4577589192628864,2.215617878173546,0.9014789289577834
TP,central_india,Week 4,2026-02-12,ECMWF,0.3436285830986775,0.2152450577462616,-0.5964528370438076,0.36380545614341303,1.3586813129139144,3.734636987902454
TP,south_peninsula,Week 4,2026-02-12,ECMWF,0.6240937914977771,0.5139010769305364,-0.21442398063340762,2.27525221566665,1.4715463971386455,0.6467618785319946
TP,east_northeast_india,Week 4,2026-02-12,ECMWF,1.3062200099840886,2.274653900820744,0.42574999673015035,2.886005210995178,2.3841753106091277,0.8261160795988289
TP,All India,Week 5,2026-02-12,ECMWF,2.0220614342864565,1.7289860438761468,-0.16950708853223317,8.07150198654795,1.5390053882092833,0.19067149965077204
TP,northwest_india,Week 5,2026-02-12,ECMWF,1.210664301714773,1.3209134775745053,0.08346434322267249,3.574622947248669,1.724327694533432,0.48238030135755156
TP,central_india,Week 5,2026-02-12,ECMWF,0.346309099370978,0.33235259532844263,-0.04199306471111819,0.8090397142507042,0.9850330146651798,1.2175335738338537
TP,south_peninsula,Week 5,2026-02-12,ECMWF,0.7227315573938983,0.7065723538507559,-0.02286984971188888,1.560751041230398,1.6511301538789647,1.0579074498501166
TP,east_northeast_india,Week 5,2026-02-12,ECMWF,9.240500111115333,7.084086060791779,-0.3044025766793881,20.123499951706286,2.2606228720970245,0.11233746006023891
TP,All India,Week 6,2026-02-12,ECMWF,1.7226708805700763,1.570605142218346,-0.09681983985927256,5.384849699746917,1.424494248006497,0.2645374202502712
TP,northwest_india,Week 6,2026-02-12,ECMWF,1.9988709354555407,1.9299217299317035,-0.03572642582053165,5.777013712238433,1.7182205980933374,0.29742366621933713
TP,central_india,Week 6,2026-02-12,ECMWF,0.5382765220757152,0.546269265109227,0.014631507836915691,1.7149753563860748,0.6418034526734436,0.3742347960182356
TP,south_peninsula,Week 6,2026-02-12,ECMWF,0.4470566079703572,0.47905321323186684,0.06679133836854767,0.7521055369940062,1.3125097985071896,1.7451138622818696
TP,east_northeast_india,Week 6,2026-02-12,ECMWF,5.413310959640007,4.484902257079719,-0.20700756657399433,10.693748422096736,2.710881236148144,0.2535014972436221
TP,All India,Week 1,2026-02-19,ECMWF,0.28087520641871466,0.7477133217390258,0.6243544173247344,1.2035773858849739,0.4100353543267429,0.34068050724071186
TP,northwest_india,Week 1,2026-02-19,ECMWF,0.0738106993855787,0.7779097307760924,0.9051166266914538,0.28984962193510344,0.10815207177146836,0.37313166410023235
TP,central_india,Week 1,2026-02-19,ECMWF,0.10523650673812536,0.24507384062571003,0.5705926570153678,0.36461683782627485,0.24323116557898197,0.6670870358841513
TP,south_peninsula,Week 1,2026-02-19,ECMWF,0.6597550407597123,0.5564085980974903,-0.18573839982989315,2.091349585416099,1.1756567543979435,0.5621521923433153
TP,east_northeast_india,Week 1,2026-02-19,ECMWF,0.6630166178391257,2.0684294819842677,0.6794589210732549,1.9481959099536448,0.4978252262985584,0.25553139894971016
TP,All India,Week 2,2026-02-19,ECMWF,0.398192281182839,0.7129712397751086,0.44150302428967514,1.6846779197645716,0.7299694064123391,0.4332990881214553
TP,northwest_india,Week 2,2026-02-19,ECMWF,0.5790196528755344,0.7802553804285038,0.2579100799567111,1.8525280118474476,1.496730962423036,0.8079397195891304
TP,central_india,Week 2,2026-02-19,ECMWF,0.04335475577808421,0.21617318536583968,0.7994443404036768,0.05384077373952924,0.1750499400781684,3.2512523115849814
TP,south_peninsula,Week 2,2026-02-19,ECMWF,0.31569251521472175,0.4582909203477867,0.3111525862760933,1.5548510888157856,0.44851537783659273,0.28846195051269735
TP,east_northeast_india,Week 2,2026-02-19,ECMWF,0.916763146194503,2.0181986976347024,0.5457517898168622,2.922962799078494,0.6735788374252714,0.23044386252114696
TP,All India,Week 3,2026-02-19,ECMWF,0.5805360739162363,0.8718010264225065,0.3340956751352947,2.0744579707054567,1.085172943595504,0.5231115592216464
TP,northwest_india,Week 3,2026-02-19,ECMWF,0.8023134082585273,1.120343680279341,0.28386849287311333,2.4434200111296036,1.4135733374601218,0.5785224525547782
TP,central_india,Week 3,2026-02-19,ECMWF,0.15461578516507332,0.2152450577462616,0.2816755618735748,0.17720044116535374,0.6044287044298388,3.4109887111726716
TP,south_peninsula,Week 3,2026-02-19,ECMWF,0.41385103392925826,0.5139010769305364,0.19468735811737137,2.3259662106896695,0.5229383887515523,0.22482630502035386
TP,east_northeast_india,Week 3,2026-02-19,ECMWF,1.2768619583883303,2.274653900820744,0.43865659829497095,3.0079056297028552,2.166121913110614,0.7201429099770663
TP,All India,Week 4,2026-02-19,ECMWF,2.006826769031381,1.7289860438761468,-0.16069575930893798,7.915034114747219,1.8960322311217201,0.2395482070745659
TP,northwest_india,Week 4,2026-02-19,ECMWF,1.224506782276339,1.3209134775745053,0.07298486761993739,3.5062294351619063,1.9781777930895248,0.5641894889283476
TP,central_india,Week 4,2026-02-19,ECMWF,0.3851196038076584,0.33235259532844263,-0.15876815532934097,0.8250268510564999,1.1324750115707236,1.3726523083709539
TP,south_peninsula,Week 4,2026-02-19,ECMWF,0.8823193698764987,0.7065723538507559,-0.2487318037111661,1.6097553341099247,2.291483364952413,1.423497916979684
TP,east_northeast_india,Week 4,2026-02-19,ECMWF,8.82070680283555,7.084086060791779,-0.24514393630187947,19.72223304990479,2.9693651701810606,0.15055927808313752
TP,All India,Week 5,2026-02-19,ECMWF,1.6569687822626822,1.570605142218346,-0.05498749349715926,5.243977903537268,1.7958909344024288,0.34246729628495004
TP,northwest_india,Week 5,2026-02-19,ECMWF,1.8138824609618598,1.9299217299317035,0.06012641195244228,5.496630254315859,2.4125432147168184,0.43891313461052456
TP,central_india,Week 5,2026-02-19,ECMWF,0.5638881600769436,0.546269265109227,-0.03225313246241979,1.7022101948423223,0.9176882835870652,0.5391157251716917
TP,south_peninsula,Week 5,2026-02-19,ECMWF,0.4543128922017536,0.47905321323186684,0.05164420224468602,0.736659782509299,1.4860322695853634,2.017257226291711
TP,east_northeast_india,Week 5,2026-02-19,ECMWF,5.308690751841992,4.484902257079719,-0.18368036749560535,10.551590127088737,2.8414584339395796,0.2692919645016158
TP,All India,Week 6,2026-02-19,ECMWF,1.1625975738732228,1.0910299522413258,-0.06559638576821292,4.250993238384117,1.7903695260401808,0.421164990307238
TP,northwest_india,Week 6,2026-02-19,ECMWF,0.845739302818025,0.9787975263008393,0.1359404983231619,2.2282367714197706,1.9292056464458167,0.8657992145137163
TP,central_india,Week 6,2026-02-19,ECMWF,0.41531684964711685,0.3650363494092379,-0.13774107789334167,0.8278692139106696,1.0135750333866125,1.2243178226168236
TP,south_peninsula,Week 6,2026-02-19,ECMWF,0.8549615667620067,0.6514069996760329,-0.31248446391765605,2.43109909772562,1.7501603273037827,0.7199049717640552
TP,east_northeast_india,Week 6,2026-02-19,ECMWF,3.945133254875393,3.5422353437125937,-0.11374114706351635,10.077573732539507,3.3122664789824645,0.3286769779006903
TP,All India,Week 1,2026-02-26,ECMWF,0.22319474431017314,0.7129712397751086,0.6869512655509427,1.2398343631172077,0.19534856227696057,0.1575602097249609
TP,northwest_india,Week 1,2026-02-26,ECMWF,0.1183550196171532,0.7802553804285038,0.8483124595024842,0.5882989632488835,0.20455342006974328,0.3477031795876303
TP,central_india,Week 1,2026-02-26,ECMWF,0.01205523740832705,0.21617318536583968,0.9442334284526297,0.007324757114483717,0.0505072088660727,6.8954107387672305
TP,south_peninsula,Week 1,2026-02-26,ECMWF,0.25879873235608153,0.4582909203477867,0.43529596405775395,1.5659771674344574,0.15239258948260923,0.09731469439766752
TP,east_northeast_india,Week 1,2026-02-26,ECMWF,0.8903600437056639,2.0181986976347024,0.5588342987491013,2.5519698470993815,0.5596834372627314,0.21931428300333505
TP,All India,Week 2,2026-02-26,ECMWF,0.5615715816274748,0.8718010264225065,0.3558489097771298,2.5878246423744833,0.8520160856049769,0.3292402706325578
TP,northwest_india,Week 2,2026-02-26,ECMWF,0.5805163912919232,1.120343680279341,0.4818407944719426,2.144129512785092,0.9624306079636111,0.4488677583256028
TP,central_india,Week 2,2026-02-26,ECMWF,0.02234215090701048,0.2152450577462616,0.8962013291225103,0.09168620979274947,0.06458868379009937,0.7044536352423965
TP,south_peninsula,Week 2,2026-02-26,ECMWF,0.3675847601536022,0.5139010769305364,0.2847168907503801,2.3152816926646693,0.14249354635183129,0.06154479897771521
TP,east_northeast_india,Week 2,2026-02-26,ECMWF,1.9938141018642592,2.274653900820744,0.12346484836886695,5.313146959680957,3.29317908418367,0.6198170517725372
TP,All India,Week 3,2026-02-26,ECMWF,1.7363084891072944,1.7289860438761468,-0.004235109506570467,7.522411156449671,1.3039801718146513,0.17334603821763006
TP,northwest_india,Week 3,2026-02-26,ECMWF,1.1016182684853335,1.3209134775745053,0.16601784508387873,3.365411513083084,1.5508964367997133,0.4608341151655843
TP,central_india,Week 3,2026-02-26,ECMWF,0.2500563417343013,0.33235259532844263,0.24761730388418735,0.8476626791207887,0.34758691781968304,0.410053345960927
TP,south_peninsula,Week 3,2026-02-26,ECMWF,0.6324163027097702,0.7065723538507559,0.1049518152484199,1.644678918092535,0.5290465948076963,0.32167165821111987
TP,east_northeast_india,Week 3,2026-02-26,ECMWF,7.892555999610503,7.084086060791779,-0.11412480479216014,18.712554586447823,3.9145160035210584,0.20919196176218852
TP,All India,Week 4,2026-02-26,ECMWF,1.643245102798097,1.570605142218346,-0.046249664302737026,5.19158051624087,1.524662541012514,0.29367984108941353
TP,northwest_india,Week 4,2026-02-26,ECMWF,1.892057378200539,1.9299217299317035,0.019619630756996798,5.472827117028303,2.0648803231521753,0.3772968301387505
TP,central_india,Week 4,2026-02-26,ECMWF,0.5334635257140773,0.546269265109227,0.023442174423979778,1.7251575828698762,0.5239131292188793,0.30369001326089096
TP,south_peninsula,Week 4,2026-02-26,ECMWF,0.39533572392777366,0.47905321323186684,0.1747561377144401,0.7446011970226338,1.0474048306831611,1.4066655209141745
TP,east_northeast_india,Week 4,2026-02-26,ECMWF,5.188725931254197,4.484902257079719,-0.15693177550602022,10.394275668018459,3.22552262481691,0.31031720995637363
TP,All India,Week 5,2026-02-26,ECMWF,1.1211736225621132,1.0910299522413258,-0.027628636829687858,4.26885197064068,1.3966385362985245,0.32716958702339677
TP,northwest_india,Week 5,2026-02-26,ECMWF,0.8546832326690544,0.9787975263008393,0.12680282724134873,2.1803092795755665,1.8518460149239684,0.8493501505825178
TP,central_india,Week 5,2026-02-26,ECMWF,0.3479646040021211,0.3650363494092379,0.04676724779530894,0.8373668084937054,0.5341286006746253,0.6378669362778313
TP,south_peninsula,Week 5,2026-02-26,ECMWF,0.6860640285119122,0.6514069996760329,-0.053203341157088246,2.433725217393639,0.9570463583363086,0.39324339144632064
TP,east_northeast_india,Week 5,2026-02-26,ECMWF,4.011577144590367,3.5422353437125937,-0.13249876288170603,10.148322596372832,2.9204026545098265,0.2877719570674294
TP,All India,Week 6,2026-02-26,ECMWF,1.8634016044173245,1.667033146628809,-0.11779517293079955,5.600214535825969,1.7375867809326953,0.3102714672477134
TP,northwest_india,Week 6,2026-02-26,ECMWF,2.1998390818907128,1.990010987697456,-0.10544067117741829,5.132145623660552,1.8564813083014653,0.36173589847930154
TP,central_india,Week 6,2026-02-26,ECMWF,0.9535661926687385,0.8707941702426141,-0.09505348709794781,2.6150820939851185,0.7471054820538556,0.28569102429795734
TP,south_peninsula,Week 6,2026-02-26,ECMWF,0.6897520401004236,0.6441298126939593,-0.07082769110725895,2.015702037183718,1.2775454215799351,0.6337967606387329
TP,east_northeast_india,Week 6,2026-02-26,ECMWF,4.668180276370743,4.0540355938315615,-0.15148971150466362,11.504182063581789,4.313784658253524,0.37497534674016114
TP,All India,Week 1,2026-03-05,ECMWF,0.3156467079794715,0.8718010264225065,0.6379372145559994,1.5422174246136278,0.3340411819706208,0.21659798199615612
TP,northwest_india,Week 1,2026-03-05,ECMWF,0.30940898437406156,1.120343680279341,0.7238267240487177,1.1798135614002037,0.5402723140404235,0.4579302456900291
TP,central_india,Week 1,2026-03-05,ECMWF,0.021839188181719735,0.2152450577462616,0.898538027258844,0.08970458633698847,0.060281583212119724,0.6720011280768087
TP,south_peninsula,Week 1,2026-03-05,ECMWF,0.3501134081946363,0.5139010769305364,0.3187143909372253,2.277823640973999,0.1748151303372724,0.07674656070499002
TP,east_northeast_india,Week 1,2026-03-05,ECMWF,0.9577767411278663,2.274653900820744,0.5789351774429157,2.5402599610195433,0.7073290458448562,0.2784475040739401
TP,All India,Week 2,2026-03-05,ECMWF,1.4144882774037464,1.7289860438761468,0.18189722675108477,6.293180544624021,1.6951636284415232,0.26936516701235036
TP,northwest_india,Week 2,2026-03-05,ECMWF,1.0279502155633315,1.3209134775745053,0.2217883812868049,3.1207456352155383,1.929092664940326,0.6181512018063243
TP,central_india,Week 2,2026-03-05,ECMWF,0.20529135216926425,0.33235259532844263,0.3823085630897871,0.8027852870917117,0.31604968256845006,0.39369142366001525
TP,south_peninsula,Week 2,2026-03-05,ECMWF,0.568559988164729,0.7065723538507559,0.19532658606563347,1.5703149481274425,0.5712842437622666,0.3638023343301338
TP,east_northeast_india,Week 2,2026-03-05,ECMWF,6.074614274953038,7.084086060791779,0.1424985209349523,15.494419716192057,5.734275575177544,0.37008650083133365
TP,All India,Week 3,2026-03-05,ECMWF,1.7587372614103736,1.570605142218346,-0.11978320593443814,5.120274728360537,2.6569261011436254,0.518903035891269
TP,northwest_india,Week 3,2026-03-05,ECMWF,2.202454215111696,1.9299217299317035,-0.14121426840954676,5.677703715577729,3.713907310693933,0.6541213660910498
TP,central_india,Week 3,2026-03-05,ECMWF,0.6423065535778123,0.546269265109227,-0.17580576943017756,1.6695775960764956,1.3573987356458002,0.8130192563889722
TP,south_peninsula,Week 3,2026-03-05,ECMWF,0.485075549767557,0.47905321323186684,-0.012571331053310875,0.7612026409483873,1.5639996273977508,2.054642933777993
TP,east_northeast_india,Week 3,2026-03-05,ECMWF,4.925760788812711,4.484902257079719,-0.09829835890783722,9.925465524089388,4.677997104763895,0.47131261434642663
TP,All India,Week 4,2026-03-05,ECMWF,1.203537525997045,1.0910299522413258,-0.10312051793316268,4.088920184366256,2.3331206025351015,0.5705957801415762
TP,northwest_india,Week 4,2026-03-05,ECMWF,1.1723702555646696,0.9787975263008393,-0.1977658545944614,2.4929085148175623,3.3422380705183836,1.340698244902492
TP,central_india,Week 4,2026-03-05,ECMWF,0.4017140223764458,0.3650363494092379,-0.10047676903016867,0.8171824251213498,0.9623049834006191,1.1775889370818504
TP,south_peninsula,Week 4,2026-03-05,ECMWF,0.7097293252198585,0.6514069996760329,-0.08953285054172189,2.3717892470071185,1.1672273089657406,0.4921294379079531
TP,east_northeast_india,Week 4,2026-03-05,ECMWF,3.718397027223775,3.5422353437125937,-0.04973178414694135,9.494642026336132,4.712436931987368,0.4963259192833245
TP,All India,Week 5,2026-03-05,ECMWF,1.8088784802744071,1.667033146628809,-0.08508849025134713,5.497490392023484,1.8688527764466192,0.339946528903117
TP,northwest_india,Week 5,2026-03-05,ECMWF,2.1791144512738128,1.990010987697456,-0.09502634143500832,5.073032809503232,2.3611216962902346,0.4654260646347847
TP,central_india,Week 5,2026-03-05,ECMWF,0.9181703653842777,0.8707941702426141,-0.054405733020082,2.583949060122346,0.790996964768704,0.3061194111664305
TP,south_peninsula,Week 5,2026-03-05,ECMWF,0.6777058661245857,0.6441298126939593,-0.05212622171639669,2.005668545800424,1.1720513389276508,0.5843694070895984
TP,east_northeast_india,Week 5,2026-03-05,ECMWF,4.443269676361764,4.0540355938315615,-0.09601151088126691,11.244121504090234,4.1238393675008655,0.36675514098640355
TP,All India,Week 6,2026-03-05,ECMWF,0.7541605743180065,0.8107847673468811,0.06983874797520562,2.9315287074715672,1.7207258255487392,0.586972190026022
TP,northwest_india,Week 6,2026-03-05,ECMWF,0.5569968565678126,0.78354179779385,0.28912936344161877,1.2464141618970237,1.6951277749341036,1.3600036221942027
TP,central_india,Week 6,2026-03-05,ECMWF,0.24555358841666988,0.2840063432672452,0.13539400003609048,1.3054683138703562,0.6477678173037524,0.4961957409623357
TP,south_peninsula,Week 6,2026-03-05,ECMWF,0.47013214014527965,0.3983386092226064,-0.18023241850139704,1.0147158206486901,1.2718049596982794,1.2533607280166743
TP,east_northeast_india,Week 6,2026-03-05,ECMWF,2.7004832966816292,2.5873052176589377,-0.0437436133356921,7.009106232516112,4.787148619915549,0.682989879324039
TP,All India,Week 1,2026-03-12,ECMWF,1.2134925868966373,1.7289860438761468,0.29814784150821994,5.692407136953774,1.0676620459909703,0.18755897466643914
TP,northwest_india,Week 1,2026-03-12,ECMWF,0.5794353328423669,1.3209134775745053,0.5613374057577634,1.700605935083825,0.9557010359247473,0.5619767732244446
TP,central_india,Week 1,2026-03-12,ECMWF,0.1734735099115272,0.33235259532844263,0.4780437633107858,0.6598908812526604,0.3006947260855069,0.4556734069649559
TP,south_peninsula,Week 1,2026-03-12,ECMWF,0.5005775909342824,0.7065723538507559,0.2915409324944862,1.3790056078658677,0.6675574282705823,0.4840860867155472
TP,east_northeast_india,Week 1,2026-03-12,ECMWF,5.862114125593199,7.084086060791779,0.17249535433537655,14.417656052875449,3.562729496938264,0.2471087868841007
TP,All India,Week 2,2026-03-12,ECMWF,1.334054786904147,1.570605142218346,0.15061096449747502,4.534277350902978,1.7381855527622196,0.3833434565744129
TP,northwest_india,Week 2,2026-03-12,ECMWF,1.2834709252324272,1.9299217299317035,0.33496218767491315,4.282310213405958,2.0773180565679166,0.4850928477962158
TP,central_india,Week 2,2026-03-12,ECMWF,0.43206361278906813,0.546269265109227,0.20906475911165046,1.4012726410771326,0.9351134436966132,0.667331550109912
TP,south_peninsula,Week 2,2026-03-12,ECMWF,0.6305703789988929,0.47905321323186684,-0.31628462471806884,1.6706210240366135,1.4286440723227085,0.8551574844130527
TP,east_northeast_india,Week 2,2026-03-12,ECMWF,4.381142028278461,4.484902257079719,0.02313544930382061,9.487783574349953,3.21781337328327,0.33915332786284974
TP,All India,Week 3,2026-03-12,ECMWF,1.214874032566406,1.0910299522413258,-0.11351116444664489,4.096424541883431,2.384765957662484,0.5821579119253175
TP,northwest_india,Week 3,2026-03-12,ECMWF,1.1047525548569395,0.9787975263008393,-0.12868343571741625,2.339239545553005,3.2075428464607936,1.3711904163720514
TP,central_india,Week 3,2026-03-12,ECMWF,0.4263906170265851,0.3650363494092379,-0.16807714551342845,0.8002930691936513,1.199424536076305,1.4987316300074986
TP,south_peninsula,Week 3,2026-03-12,ECMWF,0.743617226177161,0.6514069996760329,-0.1415554738389171,2.342499442251492,1.36723311945863,0.5836642241180279
TP,east_northeast_india,Week 3,2026-03-12,ECMWF,3.8436329370487283,3.5422353437125937,-0.08508683475001466,9.613360722673171,4.562617921034996,0.4746121624536603
TP,All India,Week 4,2026-03-12,ECMWF,1.7922312326060843,1.667033146628809,-0.07510233748528616,5.420250317962142,2.335277297595609,0.43084307192543203
TP,northwest_india,Week 4,2026-03-12,ECMWF,2.082658996306391,1.990010987697456,-0.04655653118585712,4.918592312397799,2.6772170786752016,0.5443055469197988
TP,central_india,Week 4,2026-03-12,ECMWF,0.9360693181083137,0.8707941702426141,-0.07496047871739098,2.550345057857048,1.1723338761665372,0.45967657300130277
TP,south_peninsula,Week 4,2026-03-12,ECMWF,0.7259192202484046,0.6441298126939593,-0.1269765906539484,1.9481221670066708,1.5552001467706904,0.7983072997728304
TP,east_northeast_india,Week 4,2026-03-12,ECMWF,4.441278329651934,4.0540355938315615,-0.09552030978948078,11.172128770681724,5.216669320734232,0.46693601799721385
TP,All India,Week 5,2026-03-12,ECMWF,0.8773244612527703,0.8107847673468811,-0.08206825853873156,2.978309002377257,2.188577822343257,0.7348390716330494
TP,northwest_india,Week 5,2026-03-12,ECMWF,0.7215564334491279,0.78354179779385,0.07910919943166894,1.4903331019836803,2.2306141330838396,1.4967218604450387
TP,central_india,Week 5,2026-03-12,ECMWF,0.31920894152638674,0.2840063432672452,-0.1239500422918951,1.3242345662176487,0.9175194693799815,0.6928677839913595
TP,south_peninsula,Week 5,2026-03-12,ECMWF,0.5990207317269595,0.3983386092226064,-0.5037978188858023,1.0250001406878864,1.92388098090623,1.8769567969181908
TP,east_northeast_india,Week 5,2026-03-12,ECMWF,2.8392444526069753,2.5873052176589377,-0.09737515049577294,7.027572917665666,5.330720689761731,0.7585436326617903
TP,All India,Week 6,2026-03-12,ECMWF,1.1188089153819625,1.1667367567664988,0.04107853901625913,5.251946751964392,1.9469387900225976,0.3707080216101547
TP,northwest_india,Week 6,2026-03-12,ECMWF,0.6450516325963271,0.9362689918050346,0.31104026915092964,1.845875692105075,1.571865494369653,0.851555443897235
TP,central_india,Week 6,2026-03-12,ECMWF,0.3132887303431358,0.3363430594743895,0.06854409057014943,0.792934683604592,0.6836261401627286,0.8621468505514742
TP,south_peninsula,Week 6,2026-03-12,ECMWF,0.6517541464043312,0.47687279106194813,-0.36672537964042706,1.4435937446247533,1.8632067332714626,1.2906724902412092
TP,east_northeast_india,Week 6,2026-03-12,ECMWF,4.575499466616668,4.426153658448189,-0.03374166820517477,13.179958149223006,5.757212296410853,0.4368156735573744
TP,All India,Week 1,2026-03-19,ECMWF,1.0298151329609746,1.570605142218346,0.344319520368787,3.683120652455542,0.9525021920575629,0.2586128128663198
TP,northwest_india,Week 1,2026-03-19,ECMWF,0.8765658207533227,1.9299217299317035,0.5458023985333629,2.853875511714217,0.9939160851696655,0.34826889998879346
TP,central_india,Week 1,2026-03-19,ECMWF,0.31786391306575984,0.546269265109227,0.4181186214051368,1.2541289895706038,0.43930477451969896,0.3502867553281826
TP,south_peninsula,Week 1,2026-03-19,ECMWF,0.30651556030127897,0.47905321323186684,0.36016385688467933,0.6452733257233207,0.6993539484446628,1.0838104111319342
TP,east_northeast_india,Week 1,2026-03-19,ECMWF,3.8915241953652493,4.484902257079719,0.1323056842047745,8.316999177122446,2.349802317992077,0.2825300649849376
TP,All India,Week 2,2026-03-19,ECMWF,1.160057722657206,1.0910299522413258,-0.06326844673152654,3.952557781280899,2.1533725819135783,0.5448048329898768
TP,northwest_india,Week 2,2026-03-19,ECMWF,0.9051460562019179,0.9787975263008393,0.07524689031169884,1.833579951330411,2.7064966999883637,1.476072367624101
TP,central_india,Week 2,2026-03-19,ECMWF,0.46782036303103874,0.3650363494092379,-0.281571996290624,0.8785924169796151,1.2980473159828922,1.477416935198758
TP,south_peninsula,Week 2,2026-03-19,ECMWF,0.7799430027270551,0.6514069996760329,-0.19732057394984648,2.3612749251845546,1.4449716505262977,0.6119455363349359
TP,east_northeast_india,Week 2,2026-03-19,ECMWF,3.7717033621449,3.5422353437125937,-0.06478056824756373,9.425532537791577,3.7813604932641525,0.40118268947699515
TP,All India,Week 3,2026-03-19,ECMWF,1.7778008977046926,1.667033146628809,-0.0664460399602047,5.27589261453182,2.5697133542115895,0.48706703148840047
TP,northwest_india,Week 3,2026-03-19,ECMWF,1.9922589207126198,1.990010987697456,-0.0011296083434015891,4.7996529746997245,2.8850514097665294,0.6010958344227009
TP,central_india,Week 3,2026-03-19,ECMWF,0.9773886538414142,0.8707941702426141,-0.12241065367847082,2.5477736833822258,1.6677098666268293,0.6545753563216445
TP,south_peninsula,Week 3,2026-03-19,ECMWF,0.7764333359793932,0.6441298126939593,-0.20539885078769715,1.9735637569685112,1.6690976477569381,0.8457277561282096
TP,east_northeast_india,Week 3,2026-03-19,ECMWF,4.3845625766779515,4.0540355938315615,-0.08153036035236227,10.811126289700812,5.062916232847543,0.4683060855251238
TP,All India,Week 4,2026-03-19,ECMWF,1.0078980096852161,0.8107847673468811,-0.24311414110966312,3.108204262425185,2.6856200983808027,0.8640423445933184
TP,northwest_india,Week 4,2026-03-19,ECMWF,0.9654527515171221,0.78354179779385,-0.2321649645691688,1.9189895154968206,2.973285850715434,1.5494018214818954
TP,central_india,Week 4,2026-03-19,ECMWF,0.37139990019502733,0.2840063432672452,-0.30771691900397524,1.3041511829396129,1.2305252730618415,0.9435449579458913
TP,south_peninsula,Week 4,2026-03-19,ECMWF,0.5714634918936051,0.3983386092226064,-0.43461737994433314,1.070495097072546,1.641510326139517,1.533412278700305
TP,east_northeast_india,Week 4,2026-03-19,ECMWF,3.0982000227199573,2.5873052176589377,-0.19746213225020703,7.176679125096189,6.681727061361815,0.9310332738712571
TP,All India,Week 5,2026-03-19,ECMWF,1.1516466787866178,1.1667367567664988,0.012933575540811648,5.26758260707085,2.011453406378508,0.3818551233878075
TP,northwest_india,Week 5,2026-03-19,ECMWF,0.7034377371239202,0.9362689918050346,0.24867987375320277,1.9471422885097913,1.6753227282655239,0.8604007720194401
TP,central_india,Week 5,2026-03-19,ECMWF,0.32415610183334626,0.3363430594743895,0.0362337122701093,0.7935027801747436,0.678415146733158,0.8549625328140107
TP,south_peninsula,Week 5,2026-03-19,ECMWF,0.6343438412083259,0.47687279106194813,-0.33021605152960265,1.481687812549344,1.5627927520105989,1.0547382105557772
TP,east_northeast_india,Week 5,2026-03-19,ECMWF,4.665270602451188,4.426153658448189,-0.054023642750539835,13.18468459153063,6.3501211308111065,0.481628596173639
TP,All India,Week 6,2026-03-19,ECMWF,1.362548505597331,1.3880305368881185,0.01835840827242652,5.629169029916309,2.0965013921881743,0.3724353241208932
TP,northwest_india,Week 6,2026-03-19,ECMWF,0.6815677182929879,0.9103302482085015,0.2512961975785275,1.7837217949538773,1.321364445253218,0.7407906597269477
TP,central_india,Week 6,2026-03-19,ECMWF,0.2685479505923939,0.2776442474565739,0.03276241790531875,0.5980900890620855,0.7616699764470903,1.273503758675433
TP,south_peninsula,Week 6,2026-03-19,ECMWF,1.0509602251797507,0.7005473042244479,-0.5001988000556694,3.0802454374402104,2.477209332735075,0.8042246577577015
TP,east_northeast_india,Week 6,2026-03-19,ECMWF,5.737603597071019,5.824300575264755,0.014885388738680394,13.898450256774213,6.366050898724471,0.45804034126910004
TP,All India,Week 1,2026-03-26,ECMWF,0.8751877115941855,1.0910299522413258,0.19783346937793145,3.454398136965258,0.8321129396931808,0.24088507077073773
TP,northwest_india,Week 1,2026-03-26,ECMWF,0.6092947026616952,0.9787975263008393,0.37750690383904306,1.7157871679520347,1.030380193714866,0.6005291407702559
TP,central_india,Week 1,2026-03-26,ECMWF,0.26796443049623964,0.3650363494092379,0.26592398009156093,0.7725987112082702,0.30658085020798936,0.39681770854694587
TP,south_peninsula,Week 1,2026-03-26,ECMWF,0.5540826838368218,0.6514069996760329,0.14940630955395595,2.2883824676630535,0.426311057960386,0.1862936217981709
TP,east_northeast_india,Week 1,2026-03-26,ECMWF,3.2431160615589194,3.5422353437125937,0.0844436501613609,8.11190782171073,2.1049728817938136,0.25949171613613004
TP,All India,Week 2,2026-03-26,ECMWF,1.5480465128886487,1.667033146628809,0.07137628545706098,4.893253658187616,2.3354977876890706,0.4772893356511794
TP,northwest_india,Week 2,2026-03-26,ECMWF,1.667418993250039,1.990010987697456,0.1621056348139427,4.217430309862917,2.9679242212438344,0.7037281005694446
TP,central_india,Week 2,2026-03-26,ECMWF,0.8508781095191119,0.8707941702426141,0.022871146137730003,2.4344173205826998,1.395180843586832,0.5731066862656411
TP,south_peninsula,Week 2,2026-03-26,ECMWF,0.6608219439389931,0.6441298126939593,-0.025914234857756124,1.870999011421875,1.3247165657411561,0.7080263312028322
TP,east_northeast_india,Week 2,2026-03-26,ECMWF,3.984520070945933,4.0540355938315615,0.017147240392117014,10.198264304268099,4.360779394105831,0.42760015469306784
TP,All India,Week 3,2026-03-26,ECMWF,1.0067967194397116,0.8107847673468811,-0.2417558395111905,3.1001977723470957,2.588385762080358,0.8349098838687136
TP,northwest_india,Week 3,2026-03-26,ECMWF,0.9818692928489243,0.78354179779385,-0.2531166756049106,2.0010915783311862,2.93497254978005,1.466685773685418
TP,central_india,Week 3,2026-03-26,ECMWF,0.3617813171639202,0.2840063432672452,-0.27384942534008827,1.2435696646263827,1.1693252989497291,0.9402973811692652
TP,south_peninsula,Week 3,2026-03-26,ECMWF,0.4742832505717231,0.3983386092226064,-0.19065347819868506,1.0249614796223767,1.283972771072494,1.2527034396897958
TP,east_northeast_india,Week 3,2026-03-26,ECMWF,3.197861184185555,2.5873052176589377,-0.23598142281762358,7.137190003690694,6.697377766609457,0.9383773954660297
TP,All India,Week 4,2026-03-26,ECMWF,1.124697729758141,1.1667367567664988,0.03603128706158609,5.372454720323089,1.77166807454369,0.32976882389380946
TP,northwest_india,Week 4,2026-03-26,ECMWF,0.6706746142820286,0.9362689918050346,0.2836731535997643,1.9085393810454845,1.5822870374513578,0.8290565304366904
TP,central_india,Week 4,2026-03-26,ECMWF,0.322850866368476,0.3363430594743895,0.040114379428545566,0.7955917636560379,0.7250424395559106,0.9113247178729866
TP,south_peninsula,Week 4,2026-03-26,ECMWF,0.5990089400999606,0.47687279106194813,-0.2561189300946014,1.4554073176414726,1.4466536680440425,0.9939854297203785
TP,east_northeast_india,Week 4,2026-03-26,ECMWF,4.602856128488843,4.426153658448189,-0.039922353283732503,13.481130681679433,4.981452240953894,0.369512940611397
TP,All India,Week 5,2026-03-26,ECMWF,1.3836085672389238,1.3880305368881185,0.0031857870066089866,5.620990704644664,2.141398646096799,0.38096463036797873
TP,northwest_india,Week 5,2026-03-26,ECMWF,0.7027414680872702,0.9103302482085015,0.22803678173910935,1.781376503930488,1.4310119480873895,0.8033180773014337
TP,central_india,Week 5,2026-03-26,ECMWF,0.33026576175409467,0.2776442474565739,-0.189528559585054,0.6533187994112691,0.9557569340586644,1.4629258103699663
TP,south_peninsula,Week 5,2026-03-26,ECMWF,1.0676326990244072,0.7005473042244479,-0.5239980121061876,3.077235651171657,2.5137277594844525,0.816878537894019
TP,east_northeast_india,Week 5,2026-03-26,ECMWF,5.6709659138848005,5.824300575264755,0.026326708142631272,13.872007733632607,5.939029706513524,0.42813050717340495
TP,All India,Week 6,2026-03-26,ECMWF,1.844734176253324,1.7102428819761466,-0.07863871014728385,5.185001404997869,2.668446335388135,0.5146471769160942
TP,northwest_india,Week 6,2026-03-26,ECMWF,1.7599479196270649,1.7805817670974766,0.011588261685980816,5.104560519400451,1.9195870707156146,0.3760533474762441
TP,central_india,Week 6,2026-03-26,ECMWF,0.9248399568827729,0.8109430604583053,-0.14044993043050225,2.7081314169483406,1.3490900635903746,0.4981627018346833
TP,south_peninsula,Week 6,2026-03-26,ECMWF,1.0370240988169075,0.7155527176113303,-0.4492630288355526,2.792390276852524,2.6961570639224175,0.9655373341871907
TP,east_northeast_india,Week 6,2026-03-26,ECMWF,5.13713339286006,4.8494442202637655,-0.059324153352288134,9.854898524882373,7.284507490591373,0.7391763063007613
TP,All India,Week 1,2026-01-01,NCEP,0.15927188529626182,0.7355081921984399,0.7834532817096206,0.5591717000875067,0.11642293863141197,0.20820606374248293
TP,northwest_india,Week 1,2026-01-01,NCEP,0.22078745437497993,0.7566478769074196,0.7082031667393489,0.6026622728647701,0.14698830607226968,0.24389830372748753
TP,central_india,Week 1,2026-01-01,NCEP,0.028859917307137002,0.21484834490935042,0.8656730759582361,0.08782335734124623,0.062261994372036326,0.7089457321713547
TP,south_peninsula,Week 1,2026-01-01,NCEP,0.2709088804105257,0.48815710512057614,0.4450375144214884,0.9118176336962439,0.20376373293353062,0.2234698314700623
TP,east_northeast_india,Week 1,2026-01-01,NCEP,0.1840047478374627,2.1869287431773015,0.9158615714336766,0.5036628485490207,0.06474372871962666,0.12854577006452614
TP,All India,Week 2,2026-01-01,NCEP,0.39383027986859426,0.9081541442463744,0.5663398307834495,1.7168534596706633,0.6640848687466255,0.3868034659603471
TP,northwest_india,Week 2,2026-01-01,NCEP,0.2770859090482218,0.7838251901206427,0.646495274022038,0.5950333108629569,0.8782339988593352,1.4759408974695247
TP,central_india,Week 2,2026-01-01,NCEP,0.16287551496908043,0.21507911235834629,0.24271811807689037,0.4142273569234993,0.5152409774473908,1.2438603313748469
TP,south_peninsula,Week 2,2026-01-01,NCEP,1.2831097925763284,1.3126634299141042,0.02251425358875858,3.8641365835674466,1.008470957036774,0.26098222338345345
TP,east_northeast_india,Week 2,2026-01-01,NCEP,0.0699664720052828,2.2601200902688245,0.9690430290379124,0.20728433942248523,0.10793325759992364,0.5207014572380935
TP,All India,Week 3,2026-01-01,NCEP,0.3260877725671003,0.7423688529518869,0.5607469638974278,0.8169607540932133,0.8879472529186725,1.086890953414587
TP,northwest_india,Week 3,2026-01-01,NCEP,0.5715289347327468,0.8107850069877364,0.2950918803295144,1.2942694936093169,1.421388244268801,1.098216601169351
TP,central_india,Week 3,2026-01-01,NCEP,0.14503517365186183,0.215967756589073,0.32844061566179195,0.2644931291634309,0.4925836616479566,1.862368460027512
TP,south_peninsula,Week 3,2026-01-01,NCEP,0.25112881686474187,0.4058960304215757,0.38129767713196894,0.47867798350545443,0.7483110327666953,1.5632869247226795
TP,east_northeast_india,Week 3,2026-01-01,NCEP,0.2970239401036475,2.2145537982401033,0.8658763944503443,0.6141445520570094,0.8000719387908967,1.3027420598475459
TP,All India,Week 4,2026-01-01,NCEP,1.4643035407961815,1.7242570766322862,0.15076263241664056,5.910480197734817,0.6639185721279531,0.1123290409436443
TP,northwest_india,Week 4,2026-01-01,NCEP,3.8569202567770446,3.532990186595098,-0.09168722613807567,10.028298460061983,1.2049679878274533,0.12015677361680814
TP,central_india,Week 4,2026-01-01,NCEP,0.24327402233426204,0.3597409040544433,0.3237521238412052,1.7317004863414245,0.2064988253109499,0.11924627089943331
TP,south_peninsula,Week 4,2026-01-01,NCEP,0.4185739075469976,0.6550082018104746,0.36096386825380367,2.476597696599133,0.27899532661933296,0.11265266337057879
TP,east_northeast_india,Week 4,2026-01-01,NCEP,0.3300574581435535,2.222447236114335,0.8514891814841837,0.6308628437231399,1.0064679804315635,1.5953831969112788
TP,All India,Week 5,2026-01-01,NCEP,0.2997591462584969,0.7542081659831894,0.602551179132714,0.9940322715500934,0.5564991416547306,0.5598401154390351
TP,northwest_india,Week 5,2026-01-01,NCEP,0.6231783064043214,0.8396894183256881,0.2578466599627782,1.4930169403375655,1.2627413621369723,0.8457649260506523
TP,central_india,Week 5,2026-01-01,NCEP,0.08977932233949736,0.24887316408016846,0.6392567166840972,0.38178886397127465,0.14797331253404283,0.3875789120585146
TP,south_peninsula,Week 5,2026-01-01,NCEP,0.05945652582103189,0.4136095384046845,0.8562496260353204,0.2507590122771061,0.14981262899206696,0.597436668902307
TP,east_northeast_india,Week 5,2026-01-01,NCEP,0.37223743267997766,2.146115476192773,0.8265529339826905,1.1635320258644721,0.45359737001093325,0.3898451954289122
TP,All India,Week 6,2026-01-01,NCEP,0.23015865869355706,0.7258627365452962,0.6829171038742331,0.784337665885095,0.5501000450444177,0.7013561492340813
TP,northwest_india,Week 6,2026-01-01,NCEP,0.4081296544106827,0.7867677538242012,0.4812577759740303,1.162481034315782,0.8748061616324813,0.7525337066229028
TP,central_india,Week 6,2026-01-01,NCEP,0.057034005235253975,0.21624020419868387,0.7362469877116352,0.12273702490024294,0.21108165676526158,1.7197879526314295
TP,south_peninsula,Week 6,2026-01-01,NCEP,0.04103090161394458,0.416995123554778,0.9016034018235837,0.12219020758175714,0.12577123472768956,1.0293069896254687
TP,east_northeast_india,Week 6,2026-01-01,NCEP,0.47241337740658756,2.1417595074259936,0.7794274400236735,1.060945281706345,1.143642483247875,1.0779467169207126
TP,All India,Week 1,2026-01-08,NCEP,0.4014551034337072,0.9081541442463744,0.5579438733202589,2.1447920792032034,0.31240092118082935,0.14565557389455075
TP,northwest_india,Week 1,2026-01-08,NCEP,0.03761009824861267,0.7838251901206427,0.952017237105095,0.19023073887756603,0.054185825343222194,0.28484263722539926
TP,central_india,Week 1,2026-01-08,NCEP,0.2245310004394407,0.21507911235834629,-0.04394609954195117,0.8762558459126356,0.37585485076459807,0.4289327740497283
TP,south_peninsula,Week 1,2026-01-08,NCEP,1.6361904840856052,1.3126634299141042,-0.24646611370339722,4.828304047622319,0.8450925810114824,0.17502886576242963
TP,east_northeast_india,Week 1,2026-01-08,NCEP,0.06393909777979256,2.2601200902688245,0.9717098670751662,0.20045447701419716,0.06849484983584685,0.3416977802446174
TP,All India,Week 2,2026-01-08,NCEP,0.3872357676487042,0.7423688529518869,0.478378213055497,0.995607618521006,0.8862856278924482,0.890195707028681
TP,northwest_india,Week 2,2026-01-08,NCEP,0.563663470806799,0.8107850069877364,0.3047929279045921,1.4207013979377443,1.2510800991295528,0.8806073541882835
TP,central_india,Week 2,2026-01-08,NCEP,0.3724409308967947,0.215967756589073,-0.7245209969256983,0.7992284684807981,1.0117652883616512,1.265927489150694
TP,south_peninsula,Week 2,2026-01-08,NCEP,0.25269571080592707,0.4058960304215757,0.37743734388466477,0.6108827275601716,0.4300499096030995,0.7039811246926111
TP,east_northeast_india,Week 2,2026-01-08,NCEP,0.20312399031178022,2.2145537982401033,0.9082776898564388,0.5677488247507322,0.37052371554780617,0.6526190797673304
TP,All India,Week 3,2026-01-08,NCEP,1.449055256814283,1.7242570766322862,0.1596060260083204,5.911914906521492,0.41613704346076474,0.07038955229239173
TP,northwest_india,Week 3,2026-01-08,NCEP,3.8660160052882304,3.532990186595098,-0.09426174461415204,10.038399453139224,0.6754134504172471,0.06728298207001822
TP,central_india,Week 3,2026-01-08,NCEP,0.2731260339740796,0.3597409040544433,0.24077014624740978,1.7062156668045392,0.4087476433023222,0.2395638788546815
TP,south_peninsula,Week 3,2026-01-08,NCEP,0.41444644686407545,0.6550082018104746,0.3672652560402675,2.4845280654980453,0.15185057678460426,0.06111847915638839
TP,east_northeast_india,Week 3,2026-01-08,NCEP,0.14473859704442552,2.222447236114335,0.9348742257217848,0.4694762695522941,0.19560616015363277,0.41664759826980896
TP,All India,Week 4,2026-01-08,NCEP,0.43972808267354296,0.7542081659831894,0.41696722137672515,1.0478217535993886,1.1365997169132376,1.0847262074955846
TP,northwest_india,Week 4,2026-01-08,NCEP,0.7114589757996512,0.8396894183256881,0.1527117523783067,1.4697258137422686,1.777491594502149,1.2094035349193712
TP,central_india,Week 4,2026-01-08,NCEP,0.22717086513166282,0.24887316408016846,0.08720224628765028,0.5137187092995192,0.670028243996419,1.3042706677162597
TP,south_peninsula,Week 4,2026-01-08,NCEP,0.2548592784200284,0.4136095384046845,0.3838167286880396,0.5362557707431926,0.8481548790206689,1.5816237797221608
TP,east_northeast_india,Week 4,2026-01-08,NCEP,0.5620084829555394,2.146115476192773,0.7381275662050827,1.3008875796918562,1.1619355823308892,0.8931867752985383
TP,All India,Week 5,2026-01-08,NCEP,0.27094959231727733,0.7258627365452962,0.6267206199248538,0.7694860277436866,0.7782941989498375,1.01144682409891
TP,northwest_india,Week 5,2026-01-08,NCEP,0.48466243046415985,0.7867677538242012,0.38398284867626264,1.1248122839447314,1.3750215871641578,1.2224453864799014
TP,central_india,Week 5,2026-01-08,NCEP,0.08171810324792331,0.21624020419868387,0.6220956988514503,0.15817119232181293,0.3071266086946181,1.9417354335278862
TP,south_peninsula,Week 5,2026-01-08,NCEP,0.17233660304454537,0.416995123554778,0.5867179415063193,0.4004145193132191,0.6417586503735809,1.6027357136657012
TP,east_northeast_india,Week 5,2026-01-08,NCEP,0.3593096988990808,2.1417595074259936,0.8322362068881833,0.9773306321273798,0.721558541465282,0.7382952275778439
TP,All India,Week 6,2026-01-08,NCEP,0.45490355356088596,0.7450305606323538,0.389416250019622,1.177745695713432,1.2638723240418297,1.0731283745225029
TP,northwest_india,Week 6,2026-01-08,NCEP,0.7582999608763876,0.828173235250949,0.08437036045168578,1.540364159716537,2.0526889969516904,1.3325998167403694
TP,central_india,Week 6,2026-01-08,NCEP,0.1310942490921356,0.23030769806089962,0.4307865078071741,0.36166501072488116,0.42110404559909315,1.1643483143560915
TP,south_peninsula,Week 6,2026-01-08,NCEP,0.13991787776662365,0.4167864180836203,0.6642935765278422,0.4186932941056196,0.4987638759753371,1.1912392268922245
TP,east_northeast_india,Week 6,2026-01-08,NCEP,0.9241678004246415,2.148124483869879,0.5697792156068446,1.900806206702772,2.418948337409351,1.272590719074604
TP,All India,Week 1,2026-01-15,NCEP,0.15221063797960893,0.7423688529518869,0.7949662928686021,0.6495160113610841,0.11648823978830754,0.1793462174153371
TP,northwest_india,Week 1,2026-01-15,NCEP,0.35104510794182514,0.8107850069877364,0.567030587743546,1.065801522021242,0.23497453227032583,0.22046743921392398
TP,central_india,Week 1,2026-01-15,NCEP,0.01278415352607846,0.215967756589073,0.9408052677492817,0.015120130714529667,0.05094345938828333,3.369247286951646
TP,south_peninsula,Week 1,2026-01-15,NCEP,0.07995779855637623,0.4058960304215757,0.8030091635206935,0.3255854759782639,0.07309603225257931,0.22450642809834429
TP,east_northeast_india,Week 1,2026-01-15,NCEP,0.1264523336905379,2.2145537982401033,0.9428994076409302,0.4678096194145233,0.06147566658597751,0.13141171971392124
TP,All India,Week 2,2026-01-15,NCEP,1.18178757574973,1.7242570766322862,0.3146105695225416,4.709909585907206,1.1560613592255606,0.24545298336186303
TP,northwest_india,Week 2,2026-01-15,NCEP,3.0889357229921073,3.532990186595098,0.12568799802723085,7.852840250971609,3.080207347668091,0.39224118270927333
TP,central_india,Week 2,2026-01-15,NCEP,0.21488524792889313,0.3597409040544433,0.40266662615499427,1.6560035305948126,0.19112854706373233,0.11541554322355926
TP,south_peninsula,Week 2,2026-01-15,NCEP,0.4131406176277565,0.6550082018104746,0.3692588634984788,2.4882742622183383,0.18276647171266008,0.07345109600166048
TP,east_northeast_india,Week 2,2026-01-15,NCEP,0.18234801072772797,2.222447236114335,0.9179517030755069,0.5204312573007235,0.36965890131392526,0.7102934270919922
TP,All India,Week 3,2026-01-15,NCEP,0.36083123581385085,0.7542081659831894,0.5215760686660433,1.0406315006203066,0.7783496625807873,0.7479589673355298
TP,northwest_india,Week 3,2026-01-15,NCEP,0.651101319801794,0.8396894183256881,0.2245926820179922,1.571280262762224,1.2661427420913047,0.8058032498069413
TP,central_india,Week 3,2026-01-15,NCEP,0.14845212559766613,0.24887316408016846,0.40350288008615554,0.43382246358447596,0.3377191533580205,0.7784731813276844
TP,south_peninsula,Week 3,2026-01-15,NCEP,0.1238400683032946,0.4136095384046845,0.7005870106841521,0.343899927606399,0.3719426216421509,1.0815431809798093
TP,east_northeast_india,Week 3,2026-01-15,NCEP,0.507073496084993,2.146115476192773,0.7637249711350362,1.1404602820230036,1.2255863240796525,1.0746418296178173
TP,All India,Week 4,2026-01-15,NCEP,0.5651700517847994,0.7258627365452962,0.22138164238228397,1.7315902951845399,1.6026337651757263,0.9255271120614185
TP,northwest_india,Week 4,2026-01-15,NCEP,1.267708546444095,0.7867677538242012,-0.6112868636039159,2.906190287079847,3.500910116458442,1.2046389845918082
TP,central_india,Week 4,2026-01-15,NCEP,0.1198083737864661,0.21624020419868387,0.4459477402436004,0.22832742216782362,0.4453609627607062,1.9505364643996204
TP,south_peninsula,Week 4,2026-01-15,NCEP,0.2750136546452597,0.416995123554778,0.34048712056669206,0.5564094466382302,1.022085770966464,1.8369310175120195
TP,east_northeast_india,Week 4,2026-01-15,NCEP,0.4095236574088979,2.1417595074259936,0.808791016923711,1.0857735511450244,0.8235279657153274,0.7584711976515355
TP,All India,Week 5,2026-01-15,NCEP,0.4650342989027417,0.7450305606323538,0.37581849191791794,1.300584132682538,1.244202965886936,0.9566493505658014
TP,northwest_india,Week 5,2026-01-15,NCEP,0.9027206208787504,0.828173235250949,-0.0900142415314984,1.98834792062291,2.418819166795249,1.2164969428677659
TP,central_india,Week 5,2026-01-15,NCEP,0.12541663212414242,0.23030769806089962,0.45543881867561875,0.3112165172717239,0.40096182158602695,1.2883693484557126
TP,south_peninsula,Week 5,2026-01-15,NCEP,0.15697496223951532,0.4167864180836203,0.6233683358462481,0.31859755831859143,0.5248143546785944,1.6472642083270146
TP,east_northeast_india,Week 5,2026-01-15,NCEP,0.6684969839405188,2.148124483869879,0.6887996999428025,1.5406679544229192,1.5008284387019875,0.97414140041885
TP,All India,Week 6,2026-01-15,NCEP,0.7560328420670029,0.7477133217390258,-0.011126617763914659,2.024055000952402,1.6091742110291192,0.7950249426383847
TP,northwest_india,Week 6,2026-01-15,NCEP,1.3355238897559942,0.7779097307760924,-0.7168108803878701,2.783129362385707,3.197409506614919,1.1488540740607507
TP,central_india,Week 6,2026-01-15,NCEP,0.19774701255486457,0.24507384062571003,0.19311252457631956,0.5004129151843391,0.4598952081188153,0.9190314521546709
TP,south_peninsula,Week 6,2026-01-15,NCEP,0.5388538421392456,0.5564085980974903,0.031550116260368966,2.1151112955543123,0.20737924976601313,0.09804649533189919
TP,east_northeast_india,Week 6,2026-01-15,NCEP,1.0363749727084026,2.0684294819842677,0.4989556174212928,2.108900041208685,2.5109296297365233,1.1906347293243074
TP,All India,Week 1,2026-01-22,NCEP,0.9972276643687155,1.7242570766322862,0.4216479213665518,3.92081111778477,0.4813771153633567,0.12277488022308285
TP,northwest_india,Week 1,2026-01-22,NCEP,2.489054381106357,3.532990186595098,0.2954822262030762,6.457509230034035,0.9430379106977725,0.14603740809408058
TP,central_india,Week 1,2026-01-22,NCEP,0.19531698792641888,0.3597409040544433,0.45706205292445823,1.7095368023555055,0.08220332111643418,0.04808514271419566
TP,south_peninsula,Week 1,2026-01-22,NCEP,0.568810939785517,0.6550082018104746,0.13159722548008435,2.064492793840465,0.7264865081511748,0.3518958798590578
TP,east_northeast_india,Week 1,2026-01-22,NCEP,0.10449198689743734,2.222447236114335,0.9529833666242047,0.38550863975453714,0.08020985338232114,0.20806240148960795
TP,All India,Week 2,2026-01-22,NCEP,0.3975861799858422,0.7542081659831894,0.4728429127155539,1.1400529527347023,0.7940413527589651,0.6964951503824961
TP,northwest_india,Week 2,2026-01-22,NCEP,0.7541719795227186,0.8396894183256881,0.10184413062330633,1.7396810021993991,1.2947181546639128,0.744227334222228
TP,central_india,Week 2,2026-01-22,NCEP,0.14187481943308955,0.24887316408016846,0.42993122638410297,0.4250667663004765,0.3574517217956479,0.8409307669632491
TP,south_peninsula,Week 2,2026-01-22,NCEP,0.06108047612500895,0.4136095384046845,0.8523233377049286,0.24608460620002381,0.16466799722476602,0.6691519626827843
TP,east_northeast_india,Week 2,2026-01-22,NCEP,0.6218426965412279,2.146115476192773,0.7102473266516012,1.2757028410117557,1.4813628622519492,1.1612131090631461
TP,All India,Week 3,2026-01-22,NCEP,0.3769835931107219,0.7258627365452962,0.48064065817050405,1.0073196802286806,0.9635673350597649,0.9565655808898889
TP,northwest_india,Week 3,2026-01-22,NCEP,0.8043659020160386,0.7867677538242012,-0.02236765310512423,1.5849265480440553,2.080839384129652,1.3128932610142714
TP,central_india,Week 3,2026-01-22,NCEP,0.1383614213028999,0.21624020419868387,0.3601494143255066,0.2898132553089543,0.4783185878209691,1.6504372352156889
TP,south_peninsula,Week 3,2026-01-22,NCEP,0.05587823928636436,0.416995123554778,0.8659978591355781,0.1335440878651715,0.16737231316119003,1.2533112909511361
TP,east_northeast_india,Week 3,2026-01-22,NCEP,0.3883954882716991,2.1417595074259936,0.8186558822664081,1.0543619013776329,0.6229489478542777,0.590830289903619
TP,All India,Week 4,2026-01-22,NCEP,0.25988734667289287,0.7450305606323538,0.6511722331869041,0.9044388192659998,0.5173178074221315,0.571976563148807
TP,northwest_india,Week 4,2026-01-22,NCEP,0.510772932783775,0.828173235250949,0.383253513826726,1.1982232103614896,1.1773358613841869,0.9825680651178496
TP,central_india,Week 4,2026-01-22,NCEP,0.06347352927071169,0.23030769806089962,0.7243968403786157,0.27899855552477804,0.13905079306858512,0.4983925196567404
TP,south_peninsula,Week 4,2026-01-22,NCEP,0.07266523877869356,0.4167864180836203,0.8256535346981613,0.15950929409888187,0.23043415849768353,1.4446440867253443
TP,east_northeast_india,Week 4,2026-01-22,NCEP,0.3937349120036064,2.148124483869879,0.8167075907564318,1.4650860663637342,0.2971472785467219,0.20281899157243757
TP,All India,Week 5,2026-01-22,NCEP,0.4635173144324104,0.7477133217390258,0.38008685821677557,1.5119271192749415,0.7735216291816555,0.5116130396236327
TP,northwest_india,Week 5,2026-01-22,NCEP,0.6308253324643085,0.7779097307760924,0.18907643456914092,1.5830457316881912,1.5936559545738507,1.0067024108484501
TP,central_india,Week 5,2026-01-22,NCEP,0.18248396222228017,0.24507384062571003,0.2553919187932444,0.5151164313503747,0.3269969372543076,0.6348019930117296
TP,south_peninsula,Week 5,2026-01-22,NCEP,0.5690009705967126,0.5564085980974903,-0.022631520329267074,2.142398638105562,0.28125578052042494,0.1312807875798167
TP,east_northeast_india,Week 5,2026-01-22,NCEP,0.6090360911628017,2.0684294819842677,0.7055562703648246,1.8855997041992445,0.615192400943083,0.3262582188430795
TP,All India,Week 6,2026-01-22,NCEP,0.4700527676569542,0.7129712397751086,0.340712862688231,1.6059535202349333,0.9719794318661569,0.6052350952996243
TP,northwest_india,Week 6,2026-01-22,NCEP,0.6961973682843642,0.7802553804285038,0.10773140980838392,1.6063714316917594,1.8352367925615067,1.1424735004336553
TP,central_india,Week 6,2026-01-22,NCEP,0.08542241226012973,0.21617318536583968,0.6048427000066381,0.1830628490164389,0.31647496717020973,1.7287776786528135
TP,south_peninsula,Week 6,2026-01-22,NCEP,0.33051069838373665,0.4582909203477867,0.27881901275085375,1.7034985619879635,0.3668100105567757,0.21532745535676448
TP,east_northeast_india,Week 6,2026-01-22,NCEP,1.0287093497908602,2.0181986976347024,0.4902834141175041,2.8269197141037385,1.3375122149375966,0.4731341354565666
TP,All India,Week 1,2026-01-29,NCEP,0.3900352918377528,0.7542081659831894,0.4828545891845377,1.3879218259317734,0.3376721643249696,0.24329335991115733
TP,northwest_india,Week 1,2026-01-29,NCEP,0.6295268355541924,0.8396894183256881,0.2502860917201418,1.6088572358088806,0.5722539459215795,0.3556896989892761
TP,central_india,Week 1,2026-01-29,NCEP,0.08473218959732155,0.24887316408016846,0.6595366563104926,0.42811945086849607,0.1151848943894418,0.2690484960582245
TP,south_peninsula,Week 1,2026-01-29,NCEP,0.6149293278747997,0.4136095384046845,-0.48673874941718487,2.172594825179641,0.5170158857999846,0.2379716087914529
TP,east_northeast_india,Week 1,2026-01-29,NCEP,0.28476189590349266,2.146115476192773,0.8673128733926925,0.9933265632557454,0.11055785438370022,0.11130061197732774
TP,All India,Week 2,2026-01-29,NCEP,0.3490167738065713,0.7258627365452962,0.5191697324652627,1.4297362922901475,0.797497031463495,0.5577930949672311
TP,northwest_india,Week 2,2026-01-29,NCEP,0.8427769767802619,0.7867677538242012,-0.07118901694155566,2.4178965494012647,1.9854312470111501,0.821139865352302
TP,central_india,Week 2,2026-01-29,NCEP,0.0689974163876547,0.21624020419868387,0.6809223490916652,0.1636943441870572,0.24048117055956522,1.4690866184402926
TP,south_peninsula,Week 2,2026-01-29,NCEP,0.03402115430179649,0.416995123554778,0.9184135439959711,0.12060783185627069,0.07865534885773535,0.6521578876525163
TP,east_northeast_india,Week 2,2026-01-29,NCEP,0.3024466485882308,2.1417595074259936,0.8587858965772881,0.935677043425527,0.37028391289945806,0.3957390164707294
TP,All India,Week 3,2026-01-29,NCEP,0.3800244442238202,0.7450305606323538,0.4899209988094049,1.5215172217803525,0.7539564134580801,0.4955293326064776
TP,northwest_india,Week 3,2026-01-29,NCEP,0.8833661527743405,0.828173235250949,-0.06664416956998997,2.4572916393304727,1.899686189060338,0.7730812894386183
TP,central_india,Week 3,2026-01-29,NCEP,0.08006186969889105,0.23030769806089962,0.6523699799312808,0.29126556733705,0.20185485367916142,0.6930268329506204
TP,south_peninsula,Week 3,2026-01-29,NCEP,0.04262831173665742,0.4167864180836203,0.8977214470359616,0.12323751716024514,0.1288310795733812,1.0453884705082364
TP,east_northeast_india,Week 3,2026-01-29,NCEP,0.38597555170395287,2.148124483869879,0.8203197465499709,1.4632534243989026,0.2910730959120535,0.198921862104389
TP,All India,Week 4,2026-01-29,NCEP,0.39334457569110304,0.7477133217390258,0.47393664890674236,1.4275021778207075,0.5441660369742848,0.3812015459093971
TP,northwest_india,Week 4,2026-01-29,NCEP,0.4907937774841931,0.7779097307760924,0.3690864658621176,1.3302980943098843,1.1837833403356106,0.8898632159205785
TP,central_india,Week 4,2026-01-29,NCEP,0.13333445980281358,0.24507384062571003,0.45594168899303633,0.4419627720977042,0.1945984267562539,0.44030501897846336
TP,south_peninsula,Week 4,2026-01-29,NCEP,0.5573169267343479,0.5564085980974903,-0.0016324849040136868,2.152743854412432,0.12006883134583955,0.055774787650531246
TP,east_northeast_india,Week 4,2026-01-29,NCEP,0.5706197376585923,2.0684294819842677,0.7241289864466685,1.8979923579866909,0.47371898161485276,0.24958950947376501
TP,All India,Week 5,2026-01-29,NCEP,0.42898903712670927,0.7129712397751086,0.3983080758460543,1.5413135381817222,0.8282022118322934,0.5373353255621943
TP,northwest_india,Week 5,2026-01-29,NCEP,0.6559674466626424,0.7802553804285038,0.15929135111840498,1.5448564721668532,1.5001856832949176,0.9710841818144573
TP,central_india,Week 5,2026-01-29,NCEP,0.05345020083400769,0.21617318536583968,0.7527436127494189,0.09223478484237839,0.19371022972664406,2.1001862806714278
TP,south_peninsula,Week 5,2026-01-29,NCEP,0.2960032781793334,0.4582909203477867,0.3541148972475754,1.7366711647591202,0.15684270288342433,0.09031226294655427
TP,east_northeast_india,Week 5,2026-01-29,NCEP,0.9568902681034491,2.0181986976347024,0.5258691479560909,2.6389707028109286,1.6458525454800712,0.6236721551046297
TP,All India,Week 6,2026-01-29,NCEP,0.5917907580507649,0.8718010264225065,0.3211859815315684,2.016788203775614,1.0123299100493115,0.5019515227995365
TP,northwest_india,Week 6,2026-01-29,NCEP,1.0439063384870437,1.120343680279341,0.06822669073586307,2.512989640824916,2.245317450345142,0.8934845627171357
TP,central_india,Week 6,2026-01-29,NCEP,0.07993489119452357,0.2152450577462616,0.6286330936863898,0.16158373140455665,0.28060897462870227,1.736616503341803
TP,south_peninsula,Week 6,2026-01-29,NCEP,0.37829928537777374,0.5139010769305364,0.26386749831834244,2.3450343387025696,0.1492660061500628,0.06365194900840845
TP,east_northeast_india,Week 6,2026-01-29,NCEP,1.0396493513099032,2.274653900820744,0.5429417411876263,2.571301763941895,1.0654125687999216,0.41434754323296813
TP,All India,Week 1,2026-02-05,NCEP,0.2288747912912947,0.7258627365452962,0.6846858506876773,1.2955594106054809,0.21957280122665507,0.16948107468420728
TP,northwest_india,Week 1,2026-02-05,NCEP,0.4927258212369932,0.7867677538242012,0.37373409263149593,2.106289654608053,0.423456600285219,0.2010438589767548
TP,central_india,Week 1,2026-02-05,NCEP,0.011826528964145095,0.21624020419868387,0.9453083712717976,0.0037316754952910034,0.05037609029085877,13.499590292464685
TP,south_peninsula,Week 1,2026-02-05,NCEP,0.11475070978314979,0.416995123554778,0.7248152237250907,0.6147772289476132,0.29035908248803693,0.4722996702156306
TP,east_northeast_india,Week 1,2026-02-05,NCEP,0.29059406955987577,2.1417595074259936,0.8643199348235334,1.0528946971140694,0.07281825131372135,0.06916005134541228
TP,All India,Week 2,2026-02-05,NCEP,0.38315550451949953,0.7450305606323538,0.48571840570634905,1.1782973021289511,0.7373820208176607,0.6258030290703005
TP,northwest_india,Week 2,2026-02-05,NCEP,0.6275854404648066,0.828173235250949,0.24220511633095854,1.4864925285882042,1.167958891851154,0.785714606288955
TP,central_india,Week 2,2026-02-05,NCEP,0.16564294106129235,0.23030769806089962,0.28077549098036725,0.5036887522285638,0.510411161446053,1.0133463556367817
TP,south_peninsula,Week 2,2026-02-05,NCEP,0.35099584222144936,0.4167864180836203,0.157852014863333,1.1630824116186842,0.8172031425660646,0.7026184339153984
TP,east_northeast_india,Week 2,2026-02-05,NCEP,0.3863577441699077,2.148124483869879,0.8201418274075634,1.4939433046382768,0.21627971699985296,0.14477103403346353
TP,All India,Week 3,2026-02-05,NCEP,0.3411701193079892,0.7477133217390258,0.54371533930344,1.322422335864687,0.38084291747425547,0.2879888724998245
TP,northwest_india,Week 3,2026-02-05,NCEP,0.33855615264291133,0.7779097307760924,0.5647873535337498,0.8738920818670867,0.8346602364653765,0.9551067617892925
TP,central_india,Week 3,2026-02-05,NCEP,0.1271054284035377,0.24507384062571003,0.4813586465245797,0.4441756037454374,0.10552743511814423,0.23758043942148457
TP,south_peninsula,Week 3,2026-02-05,NCEP,0.5545134414975191,0.5564085980974903,0.003406051966937995,2.1260317549835253,0.2120377268422658,0.09973403564892139
TP,east_northeast_india,Week 3,2026-02-05,NCEP,0.570566947097589,2.0684294819842677,0.7241545084968342,1.9993435690953638,0.22884531375965644,0.11446022449418301
TP,All India,Week 4,2026-02-05,NCEP,0.5412732727621007,0.7129712397751086,0.2408203268720437,1.6596639970729687,1.1302644744019852,0.6810200597201315
TP,northwest_india,Week 4,2026-02-05,NCEP,0.8369038873430211,0.7802553804285038,-0.07260252006645151,1.771545237859205,2.0969303409120608,1.1836730420985817
TP,central_india,Week 4,2026-02-05,NCEP,0.1428701608249014,0.21617318536583968,0.33909397419890097,0.2637211097101112,0.5150641617441287,1.9530638344055964
TP,south_peninsula,Week 4,2026-02-05,NCEP,0.33041731601264457,0.4582909203477867,0.27902277496159367,1.7053848411996695,0.3589949805098424,0.2105067265974429
TP,east_northeast_india,Week 4,2026-02-05,NCEP,1.0683788690007465,2.0181986976347024,0.4706275104364749,2.803581216142397,1.3845324784005366,0.49384425549319083
TP,All India,Week 5,2026-02-05,NCEP,0.7916023008965576,0.8718010264225065,0.09199200631255244,2.2440963482000154,1.8155113764121145,0.8090166796395939
TP,northwest_india,Week 5,2026-02-05,NCEP,1.3817449524816137,1.120343680279341,-0.2333223963356461,3.0483556457700156,3.3589690414946256,1.1018953927359578
TP,central_india,Week 5,2026-02-05,NCEP,0.23163355089941318,0.2152450577462616,-0.07613876631941485,0.40840030555717644,0.8235706115560009,2.01657687408537
TP,south_peninsula,Week 5,2026-02-05,NCEP,0.5147121541896393,0.5139010769305364,-0.0015782750718238425,2.31020344055507,0.8682214495230081,0.3758203430406118
TP,east_northeast_india,Week 5,2026-02-05,NCEP,1.1268300317543776,2.274653900820744,0.5046147322246285,2.547818763397798,1.8899397550144827,0.7417873602963969
TP,All India,Week 6,2026-02-05,NCEP,2.064784223910833,1.7289860438761468,-0.1942168250715739,7.986456801637417,1.8063233992338266,0.2261733136606319
TP,northwest_india,Week 6,2026-02-05,NCEP,1.2858637898232261,1.3209134775745053,0.026534431169283113,3.1186166351923448,3.01972085064973,0.96828857275158
TP,central_india,Week 6,2026-02-05,NCEP,0.3828369596613216,0.33235259532844263,-0.1519000153526362,0.919781708603178,0.7111278345306858,0.773148484992854
TP,south_peninsula,Week 6,2026-02-05,NCEP,0.7034087028777787,0.7065723538507559,0.004477462153359979,1.6609925783609867,0.8222197404905847,0.49501710676029886
TP,east_northeast_india,Week 6,2026-02-05,NCEP,9.303655281863778,7.084086060791779,-0.313317653402974,20.040300153318594,2.8834115015616533,0.1438806544563741
TP,All India,Week 1,2026-02-12,NCEP,0.1980414226282953,0.7450305606323538,0.7341834911306119,0.8200201260180341,0.10576212304997033,0.12897503328795662
TP,northwest_india,Week 1,2026-02-12,NCEP,0.3245533015627227,0.828173235250949,0.6081094054381289,0.9202576682856536,0.16501732906317107,0.17931644011245412
TP,central_india,Week 1,2026-02-12,NCEP,0.03854359753657517,0.23030769806089962,0.8326430342489759,0.2654183532727462,0.05102156947028228,0.19223075134465956
TP,south_peninsula,Week 1,2026-02-12,NCEP,0.1419169064070208,0.4167864180836203,0.6594972862610224,0.5823442740111706,0.12805545278086997,0.2198964744666032
TP,east_northeast_india,Week 1,2026-02-12,NCEP,0.35604139809232105,2.148124483869879,0.834254764672247,1.4428550576620711,0.07368986954919442,0.05107226062512317
TP,All India,Week 2,2026-02-12,NCEP,0.3255519274742911,0.7477133217390258,0.5646032804161828,1.4390729963801312,0.38578292139718934,0.26807738201439
TP,northwest_india,Week 2,2026-02-12,NCEP,0.13708351356774398,0.7779097307760924,0.8237796647292472,0.461580212886688,0.2490588447671184,0.5395786860305885
TP,central_india,Week 2,2026-02-12,NCEP,0.12642774792521308,0.24507384062571003,0.48412385588594764,0.45067738015805603,0.12908555051674214,0.28642562551391165
TP,south_peninsula,Week 2,2026-02-12,NCEP,0.5417378918001459,0.5564085980974903,0.026366785753325073,2.119781220422904,0.14316436501988342,0.06753733057004893
TP,east_northeast_india,Week 2,2026-02-12,NCEP,0.9232007968213679,2.0684294819842677,0.5536706448721999,2.7170640668525916,1.5729141010064873,0.5789021025288258
TP,All India,Week 3,2026-02-12,NCEP,0.2991725831120471,0.7129712397751086,0.5803861833102628,1.370974732222314,0.4229673983952539,0.3085158234168436
TP,northwest_india,Week 3,2026-02-12,NCEP,0.2680986526806279,0.7802553804285038,0.6563962781860058,0.7073598067705477,0.6600251839750536,0.933082679645596
TP,central_india,Week 3,2026-02-12,NCEP,0.027882150351571825,0.21617318536583968,0.8710193852008722,0.047753819134020055,0.10527903764048244,2.204620270161411
TP,south_peninsula,Week 3,2026-02-12,NCEP,0.3390336402700836,0.4582909203477867,0.2602217822408557,1.7350234289793935,0.30905920577068474,0.17812970165623934
TP,east_northeast_india,Week 3,2026-02-12,NCEP,0.9373803957534941,2.0181986976347024,0.5355361209715924,2.788329309244476,0.7729164489413091,0.2771969746825701
TP,All India,Week 4,2026-02-12,NCEP,0.5268607175761079,0.8718010264225065,0.3956640315759711,1.8841448263736005,0.9121484259313553,0.48411800046547404
TP,northwest_india,Week 4,2026-02-12,NCEP,0.7992338078024712,1.120343680279341,0.28661729264791835,2.2623534793560105,1.4496360999219793,0.6407646343287721
TP,central_india,Week 4,2026-02-12,NCEP,0.06815079514661065,0.2152450577462616,0.6833804415293512,0.1338253614149911,0.24628586155352358,1.8403526726880535
TP,south_peninsula,Week 4,2026-02-12,NCEP,0.428749307368841,0.5139010769305364,0.16569681089266397,2.338306076440621,0.35717825940345843,0.15275085798312452
TP,east_northeast_india,Week 4,2026-02-12,NCEP,1.102275368680195,2.274653900820744,0.515409632963296,2.410350925643468,1.9504076016172307,0.8091799334557682
TP,All India,Week 5,2026-02-12,NCEP,2.046259465617221,1.7289860438761468,-0.18350259266974245,7.997811602881789,1.3785990441763682,0.17237203282953406
TP,northwest_india,Week 5,2026-02-12,NCEP,1.229657235788363,1.3209134775745053,0.06908570722868934,3.157325561753663,2.319537260092605,0.7346525452396718
TP,central_india,Week 5,2026-02-12,NCEP,0.3719842225044708,0.33235259532844263,-0.11924572798013733,0.9086118096367778,0.6497454926850964,0.7150969047439912
TP,south_peninsula,Week 5,2026-02-12,NCEP,0.6764654705014493,0.7065723538507559,0.04260976697605945,1.68935322283317,0.28272638907004555,0.16735777056493403
TP,east_northeast_india,Week 5,2026-02-12,NCEP,9.360376730214591,7.084086060791779,-0.32132453641710756,20.05567200512829,2.352710397712376,0.11730897858275612
TP,All India,Week 6,2026-02-12,NCEP,1.6959346735265568,1.570605142218346,-0.07979696993172558,5.185745826554902,1.7252300807710597,0.33268697280468124
TP,northwest_india,Week 6,2026-02-12,NCEP,1.927326943708292,1.9299217299317035,0.0013445033460001143,5.521032722133302,2.0050180304995844,0.36315996144374496
TP,central_india,Week 6,2026-02-12,NCEP,0.5862340590698191,0.546269265109227,-0.07315951402208398,1.6678416002701173,0.9301201753801929,0.5576789637754294
TP,south_peninsula,Week 6,2026-02-12,NCEP,0.47678992212710414,0.47905321323186684,0.004724508764890056,0.8535866719240959,1.0045578711989553,1.1768668657097827
TP,east_northeast_india,Week 6,2026-02-12,NCEP,5.243483476642561,4.484902257079719,-0.16914108180738396,10.329791912121788,3.8278893329180264,0.3705679035437375
TP,All India,Week 1,2026-02-19,NCEP,0.3645607323847863,0.7477133217390258,0.5124324767453737,1.423711751438415,0.2932618312920905,0.20598399289448865
TP,northwest_india,Week 1,2026-02-19,NCEP,0.21889337994676858,0.7779097307760924,0.7186133926768257,0.5960079075967551,0.20565037412461892,0.34504638529688286
TP,central_india,Week 1,2026-02-19,NCEP,0.1961472492852542,0.24507384062571003,0.199640203195653,0.790302426154417,0.2590552186191798,0.3277925134049418
TP,south_peninsula,Week 1,2026-02-19,NCEP,0.6377331126145361,0.5564085980974903,-0.14615970133300604,2.21999987206182,0.3036595883436816,0.13678360623582309
TP,east_northeast_india,Week 1,2026-02-19,NCEP,0.7276338965989276,2.0684294819842677,0.6482191426217246,2.2961572507370733,0.5498454426684016,0.23946332181382596
TP,All India,Week 2,2026-02-19,NCEP,0.6590579155935299,0.7129712397751086,0.0756178106126475,2.1109654103473074,0.9320956633600207,0.4415494724788822
TP,northwest_india,Week 2,2026-02-19,NCEP,1.1538260528211626,0.7802553804285038,-0.47878000173161217,2.806240845209113,1.783783194060483,0.6356486461615737
TP,central_india,Week 2,2026-02-19,NCEP,0.16359284335935412,0.21617318536583968,0.2432324893464537,0.44229709551313323,0.4835361751941692,1.093238413951582
TP,south_peninsula,Week 2,2026-02-19,NCEP,0.39699869169714336,0.4582909203477867,0.13374087491004627,1.7854336165566123,0.34049996492591406,0.19070995514389516
TP,east_northeast_india,Week 2,2026-02-19,NCEP,1.0367396874362884,2.0181986976347024,0.48630445126570976,2.8815707658682874,0.8331056514848024,0.28911511088077246
TP,All India,Week 3,2026-02-19,NCEP,0.47119163928981506,0.8718010264225065,0.45951928822178456,1.9748175124641432,0.40094445370999876,0.2030286095699583
TP,northwest_india,Week 3,2026-02-19,NCEP,0.7027240963689051,1.120343680279341,0.372760244254967,2.3269575150066735,0.8192769813819503,0.35208076473179645
TP,central_india,Week 3,2026-02-19,NCEP,0.0336360502820261,0.2152450577462616,0.843731370029051,0.10337112536436696,0.093830802782502,0.9077080514675948
TP,south_peninsula,Week 3,2026-02-19,NCEP,0.365559820764701,0.5139010769305364,0.2886572198911477,2.3469139752133517,0.12848152786298642,0.054744881670111704
TP,east_northeast_india,Week 3,2026-02-19,NCEP,1.096825068657476,2.274653900820744,0.5178057337594444,2.7345344810810004,0.5281055504271067,0.19312448026559134
TP,All India,Week 4,2026-02-19,NCEP,2.0391477409111363,1.7289860438761468,-0.1793893583661612,8.06693737538624,1.2221167149143402,0.15149698801967282
TP,northwest_india,Week 4,2026-02-19,NCEP,1.2302807915002743,1.3209134775745053,0.06861364321957941,3.2656098981423574,2.104822833392675,0.6445420301396084
TP,central_india,Week 4,2026-02-19,NCEP,0.27049168334413853,0.33235259532844263,0.18613037134002508,0.8525339520073139,0.3228536466380994,0.3786988727873323
TP,south_peninsula,Week 4,2026-02-19,NCEP,0.6262281779021991,0.7065723538507559,0.11370976448581416,1.6760338955057887,0.242082735429504,0.14443785181113475
TP,east_northeast_india,Week 4,2026-02-19,NCEP,9.605710428074662,7.084086060791779,-0.3559562017801128,20.21009259643419,2.5686778752010495,0.12709876824880353
TP,All India,Week 5,2026-02-19,NCEP,1.7780863501334332,1.570605142218346,-0.132102717823805,5.15694573024544,1.581316336320771,0.30663815735860184
TP,northwest_india,Week 5,2026-02-19,NCEP,2.0588003525699707,1.9299217299317035,-0.06677919660650078,5.5792011443095415,2.094810545332329,0.37546782973919357
TP,central_india,Week 5,2026-02-19,NCEP,0.6996736178688433,0.546269265109227,-0.28082186305858325,1.780385825038404,0.9426272542184053,0.5294511116420916
TP,south_peninsula,Week 5,2026-02-19,NCEP,0.4404392743871401,0.47905321323186684,0.08060469646831736,0.8419604968023957,0.7411442135779441,0.8802600791755285
TP,east_northeast_india,Week 5,2026-02-19,NCEP,5.293876168514594,4.484902257079719,-0.1803771554124407,10.120881629477854,2.9647892686366726,0.2929378464422994
TP,All India,Week 6,2026-02-19,NCEP,1.3879574438062043,1.0910299522413258,-0.2721533821824911,4.385484747115181,2.2653587953043233,0.5165583569283876
TP,northwest_india,Week 6,2026-02-19,NCEP,1.4999650822772002,0.9787975263008393,-0.5324569606811378,3.0780795340960156,3.81938161743115,1.2408326604701732
TP,central_india,Week 6,2026-02-19,NCEP,0.49869976141987415,0.3650363494092379,-0.36616466340119946,0.947381001794154,1.2058318753392747,1.2728056326395245
TP,south_peninsula,Week 6,2026-02-19,NCEP,0.6474409544151564,0.6514069996760329,0.006088428989631578,2.4485637383076546,0.5457393422304085,0.2228814115362179
TP,east_northeast_india,Week 6,2026-02-19,NCEP,4.096907816653444,3.5422353437125937,-0.1565882611174847,9.94562024448742,3.4322411145529137,0.3451007609560911
TP,All India,Week 1,2026-02-26,NCEP,0.2596473921844836,0.7129712397751086,0.6358234698690177,1.3981253288224678,0.12201866939182907,0.08727305548108187
TP,northwest_india,Week 1,2026-02-26,NCEP,0.19985185421835142,0.7802553804285038,0.7438635359251276,0.6581713056479761,0.22409554857963032,0.3404821004145814
TP,central_india,Week 1,2026-02-26,NCEP,0.011842853214973244,0.21617318536583968,0.9452159008762764,0.0046463466988572585,0.049999999999999996,10.761142730114651
TP,south_peninsula,Week 1,2026-02-26,NCEP,0.29099484740477843,0.4582909203477867,0.3650433938687919,1.7354906479516792,0.0550752754014457,0.03173470019354385
TP,east_northeast_india,Week 1,2026-02-26,NCEP,0.9175123654990843,2.0181986976347024,0.5453805581311718,2.903339867616232,0.14694731909743614,0.0506131992111851
TP,All India,Week 2,2026-02-26,NCEP,0.4809808364100823,0.8718010264225065,0.44829058256123056,2.089044045704,0.5437400906500712,0.26028177422502974
TP,northwest_india,Week 2,2026-02-26,NCEP,0.6346356021435271,1.120343680279341,0.43353489352009356,2.302208672938295,0.6770277030552793,0.2940774704802032
TP,central_india,Week 2,2026-02-26,NCEP,0.021867846989127224,0.2152450577462616,0.8984048822393599,0.09728236667013768,0.051420181405416106,0.5285663082166804
TP,south_peninsula,Week 2,2026-02-26,NCEP,0.3694272053166435,0.5139010769305364,0.28113167708621345,2.360442589610566,0.08801030246433865,0.037285508595597275
TP,east_northeast_india,Week 2,2026-02-26,NCEP,1.3333406298057429,2.274653900820744,0.41382703130148946,3.2814554652449077,1.94475931488112,0.5926514424708108
TP,All India,Week 3,2026-02-26,NCEP,1.9500527009529613,1.7289860438761468,-0.12785913331099752,7.956427003391405,0.8042632815872552,0.1010834739317586
TP,northwest_india,Week 3,2026-02-26,NCEP,1.0866295252135905,1.3209134775745053,0.17736510099897906,3.3150861694912925,1.1951526783660174,0.36051934015018866
TP,central_india,Week 3,2026-02-26,NCEP,0.26908537939881855,0.33235259532844263,0.19036173274681722,0.8812026013526565,0.12333787875727384,0.13996540474114436
TP,south_peninsula,Week 3,2026-02-26,NCEP,0.7164586007398347,0.7065723538507559,-0.013991839385166571,1.7683249794222764,0.100128878389705,0.056623572903673945
TP,east_northeast_india,Week 3,2026-02-26,NCEP,9.21223882300148,7.084086060791779,-0.30041317171291393,19.883141409149438,2.382753094938358,0.11983785891307443
TP,All India,Week 4,2026-02-26,NCEP,1.8456678002654368,1.570605142218346,-0.1751316423544802,5.415898778296162,1.1561408775674633,0.21347165537890359
TP,northwest_india,Week 4,2026-02-26,NCEP,2.2290460012039586,1.9299217299317035,-0.15499295470539143,5.917414383701401,1.8043539283335728,0.30492269280707895
TP,central_india,Week 4,2026-02-26,NCEP,0.538507540027714,0.546269265109227,0.01420860659250367,1.7550729847980606,0.1549078202565871,0.08826289367926818
TP,south_peninsula,Week 4,2026-02-26,NCEP,0.3675795233754485,0.47905321323186684,0.23269583999734877,0.850587177335131,0.16379933667046226,0.1925720737804226
TP,east_northeast_india,Week 4,2026-02-26,NCEP,5.834713980229409,4.484902257079719,-0.30096792433300434,10.60694128694865,3.263199001597628,0.30764750301888094
TP,All India,Week 5,2026-02-26,NCEP,1.2146678375593787,1.0910299522413258,-0.11332217329511529,4.274317137279879,1.6974584786132103,0.39712974589748185
TP,northwest_india,Week 5,2026-02-26,NCEP,0.9291158089909706,0.9787975263008393,0.05075791057383483,2.177562580657475,1.8519361006245347,0.8504628602064684
TP,central_india,Week 5,2026-02-26,NCEP,0.38700637203748034,0.3650363494092379,-0.0601858490635192,0.8173664593271409,0.8350854839566723,1.0216781890513562
TP,south_peninsula,Week 5,2026-02-26,NCEP,0.7716331375869073,0.6514069996760329,-0.1845637795889008,2.455341402311443,1.2475605955309619,0.5081006634582531
TP,east_northeast_india,Week 5,2026-02-26,NCEP,4.280998877531582,3.5422353437125937,-0.20855856885124258,10.162291685519179,3.890568057083776,0.38284357283580683
TP,All India,Week 6,2026-02-26,NCEP,1.8762317236051829,1.667033146628809,-0.12549155210226615,5.4992227789437305,2.063261783583195,0.37519152551581086
TP,northwest_india,Week 6,2026-02-26,NCEP,2.024299757456878,1.990010987697456,-0.017230442430418824,4.671778011049983,2.2582674179147797,0.4833850008654914
TP,central_india,Week 6,2026-02-26,NCEP,0.9572439800717697,0.8707941702426141,-0.09927697357582166,2.4985359305383392,1.4183244305107883,0.5676622109673618
TP,south_peninsula,Week 6,2026-02-26,NCEP,0.7771182961237446,0.6441298126939593,-0.206462239146461,2.024506129021213,1.3064717477877887,0.6453286206742324
TP,east_northeast_india,Week 6,2026-02-26,NCEP,5.020596268048209,4.0540355938315615,-0.23841938528791484,11.66173223279998,4.052873965506314,0.34753618798647545
TP,All India,Week 1,2026-03-05,NCEP,0.44969684641794877,0.8718010264225065,0.48417490598363977,1.9589839698804454,0.14663367055148427,0.07485189915077925
TP,northwest_india,Week 1,2026-03-05,NCEP,0.6836222866854751,1.120343680279341,0.38981019956748975,2.406508638132104,0.18228950193466886,0.07574853422348786
TP,central_india,Week 1,2026-03-05,NCEP,0.02165714391271512,0.2152450577462616,0.8993837807962805,0.09708140806230668,0.051341047593080995,0.5288453125868384
TP,south_peninsula,Week 1,2026-03-05,NCEP,0.36903417293827623,0.5139010769305364,0.28189647871051604,2.326033725582563,0.06232091279023115,0.026792781250247207
TP,east_northeast_india,Week 1,2026-03-05,NCEP,1.017286855052358,2.274653900820744,0.5527729055021078,2.522175449222738,0.39143374479739634,0.15519687376150815
TP,All India,Week 2,2026-03-05,NCEP,1.8608953753656654,1.7289860438761468,-0.07629288388805966,7.452890660047442,1.0161193658323717,0.136338960569952
TP,northwest_india,Week 2,2026-03-05,NCEP,1.193117588390295,1.3209134775745053,0.09674811511414994,3.41741422155971,1.467975161500171,0.4295572811276551
TP,central_india,Week 2,2026-03-05,NCEP,0.2763050186765209,0.33235259532844263,0.16863890169575335,0.8972048821010894,0.0778556021669996,0.08677572282562268
TP,south_peninsula,Week 2,2026-03-05,NCEP,0.7403032810252846,0.7065723538507559,-0.04773881541033731,1.7707176865051335,0.09975161434593079,0.056334002368729146
TP,east_northeast_india,Week 2,2026-03-05,NCEP,8.33491008646747,7.084086060791779,-0.17656815783176527,18.484223728877073,3.313611564516216,0.17926701240580145
TP,All India,Week 3,2026-03-05,NCEP,1.9968508579584796,1.570605142218346,-0.27138948185162426,5.34923471792318,2.3413591097607225,0.43769982683985614
TP,northwest_india,Week 3,2026-03-05,NCEP,2.9329054494175466,1.9299217299317035,-0.5197017598850171,6.502495174707055,4.3105281292201125,0.6629037028719221
TP,central_india,Week 3,2026-03-05,NCEP,0.653975392940149,0.546269265109227,-0.1971667357294684,1.8138561727096476,0.664532690964741,0.3663645998855698
TP,south_peninsula,Week 3,2026-03-05,NCEP,0.342681445578575,0.47905321323186684,0.2846693517266661,0.7902419279540333,0.34112021340329307,0.4316655461277111
TP,east_northeast_india,Week 3,2026-03-05,NCEP,5.079508013455923,4.484902257079719,-0.1325794236513358,9.563556717242989,4.3613351711914845,0.4560369431728307
TP,All India,Week 4,2026-03-05,NCEP,1.7377738358616293,1.0910299522413258,-0.5927828858334125,4.801801093265757,3.39275746301561,0.7065593507764726
TP,northwest_india,Week 4,2026-03-05,NCEP,2.366031624929087,0.9787975263008393,-1.417284025911885,4.476189781387207,6.062705772047451,1.3544344784614046
TP,central_india,Week 4,2026-03-05,NCEP,0.5843315901420284,0.3650363494092379,-0.6007490516703069,1.035892500052218,1.548042393576009,1.494404480675335
TP,south_peninsula,Week 4,2026-03-05,NCEP,0.6432191641629722,0.6514069996760329,0.012569461975589391,2.4053026794105157,0.6354402684818828,0.26418307929445894
TP,east_northeast_india,Week 4,2026-03-05,NCEP,4.3634325128642715,3.5422353437125937,-0.23183021156662798,10.069060954513041,5.207896360858998,0.517217681408987
TP,All India,Week 5,2026-03-05,NCEP,1.9423392404005746,1.667033146628809,-0.16514734234799633,5.52035309533106,2.484122765323399,0.44999345556797654
TP,northwest_india,Week 5,2026-03-05,NCEP,2.2384766276623824,1.990010987697456,-0.12485641612080434,4.836330953220123,3.0686025572516806,0.6344897789115416
TP,central_india,Week 5,2026-03-05,NCEP,0.9893908005101696,0.8707941702426141,-0.13619364290704095,2.488538797811709,1.6214172802755107,0.6515539487273819
TP,south_peninsula,Week 5,2026-03-05,NCEP,0.7054179296636469,0.6441298126939593,-0.09514870413055543,1.9656887599299937,1.1369878293257207,0.5784170172322772
TP,east_northeast_india,Week 5,2026-03-05,NCEP,5.012393884966961,4.0540355938315615,-0.23639612158156553,11.59948168959425,4.855329464289917,0.4185815878864288
TP,All India,Week 6,2026-03-05,NCEP,0.9979622671899869,0.8107847673468811,-0.2308596650817749,3.100988734499835,2.046749108162053,0.6600311330999329
TP,northwest_india,Week 6,2026-03-05,NCEP,0.9643533820606712,0.78354179779385,-0.23076188759287186,2.063792459940372,2.1777296107364488,1.0552076592039534
TP,central_india,Week 6,2026-03-05,NCEP,0.3896923294255516,0.2840063432672452,-0.37212544249005597,1.3852309843250536,0.964831031356775,0.6965127421163508
TP,south_peninsula,Week 6,2026-03-05,NCEP,0.5540828096078306,0.3983386092226064,-0.39098444584413516,1.2068645023101758,1.2012885277217868,0.9953797840787301
TP,east_northeast_india,Week 6,2026-03-05,NCEP,3.01372312713696,2.5873052176589377,-0.16481159878920515,7.004252348656287,5.285111581631647,0.7545575628276094
TP,All India,Week 1,2026-03-12,NCEP,1.586094546507855,1.7289860438761468,0.08264467944920417,6.267356603283254,0.6697199701747782,0.10685844329073838
TP,northwest_india,Week 1,2026-03-12,NCEP,0.9831827032096083,1.3209134775745053,0.2556797096090251,2.982528392962884,0.49017884397825867,0.16435010145580153
TP,central_india,Week 1,2026-03-12,NCEP,0.21835607481023706,0.33235259532844263,0.34299873724635777,0.7792464206802453,0.19341382804312168,0.24820624504669594
TP,south_peninsula,Week 1,2026-03-12,NCEP,0.5862523223900344,0.7065723538507559,0.1702869222167951,1.5035353448325097,0.20197762550775739,0.13433513631849953
TP,east_northeast_india,Week 1,2026-03-12,NCEP,7.272632032476552,7.084086060791779,-0.026615426473757475,15.494592441965649,2.7323531842590074,0.1763423719915785
TP,All India,Week 2,2026-03-12,NCEP,1.5860974249513422,1.570605142218346,-0.00986389406004018,4.879006752914019,1.2921254688009205,0.26483371190851296
TP,northwest_india,Week 2,2026-03-12,NCEP,1.8136855453937901,1.9299217299317035,0.06022844488207657,5.3054203200913985,1.7009768025684118,0.32061112973969014
TP,central_india,Week 2,2026-03-12,NCEP,0.45046133197684984,0.546269265109227,0.17538591176865914,1.5884678067025606,0.45156310966119184,0.2842758964052123
TP,south_peninsula,Week 2,2026-03-12,NCEP,0.3489457315398709,0.47905321323186684,0.2715929631579833,0.7786941363555331,0.45738349585221,0.5873724669263204
TP,east_northeast_india,Week 2,2026-03-12,NCEP,5.223629422339274,4.484902257079719,-0.1647142173708298,9.582221445857497,3.358707205145616,0.35051446307344764
TP,All India,Week 3,2026-03-12,NCEP,1.1916887475974904,1.0910299522413258,-0.0922603409277436,4.231417016506797,1.632045325458472,0.3856971125965245
TP,northwest_india,Week 3,2026-03-12,NCEP,1.0673466672460623,0.9787975263008393,-0.09046727087661943,2.498794425754112,2.1580276073178344,0.8636275097606568
TP,central_india,Week 3,2026-03-12,NCEP,0.3382565165057711,0.3650363494092379,0.07336209927259674,0.8286558681271652,0.4772298654115697,0.5759083882313547
TP,south_peninsula,Week 3,2026-03-12,NCEP,0.6247133639992911,0.6514069996760329,0.040978429292312546,2.29161724076513,0.6560419615126925,0.28627903030335544
TP,east_northeast_india,Week 3,2026-03-12,NCEP,4.119037500193318,3.5422353437125937,-0.16283563922553546,9.923005884950504,4.336700409786149,0.437034952923217
TP,All India,Week 4,2026-03-12,NCEP,1.9803404845707249,1.667033146628809,-0.18794307634224783,5.819611606784893,1.8962185159830671,0.3258324857576971
TP,northwest_india,Week 4,2026-03-12,NCEP,2.26741915248615,1.990010987697456,-0.13940031814079035,4.9877619344652455,2.3621996540088577,0.473599118210945
TP,central_india,Week 4,2026-03-12,NCEP,0.9015324778366022,0.8707941702426141,-0.03529916557138191,2.60002929504889,0.42190771743734584,0.1622703706611169
TP,south_peninsula,Week 4,2026-03-12,NCEP,0.604328770088266,0.6441298126939593,0.06179040594198315,1.9430727586821346,0.6679432381049618,0.3437561641067863
TP,east_northeast_india,Week 4,2026-03-12,NCEP,5.530873139329908,4.0540355938315615,-0.36428825335067017,12.3651007558083,5.775947510702349,0.46711689817725055
TP,All India,Week 5,2026-03-12,NCEP,1.3109860219467522,0.8107847673468811,-0.6169346967835523,3.9377286300528374,2.6846048505645124,0.6817648199714793
TP,northwest_india,Week 5,2026-03-12,NCEP,1.4140012269920506,0.78354179779385,-0.804627693089673,3.1359684391756804,3.076844139886052,0.9811463984933567
TP,central_india,Week 5,2026-03-12,NCEP,0.5059049803611665,0.2840063432672452,-0.781315778165977,1.4661878536003785,1.410361849673728,0.9619243852078273
TP,south_peninsula,Week 5,2026-03-12,NCEP,0.6100993370177134,0.3983386092226064,-0.5316098487374274,1.2661499052150715,1.402848365029643,1.1079638826741858
TP,east_northeast_india,Week 5,2026-03-12,NCEP,3.797905017505001,2.5873052176589377,-0.4678998796057954,8.701361577242597,6.3347614064128965,0.7280195576495443
TP,All India,Week 6,2026-03-12,NCEP,1.5923097579117556,1.1667367567664988,-0.36475494465837555,5.8506261344085235,2.5243052393068686,0.43145898939961347
TP,northwest_india,Week 6,2026-03-12,NCEP,1.2768913449110582,0.9362689918050346,-0.36380821760350845,2.722549000651781,2.5705926450460432,0.9441859979124859
TP,central_india,Week 6,2026-03-12,NCEP,0.6093758761583009,0.3363430594743895,-0.8117688443180173,1.1457316075870276,1.785626977594829,1.5585037244066744
TP,south_peninsula,Week 6,2026-03-12,NCEP,0.6150587587515851,0.47687279106194813,-0.2897753243205816,1.4985652802390128,1.3033478942654113,0.8697304758438915
TP,east_northeast_india,Week 6,2026-03-12,NCEP,5.743472039417553,4.426153658448189,-0.2976214751277335,14.416125805189704,5.630558982759966,0.3905736575032526
TP,All India,Week 1,2026-03-19,NCEP,1.5014197400395282,1.570605142218346,0.04405015641366061,4.503966122847923,0.6189701665549301,0.13742780244615746
TP,northwest_india,Week 1,2026-03-19,NCEP,1.555486561137694,1.9299217299317035,0.1940157276778578,4.401740480569239,0.8961252180902821,0.2035842917241668
TP,central_india,Week 1,2026-03-19,NCEP,0.4210558666658502,0.546269265109227,0.2292155287527302,1.4927759973613084,0.2713054526159061,0.18174558881940536
TP,south_peninsula,Week 1,2026-03-19,NCEP,0.5340423892914848,0.47905321323186684,-0.11478719804140569,1.1193158175046969,0.3462971606823607,0.3093828884276511
TP,east_northeast_india,Week 1,2026-03-19,NCEP,5.055933208600324,4.484902257079719,-0.12732294234934427,9.33929209022809,1.1474086108545418,0.12285819950476772
TP,All India,Week 2,2026-03-19,NCEP,1.2380284689283556,1.0910299522413258,-0.13473371320837502,4.2534741433594005,1.5881094531321314,0.37336760483463055
TP,northwest_india,Week 2,2026-03-19,NCEP,1.1457849431448572,0.9787975263008393,-0.17060465760994714,2.4520918638826474,2.6659848443072076,1.0872287794658237
TP,central_india,Week 2,2026-03-19,NCEP,0.37931114234467883,0.3650363494092379,-0.03910512736209082,0.873054501101882,0.5129663775499933,0.5875536715091423
TP,south_peninsula,Week 2,2026-03-19,NCEP,0.6592485698585971,0.6514069996760329,-0.012037896716590613,2.379231276157457,0.6405795340057645,0.26923802676313296
TP,east_northeast_india,Week 2,2026-03-19,NCEP,4.122036487601101,3.5422353437125937,-0.16368227619817644,9.977256248395197,2.8698604163580184,0.28764024346068334
TP,All India,Week 3,2026-03-19,NCEP,2.034411731868708,1.667033146628809,-0.22037869251900433,5.8812045875459065,2.447058561756731,0.41608118291593615
TP,northwest_india,Week 3,2026-03-19,NCEP,2.0959578107703822,1.990010987697456,-0.05323931562584594,4.658692924857186,3.1059112278319434,0.6666915544615245
TP,central_india,Week 3,2026-03-19,NCEP,0.9253627024860941,0.8707941702426141,-0.06266524755014902,2.5665790067842846,0.8527295202674099,0.33224362780704375
TP,south_peninsula,Week 3,2026-03-19,NCEP,0.8228660814069718,0.6441298126939593,-0.2774848566090733,2.0502539828494273,1.2199174617960542,0.5950079707201067
TP,east_northeast_india,Week 3,2026-03-19,NCEP,5.941981931067953,4.0540355938315615,-0.4656955504063669,12.826913491129346,6.178379636403207,0.48167313521494964
TP,All India,Week 4,2026-03-19,NCEP,1.2713024645359234,0.8107847673468811,-0.5679900705288132,3.8666260650963524,2.427419189581989,0.6277874169147257
TP,northwest_india,Week 4,2026-03-19,NCEP,1.6325088204201397,0.78354179779385,-1.0834993423664847,3.3974317663787232,3.5953068952342844,1.0582425615765858
TP,central_india,Week 4,2026-03-19,NCEP,0.3228267334049505,0.2840063432672452,-0.13668846157135284,1.365419850890932,0.7686818581919005,0.5629637343344159
TP,south_peninsula,Week 4,2026-03-19,NCEP,0.4145423945537043,0.3983386092226064,-0.04067842020817669,0.9946247498670209,0.9256690574117521,0.9306716503239156
TP,east_northeast_india,Week 4,2026-03-19,NCEP,3.7159454127648925,2.5873052176589377,-0.43622228541214714,8.347040720340846,5.535845791782482,0.6632105889087395
TP,All India,Week 5,2026-03-19,NCEP,1.5005486615389747,1.1667367567664988,-0.28610730127128603,5.764186100690187,2.3759648509966915,0.412194334029604
TP,northwest_india,Week 5,2026-03-19,NCEP,1.2690981277613005,0.9362689918050346,-0.35548452300508626,2.796856998771593,2.64740342910824,0.9465637428981908
TP,central_india,Week 5,2026-03-19,NCEP,0.44080624100562665,0.3363430594743895,-0.31058521526944527,0.9261286211659034,1.0536919580217563,1.1377382514053647
TP,south_peninsula,Week 5,2026-03-19,NCEP,0.5174056859857297,0.47687279106194813,-0.08499729001841105,1.4283469335843073,0.8704431476191447,0.6094059693430688
TP,east_northeast_india,Week 5,2026-03-19,NCEP,5.651165448509523,4.426153658448189,-0.2767666657309009,14.194503171266433,6.6781748696053205,0.47047612649971277
TP,All India,Week 6,2026-03-19,NCEP,1.9076745327061553,1.3880305368881185,-0.37437504579909864,5.651334514746969,3.52524832760326,0.6237904194848566
TP,northwest_india,Week 6,2026-03-19,NCEP,1.5407773416328059,0.9103302482085015,-0.6925476712050407,3.038121829976356,3.414269790195045,1.1238093734449144
TP,central_india,Week 6,2026-03-19,NCEP,0.7000185769127472,0.2776442474565739,-1.521278878728566,1.152081132521003,2.1713699478387642,1.8847370090050313
TP,south_peninsula,Week 6,2026-03-19,NCEP,1.4005238958786532,0.7005473042244479,-0.9991853332861307,3.306757971254235,2.781896934017829,0.841276246462837
TP,east_northeast_india,Week 6,2026-03-19,NCEP,6.09980694594216,5.824300575264755,-0.04730291081601368,13.327372819869945,7.786489100786996,0.5842478638534088
TP,All India,Week 1,2026-03-26,NCEP,1.1799456844274048,1.0910299522413258,-0.08149705881439595,4.231892458634606,0.5846708312117058,0.1381582440779571
TP,northwest_india,Week 1,2026-03-26,NCEP,0.9394365950491335,0.9787975263008393,0.04021355816096328,2.129929557500609,0.7815917639018289,0.3669566259360225
TP,central_india,Week 1,2026-03-26,NCEP,0.31712689339704514,0.3650363494092379,0.13124571317275047,0.831135187107814,0.23783174382807482,0.2861528996933486
TP,south_peninsula,Week 1,2026-03-26,NCEP,0.6112700585984883,0.6514069996760329,0.06161576571560656,2.4330583094144296,0.16986632738621552,0.0698159705950893
TP,east_northeast_india,Week 1,2026-03-26,NCEP,4.384584172814499,3.5422353437125937,-0.23780148617088925,10.068823318129859,1.4633326098504917,0.145333030843398
TP,All India,Week 2,2026-03-26,NCEP,1.9615423837647608,1.667033146628809,-0.17666669539926594,5.6334123321721545,1.748824748875709,0.310437909699642
TP,northwest_india,Week 2,2026-03-26,NCEP,2.216373381202024,1.990010987697456,-0.11374931842284997,4.83055522258147,1.9218612157622132,0.397855138220563
TP,central_india,Week 2,2026-03-26,NCEP,0.9718802516031996,0.8707941702426141,-0.11608493122137187,2.5882229603561355,1.1768889264975984,0.4547092520714136
TP,south_peninsula,Week 2,2026-03-26,NCEP,0.617779034563399,0.6441298126939593,0.04090911119352292,1.786725234015235,0.7849015531449216,0.4392961705595013
TP,east_northeast_india,Week 2,2026-03-26,NCEP,5.338666154965862,4.0540355938315615,-0.31687698131929,11.950537173371298,3.877356482053623,0.3244503929658757
TP,All India,Week 3,2026-03-26,NCEP,1.0326189478178327,0.8107847673468811,-0.2736042774913696,3.3082834461328936,1.975908195103957,0.5972608536350258
TP,northwest_india,Week 3,2026-03-26,NCEP,1.2886847473759389,0.78354179779385,-0.6446917713954452,2.927168654658641,2.9589433845150674,1.01085510730851
TP,central_india,Week 3,2026-03-26,NCEP,0.32135956778961433,0.2840063432672452,-0.13152250084506156,1.3632660205892297,0.7640929531733308,0.5604870521478084
TP,south_peninsula,Week 3,2026-03-26,NCEP,0.40092962257175385,0.3983386092226064,-0.006504549870784748,0.9982878702346959,0.7952004361136078,0.7965642574888318
TP,east_northeast_india,Week 3,2026-03-26,NCEP,2.8847488747741368,2.5873052176589377,-0.11496272456959433,7.019837749386461,4.067285960371886,0.5793988558677684
TP,All India,Week 4,2026-03-26,NCEP,1.3917361282078018,1.1667367567664988,-0.19284501849831792,5.827665600889356,1.953811013571368,0.33526477793667475
TP,northwest_india,Week 4,2026-03-26,NCEP,0.9498940389696824,0.9362689918050346,-0.014552492161873154,2.3623852727631984,1.8190894525824521,0.7700223471401545
TP,central_india,Week 4,2026-03-26,NCEP,0.3145746366642537,0.3363430594743895,0.06472089194929065,0.8021599189351426,0.5357356839524512,0.6678664332464201
TP,south_peninsula,Week 4,2026-03-26,NCEP,0.5054112669632025,0.47687279106194813,-0.05984504974104743,1.4171657382191207,0.8187765291925506,0.5777563675942836
TP,east_northeast_india,Week 4,2026-03-26,NCEP,5.921201175011312,4.426153658448189,-0.3377757827520358,14.555039694014027,6.901019142058814,0.47413262259236294
TP,All India,Week 5,2026-03-26,NCEP,1.5476056752398217,1.3880305368881185,-0.11496514962088744,5.627080690811719,2.493794166383875,0.4431772536078809
TP,northwest_india,Week 5,2026-03-26,NCEP,1.182994802213065,0.9103302482085015,-0.29952267821612866,2.8469788004729226,2.292718970768895,0.805316488618757
TP,central_india,Week 5,2026-03-26,NCEP,0.31029203195904786,0.2776442474565739,-0.11758855010162006,0.70201757655104,0.7317880261864177,1.0424069861350733
TP,south_peninsula,Week 5,2026-03-26,NCEP,0.8786005769204505,0.7005473042244479,-0.25416309737016163,2.9484218687577055,1.3150080756645584,0.44600404358641754
TP,east_northeast_india,Week 5,2026-03-26,NCEP,6.003928169448637,5.824300575264755,-0.03084105840051299,13.525362650325201,8.426307695834778,0.6230005001479334
TP,All India,Week 6,2026-03-26,NCEP,2.093368013069501,1.7102428819761466,-0.2240179655948411,5.424261203527043,2.727720935006064,0.5028741855632626
TP,northwest_india,Week 6,2026-03-26,NCEP,2.0381964463228095,1.7805817670974766,-0.1446800613067436,5.25267650551235,2.438305480238204,0.4642024837583958
TP,central_india,Week 6,2026-03-26,NCEP,1.1632862050054578,0.8109430604583053,-0.4344856768957679,2.860590011312481,1.6628470565305167,0.5812951349038578
TP,south_peninsula,Week 6,2026-03-26,NCEP,1.0649367937724612,0.7155527176113303,-0.4882716081736793,2.8159115748720276,2.0934014576855877,0.7434187480765353
TP,east_northeast_india,Week 6,2026-03-26,NCEP,5.619029812348614,4.8494442202637655,-0.15869562719560282,10.426215895426067,6.582592029094546,0.6313500598028379
Z500,All India,Week 1,2026-01-01,SPIRE,17.058098442108637,31.12200692333109,0.4518959370412333,25.011533778628998,11.919484215377752,0.4765595073406616
Z500,northwest_india,Week 1,2026-01-01,SPIRE,16.36393112284211,47.27261954087786,0.6538391296743817,26.276362298730422,15.35264181657261,0.5842757700640471
Z500,central_india,Week 1,2026-01-01,SPIRE,20.501251263392998,25.800522184814373,0.20539394061335747,27.589538991038168,10.767813689162953,0.39028610418828064
Z500,south_peninsula,Week 1,2026-01-01,SPIRE,15.538829289602633,9.393010360919702,-0.6542970456258683,19.83884409343714,7.2440371304894695,0.3651441130527287
Z500,east_northeast_india,Week 1,2026-01-01,SPIRE,12.596682017932283,35.04685053725003,0.6405759198092928,21.510628878713074,12.870872418455345,0.5983494248832661
Z500,All India,Week 2,2026-01-01,SPIRE,9.089340609551076,15.039826528706302,0.3956485739910376,16.966643061835676,20.842628575043673,1.2284474011200563
Z500,northwest_india,Week 2,2026-01-01,SPIRE,12.866189003205458,22.68547014210235,0.43284450696364984,22.561464177511507,28.595193909475622,1.2674352020990876
Z500,central_india,Week 2,2026-01-01,SPIRE,6.972262633208388,12.585539844761229,0.4460100465129738,12.003266548229876,18.27563699327811,1.5225552910822613
Z500,south_peninsula,Week 2,2026-01-01,SPIRE,4.188295143080956,7.058458535295535,0.4066275062554301,6.75988915305226,10.612846603450837,1.5699734660085174
Z500,east_northeast_india,Week 2,2026-01-01,SPIRE,11.776903893345436,13.881145986704825,0.15158994043970175,20.851289775583044,22.505885151052016,1.0793521836431677
Z500,All India,Week 3,2026-01-01,SPIRE,15.250060726155056,20.33169521760352,0.24993658605745284,27.3066698570789,32.54723441138213,1.191915183423389
Z500,northwest_india,Week 3,2026-01-01,SPIRE,21.0907081452416,31.339098443554395,0.32701611747930204,36.248225121545154,42.23080374383823,1.1650447325967737
Z500,central_india,Week 3,2026-01-01,SPIRE,14.084051219012439,18.499894738616558,0.2386956024342407,24.532643761018782,30.346552527112983,1.2369866379966854
Z500,south_peninsula,Week 3,2026-01-01,SPIRE,8.163306534174751,7.521776068307406,-0.08528975870079392,14.07321116789468,17.073152038666823,1.21316676307792
Z500,east_northeast_india,Week 3,2026-01-01,SPIRE,13.976561562694183,16.41664136800367,0.1486345319125535,22.682600656402553,35.681838919509,1.573092938504703
Z500,All India,Week 4,2026-01-01,SPIRE,15.547162335420568,21.955787123932378,0.29188772656327333,30.083515487999556,36.92214522436459,1.2273214956906546
Z500,northwest_india,Week 4,2026-01-01,SPIRE,23.538207498722425,40.642670502816415,0.42084988000256285,43.42867447657331,49.33637388112502,1.1360322292990659
Z500,central_india,Week 4,2026-01-01,SPIRE,10.934692677954839,15.158383199294434,0.2786372705986343,16.63205700100662,33.58668145776163,2.0193943212032566
Z500,south_peninsula,Week 4,2026-01-01,SPIRE,6.526439912669497,7.9387093884737014,0.1778966084656901,10.271948045506784,19.638823606448227,1.9118889152714083
Z500,east_northeast_india,Week 4,2026-01-01,SPIRE,19.859235290319422,14.117094995254453,-0.4067508433565987,34.54260036893681,38.9371934599546,1.1272224164967535
Z500,All India,Week 5,2026-01-01,SPIRE,11.346577081971208,13.998327510322524,0.1894333752654297,15.882542917994899,37.608768485195746,2.3679311731992905
Z500,northwest_india,Week 5,2026-01-01,SPIRE,14.213778979013213,21.904267450076738,0.3510954424105419,16.214526848968223,52.251422051905855,3.222506739703648
Z500,central_india,Week 5,2026-01-01,SPIRE,10.244755439750586,11.245304533035775,0.08897483303772136,14.141860756283391,33.75801749450654,2.387098704780237
Z500,south_peninsula,Week 5,2026-01-01,SPIRE,5.863601697124026,6.796951899702613,0.1373189359511906,8.758274939280275,18.96287545653681,2.165138179379319
Z500,east_northeast_india,Week 5,2026-01-01,SPIRE,14.42506122457684,11.983164157175898,-0.20377731919316622,23.808861349509566,37.62973252155261,1.5804927404614306
Z500,All India,Week 6,2026-01-01,SPIRE,11.637677796423064,12.778407531463275,0.08927010131986168,18.018802112411674,36.527613714997464,2.0271943432819315
Z500,northwest_india,Week 6,2026-01-01,SPIRE,15.925452765010082,16.95991810905451,0.06099471338202689,23.343268737969964,51.17102582830503,2.1921105566964005
Z500,central_india,Week 6,2026-01-01,SPIRE,10.351275929936396,11.417962473867016,0.0934217945077338,15.60728521137269,32.26088640276484,2.067040229344757
Z500,south_peninsula,Week 6,2026-01-01,SPIRE,6.444036405025841,6.431768973678083,-0.0019073184061744186,10.759166164054143,18.190971275602028,1.690741735765471
Z500,east_northeast_india,Week 6,2026-01-01,SPIRE,11.675189793980485,14.65200181631686,0.203167598506664,16.99832469624284,37.1126615843613,2.183312899803847
Z500,All India,Week 1,2026-01-08,SPIRE,11.571739846925421,15.039826528706302,0.2305935294640129,20.059331665068463,12.633097158718888,0.6297865437221072
Z500,northwest_india,Week 1,2026-01-08,SPIRE,15.666455862968123,22.68547014210235,0.3094057224808191,26.88060296754269,16.125860606819135,0.5999069524701697
Z500,central_india,Week 1,2026-01-08,SPIRE,9.638985002090257,12.585539844761229,0.23412224497445655,16.433644547622006,11.782753067572994,0.7169896509218335
Z500,south_peninsula,Week 1,2026-01-08,SPIRE,9.704257344939503,7.058458535295535,-0.37484088011762884,13.916485729822323,7.627006427949738,0.5480554915962332
Z500,east_northeast_india,Week 1,2026-01-08,SPIRE,9.368873512246239,13.881145986704825,0.32506483821871623,16.282169042491653,13.17717210317103,0.8093007798151771
Z500,All India,Week 2,2026-01-08,SPIRE,13.581248009766464,20.33169521760352,0.3320159551670049,24.442951480340216,23.569320962967993,0.9642583867960914
Z500,northwest_india,Week 2,2026-01-08,SPIRE,19.49702870325729,31.339098443554395,0.37786887078535913,32.814600892250084,29.674994618838518,0.9043228871281791
Z500,central_india,Week 2,2026-01-08,SPIRE,12.233424215168034,18.499894738616558,0.3387300637104672,21.867812683983452,22.749457149995155,1.0403169936907974
Z500,south_peninsula,Week 2,2026-01-08,SPIRE,7.094362880322479,7.521776068307406,0.05682343958440994,11.901895410624565,12.797893241815643,1.0752819446212944
Z500,east_northeast_india,Week 2,2026-01-08,SPIRE,11.812646588773658,16.41664136800367,0.2804468146696121,19.75436778906016,25.511169362018702,1.2914191754669375
Z500,All India,Week 3,2026-01-08,SPIRE,16.43794146444044,21.955787123932378,0.2513162305840242,31.158683995698745,34.25372677153728,1.099331626979682
Z500,northwest_india,Week 3,2026-01-08,SPIRE,21.945001929791232,40.642670502816415,0.46005019703932815,40.010657468384686,45.316780376809334,1.1326177384767395
Z500,central_india,Week 3,2026-01-08,SPIRE,12.626318857127506,15.158383199294434,0.1670405285891431,22.07280461916522,30.956897684442975,1.4024904500610647
Z500,south_peninsula,Week 3,2026-01-08,SPIRE,8.411629555934637,7.9387093884737014,-0.05957141700483115,15.520908164070203,18.658492644785156,1.2021521194216094
Z500,east_northeast_india,Week 3,2026-01-08,SPIRE,23.107864557042117,14.117094995254453,-0.6368710818203012,40.10582546637808,37.030983406068074,0.9233317847331746
Z500,All India,Week 4,2026-01-08,SPIRE,13.540496724117114,13.998327510322524,0.03270610620217307,21.39283092533005,38.98855259238883,1.8225055266633587
Z500,northwest_india,Week 4,2026-01-08,SPIRE,15.689047590569595,21.904267450076738,0.2837447028837008,20.72678884548501,53.55993411829983,2.5840922352990043
Z500,central_india,Week 4,2026-01-08,SPIRE,13.051347721578844,11.245304533035775,-0.16060420446928636,21.27453580187212,34.834144987022164,1.6373633395073572
Z500,south_peninsula,Week 4,2026-01-08,SPIRE,7.237591867436608,6.796951899702613,-0.06482905488168522,12.565070668816375,19.368383312337162,1.541446428980702
Z500,east_northeast_india,Week 4,2026-01-08,SPIRE,17.808875103849147,11.983164157175898,-0.48615798550874634,30.058198886749718,41.07147386581177,1.3663983667337078
Z500,All India,Week 5,2026-01-08,SPIRE,12.224757194811843,12.778407531463275,0.04332702140608846,20.68430160458492,35.33247021005531,1.7081780610965107
Z500,northwest_india,Week 5,2026-01-08,SPIRE,17.726807458479406,16.95991810905451,-0.04521775072814016,29.29777795979372,48.41515531420959,1.652519702369622
Z500,central_india,Week 5,2026-01-08,SPIRE,10.288909360053523,11.417962473867016,0.09888393979202725,15.726552257452655,31.04571192213075,1.9740952380340389
Z500,south_peninsula,Week 5,2026-01-08,SPIRE,6.350748645220039,6.431768973678083,0.012596896559814108,10.330652613724537,17.76537563756981,1.719676026465942
Z500,east_northeast_india,Week 5,2026-01-08,SPIRE,11.940863360608603,14.65200181631686,0.18503536169979595,17.309938423257137,38.41450416244337,2.219216684839892
Z500,All India,Week 6,2026-01-08,SPIRE,16.201221276721544,12.799024819471219,-0.26581684973956343,30.078216158283425,36.045623636112076,1.1983963226551004
Z500,northwest_india,Week 6,2026-01-08,SPIRE,24.462567248137926,17.12453939365525,-0.4285095024045704,42.56300347982811,49.96180448470937,1.1738317411831092
Z500,central_india,Week 6,2026-01-08,SPIRE,13.724125798851373,11.781020641096305,-0.1649352137604141,23.94222691448383,31.302813723036277,1.3074311689903693
Z500,south_peninsula,Week 6,2026-01-08,SPIRE,7.324413604477725,7.472723141141957,0.019846785952459145,12.462689047112008,17.523975149720297,1.4061150914923248
Z500,east_northeast_india,Week 6,2026-01-08,SPIRE,14.864169180511823,12.305859758074204,-0.2078935948184395,24.776439022454664,39.537185743555305,1.595757393050838
Z500,All India,Week 1,2026-01-15,SPIRE,11.710650250895018,20.33169521760352,0.42401997838548444,18.85592037844422,11.760979250173483,0.6237287289152134
Z500,northwest_india,Week 1,2026-01-15,SPIRE,11.29165112475215,31.339098443554395,0.6396944492487614,18.975420518398376,14.82274739579822,0.7811551465447754
Z500,central_india,Week 1,2026-01-15,SPIRE,13.3284830392839,18.499894738616558,0.2795373580444156,20.606124429320307,10.961656479333433,0.5319610932629413
Z500,south_peninsula,Week 1,2026-01-15,SPIRE,8.337672919347236,7.521776068307406,-0.10847130300482721,12.99366733063024,7.798200993074758,0.6001539669013919
Z500,east_northeast_india,Week 1,2026-01-15,SPIRE,13.126121776919664,16.41664136800367,0.20043805047098662,20.49842262425377,11.831518437659112,0.5771916529645573
Z500,All India,Week 2,2026-01-15,SPIRE,20.141927996687137,21.955787123932378,0.0826141698772479,38.04365836305587,24.88742181103584,0.6541805620671847
Z500,northwest_india,Week 2,2026-01-15,SPIRE,30.952224488852327,40.642670502816415,0.2384303465810046,54.16700848410255,36.157266047514234,0.6675145454659179
Z500,central_india,Week 2,2026-01-15,SPIRE,14.945430701537289,15.158383199294434,0.014048496792656406,25.22653834306125,21.573977352390454,0.8552095836139381
Z500,south_peninsula,Week 2,2026-01-15,SPIRE,7.9158527588959435,7.9387093884737014,0.0028791367033719206,13.708867509968249,12.425415163653096,0.9063779451233368
Z500,east_northeast_india,Week 2,2026-01-15,SPIRE,23.619707881547043,14.117094995254453,-0.6731280684508358,40.2539184188688,23.35200951312831,0.5801176737661937
Z500,All India,Week 3,2026-01-15,SPIRE,11.379967510118648,13.998327510322524,0.1870480597252112,16.834383725689314,34.74405411174853,2.063874429732109
Z500,northwest_india,Week 3,2026-01-15,SPIRE,14.107022431244049,21.904267450076738,0.35596922091112304,17.708697949486975,49.683837479912164,2.805617760358915
Z500,central_india,Week 3,2026-01-15,SPIRE,10.634714960549235,11.245304533035775,0.05429729098867764,16.720853798974773,30.022314088619794,1.7955012614523662
Z500,south_peninsula,Week 3,2026-01-15,SPIRE,7.061044618079832,6.796951899702613,-0.03885458103488615,12.537908602030283,16.439113451165806,1.311152758643
Z500,east_northeast_india,Week 3,2026-01-15,SPIRE,12.501191332693233,11.983164157175898,-0.04322958183019843,19.574915530215875,35.6821135750094,1.822848917019868
Z500,All India,Week 4,2026-01-15,SPIRE,12.624889547175785,12.778407531463275,0.012013858840351888,20.499351326050064,34.40333799156481,1.678264714056874
Z500,northwest_india,Week 4,2026-01-15,SPIRE,15.810212660722424,16.95991810905451,0.06778956366058653,23.804339043670247,49.17600636191093,2.065842125324089
Z500,central_india,Week 4,2026-01-15,SPIRE,11.917201782112425,11.417962473867016,-0.043724027766604445,19.566311885902635,29.06402448052222,1.4854114894009538
Z500,south_peninsula,Week 4,2026-01-15,SPIRE,7.75187901551593,6.431768973678083,-0.2052483612580578,13.870430942410744,16.34628872513872,1.1784989805297037
Z500,east_northeast_india,Week 4,2026-01-15,SPIRE,13.348858358489592,14.65200181631686,0.08893961891105229,21.66467403141217,36.80917579841103,1.6990412939073287
Z500,All India,Week 5,2026-01-15,SPIRE,13.035481756647282,12.799024819471219,-0.01847460572280002,22.89478542519238,34.75721182359183,1.5181278696478446
Z500,northwest_india,Week 5,2026-01-15,SPIRE,18.379612959035452,17.12453939365525,-0.073290938607389,30.85776094205981,48.68197173638922,1.5776248907948023
Z500,central_india,Week 5,2026-01-15,SPIRE,11.261729028346979,11.781020641096305,0.044078660802770786,19.536386859875364,29.773625195165433,1.5240087846701957
Z500,south_peninsula,Week 5,2026-01-15,SPIRE,7.418674200233893,7.472723141141957,0.007232830641147547,12.352430404169693,18.021126408139985,1.4589134136758029
Z500,east_northeast_india,Week 5,2026-01-15,SPIRE,12.406031214866541,12.305859758074204,-0.008140142888156232,19.42515985877921,36.5582990442059,1.8820076287651946
Z500,All India,Week 6,2026-01-15,SPIRE,23.873234845716265,25.432836848049185,0.06132237672308849,40.332494344243806,34.805807835759985,0.862971864291042
Z500,northwest_india,Week 6,2026-01-15,SPIRE,22.463099359198843,24.2727404990358,0.07455446326338155,40.0214501515391,47.550264635226924,1.188119482307122
Z500,central_india,Week 6,2026-01-15,SPIRE,26.130133563421026,28.298549597931977,0.0766264018940892,43.019324098618206,30.738716259317933,0.7145327571593638
Z500,south_peninsula,Week 6,2026-01-15,SPIRE,21.656992123875597,19.770124196679767,-0.09544036792205457,34.62517281056795,18.462113304167797,0.5331991671253976
Z500,east_northeast_india,Week 6,2026-01-15,SPIRE,24.553676801177055,28.464701933963102,0.13739912477774963,41.25404429852217,36.602208932460734,0.8872392890161299
Z500,All India,Week 1,2026-01-22,SPIRE,11.89872008158935,21.955787123932378,0.4580599632149177,20.40206430071535,13.426195935936486,0.6580802676651563
Z500,northwest_india,Week 1,2026-01-22,SPIRE,15.347778888527667,40.642670502816415,0.6223727747549435,26.18890470865481,18.447430035878963,0.7043986849050058
Z500,central_india,Week 1,2026-01-22,SPIRE,10.62242538194786,15.158383199294434,0.29923757419971453,17.219902397656465,11.791828296604022,0.6847790437075199
Z500,south_peninsula,Week 1,2026-01-22,SPIRE,8.71377445643432,7.9387093884737014,-0.0976311173559199,13.153953471822124,7.654334085421098,0.5819036916785443
Z500,east_northeast_india,Week 1,2026-01-22,SPIRE,11.245387920267794,14.117094995254453,0.20342053913726588,20.089969943473008,13.376427937073402,0.6658261796662988
Z500,All India,Week 2,2026-01-22,SPIRE,9.826474662734384,13.998327510322524,0.2980250922484682,16.219620420021457,22.9554233273881,1.4152873330532438
Z500,northwest_india,Week 2,2026-01-22,SPIRE,10.876524215572871,21.904267450076738,0.503451816393213,17.21493556793166,31.20685181210333,1.8127777294871845
Z500,central_india,Week 2,2026-01-22,SPIRE,10.088936095489894,11.245304533035775,0.10283122472573081,16.77777024270243,20.539054356377108,1.2241825975242846
Z500,south_peninsula,Week 2,2026-01-22,SPIRE,7.467322454090042,6.796951899702613,-0.09862811511388814,13.192431871593733,11.807688991584433,0.8950350554403118
Z500,east_northeast_india,Week 2,2026-01-22,SPIRE,9.86898358173041,11.983164157175898,0.17642924253686787,16.096638377878794,24.327197469478474,1.5113216125244344
Z500,All India,Week 3,2026-01-22,SPIRE,11.932281707185775,12.778407531463275,0.0662152793447971,20.723131834160487,30.504880694179935,1.472020780367521
Z500,northwest_india,Week 3,2026-01-22,SPIRE,16.30590273124093,16.95991810905451,0.03856241366309521,27.23434616889425,40.71526655789951,1.4949970271143325
Z500,central_india,Week 3,2026-01-22,SPIRE,10.489324295124693,11.417962473867016,0.08133133918312951,17.608642641718834,27.3673399392842,1.5541992927066859
Z500,south_peninsula,Week 3,2026-01-22,SPIRE,6.670402396962464,6.431768973678083,-0.03710230020092209,11.653937209211549,15.858142424971101,1.3607540645093272
Z500,east_northeast_india,Week 3,2026-01-22,SPIRE,12.224963560541045,14.65200181631686,0.16564550606818784,19.63761465797137,33.600172678290434,1.711010897377566
Z500,All India,Week 4,2026-01-22,SPIRE,13.462744054546278,12.799024819471219,-0.05185701601776249,23.46372612664397,31.041320746035122,1.322949329466751
Z500,northwest_india,Week 4,2026-01-22,SPIRE,16.351874086052373,17.12453939365525,0.045120355639413856,27.46494563898507,41.68238575388868,1.5176576826980022
Z500,central_india,Week 4,2026-01-22,SPIRE,14.031748269831505,11.781020641096305,-0.19104691327709578,24.59699443603536,28.095598971022135,1.1422370746997126
Z500,south_peninsula,Week 4,2026-01-22,SPIRE,8.399750605136969,7.472723141141957,-0.12405483870948641,14.668506665236693,17.124134313898942,1.1674081557655702
Z500,east_northeast_india,Week 4,2026-01-22,SPIRE,12.152610673080265,12.305859758074204,0.012453342391894995,19.958852261575757,31.849763493137345,1.5957712936456596
Z500,All India,Week 5,2026-01-22,SPIRE,23.09759511033001,25.432836848049185,0.0918199472465967,38.76292861435151,32.57654382223435,0.8404046078750942
Z500,northwest_india,Week 5,2026-01-22,SPIRE,21.362906635491676,24.2727404990358,0.11988073055284854,37.54617272611677,44.451333214834044,1.1839111682324444
Z500,central_india,Week 5,2026-01-22,SPIRE,24.77450265210976,28.298549597931977,0.12453100939419703,41.080370658927656,28.79519963022685,0.7009479020844479
Z500,south_peninsula,Week 5,2026-01-22,SPIRE,21.792776591922877,19.770124196679767,-0.10230853256768091,34.51034981526571,17.504052061702136,0.5072116670912211
Z500,east_northeast_india,Week 5,2026-01-22,SPIRE,24.678101086040414,28.464701933963102,0.13302794656720596,40.869149633787195,34.037555451801914,0.8328422723937107
Z500,All India,Week 6,2026-01-22,SPIRE,24.13786426125311,24.54381721313897,0.016539927280282196,42.12004224995947,32.390848550949265,0.7690127269751358
Z500,northwest_india,Week 6,2026-01-22,SPIRE,30.222239603602475,30.34902345640702,0.004177526601034098,52.661505879610104,44.212307384878606,0.8395564586769076
Z500,central_india,Week 6,2026-01-22,SPIRE,21.754846454401353,21.41140062380352,-0.016040325274938594,37.71608791718702,28.4194256297253,0.7535093695858822
Z500,south_peninsula,Week 6,2026-01-22,SPIRE,16.92830945457336,15.902169835879278,-0.06452827691343432,26.80134435296622,17.37977056920612,0.6484663731908145
Z500,east_northeast_india,Week 6,2026-01-22,SPIRE,25.265898544566532,29.77617967966605,0.15147279414691195,41.34147441980046,34.326277798991306,0.8303109233702309
Z500,All India,Week 1,2026-01-29,SPIRE,8.652480134304097,13.998327510322524,0.381891863301265,16.21108204608633,11.586151707796192,0.7147056362344002
Z500,northwest_india,Week 1,2026-01-29,SPIRE,12.56705418658991,21.904267450076738,0.42627370601494896,22.35718337942745,14.210100135932757,0.6355943812228402
Z500,central_india,Week 1,2026-01-29,SPIRE,6.799852610174008,11.245304533035775,0.39531627710056116,12.728215402732225,10.920601088245972,0.8579836797782168
Z500,south_peninsula,Week 1,2026-01-29,SPIRE,6.339148386967851,6.796951899702613,0.06735423753032466,10.688022715827621,7.774479953655665,0.7274011442867384
Z500,east_northeast_india,Week 1,2026-01-29,SPIRE,7.214777847834725,11.983164157175898,0.3979238076685875,12.65945189566247,12.119220525592201,0.9573258483445584
Z500,All India,Week 2,2026-01-29,SPIRE,10.293585448300862,12.778407531463275,0.1944547532268187,19.08246237914722,20.06146577380854,1.0513038294120336
Z500,northwest_india,Week 2,2026-01-29,SPIRE,12.735056093750908,16.95991810905451,0.24910863296256402,24.245030133244402,27.146437060651543,1.1196701720501794
Z500,central_india,Week 2,2026-01-29,SPIRE,8.510408163142397,11.417962473867016,0.25464738716555735,14.75916737178453,17.86921684079199,1.2107198455485382
Z500,south_peninsula,Week 2,2026-01-29,SPIRE,6.939467664865538,6.431768973678083,-0.07893608947479369,12.115295594899575,10.847036952600243,0.8953175651089144
Z500,east_northeast_india,Week 2,2026-01-29,SPIRE,13.209783423806899,14.65200181631686,0.09843149151837183,21.91822214512651,21.062988195158557,0.9609806879269123
Z500,All India,Week 3,2026-01-29,SPIRE,11.692453623435137,12.799024819471219,0.08645746153665157,21.02997478085173,26.627756171427677,1.2661810795737545
Z500,northwest_india,Week 3,2026-01-29,SPIRE,14.886223884048553,17.12453939365525,0.1307080709239986,25.99854982475369,35.82967559298928,1.3781413130541302
Z500,central_india,Week 3,2026-01-29,SPIRE,11.19255031312805,11.781020641096305,0.04995070850784056,20.17534087058867,23.48424570687208,1.1640073819574015
Z500,south_peninsula,Week 3,2026-01-29,SPIRE,7.468496544496476,7.472723141141957,0.0005656032701399916,13.10382026299295,14.60336325403859,1.1144355585584886
Z500,east_northeast_india,Week 3,2026-01-29,SPIRE,11.115472379901231,12.305859758074204,0.09673337755957512,18.682856240958255,28.676075559326765,1.534887128043113
Z500,All India,Week 4,2026-01-29,SPIRE,21.82393785406263,25.432836848049185,0.14189919180263888,36.62119250086772,30.793238448902116,0.8408584304886436
Z500,northwest_india,Week 4,2026-01-29,SPIRE,20.161446546891433,24.2727404990358,0.16937905929112884,34.942085859234496,41.05699666596349,1.1750013102069277
Z500,central_india,Week 4,2026-01-29,SPIRE,23.200308237088855,28.298549597931977,0.18015910473431807,38.845282077527045,28.405882839112106,0.7312569588867939
Z500,south_peninsula,Week 4,2026-01-29,SPIRE,20.79860432804969,19.770124196679767,-0.05202193578240899,33.27504086972255,17.436472179508375,0.5240105413476465
Z500,east_northeast_india,Week 4,2026-01-29,SPIRE,23.58573983947141,28.464701933963102,0.17140394112717827,38.872301920584015,30.45242984643072,0.7833966176905328
Z500,All India,Week 5,2026-01-29,SPIRE,23.62580777235007,24.54381721313897,0.03740287962613509,41.86621518482365,33.70774925502853,0.8051300817669199
Z500,northwest_india,Week 5,2026-01-29,SPIRE,30.377765743187865,30.34902345640702,-0.0009470580436345966,53.34664398912506,45.412260038612644,0.8512674208310109
Z500,central_india,Week 5,2026-01-29,SPIRE,20.868068053588665,21.41140062380352,0.02537585372209694,36.502712580084165,30.05885634835494,0.823469112943541
Z500,south_peninsula,Week 5,2026-01-29,SPIRE,16.315906256120833,15.902169835879278,-0.026017607943543908,26.326286771321616,18.704074934837283,0.7104714423764636
Z500,east_northeast_india,Week 5,2026-01-29,SPIRE,24.276922334353735,29.77617967966605,0.1846864642970878,40.55315657823676,35.15236381614845,0.8668218896433159
Z500,All India,Week 6,2026-01-29,SPIRE,37.77746470136102,36.85041657796223,-0.02515705952570424,62.623464346248504,33.808369597505916,0.5398674434646034
Z500,northwest_india,Week 6,2026-01-29,SPIRE,64.15706277722641,58.260341154468435,-0.10121330404028561,90.24887003108951,46.1406490808764,0.5112601306252541
Z500,central_india,Week 6,2026-01-29,SPIRE,31.258019093308803,33.33567170765709,0.06232520624058879,50.217407460411124,30.367378993594702,0.6047181750179919
Z500,south_peninsula,Week 6,2026-01-29,SPIRE,7.687875863020544,9.603921549580217,0.19950659495374812,13.63991415136117,18.104872040134858,1.3273450139954228
Z500,east_northeast_india,Week 6,2026-01-29,SPIRE,32.50226964899646,32.02549886290199,-0.014887224337565508,50.45198554093829,34.2776225086487,0.6794107732555894
Z500,All India,Week 1,2026-02-05,SPIRE,10.949157449999149,12.778407531463275,0.14315164678854597,18.705186118250065,12.124033014222638,0.6481642544253328
Z500,northwest_india,Week 1,2026-02-05,SPIRE,10.980729174991666,16.95991810905451,0.352548219609073,19.24821588213536,15.004183301824485,0.7795103397479117
Z500,central_india,Week 1,2026-02-05,SPIRE,10.393185632204336,11.417962473867016,0.08975128828879486,17.44477100276771,11.112577914465268,0.6370148345714711
Z500,south_peninsula,Week 1,2026-02-05,SPIRE,9.167013670220253,6.431768973678083,-0.42527098030668053,14.625671271833308,7.82198970619114,0.5348123556732083
Z500,east_northeast_india,Week 1,2026-02-05,SPIRE,14.368378121142843,14.65200181631686,0.0193573341533555,24.045695812894266,13.49818588226353,0.5613555950843087
Z500,All India,Week 2,2026-02-05,SPIRE,13.744908892515538,12.799024819471219,-0.07390282356553768,26.560119518970865,23.266639607092433,0.8759990552931802
Z500,northwest_india,Week 2,2026-02-05,SPIRE,18.826022499095814,17.12453939365525,-0.09935935013066532,34.365058273423315,30.890199997618645,0.8988839696369146
Z500,central_india,Week 2,2026-02-05,SPIRE,11.070452448247948,11.781020641096305,0.06031465477359799,22.024618778408886,20.424652301281366,0.9273555427576348
Z500,south_peninsula,Week 2,2026-02-05,SPIRE,6.837311623732907,7.472723141141957,0.08503078535195785,11.422916905636681,12.063735179622975,1.0560993552942752
Z500,east_northeast_india,Week 2,2026-02-05,SPIRE,17.354428137195068,12.305859758074204,-0.41025726591824374,29.763568841708558,27.051019346849735,0.9088634326990502
Z500,All India,Week 3,2026-02-05,SPIRE,26.43598275071633,25.432836848049185,-0.03944294176306529,43.07638637403689,29.11977372170661,0.6760031695522574
Z500,northwest_india,Week 3,2026-02-05,SPIRE,25.06501942172236,24.2727404990358,-0.03264068689392663,42.2707847358977,37.793366884101474,0.8940777210602892
Z500,central_india,Week 3,2026-02-05,SPIRE,29.24043916858952,28.298549597931977,-0.03328402282237031,46.04377063083664,26.863774660502383,0.5834399375300305
Z500,south_peninsula,Week 3,2026-02-05,SPIRE,19.96573839054521,19.770124196679767,-0.009894434244287265,32.05749024579547,16.183928311040525,0.5048407778323551
Z500,east_northeast_india,Week 3,2026-02-05,SPIRE,31.073279870944617,28.464701933963102,-0.09164255234547358,49.31181956747941,31.428134027832225,0.6373347060297634
Z500,All India,Week 4,2026-02-05,SPIRE,24.25530828347911,24.54381721313897,0.011754851625337737,42.111572904697596,31.63224313000796,0.7511532091568907
Z500,northwest_india,Week 4,2026-02-05,SPIRE,30.738512040916582,30.34902345640702,-0.012833644715752213,52.13662529854506,40.44329473704414,0.775717540317531
Z500,central_india,Week 4,2026-02-05,SPIRE,20.167720673380735,21.41140062380352,0.058084941395200373,35.17667955052557,29.617003136779115,0.8419499371519451
Z500,south_peninsula,Week 4,2026-02-05,SPIRE,15.276199221014851,15.902169835879278,0.03936384916806013,24.81611567731317,18.343277582589668,0.7391679592853867
Z500,east_northeast_india,Week 4,2026-02-05,SPIRE,30.609486022226104,29.77617967966605,-0.027985670140522112,48.73375470165145,33.529625368527995,0.6880164595114148
Z500,All India,Week 5,2026-02-05,SPIRE,33.81291807852902,36.85041657796223,0.08242779272269418,56.56881768982783,32.49970877751258,0.5745163166695749
Z500,northwest_india,Week 5,2026-02-05,SPIRE,56.95316080677464,58.260341154468435,0.022436881106274398,81.03857185084888,43.4725488371463,0.5364426820990543
Z500,central_india,Week 5,2026-02-05,SPIRE,28.685884285731543,33.33567170765709,0.13948383769502715,46.54605804906964,29.543614205318534,0.6347178567554133
Z500,south_peninsula,Week 5,2026-02-05,SPIRE,7.3115187338119725,9.603921549580217,0.23869445454481508,12.722170417124076,18.195744472576386,1.4302390139409598
Z500,east_northeast_india,Week 5,2026-02-05,SPIRE,27.96589358543709,32.02549886290199,0.12676165623035796,44.58672658014848,33.0885194492608,0.7421159162644815
Z500,All India,Week 6,2026-02-05,SPIRE,22.996062208847302,17.95051983530738,-0.2810805714726827,39.568464690937034,31.504635903607724,0.7962056690772666
Z500,northwest_india,Week 6,2026-02-05,SPIRE,29.25370190426197,23.77813295116693,-0.2302774975789812,50.65982014878062,42.20009796046292,0.8330092336792213
Z500,central_india,Week 6,2026-02-05,SPIRE,19.751989925699142,15.763676368443075,-0.25300656166985114,33.12973369867377,28.372799416845886,0.856414955668107
Z500,south_peninsula,Week 6,2026-02-05,SPIRE,21.582309023407902,13.870273842158246,-0.5560117463441259,33.26538444208736,17.950636918753478,0.5396191031552408
Z500,east_northeast_india,Week 6,2026-02-05,SPIRE,18.501029512565776,15.296964776469313,-0.2094575481421741,31.950026363550325,32.1676201447761,1.0068104413670849
Z500,All India,Week 1,2026-02-12,SPIRE,6.571071703552631,12.799024819471219,0.48659590896674976,11.513231237495235,12.65431016159956,1.0991102237561392
Z500,northwest_india,Week 1,2026-02-12,SPIRE,7.2994121489344,17.12453939365525,0.573745489958178,14.164549743555128,15.295073876615518,1.079813630050244
Z500,central_india,Week 1,2026-02-12,SPIRE,5.694482200227393,11.781020641096305,0.5166393155816182,9.322398303007189,12.3740518130195,1.3273463985150602
Z500,south_peninsula,Week 1,2026-02-12,SPIRE,7.444767507360709,7.472723141141957,0.0037410236206042446,11.07289282280197,8.315534789117459,0.7509812406016978
Z500,east_northeast_india,Week 1,2026-02-12,SPIRE,5.896199264894774,12.305859758074204,0.5208624687091757,10.027283003728776,12.926125120521705,1.2890954723941628
Z500,All India,Week 2,2026-02-12,SPIRE,18.997773660925862,25.432836848049185,0.2530218404486372,32.45742060295872,21.252252799197635,0.654773312370372
Z500,northwest_india,Week 2,2026-02-12,SPIRE,20.896540481431305,24.2727404990358,0.13909430695469305,35.32695200873058,26.985047027882054,0.7638657029118465
Z500,central_india,Week 2,2026-02-12,SPIRE,18.83346664055014,28.298549597931977,0.3344723702049216,31.712331201289476,20.371405035360784,0.6423811893883238
Z500,south_peninsula,Week 2,2026-02-12,SPIRE,11.442551246159272,19.770124196679767,0.42122006253855715,20.033511970037697,12.654869938132256,0.63168504638922
Z500,east_northeast_india,Week 2,2026-02-12,SPIRE,24.627779152243907,28.464701933963102,0.13479581801420903,39.36283164491791,21.442502071287908,0.5447398262583155
Z500,All India,Week 3,2026-02-12,SPIRE,23.49687506847285,24.54381721313897,0.04265604390606614,41.631760769781664,31.418763646771147,0.7546825564384103
Z500,northwest_india,Week 3,2026-02-12,SPIRE,31.397696331581724,30.34902345640702,-0.03455376007999078,53.268872074712014,38.932318936288574,0.7308643382139616
Z500,central_india,Week 3,2026-02-12,SPIRE,20.06071836891029,21.41140062380352,0.06308238674454791,35.32960895153086,30.86126762815407,0.873524178274745
Z500,south_peninsula,Week 3,2026-02-12,SPIRE,11.912530859286077,15.902169835879278,0.25088645246333463,20.239895103100277,18.367480297683624,0.9074889076312533
Z500,east_northeast_india,Week 3,2026-02-12,SPIRE,28.508113062522934,29.77617967966605,0.042586612211004016,45.568500256099846,32.5231056489486,0.7137190266558098
Z500,All India,Week 4,2026-02-12,SPIRE,34.05733248366576,36.85041657796223,0.0757951837094516,56.97328362656876,32.34948117093612,0.5678008903782116
Z500,northwest_india,Week 4,2026-02-12,SPIRE,57.39630081224846,58.260341154468435,0.014830677697700079,81.77156998703185,43.86064175624556,0.536380086174222
Z500,central_india,Week 4,2026-02-12,SPIRE,28.523294932687246,33.33567170765709,0.14436117613506672,46.22830411660215,28.877601565261575,0.6246736088873883
Z500,south_peninsula,Week 4,2026-02-12,SPIRE,7.447866449294908,9.603921549580217,0.2244973669510607,12.95842936414694,17.92192803712365,1.3830324288149916
Z500,east_northeast_india,Week 4,2026-02-12,SPIRE,28.8408101780087,32.02549886290199,0.09944228186816484,45.77615709432145,33.094971537226954,0.7229740030172257
Z500,All India,Week 5,2026-02-12,SPIRE,23.46669291884454,17.95051983530738,-0.30729879324649123,40.639287113726816,31.58505288255608,0.7772048952081035
Z500,northwest_india,Week 5,2026-02-12,SPIRE,29.4029006655672,23.77813295116693,-0.2365521181142285,51.60384903852795,42.26332244032766,0.8189955444752473
Z500,central_india,Week 5,2026-02-12,SPIRE,20.35377141019074,15.763676368443075,-0.2911817608065377,34.488843236523365,28.69281635836686,0.8319448745089087
Z500,south_peninsula,Week 5,2026-02-12,SPIRE,22.301762633882653,13.870273842158246,-0.607881927038612,34.18121378865323,17.55889306391243,0.5137001035855919
Z500,east_northeast_india,Week 5,2026-02-12,SPIRE,19.064375735433053,15.296964776469313,-0.24628486853542286,33.161739725022265,32.32561992933574,0.9747866124449547
Z500,All India,Week 6,2026-02-12,SPIRE,28.639755216832587,19.88571219285214,-0.440217727134111,47.27693886846613,31.03247251096929,0.6563976698514219
Z500,northwest_india,Week 6,2026-02-12,SPIRE,31.064067053764415,22.082656623932856,-0.40671784119025056,52.56940125800608,41.60822304328944,0.7914912867103028
Z500,central_india,Week 6,2026-02-12,SPIRE,30.52246893571549,21.74831972535497,-0.4034403264787072,48.712198392694525,27.613222829111862,0.5668646404850634
Z500,south_peninsula,Week 6,2026-02-12,SPIRE,22.03038315918679,14.390981073876134,-0.5308465104702569,35.55202285104076,17.59238192243932,0.49483490703607924
Z500,east_northeast_india,Week 6,2026-02-12,SPIRE,27.267123430788182,17.668570814710574,-0.5432557458516116,44.436792197709025,32.47195960025006,0.7307449074131003
Z500,All India,Week 1,2026-02-19,SPIRE,13.011584063634889,25.432836848049185,0.48839430923990945,21.274171835083287,12.820253227943667,0.602620554507403
Z500,northwest_india,Week 1,2026-02-19,SPIRE,14.513660870626195,24.2727404990358,0.4020592412627355,23.80706255237505,15.179131651248428,0.6375894387581269
Z500,central_india,Week 1,2026-02-19,SPIRE,13.089966254391669,28.298549597931977,0.5374333158280216,21.540913539313614,12.889609926798855,0.5983780540818034
Z500,south_peninsula,Week 1,2026-02-19,SPIRE,11.605349144342556,19.770124196679767,0.41298552154307755,18.05630644939623,8.610050350208605,0.4768444960955184
Z500,east_northeast_india,Week 1,2026-02-19,SPIRE,11.301647709915708,28.464701933963102,0.6029592111614219,18.291710452980414,12.748822667085918,0.6969726915291649
Z500,All India,Week 2,2026-02-19,SPIRE,24.984749730357674,24.54381721313897,-0.017965115751541028,40.84174095675752,21.2745899019559,0.5209031104839786
Z500,northwest_india,Week 2,2026-02-19,SPIRE,32.43577292543494,30.34902345640702,-0.06875837280317443,52.29053944631863,28.970608690924696,0.5540315513605643
Z500,central_india,Week 2,2026-02-19,SPIRE,20.202271776499828,21.41140062380352,0.056471263536093774,31.385370230349892,18.04242601691108,0.5748673947285132
Z500,south_peninsula,Week 2,2026-02-19,SPIRE,16.395428602577265,15.902169835879278,-0.031018330944062367,23.955138859240524,11.675642366602343,0.48739614640549445
Z500,east_northeast_india,Week 2,2026-02-19,SPIRE,30.32796356049081,29.77617967966605,-0.018531050213992817,47.55633531430881,23.796366138334026,0.5003826720679662
Z500,All India,Week 3,2026-02-19,SPIRE,26.12654776059244,36.85041657796223,0.29101078938095415,46.73481384676361,28.597662492185822,0.611913478161125
Z500,northwest_india,Week 3,2026-02-19,SPIRE,48.76404621495783,58.260341154468435,0.1629975855158936,71.39429529442722,39.11700669196578,0.5479010126880418
Z500,central_india,Week 3,2026-02-19,SPIRE,17.102959547981673,33.33567170765709,0.4869472048450375,30.766310964472282,24.926518796853205,0.810188742668478
Z500,south_peninsula,Week 3,2026-02-19,SPIRE,7.986733200880811,9.603921549580217,0.16838833390617325,13.52991208062664,15.051160667315264,1.1124359550618872
Z500,east_northeast_india,Week 3,2026-02-19,SPIRE,19.8766893378247,32.02549886290199,0.37934801818654407,33.76327761359562,30.868383696834538,0.9142590968243148
Z500,All India,Week 4,2026-02-19,SPIRE,26.16172605640268,17.95051983530738,-0.4574355671273904,43.07653872619339,28.486735635116325,0.6613051205480096
Z500,northwest_india,Week 4,2026-02-19,SPIRE,31.329630294657484,23.77813295116693,-0.3175815930964403,52.843226356885936,37.34781129573474,0.7067662947659515
Z500,central_india,Week 4,2026-02-19,SPIRE,23.270001551407752,15.763676368443075,-0.47617858978578176,37.68711971533091,25.95983483149144,0.68882512188723
Z500,south_peninsula,Week 4,2026-02-19,SPIRE,25.49270405520757,13.870273842158246,-0.8379380497682265,36.890089890227586,16.533747065194667,0.4481893948860927
Z500,east_northeast_india,Week 4,2026-02-19,SPIRE,22.314909188453687,15.296964776469313,-0.45878019035382667,37.67924767259386,29.78159794011348,0.7903978922003593
Z500,All India,Week 5,2026-02-19,SPIRE,32.635514621586985,19.88571219285214,-0.6411539252447656,51.38282427371086,28.967483435513596,0.5637581009795585
Z500,northwest_india,Week 5,2026-02-19,SPIRE,35.60928337847792,22.082656623932856,-0.6125452650423004,57.872820807095195,39.90475395886671,0.6895249514772986
Z500,central_india,Week 5,2026-02-19,SPIRE,34.49242861318779,21.74831972535497,-0.5859813102239471,52.16268215529066,25.32207874107263,0.48544433864975844
Z500,south_peninsula,Week 5,2026-02-19,SPIRE,23.956157149298914,14.390981073876134,-0.6646646275413697,36.85797530325094,16.029994856713422,0.43491251824946414
Z500,east_northeast_india,Week 5,2026-02-19,SPIRE,32.69763627543618,17.668570814710574,-0.850610138099718,50.018899110739966,29.508725950449136,0.5899515278238716
Z500,All India,Week 6,2026-02-19,SPIRE,14.586471971333241,11.419669476914326,-0.2773112217320153,25.137728204550324,28.507183994823613,1.1340397892305702
Z500,northwest_india,Week 6,2026-02-19,SPIRE,14.8702563624993,14.749435317580105,-0.008191570885102806,25.022797592751946,37.84844594564357,1.5125585300904434
Z500,central_india,Week 6,2026-02-19,SPIRE,12.454049905255175,9.227347307395904,-0.3496890807689663,21.359819106001687,25.888746798180755,1.2120302456543992
Z500,south_peninsula,Week 6,2026-02-19,SPIRE,14.675068456469289,7.822998014112569,-0.8758880457333222,23.68114521235917,16.952129470746936,0.7158492259867413
Z500,east_northeast_india,Week 6,2026-02-19,SPIRE,18.72931889100182,13.632505976671325,-0.37387204693344245,33.680900410376566,28.467242598303123,0.845204322077233
Z500,All India,Week 1,2026-02-26,SPIRE,14.59171792655596,24.54381721313897,0.40548294505939286,22.16931682343652,11.03392827284595,0.49771169588687186
Z500,northwest_india,Week 1,2026-02-26,SPIRE,17.014662024926565,30.34902345640702,0.4393670673006588,26.456212754206977,13.402352130821559,0.5065861941517068
Z500,central_india,Week 1,2026-02-26,SPIRE,13.540591523614236,21.41140062380352,0.3675989832930002,19.506169263649028,9.534808439465783,0.4888098893530314
Z500,south_peninsula,Week 1,2026-02-26,SPIRE,11.857654745420144,15.902169835879278,0.25433730944903477,16.924556091335205,7.884543492253692,0.4658641236853656
Z500,east_northeast_india,Week 1,2026-02-26,SPIRE,15.1039350286501,29.77617967966605,0.49275107850842015,23.344465790826874,13.20578513207783,0.5656923251277396
Z500,All India,Week 2,2026-02-26,SPIRE,17.197886929846163,36.85041657796223,0.5333054948385286,33.7723280580818,22.205462152338306,0.6575046326136965
Z500,northwest_india,Week 2,2026-02-26,SPIRE,30.75304209021311,58.260341154468435,0.4721444900455338,52.21405788397234,32.62616286603377,0.6248539988700768
Z500,central_india,Week 2,2026-02-26,SPIRE,11.207202029823147,33.33567170765709,0.6638075234209577,21.685339922055224,17.416473474488534,0.8031450526987124
Z500,south_peninsula,Week 2,2026-02-26,SPIRE,10.725498872851935,9.603921549580217,-0.11678326582340115,16.94787049713449,10.40141104586401,0.6137296746291907
Z500,east_northeast_india,Week 2,2026-02-26,SPIRE,9.335501647743316,32.02549886290199,0.7084978539223485,16.455376598277,25.077784267317554,1.523987258361707
Z500,All India,Week 3,2026-02-26,SPIRE,25.287782699289586,17.95051983530738,-0.4087493248830789,42.26647443969783,29.65284714083717,0.7015689747945101
Z500,northwest_india,Week 3,2026-02-26,SPIRE,28.778566877154002,23.77813295116693,-0.21029548183015234,50.642826528934506,41.14820589320171,0.8125179559180392
Z500,central_india,Week 3,2026-02-26,SPIRE,23.807050280338636,15.763676368443075,-0.5102473384950605,39.02905305017402,25.499518622899274,0.6533470999185715
Z500,south_peninsula,Week 3,2026-02-26,SPIRE,27.84033117102239,13.870273842158246,-1.0071940531125354,39.4175693248317,16.378572724586938,0.41551452829611707
Z500,east_northeast_india,Week 3,2026-02-26,SPIRE,17.870767598130193,15.296964776469313,-0.16825578533200614,31.267912565854875,30.554931714226523,0.9771976830840016
Z500,All India,Week 4,2026-02-26,SPIRE,32.35901379484518,19.88571219285214,-0.6272494281837457,50.9077487847596,30.732854367690088,0.6036969832948236
Z500,northwest_india,Week 4,2026-02-26,SPIRE,32.121290304632026,22.082656623932856,-0.45459356868409784,53.96438534073877,43.3757511167273,0.8037847710642244
Z500,central_india,Week 4,2026-02-26,SPIRE,36.453978492522765,21.74831972535497,-0.6761744793563711,54.45683310135746,26.213735416597252,0.4813672394023922
Z500,south_peninsula,Week 4,2026-02-26,SPIRE,26.865321688667425,14.390981073876134,-0.8668165534201064,40.0303121881981,16.932314021667928,0.42298730876897783
Z500,east_northeast_india,Week 4,2026-02-26,SPIRE,30.356931636085385,17.668570814710574,-0.7181317014509563,47.622018764107196,30.619335709484137,0.642965932653027
Z500,All India,Week 5,2026-02-26,SPIRE,16.532196515205687,11.419669476914326,-0.4476948346558276,27.639284413133318,29.332248024377186,1.0612520782354056
Z500,northwest_india,Week 5,2026-02-26,SPIRE,15.915586815385401,14.749435317580105,-0.07906414535174378,26.484926721433258,40.0302045832471,1.5114334656947401
Z500,central_india,Week 5,2026-02-26,SPIRE,15.483600150940052,9.227347307395904,-0.6780120694633045,25.98716807118524,26.241542624869975,1.0097884676386415
Z500,south_peninsula,Week 5,2026-02-26,SPIRE,17.61122680350741,7.822998014112569,-1.2512119741992809,27.226193187439645,16.710209303551263,0.6137548936242854
Z500,east_northeast_india,Week 5,2026-02-26,SPIRE,18.93241907315769,13.632505976671325,-0.3887702749264046,33.63114282651622,28.73606423421362,0.8544480448507653
Z500,All India,Week 6,2026-02-26,SPIRE,31.251859534831308,19.135935531957177,-0.6331503355370545,54.234123093797656,27.89516755048598,0.5143471666766221
Z500,northwest_india,Week 6,2026-02-26,SPIRE,52.9566075688495,31.04516311871739,-0.7057925373541205,78.6048270299255,36.51819297625304,0.4645795220991996
Z500,central_india,Week 6,2026-02-26,SPIRE,27.38175870136039,15.709223136602132,-0.7430370975864182,45.111185068540806,25.5634687246033,0.5666769490928426
Z500,south_peninsula,Week 6,2026-02-26,SPIRE,8.246163321385774,6.048364771015476,-0.36337070159895535,14.527060729637874,16.970451389472675,1.1681958040451936
Z500,east_northeast_india,Week 6,2026-02-26,SPIRE,21.317814244645053,17.241310186220915,-0.23643818331637223,36.594311884605496,27.984316801335716,0.764717666766899
Z500,All India,Week 1,2026-03-05,SPIRE,7.851441225896041,36.85041657796223,0.786937517808375,12.493187690242987,10.718830996224911,0.8579740625041737
Z500,northwest_india,Week 1,2026-03-05,SPIRE,5.650413111168974,58.260341154468435,0.9030144177119086,8.988619783199127,13.556445601956659,1.5081787781585088
Z500,central_india,Week 1,2026-03-05,SPIRE,8.472383769546603,33.33567170765709,0.745846316107063,13.261596819620586,9.156881777076437,0.6904810862240054
Z500,south_peninsula,Week 1,2026-03-05,SPIRE,11.523819681179992,9.603921549580217,-0.19990772745157348,16.619723126867985,7.749991996393677,0.46631294259437983
Z500,east_northeast_india,Week 1,2026-03-05,SPIRE,6.669930838347746,32.02549886290199,0.7917306185642552,11.215660181418373,11.784817208313385,1.0507466361933795
Z500,All India,Week 2,2026-03-05,SPIRE,19.305758479329768,17.95051983530738,-0.07549857366006374,31.1899916315926,22.052094795032108,0.7070247102181123
Z500,northwest_india,Week 2,2026-03-05,SPIRE,20.453292706357413,23.77813295116693,0.13982764128864666,35.761687006558375,31.126026252213556,0.8703735438013682
Z500,central_india,Week 2,2026-03-05,SPIRE,17.770853420511944,15.763676368443075,-0.12732924764219278,27.94618631648068,18.777862849608344,0.6719293515385493
Z500,south_peninsula,Week 2,2026-03-05,SPIRE,21.63462490301519,13.870273842158246,-0.5597835449547832,30.088219568988325,13.08051664533046,0.43473880584188634
Z500,east_northeast_india,Week 2,2026-03-05,SPIRE,17.408855194503687,15.296964776469313,-0.13805944178436014,28.75166737836214,20.879761939811818,0.7262104720759763
Z500,All India,Week 3,2026-03-05,SPIRE,23.53874369344098,19.88571219285214,-0.18370131605856765,39.10113502260131,32.59922181630523,0.8337154867106075
Z500,northwest_india,Week 3,2026-03-05,SPIRE,21.764501047741813,22.082656623932856,0.014407486454606655,37.92086716141903,46.388437038276436,1.2232957870085939
Z500,central_india,Week 3,2026-03-05,SPIRE,26.557090356467945,21.74831972535497,-0.2211099842121016,42.83831651239703,29.09721223072537,0.6792333266015459
Z500,south_peninsula,Week 3,2026-03-05,SPIRE,20.3279454393731,14.390981073876134,-0.41254757650083373,31.831789027797566,16.616746407090112,0.5220173579492908
Z500,east_northeast_india,Week 3,2026-03-05,SPIRE,24.51203818010642,17.668570814710574,-0.38732433070919825,40.857558693761874,30.372930510830468,0.7433858380644707
Z500,All India,Week 4,2026-03-05,SPIRE,15.62619576377622,11.419669476914326,-0.3683579717754255,25.552481680993093,30.58174864891866,1.1968210771350059
Z500,northwest_india,Week 4,2026-03-05,SPIRE,13.235195917157203,14.749435317580105,0.10266422868528768,19.89719448867132,40.53873859259836,2.037409777327126
Z500,central_india,Week 4,2026-03-05,SPIRE,14.92952235200713,9.227347307395904,-0.6179647145221052,24.842442466791685,28.127747465223063,1.132245651884795
Z500,south_peninsula,Week 4,2026-03-05,SPIRE,19.36182499972156,7.822998014112569,-1.4749878454261554,29.512995378838827,17.5511691641317,0.5946929120151626
Z500,east_northeast_india,Week 4,2026-03-05,SPIRE,17.791858995821723,13.632505976671325,-0.30510553424792963,32.01093432236152,30.657352432752397,0.957715014626625
Z500,All India,Week 5,2026-03-05,SPIRE,33.38726133981658,19.135935531957177,-0.744741524868725,56.81376311360671,27.76931440712575,0.4887779454354625
Z500,northwest_india,Week 5,2026-03-05,SPIRE,52.725397076312184,31.04516311871739,-0.6983449845210701,79.93902228412837,38.582459282147056,0.48264862616173726
Z500,central_india,Week 5,2026-03-05,SPIRE,32.21048163041753,15.709223136602132,-1.0504184930296039,50.41727787332608,23.65703702442548,0.4692247979723147
Z500,south_peninsula,Week 5,2026-03-05,SPIRE,10.383852852861574,6.048364771015476,-0.7168033420573943,18.014939577305054,16.04741050432332,0.8907834764286194
Z500,east_northeast_india,Week 5,2026-03-05,SPIRE,22.464703871139882,17.241310186220915,-0.30295804834446116,38.740353340361885,28.13587105178632,0.7262677963877212
Z500,All India,Week 6,2026-03-05,SPIRE,18.81223631338791,21.429182469176883,0.12212067163799245,35.79683653415879,25.853041713429526,0.7222158217461341
Z500,northwest_india,Week 6,2026-03-05,SPIRE,26.286211930763915,21.41497139368227,-0.22746892571235167,47.84272085514595,34.904732131352475,0.7295724722060437
Z500,central_india,Week 6,2026-03-05,SPIRE,12.14409893076173,25.31454119336686,0.5202718138164861,21.334834889076486,22.899646138235124,1.0733453648595999
Z500,south_peninsula,Week 6,2026-03-05,SPIRE,8.182982501736946,20.0498284429809,0.591867704753271,14.333394790170173,15.340134675257284,1.0702373652456383
Z500,east_northeast_india,Week 6,2026-03-05,SPIRE,30.952833114077485,14.298031324025043,-1.1648318158365836,48.040474982703714,25.91415011651452,0.5394232701871607
Z500,All India,Week 1,2026-03-12,SPIRE,9.949585920620828,17.95051983530738,0.445721571747983,17.554547678634233,12.312709389473907,0.7013971316651921
Z500,northwest_india,Week 1,2026-03-12,SPIRE,13.003258358687924,23.77813295116693,0.4531421627849137,23.262436819573345,15.604211684295677,0.6707900726533547
Z500,central_india,Week 1,2026-03-12,SPIRE,8.251269673610995,15.763676368443075,0.4765643825237993,14.051597356167612,11.366371795196116,0.8089024690283428
Z500,south_peninsula,Week 1,2026-03-12,SPIRE,10.037220840314859,13.870273842158246,0.2763502037135668,15.000508790002865,8.759230100286588,0.5839288668744492
Z500,east_northeast_india,Week 1,2026-03-12,SPIRE,7.051825636641158,15.296964776469313,0.5390049111253307,12.480935145617718,11.708100100407822,0.9380787548214085
Z500,All India,Week 2,2026-03-12,SPIRE,28.513208315204416,19.88571219285214,-0.433854017330765,46.17091611107204,22.601208111718847,0.48951179693614427
Z500,northwest_india,Week 2,2026-03-12,SPIRE,40.51113841969845,22.082656623932856,-0.8345228615198896,60.688360578795354,31.93993191475968,0.52629419562735
Z500,central_india,Week 2,2026-03-12,SPIRE,25.79317580936323,21.74831972535497,-0.18598476273514697,39.7355128870625,19.57834921922489,0.4927166606574597
Z500,south_peninsula,Week 2,2026-03-12,SPIRE,10.311842339965379,14.390981073876134,0.28345105263987824,17.390892501627967,12.835395881838195,0.7380527411480848
Z500,east_northeast_india,Week 2,2026-03-12,SPIRE,31.173562769119048,17.668570814710574,-0.7643511235874512,47.782600530652815,21.26444933829068,0.44502494845690566
Z500,All India,Week 3,2026-03-12,SPIRE,14.808296020261293,11.419669476914326,-0.29673595634245964,25.259754985643674,27.311068075079103,1.081208748485537
Z500,northwest_india,Week 3,2026-03-12,SPIRE,14.628276602431919,14.749435317580105,0.008214464658438447,23.96995510091338,38.794276459765804,1.618454281472039
Z500,central_india,Week 3,2026-03-12,SPIRE,12.155244484707774,9.227347307395904,-0.3173064890453512,20.713389962603785,23.84904315264884,1.151382907177734
Z500,south_peninsula,Week 3,2026-03-12,SPIRE,13.78910399101585,7.822998014112569,-0.7626367750752994,21.9861459252139,14.467015948309818,0.6580060005750676
Z500,east_northeast_india,Week 3,2026-03-12,SPIRE,22.53240106031135,13.632505976671325,-0.6528436590359838,38.03717139098563,26.12458608817979,0.6868172667111366
Z500,All India,Week 4,2026-03-12,SPIRE,28.08855010181544,19.135935531957177,-0.46784305658363645,49.87665195106513,27.31398940904204,0.547630771925916
Z500,northwest_india,Week 4,2026-03-12,SPIRE,46.765880344366686,31.04516311871739,-0.5063821750761277,71.87291483264725,37.1756266607498,0.5172411157570487
Z500,central_india,Week 4,2026-03-12,SPIRE,25.333600660518332,15.709223136602132,-0.6126577641825979,42.33622888188368,23.97811793266488,0.5663734953711356
Z500,south_peninsula,Week 4,2026-03-12,SPIRE,7.084795255943429,6.048364771015476,-0.17135713935354202,12.437384654499667,15.926650118953855,1.280546558732653
Z500,east_northeast_india,Week 4,2026-03-12,SPIRE,19.727281816244794,17.241310186220915,-0.14418693261551807,33.62421754246031,27.568224677145054,0.8198919318295568
Z500,All India,Week 5,2026-03-12,SPIRE,17.67656135793843,21.429182469176883,0.17511732501396715,32.66510122844633,27.160815570437116,0.8314933843457426
Z500,northwest_india,Week 5,2026-03-12,SPIRE,22.629932057900792,21.41497139368227,-0.05673417171021544,41.80342816393662,35.87326151532854,0.8581416187841747
Z500,central_india,Week 5,2026-03-12,SPIRE,13.838193104367221,25.31454119336686,0.4533500331424839,23.76399479589687,25.326266552389942,1.0657411251732312
Z500,south_peninsula,Week 5,2026-03-12,SPIRE,9.492835355279675,20.0498284429809,0.5265378263821028,16.705473822854103,16.589861926254322,0.9930794003315478
Z500,east_northeast_india,Week 5,2026-03-12,SPIRE,25.812820186459504,14.298031324025043,-0.8053408613734194,41.33962530991008,25.478372127715993,0.6163184096786728
Z500,All India,Week 6,2026-03-12,SPIRE,9.720891277859907,22.49124967124393,0.5677923005635164,16.20772088307519,25.894040198475693,1.5976361133856507
Z500,northwest_india,Week 6,2026-03-12,SPIRE,11.952213546883078,33.022282277966845,0.6380561026559377,18.64862109082489,34.85595058572738,1.869089967347585
Z500,central_india,Week 6,2026-03-12,SPIRE,9.60131018510267,19.890858050653456,0.5173003517167402,16.40069552356788,23.522224181528546,1.4342211370076956
Z500,south_peninsula,Week 6,2026-03-12,SPIRE,5.864217080387993,8.48527234627744,0.3088946540459985,9.50216176639247,15.525272760928207,1.6338674443365566
Z500,east_northeast_india,Week 6,2026-03-12,SPIRE,9.919882728169611,22.861375368684254,0.5660854796270058,16.64379005569416,24.642872679405638,1.4806046337369436
Z500,All India,Week 1,2026-03-19,SPIRE,19.120010002657125,19.88571219285214,0.03850514292720397,27.80167253235747,11.598034470001025,0.4171703862960923
Z500,northwest_india,Week 1,2026-03-19,SPIRE,23.73589055230888,22.082656623932856,-0.07486571731520186,34.02342755762427,13.553456202298802,0.3983565788409706
Z500,central_india,Week 1,2026-03-19,SPIRE,19.7547175522786,21.74831972535497,0.09166695166579508,27.45331812911401,11.070480594195088,0.4032474523527609
Z500,south_peninsula,Week 1,2026-03-19,SPIRE,14.448747786895556,14.390981073876134,-0.004014091375902584,19.29162666868655,8.147030244685165,0.42230913880938414
Z500,east_northeast_india,Week 1,2026-03-19,SPIRE,13.400812177615382,17.668570814710574,0.2415452093919177,21.80552008281582,12.827096635909912,0.5882499746483233
Z500,All India,Week 2,2026-03-19,SPIRE,15.036276644232917,11.419669476914326,-0.3166998112011752,23.902287214673798,21.587213470321736,0.9031442588083863
Z500,northwest_india,Week 2,2026-03-19,SPIRE,16.10760601571878,14.749435317580105,-0.09208289462579278,25.563531398782843,31.663631342707287,1.2386250885593564
Z500,central_india,Week 2,2026-03-19,SPIRE,14.177594418391166,9.227347307395904,-0.5364756463677853,22.25946749577761,18.11722467936004,0.8139109654261356
Z500,south_peninsula,Week 2,2026-03-19,SPIRE,15.139117664860434,7.822998014112569,-0.9352066353014148,22.13061617820921,11.27125231333815,0.509305851340747
Z500,east_northeast_india,Week 2,2026-03-19,SPIRE,14.530599351909306,13.632505976671325,-0.06587881764180747,25.819014855100498,20.345598482938104,0.7880083185636678
Z500,All India,Week 3,2026-03-19,SPIRE,19.27640664422257,19.135935531957177,-0.007340697403103391,36.90675507429816,30.51540649822361,0.8268244237888721
Z500,northwest_india,Week 3,2026-03-19,SPIRE,30.679512823506222,31.04516311871739,0.011778011724818849,52.39951001456136,42.41513974560725,0.8094568009094065
Z500,central_india,Week 3,2026-03-19,SPIRE,17.410923517305907,15.709223136602132,-0.10832492262070237,31.955394476053655,27.40565917837598,0.8576223084622817
Z500,south_peninsula,Week 3,2026-03-19,SPIRE,5.975105429372706,6.048364771015476,0.012112255860267762,10.051190485955143,15.151217971041046,1.5074053160381686
Z500,east_northeast_india,Week 3,2026-03-19,SPIRE,15.185529508462183,17.241310186220915,0.11923575734990788,26.240792359849188,30.750219841003094,1.1718479922143563
Z500,All India,Week 4,2026-03-19,SPIRE,14.995332255172446,21.429182469176883,0.30023778197132356,26.72058082180692,29.562881155756596,1.10637120326479
Z500,northwest_india,Week 4,2026-03-19,SPIRE,17.15305945720033,21.41497139368227,0.19901553255117888,30.26976663586628,39.63250428516421,1.3093098721879188
Z500,central_india,Week 4,2026-03-19,SPIRE,15.463272922303235,25.31454119336686,0.3891545256860094,26.43716322905692,26.508042235918452,1.0026810367756716
Z500,south_peninsula,Week 4,2026-03-19,SPIRE,8.508880451684382,20.0498284429809,0.5756133038303779,15.170567200884198,16.172786595749738,1.0660634096006065
Z500,east_northeast_india,Week 4,2026-03-19,SPIRE,17.284973542125787,14.298031324025043,-0.208905838182196,30.1451056985365,31.21286712191278,1.0354207224898906
Z500,All India,Week 5,2026-03-19,SPIRE,10.449490890955039,22.49124967124393,0.5353974970846027,17.998282244770085,25.992946241447463,1.4441903892800911
Z500,northwest_india,Week 5,2026-03-19,SPIRE,13.802466428878523,33.022282277966845,0.5820256664062309,22.975847752812832,34.82095957143971,1.515546235597628
Z500,central_india,Week 5,2026-03-19,SPIRE,9.50840208232654,19.890858050653456,0.5219712463830001,16.059011862559064,23.1394054371656,1.4408984584608338
Z500,south_peninsula,Week 5,2026-03-19,SPIRE,6.366947662488641,8.48527234627744,0.24964722372383552,10.800125193653837,14.882832331785425,1.3780240566591384
Z500,east_northeast_india,Week 5,2026-03-19,SPIRE,10.356987236098965,22.861375368684254,0.5469656978605901,16.951849248331012,27.05757387725254,1.5961429034013197
Z500,All India,Week 6,2026-03-19,SPIRE,12.371902924076684,27.538611363129853,0.5507433994787101,23.333680083188405,24.65674177736251,1.056701801407115
Z500,northwest_india,Week 6,2026-03-19,SPIRE,19.641710883235127,45.046628022329415,0.5639693414233177,33.50840000917202,32.979923685601506,0.9842285419946682
Z500,central_india,Week 6,2026-03-19,SPIRE,8.329390912121577,20.14351164349002,0.586497575023694,14.26408853957206,21.882291796770236,1.5340827236218721
Z500,south_peninsula,Week 6,2026-03-19,SPIRE,4.9389684335980375,9.436155861580048,0.4765910497825302,7.6323659145565115,14.74197779912257,1.9315082589274903
Z500,east_northeast_india,Week 6,2026-03-19,SPIRE,14.980972391213358,28.724382147028198,0.4784579764141845,25.797830842649898,25.155763358244062,0.9751115708788839
Z500,All India,Week 1,2026-03-26,SPIRE,11.050389565514832,11.419669476914326,0.03233718034887256,17.1825419161887,11.21411763111588,0.6526460220970209
Z500,northwest_india,Week 1,2026-03-26,SPIRE,9.000188860751894,14.749435317580105,0.389794343514669,14.92514062646138,13.7350159168641,0.9202604022713688
Z500,central_india,Week 1,2026-03-26,SPIRE,11.176195769263542,9.227347307395904,-0.21120354495658744,17.04996319762669,10.837372556859181,0.6356243958560401
Z500,south_peninsula,Week 1,2026-03-26,SPIRE,12.277331747858764,7.822998014112569,-0.5693896030282308,17.831227113738855,8.158366578183552,0.45753253694455936
Z500,east_northeast_india,Week 1,2026-03-26,SPIRE,13.714010265858757,13.632505976671325,-0.005978672543911268,20.872298452229114,10.371630096730426,0.4969088632221412
Z500,All India,Week 2,2026-03-26,SPIRE,17.600543166642463,19.135935531957177,0.0802360753541731,34.11601897256684,25.527364486963926,0.7482515620445289
Z500,northwest_india,Week 2,2026-03-26,SPIRE,28.81075866803584,31.04516311871739,0.07197270770126529,49.434690117936285,32.4627241232803,0.6566790253126705
Z500,central_india,Week 2,2026-03-26,SPIRE,13.551502243645023,15.709223136602132,0.1373537618120445,25.431878780077035,25.761184561676195,1.0129485432219476
Z500,south_peninsula,Week 2,2026-03-26,SPIRE,5.8647065059748895,6.048364771015476,0.03036494523622313,9.421228582782122,14.115055833314111,1.4982181686059766
Z500,east_northeast_india,Week 2,2026-03-26,SPIRE,16.972677408711434,17.241310186220915,0.015580763561934496,29.800547045843405,24.04674578402003,0.8069229651062423
Z500,All India,Week 3,2026-03-26,SPIRE,14.202980176159718,21.429182469176883,0.33721315796396456,26.00320869224388,28.171389699794453,1.0833812870254464
Z500,northwest_india,Week 3,2026-03-26,SPIRE,17.17060760786679,21.41497139368227,0.19819609878477962,30.711509109271525,39.033717372183844,1.2709801147609487
Z500,central_india,Week 3,2026-03-26,SPIRE,12.312309342375798,25.31454119336686,0.5136270000578964,21.360081557610638,25.062436393546594,1.1733305570931587
Z500,south_peninsula,Week 3,2026-03-26,SPIRE,7.140655215006307,20.0498284429809,0.6438545479172852,12.984595022435247,14.67708102208414,1.1303456901601132
Z500,east_northeast_india,Week 3,2026-03-26,SPIRE,20.830103915015815,14.298031324025043,-0.4568511876187391,35.029853022509116,28.343347137542473,0.809119784754161
Z500,All India,Week 4,2026-03-26,SPIRE,9.398518864757694,22.49124967124393,0.5821255376141183,15.345427072803156,25.163615359630978,1.6398119935175144
Z500,northwest_india,Week 4,2026-03-26,SPIRE,11.561626238144603,33.022282277966845,0.64988409520505,17.71514344515955,34.588093922499056,1.952459150532582
Z500,central_india,Week 4,2026-03-26,SPIRE,8.628883937329212,19.890858050653456,0.5661884512294464,14.419271580678126,22.0641305721744,1.5301834387903763
Z500,south_peninsula,Week 4,2026-03-26,SPIRE,6.975145436594564,8.48527234627744,0.17797035240069592,11.919585403995566,14.530384273026138,1.2190343691111443
Z500,east_northeast_india,Week 4,2026-03-26,SPIRE,9.448380293515912,22.861375368684254,0.586709892071568,15.607563635348873,24.894072552880584,1.5950005480995837
Z500,All India,Week 5,2026-03-26,SPIRE,11.437947094545573,27.538611363129853,0.5846578121270378,21.226435083239082,24.23870707724413,1.141911346968649
Z500,northwest_india,Week 5,2026-03-26,SPIRE,17.08943600289789,45.046628022329415,0.6206278526679792,29.47278228733783,32.86199325716602,1.1149946054222466
Z500,central_india,Week 5,2026-03-26,SPIRE,7.663198673133868,20.14351164349002,0.6195698739742601,12.510823527066856,21.692250772110064,1.7338787271021303
Z500,south_peninsula,Week 5,2026-03-26,SPIRE,5.2851515721247955,9.436155861580048,0.4399041675812445,8.497946925417626,14.884814790195195,1.7515777541130844
Z500,east_northeast_india,Week 5,2026-03-26,SPIRE,15.37675746192105,28.724382147028198,0.46467926156901107,26.07977398582221,22.863312549932637,0.8766683546552917
Z500,All India,Week 6,2026-03-26,SPIRE,22.65408033299661,12.10883869015957,-0.8708714281086911,37.359685898292746,22.65922380380686,0.6065153723586936
Z500,northwest_india,Week 6,2026-03-26,SPIRE,31.180815441354856,15.734543755814968,-0.9816790321506117,47.78448344362526,29.96850669206606,0.6271597918898094
Z500,central_india,Week 6,2026-03-26,SPIRE,17.821524575115443,9.820972890893504,-0.8146394224996232,28.83335345537248,20.668525311346407,0.716826967190501
Z500,south_peninsula,Week 6,2026-03-26,SPIRE,10.028600295046646,7.126766854265077,-0.4071738980832438,17.27886177236463,14.289598738931488,0.8269988455944424
Z500,east_northeast_india,Week 6,2026-03-26,SPIRE,30.784816667285032,15.617625059449692,-0.9711586460873698,45.95789821441124,21.65897406951476,0.4712786030481057
Z500,All India,Week 1,2026-01-01,FuXi,9.71892647003877,31.12200692333109,0.687715304029676,14.610366092827308,2.752881724838329,0.1884197635670338
Z500,northwest_india,Week 1,2026-01-01,FuXi,11.698853947707391,47.27261954087786,0.7525236794294615,17.816129058106256,4.182735508218236,0.23477240732689408
Z500,central_india,Week 1,2026-01-01,FuXi,11.908363361279509,25.800522184814373,0.5384448703798517,15.74716080558077,2.3183448537799407,0.14722303800684647
Z500,south_peninsula,Week 1,2026-01-01,FuXi,4.156859619076529,9.393010360919702,0.5574518222218253,6.007537368720394,1.363889482057741,0.22702971256727272
Z500,east_northeast_india,Week 1,2026-01-01,FuXi,7.312715011789597,35.04685053725003,0.7913445887522139,11.326020355791803,2.3513338523968605,0.2076045935406125
Z500,All India,Week 2,2026-01-01,FuXi,33.51195071030801,15.039826528706302,-1.2282139123309852,47.577589888411296,8.720755151376741,0.18329543744923696
Z500,northwest_india,Week 2,2026-01-01,FuXi,47.45308309774646,22.68547014210235,-1.0917831017166124,62.75786085996396,11.878649485094162,0.1892774757189355
Z500,central_india,Week 2,2026-01-01,FuXi,23.238241059157758,12.585539844761229,-0.8464238599054414,31.09130351945492,6.941635821538502,0.22326615599101132
Z500,south_peninsula,Week 2,2026-01-01,FuXi,13.438391999031518,7.058458535295535,-0.9038706442537539,17.001138787491342,3.3464928364388022,0.19683933401573064
Z500,east_northeast_india,Week 2,2026-01-01,FuXi,51.519181708592576,13.881145986704825,-2.711450175506904,63.45312460891006,12.576777596114237,0.1982058042630766
Z500,All India,Week 3,2026-01-01,FuXi,30.269503640357716,20.33169521760352,-0.4887840544722446,53.09522862751183,29.797666963346792,0.5612117648535151
Z500,northwest_india,Week 3,2026-01-01,FuXi,47.838826899393425,31.339098443554395,-0.526490207928511,74.48680676096491,41.166780394372665,0.5526721064373278
Z500,central_india,Week 3,2026-01-01,FuXi,23.751682749961848,18.499894738616558,-0.28388204827905006,40.2998694178278,26.709792964891896,0.66277616654202
Z500,south_peninsula,Week 3,2026-01-01,FuXi,7.095573127590472,7.521776068307406,0.05666254044875341,11.742867644652382,11.225054226018116,0.955904006218611
Z500,east_northeast_india,Week 3,2026-01-01,FuXi,35.627582067522994,16.41664136800367,-1.1702113890945922,54.08802010956174,35.13399460463379,0.6495707281106924
Z500,All India,Week 4,2026-01-01,FuXi,16.531201054508923,21.955787123932378,0.24706862199035062,30.662834593632265,37.07943049347302,1.2092629720923873
Z500,northwest_india,Week 4,2026-01-01,FuXi,23.264489428770847,40.642670502816415,0.42758462618349136,39.99353091900614,49.97855278462782,1.2496659243676955
Z500,central_india,Week 4,2026-01-01,FuXi,12.033313991603505,15.158383199294434,0.2061611166972207,19.588305997170245,34.30974841297982,1.751542395648519
Z500,south_peninsula,Week 4,2026-01-01,FuXi,7.456841912626452,7.9387093884737014,0.06069846523754585,12.803550712494618,17.026450349901076,1.3298225415927358
Z500,east_northeast_india,Week 4,2026-01-01,FuXi,23.39528828407286,14.117094995254453,-0.65723105865175,41.689033348711014,40.189061868015415,0.9640199985413676
Z500,All India,Week 5,2026-01-01,FuXi,20.223795173620804,13.998327510322524,-0.44472939061523964,37.301399314319255,43.220926252434374,1.158694500660267
Z500,northwest_india,Week 5,2026-01-01,FuXi,30.47642841135995,21.904267450076738,-0.39134661685539185,50.7109602640189,61.31668271921452,1.2091406354756158
Z500,central_india,Week 5,2026-01-01,FuXi,15.183007123860628,11.245304533035775,-0.3501641577830916,25.255446709126517,37.48515875033591,1.484240575194022
Z500,south_peninsula,Week 5,2026-01-01,FuXi,6.581535874092852,6.796951899702613,0.03169303369929477,11.138596023491612,16.27612675042855,1.4612368305755716
Z500,east_northeast_india,Week 5,2026-01-01,FuXi,26.326061160614397,11.983164157175898,-1.1969206809913824,45.96430820551584,50.33454856675994,1.095078997854245
Z500,All India,Week 6,2026-01-01,FuXi,21.07485903192395,12.778407531463275,-0.649255510127766,39.183257327906986,38.10795669838181,0.9725571403998787
Z500,northwest_india,Week 6,2026-01-01,FuXi,33.26128238132723,16.95991810905451,-0.9611699872282871,56.08973774105725,48.45659740205206,0.8639119980513336
Z500,central_india,Week 6,2026-01-01,FuXi,16.027150497843184,11.417962473867016,-0.4036786803709942,28.713757098041178,34.60318881593237,1.2051083631369495
Z500,south_peninsula,Week 6,2026-01-01,FuXi,8.873732234025713,6.431768973678083,-0.3796721042595479,15.776681575577706,16.853893755204517,1.068278755229131
Z500,east_northeast_india,Week 6,2026-01-01,FuXi,21.175943415332902,14.65200181631686,-0.44525940419627896,35.24908523021124,49.962589484789554,1.4174152083234115
Z500,All India,Week 1,2026-01-08,FuXi,18.682414790951544,15.039826528706302,-0.2421961619898132,27.8506751369489,2.905665566336595,0.10433016621854563
Z500,northwest_india,Week 1,2026-01-08,FuXi,31.737058122332424,22.68547014210235,-0.399003764238991,40.66900067635701,4.087271089868028,0.1005008980278232
Z500,central_india,Week 1,2026-01-08,FuXi,12.010745408559398,12.585539844761229,0.04567101954240693,18.08705895644109,2.3727969179814288,0.1311875481633479
Z500,south_peninsula,Week 1,2026-01-08,FuXi,7.504675359813879,7.058458535295535,-0.0632173189496057,9.834871573850739,1.2539118711556512,0.1274965170353206
Z500,east_northeast_india,Week 1,2026-01-08,FuXi,19.324696248829532,13.881145986704825,-0.3921542405316152,26.965161225963858,3.5980080563133945,0.13343172793081587
Z500,All India,Week 2,2026-01-08,FuXi,23.76406062128284,20.33169521760352,-0.16881845645155646,39.003018259684985,12.758382264360828,0.32711269111058466
Z500,northwest_india,Week 2,2026-01-08,FuXi,36.90310185368846,31.339098443554395,-0.1775419104718512,53.56511276239539,18.581398555807816,0.34689367010634986
Z500,central_india,Week 2,2026-01-08,FuXi,18.761168019912354,18.499894738616558,-0.014122960426927067,30.15615623533455,11.333350986080168,0.3758221338832521
Z500,south_peninsula,Week 2,2026-01-08,FuXi,9.51716584492016,7.521776068307406,-0.2652817311353126,13.275569417203053,4.9792598002684825,0.3750693958043068
Z500,east_northeast_india,Week 2,2026-01-08,FuXi,24.227837312634215,16.41664136800367,-0.4758096232676865,40.606856946292204,12.97687833638921,0.31957357235387124
Z500,All India,Week 3,2026-01-08,FuXi,37.89927380777322,21.955787123932378,-0.7261632932513737,62.3172421812136,32.84313828397514,0.5270313180495038
Z500,northwest_india,Week 3,2026-01-08,FuXi,50.65782651624577,40.642670502816415,-0.24641973299307018,79.04595247275414,46.447392430084435,0.5875998830692071
Z500,central_india,Week 3,2026-01-08,FuXi,32.90619536706074,15.158383199294434,-1.1708248785129274,50.773113619764615,27.615417679821004,0.5438984476435784
Z500,south_peninsula,Week 3,2026-01-08,FuXi,15.035005867223175,7.9387093884737014,-0.8938854077531373,25.096252306379334,12.848927266368088,0.5119858977151723
Z500,east_northeast_india,Week 3,2026-01-08,FuXi,49.89509595988892,14.117094995254453,-2.5343741737702734,75.83192095405815,39.95653945599333,0.5269092349671652
Z500,All India,Week 4,2026-01-08,FuXi,41.9335774050246,13.998327510322524,-1.9956133955361675,67.47346395017681,37.34003464275617,0.5534032559871017
Z500,northwest_india,Week 4,2026-01-08,FuXi,50.80244687272883,21.904267450076738,-1.319294493117178,79.19264469364637,52.82519411052292,0.6670467227717309
Z500,central_india,Week 4,2026-01-08,FuXi,37.73096338472522,11.245304533035775,-2.3552638146776266,59.32429593158739,34.983317270463886,0.5896962908890911
Z500,south_peninsula,Week 4,2026-01-08,FuXi,14.117118384971942,6.796951899702613,-1.0769778267210643,25.29325917691364,17.557994590082437,0.6941768345183627
Z500,east_northeast_india,Week 4,2026-01-08,FuXi,66.78114241973353,11.983164157175898,-4.572913926889908,89.60488783765862,33.520570667358854,0.37409310447539024
Z500,All India,Week 5,2026-01-08,FuXi,24.515885265908,12.778407531463275,-0.918539943693645,46.17104414486853,34.0097063916043,0.7366024966837175
Z500,northwest_india,Week 5,2026-01-08,FuXi,43.42056044017101,16.95991810905451,-1.5601869160553181,68.97688314895959,47.42663960655559,0.6875729583799112
Z500,central_india,Week 5,2026-01-08,FuXi,16.22957635824612,11.417962473867016,-0.4214074004352122,29.112723419397884,28.92220749446009,0.9934559222717427
Z500,south_peninsula,Week 5,2026-01-08,FuXi,5.4075886976079754,6.431768973678083,0.15923772763940214,8.848880605315845,14.552064150247217,1.6445090401044922
Z500,east_northeast_india,Week 5,2026-01-08,FuXi,25.939386710867762,14.65200181631686,-0.7703646939205924,43.429122218438025,40.54410811965909,0.9335695968187429
Z500,All India,Week 6,2026-01-08,FuXi,24.402535594975813,12.799024819471219,-0.9065933490379765,45.77952120360448,34.86184899046768,0.7615162429379625
Z500,northwest_india,Week 6,2026-01-08,FuXi,42.85502479137682,17.12453939365525,-1.5025505098989624,69.12596489650244,46.32226614543991,0.6701138452793398
Z500,central_india,Week 6,2026-01-08,FuXi,16.888826751383668,11.781020641096305,-0.43356227494157484,29.85823368435161,31.224016039022413,1.0457422354285677
Z500,south_peninsula,Week 6,2026-01-08,FuXi,8.253934541658312,7.472723141141957,-0.10454172940187001,13.992588909299116,16.08824437061045,1.1497689580459707
Z500,east_northeast_india,Week 6,2026-01-08,FuXi,21.365122252395775,12.305859758074204,-0.7361746901412187,36.77981976908425,41.505613380018886,1.1284887647792925
Z500,All India,Week 1,2026-01-15,FuXi,13.16882675048987,20.33169521760352,0.35230060211171765,19.63573063134719,3.4144325433346414,0.1738887443222366
Z500,northwest_india,Week 1,2026-01-15,FuXi,15.754329863727284,31.339098443554395,0.4972947325813222,22.70671563748831,5.628705605403546,0.24788726363008975
Z500,central_india,Week 1,2026-01-15,FuXi,12.42183605423995,18.499894738616558,0.3285455820291403,17.608209516966078,2.7643048215190973,0.1569895462031844
Z500,south_peninsula,Week 1,2026-01-15,FuXi,4.489244285976972,7.521776068307406,0.4031669854022697,6.812366249742145,1.3843248887958295,0.20320764299016184
Z500,east_northeast_india,Week 1,2026-01-15,FuXi,20.02958293674243,16.41664136800367,-0.22007799815743345,26.384712273483263,2.590069770871152,0.09816554920230007
Z500,All India,Week 2,2026-01-15,FuXi,27.430319130994885,21.955787123932378,-0.24934346357799786,46.97248885201895,15.784926244514656,0.33604619704617156
Z500,northwest_india,Week 2,2026-01-15,FuXi,48.83135465536069,40.642670502816415,-0.20147997292591358,70.4042985560909,21.885138968341348,0.3108494710859952
Z500,central_india,Week 2,2026-01-15,FuXi,17.821062409551537,15.158383199294434,-0.17565720402034968,30.077245676613934,15.028524845117053,0.49966426469702424
Z500,south_peninsula,Week 2,2026-01-15,FuXi,7.885364212465666,7.9387093884737014,0.00671962826671646,13.79033220666945,6.443488641740436,0.467246803425385
Z500,east_northeast_india,Week 2,2026-01-15,FuXi,26.967957310731546,14.117094995254453,-0.9103050110378224,41.02494772620587,15.81420481021237,0.38547775650450344
Z500,All India,Week 3,2026-01-15,FuXi,43.97529252552901,13.998327510322524,-2.1414676141204105,69.09357764791834,28.237094261964746,0.4086790006135321
Z500,northwest_india,Week 3,2026-01-15,FuXi,73.34424128084689,21.904267450076738,-2.3483996416684523,99.08795263235814,41.691005474116636,0.42074747097461
Z500,central_india,Week 3,2026-01-15,FuXi,31.640779136384165,11.245304533035775,-1.8136880636208472,48.12714352291126,24.90569221436603,0.5174978274476129
Z500,south_peninsula,Week 3,2026-01-15,FuXi,9.993014402539695,6.796951899702613,-0.4702199677147809,17.505885470331993,9.98356558330674,0.5702976636186918
Z500,east_northeast_india,Week 3,2026-01-15,FuXi,50.303351810951206,11.983164157175898,-3.1978354924586396,70.22533572459578,29.17937878722621,0.4155107054476694
Z500,All India,Week 4,2026-01-15,FuXi,31.573651920322032,12.778407531463275,-1.470859678139134,59.0106847956271,27.34694355518831,0.46342359269172245
Z500,northwest_india,Week 4,2026-01-15,FuXi,65.26696299000837,16.95991810905451,-2.8483064936005698,93.83007495140892,39.98247994227835,0.4261158265405179
Z500,central_india,Week 4,2026-01-15,FuXi,17.36468787330335,11.417962473867016,-0.520821942885779,32.137755154162825,20.728342024034838,0.6449841292461861
Z500,south_peninsula,Week 4,2026-01-15,FuXi,6.076265029860101,6.431768973678083,0.055273120858798874,11.500240149713855,8.780388347723312,0.7634960864657928
Z500,east_northeast_india,Week 4,2026-01-15,FuXi,22.18156797218251,14.65200181631686,-0.5138933403270893,40.30822364457267,37.97796342808511,0.9421889628023506
Z500,All India,Week 5,2026-01-15,FuXi,36.17101086078427,12.799024819471219,-1.8260755308292813,61.85228689568687,31.931576898356532,0.5162553965419056
Z500,northwest_india,Week 5,2026-01-15,FuXi,63.27878032849845,17.12453939365525,-2.6952106491076564,91.81019598855333,43.82441135986856,0.4773370853639446
Z500,central_india,Week 5,2026-01-15,FuXi,27.697632968271904,11.781020641096305,-1.351038489114679,45.25112372707552,29.692914297558982,0.6561807056250527
Z500,south_peninsula,Week 5,2026-01-15,FuXi,10.375746483941763,7.472723141141957,-0.38848265725473885,17.78506254937564,15.55818961494506,0.8747897046609626
Z500,east_northeast_india,Week 5,2026-01-15,FuXi,28.426589251926508,12.305859758074204,-1.3100043240193,46.91950234097178,31.446736936338116,0.670227418607501
Z500,All India,Week 6,2026-01-15,FuXi,28.876083439498924,25.432836848049185,-0.13538586403167407,52.50540419130395,30.90697240673598,0.588643643121499
Z500,northwest_india,Week 6,2026-01-15,FuXi,43.772538330890725,24.2727404990358,-0.8033620197368947,76.04340853866546,40.80049957631644,0.5365422245055045
Z500,central_india,Week 6,2026-01-15,FuXi,21.533093813463214,28.298549597931977,0.23907429464028696,35.37599397771687,27.07748785126417,0.7654198456817954
Z500,south_peninsula,Week 6,2026-01-15,FuXi,20.29722134206686,19.770124196679767,-0.02666129661823846,31.852917662616917,15.048227841279495,0.47242855429034464
Z500,east_northeast_india,Week 6,2026-01-15,FuXi,23.795639975771792,28.464701933963102,0.16402989109189814,41.90563177515871,37.783743276053215,0.9016387935344549
Z500,All India,Week 1,2026-01-22,FuXi,17.62572025804217,21.955787123932378,0.19721756461968631,25.90739202141698,3.048293883703251,0.11766116331521537
Z500,northwest_india,Week 1,2026-01-22,FuXi,26.865340426847336,40.642670502816415,0.33898683097151183,37.30000716956256,4.950598207229631,0.13272378701496346
Z500,central_india,Week 1,2026-01-22,FuXi,12.303854834779768,15.158383199294434,0.18831351120926498,15.5066665598122,2.2241770193522155,0.14343360068865454
Z500,south_peninsula,Week 1,2026-01-22,FuXi,7.644463638214278,7.9387093884737014,0.037064683421544786,9.853608148717758,1.1800374492895969,0.11975688818548708
Z500,east_northeast_india,Week 1,2026-01-22,FuXi,22.027106016831105,14.117094995254453,-0.560314358176073,28.233165684277157,3.101497613194334,0.10985298807358097
Z500,All India,Week 2,2026-01-22,FuXi,14.885310900371323,13.998327510322524,-0.06336352606371931,24.81655582033373,7.870620036257863,0.3171519889077025
Z500,northwest_india,Week 2,2026-01-22,FuXi,18.55569875629883,21.904267450076738,0.15287289115738834,31.790092491108272,10.746986441930064,0.33806087368056603
Z500,central_india,Week 2,2026-01-22,FuXi,14.843582494897701,11.245304533035775,-0.31998048174605875,22.168222621256938,6.850934325073906,0.3090430136020286
Z500,south_peninsula,Week 2,2026-01-22,FuXi,5.430372041712471,6.796951899702613,0.20105775032039486,8.212618973121392,3.0815522224546625,0.3752216232775558
Z500,east_northeast_india,Week 2,2026-01-22,FuXi,18.72975084749662,11.983164157175898,-0.5630054467943388,26.84154499643242,9.877897563134493,0.3680077866027231
Z500,All India,Week 3,2026-01-22,FuXi,23.724782364954688,12.778407531463275,-0.8566305939561725,38.95161550111346,22.267463597655198,0.5716698347728008
Z500,northwest_india,Week 3,2026-01-22,FuXi,34.16203458537128,16.95991810905451,-1.0142806330611323,51.64934552944615,29.60323830568273,0.5731580526766875
Z500,central_india,Week 3,2026-01-22,FuXi,22.50112837257047,11.417962473867016,-0.9706780806181636,36.143211927828126,20.69142578627284,0.5724844219044537
Z500,south_peninsula,Week 3,2026-01-22,FuXi,11.965557412548062,6.431768973678083,-0.860383583663674,18.719789110166182,10.518291057090618,0.5618808521394312
Z500,east_northeast_india,Week 3,2026-01-22,FuXi,18.357823109942153,14.65200181631686,-0.2529225248592579,30.633894662980207,24.467286822183024,0.7986998418373072
Z500,All India,Week 4,2026-01-22,FuXi,27.319966037882438,12.799024819471219,-1.1345349683454353,47.96136816914444,32.5851800711939,0.6794047233239129
Z500,northwest_india,Week 4,2026-01-22,FuXi,38.99071873919606,17.12453939365525,-1.2768915322558905,63.242898611975306,46.38198189255114,0.7333943084602469
Z500,central_india,Week 4,2026-01-22,FuXi,21.924693285081382,11.781020641096305,-0.8610181539450337,36.76646506180451,29.020221161287868,0.7893122472477245
Z500,south_peninsula,Week 4,2026-01-22,FuXi,11.98346490893792,7.472723141141957,-0.6036275776044135,20.768811493377683,12.837756541987233,0.6181266822167779
Z500,east_northeast_india,Week 4,2026-01-22,FuXi,33.24323342698428,12.305859758074204,-1.701414942192276,55.51460807361858,35.17125850987738,0.6335496138824642
Z500,All India,Week 5,2026-01-22,FuXi,27.17526304108457,25.432836848049185,-0.06851088627846247,50.64671023205125,29.05899840185736,0.5737588536099562
Z500,northwest_india,Week 5,2026-01-22,FuXi,42.02313401902955,24.2727404990358,-0.7312892221914067,72.43451110437948,39.284556680294145,0.5423458525685962
Z500,central_india,Week 5,2026-01-22,FuXi,18.18831338389657,28.298549597931977,0.3572704734936044,30.374135650507707,26.323208436764247,0.8666323460079843
Z500,south_peninsula,Week 5,2026-01-22,FuXi,14.52604415429555,19.770124196679767,0.26525276170318235,23.799390481457124,11.795406040178149,0.49561798859379746
Z500,east_northeast_india,Week 5,2026-01-22,FuXi,31.022780394473823,28.464701933963102,-0.08986844360588608,54.29999641380674,34.4594940665762,0.6346131923097929
Z500,All India,Week 6,2026-01-22,FuXi,19.905460881215475,24.54381721313897,0.18898267908548694,40.25114075931705,30.464960608588935,0.7568719801198955
Z500,northwest_india,Week 6,2026-01-22,FuXi,31.886631258875713,30.34902345640702,-0.05066416073246294,60.77943464408076,46.1315967867718,0.759000096939278
Z500,central_india,Week 6,2026-01-22,FuXi,14.947149597273665,21.41140062380352,0.30190696723237276,27.103308218161065,22.542946457871967,0.831741508321359
Z500,south_peninsula,Week 6,2026-01-22,FuXi,11.87078623753774,15.902169835879278,0.25351154213217664,18.509764471974457,11.10585630595339,0.5999998715687989
Z500,east_northeast_india,Week 6,2026-01-22,FuXi,15.065837019870047,29.77617967966605,0.49403055791746164,26.527728156335648,38.44040361483002,1.4490650457622867
Z500,All India,Week 1,2026-01-29,FuXi,14.614724132345767,13.998327510322524,-0.04403359055349343,19.514782224194054,2.5480310960022092,0.13056928162094522
Z500,northwest_india,Week 1,2026-01-29,FuXi,18.813066062463626,21.904267450076738,0.1411232489129547,23.106254522408612,3.649803154390548,0.15795736824637427
Z500,central_india,Week 1,2026-01-29,FuXi,13.076529123710078,11.245304533035775,-0.16284348594514642,17.438744352654115,2.1960111852567032,0.12592713906735367
Z500,south_peninsula,Week 1,2026-01-29,FuXi,6.042705555453844,6.796951899702613,0.1109683215915902,8.625026496703548,1.2926876175825988,0.1498763647945498
Z500,east_northeast_india,Week 1,2026-01-29,FuXi,19.626999639570663,11.983164157175898,-0.6378812292091813,24.5587942070121,2.508180997621465,0.10212964759097666
Z500,All India,Week 2,2026-01-29,FuXi,16.868260908216794,12.778407531463275,-0.3200597074935505,28.159350229639134,11.630831350321268,0.4130362119676764
Z500,northwest_india,Week 2,2026-01-29,FuXi,30.162969829969054,16.95991810905451,-0.7784855820657377,42.771342938195325,18.418241771025173,0.43062107723948645
Z500,central_india,Week 2,2026-01-29,FuXi,10.8381189045631,11.417962473867016,0.050783453758149855,18.596547647114424,8.9718844147116,0.48244892465853695
Z500,south_peninsula,Week 2,2026-01-29,FuXi,8.562954781054156,6.431768973678083,-0.33135297864365443,12.665768605100421,3.8874927069336858,0.3069290801166396
Z500,east_northeast_india,Week 2,2026-01-29,FuXi,11.945768589032577,14.65200181631686,0.18470057956657837,18.386885179784578,12.518123973828292,0.6808180859034959
Z500,All India,Week 3,2026-01-29,FuXi,22.651522088858115,12.799024819471219,-0.7697849959942451,38.056238276742405,19.994084596347157,0.5253825785657404
Z500,northwest_india,Week 3,2026-01-29,FuXi,34.43270224754837,17.12453939365525,-1.010722826232973,51.82960485572816,25.3860442479208,0.4897981437169911
Z500,central_india,Week 3,2026-01-29,FuXi,19.153214062510816,11.781020641096305,-0.6257686533285352,29.482735708180638,17.796542462519916,0.6036258859649131
Z500,south_peninsula,Week 3,2026-01-29,FuXi,9.082612437278277,7.472723141141957,-0.21543542638063018,15.0235381345757,8.780536835422499,0.5844519950473359
Z500,east_northeast_india,Week 3,2026-01-29,FuXi,21.799153360727423,12.305859758074204,-0.7714449692492567,39.86009260880514,27.193163341119845,0.6822152574505771
Z500,All India,Week 4,2026-01-29,FuXi,22.123047637543408,25.432836848049185,0.13013842027456146,39.99317428667718,36.30394861876773,0.9077536171181482
Z500,northwest_india,Week 4,2026-01-29,FuXi,28.211009768815295,24.2727404990358,-0.16225070547497245,50.361408282589345,48.98023374895612,0.9725747436234677
Z500,central_india,Week 4,2026-01-29,FuXi,18.3656403831565,28.298549597931977,0.3510041806348041,31.485333899559077,33.452357987406025,1.0624742965763654
Z500,south_peninsula,Week 4,2026-01-29,FuXi,14.824425757033472,19.770124196679767,0.2501602109549157,25.498532218969274,16.827888448827167,0.6599551811185546
Z500,east_northeast_india,Week 4,2026-01-29,FuXi,26.49477823399456,28.464701933963102,0.06920584324187484,46.089774203786696,39.36954229292951,0.8541925616484132
Z500,All India,Week 5,2026-01-29,FuXi,35.85540543023,24.54381721313897,-0.4608732259884838,60.16286329789864,28.66679520516256,0.4764865505688761
Z500,northwest_india,Week 5,2026-01-29,FuXi,55.912186149416144,30.34902345640702,-0.8423059387636558,85.65182735751632,39.6657331094899,0.46310434153287283
Z500,central_india,Week 5,2026-01-29,FuXi,32.94435669236226,21.41140062380352,-0.5386362280166439,50.630071732841145,24.22183973787814,0.4784081655204661
Z500,south_peninsula,Week 5,2026-01-29,FuXi,14.985801072056779,15.902169835879278,0.05762539158366564,23.1624702144535,12.572511087444413,0.5427966434944016
Z500,east_northeast_india,Week 5,2026-01-29,FuXi,24.671008743707453,29.77617967966605,0.17145150892022876,41.856268477810715,34.828754370007296,0.8321036641971818
Z500,All India,Week 6,2026-01-29,FuXi,58.240380717611195,36.85041657796223,-0.5804537947188602,90.89538253859247,30.965284541900093,0.3406695002218932
Z500,northwest_india,Week 6,2026-01-29,FuXi,109.66017457160073,58.260341154468435,-0.8822439484323215,138.06504807576084,44.50436295146646,0.32234344297657036
Z500,central_india,Week 6,2026-01-29,FuXi,38.16492845657671,33.33567170765709,-0.144867539831524,58.58898003875942,26.79072961515424,0.4572656768803773
Z500,south_peninsula,Week 6,2026-01-29,FuXi,7.4830199719353185,9.603921549580217,0.22083703690161882,13.306442401619977,14.18407204517563,1.0659552431120738
Z500,east_northeast_india,Week 6,2026-01-29,FuXi,54.970586978063054,32.02549886290199,-0.7164630975269652,75.95994756199899,31.816143099404023,0.41885420041180893
Z500,All India,Week 1,2026-02-05,FuXi,11.476840045373567,12.778407531463275,0.10185678324039671,15.829739816525446,2.3782126073180527,0.15023699914734664
Z500,northwest_india,Week 1,2026-02-05,FuXi,14.086837039803864,16.95991810905451,0.1694041828961882,19.786600596375507,3.49474516281596,0.176621807560826
Z500,central_india,Week 1,2026-02-05,FuXi,8.821761247289933,11.417962473867016,0.22737867920998744,11.858679906888495,1.8939235349411079,0.15970778786608125
Z500,south_peninsula,Week 1,2026-02-05,FuXi,8.163256955210901,6.431768973678083,-0.26920867161412465,10.094625343564447,1.1855153750057954,0.11744025505231737
Z500,east_northeast_india,Week 1,2026-02-05,FuXi,15.966944558068857,14.65200181631686,-0.08974492074438878,19.469144940259294,2.5304225952217734,0.12997091567124944
Z500,All India,Week 2,2026-02-05,FuXi,30.957046215079433,12.799024819471219,-1.4187035068472036,44.0900681645794,12.15359754174037,0.2756538614631627
Z500,northwest_india,Week 2,2026-02-05,FuXi,38.06907179297122,17.12453939365525,-1.2230712848881677,49.973384864809596,14.14994973680666,0.28314971609559336
Z500,central_india,Week 2,2026-02-05,FuXi,31.721895173998274,11.781020641096305,-1.6926270770922214,42.15793599460904,11.016983224210762,0.26132643746172873
Z500,south_peninsula,Week 2,2026-02-05,FuXi,13.634303928456891,7.472723141141957,-0.8245428970051929,19.662832321181625,5.323095269755648,0.2707186422996339
Z500,east_northeast_india,Week 2,2026-02-05,FuXi,35.232008199043705,12.305859758074204,-1.86302695558732,55.26243539551818,18.890498622680443,0.3418325393638456
Z500,All India,Week 3,2026-02-05,FuXi,27.157640166282,25.432836848049185,-0.06781796810705032,43.70772338645637,23.80651762123596,0.5446753062552062
Z500,northwest_india,Week 3,2026-02-05,FuXi,27.619686690621016,24.2727404990358,-0.13788909380538095,47.58329395352345,35.10680479126765,0.7377968584007215
Z500,central_india,Week 3,2026-02-05,FuXi,29.79611724835504,28.298549597931977,-0.05292029703644241,45.05554475298062,21.036633655867057,0.46690443476383425
Z500,south_peninsula,Week 3,2026-02-05,FuXi,16.500703547782315,19.770124196679767,0.16537178099500882,27.015928184175316,9.964581455265934,0.3688409810440171
Z500,east_northeast_india,Week 3,2026-02-05,FuXi,33.380596832611545,28.464701933963102,-0.17270143597684995,48.303578874985526,22.679673293161567,0.4695236630780262
Z500,All India,Week 4,2026-02-05,FuXi,23.918476092038595,24.54381721313897,0.025478560065449463,44.02187107911588,35.154493769523164,0.7985688229004098
Z500,northwest_india,Week 4,2026-02-05,FuXi,32.94279898948334,30.34902345640702,-0.0854648762192296,59.340442512255855,52.77109632872333,0.8892939468360769
Z500,central_india,Week 4,2026-02-05,FuXi,20.26986616173654,21.41140062380352,0.0533143292269217,35.32319051567232,28.75375657013027,0.8140192363816258
Z500,south_peninsula,Week 4,2026-02-05,FuXi,13.788442397600265,15.902169835879278,0.1329206932194822,22.256446336726523,13.632728120099104,0.6125294179422988
Z500,east_northeast_india,Week 4,2026-02-05,FuXi,25.15158616918323,29.77617967966605,0.1553118486063182,43.03482526361919,38.085804025402524,0.884999620472481
Z500,All India,Week 5,2026-02-05,FuXi,49.32731865795529,36.85041657796223,-0.33858238898321336,79.83379512537526,35.73495010845825,0.44761682758959626
Z500,northwest_india,Week 5,2026-02-05,FuXi,85.58440950673662,58.260341154468435,-0.46899945676292165,116.23431364430776,52.106691995155664,0.44829009920950685
Z500,central_india,Week 5,2026-02-05,FuXi,30.93467459881889,33.33567170765709,0.07202486063260272,51.85422257677052,33.54083768516798,0.6468294387310609
Z500,south_peninsula,Week 5,2026-02-05,FuXi,8.056376965781423,9.603921549580217,0.1611367373014867,14.42386596799938,14.887944668158031,1.0321743630444329
Z500,east_northeast_india,Week 5,2026-02-05,FuXi,63.52453096646883,32.02549886290199,-0.9835610130043906,82.92973135536828,30.932734320975275,0.37299933106527433
Z500,All India,Week 6,2026-02-05,FuXi,21.769084259760316,17.95051983530738,-0.2127272335000625,36.34075724990165,30.438985236618077,0.8375990909408046
Z500,northwest_india,Week 6,2026-02-05,FuXi,24.456837699804048,23.77813295116693,-0.028543231297047944,42.741523899220596,44.55933091815428,1.0425302341399867
Z500,central_india,Week 6,2026-02-05,FuXi,20.45111037030778,15.763676368443075,-0.29735665033369796,33.448752910193704,25.781661170518817,0.7707809388212409
Z500,south_peninsula,Week 6,2026-02-05,FuXi,20.773165896745788,13.870273842158246,-0.4976752537939393,30.030168892306815,11.263161585941194,0.37506154648456247
Z500,east_northeast_india,Week 6,2026-02-05,FuXi,20.149768414747705,15.296964776469313,-0.3172396425821191,34.60476868379176,34.10332935024471,0.9855095308357914
Z500,All India,Week 1,2026-02-12,FuXi,11.604688246708267,12.799024819471219,0.09331465401535921,17.922167308682702,2.461366747138868,0.13733644512661236
Z500,northwest_india,Week 1,2026-02-12,FuXi,17.59014909111705,17.12453939365525,-0.027189618754610567,24.538201512727614,3.513708153506534,0.1431933856963406
Z500,central_india,Week 1,2026-02-12,FuXi,8.651267034641121,11.781020641096305,0.2656606504480191,13.916658218048514,2.196501118922908,0.15783251154894828
Z500,south_peninsula,Week 1,2026-02-12,FuXi,4.428855667255204,7.472723141141957,0.4073304224437785,5.7976773739906164,1.2373483858494116,0.2134213937809597
Z500,east_northeast_india,Week 1,2026-02-12,FuXi,14.2102623782983,12.305859758074204,-0.15475575519821483,18.892966789967907,2.291337669767788,0.12127992894077808
Z500,All India,Week 2,2026-02-12,FuXi,19.465121682866556,25.432836848049185,0.23464606802761678,32.54693021378645,18.392169301545177,0.5650968979481357
Z500,northwest_india,Week 2,2026-02-12,FuXi,24.617498042699633,24.2727404990358,-0.014203486568709733,40.549963718197624,27.247783369375306,0.6719558014585179
Z500,central_india,Week 2,2026-02-12,FuXi,17.889963554806833,28.298549597931977,0.36781341061683914,28.787780806350202,15.634643302919878,0.5430999842638472
Z500,south_peninsula,Week 2,2026-02-12,FuXi,10.828649708881438,19.770124196679767,0.45227204436581026,17.653487751863015,7.129593852821669,0.403863188568461
Z500,east_northeast_india,Week 2,2026-02-12,FuXi,22.55833126906769,28.464701933963102,0.20749806826004857,35.19736108638425,19.366827068558127,0.5502352014694077
Z500,All India,Week 3,2026-02-12,FuXi,30.292123833382867,24.54381721313897,-0.23420589268268643,54.46303387713786,26.899309548877405,0.4939003142858155
Z500,northwest_india,Week 3,2026-02-12,FuXi,46.57425245989002,30.34902345640702,-0.5346211230416928,76.32873196280511,34.40556753740738,0.45075513050803945
Z500,central_india,Week 3,2026-02-12,FuXi,27.686620434781528,21.41140062380352,-0.29307843616739904,47.573764755206106,26.64162492703892,0.5600066562763139
Z500,south_peninsula,Week 3,2026-02-12,FuXi,14.289871544621622,15.902169835879278,0.10138857199348394,22.501892369465104,12.980823269443494,0.576876960226615
Z500,east_northeast_india,Week 3,2026-02-12,FuXi,20.596931113449447,29.77617967966605,0.30827489170765077,37.24741639823121,28.413618622892905,0.7628346170136568
Z500,All India,Week 4,2026-02-12,FuXi,53.2941348893791,36.85041657796223,-0.44622883099917954,80.02266388675532,25.048619486945626,0.31301906572859617
Z500,northwest_india,Week 4,2026-02-12,FuXi,96.03908219891919,58.260341154468435,-0.6484469588718365,118.53700480008588,36.41008191255474,0.3071621555982521
Z500,central_india,Week 4,2026-02-12,FuXi,38.084723310878346,33.33567170765709,-0.14246155424342066,56.25335869033055,21.55400012201884,0.3831593459276198
Z500,south_peninsula,Week 4,2026-02-12,FuXi,7.749417996039576,9.603921549580217,0.19309857374060913,14.130034078110503,8.882794072350165,0.6286463304508881
Z500,east_northeast_india,Week 4,2026-02-12,FuXi,51.36509398957084,32.02549886290199,-0.6038811513744018,69.4474615796979,28.336135575510713,0.40802262503132913
Z500,All India,Week 5,2026-02-12,FuXi,21.942449287285807,17.95051983530738,-0.22238517260801505,40.23569781665052,32.671364817051895,0.811999457942337
Z500,northwest_india,Week 5,2026-02-12,FuXi,29.694070814141444,23.77813295116693,-0.24879740874205947,53.41555127530408,41.79207439865484,0.7823952650653783
Z500,central_india,Week 5,2026-02-12,FuXi,19.132703525507367,15.763676368443075,-0.21372090357098839,33.81205375171252,31.47705621307912,0.9309418600899055
Z500,south_peninsula,Week 5,2026-02-12,FuXi,16.507960425914394,13.870273842158246,-0.19016831345744478,27.126285729156322,16.99910989145224,0.62666559149235
Z500,east_northeast_india,Week 5,2026-02-12,FuXi,18.19524945419795,15.296964776469313,-0.1894679578648797,33.29957263696878,34.98221440165862,1.0505304312170596
Z500,All India,Week 6,2026-02-12,FuXi,20.252057171515187,19.88571219285214,-0.01842252241761444,35.11009206945635,37.33947599804884,1.0634969547838902
Z500,northwest_india,Week 6,2026-02-12,FuXi,20.21584340563539,22.082656623932856,0.08453752870812836,34.24380886736189,48.827193495989,1.4258692333295515
Z500,central_india,Week 6,2026-02-12,FuXi,22.898176515423504,21.74831972535497,-0.05287106335520675,39.79867133929333,37.25079507786103,0.9359808713283155
Z500,south_peninsula,Week 6,2026-02-12,FuXi,17.95323758009401,14.390981073876134,-0.24753395810410872,30.24355549837727,19.064458115245213,0.6303643140194983
Z500,east_northeast_india,Week 6,2026-02-12,FuXi,17.144999594119035,17.668570814710574,0.029632912932359035,30.937583186761913,35.19280364608551,1.137542109661119
Z500,All India,Week 1,2026-02-19,FuXi,20.727535009331312,25.432836848049185,0.18500892632741406,27.928948535678927,2.8777017063537955,0.10303652150304059
Z500,northwest_india,Week 1,2026-02-19,FuXi,26.367434306270408,24.2727404990358,-0.08629819971575992,34.83664662260264,4.075999090650062,0.11700319880976949
Z500,central_india,Week 1,2026-02-19,FuXi,19.933776510854376,28.298549597931977,0.29559017002372756,25.672682109557925,2.19628929288672,0.08554966261468422
Z500,south_peninsula,Week 1,2026-02-19,FuXi,11.462608875105518,19.770124196679767,0.42020552015396184,14.85399160154269,1.344809986582012,0.09053525965655886
Z500,east_northeast_india,Week 1,2026-02-19,FuXi,21.75235549459927,28.464701933963102,0.23581298883565294,28.38175373026335,3.725121255168098,0.13125056649321906
Z500,All India,Week 2,2026-02-19,FuXi,28.445086779893227,24.54381721313897,-0.15895121499950715,49.01484494431663,18.658346774157646,0.3806672610176464
Z500,northwest_india,Week 2,2026-02-19,FuXi,41.610607648035185,30.34902345640702,-0.3710690793001683,68.7545085814026,28.445110373583407,0.4137199284888427
Z500,central_india,Week 2,2026-02-19,FuXi,25.11705701866014,21.41140062380352,-0.17306931293121308,41.50845430812086,16.121463947947387,0.3883898886784933
Z500,south_peninsula,Week 2,2026-02-19,FuXi,16.52698836705634,15.902169835879278,-0.03929140096135275,24.153472025651574,6.928765405206259,0.2868641575773347
Z500,east_northeast_india,Week 2,2026-02-19,FuXi,22.12575644291516,29.77617967966605,0.2569309870861409,33.783898536309025,17.67618670970469,0.5232133494216875
Z500,All India,Week 3,2026-02-19,FuXi,62.30301416957924,36.85041657796223,-0.6907004032849526,91.78835487582096,26.049152474570835,0.283795831288319
Z500,northwest_india,Week 3,2026-02-19,FuXi,115.13441800330908,58.260341154468435,-0.9762056953639815,137.23707410663098,34.46414419690069,0.25112852646597966
Z500,central_india,Week 3,2026-02-19,FuXi,42.89208172557382,33.33567170765709,-0.28667219013083955,62.24212042033429,22.95707158491163,0.36883498553515914
Z500,south_peninsula,Week 3,2026-02-19,FuXi,9.042301445758595,9.603921549580217,0.05847820610802168,16.463050645667348,9.436078082429589,0.5731670445242129
Z500,east_northeast_india,Week 3,2026-02-19,FuXi,57.54670858886838,32.02549886290199,-0.7969028003348262,78.97690017731878,35.4088442281334,0.4483443152191784
Z500,All India,Week 4,2026-02-19,FuXi,25.418044248273482,17.95051983530738,-0.4160060255345932,41.02875800991773,29.425695551481887,0.7171968389676558
Z500,northwest_india,Week 4,2026-02-19,FuXi,29.495165388752827,23.77813295116693,-0.24043235225099235,49.45218500493822,43.1657371209532,0.8728782583953113
Z500,central_india,Week 4,2026-02-19,FuXi,23.89030593668321,15.763676368443075,-0.5155288257825845,37.70745590563767,23.449508956472446,0.6218799012894023
Z500,south_peninsula,Week 4,2026-02-19,FuXi,25.6742401622105,13.870273842158246,-0.8510261912907935,35.09922096583029,10.683306112447942,0.3043744510126971
Z500,east_northeast_india,Week 4,2026-02-19,FuXi,19.685381717473884,15.296964776469313,-0.2868815484072429,34.322156547778185,36.39511791603669,1.0603971771229712
Z500,All India,Week 5,2026-02-19,FuXi,21.850129185984162,19.88571219285214,-0.09878534769492076,36.03999070974686,31.063933171463727,0.8619295554663564
Z500,northwest_india,Week 5,2026-02-19,FuXi,20.012563556603478,22.082656623932856,0.09374293603269823,33.38543903139972,47.82687220653895,1.4325668193716654
Z500,central_india,Week 5,2026-02-19,FuXi,26.04323589066751,21.74831972535497,-0.19748266622664068,42.88254514412347,23.273201425901846,0.542719685776187
Z500,south_peninsula,Week 5,2026-02-19,FuXi,23.670107712413483,14.390981073876134,-0.6447876340676797,35.420995683630146,11.148802832210606,0.31475125464536385
Z500,east_northeast_india,Week 5,2026-02-19,FuXi,14.01693406903785,17.668570814710574,0.2066741438210966,22.85584373683187,37.03682127447275,1.6204530316589643
Z500,All India,Week 6,2026-02-19,FuXi,17.229309898398476,11.419669476914326,-0.5087398048804086,31.73863697271362,30.642310575315385,0.9654576723524463
Z500,northwest_india,Week 6,2026-02-19,FuXi,25.673647166802088,14.749435317580105,-0.7406528869753561,45.28446387811586,48.38455708043351,1.0684582070058646
Z500,central_india,Week 6,2026-02-19,FuXi,9.687781130812173,9.227347307395904,-0.0498988287833515,15.811019282274144,23.026821492685343,1.456378053912115
Z500,south_peninsula,Week 6,2026-02-19,FuXi,14.73437342113755,7.822998014112569,-0.8834688944771512,21.589853836465057,9.816955626383045,0.454702273611612
Z500,east_northeast_india,Week 6,2026-02-19,FuXi,19.12402263845093,13.632505976671325,-0.4028251791106481,33.65569620387712,35.208484876896925,1.0461374699727923
Z500,All India,Week 1,2026-02-26,FuXi,17.804739855113286,24.54381721313897,0.27457331919902306,24.24294796685098,2.4315037606990098,0.10029736334144548
Z500,northwest_india,Week 1,2026-02-26,FuXi,26.555208352332308,30.34902345640702,0.12500616731619407,33.2891695770344,3.7723356968917203,0.11332021029128306
Z500,central_india,Week 1,2026-02-26,FuXi,13.244651130312493,21.41140062380352,0.38142061030850427,16.712413996449555,1.4911870163532082,0.08922630905804518
Z500,south_peninsula,Week 1,2026-02-26,FuXi,10.54977521282206,15.902169835879278,0.3365826599952966,13.362580598845572,1.1603938233927629,0.08683905139498371
Z500,east_northeast_india,Week 1,2026-02-26,FuXi,18.141128608721313,29.77617967966605,0.3907502975907361,25.786248575868182,3.2334853984963914,0.12539572745460997
Z500,All India,Week 2,2026-02-26,FuXi,34.44670782997722,36.85041657796223,0.06522880800817066,54.12465280472937,8.739058594266313,0.16146170259595088
Z500,northwest_india,Week 2,2026-02-26,FuXi,64.68954559050293,58.260341154468435,-0.11035301731221314,82.39153840127787,13.32586983525114,0.16173833009828179
Z500,central_india,Week 2,2026-02-26,FuXi,26.23105074958577,33.33567170765709,0.21312367785405728,39.51774120243259,6.626871269248708,0.16769357426837894
Z500,south_peninsula,Week 2,2026-02-26,FuXi,5.5982577305817784,9.603921549580217,0.417086270261498,9.853669276517557,3.4776120135379576,0.35292558700194177
Z500,east_northeast_india,Week 2,2026-02-26,FuXi,23.065323326969196,32.02549886290199,0.27978254372524924,33.93319206029826,10.094861523658185,0.29749224610876335
Z500,All India,Week 3,2026-02-26,FuXi,20.227414178808974,17.95051983530738,-0.1268428081410271,34.549047562288656,23.05699216339541,0.6673698347783926
Z500,northwest_india,Week 3,2026-02-26,FuXi,26.290534108875868,23.77813295116693,-0.10566015266499873,44.8279111010776,33.64276184994283,0.7504869404707574
Z500,central_india,Week 3,2026-02-26,FuXi,16.77172256060117,15.763676368443075,-0.06394740469146387,28.391462213792973,20.709425341188282,0.7294244017882021
Z500,south_peninsula,Week 3,2026-02-26,FuXi,17.159575817789456,13.870273842158246,-0.23714758721154316,24.939745661434724,9.400031645390692,0.3769096835629049
Z500,east_northeast_india,Week 3,2026-02-26,FuXi,18.699160821521108,15.296964776469313,-0.2224098763883704,31.75823009055525,22.295504939181512,0.7020386487410736
Z500,All India,Week 4,2026-02-26,FuXi,16.343586957896093,19.88571219285214,0.17812413257339876,28.845027971718228,27.379864645397156,0.9492056888363005
Z500,northwest_india,Week 4,2026-02-26,FuXi,23.792527063740724,22.082656623932856,-0.07743046812378251,40.279260556998764,32.98103090615701,0.818809244511475
Z500,central_india,Week 4,2026-02-26,FuXi,11.263582014414935,21.74831972535497,0.48209414995479183,18.80740963465606,27.898652949844944,1.4833862552999655
Z500,south_peninsula,Week 4,2026-02-26,FuXi,13.437558077523471,14.390981073876134,0.06625142451777699,22.3267999944726,13.92113895693942,0.6235169822986656
Z500,east_northeast_india,Week 4,2026-02-26,FuXi,15.298973567600227,17.668570814710574,0.13411369102573123,24.775617261980685,30.708660173302437,1.2394710431867333
Z500,All India,Week 5,2026-02-26,FuXi,14.106242394954801,11.419669476914326,-0.23525837796545468,24.849153126461257,30.129017096173758,1.2124766161181606
Z500,northwest_india,Week 5,2026-02-26,FuXi,18.094998102897797,14.749435317580105,-0.2268264996782663,32.028686652820205,38.060308147477826,1.1883193513377022
Z500,central_india,Week 5,2026-02-26,FuXi,10.800565936970196,9.227347307395904,-0.1704952222090228,17.804767216862267,27.891035610554916,1.5664925730756143
Z500,south_peninsula,Week 5,2026-02-26,FuXi,13.376779952868644,7.822998014112569,-0.7099301225357768,22.345734833176508,17.143858418230774,0.7672094270436542
Z500,east_northeast_india,Week 5,2026-02-26,FuXi,13.855999807924752,13.632505976671325,-0.016394185459069677,23.647878770179666,34.07885623658924,1.4410956926742704
Z500,All India,Week 6,2026-02-26,FuXi,21.4478454599509,19.135935531957177,-0.12081509807204438,40.39829954022443,31.896541376498032,0.7895515835942246
Z500,northwest_india,Week 6,2026-02-26,FuXi,36.0150782734425,31.04516311871739,-0.1600866175423219,58.80947615185601,46.95739853937293,0.7984665331505587
Z500,central_india,Week 6,2026-02-26,FuXi,17.034883754841903,15.709223136602132,-0.08438740774844633,30.96274748946196,27.64795911634795,0.89294269269088
Z500,south_peninsula,Week 6,2026-02-26,FuXi,5.525763454321766,6.048364771015476,0.08640373662615064,9.488515202803264,13.655829814468346,1.4391956510154404
Z500,east_northeast_india,Week 6,2026-02-26,FuXi,19.5287754003967,17.241310186220915,-0.13267351433674146,33.16850323701255,31.408993337102668,0.94695238771141
Z500,All India,Week 1,2026-03-05,FuXi,9.644692852439272,36.85041657796223,0.7382745231106256,16.5776604785422,2.465818530412341,0.14874345711230172
Z500,northwest_india,Week 1,2026-03-05,FuXi,15.6410170034804,58.260341154468435,0.7315323478451556,25.124688620586834,4.163838518854142,0.16572697006252043
Z500,central_india,Week 1,2026-03-05,FuXi,6.4097528875342675,33.33567170765709,0.8077209019891455,9.053467362762982,1.5510437149500593,0.17132040717675975
Z500,south_peninsula,Week 1,2026-03-05,FuXi,4.912190459560678,9.603921549580217,0.4885224296969203,7.565867590054927,1.1460089419168225,0.1514709223068101
Z500,east_northeast_india,Week 1,2026-03-05,FuXi,9.829381415460944,32.02549886290199,0.6930763996045914,14.414505628755077,2.4898883523917603,0.17273491138154295
Z500,All India,Week 2,2026-03-05,FuXi,12.714022144054324,17.95051983530738,0.2917184426577575,22.306803443330462,10.31604295067721,0.4624617317709685
Z500,northwest_india,Week 2,2026-03-05,FuXi,20.588448749525885,23.77813295116693,0.13414359353577887,32.828316396419225,15.87149619707929,0.4834696974838005
Z500,central_india,Week 2,2026-03-05,FuXi,9.64294381232746,15.763676368443075,0.3882807800069128,16.6792370936038,8.549232819899292,0.5125673777476174
Z500,south_peninsula,Week 2,2026-03-05,FuXi,8.60661503383035,13.870273842158246,0.3794920610960958,12.062445134056036,4.327673774921293,0.35877251476178107
Z500,east_northeast_india,Week 2,2026-03-05,FuXi,7.644368829399659,15.296964776469313,0.5002689134017831,13.040846926803873,9.671542265388968,0.7416345211069298
Z500,All India,Week 3,2026-03-05,FuXi,21.9976955768012,19.88571219285214,-0.10620607215205524,39.16580568015702,23.241125466127492,0.593403482004773
Z500,northwest_india,Week 3,2026-03-05,FuXi,36.640200455249406,22.082656623932856,-0.6592297330539163,57.83560483133535,32.38423150872114,0.5599359011315354
Z500,central_india,Week 3,2026-03-05,FuXi,17.494372905357718,21.74831972535497,0.19559887263556497,30.12813805173073,21.330949744971452,0.7080075678206766
Z500,south_peninsula,Week 3,2026-03-05,FuXi,12.397611347327166,14.390981073876134,0.1385152072896212,19.904540932318255,9.371473331773103,0.4708208726661459
Z500,east_northeast_india,Week 3,2026-03-05,FuXi,12.253634130488566,17.668570814710574,0.30647281780785673,20.626002884523917,24.895773059285855,1.2070090942324858
Z500,All India,Week 4,2026-03-05,FuXi,22.283573669458367,11.419669476914326,-0.9513326295919682,40.845660174699574,30.174587582648368,0.7387464776818313
Z500,northwest_india,Week 4,2026-03-05,FuXi,35.99584300379177,14.749435317580105,-1.440489566464128,59.71645967987168,41.74567212502732,0.699064752813843
Z500,central_india,Week 4,2026-03-05,FuXi,14.91042591785695,9.227347307395904,-0.6158951669572406,27.57737426339831,26.775014911281232,0.9709051578133022
Z500,south_peninsula,Week 4,2026-03-05,FuXi,12.191455518362432,7.822998014112569,-0.5584121964966924,18.216772537334254,11.710705269356597,0.6428529118073008
Z500,east_northeast_india,Week 4,2026-03-05,FuXi,21.741556556040244,13.632505976671325,-0.5948319841741174,35.51504330076355,35.64675999520177,1.0037087578163078
Z500,All India,Week 5,2026-03-05,FuXi,21.494100602994504,19.135935531957177,-0.12323228551325172,39.67604775203489,29.105132075031182,0.7335693377760503
Z500,northwest_india,Week 5,2026-03-05,FuXi,33.158591517582536,31.04516311871739,-0.06807593153185731,55.21538726062164,40.41617032157667,0.7319729576613976
Z500,central_india,Week 5,2026-03-05,FuXi,19.74290726469102,15.709223136602132,-0.2567717125801401,33.95975419514138,26.22811987623869,0.7723294970135899
Z500,south_peninsula,Week 5,2026-03-05,FuXi,5.9111133071271,6.048364771015476,0.022692325791278667,10.037774904332393,14.266939405302411,1.421324899320533
Z500,east_northeast_india,Week 5,2026-03-05,FuXi,19.410478057721015,17.241310186220915,-0.12581224095333998,33.89670265158985,29.439349565897317,0.8685018678215455
Z500,All India,Week 6,2026-03-05,FuXi,17.295873889130576,21.429182469176883,0.19288223365457546,29.12024821903717,31.540902843510793,1.0831261672725419
Z500,northwest_india,Week 6,2026-03-05,FuXi,19.46641923985381,21.41497139368227,0.0909901824292565,31.542290073084278,49.03719337040002,1.554649115735719
Z500,central_india,Week 6,2026-03-05,FuXi,18.181418089874345,25.31454119336686,0.28177967157317463,30.405397680460677,25.4179824670472,0.8359694135288839
Z500,south_peninsula,Week 6,2026-03-05,FuXi,12.166886812369922,20.0498284429809,0.3931675352250039,20.086828836386932,12.568628439474818,0.6257149170658024
Z500,east_northeast_india,Week 6,2026-03-05,FuXi,16.91400376972155,14.298031324025043,-0.18296032414622543,30.09006444948643,30.927555847241933,1.0278328216664818
Z500,All India,Week 1,2026-03-12,FuXi,13.538069411155305,17.95051983530738,0.245811846377457,19.254551054398274,2.976810837645835,0.15460297304443504
Z500,northwest_india,Week 1,2026-03-12,FuXi,17.225530443057373,23.77813295116693,0.2755726247122352,23.577423896903742,3.9012417828177814,0.16546514156409192
Z500,central_india,Week 1,2026-03-12,FuXi,14.55437304132535,15.763676368443075,0.07671454924934895,19.75955155791305,2.9199764506501795,0.1477754412640415
Z500,south_peninsula,Week 1,2026-03-12,FuXi,6.452510950027898,13.870273842158246,0.5347957060216286,9.118485336885776,1.7263038754820836,0.18931914804961084
Z500,east_northeast_india,Week 1,2026-03-12,FuXi,11.978999797586551,15.296964776469313,0.21690348558471217,16.708821724858897,2.6437335334898253,0.15822381595924
Z500,All India,Week 2,2026-03-12,FuXi,23.487279604654933,19.88571219285214,-0.18111332281563275,35.83301181462773,12.673008989731452,0.3536685404869619
Z500,northwest_india,Week 2,2026-03-12,FuXi,32.723736643789245,22.082656623932856,-0.48187499362389863,47.68041771444135,19.304494614492935,0.4048725984345986
Z500,central_india,Week 2,2026-03-12,FuXi,20.20514330612171,21.74831972535497,0.07095612160943965,30.270075070389183,11.080086575509767,0.3660409348091951
Z500,south_peninsula,Week 2,2026-03-12,FuXi,12.04919868503851,14.390981073876134,0.16272569443431817,17.464706563018627,5.850196251040463,0.3349724903725669
Z500,east_northeast_india,Week 2,2026-03-12,FuXi,25.047341029291434,17.668570814710574,-0.4176212265248649,34.37369252607248,10.319328984193254,0.30021008003041955
Z500,All India,Week 3,2026-03-12,FuXi,22.403940455959212,11.419669476914326,-0.9618729334724068,38.15660987193898,22.028082170065268,0.5773071099344466
Z500,northwest_india,Week 3,2026-03-12,FuXi,37.19801092612698,14.749435317580105,-1.5219955967934609,55.27463492199251,30.371851038340555,0.5494717618886759
Z500,central_india,Week 3,2026-03-12,FuXi,14.657535092932195,9.227347307395904,-0.5884885010434024,25.426283565693748,18.84953174067771,0.7413404201198448
Z500,south_peninsula,Week 3,2026-03-12,FuXi,11.396907254933206,7.822998014112569,-0.45684649726017557,16.999611501042434,10.242703879713346,0.6025257623731727
Z500,east_northeast_india,Week 3,2026-03-12,FuXi,21.490595698506247,13.632505976671325,-0.5764229801389493,35.56021915775135,25.733359184140916,0.7236558095995763
Z500,All India,Week 4,2026-03-12,FuXi,19.737971855825865,19.135935531957177,-0.03146103428616187,36.29333206230229,27.60272914687146,0.7605454660235587
Z500,northwest_india,Week 4,2026-03-12,FuXi,28.72539736147615,31.04516311871739,0.07472229243474748,48.97857331707072,40.87141128991029,0.8344753332303617
Z500,central_india,Week 4,2026-03-12,FuXi,18.643022453262155,15.709223136602132,-0.18675648637419484,31.955601604347237,22.95242618930328,0.7182598679719688
Z500,south_peninsula,Week 4,2026-03-12,FuXi,5.559729636193053,6.048364771015476,0.08078797382790537,9.782613717955332,11.783585857647541,1.204543713713193
Z500,east_northeast_india,Week 4,2026-03-12,FuXi,20.253735033500956,17.241310186220915,-0.17472134163490316,33.92919676720803,28.934131800075953,0.85277974596912
Z500,All India,Week 5,2026-03-12,FuXi,12.431478936491795,21.429182469176883,0.4198808585267835,20.981084278391503,28.120159771728197,1.3402624668301464
Z500,northwest_india,Week 5,2026-03-12,FuXi,14.2637113167597,21.41497139368227,0.33393740974280706,22.72596947019674,41.09446517528739,1.808260159337952
Z500,central_india,Week 5,2026-03-12,FuXi,12.639644124759547,25.31454119336686,0.5006962982970634,21.805046829748445,23.17987847164822,1.0630510749476632
Z500,south_peninsula,Week 5,2026-03-12,FuXi,8.167113608967691,20.0498284429809,0.5926591774990047,14.141330245464308,10.219826233625396,0.7226919997079697
Z500,east_northeast_india,Week 5,2026-03-12,FuXi,13.260513796217177,14.298031324025043,0.07256366308727558,22.18139339386448,33.34699364830056,1.5033768643914212
Z500,All India,Week 6,2026-03-12,FuXi,12.81534955710138,22.49124967124393,0.4302073142033376,23.47473343107033,27.041051058257274,1.1519215388604451
Z500,northwest_india,Week 6,2026-03-12,FuXi,18.670981967555033,33.022282277966845,0.43459444109916345,32.72898723672394,38.17717961417474,1.1664638241948897
Z500,central_india,Week 6,2026-03-12,FuXi,10.22331058980772,19.890858050653456,0.4860296844020833,17.80395190482026,24.14416935695873,1.3561129285247011
Z500,south_peninsula,Week 6,2026-03-12,FuXi,7.743705862393228,8.48527234627744,0.08739454122642787,12.68895280992935,11.232936802703977,0.885253256983822
Z500,east_northeast_india,Week 6,2026-03-12,FuXi,12.260224422951325,22.861375368684254,0.46371448676069127,20.86482273225315,29.00966718684486,1.3903625043505063
Z500,All India,Week 1,2026-03-19,FuXi,15.19185784686842,19.88571219285214,0.23604155086137235,21.210535785718132,3.2211916703594494,0.15186752955709876
Z500,northwest_india,Week 1,2026-03-19,FuXi,19.718253520393155,22.082656623932856,0.10707059136069685,25.94807358496103,4.561455846736046,0.1757916953565205
Z500,central_india,Week 1,2026-03-19,FuXi,14.769857334653253,21.74831972535497,0.3208736343233899,19.844379380479868,2.519271920757235,0.12695140888282672
Z500,south_peninsula,Week 1,2026-03-19,FuXi,7.8305913204135935,14.390981073876134,0.4558681385087483,11.533108414548423,1.3209261237194092,0.11453340038433428
Z500,east_northeast_india,Week 1,2026-03-19,FuXi,15.430284369661218,17.668570814710574,0.12668180513988114,22.009162545341045,4.262558297619689,0.19367198951065942
Z500,All India,Week 2,2026-03-19,FuXi,16.76892776844348,11.419669476914326,-0.4684249664443494,29.134423021526707,11.812356112262886,0.40544328279763864
Z500,northwest_india,Week 2,2026-03-19,FuXi,25.940681904744643,14.749435317580105,-0.7587576301192698,40.444920026293616,17.4304744109859,0.43096820069502395
Z500,central_india,Week 2,2026-03-19,FuXi,11.315435550031387,9.227347307395904,-0.2262934484932455,19.593859799959432,10.501607703353514,0.5359642158598714
Z500,south_peninsula,Week 2,2026-03-19,FuXi,4.045543613349741,7.822998014112569,0.4828653150554759,6.324589569440718,4.4051204657910885,0.6965069302007897
Z500,east_northeast_india,Week 2,2026-03-19,FuXi,25.031625604075824,13.632505976671325,-0.8361719882544913,34.62364751605397,11.754447458122991,0.339491887810861
Z500,All India,Week 3,2026-03-19,FuXi,21.958342454096698,19.135935531957177,-0.1474924974232943,40.63309210517563,22.232810993194835,0.5471602046835844
Z500,northwest_india,Week 3,2026-03-19,FuXi,34.19695883223811,31.04516311871739,-0.1015229232801318,56.998467522040755,30.84754212613839,0.541199500042873
Z500,central_india,Week 3,2026-03-19,FuXi,14.000416522424528,15.709223136602132,0.10877728321244118,26.205719062535064,20.980580566100286,0.8006107566075192
Z500,south_peninsula,Week 3,2026-03-19,FuXi,8.13520524860765,6.048364771015476,-0.3450255658508852,12.785804448055423,8.67282082060392,0.6783163981459891
Z500,east_northeast_india,Week 3,2026-03-19,FuXi,30.614158841491992,17.241310186220915,-0.7756283316541992,47.07458116713645,23.152648963230238,0.49182910159152915
Z500,All India,Week 4,2026-03-19,FuXi,20.79008340153744,21.429182469176883,0.02982377272482062,32.35470740734918,18.693347205441434,0.5777628265986219
Z500,northwest_india,Week 4,2026-03-19,FuXi,20.129529076237475,21.41497139368227,0.0600254043684606,33.65288065660317,27.762133932751418,0.8249556469188647
Z500,central_india,Week 4,2026-03-19,FuXi,26.41021003761734,25.31454119336686,-0.043282192471162606,38.323255125124085,15.906132705844952,0.4150517134808091
Z500,south_peninsula,Week 4,2026-03-19,FuXi,18.32861454860949,20.0498284429809,0.08584681406458505,24.09243424949697,6.713580859259656,0.2786592998339231
Z500,east_northeast_india,Week 4,2026-03-19,FuXi,12.452995650960384,14.298031324025043,0.1290412387028722,21.818635061509596,20.162720743142106,0.9241055036807183
Z500,All India,Week 5,2026-03-19,FuXi,9.166503861947385,22.49124967124393,0.5924413273635404,14.52819033216137,24.86671335327306,1.7116180876447546
Z500,northwest_india,Week 5,2026-03-19,FuXi,11.003275429124932,33.022282277966845,0.6667923998558226,15.768461796987019,35.43435834363839,2.2471664516071606
Z500,central_india,Week 5,2026-03-19,FuXi,8.881957265494506,19.890858050653456,0.5534653536375362,14.694271474162065,22.939125391979896,1.5610930716990847
Z500,south_peninsula,Week 5,2026-03-19,FuXi,6.513763217912913,8.48527234627744,0.23234482617749397,11.25344651253504,11.743928497291005,1.0435850460754068
Z500,east_northeast_india,Week 5,2026-03-19,FuXi,9.106047062847187,22.861375368684254,0.6016841980854422,14.932143345564045,22.52036860163874,1.50818057933585
Z500,All India,Week 6,2026-03-19,FuXi,11.70062473391736,27.538611363129853,0.5751192905252015,21.61565184293029,23.52354525647393,1.088264440388257
Z500,northwest_india,Week 6,2026-03-19,FuXi,17.93137882208813,45.046628022329415,0.6019373789043738,30.184603685743433,34.83640954557903,1.15411187465856
Z500,central_india,Week 6,2026-03-19,FuXi,8.396158368474397,20.14351164349002,0.5831829863097446,14.51801773327964,19.232820651226177,1.3247552802707216
Z500,south_peninsula,Week 6,2026-03-19,FuXi,5.506968629634245,9.436155861580048,0.41639702539714896,8.878086127607803,11.145318110794731,1.2553739567964557
Z500,east_northeast_india,Week 6,2026-03-19,FuXi,13.350421420866923,28.724382147028198,0.5352233739082131,23.81512195389448,24.023154932202015,1.0087353312198142
Z500,All India,Week 1,2026-03-26,FuXi,16.30639253151748,11.419669476914326,-0.42792158428770755,24.805456786931003,3.4561768802339268,0.1393313136670334
Z500,northwest_india,Week 1,2026-03-26,FuXi,25.62096252706154,14.749435317580105,-0.7370809102449825,35.34951624286014,4.534324563579953,0.12827119139136145
Z500,central_india,Week 1,2026-03-26,FuXi,11.56696142969977,9.227347307395904,-0.2535521905010141,18.20658927597058,3.6708159507877056,0.20162018789716546
Z500,south_peninsula,Week 1,2026-03-26,FuXi,6.235740779770085,7.822998014112569,0.20289628496378198,8.239031581957736,1.7427885920249264,0.21152833008206648
Z500,east_northeast_india,Week 1,2026-03-26,FuXi,19.324367145183892,13.632505976671325,-0.4175212670548456,23.659693126602235,2.7430105479253872,0.11593601545242486
Z500,All India,Week 2,2026-03-26,FuXi,19.648013077899588,19.135935531957177,-0.026759995354668442,35.32092034035561,18.045604431204247,0.5109041400199982
Z500,northwest_india,Week 2,2026-03-26,FuXi,30.422028302397056,31.04516311871739,0.02007188088970424,48.821167985718816,24.4133779884784,0.5000572291842712
Z500,central_india,Week 2,2026-03-26,FuXi,14.592995438840372,15.709223136602132,0.07105556322266338,25.397965520666737,16.97652760219786,0.668420767339958
Z500,south_peninsula,Week 2,2026-03-26,FuXi,6.448050112692828,6.048364771015476,-0.0660815537436985,9.540071354020863,6.479098380546106,0.6791456940010574
Z500,east_northeast_india,Week 2,2026-03-26,FuXi,24.09363600141992,17.241310186220915,-0.39743649068359765,39.781531072983,20.97387585720138,0.5272264614130314
Z500,All India,Week 3,2026-03-26,FuXi,16.99182773848638,21.429182469176883,0.20707064943205689,28.988155091156905,21.841882353288607,0.7534761106598215
Z500,northwest_india,Week 3,2026-03-26,FuXi,17.990234966758496,21.41497139368227,0.15992253101650744,32.073302439713856,29.674731472328013,0.9252159651506332
Z500,central_india,Week 3,2026-03-26,FuXi,19.087945961883285,25.31454119336686,0.24596911253185672,31.028320058871547,20.724720381608762,0.6679291802549007
Z500,south_peninsula,Week 3,2026-03-26,FuXi,11.930032096545574,20.0498284429809,0.40498083908932037,18.149021420598196,9.09551932778954,0.5011575619976182
Z500,east_northeast_india,Week 3,2026-03-26,FuXi,16.32009875739897,14.298031324025043,-0.1414227866444968,28.01518781454898,23.148326690455526,0.8262777620371343
Z500,All India,Week 4,2026-03-26,FuXi,11.056238486348954,22.49124967124393,0.5084204458196536,18.63821799046299,24.487893497230175,1.3138537981345861
Z500,northwest_india,Week 4,2026-03-26,FuXi,14.143349684078325,33.022282277966845,0.5717028409779217,22.258380271726878,35.88505224066735,1.6122041138028984
Z500,central_india,Week 4,2026-03-26,FuXi,10.877982167008188,19.890858050653456,0.45311649505985874,18.50895245219285,21.691003244418994,1.17191955084682
Z500,south_peninsula,Week 4,2026-03-26,FuXi,5.548424253853389,8.48527234627744,0.3461112351582294,9.927270730254474,10.6180101297898,1.0695799901407161
Z500,east_northeast_india,Week 4,2026-03-26,FuXi,11.574829196567356,22.861375368684254,0.49369497635637993,18.56439073750455,23.24595979219386,1.252180053786059
Z500,All India,Week 5,2026-03-26,FuXi,16.50876349633536,27.538611363129853,0.4005230227970694,30.194914835970746,25.07254947145233,0.8303566877951177
Z500,northwest_india,Week 5,2026-03-26,FuXi,24.81608087897333,45.046628022329415,0.449102364184238,40.52386305673339,36.16178394746024,0.8923577669985154
Z500,central_india,Week 5,2026-03-26,FuXi,12.604393202751544,20.14351164349002,0.37427031463875704,22.422750440429933,22.412262335128055,0.9995322560749297
Z500,south_peninsula,Week 5,2026-03-26,FuXi,6.418232406789454,9.436155861580048,0.31982551995333974,11.75803271298496,12.114547728098627,1.030320974929756
Z500,east_northeast_india,Week 5,2026-03-26,FuXi,19.84320460147294,28.724382147028198,0.30918602531104733,34.83348949178299,23.056260847732155,0.6618992579876611
Z500,All India,Week 6,2026-03-26,FuXi,15.778757743299037,12.10883869015957,-0.3030777060497041,26.784061261393575,24.109621238633448,0.9001480769977535
Z500,northwest_india,Week 6,2026-03-26,FuXi,19.315795267043114,15.734543755814968,-0.22760440765272483,31.579117556250495,34.19599831826257,1.0828674442010844
Z500,central_india,Week 6,2026-03-26,FuXi,15.80148117255743,9.820972890893504,-0.6089527329017832,26.22208328367473,19.683731478672932,0.7506547540762168
Z500,south_peninsula,Week 6,2026-03-26,FuXi,10.031075842230825,7.126766854265077,-0.4075212571641289,17.364641328503573,13.178110021375405,0.758904821128894
Z500,east_northeast_india,Week 6,2026-03-26,FuXi,15.153869911757312,15.617625059449692,0.029694345070204964,26.30030223971776,25.796626464084138,0.9808490499066209
Z500,All India,Week 1,2026-01-01,ECMWF,16.80358975468501,31.12200692333109,0.46007370938254166,24.144003748336072,5.978154130728846,0.24760409222272597
Z500,northwest_india,Week 1,2026-01-01,ECMWF,19.722727243302245,47.27261954087786,0.5827875113574468,28.72388264383607,8.17620685369855,0.28464838667808384
Z500,central_india,Week 1,2026-01-01,ECMWF,19.35595504940711,25.800522184814373,0.2497843682869486,24.92560252033732,4.817952054733114,0.19329330357418828
Z500,south_peninsula,Week 1,2026-01-01,ECMWF,8.801618539604215,9.393010360919702,0.06296083987898227,12.523114016741896,3.618657490709732,0.28895828033442983
Z500,east_northeast_india,Week 1,2026-01-01,ECMWF,14.552880478973975,35.04685053725003,0.5847592506634443,22.286616459184465,6.764709386260496,0.30353236430704195
Z500,All India,Week 2,2026-01-01,ECMWF,11.9419697647724,15.039826528706302,0.20597689461517832,23.103367293819797,23.410154810907198,1.0132789092250405
Z500,northwest_india,Week 2,2026-01-01,ECMWF,18.834324207414124,22.68547014210235,0.16976266793522687,33.07736044912154,32.41762713343926,0.9800548379095405
Z500,central_india,Week 2,2026-01-01,ECMWF,8.694900211605596,12.585539844761229,0.30913569708931665,15.726320295481031,20.211759712301077,1.2852186228274227
Z500,south_peninsula,Week 2,2026-01-01,ECMWF,4.970528325761985,7.058458535295535,0.2958054083753471,8.711768232163971,10.957207875972658,1.2577478628871797
Z500,east_northeast_india,Week 2,2026-01-01,ECMWF,12.983456441784114,13.881145986704825,0.06466969987784188,23.11379567291417,26.541883931587893,1.148313514023615
Z500,All India,Week 3,2026-01-01,ECMWF,13.638737354287972,20.33169521760352,0.32918838255654526,24.311779166527913,35.19244716608093,1.4475471714769998
Z500,northwest_india,Week 3,2026-01-01,ECMWF,19.68109505056615,31.339098443554395,0.37199549355211214,33.242553997404535,46.16793840708643,1.3888204381255143
Z500,central_india,Week 3,2026-01-01,ECMWF,11.930763319372797,18.499894738616558,0.3550902052178383,19.822244038869616,32.54150917912067,1.6416662571255674
Z500,south_peninsula,Week 3,2026-01-01,ECMWF,4.857893547996383,7.521776068307406,0.35415605252264115,6.6013301738904335,16.27948829377882,2.4660921155205076
Z500,east_northeast_india,Week 3,2026-01-01,ECMWF,15.271270426790556,16.41664136800367,0.06976889581357748,24.54547756398568,40.81355644855578,1.6627729626430008
Z500,All India,Week 4,2026-01-01,ECMWF,19.681342237197047,21.955787123932378,0.10359204495365726,35.0181432244903,41.13021728244008,1.1745402095927016
Z500,northwest_india,Week 4,2026-01-01,ECMWF,23.64268157517834,40.642670502816415,0.4182793285313283,40.02501961388111,55.90517589691996,1.396755740190354
Z500,central_india,Week 4,2026-01-01,ECMWF,15.907996475415802,15.158383199294434,-0.049452060042673995,27.222675671189737,37.22929477315923,1.3675839665003864
Z500,south_peninsula,Week 4,2026-01-01,ECMWF,11.928263957804619,7.9387093884737014,-0.5025444784669149,20.371234260749432,18.508265415830643,0.908549044153486
Z500,east_northeast_india,Week 4,2026-01-01,ECMWF,29.29984608696867,14.117094995254453,-1.075486925377919,50.23873172020164,45.92465567524285,0.9141284841945155
Z500,All India,Week 5,2026-01-01,ECMWF,19.54335954428297,13.998327510322524,-0.3961210387363403,35.04514578911883,39.799174845038884,1.1356544237118322
Z500,northwest_india,Week 5,2026-01-01,ECMWF,25.143157520343767,21.904267450076738,-0.1478657105355825,42.65559269301443,55.25378060243669,1.2953466852538995
Z500,central_india,Week 5,2026-01-01,ECMWF,16.05946495563013,11.245304533035775,-0.42810405075750557,27.47066478162748,34.76732292495042,1.2656163657241737
Z500,south_peninsula,Week 5,2026-01-01,ECMWF,8.910123323490541,6.796951899702613,-0.3108998643760281,15.906412231647332,17.841657557714655,1.121664477060199
Z500,east_northeast_india,Week 5,2026-01-01,ECMWF,28.50587088774385,11.983164157175898,-1.378826703352272,47.24566781878121,44.86670411736691,0.9496469451857635
Z500,All India,Week 6,2026-01-01,ECMWF,17.466728230226934,12.778407531463275,-0.36689397229036347,33.25623939961054,39.637016583164915,1.1918670691199407
Z500,northwest_india,Week 6,2026-01-01,ECMWF,28.777576533003007,16.95991810905451,-0.6967992621166799,50.14127511500033,54.61985770517926,1.089319279972581
Z500,central_india,Week 6,2026-01-01,ECMWF,12.989423731282908,11.417962473867016,-0.13763062026281747,21.950595538775907,35.598212129509626,1.621742429112007
Z500,south_peninsula,Week 6,2026-01-01,ECMWF,7.39696891337612,6.431768973678083,-0.15006756984712966,12.55909876558907,18.39845298455303,1.4649500993624895
Z500,east_northeast_india,Week 6,2026-01-01,ECMWF,15.524454574471585,14.65200181631686,-0.05954495290760464,25.231331874471554,42.571009356340674,1.6872279897127818
Z500,All India,Week 1,2026-01-08,ECMWF,16.629930886286555,15.039826528706302,-0.10572624322130597,28.21704795274943,7.913892696100059,0.28046494124233645
Z500,northwest_india,Week 1,2026-01-08,ECMWF,27.058757231998335,22.68547014210235,-0.19277921341288518,39.47694988554618,10.423318848831295,0.26403556706004827
Z500,central_india,Week 1,2026-01-08,ECMWF,11.652754158950247,12.585539844761229,0.07411566744983589,20.425992732608872,7.145130651017601,0.34980579620058455
Z500,south_peninsula,Week 1,2026-01-08,ECMWF,5.03615838417403,7.058458535295535,0.2865073359868979,8.098300354826279,3.9480062314099356,0.4875104723742525
Z500,east_northeast_india,Week 1,2026-01-08,ECMWF,19.652874657911184,13.881145986704825,-0.41579626615370535,30.10989460776371,9.124852044720027,0.30305161022939026
Z500,All India,Week 2,2026-01-08,ECMWF,11.665005796694343,20.33169521760352,0.426264968471759,21.76273964694985,25.348761677635984,1.1647780605227582
Z500,northwest_india,Week 2,2026-01-08,ECMWF,17.16644406573369,31.339098443554395,0.45223554861820336,30.459514236819725,34.808485618636965,1.1427787504424534
Z500,central_india,Week 2,2026-01-08,ECMWF,10.70835601248267,18.499894738616558,0.4211666518226118,18.768975589759606,22.9039122237999,1.2203069962058197
Z500,south_peninsula,Week 2,2026-01-08,ECMWF,5.1831650399024065,7.521776068307406,0.3109120781006244,8.947355435035961,11.384084835486286,1.2723407400256623
Z500,east_northeast_india,Week 2,2026-01-08,ECMWF,9.901212144981395,16.41664136800367,0.39687954904837996,15.770007470266757,27.651935517609775,1.7534510094396316
Z500,All India,Week 3,2026-01-08,ECMWF,18.6002574770028,21.955787123932378,0.15283121611577133,32.92724298709313,37.78283003574855,1.1474641241770143
Z500,northwest_india,Week 3,2026-01-08,ECMWF,22.517196808431063,40.642670502816415,0.44597152377399296,37.97712819982167,52.84398410928336,1.3914686711232551
Z500,central_india,Week 3,2026-01-08,ECMWF,15.058875066176087,15.158383199294434,0.006564561128325264,25.953743632031955,33.069303714930825,1.2741631490155003
Z500,south_peninsula,Week 3,2026-01-08,ECMWF,12.319881771121976,7.9387093884737014,-0.5518746395993972,20.671871473731642,17.314636667846987,0.8375940557607088
Z500,east_northeast_india,Week 3,2026-01-08,ECMWF,25.95303727341481,14.117094995254453,-0.8384120303886233,45.363766157406616,41.12897569597413,0.9066481727566822
Z500,All India,Week 4,2026-01-08,ECMWF,21.17945907174873,13.998327510322524,-0.5129992533844319,37.79699636886446,39.01220537143468,1.0321509410618472
Z500,northwest_india,Week 4,2026-01-08,ECMWF,26.511569615350897,21.904267450076738,-0.21033810766668748,44.968673000529165,55.63989143203484,1.2373033874355175
Z500,central_india,Week 4,2026-01-08,ECMWF,18.56917569010115,11.245304533035775,-0.6512825984880846,31.762223552230942,32.9066138604346,1.036029917940782
Z500,south_peninsula,Week 4,2026-01-08,ECMWF,9.599920516211407,6.796951899702613,-0.41238611922962587,17.21863471593823,16.59245093387704,0.9636333662690707
Z500,east_northeast_india,Week 4,2026-01-08,ECMWF,29.90787264680136,11.983164157175898,-1.4958243294106572,50.00251089928768,44.54644128440861,0.8908840872837689
Z500,All India,Week 5,2026-01-08,ECMWF,20.45176309510933,12.778407531463275,-0.600493883510332,38.941811746258615,39.109765835557944,1.0043129500597894
Z500,northwest_india,Week 5,2026-01-08,ECMWF,33.895905586584206,16.95991810905451,-0.9985889889697028,57.83567292410717,53.387961150082106,0.9230974319281904
Z500,central_india,Week 5,2026-01-08,ECMWF,15.633508059998352,11.417962473867016,-0.3692029638194827,27.87768717167033,35.46687767491183,1.272231711924572
Z500,south_peninsula,Week 5,2026-01-08,ECMWF,8.262708308179084,6.431768973678083,-0.28467119108197014,14.393951693064553,18.66941225283437,1.2970317429806204
Z500,east_northeast_india,Week 5,2026-01-08,ECMWF,17.266461984071004,14.65200181631686,-0.1784370627665779,29.007834294310477,41.684777629207765,1.4370179175142253
Z500,All India,Week 6,2026-01-08,ECMWF,24.503845073558402,12.799024819471219,-0.9145087550951994,46.10497589466632,37.86691844866011,0.8213195585477091
Z500,northwest_india,Week 6,2026-01-08,ECMWF,40.20690702976601,17.12453939365525,-1.3479117368063585,67.0646389117975,52.35748033304073,0.7807017406281808
Z500,central_india,Week 6,2026-01-08,ECMWF,20.19269932339639,11.781020641096305,-0.7140025417625717,36.2179091863859,33.15108808455387,0.915323077153641
Z500,south_peninsula,Week 6,2026-01-08,ECMWF,9.167504586981474,7.472723141141957,-0.22679569600387017,17.43433311698709,17.63539705526546,1.0115326429137954
Z500,east_northeast_india,Week 6,2026-01-08,ECMWF,19.142412587190734,12.305859758074204,-0.5555526361846341,32.738482139958705,42.170064498195565,1.2880885655576932
Z500,All India,Week 1,2026-01-15,ECMWF,15.438749161742818,20.33169521760352,0.24065607926407973,23.691912565764703,5.694050149484572,0.24033729373594728
Z500,northwest_india,Week 1,2026-01-15,ECMWF,20.45663975061542,31.339098443554395,0.3472486202032785,30.055504146876938,7.384345468770019,0.24569028796468634
Z500,central_india,Week 1,2026-01-15,ECMWF,14.928270884666249,18.499894738616558,0.19306184734634868,22.255102611718662,4.79931982399305,0.21565031209813057
Z500,south_peninsula,Week 1,2026-01-15,ECMWF,7.211247196825626,7.521776068307406,0.0412839824878829,10.34294332558425,3.5185145015338657,0.3401850315500122
Z500,east_northeast_india,Week 1,2026-01-15,ECMWF,15.883811931222336,16.41664136800367,0.03245666545532444,23.03262665758817,6.754049962524737,0.2932383728062381
Z500,All India,Week 2,2026-01-15,ECMWF,12.625240780126303,21.955787123932378,0.42496979457573336,22.64253961741972,28.864806774477245,1.2748042959046215
Z500,northwest_india,Week 2,2026-01-15,ECMWF,17.026026492013333,40.642670502816415,0.5810800254664987,29.012949273335018,43.248497118563854,1.490661866572535
Z500,central_india,Week 2,2026-01-15,ECMWF,9.901077026329393,15.158383199294434,0.3468249947137997,15.921265464577562,24.64523574611574,1.5479445274590584
Z500,south_peninsula,Week 2,2026-01-15,ECMWF,6.528100351805307,7.9387093884737014,0.1776874511512505,11.391703919259122,11.211643189548303,0.9841936964841227
Z500,east_northeast_india,Week 2,2026-01-15,ECMWF,16.825745423552306,14.117094995254453,-0.19187024166150213,29.372843148556417,29.058842866013322,0.9893098437575483
Z500,All India,Week 3,2026-01-15,ECMWF,10.917579299201398,13.998327510322524,0.22007973515759993,14.950562029117025,36.05155577953984,2.411384649575547
Z500,northwest_india,Week 3,2026-01-15,ECMWF,14.274329353679208,21.904267450076738,0.34833112377701536,15.777665865303698,53.482731650985684,3.389774641418813
Z500,central_india,Week 3,2026-01-15,ECMWF,9.41905709241466,11.245304533035775,0.16240088787778717,13.032877501121973,30.1641783836826,2.3144680352505294
Z500,south_peninsula,Week 3,2026-01-15,ECMWF,5.7107368285308056,6.796951899702613,0.15980914492264287,9.623432974665516,14.80882286694359,1.538829532655243
Z500,east_northeast_india,Week 3,2026-01-15,ECMWF,13.489729171974636,11.983164157175898,-0.12572347295238884,21.29649073795378,37.8675273378279,1.7781111359507633
Z500,All India,Week 4,2026-01-15,ECMWF,16.896582236812485,12.778407531463275,-0.32227605006409044,32.60132011069462,36.28501216340455,1.112992113208984
Z500,northwest_india,Week 4,2026-01-15,ECMWF,28.136884199679688,16.95991810905451,-0.6590224091151746,49.274065704750825,53.11464169857099,1.0779431520190117
Z500,central_india,Week 4,2026-01-15,ECMWF,12.467012975402742,11.417962473867016,-0.0918772069830105,22.087219756303597,30.32364318924527,1.3729044906428767
Z500,south_peninsula,Week 4,2026-01-15,ECMWF,8.033610515866739,6.431768973678083,-0.24905147382379056,14.187434674765921,15.778802124066573,1.1121673851391254
Z500,east_northeast_india,Week 4,2026-01-15,ECMWF,13.49758558745388,14.65200181631686,0.07878897664190776,21.619592656560876,38.66739630367137,1.7885349145066807
Z500,All India,Week 5,2026-01-15,ECMWF,24.87280919952028,12.799024819471219,-0.9433362736886917,46.21109670396175,36.93310269352522,0.7992258424448708
Z500,northwest_india,Week 5,2026-01-15,ECMWF,40.30362424949691,17.12453939365525,-1.353559609575815,67.19870423783784,51.08995646724509,0.7602818692220803
Z500,central_india,Week 5,2026-01-15,ECMWF,20.640382006905366,11.781020641096305,-0.7520028727311217,35.90007869873204,32.93800344376162,0.9174911208460657
Z500,south_peninsula,Week 5,2026-01-15,ECMWF,10.318587328161058,7.472723141141957,-0.380833617580566,18.89401538502967,17.813033161577465,0.9427870570959361
Z500,east_northeast_india,Week 5,2026-01-15,ECMWF,18.952849713394404,12.305859758074204,-0.5401483590741338,32.93412256681917,38.93504040577891,1.182209737842101
Z500,All India,Week 6,2026-01-15,ECMWF,23.592548492396663,25.432836848049185,0.07235875284568105,42.28532620815193,39.29081854084784,0.929183290379186
Z500,northwest_india,Week 6,2026-01-15,ECMWF,30.058115091051175,24.2727404990358,-0.23834863608603185,55.04517473759938,56.38336857682895,1.0243108291618428
Z500,central_india,Week 6,2026-01-15,ECMWF,20.438244750862253,28.298549597931977,0.2777635235285749,34.31261160161424,34.30405063649945,0.9997505009174413
Z500,south_peninsula,Week 6,2026-01-15,ECMWF,17.820095189595854,19.770124196679767,0.09863514197909817,28.745836402709216,16.825578407632534,0.5853222766566211
Z500,east_northeast_india,Week 6,2026-01-15,ECMWF,23.862194696727773,28.464701933963102,0.16169174186025026,40.83900366674381,41.3096445007945,1.0115242976516086
Z500,All India,Week 1,2026-01-22,ECMWF,20.233241568837173,21.955787123932378,0.0784551947681068,33.21136482532447,8.906029690197922,0.26816211068227036
Z500,northwest_india,Week 1,2026-01-22,ECMWF,32.65665675417902,40.642670502816415,0.19649333200395847,48.11906195427893,13.932883787882925,0.2895501953284432
Z500,central_india,Week 1,2026-01-22,ECMWF,14.562405923753943,15.158383199294434,0.03931667828322427,21.291420511960887,6.759892444224066,0.3174937266598328
Z500,south_peninsula,Week 1,2026-01-22,ECMWF,8.001335441997183,7.9387093884737014,-0.007888694554609721,12.055334755012273,3.8697430913409248,0.320998393655721
Z500,east_northeast_india,Week 1,2026-01-22,ECMWF,21.27894918852596,14.117094995254453,-0.5073178437687789,33.63266705269485,9.098112949001333,0.2705141681076505
Z500,All India,Week 2,2026-01-22,ECMWF,9.031070490051645,13.998327510322524,0.35484646409422604,15.326611760561994,22.262198999358894,1.4525192747847477
Z500,northwest_india,Week 2,2026-01-22,ECMWF,11.329146399518416,21.904267450076738,0.48278816329560814,17.68785601562794,32.50134092975846,1.837494657410271
Z500,central_india,Week 2,2026-01-22,ECMWF,7.994569478088396,11.245304533035775,0.28907487968845724,13.336843704710768,18.38547463991278,1.3785476569256607
Z500,south_peninsula,Week 2,2026-01-22,ECMWF,4.173822879943132,6.796951899702613,0.3859272595226473,7.492414553666129,9.484551470409476,1.2658871719489375
Z500,east_northeast_india,Week 2,2026-01-22,ECMWF,12.424679715080424,11.983164157175898,-0.036844655728106135,20.43111777546587,24.657943183377956,1.2068817503948681
Z500,All India,Week 3,2026-01-22,ECMWF,14.222982991501242,12.778407531463275,-0.11304816006854557,26.982712444720928,31.298233587182544,1.1599365205148577
Z500,northwest_india,Week 3,2026-01-22,ECMWF,22.49171143508598,16.95991810905451,-0.3261686342151717,39.332502694253776,45.51196126166726,1.1571081966344405
Z500,central_india,Week 3,2026-01-22,ECMWF,11.189404488292343,11.417962473867016,0.02001740556581677,19.86016671651987,26.399867242580434,1.3292872924687376
Z500,south_peninsula,Week 3,2026-01-22,ECMWF,6.665785161133401,6.431768973678083,-0.03638442058678204,12.03186997527664,13.53541900430643,1.124963869466618
Z500,east_northeast_india,Week 3,2026-01-22,ECMWF,12.499338857407167,14.65200181631686,0.14691937565230362,20.678169297961517,33.551093941903446,1.6225369595562291
Z500,All India,Week 4,2026-01-22,ECMWF,20.563615643080194,12.799024819471219,-0.6066548766900324,36.8955180508548,33.35924413236637,0.904154376864577
Z500,northwest_india,Week 4,2026-01-22,ECMWF,28.293040087366,17.12453939365525,-0.6521927648371522,48.49855131484868,45.42831028289345,0.9366941702645203
Z500,central_india,Week 4,2026-01-22,ECMWF,19.507897537554328,11.781020641096305,-0.6558749985976584,33.151989439726336,28.935446276448925,0.8728117607860756
Z500,south_peninsula,Week 4,2026-01-22,ECMWF,10.372618226937664,7.472723141141957,-0.38806403382322485,18.80467218078311,16.992632252343874,0.9036388451221714
Z500,east_northeast_india,Week 4,2026-01-22,ECMWF,18.775654605398366,12.305859758074204,-0.5257491125785954,32.40883932146348,37.474436325513,1.1563029442000012
Z500,All India,Week 5,2026-01-22,ECMWF,21.074846146031973,25.432836848049185,0.17135291387486284,37.49978852738348,36.557358445246244,0.9748683894190752
Z500,northwest_india,Week 5,2026-01-22,ECMWF,25.557462210514238,24.2727404990358,-0.0529285809951896,46.58249828923062,51.21793698798897,1.0995103068533791
Z500,central_india,Week 5,2026-01-22,ECMWF,19.091991598532253,28.298549597931977,0.3253367444694949,32.62251810205076,32.50977505956648,0.9965440116507378
Z500,south_peninsula,Week 5,2026-01-22,ECMWF,16.265396031557362,19.770124196679767,0.1772739579304714,26.916537363636227,17.30018892730437,0.6427345647615367
Z500,east_northeast_india,Week 5,2026-01-22,ECMWF,21.800216384158357,28.464701933963102,0.23413157690061426,36.98792848088263,37.749635590860215,1.0205933973937273
Z500,All India,Week 6,2026-01-22,ECMWF,26.29272204678553,24.54381721313897,-0.07125643164871387,47.643933638976456,34.8848169822741,0.7321985049894285
Z500,northwest_india,Week 6,2026-01-22,ECMWF,36.08087395943428,30.34902345640702,-0.18886441309258006,62.95252148864598,46.89413953019626,0.7449128076411367
Z500,central_india,Week 6,2026-01-22,ECMWF,24.933323126001948,21.41140062380352,-0.16448818851593616,43.93215070332036,31.541792750641996,0.7179660509599884
Z500,south_peninsula,Week 6,2026-01-22,ECMWF,15.359969404810597,15.902169835879278,0.03409600304012228,25.257737765724077,17.421496924797466,0.689748903341583
Z500,east_northeast_india,Week 6,2026-01-22,ECMWF,21.625222840040408,29.77617967966605,0.2737408535048529,37.14345550239763,38.02550040729325,1.0237469802678614
Z500,All India,Week 1,2026-01-29,ECMWF,13.481149235637469,13.998327510322524,0.036945719001336474,21.519623101874217,5.901283150411037,0.27422799751065685
Z500,northwest_india,Week 1,2026-01-29,ECMWF,19.5480806425041,21.904267450076738,0.10756747802421407,29.21139636276719,7.935795248748074,0.27166778164918637
Z500,central_india,Week 1,2026-01-29,ECMWF,12.276942678756651,11.245304533035775,-0.09173945825034724,18.177062999755496,4.780876209831747,0.2630169796900663
Z500,south_peninsula,Week 1,2026-01-29,ECMWF,6.325269614181669,6.796951899702613,0.06939614881511547,9.990989957799025,3.308725096046114,0.33117089597946237
Z500,east_northeast_india,Week 1,2026-01-29,ECMWF,11.886721489610514,11.983164157175898,0.008048180455546117,19.13353223027049,7.244115717225114,0.3786083839639632
Z500,All India,Week 2,2026-01-29,ECMWF,11.382165818028742,12.778407531463275,0.1092657054485604,19.969246360110542,21.274354346493038,1.0653558959034881
Z500,northwest_india,Week 2,2026-01-29,ECMWF,15.22609100914434,16.95991810905451,0.10223086507620094,25.193117704701983,32.068060105094034,1.2728897026948327
Z500,central_india,Week 2,2026-01-29,ECMWF,10.5638207254989,11.417962473867016,0.07480684494480017,18.327484039779666,17.36215514017104,0.9473288915427024
Z500,south_peninsula,Week 2,2026-01-29,ECMWF,6.005285469370506,6.431768973678083,0.06630889667414275,10.335263799442416,9.622220621773826,0.9310087104204289
Z500,east_northeast_india,Week 2,2026-01-29,ECMWF,11.54754363464402,14.65200181631686,0.21187945651328222,19.760259045544334,21.13933676993157,1.069790467888537
Z500,All India,Week 3,2026-01-29,ECMWF,15.073284944251498,12.799024819471219,-0.17769010974339516,27.044324819763776,30.54105542662538,1.1292962804642186
Z500,northwest_india,Week 3,2026-01-29,ECMWF,20.91972172403641,17.12453939365525,-0.2216224473627184,36.08987918916147,44.49804479077408,1.2329784912147268
Z500,central_india,Week 3,2026-01-29,ECMWF,14.252439512317403,11.781020641096305,-0.2097796911245473,24.092967775971022,25.46548295970698,1.0569674602356305
Z500,south_peninsula,Week 3,2026-01-29,ECMWF,7.931119034475701,7.472723141141957,-0.06134255005514544,13.99979056781778,13.165253332540685,0.9403893057375087
Z500,east_northeast_india,Week 3,2026-01-29,ECMWF,13.06734116587434,12.305859758074204,-0.06187957792225851,22.253320574829367,33.27801293982174,1.4954178558620306
Z500,All India,Week 4,2026-01-29,ECMWF,18.572297082456892,25.432836848049185,0.26975125923156806,33.02060034971575,33.926484949208636,1.0274339227603015
Z500,northwest_india,Week 4,2026-01-29,ECMWF,22.033939280303205,24.2727404990358,0.09223520594312495,40.02428416005905,46.01823108399411,1.1497577545663273
Z500,central_india,Week 4,2026-01-29,ECMWF,16.759205535012473,28.298549597931977,0.4077715722844957,28.71404854096506,29.34015246122289,1.0218047942408608
Z500,south_peninsula,Week 4,2026-01-29,ECMWF,13.898439638158427,19.770124196679767,0.2969978589971347,23.44483252347228,17.069486857350455,0.7280703259560922
Z500,east_northeast_india,Week 4,2026-01-29,ECMWF,20.97094380096622,28.464701933963102,0.26326494302951353,35.403096799832525,38.97379339213988,1.100858312268441
Z500,All India,Week 5,2026-01-29,ECMWF,28.48579563996077,24.54381721313897,-0.16060983475347723,51.549839763422966,35.22749700334735,0.6833677304336243
Z500,northwest_india,Week 5,2026-01-29,ECMWF,38.82504887149782,30.34902345640702,-0.2792849472493131,68.12740391823635,49.01538121514162,0.719466446629433
Z500,central_india,Week 5,2026-01-29,ECMWF,28.51657933915011,21.41140062380352,-0.3318409122403514,48.7294907577133,30.936922809851257,0.6348706364216274
Z500,south_peninsula,Week 5,2026-01-29,ECMWF,15.3811102300769,15.902169835879278,0.032766572812393036,25.657560512208537,16.90301448584068,0.6587927358798504
Z500,east_northeast_india,Week 5,2026-01-29,ECMWF,22.14057946184861,29.77617967966605,0.25643317242042774,38.18504802078793,37.720493680703306,0.9878341297402135
Z500,All India,Week 6,2026-01-29,ECMWF,52.36327107413265,36.85041657796223,-0.4209682260538574,79.77556832548836,34.28124193698438,0.4297210619310811
Z500,northwest_india,Week 6,2026-01-29,ECMWF,85.48417399553371,58.260341154468435,-0.4672789808917428,112.73413990135516,46.72822900340184,0.414499361455989
Z500,central_india,Week 6,2026-01-29,ECMWF,45.65185494092801,33.33567170765709,-0.3694595789543347,66.17370211085179,30.822978208715945,0.4657889346599108
Z500,south_peninsula,Week 6,2026-01-29,ECMWF,12.212150478719384,9.603921549580217,-0.2715795746221157,21.888506493276328,16.4727388121951,0.7525748189925688
Z500,east_northeast_india,Week 6,2026-01-29,ECMWF,45.32339416079058,32.02549886290199,-0.4152283577163176,66.07518284876969,37.158893011745754,0.5623729123352347
Z500,All India,Week 1,2026-02-05,ECMWF,11.763120689747533,12.778407531463275,0.07945331522851184,18.833509381956386,6.670263349525199,0.3541699645163161
Z500,northwest_india,Week 1,2026-02-05,ECMWF,11.859253342286005,16.95991810905451,0.3007481954789262,19.029022784595973,9.322105223224867,0.4898888045250083
Z500,central_india,Week 1,2026-02-05,ECMWF,10.05878043600849,11.417962473867016,0.11903893019173672,15.992599887557667,5.3098331592931425,0.33201813317572104
Z500,south_peninsula,Week 1,2026-02-05,ECMWF,7.4863058550885695,6.431768973678083,-0.16395751864318542,11.157073027593695,3.553908217416281,0.318534100173652
Z500,east_northeast_india,Week 1,2026-02-05,ECMWF,20.769895370835474,14.65200181631686,-0.41754660088190576,29.173743383618987,7.865067974550304,0.2695940617262894
Z500,All India,Week 2,2026-02-05,ECMWF,14.3798504685245,12.799024819471219,-0.12351141367023244,25.085922901953982,21.632837443380886,0.8623496742747252
Z500,northwest_india,Week 2,2026-02-05,ECMWF,15.628630224589871,17.12453939365525,0.0873547097926396,27.340075093228965,28.73682856820862,1.0510881360134074
Z500,central_india,Week 2,2026-02-05,ECMWF,16.049070986720686,11.781020641096305,-0.36228188334853906,26.38220670900007,19.755038648862275,0.7488016020328963
Z500,south_peninsula,Week 2,2026-02-05,ECMWF,7.524105348793987,7.472723141141957,-0.006875968329288051,13.202331904150602,10.44052820667763,0.7908094026476713
Z500,east_northeast_india,Week 2,2026-02-05,ECMWF,16.36918848542232,12.305859758074204,-0.33019462331204097,28.016685864016264,24.33551890811207,0.8686080511531107
Z500,All India,Week 3,2026-02-05,ECMWF,18.67150339429445,25.432836848049185,0.2658505417288264,32.373752674061066,32.38865264999049,1.0004602486489422
Z500,northwest_india,Week 3,2026-02-05,ECMWF,19.49778616386101,24.2727404990358,0.19672085792555927,33.6703200227852,42.80410737575502,1.271271177309537
Z500,central_india,Week 3,2026-02-05,ECMWF,18.572292306641398,28.298549597931977,0.3437016182624908,32.11520454222939,29.936917497193928,0.9321727176866907
Z500,south_peninsula,Week 3,2026-02-05,ECMWF,13.51129604463045,19.770124196679767,0.31658011299192734,22.746194712250148,16.673280032392807,0.7330140378783128
Z500,east_northeast_india,Week 3,2026-02-05,ECMWF,23.514852284669697,28.464701933963102,0.17389430814265494,39.49047591307641,34.79867913076524,0.8811916880252743
Z500,All India,Week 4,2026-02-05,ECMWF,26.518181077513386,24.54381721313897,-0.08044241232849014,47.345353191706515,33.88592875581078,0.7157181533444887
Z500,northwest_india,Week 4,2026-02-05,ECMWF,34.43613484540897,30.34902345640702,-0.1346702767841157,60.130247907007515,44.16081813797773,0.7344193592262119
Z500,central_india,Week 4,2026-02-05,ECMWF,27.503014983300023,21.41140062380352,-0.2845033104805075,46.70063955079759,32.42348087233608,0.6942834441714263
Z500,south_peninsula,Week 4,2026-02-05,ECMWF,14.152899986628137,15.902169835879278,0.11000195994035666,24.38991152708959,17.054175844435186,0.6992307383113429
Z500,east_northeast_india,Week 4,2026-02-05,ECMWF,22.361137888400712,29.77617967966605,0.24902596206218552,37.79108137368636,35.731512500229805,0.9455011923821101
Z500,All India,Week 5,2026-02-05,ECMWF,45.52028420932602,36.85041657796223,-0.23527190291109656,71.51619960098199,35.010009016237326,0.4895395618275639
Z500,northwest_india,Week 5,2026-02-05,ECMWF,73.44522792239638,58.260341154468435,-0.260638480088325,100.38702392520436,47.30898178744566,0.4712659060666476
Z500,central_india,Week 5,2026-02-05,ECMWF,41.47950953030135,33.33567170765709,-0.24429799687443055,61.617047002138186,31.28285673100305,0.507698084426498
Z500,south_peninsula,Week 5,2026-02-05,ECMWF,11.163343638605658,9.603921549580217,-0.16237347222953957,20.259942223664016,18.58045208911781,0.9171029158916095
Z500,east_northeast_india,Week 5,2026-02-05,ECMWF,36.51597724286395,32.02549886290199,-0.1402157199544416,56.036906422592,37.10943878379057,0.6622321101014497
Z500,All India,Week 6,2026-02-05,ECMWF,20.09743484761713,17.95051983530738,-0.11960182947386988,35.21087126528961,32.874209487540305,0.9336380585375417
Z500,northwest_india,Week 6,2026-02-05,ECMWF,25.519441809938048,23.77813295116693,-0.07323152168201075,44.94713156686658,43.771535854784695,0.9738449224433158
Z500,central_india,Week 6,2026-02-05,ECMWF,17.77345264834702,15.763676368443075,-0.12749413480267013,30.049863828039662,29.706269905771002,0.9885658742337444
Z500,south_peninsula,Week 6,2026-02-05,ECMWF,16.32083611719398,13.870273842158246,-0.17667728142376893,26.6106636691457,16.959907975092342,0.6373350242578455
Z500,east_northeast_india,Week 6,2026-02-05,ECMWF,18.26530329452665,15.296964776469313,-0.1940475487413953,31.088702656948534,36.11595026189077,1.161706574263195
Z500,All India,Week 1,2026-02-12,ECMWF,8.82457559830843,12.799024819471219,0.31052750324512535,15.38614216497529,6.9740207150509175,0.45326636399645653
Z500,northwest_india,Week 1,2026-02-12,ECMWF,12.893357144499419,17.12453939365525,0.24708298143911023,20.70295529055962,9.16452632337484,0.4426675416506256
Z500,central_india,Week 1,2026-02-12,ECMWF,5.810410078383924,11.781020641096305,0.5067990919126999,10.022661502133287,6.316606790765939,0.6302324776130045
Z500,south_peninsula,Week 1,2026-02-12,ECMWF,4.5620269410062155,7.472723141141957,0.3895094392177546,7.028017377827761,4.291066988780714,0.6105657909040357
Z500,east_northeast_india,Week 1,2026-02-12,ECMWF,12.12996021217113,12.305859758074204,0.014293966399841596,19.031297041482347,7.030619145479777,0.36942406658648647
Z500,All India,Week 2,2026-02-12,ECMWF,13.65339780255465,25.432836848049185,0.46315867615838036,24.291082149760456,24.84255736843191,1.0227027851320691
Z500,northwest_india,Week 2,2026-02-12,ECMWF,16.581729955711864,24.2727404990358,0.3168579396145833,28.000510232641915,32.52368810081618,1.1615391230585976
Z500,central_india,Week 2,2026-02-12,ECMWF,12.203830114921995,28.298549597931977,0.568747151768731,21.840868794698032,22.79230824224996,1.0435623443598037
Z500,south_peninsula,Week 2,2026-02-12,ECMWF,8.424419973555313,19.770124196679767,0.5738812821939618,15.157516196383174,14.562192035439974,0.9607241613183792
Z500,east_northeast_india,Week 2,2026-02-12,ECMWF,17.076945768371058,28.464701933963102,0.40006588482855554,29.547570060058575,25.54394482236872,0.8645023861673883
Z500,All India,Week 3,2026-02-12,ECMWF,26.472882851127,24.54381721313897,-0.07859680591800333,47.32873584873373,35.29306721580998,0.7457006104834351
Z500,northwest_india,Week 3,2026-02-12,ECMWF,35.29532457030188,30.34902345640702,-0.16298056907826597,60.37015743945935,44.39529426621399,0.735384768720119
Z500,central_india,Week 3,2026-02-12,ECMWF,27.826036433028086,21.41140062380352,-0.2995897336157112,47.28107513291955,34.93805114623446,0.7389436692802437
Z500,south_peninsula,Week 3,2026-02-12,ECMWF,12.603169566285546,15.902169835879278,0.2074559826515222,22.585169654160094,19.38685943067944,0.8583889219140075
Z500,east_northeast_india,Week 3,2026-02-12,ECMWF,21.370760611173257,29.77617967966605,0.28228668549554725,36.54180380663979,36.01750026231582,0.985651952292823
Z500,All India,Week 4,2026-02-12,ECMWF,41.94723446694636,36.85041657796223,-0.13831099787436862,66.5195762930137,32.95735895211725,0.49545353095670025
Z500,northwest_india,Week 4,2026-02-12,ECMWF,68.24612660112636,58.260341154468435,-0.17139936445243498,93.64546164351111,44.763636765683415,0.4780118115717056
Z500,central_india,Week 4,2026-02-12,ECMWF,37.884612754171876,33.33567170765709,-0.1364586586527341,57.08167885266949,29.53262791271945,0.5173749004289898
Z500,south_peninsula,Week 4,2026-02-12,ECMWF,10.090319424204791,9.603921549580217,-0.05064575674775629,18.543497637718552,17.02688138803413,0.9182130426894474
Z500,east_northeast_india,Week 4,2026-02-12,ECMWF,33.43333959661827,32.02549886290199,-0.04395999387060612,51.76604151324184,34.82076708727094,0.6726565537827289
Z500,All India,Week 5,2026-02-12,ECMWF,18.18224589470721,17.95051983530738,-0.01290915592004449,33.09771187104228,32.22722634966696,0.9736995256721379
Z500,northwest_india,Week 5,2026-02-12,ECMWF,24.639734812211184,23.77813295116693,-0.03623505103675395,43.92063735135324,43.50534172865439,0.9905444081018999
Z500,central_india,Week 5,2026-02-12,ECMWF,14.796049650018713,15.763676368443075,0.061383315402327776,25.560443122414185,29.48791316439352,1.1536542235660736
Z500,south_peninsula,Week 5,2026-02-12,ECMWF,13.545772728058704,13.870273842158246,0.023395436729823693,23.17056575965831,17.43093334188227,0.7522877741824858
Z500,east_northeast_india,Week 5,2026-02-12,ECMWF,17.585835109342046,15.296964776469313,-0.1496290516660932,31.30914579916065,32.266548090667214,1.0305789975123574
Z500,All India,Week 6,2026-02-12,ECMWF,22.281863480101578,19.88571219285214,-0.12049612626450101,39.17689670852893,31.73263758331056,0.8099834404801712
Z500,northwest_india,Week 6,2026-02-12,ECMWF,26.309319265979592,22.082656623932856,-0.191401909381951,45.94361021276609,43.12563693553056,0.9386645223528273
Z500,central_india,Week 6,2026-02-12,ECMWF,22.107581344961858,21.74831972535497,-0.016519051777045934,37.96807212981536,28.27485997633545,0.7447009655813396
Z500,south_peninsula,Week 6,2026-02-12,ECMWF,14.333958302934755,14.390981073876134,0.003962396354261877,25.39510848482229,16.79494366137608,0.6613456158855865
Z500,east_northeast_india,Week 6,2026-02-12,ECMWF,23.773977194767593,17.668570814710574,-0.3455517961290764,39.96638336677063,33.33880027308676,0.8341710573893394
Z500,All India,Week 1,2026-02-19,ECMWF,20.262187052641746,25.432836848049185,0.20330605768833265,29.04890808465043,6.261844592550718,0.21556213315499811
Z500,northwest_india,Week 1,2026-02-19,ECMWF,25.3344949260668,24.2727404990358,-0.043742667914781874,35.67889559086119,7.972249808914891,0.22344441095752154
Z500,central_india,Week 1,2026-02-19,ECMWF,20.915160040593964,28.298549597931977,0.260910529417295,28.520310080965356,5.369179934918814,0.18825811920264643
Z500,south_peninsula,Week 1,2026-02-19,ECMWF,11.761801451796767,19.770124196679767,0.4050719492307455,16.60098060610284,3.931683549452394,0.2368344161553343
Z500,east_northeast_india,Week 1,2026-02-19,ECMWF,18.269302181185672,28.464701933963102,0.3581769370510298,26.137984406224682,7.465616745632464,0.28562327643957697
Z500,All India,Week 2,2026-02-19,ECMWF,23.671717117321464,24.54381721313897,0.03553237413089294,43.31008706669068,24.095747881999607,0.5563541778361233
Z500,northwest_india,Week 2,2026-02-19,ECMWF,32.539229362528644,30.34902345640702,-0.07216726130472062,58.11842086536077,33.50249924828605,0.5764523321426634
Z500,central_india,Week 2,2026-02-19,ECMWF,20.371103461628074,21.41140062380352,0.04858613317518912,35.22103497279517,20.137951263709844,0.5717592137557701
Z500,south_peninsula,Week 2,2026-02-19,ECMWF,12.205858485545457,15.902169835879278,0.23244069133219902,20.134745140507757,10.574115554573499,0.5251675887021852
Z500,east_northeast_india,Week 2,2026-02-19,ECMWF,26.114393205256707,29.77617967966605,0.12297704117193897,43.31926477237898,29.420619171919366,0.6791578602847941
Z500,All India,Week 3,2026-02-19,ECMWF,37.11849292442911,36.85041657796223,-0.0072747168515647775,61.08062522025517,29.829605207141896,0.4883644379797539
Z500,northwest_india,Week 3,2026-02-19,ECMWF,65.96344016352698,58.260341154468435,-0.13221857023862849,90.29276049813548,41.34548092576938,0.4579047168086433
Z500,central_india,Week 3,2026-02-19,ECMWF,30.347994961776287,33.33567170765709,0.08962401514155016,47.721530147645126,26.101954551530874,0.5469639064542633
Z500,south_peninsula,Week 3,2026-02-19,ECMWF,7.777440772866226,9.603921549580217,0.19018072641314177,14.069817428781255,13.678506565975889,0.9721879217846211
Z500,east_northeast_india,Week 3,2026-02-19,ECMWF,26.10086450859672,32.02549886290199,0.18499741033443529,42.314530785235576,33.29404923337008,0.7868230750885952
Z500,All India,Week 4,2026-02-19,ECMWF,18.13502201148806,17.95051983530738,-0.010278375104089132,33.046684168168525,32.3136503237796,0.9778182331195877
Z500,northwest_india,Week 4,2026-02-19,ECMWF,24.040365162181185,23.77813295116693,-0.011028292740763002,43.16132890662654,42.98512024668332,0.9959174412742384
Z500,central_india,Week 4,2026-02-19,ECMWF,15.333988214813152,15.763676368443075,0.02725811819444013,26.775274489478193,29.36874172246535,1.0968605283208697
Z500,south_peninsula,Week 4,2026-02-19,ECMWF,13.977943472633322,13.870273842158246,-0.007762617501308355,24.093249365336902,17.737992444301575,0.7362225067832207
Z500,east_northeast_india,Week 4,2026-02-19,ECMWF,16.810825688765988,15.296964776469313,-0.09896479036320871,30.041075978167942,33.87322647205488,1.127563689685147
Z500,All India,Week 5,2026-02-19,ECMWF,20.72178387501587,19.88571219285214,-0.042043839016449924,35.96256422865044,31.407796150184875,0.8733469602026626
Z500,northwest_india,Week 5,2026-02-19,ECMWF,21.418944405137836,22.082656623932856,0.03005581394023482,37.55794755548856,44.74667644043815,1.1914036669423662
Z500,central_india,Week 5,2026-02-19,ECMWF,21.285065768467355,21.74831972535497,0.021300678063305156,36.68097534936894,26.95418032284171,0.7348272521686212
Z500,south_peninsula,Week 5,2026-02-19,ECMWF,15.140896275002564,14.390981073876134,-0.052110081812820175,26.446617091058332,15.60878254557461,0.5901995893021788
Z500,east_northeast_india,Week 5,2026-02-19,ECMWF,24.85674582008205,17.668570814710574,-0.4068339811269124,40.70491016878563,32.111366439672466,0.7888818893475146
Z500,All India,Week 6,2026-02-19,ECMWF,11.106249754627457,11.419669476914326,0.02744560365082971,18.282387049777633,29.728937238801503,1.6260971369798833
Z500,northwest_india,Week 6,2026-02-19,ECMWF,12.670433229261826,14.749435317580105,0.14095469036975805,18.604107457423684,40.60542942786827,2.1826056165712644
Z500,central_india,Week 6,2026-02-19,ECMWF,8.737213667106596,9.227347307395904,0.05311750213373412,13.251969462673902,26.498966579785016,1.9996247844083257
Z500,south_peninsula,Week 6,2026-02-19,ECMWF,9.29583773203729,7.822998014112569,-0.1882704962046189,15.660832212058775,15.687820154650082,1.0017232764022928
Z500,east_northeast_india,Week 6,2026-02-19,ECMWF,15.356355777500765,13.632505976671325,-0.1264514245421482,27.95629448432167,30.826947962538416,1.1026836185255757
Z500,All India,Week 1,2026-02-26,ECMWF,16.474117830422674,24.54381721313897,0.3287874625466314,24.139569208085174,6.919533964697038,0.2866469531850406
Z500,northwest_india,Week 1,2026-02-26,ECMWF,22.48244099392573,30.34902345640702,0.25920380844480073,30.84983087160868,9.781646594091367,0.3170729406848543
Z500,central_india,Week 1,2026-02-26,ECMWF,14.894997245908176,21.41140062380352,0.3043426953886854,20.494903267216287,4.48284297332651,0.21872964779966927
Z500,south_peninsula,Week 1,2026-02-26,ECMWF,9.189867629924999,15.902169835879278,0.42209976847371133,13.279959548692585,3.2545499152245774,0.24507227625892797
Z500,east_northeast_india,Week 1,2026-02-26,ECMWF,16.024179643403432,29.77617967966605,0.46184568283129235,25.577483787820345,10.79721635999501,0.4221375507287586
Z500,All India,Week 2,2026-02-26,ECMWF,23.618121674548984,36.85041657796223,0.35908128407228357,44.80821322997486,19.078429844446905,0.4257797503892482
Z500,northwest_india,Week 2,2026-02-26,ECMWF,46.502240969812256,58.260341154468435,0.20181996795180734,69.67813809417116,27.564497261452882,0.3955975003838221
Z500,central_india,Week 2,2026-02-26,ECMWF,14.143445742913444,33.33567170765709,0.5757263910280007,26.59086832713975,14.768148592932818,0.5553842172901075
Z500,south_peninsula,Week 2,2026-02-26,ECMWF,3.351490593778606,9.603921549580217,0.6510289493227797,5.780885642304807,8.687066699168188,1.5027224610007512
Z500,east_northeast_india,Week 2,2026-02-26,ECMWF,20.5070212179826,32.02549886290199,0.3596658304755489,34.90212618260038,23.324381886601365,0.668279684870006
Z500,All India,Week 3,2026-02-26,ECMWF,17.38863335864375,17.95051983530738,0.03130196127013751,30.23277542240311,29.50896219437949,0.9760586576021975
Z500,northwest_india,Week 3,2026-02-26,ECMWF,21.486163685251363,23.77813295116693,0.09638979101608092,37.4892254621096,43.0276837860717,1.1477346692467632
Z500,central_india,Week 3,2026-02-26,ECMWF,15.457673093951952,15.763676368443075,0.019411923166838485,26.863986299937796,24.735802530128442,0.9207793011041596
Z500,south_peninsula,Week 3,2026-02-26,ECMWF,17.190516692902094,13.870273842158246,-0.2393783200337456,26.92705613717848,13.377004384484616,0.4967867380799508
Z500,east_northeast_india,Week 3,2026-02-26,ECMWF,13.098165167943506,15.296964776469313,0.14374090812499807,22.70172741647655,30.964257794564443,1.3639604258524873
Z500,All India,Week 4,2026-02-26,ECMWF,20.576003028494988,19.88571219285214,-0.034712904871014416,34.91768297079663,31.370418409401157,0.8984106544422713
Z500,northwest_india,Week 4,2026-02-26,ECMWF,20.012705590344428,22.082656623932856,0.0937365041190309,33.898946251948885,45.037842868320595,1.3285912350662323
Z500,central_india,Week 4,2026-02-26,ECMWF,23.22140067156955,21.74831972535497,-0.06773309224883284,38.786288572743764,26.31624896199876,0.6784936102520502
Z500,south_peninsula,Week 4,2026-02-26,ECMWF,16.57858710270123,14.390981073876134,-0.15201229280999096,27.961221000278563,14.943886029811043,0.5344504100755173
Z500,east_northeast_india,Week 4,2026-02-26,ECMWF,20.735543968469013,17.668570814710574,-0.17358354481081895,35.56842219676532,33.509646377016296,0.9421178761216951
Z500,All India,Week 5,2026-02-26,ECMWF,12.811473610010669,11.419669476914326,-0.1218777947916947,21.016007729576742,31.147175616471184,1.4820690978637399
Z500,northwest_india,Week 5,2026-02-26,ECMWF,14.349410283875573,14.749435317580105,0.027121379570900217,21.30846103917394,44.25532292118727,2.0768896843290237
Z500,central_india,Week 5,2026-02-26,ECMWF,10.780980630509372,9.227347307395904,-0.16837269383674336,17.669528723317946,26.73047914323647,1.5128009106412137
Z500,south_peninsula,Week 5,2026-02-26,ECMWF,11.229168680240619,7.822998014112569,-0.43540477192802163,18.674567945693727,14.868262094570783,0.7961770327328691
Z500,east_northeast_india,Week 5,2026-02-26,ECMWF,16.06142619706542,13.632505976671325,-0.17817121991734997,28.7423101061107,32.867517016677205,1.1435238467380349
Z500,All India,Week 6,2026-02-26,ECMWF,26.93842764180702,19.135935531957177,-0.407740300797921,49.628576191638764,28.85519308536198,0.5814229482211781
Z500,northwest_india,Week 6,2026-02-26,ECMWF,46.11538672268915,31.04516311871739,-0.4854290359610254,72.59477749612921,40.868371250381834,0.5629657209509452
Z500,central_india,Week 6,2026-02-26,ECMWF,22.651422518258023,15.709223136602132,-0.4419186945967255,39.44180893302787,25.020717380713908,0.6343704322283759
Z500,south_peninsula,Week 6,2026-02-26,ECMWF,5.29990206448388,6.048364771015476,0.12374629091788958,8.688426722631398,14.81968729418622,1.705681335331317
Z500,east_northeast_india,Week 6,2026-02-26,ECMWF,21.77679803696513,17.241310186220915,-0.2630593500004965,37.101754669274094,28.844936663257098,0.7774547840225223
Z500,All India,Week 1,2026-03-05,ECMWF,7.4913888999829465,36.85041657796223,0.7967081624672041,13.876022714544968,6.265879897673534,0.451561663350809
Z500,northwest_india,Week 1,2026-03-05,ECMWF,11.25488993123642,58.260341154468435,0.8068173013028572,20.31625828672726,8.94610281833469,0.4403420498044779
Z500,central_india,Week 1,2026-03-05,ECMWF,6.1851854507535995,33.33567170765709,0.8144574525152621,9.788157379117306,4.354734304957461,0.4448982720944123
Z500,south_peninsula,Week 1,2026-03-05,ECMWF,3.80958558441007,9.603921549580217,0.6033302058182072,6.047862610325986,3.5775376099517193,0.5915375134090367
Z500,east_northeast_india,Week 1,2026-03-05,ECMWF,6.83790759399975,32.02549886290199,0.786485524448123,11.257277956940301,8.124549666398027,0.7217152936504606
Z500,All India,Week 2,2026-03-05,ECMWF,11.599344389739509,17.95051983530738,0.3538156835478138,21.638536172078624,20.248621162554304,0.9357666804042963
Z500,northwest_india,Week 2,2026-03-05,ECMWF,15.294005348351353,23.77813295116693,0.35680377514245554,27.7916174542028,28.633511699829562,1.0302930999613138
Z500,central_india,Week 2,2026-03-05,ECMWF,9.880726807792573,15.763676368443075,0.3731965452188195,18.113291880153355,17.456844441295647,0.9637587997145359
Z500,south_peninsula,Week 2,2026-03-05,ECMWF,9.489049702658859,13.870273842158246,0.31587149535453285,17.42726156752846,11.317724710841611,0.6494264556130545
Z500,east_northeast_india,Week 2,2026-03-05,ECMWF,10.083069059041348,15.296964776469313,0.3408451149373296,18.13509287291821,19.428135241404533,1.0713005650176333
Z500,All India,Week 3,2026-03-05,ECMWF,19.540282971254623,19.88571219285214,0.017370724178623065,34.865210369517015,32.459817426569664,0.9310087930790055
Z500,northwest_india,Week 3,2026-03-05,ECMWF,23.621590014637693,22.082656623932856,-0.06968968529977349,40.689273800708214,47.130166780662414,1.1582946162052687
Z500,central_india,Week 3,2026-03-05,ECMWF,19.140952289282605,21.74831972535497,0.11988822442372882,33.85964829212393,28.104662127521987,0.8300340831968829
Z500,south_peninsula,Week 3,2026-03-05,ECMWF,11.006352036120159,14.390981073876134,0.23519098665900362,20.607768627139563,16.280605284466752,0.7900227132318383
Z500,east_northeast_india,Week 3,2026-03-05,ECMWF,22.15829841374789,17.668570814710574,-0.254108136199632,37.371214070346646,30.503402436668058,0.8162272271714055
Z500,All India,Week 4,2026-03-05,ECMWF,11.32717794058423,11.419669476914326,0.008099318156017943,18.66480310962767,29.335032514558822,1.5716765048235222
Z500,northwest_india,Week 4,2026-03-05,ECMWF,12.60079157682155,14.749435317580105,0.14567633909330413,18.29577382665213,41.19946096089266,2.251856704791348
Z500,central_india,Week 4,2026-03-05,ECMWF,8.966261474548574,9.227347307395904,0.028294787672949573,14.10489955766155,25.20311872073068,1.7868343278659335
Z500,south_peninsula,Week 4,2026-03-05,ECMWF,9.72673584903713,7.822998014112569,-0.2433514403928323,16.425624905267156,14.213256591961922,0.8653099455232416
Z500,east_northeast_india,Week 4,2026-03-05,ECMWF,15.93208653599336,13.632505976671325,-0.16868362744584164,28.590308976734818,31.68110944342202,1.1081065779737576
Z500,All India,Week 5,2026-03-05,ECMWF,25.97159753857724,19.135935531957177,-0.35721598221338313,47.6528391986067,27.552431362244615,0.5781907610459905
Z500,northwest_india,Week 5,2026-03-05,ECMWF,42.980017449135175,31.04516311871739,-0.3844352269878124,68.38607239545865,39.930164405371265,0.5838932257209573
Z500,central_india,Week 5,2026-03-05,ECMWF,23.435783618358364,15.709223136602132,-0.491848668426736,40.11841988237711,23.02526857145933,0.5739325885457837
Z500,south_peninsula,Week 5,2026-03-05,ECMWF,5.7279319532278565,6.048364771015476,0.05297842142775078,10.270687389420262,12.627366899405752,1.2294568436006614
Z500,east_northeast_india,Week 5,2026-03-05,ECMWF,19.808839394609006,17.241310186220915,-0.14891729112559182,34.95366109950088,29.435801572067238,0.8421378661386508
Z500,All India,Week 6,2026-03-05,ECMWF,18.34338689354635,21.429182469176883,0.14399968734547175,32.9888307287181,27.02589131791634,0.8192436870576688
Z500,northwest_india,Week 6,2026-03-05,ECMWF,22.346686286969675,21.41497139368227,-0.04350764127391149,40.737616529271676,38.610783030611344,0.947791901444894
Z500,central_india,Week 6,2026-03-05,ECMWF,14.387011579102515,25.31454119336686,0.43167006388911655,24.489868687514335,23.282584979833214,0.9507027284186039
Z500,south_peninsula,Week 6,2026-03-05,ECMWF,12.445841277062245,20.0498284429809,0.3792544752960557,19.9756605328026,13.168815332574336,0.6592430478556366
Z500,east_northeast_india,Week 6,2026-03-05,ECMWF,25.979476042676072,14.298031324025043,-0.8169967217110965,42.59685731593839,27.520695613503175,0.6460733807046796
Z500,All India,Week 1,2026-03-12,ECMWF,11.59672320530495,17.95051983530738,0.35396170630696544,19.149306331485676,5.889352591414345,0.3075491346509483
Z500,northwest_india,Week 1,2026-03-12,ECMWF,19.61539011883271,23.77813295116693,0.1750660087940139,27.893001137840994,8.169234552460363,0.2928775757076059
Z500,central_india,Week 1,2026-03-12,ECMWF,7.784272007293035,15.763676368443075,0.50618930347516,12.327103358038208,4.803667755984975,0.38968341681443097
Z500,south_peninsula,Week 1,2026-03-12,ECMWF,4.306321961450321,13.870273842158246,0.6895286992560021,7.06404390369182,3.371184326363184,0.47723150823019816
Z500,east_northeast_india,Week 1,2026-03-12,ECMWF,11.867092099219974,15.296964776469313,0.2242191655252661,18.794697870150898,6.524348844198008,0.3471377347629385
Z500,All India,Week 2,2026-03-12,ECMWF,22.89931278913912,19.88571219285214,-0.15154602294657615,37.95369645019268,18.92836808903619,0.49872265047691017
Z500,northwest_india,Week 2,2026-03-12,ECMWF,35.76266470580865,22.082656623932856,-0.6194910474245028,52.29106722110641,25.205600452722887,0.482024976582407
Z500,central_india,Week 2,2026-03-12,ECMWF,20.56267426963783,21.74831972535497,0.05451664637497822,32.068687088129806,16.04849167508333,0.5004411821094997
Z500,south_peninsula,Week 2,2026-03-12,ECMWF,6.301033405819093,14.390981073876134,0.5621540064938781,11.571006366452048,11.002077721165278,0.9508315329480528
Z500,east_northeast_india,Week 2,2026-03-12,ECMWF,20.798479073869668,17.668570814710574,-0.17714552535019878,34.38152182618586,21.662480568442508,0.6300617139042345
Z500,All India,Week 3,2026-03-12,ECMWF,10.380899832720932,11.419669476914326,0.09096319699036304,17.191161096830218,26.700924638977927,1.553177501425495
Z500,northwest_india,Week 3,2026-03-12,ECMWF,11.887544291355093,14.749435317580105,0.1940339385612868,16.609989485282682,38.63236671340102,2.325851364784506
Z500,central_india,Week 3,2026-03-12,ECMWF,7.911782726988485,9.227347307395904,0.1425723489732491,11.927586986075584,23.38988600616915,1.9609906038392173
Z500,south_peninsula,Week 3,2026-03-12,ECMWF,7.181253558477901,7.822998014112569,0.08203305874256528,12.235275891334568,13.381027186493501,1.0936432741962436
Z500,east_northeast_india,Week 3,2026-03-12,ECMWF,16.714138725419513,13.632505976671325,-0.22605035009862773,29.498477733586626,24.78255388039,0.8401299248121157
Z500,All India,Week 4,2026-03-12,ECMWF,21.41334589418977,19.135935531957177,-0.11901223007515349,41.125971837008436,29.05247086461649,0.7064263667678914
Z500,northwest_india,Week 4,2026-03-12,ECMWF,36.69200657435272,31.04516311871739,-0.18189124772969212,60.349480027354275,41.72082679878425,0.6913204020958206
Z500,central_india,Week 4,2026-03-12,ECMWF,17.613995152144177,15.709223136602132,-0.12125182760336317,32.466367880115634,25.196022971949667,0.7760653444508412
Z500,south_peninsula,Week 4,2026-03-12,ECMWF,4.7001036405256835,6.048364771015476,0.22291332972356914,7.08865150203792,13.98477625731671,1.9728401450256399
Z500,east_northeast_india,Week 4,2026-03-12,ECMWF,17.522743014088565,17.241310186220915,-0.016323169459161457,30.48258967633523,28.945881804827554,0.9495873582978194
Z500,All India,Week 5,2026-03-12,ECMWF,17.44836263164414,21.429182469176883,0.18576629524988353,30.211639612072634,30.499280235737356,1.0095208544573588
Z500,northwest_india,Week 5,2026-03-12,ECMWF,18.623760130597848,21.41497139368227,0.13033924779875583,33.09820651961187,42.29837778339603,1.2779658546855923
Z500,central_india,Week 5,2026-03-12,ECMWF,16.89328598794634,25.31454119336686,0.332664737673663,28.459612692689998,26.83865588025111,0.9430436095549803
Z500,south_peninsula,Week 5,2026-03-12,ECMWF,13.606109510473189,20.0498284429809,0.32138524031927795,21.93391918847023,14.848572791122649,0.6769685191020463
Z500,east_northeast_india,Week 5,2026-03-12,ECMWF,20.930864323628075,14.298031324025043,-0.46389834021819865,35.85576718685423,32.569279117987016,0.9083414377458325
Z500,All India,Week 6,2026-03-12,ECMWF,10.778896675491419,22.49124967124393,0.5207515441317287,18.400669168830603,26.72899002701365,1.452609673146595
Z500,northwest_india,Week 6,2026-03-12,ECMWF,13.919521314864507,33.022282277966845,0.5784809421197425,22.5271946239148,37.49263900002169,1.6643279212503284
Z500,central_india,Week 6,2026-03-12,ECMWF,10.345557253177526,19.890858050653456,0.4798838126122139,17.840519638386407,22.78598661616989,1.2772042002152566
Z500,south_peninsula,Week 6,2026-03-12,ECMWF,6.2241936652154735,8.48527234627744,0.2664709615424331,10.562391715533245,13.904023986715755,1.3163707956663115
Z500,east_northeast_india,Week 6,2026-03-12,ECMWF,10.57746291162339,22.861375368684254,0.5373216728634573,17.280050798656205,28.189482127834804,1.6313309756026284
Z500,All India,Week 1,2026-03-19,ECMWF,15.605401815244628,19.88571219285214,0.21524551578022222,23.70215282011519,6.42128901888182,0.2709158559399843
Z500,northwest_india,Week 1,2026-03-19,ECMWF,20.707628699310863,22.082656623932856,0.06226732353985698,29.877907576581123,8.634289138910034,0.2889857369288389
Z500,central_india,Week 1,2026-03-19,ECMWF,14.613488601124258,21.74831972535497,0.32806355683251576,21.914273157683684,5.587496213986085,0.2549706382585165
Z500,south_peninsula,Week 1,2026-03-19,ECMWF,9.149668604692208,14.390981073876134,0.3642081413544801,14.410193211118923,3.765932815391209,0.2613381208855278
Z500,east_northeast_india,Week 1,2026-03-19,ECMWF,14.761633233453926,17.668570814710574,0.1645259037497463,21.589972673794776,6.7974675798978,0.3148437324401226
Z500,All India,Week 2,2026-03-19,ECMWF,9.277464326710833,11.419669476914326,0.18758906766383332,15.32946752795131,21.840474101446166,1.4247379474611805
Z500,northwest_india,Week 2,2026-03-19,ECMWF,10.379209916620965,14.749435317580105,0.2962978111948593,15.912982898356736,30.01060982933518,1.8859198191204143
Z500,central_india,Week 2,2026-03-19,ECMWF,8.39937326656241,9.227347307395904,0.0897304515859998,13.734637233963602,20.120367851186433,1.464936241740111
Z500,south_peninsula,Week 2,2026-03-19,ECMWF,6.906461081455315,7.822998014112569,0.11715929506869815,11.772300735175543,10.125336046412786,0.8600983167341588
Z500,east_northeast_india,Week 2,2026-03-19,ECMWF,11.828151015053011,13.632505976671325,0.13235680693674534,20.519841698323866,22.504808464008068,1.096734019436726
Z500,All India,Week 3,2026-03-19,ECMWF,21.401486699911693,19.135935531957177,-0.1183924958448479,40.43227573746929,27.47851068261312,0.6796182055403898
Z500,northwest_india,Week 3,2026-03-19,ECMWF,36.33760121974111,31.04516311871739,-0.17047544832621164,59.18981829141513,39.458563157630245,0.6666444381254892
Z500,central_india,Week 3,2026-03-19,ECMWF,18.37539275457538,15.709223136602132,-0.16972001701097073,32.68621945781195,24.02074208705059,0.7348889680574445
Z500,south_peninsula,Week 3,2026-03-19,ECMWF,4.4169082275233995,6.048364771015476,0.2697351441682587,7.124335793360684,12.235814321474532,1.7174673789067243
Z500,east_northeast_india,Week 3,2026-03-19,ECMWF,16.829687113461574,17.241310186220915,0.02387423393660104,28.614029823523794,28.181994859965027,0.9849012891150485
Z500,All India,Week 4,2026-03-19,ECMWF,17.557136569697004,21.429182469176883,0.1806903228832606,29.96060105087095,30.310676845365105,1.0116845384343176
Z500,northwest_india,Week 4,2026-03-19,ECMWF,19.60693497264911,21.41497139368227,0.08442861714802741,33.79585973447798,44.45712406232656,1.3154606632768135
Z500,central_india,Week 4,2026-03-19,ECMWF,17.771998857647212,25.31454119336686,0.2979529543160755,29.481597319748595,25.24364841023293,0.8562510415038868
Z500,south_peninsula,Week 4,2026-03-19,ECMWF,12.733149270471761,20.0498284429809,0.36492477695341985,20.364137020730205,12.740814703171443,0.6256496256237913
Z500,east_northeast_india,Week 4,2026-03-19,ECMWF,18.59206637834231,14.298031324025043,-0.300323517063638,32.08740970822157,32.85579653409081,1.023946676682735
Z500,All India,Week 5,2026-03-19,ECMWF,11.131514334104809,22.49124967124393,0.5050735509669368,19.066619521966523,28.839732681051334,1.5125771323975534
Z500,northwest_india,Week 5,2026-03-19,ECMWF,15.499612746394273,33.022282277966845,0.530631692384995,25.08891383730169,42.439464730561134,1.6915624568594514
Z500,central_india,Week 5,2026-03-19,ECMWF,9.974534615938202,19.890858050653456,0.4985367352912904,16.90051646162148,23.89880830594084,1.4140874546769873
Z500,south_peninsula,Week 5,2026-03-19,ECMWF,5.8457428874644775,8.48527234627744,0.3110718608779772,10.061135022914202,12.16365656598947,1.2089745876868545
Z500,east_northeast_india,Week 5,2026-03-19,ECMWF,10.812485714125886,22.861375368684254,0.5270413288897333,16.946592301690643,31.178558635025134,1.8398128709283144
Z500,All India,Week 6,2026-03-19,ECMWF,12.978481582552993,27.538611363129853,0.5287169199849608,24.800842295760656,24.05723389289366,0.9700168085422605
Z500,northwest_india,Week 6,2026-03-19,ECMWF,21.04535837489548,45.046628022329415,0.5328094621319184,35.78614135733707,33.21623141814227,0.9281870064298535
Z500,central_india,Week 6,2026-03-19,ECMWF,8.356195462086024,20.14351164349002,0.5851668959227088,14.667251216748111,20.278571504056227,1.3825747718086885
Z500,south_peninsula,Week 6,2026-03-19,ECMWF,4.868615082695376,9.436155861580048,0.4840467713639328,7.770583943125109,13.578744112329842,1.7474547874028699
Z500,east_northeast_india,Week 6,2026-03-19,ECMWF,16.01389379566377,28.724382147028198,0.4424982332537115,27.669843488358847,25.727004713670624,0.9297849741902007
Z500,All India,Week 1,2026-03-26,ECMWF,12.861088739334543,11.419669476914326,-0.1262225027908337,19.228888920443882,6.176970248959998,0.3212338619519889
Z500,northwest_india,Week 1,2026-03-26,ECMWF,13.8071053512938,14.749435317580105,0.0638892232818653,20.848675678567012,8.203035344234634,0.39345594275168133
Z500,central_india,Week 1,2026-03-26,ECMWF,10.944413547690806,9.227347307395904,-0.18608449244330916,15.424197399255032,5.353185012712028,0.34706408859695864
Z500,south_peninsula,Week 1,2026-03-26,ECMWF,8.647206035830388,7.822998014112569,-0.10535705368082171,11.768698691327494,3.664765481684953,0.31139938049272736
Z500,east_northeast_india,Week 1,2026-03-26,ECMWF,20.418509906393634,13.632505976671325,-0.4977811079881338,28.58341694394536,6.760433657620367,0.23651593757590925
Z500,All India,Week 2,2026-03-26,ECMWF,14.881187723938714,19.135935531957177,0.222343339363419,29.661279254356323,23.997363581527548,0.8090468174262267
Z500,northwest_india,Week 2,2026-03-26,ECMWF,23.289248811594035,31.04516311871739,0.24982681770633852,41.75816979612652,33.592943271094796,0.8044639751958399
Z500,central_india,Week 2,2026-03-26,ECMWF,13.525266796665075,15.709223136602132,0.13902382829157778,25.908899569959708,22.39427192678955,0.8643467031982623
Z500,south_peninsula,Week 2,2026-03-26,ECMWF,4.741104932025499,6.048364771015476,0.2161344245066914,8.484805680365838,10.095755842591592,1.189862941228407
Z500,east_northeast_india,Week 2,2026-03-26,ECMWF,12.233646537270202,17.241310186220915,0.2904456560936296,21.78366396527058,24.0017787467197,1.101824687756175
Z500,All India,Week 3,2026-03-26,ECMWF,13.03627545666042,21.429182469176883,0.3916578257051373,22.79370540931875,29.880534979033545,1.3109116943670547
Z500,northwest_india,Week 3,2026-03-26,ECMWF,16.43538578365143,21.41497139368227,0.2325282401030846,27.55577560587005,42.044846085530686,1.5258088426505445
Z500,central_india,Week 3,2026-03-26,ECMWF,12.516730139260877,25.31454119336686,0.5055517679087693,21.263353569856324,25.781988170533484,1.2125080874863943
Z500,south_peninsula,Week 3,2026-03-26,ECMWF,6.708530152330725,20.0498284429809,0.6654071045341405,11.856516240101161,12.120835496881838,1.0222931636433554
Z500,east_northeast_india,Week 3,2026-03-26,ECMWF,14.673637391488999,14.298031324025043,-0.026269775114621696,24.930637850757083,34.77800412428346,1.3949905466709644
Z500,All India,Week 4,2026-03-26,ECMWF,9.289644716880124,22.49124967124393,0.5869662712091382,15.23924134051916,25.935858773594653,1.7019127261036664
Z500,northwest_india,Week 4,2026-03-26,ECMWF,12.757056129527184,33.022282277966845,0.6136833904409158,19.638245772202122,38.11200003221934,1.9407028751094848
Z500,central_india,Week 4,2026-03-26,ECMWF,8.145888170384497,19.890858050653456,0.5904707504502609,13.535291954253003,20.75067732962947,1.5330794045494733
Z500,south_peninsula,Week 4,2026-03-26,ECMWF,5.285197866123142,8.48527234627744,0.37713279545566947,8.785532752990298,12.650242861113371,1.4398947925847363
Z500,east_northeast_india,Week 4,2026-03-26,ECMWF,9.313142559319434,22.861375368684254,0.5926254475451782,14.216738276188838,27.723082968820314,1.950031183682464
Z500,All India,Week 5,2026-03-26,ECMWF,10.756856332738394,27.538611363129853,0.6093900236690859,20.296535527089713,23.314196293981173,1.1486786137892253
Z500,northwest_india,Week 5,2026-03-26,ECMWF,16.475591039937317,45.046628022329415,0.6342547319686074,28.55656861175335,32.42546997752613,1.1354820118051723
Z500,central_india,Week 5,2026-03-26,ECMWF,7.273994127068936,20.14351164349002,0.6388914576659852,12.208938126776744,20.07836136000903,1.6445624632967057
Z500,south_peninsula,Week 5,2026-03-26,ECMWF,4.565012417645925,9.436155861580048,0.5162211726246824,7.413755005966071,12.791926233854046,1.7254314748140447
Z500,east_northeast_india,Week 5,2026-03-26,ECMWF,13.930378843408826,28.724382147028198,0.5150329510272842,23.991028311074526,23.902236486978524,0.9962989571374473
Z500,All India,Week 6,2026-03-26,ECMWF,22.998107983429236,12.10883869015957,-0.8992827117367574,37.25865162152178,22.032873408052353,0.5913491886895195
Z500,northwest_india,Week 6,2026-03-26,ECMWF,31.03212691093197,15.734543755814968,-0.9722292169713227,47.25012402206027,30.022015024464253,0.6353848936025541
Z500,central_india,Week 6,2026-03-26,ECMWF,19.749669277801626,9.820972890893504,-1.010968719414194,30.585837672370825,19.267145039645236,0.6299368108217572
Z500,south_peninsula,Week 6,2026-03-26,ECMWF,10.578062277573865,7.126766854265077,-0.4842722505007062,17.3453906741572,12.68201573667258,0.7311461572074848
Z500,east_northeast_india,Week 6,2026-03-26,ECMWF,28.329404077509203,15.617625059449692,-0.81393803281044,43.9500544676003,22.539829743671437,0.5128510081890263
Z500,All India,Week 1,2026-01-01,NCEP,7.540860598194536,31.12200692333109,0.757700053959521,12.384558267399873,5.251749718190159,0.42405628079722857
Z500,northwest_india,Week 1,2026-01-01,NCEP,10.622482334412998,47.27261954087786,0.7752931308317395,16.012807541816837,6.2899800649323225,0.39280932144511693
Z500,central_india,Week 1,2026-01-01,NCEP,6.3851648555490375,25.800522184814373,0.7525179990617706,10.680222074473944,5.160703946021678,0.48320193250999127
Z500,south_peninsula,Week 1,2026-01-01,NCEP,3.4712775199612977,9.393010360919702,0.6304403608023474,5.659446058231613,3.5106119154157995,0.6203101645097662
Z500,east_northeast_india,Week 1,2026-01-01,NCEP,8.515312674752813,35.04685053725003,0.7570305877926978,13.006729199398817,5.358837401208709,0.41200499518790623
Z500,All India,Week 2,2026-01-01,NCEP,36.68071952591282,15.039826528706302,-1.43890575838098,53.817618668727604,17.931112292484297,0.33318293778211566
Z500,northwest_india,Week 2,2026-01-01,NCEP,42.658251177203276,22.68547014210235,-0.8804217373495427,64.42621489606701,24.916947600617906,0.3867516916959062
Z500,central_india,Week 2,2026-01-01,NCEP,30.07423775592283,12.585539844761229,-1.3895866309176501,42.543269806624046,15.745943852092692,0.3701159765966326
Z500,south_peninsula,Week 2,2026-01-01,NCEP,21.45119213743318,7.058458535295535,-2.0390760291595345,28.523040507878278,7.412667677025818,0.25988350277658456
Z500,east_northeast_india,Week 2,2026-01-01,NCEP,57.67342365751038,13.881145986704825,-3.1548027599990096,72.32538943496046,20.75569440930996,0.28697660076859716
Z500,All India,Week 3,2026-01-01,NCEP,32.51164200434078,20.33169521760352,-0.5990620386730792,54.31992450928124,28.62783703410125,0.5270227691352889
Z500,northwest_india,Week 3,2026-01-01,NCEP,43.426131409379835,31.339098443554395,-0.38568540788101124,68.159319442396,37.64112113909956,0.552252009659684
Z500,central_india,Week 3,2026-01-01,NCEP,28.839957909973986,18.499894738616558,-0.5589255137637972,48.25886087245332,26.90452165943584,0.5575042836287343
Z500,south_peninsula,Week 3,2026-01-01,NCEP,14.91220399690809,7.521776068307406,-0.9825376163137653,24.400657770395735,13.204717614268986,0.5411623628560416
Z500,east_northeast_india,Week 3,2026-01-01,NCEP,38.96401076121947,16.41664136800367,-1.3734459374352315,60.000928866775475,32.07215809625591,0.5345276931873523
Z500,All India,Week 4,2026-01-01,NCEP,24.50591416352736,21.955787123932378,-0.116148285880185,43.81237268006524,29.041032088320897,0.662850019568437
Z500,northwest_india,Week 4,2026-01-01,NCEP,25.59859112290565,40.642670502816415,0.37015479528758466,44.36960505316488,39.81821316104488,0.8974209509715853
Z500,central_india,Week 4,2026-01-01,NCEP,13.714329070918527,15.158383199294434,0.09526438996760034,24.057774129041174,24.944865325082485,1.036873369551278
Z500,south_peninsula,Week 4,2026-01-01,NCEP,15.377698502551612,7.9387093884737014,-0.9370527059321077,22.742447347304367,12.181268544039975,0.5356181926253335
Z500,east_northeast_india,Week 4,2026-01-01,NCEP,58.1389532258784,14.117094995254453,-3.1183368990165583,81.36979345776297,35.84286118917247,0.44049345175955995
Z500,All India,Week 5,2026-01-01,NCEP,21.248203483911585,13.998327510322524,-0.5179101552126797,38.21866631999696,29.1830770031267,0.7635817733351251
Z500,northwest_india,Week 5,2026-01-01,NCEP,21.679058149312226,21.904267450076738,0.010281526249521833,37.06938718736195,38.962519228235145,1.0510699578416183
Z500,central_india,Week 5,2026-01-01,NCEP,13.381256515591847,11.245304533035775,-0.18994167532601747,23.283611788796737,26.25104302195816,1.1274472045006887
Z500,south_peninsula,Week 5,2026-01-01,NCEP,11.55894879503747,6.796951899702613,-0.7006077085146372,17.610027253849225,12.30747617039985,0.6988902398041243
Z500,east_northeast_india,Week 5,2026-01-01,NCEP,50.34164886025713,11.983164157175898,-3.2010313970464104,71.975037580937,35.52358226212192,0.49355420234654446
Z500,All India,Week 6,2026-01-01,NCEP,22.147508817923487,12.778407531463275,-0.7331978780134696,39.189885838192204,34.92403387911729,0.8911491608654378
Z500,northwest_india,Week 6,2026-01-01,NCEP,29.692073857039613,16.95991810905451,-0.7507203552585375,49.77361807689499,48.280801699305734,0.970007878967468
Z500,central_india,Week 6,2026-01-01,NCEP,16.15580306112394,11.417962473867016,-0.4149462391473704,28.1260320984644,31.00441653365541,1.102338802185615
Z500,south_peninsula,Week 6,2026-01-01,NCEP,12.308825594827852,6.431768973678083,-0.9137543100819594,19.9265525687425,15.334328132803325,0.7695424524590018
Z500,east_northeast_india,Week 6,2026-01-01,NCEP,31.60439273325709,14.65200181631686,-1.1570016936567393,50.97411511632662,39.08539170322141,0.7667694007836274
Z500,All India,Week 1,2026-01-08,NCEP,27.447171787120613,15.039826528706302,-0.824965981803885,40.965111855547555,6.700689643471291,0.1635706419428188
Z500,northwest_india,Week 1,2026-01-08,NCEP,39.97657017566473,22.68547014210235,-0.7622103454436033,54.2922711229614,8.488171790603419,0.1563421756916259
Z500,central_india,Week 1,2026-01-08,NCEP,18.007216009985623,12.585539844761229,-0.43078614283527816,26.288597976889786,5.7954261662621365,0.22045398432266625
Z500,south_peninsula,Week 1,2026-01-08,NCEP,11.985226889774557,7.058458535295535,-0.6979949417911739,15.656197168890628,3.0371593644842045,0.19399087350018424
Z500,east_northeast_india,Week 1,2026-01-08,NCEP,40.89387997344188,13.881145986704825,-1.9460017215156071,54.26026189789374,9.424146718625229,0.17368413621665643
Z500,All India,Week 2,2026-01-08,NCEP,24.50808745808928,20.33169521760352,-0.20541288838865568,40.72000552950388,18.36852088283459,0.45109328066091714
Z500,northwest_india,Week 2,2026-01-08,NCEP,38.33814044972313,31.339098443554395,-0.22333258944174395,57.17462687256969,23.449172398056913,0.4101324954917541
Z500,central_india,Week 2,2026-01-08,NCEP,19.561926553830034,18.499894738616558,-0.05740745178385254,32.14070585337713,16.47462413730201,0.512578168396727
Z500,south_peninsula,Week 2,2026-01-08,NCEP,10.276558212004236,7.521776068307406,-0.36624091420428684,14.939527327295066,7.647068447937053,0.5118681655988927
Z500,east_northeast_india,Week 2,2026-01-08,NCEP,23.313840916957492,16.41664136800367,-0.42013463011968977,36.79586030607353,24.941298612851085,0.6778289298139952
Z500,All India,Week 3,2026-01-08,NCEP,19.206661898663295,21.955787123932378,0.12521187283112545,33.88846566352192,27.694333360004183,0.8172200428010171
Z500,northwest_india,Week 3,2026-01-08,NCEP,21.72289278552051,40.642670502816415,0.4655151219943783,38.00080723527932,37.839937475458065,0.9957666751965231
Z500,central_india,Week 3,2026-01-08,NCEP,10.764034872295033,15.158383199294434,0.2898955824790035,17.540027868032038,24.83951329759171,1.4161615639655574
Z500,south_peninsula,Week 3,2026-01-08,NCEP,17.09253051445301,7.9387093884737014,-1.1530616222417516,25.10940952638916,11.861407548270753,0.4723889478884322
Z500,east_northeast_india,Week 3,2026-01-08,NCEP,35.63442548390171,14.117094995254453,-1.5242038461794327,55.39458355495337,31.761144584728033,0.5733619163906136
Z500,All India,Week 4,2026-01-08,NCEP,18.646832412043466,13.998327510322524,-0.33207573535431867,32.27936084904008,31.890209045519878,0.9879442531300375
Z500,northwest_india,Week 4,2026-01-08,NCEP,16.20210275747895,21.904267450076738,0.2603220904599487,27.25843016764014,42.93747973488946,1.5752000196204516
Z500,central_india,Week 4,2026-01-08,NCEP,15.761589339525008,11.245304533035775,-0.40161516241926276,26.97387995864818,29.38494945860577,1.0893853425481925
Z500,south_peninsula,Week 4,2026-01-08,NCEP,15.68912680371435,6.796951899702613,-1.30825920724859,23.29752553336149,12.99103276906783,0.5576142732611232
Z500,east_northeast_india,Week 4,2026-01-08,NCEP,34.26024071020064,11.983164157175898,-1.8590312425691446,55.08566229626861,37.00449344305321,0.6717627037691043
Z500,All India,Week 5,2026-01-08,NCEP,16.42542745143997,12.778407531463275,-0.28540488405905995,29.138298123644855,26.745830042259417,0.9178926623911496
Z500,northwest_india,Week 5,2026-01-08,NCEP,20.788033974821854,16.95991810905451,-0.22571546873941584,35.94813406112238,33.684092709207285,0.9370192247512608
Z500,central_india,Week 5,2026-01-08,NCEP,12.92683493487672,11.417962473867016,-0.13214901209065544,23.088439828018835,26.252930591819613,1.1370595322755646
Z500,south_peninsula,Week 5,2026-01-08,NCEP,11.592939223468786,6.431768973678083,-0.8024495703923313,18.660785246672432,13.537201227473076,0.7254357760688025
Z500,east_northeast_india,Week 5,2026-01-08,NCEP,20.90528212164359,14.65200181631686,-0.4267867547192705,35.01732765177277,29.154874601293304,0.8325842249077886
Z500,All India,Week 6,2026-01-08,NCEP,27.037403018282845,12.799024819471219,-1.112458050487621,44.109247212563645,32.046964028392935,0.7265361812673373
Z500,northwest_india,Week 6,2026-01-08,NCEP,31.522598887110803,17.12453939365525,-0.8407852125231539,51.23017671511146,43.474013401777306,0.8486016677930703
Z500,central_india,Week 6,2026-01-08,NCEP,26.51793817619043,11.781020641096305,-1.2509032947185088,41.83100726740019,30.39452119373524,0.7266026610222783
Z500,south_peninsula,Week 6,2026-01-08,NCEP,16.53713831041867,7.472723141141957,-1.2130002675158011,26.419032303085608,14.74179538942141,0.557999067501789
Z500,east_northeast_india,Week 6,2026-01-08,NCEP,31.494697147742688,12.305859758074204,-1.5593252131024955,49.62668558054479,32.39936259047297,0.6528617055815336
Z500,All India,Week 1,2026-01-15,NCEP,14.59031779446639,20.33169521760352,0.2823855739370985,22.795323452044197,5.208235744030709,0.22847825585750373
Z500,northwest_india,Week 1,2026-01-15,NCEP,17.973021705065083,31.339098443554395,0.4264984445089661,27.988720086730865,7.6181655625634175,0.27218699315139827
Z500,central_india,Week 1,2026-01-15,NCEP,13.265603251757625,18.499894738616558,0.2829362848174972,21.51701079821612,4.402245447315794,0.20459372766038508
Z500,south_peninsula,Week 1,2026-01-15,NCEP,10.228335942637807,7.521776068307406,-0.35982989253486863,14.764952884201316,2.2371274196839606,0.15151605543406202
Z500,east_northeast_india,Week 1,2026-01-15,NCEP,15.657261044724988,16.41664136800367,0.04625674072156616,21.17454483020907,5.483681607292083,0.25897518228909855
Z500,All India,Week 2,2026-01-15,NCEP,19.54039687452344,21.955787123932378,0.11001155348131875,34.02100958248274,20.508723163951977,0.6028252369827327
Z500,northwest_india,Week 2,2026-01-15,NCEP,24.428142001439397,40.642670502816415,0.39895332419786245,41.598620128305555,29.957165994397844,0.7201480698638283
Z500,central_india,Week 2,2026-01-15,NCEP,13.768477338563297,15.158383199294434,0.09169222353448825,25.84847823947102,18.642471232709983,0.7212212285767231
Z500,south_peninsula,Week 2,2026-01-15,NCEP,18.999784404798067,7.9387093884737014,-1.3933089719072047,26.81298888596764,8.3022379406736,0.3096349301445654
Z500,east_northeast_india,Week 2,2026-01-15,NCEP,22.72738983975551,14.117094995254453,-0.6099197354268324,39.618662479155525,19.32646164840292,0.4878120673198169
Z500,All India,Week 3,2026-01-15,NCEP,19.80351193148798,13.998327510322524,-0.4147055722824493,32.81084675916287,31.673040192822732,0.9653222431383186
Z500,northwest_india,Week 3,2026-01-15,NCEP,17.47278026761756,21.904267450076738,0.20231159031267465,29.003611718840894,43.94234352490607,1.515064535785414
Z500,central_india,Week 3,2026-01-15,NCEP,17.94300676858612,11.245304533035775,-0.5955998982396822,30.463829554386077,29.92372800085291,0.9822707269101234
Z500,south_peninsula,Week 3,2026-01-15,NCEP,17.941185162280743,6.796951899702613,-1.6395927802675376,26.045399271816322,13.995312992268348,0.5373430004358831
Z500,east_northeast_india,Week 3,2026-01-15,NCEP,31.463160224957864,11.983164157175898,-1.6256137204059522,49.24872151120657,30.870816597262202,0.6268348832210301
Z500,All India,Week 4,2026-01-15,NCEP,24.167221985751837,12.778407531463275,-0.8912545969634145,41.3456379634882,27.7733329989648,0.6717355050487085
Z500,northwest_india,Week 4,2026-01-15,NCEP,34.80372644324333,16.95991810905451,-1.052116420577669,55.085403578361095,39.96211439033652,0.725457413296226
Z500,central_india,Week 4,2026-01-15,NCEP,19.725725807656236,11.417962473867016,-0.7276047151848417,34.995429120163166,25.885744844675706,0.739689310732333
Z500,south_peninsula,Week 4,2026-01-15,NCEP,15.30581362281481,6.431768973678083,-1.3797206780053233,23.2005794283996,11.145495850216149,0.48039730579198625
Z500,east_northeast_india,Week 4,2026-01-15,NCEP,22.11230882599895,14.65200181631686,-0.5091663994590894,37.15979972219171,26.15648208508291,0.703891901480361
Z500,All India,Week 5,2026-01-15,NCEP,39.127757883541506,12.799024819471219,-2.0570889919688455,58.09836181696101,26.272882136784425,0.452213820065309
Z500,northwest_india,Week 5,2026-01-15,NCEP,48.75778260040189,17.12453939365525,-1.8472463684755778,72.00383252607708,35.890893251706636,0.4984580958063351
Z500,central_india,Week 5,2026-01-15,NCEP,36.71524528704292,11.781020641096305,-2.1164740649861313,52.82048221904612,24.25520241343874,0.45920070007790936
Z500,south_peninsula,Week 5,2026-01-15,NCEP,22.904038986216445,7.472723141141957,-2.06501907719765,32.38549218935491,11.880786647226458,0.36685521337025295
Z500,east_northeast_india,Week 5,2026-01-15,NCEP,43.79622293903775,12.305859758074204,-2.558973025862892,60.47326851945192,27.786064440397354,0.45947680885579467
Z500,All India,Week 6,2026-01-15,NCEP,23.29965542207251,25.432836848049185,0.0838750878921436,42.60536627755202,27.248530060074973,0.6395562916315478
Z500,northwest_india,Week 6,2026-01-15,NCEP,36.47589039921199,24.2727404990358,-0.50275122006355,60.94978951280387,36.018883736704446,0.5909599364430598
Z500,central_india,Week 6,2026-01-15,NCEP,14.994433207751916,28.298549597931977,0.4701342146225158,25.50449637875601,25.84695992669336,1.013427575391083
Z500,south_peninsula,Week 6,2026-01-15,NCEP,11.33324612635939,19.770124196679767,0.4267488654288415,18.580218969197016,13.528054975478796,0.7280891036809691
Z500,east_northeast_india,Week 6,2026-01-15,NCEP,28.39070762303232,28.464701933963102,0.0025995111806350613,46.443208553542036,28.3694393287178,0.6108415032525606
Z500,All India,Week 1,2026-01-22,NCEP,16.82650823375214,21.955787123932378,0.23361853807505684,27.586183420220216,7.688238022360531,0.27869886548804645
Z500,northwest_india,Week 1,2026-01-22,NCEP,23.57449322448908,40.642670502816415,0.4199570812440724,37.76305721827532,12.39110874335354,0.328127796214468
Z500,central_india,Week 1,2026-01-22,NCEP,11.27645522222491,15.158383199294434,0.25609116262809695,16.64344500891313,5.900977224687644,0.35455263147307964
Z500,south_peninsula,Week 1,2026-01-22,NCEP,10.400841335923612,7.9387093884737014,-0.3101425971108991,14.091903077420099,2.9800602163379226,0.2114732268569862
Z500,east_northeast_india,Week 1,2026-01-22,NCEP,22.766835224992196,14.117094995254453,-0.6127138928118998,33.381235348361734,7.3595574180446945,0.22046989397610423
Z500,All India,Week 2,2026-01-22,NCEP,19.57326215242915,13.998327510322524,-0.3982571945109592,30.652379103563916,19.739636111237722,0.6439838175217732
Z500,northwest_india,Week 2,2026-01-22,NCEP,14.721062545019086,21.904267450076738,0.3279363220627808,24.86808803912753,28.39871935768366,1.1419743774833442
Z500,central_india,Week 2,2026-01-22,NCEP,19.437446111491123,11.245304533035775,-0.7284944177713437,29.408906476184743,17.51531884393396,0.5955787189203319
Z500,south_peninsula,Week 2,2026-01-22,NCEP,15.9816665473738,6.796951899702613,-1.3512990503983184,21.494252898514173,7.542054692746925,0.35088703610016064
Z500,east_northeast_india,Week 2,2026-01-22,NCEP,34.950843785105896,11.983164157175898,-1.9166623545064452,49.05040398052938,21.08859650763222,0.42993726445155
Z500,All India,Week 3,2026-01-22,NCEP,27.61246234249712,12.778407531463275,-1.1608688151875821,40.983471983903236,22.40750466337645,0.546744909074011
Z500,northwest_india,Week 3,2026-01-22,NCEP,32.20400167033373,16.95991810905451,-0.8988300216579912,47.99112221298328,29.783625321032392,0.6206069778667288
Z500,central_india,Week 3,2026-01-22,NCEP,28.23390763165512,11.417962473867016,-1.4727623423422331,40.41545083849914,20.671172639717952,0.5114670803084772
Z500,south_peninsula,Week 3,2026-01-22,NCEP,19.974602640457856,6.431768973678083,-2.1056156902095853,27.35655880898628,10.251259137928855,0.3747276552400826
Z500,east_northeast_india,Week 3,2026-01-22,NCEP,25.668360859627857,14.65200181631686,-0.7518671633689593,39.77877522621124,25.39206486491221,0.6383319928910415
Z500,All India,Week 4,2026-01-22,NCEP,26.588455905846303,12.799024819471219,-1.0773813849784206,41.09696675962822,20.28266721138988,0.49353197597333737
Z500,northwest_india,Week 4,2026-01-22,NCEP,28.037353791162875,17.12453939365525,-0.6372617766029309,44.62106442403437,26.604090482067072,0.5962226770129947
Z500,central_india,Week 4,2026-01-22,NCEP,27.347816605744622,11.781020641096305,-1.321345275497261,41.0104153998308,18.678896232678937,0.45546713074152384
Z500,south_peninsula,Week 4,2026-01-22,NCEP,20.412941260376492,7.472723141141957,-1.7316603164368076,30.649399698302606,11.44615238879895,0.37345437435868767
Z500,east_northeast_india,Week 4,2026-01-22,NCEP,29.373404871029113,12.305859758074204,-1.3869445490597627,44.47683727362717,21.136840478966793,0.4752325429285868
Z500,All India,Week 5,2026-01-22,NCEP,17.75417318133942,25.432836848049185,0.3019192751711751,31.99170900732573,26.276695033974796,0.8213595287440798
Z500,northwest_india,Week 5,2026-01-22,NCEP,20.88435434184811,24.2727404990358,0.13959635737556253,39.28708024139433,35.325306546894886,0.8991583576545561
Z500,central_india,Week 5,2026-01-22,NCEP,15.010935766325064,28.298549597931977,0.4695510554568477,25.089905645701446,23.087449942181017,0.9201887909903917
Z500,south_peninsula,Week 5,2026-01-22,NCEP,12.598897359277796,19.770124196679767,0.3627304900090774,20.246993290282024,14.06128071561711,0.6944873499990797
Z500,east_northeast_india,Week 5,2026-01-22,NCEP,23.601379798650623,28.464701933963102,0.170854490118856,39.388533404541995,29.002076573525464,0.7363076019017545
Z500,All India,Week 6,2026-01-22,NCEP,35.26364169522395,24.54381721313897,-0.4367627247625676,62.80239934086213,33.03262671891504,0.525977145230222
Z500,northwest_india,Week 6,2026-01-22,NCEP,42.67555964091428,30.34902345640702,-0.40615923613532234,75.78634491513002,45.432261184584945,0.5994781940659977
Z500,central_india,Week 6,2026-01-22,NCEP,39.82133333884839,21.41140062380352,-0.8598191701003506,66.07261563038523,31.358484586144023,0.47460637492490915
Z500,south_peninsula,Week 6,2026-01-22,NCEP,22.22283318854655,15.902169835879278,-0.3974717549806488,38.01454637326371,15.275741602096312,0.4018393762246761
Z500,east_northeast_india,Week 6,2026-01-22,NCEP,24.88793195461539,29.77617967966605,0.16416638325126753,46.482955313905805,31.872471102901617,0.6856808240281287
Z500,All India,Week 1,2026-01-29,NCEP,12.345555374718373,13.998327510322524,0.11806925751561237,17.456736831697988,5.106461076562637,0.29252094052826133
Z500,northwest_india,Week 1,2026-01-29,NCEP,12.783536733330916,21.904267450076738,0.4163905840509571,18.53249309364618,7.066012661202307,0.38127696179338505
Z500,central_india,Week 1,2026-01-29,NCEP,10.698199558152208,11.245304533035775,0.04865185938507177,14.983211324690231,4.562648523180358,0.3045173977932056
Z500,south_peninsula,Week 1,2026-01-29,NCEP,8.644856986453517,6.796951899702613,-0.27187261496315074,11.255981950911272,2.6602539103529734,0.23634134471383034
Z500,east_northeast_india,Week 1,2026-01-29,NCEP,19.75855096085632,11.983164157175898,-0.6488592413235259,25.001880995246346,5.113290103314472,0.20451621637134706
Z500,All India,Week 2,2026-01-29,NCEP,26.79103113214558,12.778407531463275,-1.0965860625574915,40.7157689090641,20.180745740669213,0.49564938306191725
Z500,northwest_india,Week 2,2026-01-29,NCEP,32.27051146781678,16.95991810905451,-0.9027516088411005,49.78737827825882,30.086428931288562,0.6042983176004413
Z500,central_india,Week 2,2026-01-29,NCEP,24.836617374535518,11.417962473867016,-1.175223244197955,36.97942911214386,18.060551639812502,0.48839454998188453
Z500,south_peninsula,Week 2,2026-01-29,NCEP,18.492753296543032,6.431768973678083,-1.8752203899462723,25.32701828846035,8.121052781815337,0.3206478034374658
Z500,east_northeast_india,Week 2,2026-01-29,NCEP,29.61561291931078,14.65200181631686,-1.0212673524466838,42.3397263684145,18.397440289814543,0.43451958403630736
Z500,All India,Week 3,2026-01-29,NCEP,33.259592995164056,12.799024819471219,-1.5986036799120877,52.074458299251056,26.500528696958376,0.5088968673408075
Z500,northwest_india,Week 3,2026-01-29,NCEP,40.45667337547085,17.12453939365525,-1.3624970252023423,63.23446196010622,34.52599351618771,0.5459996407966545
Z500,central_india,Week 3,2026-01-29,NCEP,33.76265051258148,11.781020641096305,-1.8658510617327662,50.45377000311694,24.02169397003928,0.47611296377961976
Z500,south_peninsula,Week 3,2026-01-29,NCEP,21.692814083194687,7.472723141141957,-1.9029329300000888,32.52226683245756,14.02324102695088,0.4311889174021393
Z500,east_northeast_india,Week 3,2026-01-29,NCEP,30.784313935085468,12.305859758074204,-1.5015979817978224,48.364398155015536,30.163074001424743,0.6236627592210974
Z500,All India,Week 4,2026-01-29,NCEP,17.50239772175509,25.432836848049185,0.31181889671511,33.02135783330387,27.78304103733432,0.8413657965728346
Z500,northwest_india,Week 4,2026-01-29,NCEP,23.40494786930952,24.2727404990358,0.035751736799590206,44.083440682187145,36.62316035535712,0.830769100338293
Z500,central_india,Week 4,2026-01-29,NCEP,13.24358187010824,28.298549597931977,0.5320049239881868,22.578535495127028,26.769438882994603,1.1856144916384002
Z500,south_peninsula,Week 4,2026-01-29,NCEP,11.216100062109328,19.770124196679767,0.4326742740446222,18.650713409412962,15.05957465418598,0.8074530085581314
Z500,east_northeast_india,Week 4,2026-01-29,NCEP,22.16515666168783,28.464701933963102,0.22131077595296622,38.44898597866235,26.6243303533443,0.6924585831241359
Z500,All India,Week 5,2026-01-29,NCEP,38.85292587289397,24.54381721313897,-0.5830025759845925,62.21929927862561,28.649626969893323,0.4604620640550257
Z500,northwest_india,Week 5,2026-01-29,NCEP,47.35882956010878,30.34902345640702,-0.5604729301466469,74.39681785841601,38.163958185107276,0.5129783676734239
Z500,central_india,Week 5,2026-01-29,NCEP,47.010335881040234,21.41140062380352,-1.1955749979652346,68.13908107064218,26.597714855158745,0.39034449008174854
Z500,south_peninsula,Week 5,2026-01-29,NCEP,21.23119790705989,15.902169835879278,-0.3351132660624081,35.894428614244596,14.353481645581658,0.39988048841333335
Z500,east_northeast_india,Week 5,2026-01-29,NCEP,23.56236777435089,29.77617967966605,0.20868398740750915,41.08827679993354,30.348086233724835,0.7386069360244848
Z500,All India,Week 6,2026-01-29,NCEP,70.49146619124572,36.85041657796223,-0.9129082582312504,95.02534967633022,32.3520684111894,0.340457241371751
Z500,northwest_india,Week 6,2026-01-29,NCEP,97.83863447932761,58.260341154468435,-0.6793350766677344,123.57697750276857,43.901639465622225,0.35525743024940604
Z500,central_india,Week 6,2026-01-29,NCEP,66.88131094926747,33.33567170765709,-1.0062985841651741,86.21586113625953,29.632812493302165,0.34370488333311544
Z500,south_peninsula,Week 6,2026-01-29,NCEP,28.674031757651452,9.603921549580217,-1.9856586821978754,39.42752741999487,14.775675946569299,0.37475532739281325
Z500,east_northeast_india,Week 6,2026-01-29,NCEP,71.04888210224495,32.02549886290199,-1.21850976955576,91.3699062426975,35.212208762381245,0.3853808131186026
Z500,All India,Week 1,2026-02-05,NCEP,18.518837828105763,12.778407531463275,-0.44922892641420886,26.81591725040362,6.353960017312112,0.2369473308699323
Z500,northwest_india,Week 1,2026-02-05,NCEP,24.655241414458203,16.95991810905451,-0.4537358763127126,33.64592960093201,8.993074883565333,0.26728567140900816
Z500,central_india,Week 1,2026-02-05,NCEP,14.595782220898286,11.417962473867016,-0.27831758549781016,21.594355971974263,5.333444308371435,0.246983254110163
Z500,south_peninsula,Week 1,2026-02-05,NCEP,11.093384364899956,6.431768973678083,-0.724779669527849,15.104286981687194,3.3744041473999515,0.22340704672065365
Z500,east_northeast_india,Week 1,2026-02-05,NCEP,23.321127183065222,14.65200181631686,-0.5916683246035497,31.713115489853745,6.629571583251081,0.20904825908296956
Z500,All India,Week 2,2026-02-05,NCEP,27.313606222473712,12.799024819471219,-1.1340380699099346,39.57491531266294,18.02958178396729,0.4555810578879065
Z500,northwest_india,Week 2,2026-02-05,NCEP,29.417002860092797,17.12453939365525,-0.7178273928344012,45.02405488432065,23.71160687997412,0.5266430787030588
Z500,central_india,Week 2,2026-02-05,NCEP,29.062880497126667,11.781020641096305,-1.466923824557714,40.018559027156975,16.193984700144423,0.40466186424041484
Z500,south_peninsula,Week 2,2026-02-05,NCEP,20.86790334483562,7.472723141141957,-1.792543354101388,27.2172788966859,7.189731036878982,0.26416053802330824
Z500,east_northeast_india,Week 2,2026-02-05,NCEP,26.74315651170902,12.305859758074204,-1.1732050451950031,38.803775461219416,23.30299028692611,0.6005340977765211
Z500,All India,Week 3,2026-02-05,NCEP,17.35910922335032,25.432836848049185,0.3174528926102932,30.43092231917706,23.818737159567384,0.7827149275905191
Z500,northwest_india,Week 3,2026-02-05,NCEP,20.685033318920627,24.2727404990358,0.1478080804372992,36.25811954698543,30.78472429355358,0.8490435984596748
Z500,central_india,Week 3,2026-02-05,NCEP,14.797055682317977,28.298549597931977,0.477109042952529,25.083299015460657,22.25250069549,0.8871440986201284
Z500,south_peninsula,Week 3,2026-02-05,NCEP,11.796346995888518,19.770124196679767,0.4033245882254185,19.452190995888962,12.223377702258874,0.6283805101873702
Z500,east_northeast_india,Week 3,2026-02-05,NCEP,22.871828591024066,28.464701933963102,0.19648452163364527,37.909833325154715,26.6124234419837,0.7019926258637829
Z500,All India,Week 4,2026-02-05,NCEP,37.61275367834482,24.54381721313897,-0.5324736715448524,64.16774560728099,30.70218743332865,0.4784676030420637
Z500,northwest_india,Week 4,2026-02-05,NCEP,48.10446161934878,30.34902345640702,-0.585041498565694,78.18206691024882,35.05556028523638,0.44838364692352456
Z500,central_india,Week 4,2026-02-05,NCEP,42.88380573265173,21.41140062380352,-1.002849159011899,68.09983661050204,33.53780867547048,0.49248001676260167
Z500,south_peninsula,Week 4,2026-02-05,NCEP,19.169170424964282,15.902169835879278,-0.20544369874064805,34.94578081932634,18.6599116387408,0.533967511992783
Z500,east_northeast_india,Week 4,2026-02-05,NCEP,25.603430170237395,29.77617967966605,0.14013716851252744,46.64706323449227,29.699376705035295,0.6366826686545759
Z500,All India,Week 5,2026-02-05,NCEP,70.0093240887913,36.85041657796223,-0.899824495624812,93.38298088416003,28.242847931489997,0.3024410622158738
Z500,northwest_india,Week 5,2026-02-05,NCEP,102.32170097781565,58.260341154468435,-0.7562839308909164,123.6549049553061,34.57858957531922,0.27963783230287004
Z500,central_india,Week 5,2026-02-05,NCEP,64.69747717718168,33.33567170765709,-0.9407881666389488,83.84147396229862,28.512423739882372,0.3400754112779993
Z500,south_peninsula,Week 5,2026-02-05,NCEP,25.508961555234727,9.603921549580217,-1.656098493052529,36.33501976792959,14.100011493567022,0.38805569898195375
Z500,east_northeast_india,Week 5,2026-02-05,NCEP,66.94932468147137,32.02549886290199,-1.0905006029125368,86.27390355184612,31.38802826758479,0.3638183387485443
Z500,All India,Week 6,2026-02-05,NCEP,16.75652168615189,17.95051983530738,0.06651607642063839,30.104130425730148,25.160772308508616,0.8357913665894691
Z500,northwest_india,Week 6,2026-02-05,NCEP,22.327622184154357,23.77813295116693,0.06100187806971569,38.82587160200378,33.12559443786392,0.8531835364168444
Z500,central_india,Week 6,2026-02-05,NCEP,16.33476885771646,15.763676368443075,-0.036228382004634296,28.1545894773925,23.540021535442516,0.8360989086466568
Z500,south_peninsula,Week 6,2026-02-05,NCEP,8.12294748305368,13.870273842158246,0.41436286150571555,14.22661809500997,13.749818482603866,0.9664853861106074
Z500,east_northeast_india,Week 6,2026-02-05,NCEP,16.295864016824222,15.296964776469313,-0.06530048640050956,26.992729421447518,25.667970026262395,0.9509216213558414
Z500,All India,Week 1,2026-02-12,NCEP,21.567903347330223,12.799024819471219,-0.6851208315901431,29.064690026757624,6.28728322769743,0.21632032620713354
Z500,northwest_india,Week 1,2026-02-12,NCEP,28.92795314172766,17.12453939365525,-0.6892689769189149,37.55494050327285,8.226098421498582,0.21904171092433738
Z500,central_india,Week 1,2026-02-12,NCEP,17.85405364017638,11.781020641096305,-0.5154929427672186,22.852153224223706,5.811488654088909,0.2543081431787628
Z500,south_peninsula,Week 1,2026-02-12,NCEP,13.704486818828624,7.472723141141957,-0.8339347731721731,17.06240852542877,2.8292025170572472,0.1658149558921167
Z500,east_northeast_india,Week 1,2026-02-12,NCEP,23.764518344900498,12.305859758074204,-0.9311546541319846,32.176895241938766,7.443144114280772,0.23131952471845438
Z500,All India,Week 2,2026-02-12,NCEP,19.085907201339747,25.432836848049185,0.24955649598311624,29.393576027691758,14.86973647900499,0.5058838864994234
Z500,northwest_india,Week 2,2026-02-12,NCEP,15.83581506630981,24.2727404990358,0.3475884988372506,26.49839232835023,21.17609583675044,0.7991464378046231
Z500,central_india,Week 2,2026-02-12,NCEP,19.120768918070393,28.298549597931977,0.3243198259366722,28.762814714643728,12.588958112698522,0.43768171639645653
Z500,south_peninsula,Week 2,2026-02-12,NCEP,21.922005439982133,19.770124196679767,-0.10884510496215083,30.894341888741103,7.233733241267429,0.2341442736446066
Z500,east_northeast_india,Week 2,2026-02-12,NCEP,22.575643532714093,28.464701933963102,0.20688986713830249,34.47678370068522,15.809966210903012,0.4585684775053072
Z500,All India,Week 3,2026-02-12,NCEP,34.27107168352143,24.54381721313897,-0.39632198960376863,57.77937568919544,23.621839925219952,0.4088282305486586
Z500,northwest_india,Week 3,2026-02-12,NCEP,45.12045451775503,30.34902345640702,-0.4867184963155575,72.46730010559648,28.74119018953849,0.39660909331047195
Z500,central_india,Week 3,2026-02-12,NCEP,37.231541520853554,21.41140062380352,-0.7388652977452788,58.59920809521259,23.76090773617673,0.4054817208036287
Z500,south_peninsula,Week 3,2026-02-12,NCEP,17.585899617936054,15.902169835879278,-0.10588050558093398,29.529185664626624,11.392564973740898,0.3858069471718684
Z500,east_northeast_india,Week 3,2026-02-12,NCEP,24.572419610543704,29.77617967966605,0.174762515712382,44.84807067783142,27.340781547209225,0.6096311643730057
Z500,All India,Week 4,2026-02-12,NCEP,73.61924533404071,36.85041657796223,-0.9977859728746585,93.11209041229448,23.663785010270093,0.25414298943873287
Z500,northwest_india,Week 4,2026-02-12,NCEP,98.2668233315252,58.260341154468435,-0.6866846534761213,116.9761198557993,29.98391216251969,0.2563250704458478
Z500,central_india,Week 4,2026-02-12,NCEP,70.91385252538474,33.33567170765709,-1.1272663454114848,86.56937602432572,23.465160718527276,0.2710561378186859
Z500,south_peninsula,Week 4,2026-02-12,NCEP,28.314183751490525,9.603921549580217,-1.9481898207225696,38.7475854511306,13.180182586803033,0.34015493954910303
Z500,east_northeast_india,Week 4,2026-02-12,NCEP,82.34539472188358,32.02549886290199,-1.571244715793378,96.57371906347927,23.359439690120333,0.24188195211541808
Z500,All India,Week 5,2026-02-12,NCEP,17.79517805618419,17.95051983530738,0.008653887494535994,32.63317546678865,23.48969594169005,0.7198103036462364
Z500,northwest_india,Week 5,2026-02-12,NCEP,23.196016911911872,23.77813295116693,0.02448114998980566,41.18288504106442,31.06677555852513,0.7543613209115321
Z500,central_india,Week 5,2026-02-12,NCEP,16.806956437758142,15.763676368443075,-0.06618253540167718,30.456331874209994,22.083776916770876,0.7250964104272556
Z500,south_peninsula,Week 5,2026-02-12,NCEP,10.680595285205014,13.870273842158246,0.22996507446437775,19.100694352278527,15.15883207863025,0.793627278624138
Z500,east_northeast_india,Week 5,2026-02-12,NCEP,17.110635871511775,15.296964776469313,-0.118564115270263,29.52162435465262,20.519995375161777,0.695083547187261
Z500,All India,Week 6,2026-02-12,NCEP,15.35515505137202,19.88571219285214,0.22782976528789423,28.575251085737975,27.106881383410634,0.9486139352574154
Z500,northwest_india,Week 6,2026-02-12,NCEP,21.664584668437612,22.082656623932856,0.018932140394835595,39.40106867178457,35.83740058738778,0.9095540246869304
Z500,central_india,Week 6,2026-02-12,NCEP,11.903299885368655,21.74831972535497,0.45267956165407297,20.9820231823002,25.70881750579935,1.2252782909651214
Z500,south_peninsula,Week 6,2026-02-12,NCEP,12.496009046255779,14.390981073876134,0.1316777513563886,20.56455520995931,15.953722676412395,0.7757873930911031
Z500,east_northeast_india,Week 6,2026-02-12,NCEP,13.020465507165122,17.668570814710574,0.263071946015889,23.64310701527644,25.112020846423604,1.0621286292955516
Z500,All India,Week 1,2026-02-19,NCEP,23.83412704048525,25.432836848049185,0.06286006618591444,33.74850863003132,7.521631175489362,0.22287299441718714
Z500,northwest_india,Week 1,2026-02-19,NCEP,32.266946781152164,24.2727404990358,-0.32934914302049734,43.87658285725692,9.029718300624765,0.20579812083363516
Z500,central_india,Week 1,2026-02-19,NCEP,18.30046542671073,28.298549597931977,0.35330730066645866,25.86254477967912,7.775781043127556,0.300658002117301
Z500,south_peninsula,Week 1,2026-02-19,NCEP,16.82479043355469,19.770124196679767,0.1489790217716347,23.77084416007862,4.0571709299624255,0.1706784539345954
Z500,east_northeast_india,Week 1,2026-02-19,NCEP,26.78341088969866,28.464701933963102,0.05906582293273133,34.78812645371108,7.9581605499224395,0.22876082621211383
Z500,All India,Week 2,2026-02-19,NCEP,55.129282372381795,24.54381721313897,-1.2461576328424413,76.52906949349743,17.624528143352048,0.23029847690555783
Z500,northwest_india,Week 2,2026-02-19,NCEP,74.94999053428906,30.34902345640702,-1.469601390698661,94.1058375405333,18.078693039509183,0.1921102187919248
Z500,central_india,Week 2,2026-02-19,NCEP,60.6727508536024,21.41140062380352,-1.8336656680997874,80.90330868644949,19.178726678788134,0.23705738356286016
Z500,south_peninsula,Week 2,2026-02-19,NCEP,27.747917605282016,15.902169835879278,-0.7449139263168831,43.99926078550161,11.399244470708327,0.25907809056793385
Z500,east_northeast_india,Week 2,2026-02-19,NCEP,33.243817487304874,29.77617967966605,-0.11645677333169946,51.10132545675211,20.827709525130903,0.4075766986270784
Z500,All India,Week 3,2026-02-19,NCEP,80.08199859044278,36.85041657796223,-1.173163997237808,99.34699261277423,24.666594826524396,0.24828728256191537
Z500,northwest_india,Week 3,2026-02-19,NCEP,108.24884982550415,58.260341154468435,-0.8580194980063502,125.1697962127678,27.58629575401463,0.2203909935838077
Z500,central_india,Week 3,2026-02-19,NCEP,77.41874025181097,33.33567170765709,-1.3223992883883646,94.16762313788624,25.89648051739686,0.27500407947514593
Z500,south_peninsula,Week 3,2026-02-19,NCEP,37.27879957474466,9.603921549580217,-2.881622666563129,47.68428934562117,14.499750182863037,0.304078143594994
Z500,east_northeast_india,Week 3,2026-02-19,NCEP,77.911992607588,32.02549886290199,-1.432811209003225,94.6035833429794,28.13069068855628,0.29735333160235816
Z500,All India,Week 4,2026-02-19,NCEP,19.919448686896622,17.95051983530738,-0.10968645307510827,36.014235006758256,27.964929088587002,0.7764965459724257
Z500,northwest_india,Week 4,2026-02-19,NCEP,25.404398614440282,23.77813295116693,-0.06839332871984549,44.06152900440501,32.962716236418494,0.7481064997341123
Z500,central_india,Week 4,2026-02-19,NCEP,19.907154842466753,15.763676368443075,-0.26284975516995557,35.05633523751702,27.843022516594722,0.7942365432082398
Z500,south_peninsula,Week 4,2026-02-19,NCEP,10.217135311243698,13.870273842158246,0.2633789766868879,18.247284442625677,18.814960916524374,1.031110189337138
Z500,east_northeast_india,Week 4,2026-02-19,NCEP,20.041213307261053,15.296964776469313,-0.31014312970698743,35.282153480767136,28.713867477907844,0.8138354563181703
Z500,All India,Week 5,2026-02-19,NCEP,14.43382695761247,19.88571219285214,0.27416092430420136,24.8818983701934,27.414576494498654,1.101787978016147
Z500,northwest_india,Week 5,2026-02-19,NCEP,15.9142385640079,22.082656623932856,0.2793331511227556,27.88716107590321,36.655303085499945,1.314415009320297
Z500,central_india,Week 5,2026-02-19,NCEP,14.372255123689866,21.74831972535497,0.33915560810271816,24.6391010096666,24.458502180121908,0.9926702346212292
Z500,south_peninsula,Week 5,2026-02-19,NCEP,14.86120818430098,14.390981073876134,-0.032675125344890255,24.45603869073688,17.794510633544608,0.727612139421605
Z500,east_northeast_india,Week 5,2026-02-19,NCEP,10.809280436069338,17.668570814710574,0.38821987644469236,18.065442140456124,25.95787705613983,1.4368802520481478
Z500,All India,Week 6,2026-02-19,NCEP,15.997977034794326,11.419669476914326,-0.40091419170540576,26.649370877455222,23.43770064455908,0.8794842006715758
Z500,northwest_india,Week 6,2026-02-19,NCEP,14.576899805530825,14.749435317580105,0.011697770683032904,24.044956817929872,30.759183639995424,1.2792363851141908
Z500,central_india,Week 6,2026-02-19,NCEP,18.88501760189666,9.227347307395904,-1.0466356118144526,30.596862014990364,21.394805148519897,0.6992483457302879
Z500,south_peninsula,Week 6,2026-02-19,NCEP,13.596422397389631,7.822998014112569,-0.7380066277483253,23.647935811242792,16.368774973505573,0.6921862061940928
Z500,east_northeast_india,Week 6,2026-02-19,NCEP,15.492945843928721,13.632505976671325,-0.13647086386326035,25.88473957167941,20.91149594539283,0.807869667279642
Z500,All India,Week 1,2026-02-26,NCEP,23.173706674168553,24.54381721313897,0.05582304199352328,32.54192367394428,6.671666726807986,0.20501758880806012
Z500,northwest_india,Week 1,2026-02-26,NCEP,30.50668522566403,30.34902345640702,-0.005194953619626963,41.83153331916799,9.219348413394787,0.2203923136895943
Z500,central_india,Week 1,2026-02-26,NCEP,19.83000888170085,21.41140062380352,0.07385746359556711,27.20380775847731,4.626520459512463,0.17006885582297707
Z500,south_peninsula,Week 1,2026-02-26,NCEP,19.070642324991233,15.902169835879278,-0.19924780843197176,24.559823699939002,3.984688994563721,0.16224420188218278
Z500,east_northeast_india,Week 1,2026-02-26,NCEP,19.90422203845439,29.77617967966605,0.33153875841074243,29.08519964413724,9.124338694115341,0.31371071217503405
Z500,All India,Week 2,2026-02-26,NCEP,49.867290487714044,36.85041657796223,-0.3532354615913986,67.7468712419966,18.52458708809709,0.27343826731017523
Z500,northwest_india,Week 2,2026-02-26,NCEP,72.95877664605077,58.260341154468435,-0.2522888675267394,91.17512750363852,26.613138367796985,0.2918903334326013
Z500,central_india,Week 2,2026-02-26,NCEP,39.46777456747869,33.33567170765709,-0.18395018146321251,52.065594367021845,15.67711453442043,0.30110315122706555
Z500,south_peninsula,Week 2,2026-02-26,NCEP,17.961883770064645,9.603921549580217,-0.8702655657208851,24.19811750928752,8.962611563716983,0.3703846615455532
Z500,east_northeast_india,Week 2,2026-02-26,NCEP,62.89993722085823,32.02549886290199,-0.9640579992251384,75.72047971075847,19.26393224679432,0.25440848130360266
Z500,All India,Week 3,2026-02-26,NCEP,17.027261220181558,17.95051983530738,0.05143353081674207,30.600855035896814,22.536118822927456,0.7364538930853765
Z500,northwest_india,Week 3,2026-02-26,NCEP,21.971428326468356,23.77813295116693,0.07598176982225635,38.78612583001314,27.56749342720962,0.710756561457798
Z500,central_india,Week 3,2026-02-26,NCEP,15.547801224682221,15.763676368443075,0.01369446686897291,27.15386437133834,21.999017632112366,0.8101615788923562
Z500,south_peninsula,Week 3,2026-02-26,NCEP,8.49940047145365,13.870273842158246,0.3872218697211298,14.649397182140204,13.99807893931575,0.9555395874160264
Z500,east_northeast_india,Week 3,2026-02-26,NCEP,20.221386757005025,15.296964776469313,-0.3219215087760905,32.389435044626886,23.399000753056274,0.7224269494301648
Z500,All India,Week 4,2026-02-26,NCEP,14.551689672970943,19.88571219285214,0.2682339193161256,24.696122804288507,22.667285311625164,0.9178479347247563
Z500,northwest_india,Week 4,2026-02-26,NCEP,17.00795257938311,22.082656623932856,0.22980496101405912,29.20446774521847,30.74835284389722,1.0528646887917184
Z500,central_india,Week 4,2026-02-26,NCEP,14.031973809072431,21.74831972535497,0.35480193475758715,23.605051723895574,18.783242873152798,0.7957297909302345
Z500,south_peninsula,Week 4,2026-02-26,NCEP,13.455516146479486,14.390981073876134,0.06500355483718845,20.978530617911034,14.15088328914668,0.6745412034275151
Z500,east_northeast_india,Week 4,2026-02-26,NCEP,11.738592351100701,17.668570814710574,0.3356229842128864,20.270049705777826,24.490592077344537,1.2082156892966907
Z500,All India,Week 5,2026-02-26,NCEP,13.24004592142047,11.419669476914326,-0.15940710439878902,22.59720316498125,23.43657566628897,1.037144972994202
Z500,northwest_india,Week 5,2026-02-26,NCEP,11.150190329616825,14.749435317580105,0.2440259515341091,18.824184223585043,27.91378654573894,1.4828683258829047
Z500,central_india,Week 5,2026-02-26,NCEP,14.628487245031701,9.227347307395904,-0.5853404838578771,24.593348782233274,22.68261851509111,0.9223070317075927
Z500,south_peninsula,Week 5,2026-02-26,NCEP,12.146197818648613,7.822998014112569,-0.5526269847872973,20.297364290086975,15.804959506724844,0.7786705347966694
Z500,east_northeast_india,Week 5,2026-02-26,NCEP,15.992943693155917,13.632505976671325,-0.1731477485154893,27.55863691840029,24.877423642500286,0.9027087847690386
Z500,All India,Week 6,2026-02-26,NCEP,25.695067696099226,19.135935531957177,-0.342765168349791,41.81624802610165,22.556531632010394,0.5394202659676841
Z500,northwest_india,Week 6,2026-02-26,NCEP,38.12502715882898,31.04516311871739,-0.22805046998909395,58.771185804882485,28.2859811845233,0.4812899518214827
Z500,central_india,Week 6,2026-02-26,NCEP,18.079045917221908,15.709223136602132,-0.1508555044391815,29.780751947250966,22.144674150768168,0.7435901615241896
Z500,south_peninsula,Week 6,2026-02-26,NCEP,24.804311331124403,6.048364771015476,-3.1009946109715107,33.126131812448506,13.770088025687203,0.41568656744016597
Z500,east_northeast_india,Week 6,2026-02-26,NCEP,17.058642526566484,17.241310186220915,0.010594766736487182,28.341076432126293,21.917636401086792,0.7733522914550222
Z500,All India,Week 1,2026-03-05,NCEP,25.470100924277343,36.85041657796223,0.3088246134099524,32.806274227826336,4.931232252893338,0.15031369361384717
Z500,northwest_india,Week 1,2026-03-05,NCEP,36.59167888307814,58.260341154468435,0.3719281734711978,43.64273141403452,7.844189063934857,0.1797364374268367
Z500,central_india,Week 1,2026-03-05,NCEP,20.194351534188197,33.33567170765709,0.39421195075095417,24.84080337171053,3.44379163335508,0.1386344709477865
Z500,south_peninsula,Week 1,2026-03-05,NCEP,11.060552348870445,9.603921549580217,-0.15167041835674877,14.627919614371898,2.521349802069582,0.1723655768242233
Z500,east_northeast_india,Week 1,2026-03-05,NCEP,31.166212211738237,32.02549886290199,0.02683132758812823,37.271464194524526,4.9668332781505615,0.13326101846248983
Z500,All India,Week 2,2026-03-05,NCEP,16.206730159709807,17.95051983530738,0.09714424382115461,27.996439558642088,14.535763376055334,0.519200427097465
Z500,northwest_india,Week 2,2026-03-05,NCEP,22.86454251109078,23.77813295116693,0.03842145394478158,37.94590158437321,24.60348969138148,0.6483833210992576
Z500,central_india,Week 2,2026-03-05,NCEP,12.748979185043014,15.763676368443075,0.19124328062425278,19.737579756794233,9.691267205952583,0.49100585407978276
Z500,south_peninsula,Week 2,2026-03-05,NCEP,4.8546331142949395,13.870273842158246,0.6499973129917997,8.412211432624787,6.317198660381871,0.7509557636511726
Z500,east_northeast_india,Week 2,2026-03-05,NCEP,23.693203519449135,15.296964776469313,-0.5488826617353142,33.74884165069363,13.844102713601913,0.41020971495527997
Z500,All India,Week 3,2026-03-05,NCEP,16.235850517987345,19.88571219285214,0.18354191388612806,27.35628599628602,21.215034878291767,0.7755085935704866
Z500,northwest_india,Week 3,2026-03-05,NCEP,18.067853485077684,22.082656623932856,0.18180797751045896,31.44378134637793,29.47480423255681,0.937381032766661
Z500,central_india,Week 3,2026-03-05,NCEP,15.80067384301764,21.74831972535497,0.2734761102212119,26.527384990093694,19.317887584293864,0.7282243459544873
Z500,south_peninsula,Week 3,2026-03-05,NCEP,17.401213479724355,14.390981073876134,-0.20917492632331225,25.545145527504467,12.518544333037502,0.49005570626163714
Z500,east_northeast_india,Week 3,2026-03-05,NCEP,11.77878499814607,17.668570814710574,0.33334817390327687,21.088238273398098,18.331767609250846,0.8692887177956244
Z500,All India,Week 4,2026-03-05,NCEP,17.13106484701122,11.419669476914326,-0.5001366617171266,28.279747883798258,31.846659125032424,1.126129527600127
Z500,northwest_india,Week 4,2026-03-05,NCEP,19.764100774665923,14.749435317580105,-0.3399903351627811,32.003722842608106,47.32563854661263,1.4787541680496532
Z500,central_india,Week 4,2026-03-05,NCEP,17.566778218070002,9.227347307395904,-0.9037733850106495,28.866367327322894,27.60799280593754,0.9564068970952827
Z500,south_peninsula,Week 4,2026-03-05,NCEP,13.906311114874766,7.822998014112569,-0.7776191544198263,22.67575007275026,14.43638909516274,0.6366443909836144
Z500,east_northeast_india,Week 4,2026-03-05,NCEP,14.397365227801048,13.632505976671325,-0.05610555039833409,24.251947116679954,29.38981788819502,1.2118539491611109
Z500,All India,Week 5,2026-03-05,NCEP,20.941288257017025,19.135935531957177,-0.0943435831524877,36.94270416477433,27.64711916930094,0.7483783278556817
Z500,northwest_india,Week 5,2026-03-05,NCEP,31.916700989809026,31.04516311871739,-0.02807322569892312,52.8353194475532,40.77570052234182,0.7717508089038372
Z500,central_india,Week 5,2026-03-05,NCEP,15.306040765366356,15.709223136602132,0.02566532843348379,26.5379286143898,24.71170491091048,0.931184391592301
Z500,south_peninsula,Week 5,2026-03-05,NCEP,15.1042519806788,6.048364771015476,-1.4972455452852769,22.300595356122816,13.46499344400627,0.6037952453278044
Z500,east_northeast_india,Week 5,2026-03-05,NCEP,17.110543316692105,17.241310186220915,0.007584508840477566,28.934829359061197,23.32863081387726,0.8062473956346902
Z500,All India,Week 6,2026-03-05,NCEP,30.99067104460587,21.429182469176883,-0.4461900769747962,46.01324048740572,24.591786822781074,0.5344502269843849
Z500,northwest_india,Week 6,2026-03-05,NCEP,21.524190701579496,21.41497139368227,-0.005100137931048021,37.04209958736811,29.876786765620686,0.8065629944963785
Z500,central_india,Week 6,2026-03-05,NCEP,41.43158443097533,25.31454119336686,-0.6366713547955432,56.15701906032763,22.960983222421678,0.40887111899147377
Z500,south_peninsula,Week 6,2026-03-05,NCEP,38.86495231129032,20.0498284429809,-0.9384181975330701,49.977696348257574,17.548504937677983,0.35112672691825253
Z500,east_northeast_india,Week 6,2026-03-05,NCEP,18.00886450617283,14.298031324025043,-0.2595345539572611,30.04565283704624,25.539926255028952,0.8500373213238444
Z500,All India,Week 1,2026-03-12,NCEP,19.927905685384935,17.95051983530738,-0.11015758140820986,25.492744415087408,5.510452509074082,0.21615768076397546
Z500,northwest_india,Week 1,2026-03-12,NCEP,20.157949022806218,23.77813295116693,0.15224845179373303,27.92229323643902,8.39629584793658,0.3007022301799798
Z500,central_india,Week 1,2026-03-12,NCEP,22.088145006126886,15.763676368443075,-0.40120518144768647,26.58082840854537,4.214361514188559,0.158548915384206
Z500,south_peninsula,Week 1,2026-03-12,NCEP,19.33780988630556,13.870273842158246,-0.39419092271480016,22.81676327051698,3.2274825959123867,0.1414522541013881
Z500,east_northeast_india,Week 1,2026-03-12,NCEP,15.223288209619716,15.296964776469313,0.004816417369472581,19.945608129349175,5.01007944605172,0.25118709911279097
Z500,All India,Week 2,2026-03-12,NCEP,17.582689741368615,19.88571219285214,0.11581292282362099,28.746976795687477,13.352613097032775,0.4644875595765565
Z500,northwest_india,Week 2,2026-03-12,NCEP,26.62610786721083,22.082656623932856,-0.20574749318675045,39.68106158425835,17.924536018740405,0.45171513319218115
Z500,central_india,Week 2,2026-03-12,NCEP,10.67376143458099,21.74831972535497,0.5092144326838668,18.868928479866668,11.5852598584392,0.6139861026449268
Z500,south_peninsula,Week 2,2026-03-12,NCEP,17.08722171883202,14.390981073876134,-0.1873562775959976,24.661109105966034,9.693204514289976,0.39305630872639824
Z500,east_northeast_india,Week 2,2026-03-12,NCEP,14.235206015073942,17.668570814710574,0.19432045951209964,23.207837573971982,11.959362547047744,0.5153156776855586
Z500,All India,Week 3,2026-03-12,NCEP,10.991956118018583,11.419669476914326,0.03745409267408262,18.510641700669762,23.15572774430356,1.2509413838130596
Z500,northwest_india,Week 3,2026-03-12,NCEP,10.690158459793556,14.749435317580105,0.27521574693427253,17.213527111754757,30.744710841864748,1.7860785092016283
Z500,central_india,Week 3,2026-03-12,NCEP,9.760443172067237,9.227347307395904,-0.05777346911436254,16.314656269945523,20.859401388352588,1.2785682421504208
Z500,south_peninsula,Week 3,2026-03-12,NCEP,10.737403190203398,7.822998014112569,-0.37254325909750796,17.46656274395688,15.24068188993107,0.8725633150233908
Z500,east_northeast_india,Week 3,2026-03-12,NCEP,14.782087583894276,13.632505976671325,-0.084326506747195,25.794487918209605,21.677306089224434,0.8403852077994288
Z500,All India,Week 4,2026-03-12,NCEP,20.825886485954047,19.135935531957177,-0.08831295188963395,37.992118770145794,26.094877604807543,0.686849758569214
Z500,northwest_india,Week 4,2026-03-12,NCEP,33.2788162134573,31.04516311871739,-0.07194850567215161,56.10693158583563,36.174257266000865,0.6447377577699004
Z500,central_india,Week 4,2026-03-12,NCEP,13.966379958097756,15.709223136602132,0.11094394441718713,25.02486225826814,23.084456609740183,0.9224608859580494
Z500,south_peninsula,Week 4,2026-03-12,NCEP,14.557208896428891,6.048364771015476,-1.4068007548401953,21.89780912566201,13.040666421789181,0.5955237963284118
Z500,east_northeast_india,Week 4,2026-03-12,NCEP,17.102805139394295,17.241310186220915,0.008033324923143681,28.056160823407872,27.204079755585525,0.9696294488335183
Z500,All India,Week 5,2026-03-12,NCEP,32.5591456341761,21.429182469176883,-0.5193834706950782,48.12348350828958,25.043849160261118,0.5204080697098155
Z500,northwest_india,Week 5,2026-03-12,NCEP,24.317181979559425,21.41497139368227,-0.13552250584529624,41.60738133226683,31.64403782292769,0.7605390392206083
Z500,central_india,Week 5,2026-03-12,NCEP,42.73257233637236,25.31454119336686,-0.688064263537572,58.21445463445407,24.792117288067235,0.4258756256284515
Z500,south_peninsula,Week 5,2026-03-12,NCEP,39.36238210856163,20.0498284429809,-0.9632278760141575,49.45044858943128,15.377123939277272,0.31096025168442504
Z500,east_northeast_india,Week 5,2026-03-12,NCEP,18.846885951477734,14.298031324025043,-0.3181455211815931,31.300266644386667,23.23265172613983,0.7422509204184793
Z500,All India,Week 6,2026-03-12,NCEP,27.34300171429381,22.49124967124393,-0.2157173173553384,41.33640726837552,22.045288194722982,0.5333140844000916
Z500,northwest_india,Week 6,2026-03-12,NCEP,30.142679752597935,33.022282277966845,0.08720180213861961,45.15797599953381,25.579030474112958,0.5664343874574234
Z500,central_india,Week 6,2026-03-12,NCEP,32.24318450660544,19.890858050653456,-0.6210052087494629,46.21144355276783,23.022143380599605,0.4981913917991141
Z500,south_peninsula,Week 6,2026-03-12,NCEP,18.948962000939993,8.48527234627744,-1.2331589638667353,28.923119030480482,15.161926268501208,0.52421477270563
Z500,east_northeast_india,Week 6,2026-03-12,NCEP,20.475965354534758,22.861375368684254,0.10434236679465292,33.11716503930107,20.660493867689638,0.6238605823648024
Z500,All India,Week 1,2026-03-19,NCEP,16.726556455830792,19.88571219285214,0.1588656069435067,23.875827748292924,6.103694189972505,0.2556432494956707
Z500,northwest_india,Week 1,2026-03-19,NCEP,24.700275701110503,22.082656623932856,-0.11853732645286486,32.38124635506399,7.380166231280974,0.22791482916860656
Z500,central_india,Week 1,2026-03-19,NCEP,11.666374907803426,21.74831972535497,0.46357350567168887,17.788901130548236,5.558234604298639,0.3124551968392069
Z500,south_peninsula,Week 1,2026-03-19,NCEP,13.103092563440853,14.390981073876134,0.08949275270559398,16.83995398072515,4.859942724955401,0.28859596234752455
Z500,east_northeast_india,Week 1,2026-03-19,NCEP,15.383230166801278,17.668570814710574,0.1293449635443381,21.470729770181432,6.109891033343273,0.2845683914213617
Z500,All India,Week 2,2026-03-19,NCEP,13.836817496916066,11.419669476914326,-0.21166532226595325,22.09546575638107,18.623369180133345,0.8428593171771
Z500,northwest_india,Week 2,2026-03-19,NCEP,12.077922521919236,14.749435317580105,0.18112644573427472,20.934294493558447,27.143909709364582,1.2966240499634156
Z500,central_india,Week 2,2026-03-19,NCEP,12.51783199853585,9.227347307395904,-0.3566013699844761,19.44977220822814,16.427030928317457,0.844587317139276
Z500,south_peninsula,Week 2,2026-03-19,NCEP,17.00145278101578,7.822998014112569,-1.1732656393808893,23.980340334926,10.396468715181566,0.43354133302435666
Z500,east_northeast_india,Week 2,2026-03-19,NCEP,16.75450364032667,13.632505976671325,-0.229011281491303,27.211074334413652,15.26988469535746,0.5611643446229444
Z500,All India,Week 3,2026-03-19,NCEP,25.414452979139696,19.135935531957177,-0.32810088833636275,39.91057050718438,18.46309035563164,0.46261153676838723
Z500,northwest_india,Week 3,2026-03-19,NCEP,34.770988860533755,31.04516311871739,-0.12001308311921965,54.52148431611357,27.838232352591394,0.5105919749210484
Z500,central_india,Week 3,2026-03-19,NCEP,18.134953499475465,15.709223136602132,-0.15441440622365565,28.485445883342685,14.961337496325275,0.5252274286875093
Z500,south_peninsula,Week 3,2026-03-19,NCEP,28.704457966691162,6.048364771015476,-3.7458212348974937,35.14206577010151,9.970916515642312,0.2837316559837942
Z500,east_northeast_india,Week 3,2026-03-19,NCEP,17.519259784332924,17.241310186220915,-0.016121141323363286,28.46706729145299,16.556225239416673,0.5815922332254979
Z500,All India,Week 4,2026-03-19,NCEP,34.197677626352394,21.429182469176883,-0.5958461166468365,47.51832308568485,20.517849540292975,0.4317881652367082
Z500,northwest_india,Week 4,2026-03-19,NCEP,22.33623084419949,21.41497139368227,-0.04301941074686688,37.1047948572958,30.030989730855246,0.8093560373087563
Z500,central_india,Week 4,2026-03-19,NCEP,46.87390747019348,25.31454119336686,-0.8516593728538835,58.70795720179764,17.376118785001168,0.29597553062992815
Z500,south_peninsula,Week 4,2026-03-19,NCEP,44.95016135549825,20.0498284429809,-1.2419224924208532,52.81195553116546,11.88899238386382,0.2251193364132838
Z500,east_northeast_india,Week 4,2026-03-19,NCEP,17.75712047496093,14.298031324025043,-0.24192765231417312,28.38268749571781,17.656959356151216,0.6221031520998559
Z500,All India,Week 5,2026-03-19,NCEP,26.37933876438093,22.49124967124393,-0.17287118990582773,38.4416732493061,21.525630426869725,0.559955605659238
Z500,northwest_india,Week 5,2026-03-19,NCEP,24.234487111287365,33.022282277966845,0.2661171354756082,37.64803019586096,29.595438747440976,0.7861085584949066
Z500,central_india,Week 5,2026-03-19,NCEP,32.260815719669736,19.890858050653456,-0.6218916065619351,43.8370386483171,17.90724859888469,0.40849585535523275
Z500,south_peninsula,Week 5,2026-03-19,NCEP,21.626130631941468,8.48527234627744,-1.5486666484463556,30.972540047708847,14.346983102099813,0.4632162257277027
Z500,east_northeast_india,Week 5,2026-03-19,NCEP,23.538761178265172,22.861375368684254,-0.02963014248516327,35.2192789679237,21.101754466245154,0.5991535058245736
Z500,All India,Week 6,2026-03-19,NCEP,27.992169563693466,27.538611363129853,-0.01646990091776601,41.10351163488296,22.612389696663545,0.5501327939453544
Z500,northwest_india,Week 6,2026-03-19,NCEP,27.53415170878654,45.046628022329415,0.38876331220312466,43.96879624114554,32.235603028126036,0.7331472722457727
Z500,central_india,Week 6,2026-03-19,NCEP,33.05348113058856,20.14351164349002,-0.6408996462774545,44.659542139700534,18.755458275449133,0.41996530588647224
Z500,south_peninsula,Week 6,2026-03-19,NCEP,24.81384411001398,9.436155861580048,-1.6296560245518243,32.49600859037809,11.898450582111169,0.36615113973210367
Z500,east_northeast_india,Week 6,2026-03-19,NCEP,21.381749662974435,28.724382147028198,0.25562368744677855,35.33440140560979,23.740100964665576,0.6718693403674452
Z500,All India,Week 1,2026-03-26,NCEP,12.569717048613189,11.419669476914326,-0.1007076057694809,18.712722326782544,5.413217940252514,0.2892800868692877
Z500,northwest_india,Week 1,2026-03-26,NCEP,14.213029952664469,14.749435317580105,0.03636785770884976,20.904447905189258,6.934829490864244,0.3317394232230722
Z500,central_india,Week 1,2026-03-26,NCEP,10.817380274325073,9.227347307395904,-0.1723174509379013,16.970092983102745,4.914652043873865,0.28960666560680737
Z500,south_peninsula,Week 1,2026-03-26,NCEP,11.396396394054152,7.822998014112569,-0.4567811948175402,15.9904066632839,4.05218079039184,0.2534132418093022
Z500,east_northeast_india,Week 1,2026-03-26,NCEP,14.444944487981386,13.632505976671325,-0.05959568348624611,20.498170771472893,4.922788031150299,0.24015743092555827
Z500,All India,Week 2,2026-03-26,NCEP,26.565580116362348,19.135935531957177,-0.38825614624367866,41.90172090540902,19.57788906578343,0.46723353224511965
Z500,northwest_india,Week 2,2026-03-26,NCEP,35.7647557968482,31.04516311871739,-0.15202344597395023,55.402029944360834,24.07059932173632,0.4344714326516546
Z500,central_india,Week 2,2026-03-26,NCEP,19.816725644647455,15.709223136602132,-0.2614707597140775,31.994022003769558,20.62705899942333,0.6447160346702592
Z500,south_peninsula,Week 2,2026-03-26,NCEP,24.935188834218916,6.048364771015476,-3.1226331046883073,32.852209647334,11.50374841366738,0.3501666565859421
Z500,east_northeast_india,Week 2,2026-03-26,NCEP,23.92440264615999,17.241310186220915,-0.3876209167259306,37.43628416680744,17.41513228067205,0.4651939333261347
Z500,All India,Week 3,2026-03-26,NCEP,30.306027823716956,21.429182469176883,-0.41424097103602864,43.49716323091656,20.47815550594401,0.47079289739494345
Z500,northwest_india,Week 3,2026-03-26,NCEP,22.19136656333662,21.41497139368227,-0.03625478434602991,39.58470986073983,28.34560561114042,0.7160746083743217
Z500,central_india,Week 3,2026-03-26,NCEP,37.198048782467026,25.31454119336686,-0.4694340497158205,48.63481926022383,17.240764792037606,0.3544942708595204
Z500,south_peninsula,Week 3,2026-03-26,NCEP,39.80444676986959,20.0498284429809,-0.9852761774530019,47.77933872081474,12.193902267446685,0.2552128722144598
Z500,east_northeast_india,Week 3,2026-03-26,NCEP,20.460372287587425,14.298031324025043,-0.4309922690690833,32.15454831801876,21.001445203999804,0.6531407313294778
Z500,All India,Week 4,2026-03-26,NCEP,22.566042676869433,22.49124967124393,-0.003325426853498792,34.71487038302922,23.77938112756434,0.6849912116966789
Z500,northwest_india,Week 4,2026-03-26,NCEP,21.951189848729367,33.022282277966845,0.3352612740708216,36.14221850320572,32.7930996660405,0.9073349955850617
Z500,central_india,Week 4,2026-03-26,NCEP,26.64293972994223,19.890858050653456,-0.33945653134189224,38.740420167962604,21.652373553859828,0.558909104753743
Z500,south_peninsula,Week 4,2026-03-26,NCEP,20.10387656482882,8.48527234627744,-1.3692670953158688,28.085704544818018,12.530070501738853,0.4461369477751174
Z500,east_northeast_india,Week 4,2026-03-26,NCEP,17.656526167635555,22.861375368684254,0.2276699943511865,28.750122531722873,22.951377469932986,0.7983053792069389
Z500,All India,Week 5,2026-03-26,NCEP,25.466611441935363,27.538611363129853,0.07523981125528323,36.78039841666374,19.190388013408693,0.5217558492980948
Z500,northwest_india,Week 5,2026-03-26,NCEP,26.472901141496312,45.046628022329415,0.4123222468866302,39.87629734532702,25.21953688581297,0.6324442981105509
Z500,central_india,Week 5,2026-03-26,NCEP,27.074700613187705,20.14351164349002,-0.34409039954747445,37.192104581698075,16.439342975312304,0.4420116355394948
Z500,south_peninsula,Week 5,2026-03-26,NCEP,23.84995668941819,9.436155861580048,-1.5275077096304561,31.575576659370906,12.515099929227,0.3963538042150944
Z500,east_northeast_india,Week 5,2026-03-26,NCEP,21.6057654591176,28.724382147028198,0.24782488449963358,34.75045894702366,20.6152042166507,0.5932354518850569
Z500,All India,Week 6,2026-03-26,NCEP,14.349495508410275,12.10883869015957,-0.1850430809745287,24.666769470398478,18.39721512911164,0.745829937365302
Z500,northwest_india,Week 6,2026-03-26,NCEP,18.017834877812696,15.734543755814968,-0.14511327162911214,30.262510226264045,23.47860492849511,0.7758313752875212
Z500,central_india,Week 6,2026-03-26,NCEP,10.26903524751332,9.820972890893504,-0.04562301124314083,18.661159348875206,17.34504491229134,0.9294730615617837
Z500,south_peninsula,Week 6,2026-03-26,NCEP,14.262163291268852,7.126766854265077,-1.001210869236382,21.743252074632263,12.127949499412669,0.5577799244466417
Z500,east_northeast_india,Week 6,2026-03-26,NCEP,15.770522328990422,15.617625059449692,-0.00979004611512413,26.468379852988786,17.50461448581152,0.66134061030694
