variable,region,week,init_date,model,pcc,rmse,bias,fcst_mean,obs_mean
TP,All India,Week 1,2026-01-01,Persistence,0.8286303516972171,0.397019732099119,0.033257271845980506,0.19817605682521872,0.1649187849792382
TP,northwest_india,Week 1,2026-01-01,Persistence,0.6863399410447271,0.5778727215082475,0.15105344371762647,0.39534529364979015,0.24429184993216374
TP,central_india,Week 1,2026-01-01,Persistence,0.95515442678697,0.05805309018572661,-0.012180544053670313,0.00750825011195017,0.019688794165620485
TP,south_peninsula,Week 1,2026-01-01,Persistence,0.4416841953715907,0.34523335466065275,-0.15187418667448538,0.11160878501111186,0.2634829716855972
TP,east_northeast_india,Week 1,2026-01-01,Persistence,0.9812147406503338,0.41576913680436217,0.11018436875584696,0.31096214325556293,0.20077777449971596
TP,All India,Week 1,2026-01-01,SPIRE,0.9356883704457094,0.27345336933973013,0.1176122952790442,0.28253108025828244,0.1649187849792382
TP,northwest_india,Week 1,2026-01-01,SPIRE,0.888877050816892,0.3060872035421927,0.11436060748129455,0.35865245741345825,0.24429184993216374
TP,central_india,Week 1,2026-01-01,SPIRE,0.954057861094634,0.10401445811176083,0.08806970339156069,0.10775849755718116,0.019688794165620485
TP,south_peninsula,Week 1,2026-01-01,SPIRE,0.2491894756515923,0.3794575297089108,0.16308859005350085,0.42657156173909805,0.2634829716855972
TP,east_northeast_india,Week 1,2026-01-01,SPIRE,0.9859581343590359,0.3057714805686011,0.13563329868233562,0.3364110731820516,0.20077777449971596
TP,All India,Week 1,2026-01-01,FuXi,0.9020515710976749,0.33530409185975185,0.024339302075663847,0.18925808705490207,0.1649187849792382
TP,northwest_india,Week 1,2026-01-01,FuXi,0.9690234178650329,0.2711746915069848,-0.1222406834292289,0.12205116650293485,0.24429184993216374
TP,central_india,Week 1,2026-01-01,FuXi,0.9704431918045435,0.04421057590741036,0.010516323167717737,0.030205117333338218,0.019688794165620485
TP,south_peninsula,Week 1,2026-01-01,FuXi,0.040021155451246807,0.5219687393204314,0.20719851860806054,0.4706814902936578,0.2634829716855972
TP,east_northeast_india,Week 1,2026-01-01,FuXi,0.9408084719828751,0.5006955277501962,0.148527667512494,0.3493054420122099,0.20077777449971596
TP,All India,Week 1,2026-01-01,ECMWF,0.8982656174567281,0.3368610942764237,0.062064967424681976,0.22698375240392013,0.1649187849792382
TP,northwest_india,Week 1,2026-01-01,ECMWF,0.9657470741994121,0.1780351978980332,-0.008449987599039515,0.23584186233312415,0.24429184993216374
TP,central_india,Week 1,2026-01-01,ECMWF,0.9715633446040484,0.04360571203744561,0.003253329771299688,0.02294212393692017,0.019688794165620485
TP,south_peninsula,Week 1,2026-01-01,ECMWF,-0.13302550092976118,0.619353694661843,0.2271844486301339,0.49066742031573113,0.2634829716855972
TP,east_northeast_india,Week 1,2026-01-01,ECMWF,0.9531396297677395,0.45925398430556175,0.1449986104878672,0.3457763849875832,0.20077777449971596
TP,All India,Week 1,2026-01-01,NCEP,0.9357132933495363,0.26676726547001667,0.013290005760189462,0.1782087907394277,0.1649187849792382
TP,northwest_india,Week 1,2026-01-01,NCEP,0.8865835643198794,0.3160577574392023,0.056037161437472754,0.3003290113696365,0.24429184993216374
TP,central_india,Week 1,2026-01-01,NCEP,0.9787306283883594,0.038126037851497444,-0.011065920987963062,0.008622873177657416,0.019688794165620485
TP,south_peninsula,Week 1,2026-01-01,NCEP,0.5857395090153982,0.31296679804618105,0.06758195664123498,0.33106492832683226,0.2634829716855972
TP,east_northeast_india,Week 1,2026-01-01,NCEP,0.9713539092851371,0.36659422752203663,-0.09197910362233198,0.10879867087738399,0.20077777449971596
TP,All India,Week 1,2026-01-01,MME,0.9393414394363474,0.25220399356818485,0.054326642634894874,0.2192454276141331,0.1649187849792382
TP,northwest_india,Week 1,2026-01-01,MME,0.957873126462244,0.19044233066753372,0.00992677447262473,0.25421862440478843,0.24429184993216374
TP,central_india,Week 1,2026-01-01,MME,0.9755641796794099,0.04538726385284372,0.022693358835653762,0.04238215300127425,0.019688794165620485
TP,south_peninsula,Week 1,2026-01-01,MME,0.18994742186704733,0.417582447526913,0.16626337848323255,0.4297463501688298,0.2634829716855972
TP,east_northeast_india,Week 1,2026-01-01,MME,0.9689836595455351,0.3551372289041984,0.08429511826509122,0.2850728927648072,0.20077777449971596
TP,All India,Week 2,2026-01-01,Persistence,0.6245013907927627,1.0765656581396872,-0.08215917728639144,0.19817605682521872,0.2803352341116102
TP,northwest_india,Week 2,2026-01-01,Persistence,0.7365333011804218,0.7729837985067192,0.3679698363529798,0.39534529364979015,0.027375457296810363
TP,central_india,Week 2,2026-01-01,Persistence,0.9731457198057214,0.04589654047874153,-0.0002707694404272383,0.00750825011195017,0.007779019552377408
TP,south_peninsula,Week 2,2026-01-01,Persistence,-0.3454378986021631,2.214379258312853,-1.3022835313331367,0.11160878501111186,1.4138923163442483
TP,east_northeast_india,Week 2,2026-01-01,Persistence,0.9819823915849147,0.6077891295539102,0.26589063260633605,0.31096214325556293,0.045071510649226834
TP,All India,Week 2,2026-01-01,SPIRE,0.8665392558778577,0.7202619325118577,0.016146746968045373,0.29648198107965557,0.2803352341116102
TP,northwest_india,Week 2,2026-01-01,SPIRE,0.991235293071802,0.20496301631412764,0.15717326545400914,0.18454872275081952,0.027375457296810363
TP,central_india,Week 2,2026-01-01,SPIRE,0.8767679968135372,0.23994851727343644,0.21264638000685043,0.22042539955922785,0.007779019552377408
TP,south_peninsula,Week 2,2026-01-01,SPIRE,0.7857092891881136,1.5871630005251955,-0.7813329542867415,0.632559362057507,1.4138923163442483
TP,east_northeast_india,Week 2,2026-01-01,SPIRE,0.9950593259884337,0.35332773365009573,0.2514750711125224,0.2965465817617492,0.045071510649226834
TP,All India,Week 2,2026-01-01,FuXi,0.9600347550863033,0.38883957863900265,-0.026986111777062553,0.2533491223345476,0.2803352341116102
TP,northwest_india,Week 2,2026-01-01,FuXi,0.9981418961175471,0.06477126993047232,0.010714102662840652,0.03808955995965102,0.027375457296810363
TP,central_india,Week 2,2026-01-01,FuXi,0.9966088825543784,0.015406120018468614,0.0029984740995142433,0.010777493651891651,0.007779019552377408
TP,south_peninsula,Week 2,2026-01-01,FuXi,0.8817136178432352,0.8618923660623271,-0.27854489258296505,1.135347423761283,1.4138923163442483
TP,east_northeast_india,Week 2,2026-01-01,FuXi,0.9912347376423103,0.2845481064818866,0.1351911590289932,0.18026266967822005,0.045071510649226834
TP,All India,Week 2,2026-01-01,ECMWF,0.8995886164702348,0.6218660703411953,-0.0028022343504983086,0.27753299976111184,0.2803352341116102
TP,northwest_india,Week 2,2026-01-01,ECMWF,0.9936403942267629,0.2346279775420465,0.18600350496589652,0.21337896226270686,0.027375457296810363
TP,central_india,Week 2,2026-01-01,ECMWF,0.9829446227104337,0.04708399189005938,0.03245596540710455,0.040234984959481954,0.007779019552377408
TP,south_peninsula,Week 2,2026-01-01,ECMWF,0.6604496307826989,1.3933775642622543,-0.4719918936626739,0.9419004226815745,1.4138923163442483
TP,east_northeast_india,Week 2,2026-01-01,ECMWF,0.9927644958197634,0.23451683104243493,0.08810868952988772,0.13318020017911458,0.045071510649226834
TP,All India,Week 2,2026-01-01,NCEP,0.8662586548165216,0.7075069713165439,0.07394766477277927,0.35428289888438946,0.2803352341116102
TP,northwest_india,Week 2,2026-01-01,NCEP,0.981234202076044,0.37243428892549363,0.30599265556129,0.3333681128581004,0.027375457296810363
TP,central_india,Week 2,2026-01-01,NCEP,0.8675850820744951,0.2788666365515375,0.22547280081458196,0.23325182036695943,0.007779019552377408
TP,south_peninsula,Week 2,2026-01-01,NCEP,0.7639443519526391,1.517960103130009,-0.5682634633387612,0.8456288530054873,1.4138923163442483
TP,east_northeast_india,Week 2,2026-01-01,NCEP,0.9980368864324299,0.11241274444959956,0.020037548828144753,0.06510905947737158,0.045071510649226834
TP,All India,Week 2,2026-01-01,MME,0.9292050568005791,0.5567018958765613,0.015076516403315967,0.29541175051492613,0.2803352341116102
TP,northwest_india,Week 2,2026-01-01,MME,0.9953899418841728,0.20074610599076378,0.1649708821610091,0.19234633945781948,0.027375457296810363
TP,central_india,Week 2,2026-01-01,MME,0.9521607441555405,0.1372177372606231,0.11839340508201279,0.12617242463439024,0.007779019552377408
TP,south_peninsula,Week 2,2026-01-01,MME,0.8524529621975974,1.2379676598417564,-0.5250333009677856,0.8888590153764631,1.4138923163442483
TP,east_northeast_india,Week 2,2026-01-01,MME,0.9967877363452619,0.20621012157850205,0.123703117124887,0.16877462777411387,0.045071510649226834
TP,All India,Week 3,2026-01-01,Persistence,0.963791988589422,0.29669824947604334,0.04198689091194292,0.19817605682521872,0.1561891659132758
TP,northwest_india,Week 3,2026-01-01,Persistence,0.9426721297819459,0.3808529823680217,0.00933026098621427,0.39534529364979015,0.3860150326635759
TP,central_india,Week 3,2026-01-01,Persistence,0.9793600281538662,0.04350661395352353,0.00556261212453169,0.00750825011195017,0.0019456379874184793
TP,south_peninsula,Week 3,2026-01-01,Persistence,0.44899675236268116,0.20650741002240355,0.06045276153853564,0.11160878501111186,0.051156023472576216
TP,east_northeast_india,Week 3,2026-01-01,Persistence,0.9854019135516194,0.4656237459066293,0.17356962831157974,0.31096214325556293,0.13739251494398322
TP,All India,Week 3,2026-01-01,SPIRE,0.8435843525181097,0.657779304051193,0.36404839855173243,0.5202375644650082,0.1561891659132758
TP,northwest_india,Week 3,2026-01-01,SPIRE,0.6759631344352697,0.8504256271645092,0.19815509891737382,0.5841701315809498,0.3860150326635759
TP,central_india,Week 3,2026-01-01,SPIRE,0.6486107918008044,0.4233095174719169,0.39426858814886334,0.3962142261362819,0.0019456379874184793
TP,south_peninsula,Week 3,2026-01-01,SPIRE,-0.6643316945059929,0.7164839972860141,0.5624694057112438,0.6136254291838199,0.051156023472576216
TP,east_northeast_india,Week 3,2026-01-01,SPIRE,0.988547349132877,0.5262399817725831,0.41040901209702274,0.5478015270410059,0.13739251494398322
TP,All India,Week 3,2026-01-01,FuXi,0.7774973715336688,0.8459456868167515,0.48372840443671133,0.6399175703499871,0.1561891659132758
TP,northwest_india,Week 3,2026-01-01,FuXi,0.6801905917735674,0.8395074282828073,0.13048419572942602,0.5164992283930019,0.3860150326635759
TP,central_india,Week 3,2026-01-01,FuXi,-0.6241383273757645,0.9010933125359848,0.7120379790361595,0.713983617023578,0.0019456379874184793
TP,south_peninsula,Week 3,2026-01-01,FuXi,-0.1664473229635732,0.6679637928443805,0.5648783160320549,0.616034339504631,0.051156023472576216
TP,east_northeast_india,Week 3,2026-01-01,FuXi,0.9399815668702373,0.9243713158352622,0.6325548156605969,0.7699473306045801,0.13739251494398322
TP,All India,Week 3,2026-01-01,ECMWF,0.8793730796570725,0.5542196414026399,0.26716305417707026,0.4233522200903461,0.1561891659132758
TP,northwest_india,Week 3,2026-01-01,ECMWF,0.7790943065966779,0.8263816550800688,0.3653461014139552,0.7513611340775311,0.3860150326635759
TP,central_india,Week 3,2026-01-01,ECMWF,0.7438803668860613,0.21807550212187968,0.17658875957463321,0.17853439756205167,0.0019456379874184793
TP,south_peninsula,Week 3,2026-01-01,ECMWF,-0.1883605687128931,0.43494263082870527,0.31155040105310755,0.3627064245256838,0.051156023472576216
TP,east_northeast_india,Week 3,2026-01-01,ECMWF,0.9755199348038027,0.4759508965885302,0.20445920619955224,0.34185172114353546,0.13739251494398322
TP,All India,Week 3,2026-01-01,NCEP,0.8874164033858749,0.5281468917400456,0.23735949749844046,0.3935486634117164,0.1561891659132758
TP,northwest_india,Week 3,2026-01-01,NCEP,0.7560982038550766,0.796940771847961,0.29171984337166074,0.6777348760352367,0.3860150326635759
TP,central_india,Week 3,2026-01-01,NCEP,0.7963060231247362,0.22465822653780285,0.1894369717095226,0.19138260969694107,0.0019456379874184793
TP,south_peninsula,Week 3,2026-01-01,NCEP,0.3775211785137002,0.3762608651652187,0.27274921886192227,0.32390524233449847,0.051156023472576216
TP,east_northeast_india,Week 3,2026-01-01,NCEP,0.9811904140098436,0.44048652218284845,0.18410089355877557,0.32149340850275876,0.13739251494398322
TP,All India,Week 3,2026-01-01,MME,0.8717555937928614,0.6038372793417363,0.33807483866598864,0.49426400457926445,0.1561891659132758
TP,northwest_india,Week 3,2026-01-01,MME,0.7331641136728223,0.8063166493590709,0.24642630985810396,0.6324413425216797,0.3860150326635759
TP,central_india,Week 3,2026-01-01,MME,0.13070214818232515,0.4229613986319704,0.36808307461729467,0.3700287126047132,0.0019456379874184793
TP,south_peninsula,Week 3,2026-01-01,MME,-0.26527223449955656,0.5196486567476122,0.42791183541458205,0.47906785888715825,0.051156023472576216
TP,east_northeast_india,Week 3,2026-01-01,MME,0.9776655435299124,0.5320693362800963,0.35788098187898687,0.49527349682297,0.13739251494398322
TP,All India,Week 4,2026-01-01,Persistence,-0.13049539480652106,3.303862814521943,-1.3268137398678672,0.19817605682521872,1.5249897966930865
TP,northwest_india,Week 4,2026-01-01,Persistence,-0.7075814166740104,5.659122795356692,-3.8038446576152203,0.39534529364979015,4.1991899512650095
TP,central_india,Week 4,2026-01-01,Persistence,0.18476345280336431,0.6801580999065352,-0.18896262602892464,0.00750825011195017,0.1964708761408748
TP,south_peninsula,Week 4,2026-01-01,Persistence,0.6588106779916238,1.2871016085699971,-0.287269552049965,0.11160878501111186,0.3988783370610769
TP,east_northeast_india,Week 4,2026-01-01,Persistence,0.9946601953944386,0.46511970483965,0.18957704149757465,0.31096214325556293,0.12138510175798825
TP,All India,Week 4,2026-01-01,SPIRE,0.1955115000248281,2.795390292520738,-0.7827652344080953,0.742224562284991,1.5249897966930865
TP,northwest_india,Week 4,2026-01-01,SPIRE,-0.5134973262641307,4.710935825538849,-3.0190916402042425,1.1800983110607688,4.1991899512650095
TP,central_india,Week 4,2026-01-01,SPIRE,0.337520736730076,0.6738280151689698,0.2676077317182668,0.46407860785914157,0.1964708761408748
TP,south_peninsula,Week 4,2026-01-01,SPIRE,0.4478305124848246,1.2954250539821055,-0.009024672776340122,0.38985366428473667,0.3988783370610769
TP,east_northeast_india,Week 4,2026-01-01,SPIRE,0.9913613073284893,0.9295382299963116,0.7385614549296643,0.8599465566876524,0.12138510175798825
TP,All India,Week 4,2026-01-01,FuXi,0.16076925738357997,2.806744916339994,-0.5118906175715894,1.0130991791214967,1.5249897966930865
TP,northwest_india,Week 4,2026-01-01,FuXi,-0.342228957559401,4.625372607308674,-2.7386411845124843,1.460548766752526,4.1991899512650095
TP,central_india,Week 4,2026-01-01,FuXi,0.0022577232664064196,1.0474999471406339,0.6839227831699958,0.8803936593108704,0.1964708761408748
TP,south_peninsula,Week 4,2026-01-01,FuXi,0.018265446326982453,1.4057427085225855,0.07877816672937932,0.4776565037904562,0.3988783370610769
TP,east_northeast_india,Week 4,2026-01-01,FuXi,0.9532281975336437,1.0932652733059351,0.8839809567486622,1.0053660585066504,0.12138510175798825
TP,All India,Week 4,2026-01-01,ECMWF,0.4411126160760961,2.5359024172746234,-0.6133762525733275,0.9116135441197589,1.5249897966930865
TP,northwest_india,Week 4,2026-01-01,ECMWF,0.07085007602428392,4.198704669865644,-2.5349218778279208,1.6642680734370907,4.1991899512650095
TP,central_india,Week 4,2026-01-01,ECMWF,0.3015748758979221,0.6699144398275882,0.2386740739632897,0.43514495010416454,0.1964708761408748
TP,south_peninsula,Week 4,2026-01-01,ECMWF,0.12645058619459754,1.348818302196293,-0.14441740304499368,0.2544609340160833,0.3988783370610769
TP,east_northeast_india,Week 4,2026-01-01,ECMWF,0.9712844394896916,1.1749685796379847,1.0528951974346121,1.1742802991926005,0.12138510175798825
TP,All India,Week 4,2026-01-01,NCEP,0.05084442178650861,3.1104894395551765,-1.234288503963326,0.29070129272976053,1.5249897966930865
TP,northwest_india,Week 4,2026-01-01,NCEP,-0.7267900226073813,5.2981632402190275,-3.6041232381786803,0.5950667130863304,4.1991899512650095
TP,central_india,Week 4,2026-01-01,NCEP,0.14857204279591,0.6688931708465888,-0.1378515536505371,0.058619322490337716,0.1964708761408748
TP,south_peninsula,Week 4,2026-01-01,NCEP,-0.08519820458149058,1.412789674873356,-0.29216455492867294,0.10671378213240396,0.3988783370610769
TP,east_northeast_india,Week 4,2026-01-01,NCEP,0.9926412170180634,0.3740431460514469,0.2638388875597834,0.3852239893177716,0.12138510175798825
TP,All India,Week 4,2026-01-01,MME,0.22391301254765764,2.7848065180079864,-0.7855801521290845,0.7394096445640018,1.5249897966930865
TP,northwest_india,Week 4,2026-01-01,MME,-0.49075016466257954,4.688402803429553,-2.974194485180832,1.224995466084179,4.1991899512650095
TP,central_india,Week 4,2026-01-01,MME,0.2182568139595263,0.6925490298180733,0.26308825880025377,0.4595591349411286,0.1964708761408748
TP,south_peninsula,Week 4,2026-01-01,MME,0.0939497226227121,1.3510894899507997,-0.09170711600515682,0.30717122105592004,0.3988783370610769
TP,east_northeast_india,Week 4,2026-01-01,MME,0.9847058550366589,0.8296678870493966,0.7348191241681805,0.8562042259261687,0.12138510175798825
TP,All India,Week 5,2026-01-01,Persistence,0.9078488462862514,0.4920493982536919,-0.10440230121020279,0.19817605682521872,0.3025783580354215
TP,northwest_india,Week 5,2026-01-01,Persistence,0.788854774161826,0.7973879173220844,-0.2746710368765056,0.39534529364979015,0.6700163305262958
TP,central_india,Week 5,2026-01-01,Persistence,0.7497617343401684,0.21453725389479217,-0.06608641927752429,0.00750825011195017,0.0735946693894745
TP,south_peninsula,Week 5,2026-01-01,Persistence,0.6914854115420456,0.16981713567453213,0.07268859771075677,0.11160878501111186,0.038920187300355104
TP,east_northeast_india,Week 5,2026-01-01,Persistence,0.99008312092953,0.30931146816781063,-0.04044195420187326,0.31096214325556293,0.3514040974574362
TP,All India,Week 5,2026-01-01,SPIRE,0.8557921932377279,0.7935699002301174,0.600481805839134,0.9030601638745557,0.3025783580354215
TP,northwest_india,Week 5,2026-01-01,SPIRE,0.5042061080987442,1.0327526170367671,0.6870971063012573,1.3571134368275533,0.6700163305262958
TP,central_india,Week 5,2026-01-01,SPIRE,0.48000355894546154,0.5778810866781064,0.5086757242548184,0.5822703936442929,0.0735946693894745
TP,south_peninsula,Week 5,2026-01-01,SPIRE,0.6021656566696933,0.47667674377310765,0.44340192611110274,0.4823221134114577,0.038920187300355104
TP,east_northeast_india,Week 5,2026-01-01,SPIRE,0.9795996982024001,0.9233334232357173,0.8165635293450417,1.167967626802478,0.3514040974574362
TP,All India,Week 5,2026-01-01,FuXi,0.8194656910981021,0.6797752301576566,0.35841581847065695,0.6609941765060784,0.3025783580354215
TP,northwest_india,Week 5,2026-01-01,FuXi,0.6156904521538029,0.7972541142343604,0.37019711998368277,1.0402134505099787,0.6700163305262958
TP,central_india,Week 5,2026-01-01,FuXi,-0.4411240380482,0.5079396825369382,0.31623875987898226,0.38983342926845665,0.0735946693894745
TP,south_peninsula,Week 5,2026-01-01,FuXi,0.8922524481169039,0.18210773235895666,0.1050485677440723,0.1439687550444274,0.038920187300355104
TP,east_northeast_india,Week 5,2026-01-01,FuXi,0.9377351187089449,1.040791166483857,0.7443545763716409,1.0957586738290768,0.3514040974574362
TP,All India,Week 5,2026-01-01,ECMWF,0.8249340916550374,0.6985891866549074,0.39376392544434674,0.6963422834797682,0.3025783580354215
TP,northwest_india,Week 5,2026-01-01,ECMWF,0.5869328672263711,0.8892437399492497,0.5198145101969807,1.1898308407232765,0.6700163305262958
TP,central_india,Week 5,2026-01-01,ECMWF,0.06284933627239853,0.3854605273442042,0.22153942214291358,0.29513409153238807,0.0735946693894745
TP,south_peninsula,Week 5,2026-01-01,ECMWF,0.8515619133390933,0.24177416978343236,0.2054719400559671,0.2443921273563222,0.038920187300355104
TP,east_northeast_india,Week 5,2026-01-01,ECMWF,0.952659488691458,1.0663384089481494,0.7463227104361144,1.0977268078935507,0.3514040974574362
TP,All India,Week 5,2026-01-01,NCEP,0.9387657752769384,0.4028867788044581,-0.02190714552675717,0.2806712125086643,0.3025783580354215
TP,northwest_india,Week 5,2026-01-01,NCEP,0.8191262628091363,0.5307940553865557,0.009135856049551472,0.6791521865758472,0.6700163305262958
TP,central_india,Week 5,2026-01-01,NCEP,0.797922513892977,0.1917609111643582,-0.03711343707497362,0.03648123231450087,0.0735946693894745
TP,south_peninsula,Week 5,2026-01-01,NCEP,0.9660648475383447,0.08953675165396877,0.005451258442479219,0.04437144574283432,0.038920187300355104
TP,east_northeast_india,Week 5,2026-01-01,NCEP,0.9893421607221111,0.6167507041137335,-0.08900514807162412,0.26239894938581204,0.3514040974574362
TP,All India,Week 5,2026-01-01,MME,0.8907269905375085,0.5599730108532897,0.3326886010568451,0.6352669590922668,0.3025783580354215
TP,northwest_india,Week 5,2026-01-01,MME,0.7227307045343013,0.7360821930614799,0.3965611481328681,1.066577478659164,0.6700163305262958
TP,central_india,Week 5,2026-01-01,MME,0.5194092474866587,0.3696976538231644,0.2523351173004351,0.3259297866899097,0.0735946693894745
TP,south_peninsula,Week 5,2026-01-01,MME,0.9095886857191282,0.2132042378442922,0.18984342308840538,0.22876361038876045,0.038920187300355104
TP,east_northeast_india,Week 5,2026-01-01,MME,0.9739089238516795,0.7435836609104329,0.5545589170202933,0.9059630144777294,0.3514040974574362
TP,All India,Week 6,2026-01-01,Persistence,0.9804170966292812,0.26560547986877403,0.07125568531385916,0.19817605682521872,0.12692037151135957
TP,northwest_india,Week 6,2026-01-01,Persistence,0.9687427050160438,0.3682094981311717,0.16530128626234258,0.39534529364979015,0.23004400738744754
TP,central_india,Week 6,2026-01-01,Persistence,0.9869476311946382,0.04328062848931077,0.007403385256324574,0.00750825011195017,0.00010486485562559517
TP,south_peninsula,Week 6,2026-01-01,Persistence,0.8134330127752969,0.19811134088421622,0.09232736610393806,0.11160878501111186,0.019281418907173806
TP,east_northeast_india,Week 6,2026-01-01,Persistence,0.9890476894433285,0.35268098517289675,-0.014461430793184769,0.31096214325556293,0.32542357404874767
TP,All India,Week 6,2026-01-01,SPIRE,0.8834818444731515,1.0313105558120108,0.7441575788665034,0.8710779503778632,0.12692037151135957
TP,northwest_india,Week 6,2026-01-01,SPIRE,0.7957131544260639,1.4130275460726904,1.0808083150427412,1.310852322430189,0.23004400738744754
TP,central_india,Week 6,2026-01-01,SPIRE,0.3104180763602512,0.5994794915977361,0.5419690866238923,0.5420739514795179,0.00010486485562559517
TP,south_peninsula,Week 6,2026-01-01,SPIRE,0.6629455529669308,0.4387333225983961,0.37627211065311694,0.3955535295602908,0.019281418907173806
TP,east_northeast_india,Week 6,2026-01-01,SPIRE,0.9616635206737957,1.3111007470526188,0.9286956635651036,1.2541192376138515,0.32542357404874767
TP,All India,Week 6,2026-01-01,FuXi,0.8634478054690213,0.8651527963300447,0.5666321598411888,0.6935525313525484,0.12692037151135957
TP,northwest_india,Week 6,2026-01-01,FuXi,0.8410310998702646,1.1277493279104125,0.8798956463609293,1.1099396537483768,0.23004400738744754
TP,central_india,Week 6,2026-01-01,FuXi,0.025509715782128524,0.559077643261424,0.4482321813051153,0.4483370461607409,0.00010486485562559517
TP,south_peninsula,Week 6,2026-01-01,FuXi,0.9314734434329313,0.16838657720038747,0.12522620440355964,0.14450762331073344,0.019281418907173806
TP,east_northeast_india,Week 6,2026-01-01,FuXi,0.9117703940820393,1.223826914152194,0.7022698948987679,1.0276934689475155,0.32542357404874767
TP,All India,Week 6,2026-01-01,ECMWF,0.8604844803877923,0.8537161836265075,0.5411815356326479,0.6681019071440073,0.12692037151135957
TP,northwest_india,Week 6,2026-01-01,ECMWF,0.8264424748334128,1.2612577335840511,0.9516829360731899,1.1817269434606374,0.23004400738744754
TP,central_india,Week 6,2026-01-01,ECMWF,0.2925950298437984,0.36767399493255165,0.28068072703849667,0.2807855918941223,0.00010486485562559517
TP,south_peninsula,Week 6,2026-01-01,ECMWF,0.9332482318460308,0.23368709161461046,0.20628300650603892,0.22556442541321275,0.019281418907173806
TP,east_northeast_india,Week 6,2026-01-01,ECMWF,0.9529245436708966,1.0206942279843159,0.6566238859844297,0.9820474600331773,0.32542357404874767
TP,All India,Week 6,2026-01-01,NCEP,0.9638548344366162,0.38375363327378137,0.1570450754313748,0.2839654469427344,0.12692037151135957
TP,northwest_india,Week 6,2026-01-01,NCEP,0.9525667656207464,0.5043298214848106,0.3207080528266663,0.5507520602141138,0.23004400738744754
TP,central_india,Week 6,2026-01-01,NCEP,0.9842159628940803,0.08746100655573115,0.0605828897215637,0.06068775457718929,0.00010486485562559517
TP,south_peninsula,Week 6,2026-01-01,NCEP,0.9867700492752468,0.05862494525446761,0.018580278869917352,0.03786169777709116,0.019281418907173806
TP,east_northeast_india,Week 6,2026-01-01,NCEP,0.9771408309051888,0.6414167603420659,0.19231979733272522,0.5177433713814729,0.32542357404874767
TP,All India,Week 6,2026-01-01,MME,0.9223347904550564,0.7242921452870674,0.5022540874429288,0.6291744589542885,0.12692037151135957
TP,northwest_india,Week 6,2026-01-01,MME,0.9350336512810866,1.024500033251047,0.8082737375758816,1.0383177449633294,0.23004400738744754
TP,central_india,Week 6,2026-01-01,MME,0.5389071132524581,0.3928245238020663,0.33286622117226705,0.3329710860278926,0.00010486485562559517
TP,south_peninsula,Week 6,2026-01-01,MME,0.9347485267457589,0.21159023134338317,0.18159040010815822,0.20087181901533202,0.019281418907173806
TP,east_northeast_india,Week 6,2026-01-01,MME,0.9603084562501131,0.9061955114814251,0.6199773104452566,0.9454008844940042,0.32542357404874767
TP,All India,Week 1,2026-01-08,Persistence,0.7451114579703562,0.9406479126021932,-0.11541644913237192,0.1649187849792382,0.2803352341116102
TP,northwest_india,Week 1,2026-01-08,Persistence,0.9760088101092294,0.387940015986752,0.21691639263535334,0.24429184993216374,0.027375457296810363
TP,central_india,Week 1,2026-01-08,Persistence,0.9834650009664814,0.03552720668333941,0.011909774613243074,0.019688794165620485,0.007779019552377408
TP,south_peninsula,Week 1,2026-01-08,Persistence,-0.04276062579905663,2.0976249281000667,-1.1504093446586512,0.2634829716855972,1.4138923163442483
TP,east_northeast_india,Week 1,2026-01-08,Persistence,0.9844468130440508,0.3652648607460401,0.15570626385048913,0.20077777449971596,0.045071510649226834
TP,All India,Week 1,2026-01-08,SPIRE,0.934424292181865,0.5109242028524956,-0.04271714300689604,0.23761809110471413,0.2803352341116102
TP,northwest_india,Week 1,2026-01-08,SPIRE,0.9976084679924023,0.09539938467232591,0.06672912412323714,0.09410458142004749,0.027375457296810363
TP,central_india,Week 1,2026-01-08,SPIRE,0.9921873939044362,0.07145196404490718,0.06763047742204746,0.07540949697442487,0.007779019552377408
TP,south_peninsula,Week 1,2026-01-08,SPIRE,0.8222287530998672,1.1665364933053293,-0.5824165937526521,0.8314757225915964,1.4138923163442483
TP,east_northeast_india,Week 1,2026-01-08,SPIRE,0.9988359307032675,0.1662386338901652,0.13767650018856967,0.1827480108377965,0.045071510649226834
TP,All India,Week 1,2026-01-08,FuXi,0.9087963816330742,0.5831309158838989,0.005537210043332029,0.2858724441549422,0.2803352341116102
TP,northwest_india,Week 1,2026-01-08,FuXi,0.9974421772533396,0.07316065495908144,0.006031304956367828,0.0334067622531782,0.027375457296810363
TP,central_india,Week 1,2026-01-08,FuXi,0.9805696112492657,0.04904013842544276,0.03310194023772718,0.040880959790104594,0.007779019552377408
TP,south_peninsula,Week 1,2026-01-08,FuXi,0.6880297456427837,1.344018541604379,-0.04221005290310015,1.3716822634411483,1.4138923163442483
TP,east_northeast_india,Week 1,2026-01-08,FuXi,0.9976791598566066,0.133737450077338,0.0008848669001722811,0.04595637754939912,0.045071510649226834
TP,All India,Week 1,2026-01-08,ECMWF,0.9710882394139477,0.4008316255601267,0.11493066252265463,0.39526589663426476,0.2803352341116102
TP,northwest_india,Week 1,2026-01-08,ECMWF,0.9983974715914936,0.05733288097474481,-0.004856963199836448,0.022518494096973922,0.027375457296810363
TP,central_india,Week 1,2026-01-08,ECMWF,0.9460180332795057,0.08465538048159181,0.053777369926287476,0.06155638947866488,0.007779019552377408
TP,south_peninsula,Week 1,2026-01-08,ECMWF,0.9213991764642067,0.9145538459645958,0.5398486433944585,1.953740959738707,1.4138923163442483
TP,east_northeast_india,Week 1,2026-01-08,ECMWF,0.9979864443065589,0.1195010239341859,-0.012459098791485096,0.03261241185774173,0.045071510649226834
TP,All India,Week 1,2026-01-08,NCEP,0.9419021649106427,0.6992379848688007,0.2651475861607711,0.5454828202723813,0.2803352341116102
TP,northwest_india,Week 1,2026-01-08,NCEP,0.9975134266623045,0.07297146203205078,-0.02094789179545905,0.006427565501351325,0.027375457296810363
TP,central_india,Week 1,2026-01-08,NCEP,0.7437687956004818,0.5258803417360761,0.3488245858686275,0.356603605421005,0.007779019552377408
TP,south_peninsula,Week 1,2026-01-08,NCEP,0.8889085723780642,1.453007300164672,0.8160430248676619,2.2299353412119105,1.4138923163442483
TP,east_northeast_india,Week 1,2026-01-08,NCEP,0.9981132919077388,0.10839164975739002,0.013270358100523965,0.0583418687497508,0.045071510649226834
TP,All India,Week 1,2026-01-08,MME,0.9716093567468933,0.34115507784421956,0.08572457892996543,0.36605981304157553,0.2803352341116102
TP,northwest_india,Week 1,2026-01-08,MME,0.9984071660864275,0.057546561764689676,0.011738893521077367,0.03911435081788774,0.027375457296810363
TP,central_india,Week 1,2026-01-08,MME,0.9280944016588665,0.1644556654443671,0.12583359336367242,0.1336126129160498,0.007779019552377408
TP,south_peninsula,Week 1,2026-01-08,MME,0.9077791555155825,0.7515174515347564,0.182816255401592,1.5967085717458402,1.4138923163442483
TP,east_northeast_india,Week 1,2026-01-08,MME,0.9986769473208689,0.09766853441231078,0.03484315659944521,0.07991466724867204,0.045071510649226834
TP,All India,Week 2,2026-01-08,Persistence,0.8864866068370412,0.475029434530305,0.008729619065962407,0.1649187849792382,0.1561891659132758
TP,northwest_india,Week 2,2026-01-08,Persistence,0.7515791876040941,0.7541214533463819,-0.14172318273141218,0.24429184993216374,0.3860150326635759
TP,central_india,Week 2,2026-01-08,Persistence,0.9843124477961729,0.03878069309077319,0.017743156178202,0.019688794165620485,0.0019456379874184793
TP,south_peninsula,Week 2,2026-01-08,Persistence,-0.24349373778686711,0.4512067442562332,0.212326948213021,0.2634829716855972,0.051156023472576216
TP,east_northeast_india,Week 2,2026-01-08,Persistence,0.9982270715267352,0.12676073795806994,0.06338525955573275,0.20077777449971596,0.13739251494398322
TP,All India,Week 2,2026-01-08,SPIRE,0.8828892242365718,0.5520305785059885,0.25127189302832653,0.4074610589416023,0.1561891659132758
TP,northwest_india,Week 2,2026-01-08,SPIRE,0.7154495718162782,0.8597259183187584,0.30041056159226515,0.6864255942558409,0.3860150326635759
TP,central_india,Week 2,2026-01-08,SPIRE,0.7384175560187601,0.2815711454415756,0.24424458114063766,0.24619021912805608,0.0019456379874184793
TP,south_peninsula,Week 2,2026-01-08,SPIRE,0.8082795276760011,0.17154383834453626,0.11485160135823769,0.16600762483081388,0.051156023472576216
TP,east_northeast_india,Week 2,2026-01-08,SPIRE,0.9889405107829726,0.4623493506650716,0.329766041580585,0.46715855652456817,0.13739251494398322
TP,All India,Week 2,2026-01-08,FuXi,0.7205565947059056,0.7967824038207433,0.30834452069218476,0.46453368660546057,0.1561891659132758
TP,northwest_india,Week 2,2026-01-08,FuXi,0.2455543779612693,1.3355042666157788,0.7239213796396822,1.109936412303258,0.3860150326635759
TP,central_india,Week 2,2026-01-08,FuXi,0.6143063882756533,0.2310576566132186,0.17182244280329717,0.17376808079071562,0.0019456379874184793
TP,south_peninsula,Week 2,2026-01-08,FuXi,0.5636027259591384,0.2480431123053117,0.0638769297886767,0.11503295326125293,0.051156023472576216
TP,east_northeast_india,Week 2,2026-01-08,FuXi,0.9804322290320444,0.4100576842205762,0.016858539358021753,0.15425105430200495,0.13739251494398322
TP,All India,Week 2,2026-01-08,ECMWF,0.9107273429377077,0.4465161554648588,0.14551110242825963,0.30170026834153557,0.1561891659132758
TP,northwest_india,Week 2,2026-01-08,ECMWF,0.9082889778824735,0.703296174684342,0.33955968964959615,0.7255747223131721,0.3860150326635759
TP,central_india,Week 2,2026-01-08,ECMWF,0.8815350788389823,0.11369730510597273,0.06897523005632406,0.07092086804374254,0.0019456379874184793
TP,south_peninsula,Week 2,2026-01-08,ECMWF,0.7075347829087458,0.18651500021817863,-0.017209395428788337,0.033946628043787876,0.051156023472576216
TP,east_northeast_india,Week 2,2026-01-08,ECMWF,0.9781154339741439,0.43057453218175806,0.09906858527866151,0.2364611002226447,0.13739251494398322
TP,All India,Week 2,2026-01-08,NCEP,0.8690773718836774,0.6312182552523282,0.3487176889885817,0.5049068549018576,0.1561891659132758
TP,northwest_india,Week 2,2026-01-08,NCEP,0.8006606607177966,0.7488898064466598,0.2750429072194793,0.6610579398830552,0.3860150326635759
TP,central_india,Week 2,2026-01-08,NCEP,0.04432571019854704,0.6651981307453235,0.564908630229152,0.5668542682165705,0.0019456379874184793
TP,south_peninsula,Week 2,2026-01-08,NCEP,0.5839606098668969,0.46897290143930287,0.3150515813514357,0.3662076048240118,0.051156023472576216
TP,east_northeast_india,Week 2,2026-01-08,NCEP,0.9823707938468963,0.4064413974343787,0.05749699979986437,0.19488951474384758,0.13739251494398322
TP,All India,Week 2,2026-01-08,MME,0.8830556559726634,0.5468956046177086,0.2634613012843382,0.41965046719761406,0.1561891659132758
TP,northwest_india,Week 2,2026-01-08,MME,0.8336946108239213,0.8540700719914649,0.4097336345252557,0.7957486671888317,0.3860150326635759
TP,central_india,Week 2,2026-01-08,MME,0.5956888051082595,0.3089625296182519,0.26248772105735274,0.2644333590447712,0.0019456379874184793
TP,south_peninsula,Week 2,2026-01-08,MME,0.6881533187564026,0.23100853593414508,0.11914267926739043,0.17029870273996667,0.051156023472576216
TP,east_northeast_india,Week 2,2026-01-08,MME,0.9842149836737983,0.36097232046146427,0.12579754150428316,0.2631900564482664,0.13739251494398322
TP,All India,Week 3,2026-01-08,Persistence,-0.13163120330866526,3.357254987292737,-1.3600710117138481,0.1649187849792382,1.5249897966930865
TP,northwest_india,Week 3,2026-01-08,Persistence,-0.8175659367714787,5.7640833945015375,-3.9548981013328475,0.24429184993216374,4.1991899512650095
TP,central_india,Week 3,2026-01-08,Persistence,0.17859253614166487,0.6765861652622436,-0.17678208197525433,0.019688794165620485,0.1964708761408748
TP,south_peninsula,Week 3,2026-01-08,Persistence,0.37377326849167214,1.2760872165513382,-0.13539536537547964,0.2634829716855972,0.3988783370610769
TP,east_northeast_india,Week 3,2026-01-08,Persistence,0.9976600539767624,0.17756565521329926,0.0793926727417277,0.20077777449971596,0.12138510175798825
TP,All India,Week 3,2026-01-08,SPIRE,0.3797771596083998,2.6049346491177303,-0.5908254109850638,0.9341643857080227,1.5249897966930865
TP,northwest_india,Week 3,2026-01-08,SPIRE,-0.13972486293368994,4.329278574335722,-2.614799716333917,1.584390234931094,4.1991899512650095
TP,central_india,Week 3,2026-01-08,SPIRE,0.42733773949848636,0.7266345733902789,0.4191954612599122,0.615666337400787,0.1964708761408748
TP,south_peninsula,Week 3,2026-01-08,SPIRE,0.03409847631674753,1.359735551373514,-0.07423762859283624,0.32464070846824067,0.3988783370610769
TP,east_northeast_india,Week 3,2026-01-08,SPIRE,0.990326188963389,1.0550904517110469,0.8789071073594521,1.0002922091174404,0.12138510175798825
TP,All India,Week 3,2026-01-08,FuXi,0.17618361973998672,2.7935127828696076,-0.6245683385402881,0.9004214581527984,1.5249897966930865
TP,northwest_india,Week 3,2026-01-08,FuXi,-0.28396888932958564,4.567248596300355,-2.7106480129054433,1.4885419383595682,4.1991899512650095
TP,central_india,Week 3,2026-01-08,FuXi,0.2132094507087588,0.8164074296651591,0.3425325671589725,0.5390034432998473,0.1964708761408748
TP,south_peninsula,Week 3,2026-01-08,FuXi,0.015615987984806682,1.4020873811593593,-0.2913909670364658,0.10748737002461105,0.3988783370610769
TP,east_northeast_india,Week 3,2026-01-08,FuXi,0.8633719975095627,1.6916854883220904,1.3071248198625698,1.428509921620558,0.12138510175798825
TP,All India,Week 3,2026-01-08,ECMWF,0.5527958568470543,2.410097851175298,-0.6142942947499956,0.9106955019430908,1.5249897966930865
TP,northwest_india,Week 3,2026-01-08,ECMWF,0.25976493455685756,3.9967629882011435,-2.3447532589127493,1.8544366923522615,4.1991899512650095
TP,central_india,Week 3,2026-01-08,ECMWF,0.4955472341670117,0.5990006762838955,0.16997612680849553,0.3664470029493703,0.1964708761408748
TP,south_peninsula,Week 3,2026-01-08,ECMWF,0.20759690048734944,1.337466378530342,-0.19668428431813498,0.20219405274294192,0.3988783370610769
TP,east_northeast_india,Week 3,2026-01-08,ECMWF,0.9631006947327326,1.0302551655677992,0.8534045419164632,0.9747896436744514,0.12138510175798825
TP,All India,Week 3,2026-01-08,NCEP,-0.10845547587363201,3.352974249676108,-1.3226985846684258,0.20229121202466038,1.5249897966930865
TP,northwest_india,Week 3,2026-01-08,NCEP,-0.8039819779533685,5.741561243050015,-3.8560190920257775,0.3431708592392333,4.1991899512650095
TP,central_india,Week 3,2026-01-08,NCEP,0.3739062291653802,0.6174801180234556,-0.023251273149755544,0.17321960299111927,0.1964708761408748
TP,south_peninsula,Week 3,2026-01-08,NCEP,-0.07966758962186558,1.4279229214612164,-0.315266448080353,0.08361188898072384,0.3988783370610769
TP,east_northeast_india,Week 3,2026-01-08,NCEP,0.9940799586805935,0.26179766726413006,-0.012676372996206976,0.10870872876178125,0.12138510175798825
TP,All India,Week 3,2026-01-08,MME,0.2566391708917505,2.7560890467408083,-0.7880966572359435,0.736893139457143,1.5249897966930865
TP,northwest_india,Week 3,2026-01-08,MME,-0.48531804590888833,4.63143779286401,-2.881555020044472,1.317634931220539,4.1991899512650095
TP,central_india,Week 3,2026-01-08,MME,0.3940646918031357,0.6443459884962741,0.22711322051940622,0.42358409666028096,0.1964708761408748
TP,south_peninsula,Week 3,2026-01-08,MME,0.04355532121758374,1.3774734212562991,-0.21939483200694754,0.17948350505412933,0.3988783370610769
TP,east_northeast_india,Week 3,2026-01-08,MME,0.9734499650153614,0.9150447059380651,0.7566900240355696,0.8780751257935578,0.12138510175798825
TP,All India,Week 4,2026-01-08,Persistence,0.9201786463419843,0.5253346761576413,-0.1376595730561833,0.1649187849792382,0.3025783580354215
TP,northwest_india,Week 4,2026-01-08,Persistence,0.829744794144676,0.7598672867884828,-0.4257244805941322,0.24429184993216374,0.6700163305262958
TP,central_india,Week 4,2026-01-08,Persistence,0.759077643106768,0.2075755468053419,-0.053905875223854,0.019688794165620485,0.0735946693894745
TP,south_peninsula,Week 4,2026-01-08,Persistence,-0.016356836649337524,0.44544072696925735,0.22456278438524213,0.2634829716855972,0.038920187300355104
TP,east_northeast_india,Week 4,2026-01-08,Persistence,0.9960694015235008,0.4963197512281763,-0.15062632295772022,0.20077777449971596,0.3514040974574362
TP,All India,Week 4,2026-01-08,SPIRE,0.5824881128885082,1.2952673765206124,0.9607828237423817,1.2633611817778032,0.3025783580354215
TP,northwest_india,Week 4,2026-01-08,SPIRE,-0.23418347333478984,1.937327422543496,1.487550848009679,2.157567178535975,0.6700163305262958
TP,central_india,Week 4,2026-01-08,SPIRE,0.14989007444933117,0.8643106263304191,0.7673343914528923,0.8409290608423668,0.0735946693894745
TP,south_peninsula,Week 4,2026-01-08,SPIRE,0.821101519407442,0.36246007232878547,0.3378438472443251,0.37676403454468016,0.038920187300355104
TP,east_northeast_india,Week 4,2026-01-08,SPIRE,0.9807832063143604,1.0934020353675122,1.0274949240277844,1.3788990214852206,0.3514040974574362
TP,All India,Week 4,2026-01-08,FuXi,0.6559472180371684,1.127885944764228,0.6669239800163403,0.9695023380517618,0.3025783580354215
TP,northwest_india,Week 4,2026-01-08,FuXi,0.5084175277154422,1.0632237767178752,0.4538636749961455,1.1238800055224414,0.6700163305262958
TP,central_india,Week 4,2026-01-08,FuXi,-0.6728574007186686,1.0974770395783608,0.7255151160196471,0.7991097854091217,0.0735946693894745
TP,south_peninsula,Week 4,2026-01-08,FuXi,0.7003583426208116,0.3552256351462486,0.2489332591946763,0.28785344649503136,0.038920187300355104
TP,east_northeast_india,Week 4,2026-01-08,FuXi,0.9232544891419309,1.7782642232000565,1.518532555163602,1.8699366526210386,0.3514040974574362
TP,All India,Week 4,2026-01-08,ECMWF,0.7049912013701799,0.9808757508257276,0.6199167844795207,0.9224951425149419,0.3025783580354215
TP,northwest_india,Week 4,2026-01-08,ECMWF,0.033730825527171986,1.4588143974805585,1.073846292600649,1.7438626231269443,0.6700163305262958
TP,central_india,Week 4,2026-01-08,ECMWF,0.16452915524963777,0.437872530499625,0.30929082375746275,0.38288549314693726,0.0735946693894745
TP,south_peninsula,Week 4,2026-01-08,ECMWF,0.8177528391199935,0.2647616704845289,0.22667134743697964,0.2655915347373347,0.038920187300355104
TP,east_northeast_india,Week 4,2026-01-08,ECMWF,0.9537652431706057,1.133951187170818,0.8276569364177225,1.1790610338751586,0.3514040974574362
TP,All India,Week 4,2026-01-08,NCEP,0.9337857702861408,0.45165021488336504,0.15764994576839383,0.46022830380381535,0.3025783580354215
TP,northwest_india,Week 4,2026-01-08,NCEP,0.8311404941204348,0.5644539255683085,0.13476634467829668,0.8047826752045926,0.6700163305262958
TP,central_india,Week 4,2026-01-08,NCEP,0.7151254286454796,0.24590028475849926,0.1164140075744645,0.19000867696393905,0.0735946693894745
TP,south_peninsula,Week 4,2026-01-08,NCEP,0.5146596019764292,0.3802011016945914,0.27367274038818346,0.31259292768853847,0.038920187300355104
TP,east_northeast_india,Week 4,2026-01-08,NCEP,0.9899623744927244,0.5962974260903607,0.1574829245277871,0.5088870219852232,0.3514040974574362
TP,All India,Week 4,2026-01-08,MME,0.8175440718666588,0.8381519581468443,0.6013183835016589,0.9038967415370804,0.3025783580354215
TP,northwest_india,Week 4,2026-01-08,MME,0.5265203110561203,1.096982624773755,0.7875067900711924,1.4575231205974881,0.6700163305262958
TP,central_india,Week 4,2026-01-08,MME,-0.26266095746477924,0.6216158564516691,0.47963858470111664,0.5532332540905912,0.0735946693894745
TP,south_peninsula,Week 4,2026-01-08,MME,0.7928477370805523,0.31070488507635946,0.2717802985660411,0.3107004858663962,0.038920187300355104
TP,east_northeast_india,Week 4,2026-01-08,MME,0.9725278889582966,1.041587463694171,0.882791835034224,1.2341959324916603,0.3514040974574362
TP,All India,Week 5,2026-01-08,Persistence,0.972277271542513,0.3300448334198732,0.03799841346787863,0.1649187849792382,0.12692037151135957
TP,northwest_india,Week 5,2026-01-08,Persistence,0.9544412047577202,0.3797830201728233,0.01424784254471612,0.24429184993216374,0.23004400738744754
TP,central_india,Week 5,2026-01-08,Persistence,0.9909688007857753,0.038612163817383256,0.019583929309994887,0.019688794165620485,0.00010486485562559517
TP,south_peninsula,Week 5,2026-01-08,Persistence,0.23880000411844218,0.4723999139123645,0.2442015527784234,0.2634829716855972,0.019281418907173806
TP,east_northeast_india,Week 5,2026-01-08,Persistence,0.9940077626751468,0.36767072049587135,-0.12464579954903171,0.20077777449971596,0.32542357404874767
TP,All India,Week 5,2026-01-08,SPIRE,0.8057184309108486,1.1641027986139325,0.8238700201896898,0.9507903917010491,0.12692037151135957
TP,northwest_india,Week 5,2026-01-08,SPIRE,0.6069616040344481,1.6760367419346542,1.312435923599738,1.5424799309871857,0.23004400738744754
TP,central_india,Week 5,2026-01-08,SPIRE,0.249298790074648,0.6094865976812862,0.5434896706604049,0.5435945355160304,0.00010486485562559517
TP,south_peninsula,Week 5,2026-01-08,SPIRE,0.8388060067295176,0.3343550443682081,0.2883215931844641,0.3076030120916379,0.019281418907173806
TP,east_northeast_india,Week 5,2026-01-08,SPIRE,0.9639037370255826,1.4051750477740332,1.0639251501697338,1.3893487242184814,0.32542357404874767
TP,All India,Week 5,2026-01-08,FuXi,0.8996452734004,0.7223267235627632,0.44902355853539727,0.575943930046757,0.12692037151135957
TP,northwest_india,Week 5,2026-01-08,FuXi,0.8933432516631445,0.8470263651994678,0.5625743083851964,0.792618315772644,0.23004400738744754
TP,central_india,Week 5,2026-01-08,FuXi,-0.253611051277901,0.5664977222042806,0.42319773184843185,0.42330259670405745,0.00010486485562559517
TP,south_peninsula,Week 5,2026-01-08,FuXi,0.915903373318581,0.22705408852299852,0.17130387159207838,0.19058529049925219,0.019281418907173806
TP,east_northeast_india,Week 5,2026-01-08,FuXi,0.934165809262774,1.0669520564898596,0.6056232792452432,0.9310468532939907,0.32542357404874767
TP,All India,Week 5,2026-01-08,ECMWF,0.7426228292815052,1.1551898545462498,0.751036124994771,0.877956496506131,0.12692037151135957
TP,northwest_india,Week 5,2026-01-08,ECMWF,0.4993924145011674,1.7741787504411761,1.3876351734231513,1.617679180810599,0.23004400738744754
TP,central_india,Week 5,2026-01-08,ECMWF,-0.12546818912842175,0.48429196940075814,0.3881500711510302,0.3882549360066558,0.00010486485562559517
TP,south_peninsula,Week 5,2026-01-08,ECMWF,0.9502771826820403,0.21928723810031944,0.19817550494243316,0.217456923849607,0.019281418907173806
TP,east_northeast_india,Week 5,2026-01-08,ECMWF,0.9454485282603089,1.2199820805898502,0.877848902214232,1.2032724762629796,0.32542357404874767
TP,All India,Week 5,2026-01-08,NCEP,0.9417389041519592,0.4983575064907111,0.23253437895470835,0.35945475046606784,0.12692037151135957
TP,northwest_india,Week 5,2026-01-08,NCEP,0.9200962631695245,0.7385232669287609,0.5187136599340585,0.748757667321506,0.23004400738744754
TP,central_india,Week 5,2026-01-08,NCEP,0.97744262986852,0.10852827137583292,0.08489796688011508,0.08500283173574068,0.00010486485562559517
TP,south_peninsula,Week 5,2026-01-08,NCEP,0.6623433915218279,0.3154822228420724,0.17406452569552266,0.1933459446026965,0.019281418907173806
TP,east_northeast_india,Week 5,2026-01-08,NCEP,0.9810976407332304,0.5704219126604168,0.017612854906733044,0.34303642895548075,0.32542357404874767
TP,All India,Week 5,2026-01-08,MME,0.8913129053012407,0.8240225382784738,0.5641160206686417,0.6910363921800012,0.12692037151135957
TP,northwest_india,Week 5,2026-01-08,MME,0.8814284981562237,1.2197685857142861,0.945339766335536,1.1753837737229837,0.23004400738744754
TP,central_india,Week 5,2026-01-08,MME,0.3936852213978276,0.42601080201432784,0.35993386013499545,0.36003872499062106,0.00010486485562559517
TP,south_peninsula,Week 5,2026-01-08,MME,0.911375948461415,0.24214154995074352,0.20796637385362457,0.22724779276079837,0.019281418907173806
TP,east_northeast_india,Week 5,2026-01-08,MME,0.9628574156845571,0.9062930255435517,0.6412525466339855,0.9666761206827331,0.32542357404874767
TP,All India,Week 6,2026-01-08,Persistence,0.968334512931719,0.3805918520738711,0.03127700058586948,0.1649187849792382,0.13364178439336874
TP,northwest_india,Week 6,2026-01-08,Persistence,0.9808040445538148,0.4130219647189926,0.052454607443159974,0.24429184993216374,0.19183724248900372
TP,central_india,Week 6,2026-01-08,Persistence,0.9282171476283811,0.10825353158040696,-0.009231796580597192,0.019688794165620485,0.02892059074621767
TP,south_peninsula,Week 6,2026-01-08,Persistence,0.42992238904253055,0.47804035557626734,0.2446304842342741,0.2634829716855972,0.01885248745132313
TP,east_northeast_india,Week 6,2026-01-08,Persistence,0.9923528750583476,0.5373466381475809,-0.18790522437928137,0.20077777449971596,0.3886829988789973
TP,All India,Week 6,2026-01-08,SPIRE,0.8450726901504608,1.1770497437553176,0.7437199032097959,0.8773616876031647,0.13364178439336874
TP,northwest_india,Week 6,2026-01-08,SPIRE,0.7605162522663962,1.6931390186663768,1.1480240969160416,1.3398613394050454,0.19183724248900372
TP,central_india,Week 6,2026-01-08,SPIRE,0.5412634476529471,0.4941879712419226,0.42927500536483304,0.4581955961110507,0.02892059074621767
TP,south_peninsula,Week 6,2026-01-08,SPIRE,0.862131266648634,0.3679369467500495,0.30828256496402534,0.3271350524153484,0.01885248745132313
TP,east_northeast_india,Week 6,2026-01-08,SPIRE,0.9528590022519536,1.5210541998214124,1.1210786947539515,1.509761693632949,0.3886829988789973
TP,All India,Week 6,2026-01-08,FuXi,0.8747501935698573,0.8308798477415147,0.41802228758107524,0.551664071974444,0.13364178439336874
TP,northwest_india,Week 6,2026-01-08,FuXi,0.8988220251285555,1.2055163746828736,0.752892621820502,0.9447298643095059,0.19183724248900372
TP,central_india,Week 6,2026-01-08,FuXi,0.3717146780553574,0.3835087655210855,0.261225614378845,0.2901462051250627,0.02892059074621767
TP,south_peninsula,Week 6,2026-01-08,FuXi,0.9760113458463604,0.12526427569779666,0.09066142175037391,0.10951390920169701,0.01885248745132313
TP,east_northeast_india,Week 6,2026-01-08,FuXi,0.9375948900570573,1.051242583738358,0.4522928779294789,0.8409758768084762,0.3886829988789973
TP,All India,Week 6,2026-01-08,ECMWF,0.6751015362586335,1.3478088494603606,0.7636647968508494,0.8973065812442182,0.13364178439336874
TP,northwest_india,Week 6,2026-01-08,ECMWF,0.28112778978904396,2.1538875992153215,1.5217271304834556,1.7135643729724594,0.19183724248900372
TP,central_india,Week 6,2026-01-08,ECMWF,0.19588519723027228,0.4421203917927427,0.32524381645975753,0.3541644072059752,0.02892059074621767
TP,south_peninsula,Week 6,2026-01-08,ECMWF,0.9164916426577446,0.28335918791890996,0.23937876334047423,0.2582312507917974,0.01885248745132313
TP,east_northeast_india,Week 6,2026-01-08,ECMWF,0.939149682927141,1.2315488246351898,0.7622366289671123,1.1509196278461098,0.3886829988789973
TP,All India,Week 6,2026-01-08,NCEP,0.8804473868094094,0.8391402101886535,0.45940715217388706,0.5930489365672557,0.13364178439336874
TP,northwest_india,Week 6,2026-01-08,NCEP,0.859587304454224,1.2936785353410831,0.9393106403358719,1.1311478828248753,0.19183724248900372
TP,central_india,Week 6,2026-01-08,NCEP,0.8202093869571905,0.19736852594095217,0.10726807116755788,0.13618866191377554,0.02892059074621767
TP,south_peninsula,Week 6,2026-01-08,NCEP,0.8884415324118271,0.24097971310545718,0.13134193374333786,0.150194421194661,0.01885248745132313
TP,east_northeast_india,Week 6,2026-01-08,NCEP,0.9775472342954995,0.9543744084665804,0.6241705905194812,1.0128535893984787,0.3886829988789973
TP,All India,Week 6,2026-01-08,MME,0.8434719392581049,1.001908940268349,0.596203534953902,0.7298453193472707,0.13364178439336874
TP,northwest_india,Week 6,2026-01-08,MME,0.8421045983183987,1.559327017858327,1.0904886223889676,1.2823258648779716,0.19183724248900372
TP,central_india,Week 6,2026-01-08,MME,0.5988480301628228,0.3642806749211811,0.2807531268427484,0.309673717588966,0.02892059074621767
TP,south_peninsula,Week 6,2026-01-08,MME,0.9446673323929434,0.22913932708216345,0.19241617094955285,0.21126865840087597,0.01885248745132313
TP,east_northeast_india,Week 6,2026-01-08,MME,0.9601705547146837,1.0295846035102307,0.7399446980425061,1.1286276969215032,0.3886829988789973
TP,All India,Week 1,2026-01-15,Persistence,0.660503457607813,1.1382212206559112,0.12414606819833433,0.2803352341116102,0.1561891659132758
TP,northwest_india,Week 1,2026-01-15,Persistence,0.7383105626701627,0.8915066471280554,-0.3586395753667655,0.027375457296810363,0.3860150326635759
TP,central_india,Week 1,2026-01-15,Persistence,0.9967929033800154,0.01686781356413066,0.005833381564958928,0.007779019552377408,0.0019456379874184793
TP,south_peninsula,Week 1,2026-01-15,Persistence,-0.5272691200622062,2.3496301829178696,1.3627362928716722,1.4138923163442483,0.051156023472576216
TP,east_northeast_india,Week 1,2026-01-15,Persistence,0.9915498303135774,0.302185068308429,-0.09232100429475637,0.045071510649226834,0.13739251494398322
TP,All India,Week 1,2026-01-15,SPIRE,0.9030489429747656,0.4696983090053785,0.1648064398722072,0.320995605785483,0.1561891659132758
TP,northwest_india,Week 1,2026-01-15,SPIRE,0.7841557204224634,0.7959778939846082,0.37197180337317853,0.7579868360367544,0.3860150326635759
TP,central_india,Week 1,2026-01-15,SPIRE,0.9922246907985439,0.07084788010759041,0.06534550918608799,0.06729114717350647,0.0019456379874184793
TP,south_peninsula,Week 1,2026-01-15,SPIRE,0.8212512677348459,0.14047212249471155,0.03987558953099809,0.09103161300357429,0.051156023472576216
TP,east_northeast_india,Week 1,2026-01-15,SPIRE,0.9927405882209706,0.24758892353996176,0.09507716336635494,0.2324696783103381,0.13739251494398322
TP,All India,Week 1,2026-01-15,FuXi,0.9576059505817964,0.2949780527026367,-0.013134785096676746,0.14305438081659907,0.1561891659132758
TP,northwest_india,Week 1,2026-01-15,FuXi,0.9321744993184533,0.41617452433183694,-0.03693684350305529,0.3490781891605206,0.3860150326635759
TP,central_india,Week 1,2026-01-15,FuXi,0.9988146167934056,0.016034719074765256,0.01264439935934101,0.014590037346759491,0.0019456379874184793
TP,south_peninsula,Week 1,2026-01-15,FuXi,0.6837875549664196,0.20429358743724008,-0.01775651618776477,0.03339950728481144,0.051156023472576216
TP,east_northeast_india,Week 1,2026-01-15,FuXi,0.9797539687976323,0.39160389884332203,-0.01430613604171096,0.12308637890227223,0.13739251494398322
TP,All India,Week 1,2026-01-15,ECMWF,0.961832577264335,0.28762396724939016,0.0476039345424978,0.20379310045577367,0.1561891659132758
TP,northwest_india,Week 1,2026-01-15,ECMWF,0.9507382312069065,0.4061093572119291,0.19673720482150955,0.5827522374850854,0.3860150326635759
TP,central_india,Week 1,2026-01-15,ECMWF,0.9998630828321691,0.0032620774584397336,0.00023995265663921762,0.002185590644057697,0.0019456379874184793
TP,south_peninsula,Week 1,2026-01-15,ECMWF,0.7527129911365202,0.1658375132779972,-0.011267023219417286,0.03988900025315893,0.051156023472576216
TP,east_northeast_india,Week 1,2026-01-15,ECMWF,0.9835419518600643,0.4011749140966861,-0.09662997799873792,0.04076253694524527,0.13739251494398322
TP,All India,Week 1,2026-01-15,NCEP,0.9661119821682622,0.26848029710554955,0.042827841867066854,0.19901700778034268,0.1561891659132758
TP,northwest_india,Week 1,2026-01-15,NCEP,0.949326181094488,0.38530825210872977,0.15097814763803588,0.5369931803016118,0.3860150326635759
TP,central_india,Week 1,2026-01-15,NCEP,0.9997621085053119,0.004393230823112475,-0.000457716489627501,0.001487921497790978,0.0019456379874184793
TP,south_peninsula,Week 1,2026-01-15,NCEP,0.7181890199028971,0.18513273940110422,0.011202198152178156,0.06235822162475438,0.051156023472576216
TP,east_northeast_india,Week 1,2026-01-15,NCEP,0.9850476747921068,0.34201945107071363,-0.055117655254159216,0.08227485968982398,0.13739251494398322
TP,All India,Week 1,2026-01-15,MME,0.964048094723156,0.27816812984652645,0.06052585779627379,0.21671502370954962,0.1561891659132758
TP,northwest_india,Week 1,2026-01-15,MME,0.9523504368713493,0.4176187281156911,0.1706875780824172,0.5567026107459929,0.3860150326635759
TP,central_india,Week 1,2026-01-15,MME,0.999233435355831,0.021229824794283397,0.01944303617811018,0.02138867416552866,0.0019456379874184793
TP,south_peninsula,Week 1,2026-01-15,MME,0.7546990949284499,0.16625514157922605,0.0055135620689985565,0.056669585541574766,0.051156023472576216
TP,east_northeast_india,Week 1,2026-01-15,MME,0.986053390567794,0.3211506708078722,-0.017744151482063295,0.1196483634619199,0.13739251494398322
TP,All India,Week 2,2026-01-15,Persistence,-0.12248213172956522,3.5703201055513234,-1.2446545625814756,0.2803352341116102,1.5249897966930865
TP,northwest_india,Week 2,2026-01-15,Persistence,-0.8070780671154922,6.0804554706405485,-4.171814493968201,0.027375457296810363,4.1991899512650095
TP,central_india,Week 2,2026-01-15,Persistence,0.18728045909366253,0.6780328606722736,-0.1886918565884974,0.007779019552377408,0.1964708761408748
TP,south_peninsula,Week 2,2026-01-15,Persistence,0.6467782140884271,1.732948789276642,1.0150139792831714,1.4138923163442483,0.3988783370610769
TP,east_northeast_india,Week 2,2026-01-15,Persistence,0.9972780546279485,0.20339342990746995,-0.07631359110876143,0.045071510649226834,0.12138510175798825
TP,All India,Week 2,2026-01-15,SPIRE,0.8717794522131778,1.4269381989197525,-0.19865083498382713,1.3263389617092594,1.5249897966930865
TP,northwest_india,Week 2,2026-01-15,SPIRE,0.7896047682379757,2.2259962996793483,-0.7908382161052359,3.4083517351597754,4.1991899512650095
TP,central_india,Week 2,2026-01-15,SPIRE,0.6565921445304242,0.5188625944023804,0.09413989962809859,0.2906107757689735,0.1964708761408748
TP,south_peninsula,Week 2,2026-01-15,SPIRE,0.47739568793171067,1.274768041608035,-0.12343534059106195,0.2754429964700149,0.3988783370610769
TP,east_northeast_india,Week 2,2026-01-15,SPIRE,0.9976625200597629,0.45846384824486136,0.33209444694646734,0.4534795487044556,0.12138510175798825
TP,All India,Week 2,2026-01-15,FuXi,0.8724356631042398,1.509534397693553,0.46925647758893724,1.9942462742820235,1.5249897966930865
TP,northwest_india,Week 2,2026-01-15,FuXi,0.817971779997463,2.2953443226307924,1.1099292382293906,5.309119189494401,4.1991899512650095
TP,central_india,Week 2,2026-01-15,FuXi,0.6038191021251577,0.5674557408360941,0.20958676916208632,0.4060576453029612,0.1964708761408748
TP,south_peninsula,Week 2,2026-01-15,FuXi,0.1248423943078693,1.3709195034511754,-0.28030520487225136,0.11857313218882548,0.3988783370610769
TP,east_northeast_india,Week 2,2026-01-15,FuXi,0.9608890777025026,0.8464775796772107,0.5960804285203659,0.717465530278354,0.12138510175798825
TP,All India,Week 2,2026-01-15,ECMWF,0.874169282089027,1.3646038468615649,-0.2348694710294592,1.2901203256636273,1.5249897966930865
TP,northwest_india,Week 2,2026-01-15,ECMWF,0.7990718043473011,2.1048450030011323,-0.5983522833297065,3.6008376679353042,4.1991899512650095
TP,central_india,Week 2,2026-01-15,ECMWF,0.7489416393686652,0.48800057870001434,-0.055718826617131616,0.14075204952374318,0.1964708761408748
TP,south_peninsula,Week 2,2026-01-15,ECMWF,0.2197480454086439,1.3279969564949121,-0.14938919174412257,0.2494891453169543,0.3988783370610769
TP,east_northeast_india,Week 2,2026-01-15,ECMWF,0.9920574503201971,0.2941776539046904,0.04326658303110161,0.1646516847890899,0.12138510175798825
TP,All India,Week 2,2026-01-15,NCEP,0.8246394317304866,1.597061143886784,-0.3972830328064763,1.1277067638866096,1.5249897966930865
TP,northwest_india,Week 2,2026-01-15,NCEP,0.719668523769039,2.516630980835069,-0.9412837936727696,3.2579061575922412,4.1991899512650095
TP,central_india,Week 2,2026-01-15,NCEP,0.5877396932344506,0.5646647599189613,-0.12250774936370684,0.07396312677716796,0.1964708761408748
TP,south_peninsula,Week 2,2026-01-15,NCEP,-0.03741862776249682,1.4177343894617078,-0.33244868188265997,0.06642965517841692,0.3988783370610769
TP,east_northeast_india,Week 2,2026-01-15,NCEP,0.9943403729244961,0.24715705065498203,0.08230266010518993,0.2036877618631782,0.12138510175798825
TP,All India,Week 2,2026-01-15,MME,0.8794533204584501,1.3118351425572004,-0.09038671530770637,1.43460308138538,1.5249897966930865
TP,northwest_india,Week 2,2026-01-15,MME,0.8102197609376391,1.9846494225944589,-0.3051362637195802,3.894053687545431,4.1991899512650095
TP,central_india,Week 2,2026-01-15,MME,0.7051395472633049,0.4959786456073154,0.03137502320233661,0.22784589934321145,0.1964708761408748
TP,south_peninsula,Week 2,2026-01-15,MME,0.21499559184192985,1.3417120233333275,-0.221394604772524,0.1774837322885529,0.3988783370610769
TP,east_northeast_india,Week 2,2026-01-15,MME,0.9912771711341735,0.3852732955590855,0.2634360296507811,0.3848211314087694,0.12138510175798825
TP,All India,Week 3,2026-01-15,Persistence,0.7477107266579225,1.2156630949956624,-0.022243123923811406,0.2803352341116102,0.3025783580354215
TP,northwest_india,Week 3,2026-01-15,Persistence,0.8239220170496311,1.0510928519201055,-0.6426408732294854,0.027375457296810363,0.6700163305262958
TP,central_india,Week 3,2026-01-15,Persistence,0.7610792455870894,0.21029227864501204,-0.06581564983709708,0.007779019552377408,0.0735946693894745
TP,south_peninsula,Week 3,2026-01-15,Persistence,-0.2577140026667709,2.3503908200262225,1.3749721290438932,1.4138923163442483,0.038920187300355104
TP,east_northeast_india,Week 3,2026-01-15,Persistence,0.9937483231903603,0.7301960336745202,-0.3063325868082093,0.045071510649226834,0.3514040974574362
TP,All India,Week 3,2026-01-15,SPIRE,0.32468823595359675,1.351478672188949,0.8522280353494985,1.15480639338492,0.3025783580354215
TP,northwest_india,Week 3,2026-01-15,SPIRE,-0.6292639462016337,2.1287984977072116,1.5800071304170649,2.250023460943361,0.6700163305262958
TP,central_india,Week 3,2026-01-15,SPIRE,0.521985299591149,0.5381284668198416,0.44977845509740255,0.523373124486877,0.0735946693894745
TP,south_peninsula,Week 3,2026-01-15,SPIRE,0.9495626178741121,0.21217664455597626,0.2022388199777342,0.2411590072780893,0.038920187300355104
TP,east_northeast_india,Week 3,2026-01-15,SPIRE,0.9476751549672137,1.2832513468593303,0.9911668792472429,1.3425709767046792,0.3514040974574362
TP,All India,Week 3,2026-01-15,FuXi,0.15858604579425756,1.8290260584281144,1.1049416827351282,1.4075200407705497,0.3025783580354215
TP,northwest_india,Week 3,2026-01-15,FuXi,0.33216665857267563,1.2281189999641167,0.7116426984469143,1.3816590289732102,0.6700163305262958
TP,central_india,Week 3,2026-01-15,FuXi,-0.6398606227211585,1.4938714062013398,1.0190525219304705,1.0926471913199451,0.0735946693894745
TP,south_peninsula,Week 3,2026-01-15,FuXi,0.6890092637399283,0.34635191340710053,0.22540667344148196,0.26432686074183703,0.038920187300355104
TP,east_northeast_india,Week 3,2026-01-15,FuXi,0.5602697543085292,3.730457520133578,3.2547200587247764,3.6061241561822133,0.3514040974574362
TP,All India,Week 3,2026-01-15,ECMWF,0.6385413601492475,1.028914509236663,0.520625400737406,0.8232037587728278,0.3025783580354215
TP,northwest_india,Week 3,2026-01-15,ECMWF,-0.21170514449510375,1.681274787770017,1.1779457283773094,1.847962058903605,0.6700163305262958
TP,central_india,Week 3,2026-01-15,ECMWF,0.48175431018218506,0.3080793871630099,0.1438175459433987,0.2174122153328732,0.0735946693894745
TP,south_peninsula,Week 3,2026-01-15,ECMWF,0.8063421742016542,0.19966585191343103,0.15301267640607413,0.1919328637064292,0.038920187300355104
TP,east_northeast_india,Week 3,2026-01-15,ECMWF,0.9643962896421907,0.8168167492935325,0.40347168975570274,0.7548757872131389,0.3514040974574362
TP,All India,Week 3,2026-01-15,NCEP,0.9237039941083232,0.4375893338210771,0.055934061130311144,0.3585124191657327,0.3025783580354215
TP,northwest_india,Week 3,2026-01-15,NCEP,0.778325431927509,0.6129690127147488,0.052201668823915325,0.7222179993502112,0.6700163305262958
TP,central_india,Week 3,2026-01-15,NCEP,0.7420930982644621,0.2142948652034878,0.012792896731209742,0.08638756612068423,0.0735946693894745
TP,south_peninsula,Week 3,2026-01-15,NCEP,0.8577978654754737,0.16048257043642528,0.09321669103909758,0.13213687833945267,0.038920187300355104
TP,east_northeast_india,Week 3,2026-01-15,NCEP,0.9899460734480977,0.572652909272603,0.11627603225401115,0.4676801297114473,0.3514040974574362
TP,All India,Week 3,2026-01-15,MME,0.7028620025977118,0.9496630540543101,0.6334322949880862,0.9360106530235077,0.3025783580354215
TP,northwest_india,Week 3,2026-01-15,MME,0.2711127154222499,1.2403862134466987,0.8804493065163009,1.5504656370425969,0.6700163305262958
TP,central_india,Week 3,2026-01-15,MME,-0.2109074192679954,0.579666625327413,0.4063603549256204,0.47995502431509485,0.0735946693894745
TP,south_peninsula,Week 3,2026-01-15,MME,0.8966550013305248,0.19523498488757288,0.16846871521609696,0.20738890251645206,0.038920187300355104
TP,east_northeast_india,Week 3,2026-01-15,MME,0.9331079003014425,1.3708079409256049,1.1914086649954332,1.5428127624528694,0.3514040974574362
TP,All India,Week 4,2026-01-15,Persistence,0.8333850921942557,1.095389258232637,0.15341486260025053,0.2803352341116102,0.12692037151135957
TP,northwest_india,Week 4,2026-01-15,Persistence,0.9560369829971218,0.5218508672902581,-0.20266855009063728,0.027375457296810363,0.23004400738744754
TP,central_india,Week 4,2026-01-15,Persistence,0.9985869025270162,0.015589224809751421,0.0076741546967518115,0.007779019552377408,0.00010486485562559517
TP,south_peninsula,Week 4,2026-01-15,Persistence,-0.11319528560411843,2.3674177408255552,1.3946108974370746,1.4138923163442483,0.019281418907173806
TP,east_northeast_india,Week 4,2026-01-15,Persistence,0.9819376065272385,0.6970041506805379,-0.28035206339952085,0.045071510649226834,0.32542357404874767
TP,All India,Week 4,2026-01-15,SPIRE,0.8113298307668941,1.0904849511107306,0.6822891346354529,0.8092095061468124,0.12692037151135957
TP,northwest_india,Week 4,2026-01-15,SPIRE,0.6585281109604639,1.5814020114157772,1.1861067773041551,1.4161507846916028,0.23004400738744754
TP,central_india,Week 4,2026-01-15,SPIRE,0.7618360536255592,0.385646454791847,0.3506768645610534,0.350781729416679,0.00010486485562559517
TP,south_peninsula,Week 4,2026-01-15,SPIRE,0.9563260675200808,0.18889041441443022,0.1584863874174991,0.17776780632467287,0.019281418907173806
TP,east_northeast_india,Week 4,2026-01-15,SPIRE,0.9543594915706434,1.4619251222800722,0.9914891234372312,1.316912697485979,0.32542357404874767
TP,All India,Week 4,2026-01-15,FuXi,0.6759927298879518,1.2257271592625525,0.7642709426519451,0.8911913141633043,0.12692037151135957
TP,northwest_india,Week 4,2026-01-15,FuXi,0.47757583230927864,1.6196190576217178,1.1772377834385304,1.407281790825978,0.23004400738744754
TP,central_india,Week 4,2026-01-15,FuXi,-0.2676947654883097,0.6345119355678138,0.4675333503542586,0.4676382152098842,0.00010486485562559517
TP,south_peninsula,Week 4,2026-01-15,FuXi,0.9461844138698959,0.1906887823860566,0.15484399094460813,0.17412540985178196,0.019281418907173806
TP,east_northeast_india,Week 4,2026-01-15,FuXi,0.8382421449598109,1.841760625383338,1.298757572981401,1.6241811470301486,0.32542357404874767
TP,All India,Week 4,2026-01-15,ECMWF,0.5421689253368458,1.3818232894888451,0.7540036037445392,0.8809239752558987,0.12692037151135957
TP,northwest_india,Week 4,2026-01-15,ECMWF,-0.2615658115512879,2.250194979715532,1.6343060536369989,1.8643500610244463,0.23004400738744754
TP,central_india,Week 4,2026-01-15,ECMWF,0.8057351938580545,0.2739559592084053,0.21685421752940046,0.21695908238502606,0.00010486485562559517
TP,south_peninsula,Week 4,2026-01-15,ECMWF,0.9494947507242888,0.19159265342691126,0.16623028514306118,0.18551170405023498,0.019281418907173806
TP,east_northeast_india,Week 4,2026-01-15,ECMWF,0.9210469656859764,1.242207336184281,0.79020006046653,1.1156236345152775,0.32542357404874767
TP,All India,Week 4,2026-01-15,NCEP,0.5049852527004691,1.4943448763295752,0.7051045956125658,0.8320249671239253,0.12692037151135957
TP,northwest_india,Week 4,2026-01-15,NCEP,-0.42105183636116195,2.562752104227706,1.833629440209526,2.063673447596973,0.23004400738744754
TP,central_india,Week 4,2026-01-15,NCEP,0.8896873611747093,0.17492031264911265,0.12935850751728173,0.1294633723729073,0.00010486485562559517
TP,south_peninsula,Week 4,2026-01-15,NCEP,0.4729041028453246,0.40547694123345385,0.29213243716165704,0.3114138560688309,0.019281418907173806
TP,east_northeast_india,Week 4,2026-01-15,NCEP,0.9789574027171531,0.6106318711014999,0.0698277802781743,0.39525135432692204,0.32542357404874767
TP,All India,Week 4,2026-01-15,MME,0.6497830075292736,1.228404064653203,0.7264170691611256,0.8533374406724853,0.12692037151135957
TP,northwest_india,Week 4,2026-01-15,MME,0.02818950290163134,1.973752869427425,1.4578200136473025,1.68786402103475,0.23004400738744754
TP,central_india,Week 4,2026-01-15,MME,0.5636774695319439,0.3558018015389782,0.2911057349904986,0.2912105998461242,0.00010486485562559517
TP,south_peninsula,Week 4,2026-01-15,MME,0.9305169534337214,0.2248372617797041,0.19292327516670635,0.21220469407388018,0.019281418907173806
TP,east_northeast_india,Week 4,2026-01-15,MME,0.9409424444050661,1.1268863282224777,0.7875686342908342,1.1129922083395818,0.32542357404874767
TP,All India,Week 5,2026-01-15,Persistence,0.8506571705939479,1.0909720086455268,0.14669344971824141,0.2803352341116102,0.13364178439336874
TP,northwest_india,Week 5,2026-01-15,Persistence,0.9856335230900687,0.3145873206323663,-0.16446178519219334,0.027375457296810363,0.19183724248900372
TP,central_india,Week 5,2026-01-15,Persistence,0.9326437044034191,0.10660970603660591,-0.021141571193840265,0.007779019552377408,0.02892059074621767
TP,south_peninsula,Week 5,2026-01-15,Persistence,-0.057648826594049726,2.3720152929645475,1.3950398288929255,1.4138923163442483,0.01885248745132313
TP,east_northeast_india,Week 5,2026-01-15,Persistence,0.9818358879438418,0.8643448968948187,-0.3436114882297705,0.045071510649226834,0.3886829988789973
TP,All India,Week 5,2026-01-15,SPIRE,0.8782776400466491,1.0334415043045924,0.6055879264573482,0.739229710850717,0.13364178439336874
TP,northwest_india,Week 5,2026-01-15,SPIRE,0.8331441502601064,1.5161725826432013,0.9777385072446995,1.1695757497337032,0.19183724248900372
TP,central_india,Week 5,2026-01-15,SPIRE,0.836037716830796,0.3612266334797726,0.32418197264407816,0.3531025633902958,0.02892059074621767
TP,south_peninsula,Week 5,2026-01-15,SPIRE,0.7975578028210335,0.35095909608543685,0.2653441921309834,0.28419667958230654,0.01885248745132313
TP,east_northeast_india,Week 5,2026-01-15,SPIRE,0.955639886386477,1.303047916138173,0.8592166622676477,1.247899661146645,0.3886829988789973
TP,All India,Week 5,2026-01-15,FuXi,0.6487787618392135,1.437388143753071,0.8771276801210306,1.0107694645143992,0.13364178439336874
TP,northwest_india,Week 5,2026-01-15,FuXi,0.29489794478038683,2.0898806040489895,1.4232259899669988,1.6150632324560028,0.19183724248900372
TP,central_india,Week 5,2026-01-15,FuXi,-0.29874711826163053,0.7197542715956774,0.4970813355419403,0.5260019262881578,0.02892059074621767
TP,south_peninsula,Week 5,2026-01-15,FuXi,0.5354911336594991,0.5686199422328356,0.42961796602682517,0.4484704534781483,0.01885248745132313
TP,east_northeast_india,Week 5,2026-01-15,FuXi,0.8834599793618217,1.6569425253263315,1.1097216932377856,1.4984046921167826,0.3886829988789973
TP,All India,Week 5,2026-01-15,ECMWF,0.7160507787610281,1.2132003758404057,0.6219960863851203,0.7556378707784892,0.13364178439336874
TP,northwest_india,Week 5,2026-01-15,ECMWF,0.3778525391798719,1.9576205965412783,1.2901885065276224,1.4820257490166262,0.19183724248900372
TP,central_india,Week 5,2026-01-15,ECMWF,0.643514261121466,0.31219121781454157,0.21783252218903312,0.24675311293525076,0.02892059074621767
TP,south_peninsula,Week 5,2026-01-15,ECMWF,0.9604121832728143,0.21959768781597738,0.19027623233773808,0.2091287197890612,0.01885248745132313
TP,east_northeast_india,Week 5,2026-01-15,ECMWF,0.9451340544922514,1.1084409754951803,0.6233830985284954,1.0120660974074929,0.3886829988789973
TP,All India,Week 5,2026-01-15,NCEP,0.8079054762014569,1.0017921804831162,0.48881297152413694,0.6224547559175057,0.13364178439336874
TP,northwest_india,Week 5,2026-01-15,NCEP,0.6593094803227524,1.670572064486668,1.131087702692634,1.3229249451816376,0.19183724248900372
TP,central_india,Week 5,2026-01-15,NCEP,0.9059343105541225,0.16224436720192323,0.09335022381020117,0.12227081455641883,0.02892059074621767
TP,south_peninsula,Week 5,2026-01-15,NCEP,0.95165513948945,0.2099106062750795,0.17481751508963878,0.1936700025409619,0.01885248745132313
TP,east_northeast_india,Week 5,2026-01-15,NCEP,0.9788992000250972,0.7261449916104583,0.38042902466772466,0.769112023546722,0.3886829988789973
TP,All India,Week 5,2026-01-15,MME,0.7846257248815715,1.1260028968785623,0.6483811661219092,0.7820229505152778,0.13364178439336874
TP,northwest_india,Week 5,2026-01-15,MME,0.6580531249960125,1.7779401026876085,1.205560176607989,1.3973974190969924,0.19183724248900372
TP,central_india,Week 5,2026-01-15,MME,0.5314325530221323,0.3753644257522764,0.28311151354631314,0.3120321042925308,0.02892059074621767
TP,south_peninsula,Week 5,2026-01-15,MME,0.8699834850386305,0.32442956667777123,0.26501397639629637,0.2838664638476195,0.01885248745132313
TP,east_northeast_india,Week 5,2026-01-15,MME,0.9521773075078381,1.0747155386153053,0.7431876196754132,1.1318706185544105,0.3886829988789973
TP,All India,Week 6,2026-01-15,Persistence,0.8021407707425149,1.2636246519030987,0.014460846724069524,0.2803352341116102,0.26587438738754066
TP,northwest_india,Week 6,2026-01-15,Persistence,0.9900743938034912,0.22965127828113058,-0.038698329821801915,0.027375457296810363,0.06607378711861228
TP,central_india,Week 6,2026-01-15,Persistence,0.8104387362802551,0.1910764913715937,-0.10299918932502704,0.007779019552377408,0.11077820887740444
TP,south_peninsula,Week 6,2026-01-15,Persistence,-0.24847312461858204,2.500324696514547,0.8296845723118776,1.4138923163442483,0.5842077440323707
TP,east_northeast_india,Week 6,2026-01-15,Persistence,0.9013231830001626,1.6558793923529624,-0.6154799316429174,0.045071510649226834,0.6605514422921444
TP,All India,Week 6,2026-01-15,SPIRE,0.7165627762664688,1.3325650562190512,0.6086347143592108,0.8745091017467516,0.26587438738754066
TP,northwest_india,Week 6,2026-01-15,SPIRE,0.8005455482755924,1.600367600772441,1.1575551158735315,1.2236289029921439,0.06607378711861228
TP,central_india,Week 6,2026-01-15,SPIRE,0.4356545060505634,0.40345682496063345,0.3342801235974676,0.4450583324748721,0.11077820887740444
TP,south_peninsula,Week 6,2026-01-15,SPIRE,-0.8325583240504781,1.3397203184801623,-0.12044632476963722,0.46376141926273357,0.5842077440323707
TP,east_northeast_india,Week 6,2026-01-15,SPIRE,0.8203662859154899,1.9293170255932448,0.9439292253707857,1.60448066766293,0.6605514422921444
TP,All India,Week 6,2026-01-15,FuXi,0.7116777328729104,1.1851067667814301,0.25615522245448685,0.5220296098420275,0.26587438738754066
TP,northwest_india,Week 6,2026-01-15,FuXi,0.8671429538591071,1.2285392959688797,0.8179121183655462,0.8839859054841585,0.06607378711861228
TP,central_india,Week 6,2026-01-15,FuXi,0.5551453643652888,0.21414799930028086,0.0749135063315746,0.18569171520897904,0.11077820887740444
TP,south_peninsula,Week 6,2026-01-15,FuXi,-0.9518821294909586,1.5457310758756622,-0.42688797322843236,0.1573197708039384,0.5842077440323707
TP,east_northeast_india,Week 6,2026-01-15,FuXi,0.8147244952116162,1.7477643302848833,0.293346232763744,0.9538976750558883,0.6605514422921444
TP,All India,Week 6,2026-01-15,ECMWF,0.6527336769827817,1.3461287389425292,0.4648294776008212,0.7307038649883619,0.26587438738754066
TP,northwest_india,Week 6,2026-01-15,ECMWF,0.7058327283009788,1.6948470853485356,1.2336337281721685,1.2997075152907809,0.06607378711861228
TP,central_india,Week 6,2026-01-15,ECMWF,0.6029274918264472,0.2147708808682275,0.12263679522872918,0.2334150041061336,0.11077820887740444
TP,south_peninsula,Week 6,2026-01-15,ECMWF,-0.9360972984600637,1.4609370683975382,-0.24344852322859015,0.3407592208037807,0.5842077440323707
TP,east_northeast_india,Week 6,2026-01-15,ECMWF,0.8303107217932469,1.7692696633512843,0.449001860156477,1.109553302448621,0.6605514422921444
TP,All India,Week 6,2026-01-15,NCEP,0.42471216793821137,1.7910467926728693,0.6887641522581632,0.9546385396457038,0.26587438738754066
TP,northwest_india,Week 6,2026-01-15,NCEP,-0.07088747782573113,2.661004649998462,2.0091868864470093,2.0752606735656216,0.06607378711861228
TP,central_india,Week 6,2026-01-15,NCEP,0.45220932134091013,0.2543024979456926,0.033058162526789815,0.14383637140419425,0.11077820887740444
TP,south_peninsula,Week 6,2026-01-15,NCEP,-0.927758562227239,1.5835801291633096,-0.5071196660159663,0.07708807801640448,0.5842077440323707
TP,east_northeast_india,Week 6,2026-01-15,NCEP,0.8831174878120043,1.6740301014312644,0.7913308032709289,1.451882245563073,0.6605514422921444
TP,All India,Week 6,2026-01-15,MME,0.6414637330128307,1.3591537507615987,0.5045958916681704,0.7704702790557111,0.26587438738754066
TP,northwest_india,Week 6,2026-01-15,MME,0.6677939237464767,1.7759446085040376,1.3045719622145637,1.3706457493331763,0.06607378711861228
TP,central_india,Week 6,2026-01-15,MME,0.5403977578795318,0.24345472542700483,0.1412221469211403,0.25200035579854474,0.11077820887740444
TP,south_peninsula,Week 6,2026-01-15,MME,-0.9457838392193305,1.4731310006648453,-0.32447562181065653,0.25973212222171427,0.5842077440323707
TP,east_northeast_india,Week 6,2026-01-15,MME,0.849331732323251,1.6363221211219863,0.6194020303904839,1.2799534726826283,0.6605514422921444
TP,All India,Week 1,2026-01-22,Persistence,-0.09081174093349495,3.344995790573379,-1.3688006307798104,0.1561891659132758,1.5249897966930865
TP,northwest_india,Week 1,2026-01-22,Persistence,-0.6725929806258836,5.720158131235565,-3.813174918601435,0.3860150326635759,4.1991899512650095
TP,central_india,Week 1,2026-01-22,Persistence,0.21985063694612336,0.6724315160325532,-0.19452523815345635,0.0019456379874184793,0.1964708761408748
TP,south_peninsula,Week 1,2026-01-22,Persistence,-0.23439231417919204,1.4455932544071934,-0.3477223135885007,0.051156023472576216,0.3988783370610769
TP,east_northeast_india,Week 1,2026-01-22,Persistence,0.9980729924676374,0.1428385112810368,0.016007413185994947,0.13739251494398322,0.12138510175798825
TP,All India,Week 1,2026-01-22,SPIRE,0.9013666200482203,1.2371207547780296,0.20437454329906588,1.7293643399921526,1.5249897966930865
TP,northwest_india,Week 1,2026-01-22,SPIRE,0.8434895316063813,1.9573228302046788,0.370786746601281,4.569976697866292,4.1991899512650095
TP,central_india,Week 1,2026-01-22,SPIRE,0.8171115517167478,0.4200186480821106,0.15786197471432833,0.3543328508552032,0.1964708761408748
TP,south_peninsula,Week 1,2026-01-22,SPIRE,0.8395869049135706,1.0601391307685337,-0.011648495917148513,0.38722984114392844,0.3988783370610769
TP,east_northeast_india,Week 1,2026-01-22,SPIRE,0.9969334951784015,0.32513511733519457,0.21601513627024552,0.3374002380282337,0.12138510175798825
TP,All India,Week 1,2026-01-22,FuXi,0.8513992540255068,1.6622520756217338,-0.5016158896970765,1.0233739069960102,1.5249897966930865
TP,northwest_india,Week 1,2026-01-22,FuXi,0.7757934471507429,2.7854813447465316,-1.5519902364374818,2.6471997148275292,4.1991899512650095
TP,central_india,Week 1,2026-01-22,FuXi,0.5769401898859717,0.5553481548880075,-0.06486766804469041,0.13160320809618442,0.1964708761408748
TP,south_peninsula,Week 1,2026-01-22,FuXi,0.8540896863784174,0.808220776431386,0.1578025747268471,0.556680911787924,0.3988783370610769
TP,east_northeast_india,Week 1,2026-01-22,FuXi,0.9923451750603198,0.2938526239726295,-0.026075309101114053,0.0953097926568742,0.12138510175798825
TP,All India,Week 1,2026-01-22,ECMWF,0.9068761504426017,1.1494713694136387,-0.0010551593433641095,1.5239346373497222,1.5249897966930865
TP,northwest_india,Week 1,2026-01-22,ECMWF,0.8410799801601283,1.8121538054991284,-0.08616076910613803,4.113029182158873,4.1991899512650095
TP,central_india,Week 1,2026-01-22,ECMWF,0.7700054846540133,0.4719111414855641,-0.055300116396959524,0.1411707597439153,0.1964708761408748
TP,south_peninsula,Week 1,2026-01-22,ECMWF,0.7742944151979626,0.9478927672724643,0.2724426684084997,0.6713210054695765,0.3988783370610769
TP,east_northeast_india,Week 1,2026-01-22,ECMWF,0.9935391309056136,0.26686381566118295,-0.03155487579656435,0.0898302259614239,0.12138510175798825
TP,All India,Week 1,2026-01-22,NCEP,0.770261057507377,1.7881543645521818,-0.4141652649570823,1.1108245317360044,1.5249897966930865
TP,northwest_india,Week 1,2026-01-22,NCEP,0.6567671268115185,2.9242157167949108,-1.392931040620306,2.806258910644705,4.1991899512650095
TP,central_india,Week 1,2026-01-22,NCEP,0.3446524564997164,0.6392974838517106,-0.1708036860929657,0.02566719004790912,0.1964708761408748
TP,south_peninsula,Week 1,2026-01-22,NCEP,0.6280353021964938,1.2044312909265784,0.5566356155323491,0.9555139525934259,0.3988783370610769
TP,east_northeast_india,Week 1,2026-01-22,NCEP,0.9951143187525369,0.2263786733172898,-0.04059190566571263,0.08079319609227563,0.12138510175798825
TP,All India,Week 1,2026-01-22,MME,0.9070845382025114,1.2091054938435741,-0.17811544267461424,1.346874354018472,1.5249897966930865
TP,northwest_india,Week 1,2026-01-22,MME,0.8468878219117595,1.92531570149475,-0.6650738248906615,3.5341161263743492,4.1991899512650095
TP,central_india,Week 1,2026-01-22,MME,0.7220678468398616,0.49510051889553064,-0.03327737395507182,0.16319350218580303,0.1964708761408748
TP,south_peninsula,Week 1,2026-01-22,MME,0.7803600752948037,0.9456165891604948,0.2438080906876368,0.6426864277487137,0.3988783370610769
TP,east_northeast_india,Week 1,2026-01-22,MME,0.9951225286255734,0.21417816580304677,0.02944826142671361,0.1508333631847019,0.12138510175798825
TP,All India,Week 2,2026-01-22,Persistence,0.9169776819618826,0.5623599455125997,-0.14638919212214566,0.1561891659132758,0.3025783580354215
TP,northwest_india,Week 2,2026-01-22,Persistence,0.7854873707703954,0.8900781283343066,-0.2840012978627199,0.3860150326635759,0.6700163305262958
TP,central_india,Week 2,2026-01-22,Persistence,0.7696631570922557,0.20936008065487105,-0.07164903140205602,0.0019456379874184793,0.0735946693894745
TP,south_peninsula,Week 2,2026-01-22,Persistence,0.7785757616184117,0.12646545701535036,0.012235836172221114,0.051156023472576216,0.038920187300355104
TP,east_northeast_india,Week 2,2026-01-22,Persistence,0.9972590114347976,0.5222785636081809,-0.21401158251345298,0.13739251494398322,0.3514040974574362
TP,All India,Week 2,2026-01-22,SPIRE,0.8767452717011602,0.6058042285968008,0.37477137390347454,0.6773497319388961,0.3025783580354215
TP,northwest_india,Week 2,2026-01-22,SPIRE,0.7158388458940138,0.793521038242786,0.4044573977602141,1.07447372828651,0.6700163305262958
TP,central_india,Week 2,2026-01-22,SPIRE,0.5821843372314814,0.5185291159667631,0.4171031918486272,0.4906978612381018,0.0735946693894745
TP,south_peninsula,Week 2,2026-01-22,SPIRE,0.9609547301264882,0.1903826403776619,0.18107329539099337,0.21999348269134852,0.038920187300355104
TP,east_northeast_india,Week 2,2026-01-22,SPIRE,0.9815657584563173,0.6550571995262863,0.45423564580984244,0.8056397432672786,0.3514040974574362
TP,All India,Week 2,2026-01-22,FuXi,0.898649647183898,0.6930257472715647,0.2013575511337309,0.5039359091691523,0.3025783580354215
TP,northwest_india,Week 2,2026-01-22,FuXi,0.7908764387925574,0.951687089314695,0.18456473623603747,0.8545810667623335,0.6700163305262958
TP,central_india,Week 2,2026-01-22,FuXi,0.5530564594729855,0.604038575775268,0.4073619783588181,0.48095664774829266,0.0735946693894745
TP,south_peninsula,Week 2,2026-01-22,FuXi,0.9296697042389881,0.14520238718908016,0.07242041935091165,0.11134060665126674,0.038920187300355104
TP,east_northeast_india,Week 2,2026-01-22,FuXi,0.9850199470776975,0.6215213948891077,-0.07226814253014888,0.2791359549272873,0.3514040974574362
TP,All India,Week 2,2026-01-22,ECMWF,0.9179605181355277,0.44072629870180696,0.06118974831469316,0.3637681063501147,0.3025783580354215
TP,northwest_india,Week 2,2026-01-22,ECMWF,0.7855568082593856,0.5914894376177288,0.1983606900209428,0.8683770205472386,0.6700163305262958
TP,central_india,Week 2,2026-01-22,ECMWF,0.7779354387209473,0.19586044869273195,-0.014218612154352593,0.05937605723512191,0.0735946693894745
TP,south_peninsula,Week 2,2026-01-22,ECMWF,0.8262320906301975,0.1423193400741701,0.06077942537673447,0.09969961267708957,0.038920187300355104
TP,east_northeast_india,Week 2,2026-01-22,ECMWF,0.9763838488249398,0.6534963621159676,-0.06557929146078983,0.28582480599664634,0.3514040974574362
TP,All India,Week 2,2026-01-22,NCEP,0.915055264279783,0.4725642587350954,0.0833621567591471,0.3859405147945686,0.3025783580354215
TP,northwest_india,Week 2,2026-01-22,NCEP,0.8066622397786948,0.5972789968545302,0.01097709240573697,0.6809934229320327,0.6700163305262958
TP,central_india,Week 2,2026-01-22,NCEP,0.680315460984802,0.23378821932973215,0.05144928051294399,0.12504394990241846,0.0735946693894745
TP,south_peninsula,Week 2,2026-01-22,NCEP,0.9348824936123521,0.09130668118216499,0.02848203101625183,0.06740221831660692,0.038920187300355104
TP,east_northeast_india,Week 2,2026-01-22,NCEP,0.9848520781471182,0.7647442775759132,0.38267936655476786,0.734083464012204,0.3514040974574362
TP,All India,Week 2,2026-01-22,MME,0.9289655496266225,0.4469419093271727,0.1801702075277614,0.48274856556318285,0.3025783580354215
TP,northwest_india,Week 2,2026-01-22,MME,0.8068842359361379,0.6301466113708032,0.19958997910573287,0.8696063096320287,0.6700163305262958
TP,central_india,Week 2,2026-01-22,MME,0.6864958674796043,0.31996133794723813,0.21542395964150923,0.2890186290309837,0.0735946693894745
TP,south_peninsula,Week 2,2026-01-22,MME,0.9420316304323755,0.11436037475320125,0.08568879278372284,0.12460898008407793,0.038920187300355104
TP,east_northeast_india,Week 2,2026-01-22,MME,0.9860279571739,0.47286618764544835,0.1747668945934179,0.526170992050854,0.3514040974574362
TP,All India,Week 3,2026-01-22,Persistence,0.9664654872437624,0.37512101756617056,0.02926879440191623,0.1561891659132758,0.12692037151135957
TP,northwest_india,Week 3,2026-01-22,Persistence,0.9274143233877342,0.5676305552773662,0.1559710252761283,0.3860150326635759,0.23004400738744754
TP,central_india,Week 3,2026-01-22,Persistence,0.9996487401541622,0.006880292259189361,0.0018407731317928843,0.0019456379874184793,0.00010486485562559517
TP,south_peninsula,Week 3,2026-01-22,Persistence,0.8998757686161313,0.15743239785836133,0.03187460456540241,0.051156023472576216,0.019281418907173806
TP,east_northeast_india,Week 3,2026-01-22,Persistence,0.99024799974656,0.4582944726072862,-0.1880310591047645,0.13739251494398322,0.32542357404874767
TP,All India,Week 3,2026-01-22,SPIRE,0.9352856182249453,0.7707966204585112,0.5654166668149753,0.6923370383263348,0.12692037151135957
TP,northwest_india,Week 3,2026-01-22,SPIRE,0.858668596762985,0.9770413490388705,0.7164143032138672,0.9464583106013149,0.23004400738744754
TP,central_india,Week 3,2026-01-22,SPIRE,0.5371070237322276,0.544803107459406,0.4949247484602621,0.4950296133158876,0.00010486485562559517
TP,south_peninsula,Week 3,2026-01-22,SPIRE,0.921644959827873,0.34091060233260695,0.3165229194102022,0.335804338317376,0.019281418907173806
TP,east_northeast_india,Week 3,2026-01-22,SPIRE,0.980669997112617,1.0396675466793786,0.7064255167787846,1.0318490908275322,0.32542357404874767
TP,All India,Week 3,2026-01-22,FuXi,0.9313156165057259,0.6732491971646479,0.3486364933501296,0.47555686486148907,0.12692037151135957
TP,northwest_india,Week 3,2026-01-22,FuXi,0.9074695600845198,0.6632766246048991,0.21573628827950264,0.4457802956669502,0.23004400738744754
TP,central_india,Week 3,2026-01-22,FuXi,0.29868274935991834,0.801510122515582,0.6502012025490795,0.6503060674047051,0.00010486485562559517
TP,south_peninsula,Week 3,2026-01-22,FuXi,0.9700604146200652,0.22360428166361765,0.20565146676599763,0.22493288567317138,0.019281418907173806
TP,east_northeast_india,Week 3,2026-01-22,FuXi,0.9641723891750408,0.7429346834537638,0.12771570456603618,0.4531392786147838,0.32542357404874767
TP,All India,Week 3,2026-01-22,ECMWF,0.911250928592143,0.6301820621119233,0.3293712949774331,0.4562916664887927,0.12692037151135957
TP,northwest_india,Week 3,2026-01-22,ECMWF,0.8976985500254627,0.8839706844470077,0.6198340307849636,0.8498780381724111,0.23004400738744754
TP,central_india,Week 3,2026-01-22,ECMWF,0.9651481051252309,0.11769706127696658,0.09156091230816345,0.09166577716378901,0.00010486485562559517
TP,south_peninsula,Week 3,2026-01-22,ECMWF,0.8688451770958857,0.21427631044511244,0.1526067191097347,0.1718881380169085,0.019281418907173806
TP,east_northeast_india,Week 3,2026-01-22,ECMWF,0.9428263862644454,0.933124355924484,0.4583614251557617,0.7837849992045094,0.32542357404874767
TP,All India,Week 3,2026-01-22,NCEP,0.9055497172626449,0.6655848791065098,0.35074103217936353,0.477661403690723,0.12692037151135957
TP,northwest_india,Week 3,2026-01-22,NCEP,0.8798489394418623,1.0567412683759918,0.8597291507450738,1.0897731581325214,0.23004400738744754
TP,central_india,Week 3,2026-01-22,NCEP,0.6973885485634542,0.24992001382456122,0.17229755304573904,0.17240241790136462,0.00010486485562559517
TP,south_peninsula,Week 3,2026-01-22,NCEP,0.9809444621799127,0.07815519898394632,0.04791753599994086,0.06719895490711468,0.019281418907173806
TP,east_northeast_india,Week 3,2026-01-22,NCEP,0.9804902757811855,0.6203443758050412,0.023647339634733058,0.34907091368348075,0.32542357404874767
TP,All India,Week 3,2026-01-22,MME,0.947118197224597,0.5768170967537793,0.3985413718304752,0.5254617433418349,0.12692037151135957
TP,northwest_india,Week 3,2026-01-22,MME,0.91758849880592,0.7962185659895815,0.6029284432558518,0.8329724506432994,0.23004400738744754
TP,central_india,Week 3,2026-01-22,MME,0.618967856495534,0.4125320733654533,0.35224610409081103,0.35235096894643664,0.00010486485562559517
TP,south_peninsula,Week 3,2026-01-22,MME,0.9827512144659165,0.190858630641152,0.18067466032146884,0.19995607922864264,0.019281418907173806
TP,east_northeast_india,Week 3,2026-01-22,MME,0.972673823406883,0.644110791540334,0.32903749653382885,0.6544610705825766,0.32542357404874767
TP,All India,Week 4,2026-01-22,Persistence,0.9316278124710407,0.5665101779852202,0.022547381519907088,0.1561891659132758,0.13364178439336874
TP,northwest_india,Week 4,2026-01-22,Persistence,0.8433359306234638,0.8866192219091049,0.19417779017457215,0.3860150326635759,0.19183724248900372
TP,central_india,Week 4,2026-01-22,Persistence,0.9393349317923105,0.10317843565607919,-0.0269749527587992,0.0019456379874184793,0.02892059074621767
TP,south_peninsula,Week 4,2026-01-22,Persistence,0.9594435006986882,0.1603944903368816,0.03230353602125308,0.051156023472576216,0.01885248745132313
TP,east_northeast_india,Week 4,2026-01-22,Persistence,0.9891559374725684,0.6175554747950823,-0.25129048393501413,0.13739251494398322,0.3886829988789973
TP,All India,Week 4,2026-01-22,SPIRE,0.9675486513393072,0.5692100598193289,0.37944782321213,0.5130896076054989,0.13364178439336874
TP,northwest_india,Week 4,2026-01-22,SPIRE,0.9732145098492937,0.7901608739862365,0.49025368234782346,0.6820909248368272,0.19183724248900372
TP,central_india,Week 4,2026-01-22,SPIRE,0.7919830538455068,0.37808952375491856,0.33420962404771987,0.3631302147939375,0.02892059074621767
TP,south_peninsula,Week 4,2026-01-22,SPIRE,0.9462921660436032,0.2862447689252815,0.24506264924022556,0.2639151366915487,0.01885248745132313
TP,east_northeast_india,Week 4,2026-01-22,SPIRE,0.9840345428062555,0.6188170639310033,0.4080380041120935,0.7967210029910909,0.3886829988789973
TP,All India,Week 4,2026-01-22,FuXi,0.9266774409325075,0.6213050941841782,0.27456602332121544,0.40820780771458415,0.13364178439336874
TP,northwest_india,Week 4,2026-01-22,FuXi,0.9618912599539059,0.6525988040841016,0.3012603641768869,0.49309760666589064,0.19183724248900372
TP,central_india,Week 4,2026-01-22,FuXi,0.7118911462910829,0.23871886918938337,0.12285793270317595,0.1517785234493936,0.02892059074621767
TP,south_peninsula,Week 4,2026-01-22,FuXi,0.3017507180231122,0.5793497321132056,0.337871940172699,0.3567244276240221,0.01885248745132313
TP,east_northeast_india,Week 4,2026-01-22,FuXi,0.934940008762051,1.0552379254926183,0.4841611179482726,0.8728441168272699,0.3886829988789973
TP,All India,Week 4,2026-01-22,ECMWF,0.9084567646438632,0.6721056978825751,0.2631390093177121,0.39678079371108094,0.13364178439336874
TP,northwest_india,Week 4,2026-01-22,ECMWF,0.92241751475514,1.0234503293103063,0.5861753985214947,0.7780126410104986,0.19183724248900372
TP,central_india,Week 4,2026-01-22,ECMWF,0.9070994095529057,0.1444074768333217,0.05444741695509381,0.08336800770131149,0.02892059074621767
TP,south_peninsula,Week 4,2026-01-22,ECMWF,0.951625153709733,0.17929707957129498,0.13652277261465376,0.1553752600659769,0.01885248745132313
TP,east_northeast_india,Week 4,2026-01-22,ECMWF,0.9634574278549839,0.8107517211703683,0.19203849243015872,0.5807214913091562,0.3886829988789973
TP,All India,Week 4,2026-01-22,NCEP,0.9323277268516996,0.5526607589659148,0.12544596581105924,0.2590877502044279,0.13364178439336874
TP,northwest_india,Week 4,2026-01-22,NCEP,0.9051234872188616,0.8477778051130812,0.4100548492023869,0.6018920916913905,0.19183724248900372
TP,central_india,Week 4,2026-01-22,NCEP,0.9395295776633882,0.10164959899165202,0.005075041244409974,0.03399563199062765,0.02892059074621767
TP,south_peninsula,Week 4,2026-01-22,NCEP,0.9854142743704316,0.09435492875868148,0.06872866164636192,0.08758114909768507,0.01885248745132313
TP,east_northeast_india,Week 4,2026-01-22,NCEP,0.9815843671291036,0.6679083206893479,-0.1505323849638927,0.23815061391510467,0.3886829988789973
TP,All India,Week 4,2026-01-22,MME,0.9452738925267647,0.5549900321305242,0.26064970541552923,0.3942914898088979,0.13364178439336874
TP,northwest_india,Week 4,2026-01-22,MME,0.9567807749901168,0.8044638827676827,0.44693607356214804,0.6387733160511517,0.19183724248900372
TP,central_india,Week 4,2026-01-22,MME,0.8959741886414029,0.1902755270756854,0.12914750373759987,0.15806809448381756,0.02892059074621767
TP,south_peninsula,Week 4,2026-01-22,MME,0.8858613302701568,0.2650133823916364,0.19704650591848505,0.21589899336980814,0.01885248745132313
TP,east_northeast_india,Week 4,2026-01-22,MME,0.9700564119163356,0.6959100409960605,0.233426307381658,0.6221093062606553,0.3886829988789973
TP,All India,Week 5,2026-01-22,Persistence,0.8248185859408401,0.9892888062705306,-0.10968522147426481,0.1561891659132758,0.26587438738754066
TP,northwest_india,Week 5,2026-01-22,Persistence,0.8178458002624668,0.9558167172654111,0.31994124554496367,0.3860150326635759,0.06607378711861228
TP,central_india,Week 5,2026-01-22,Persistence,0.8014821424611552,0.19597736445034258,-0.10883257088998596,0.0019456379874184793,0.11077820887740444
TP,south_peninsula,Week 5,2026-01-22,Persistence,-0.8442818763830631,1.4516240721959524,-0.5330517205597946,0.051156023472576216,0.5842077440323707
TP,east_northeast_india,Week 5,2026-01-22,Persistence,0.9252970300145766,1.3657474671784817,-0.5231589273481612,0.13739251494398322,0.6605514422921444
TP,All India,Week 5,2026-01-22,SPIRE,0.748253328084765,1.2262432350672898,0.4976498250093857,0.7635242123969261,0.26587438738754066
TP,northwest_india,Week 5,2026-01-22,SPIRE,0.8612277298705061,1.4323316321349895,1.0181756309462335,1.0842494180648459,0.06607378711861228
TP,central_india,Week 5,2026-01-22,SPIRE,0.4588612762248768,0.38102300879418216,0.3035114569892418,0.41428966586664623,0.11077820887740444
TP,south_peninsula,Week 5,2026-01-22,SPIRE,-0.9082423584201386,1.3931831038670248,-0.2803714137156566,0.30383633031671414,0.5842077440323707
TP,east_northeast_india,Week 5,2026-01-22,SPIRE,0.856527337587971,1.6932797596634155,0.7725563006577123,1.4331077429498562,0.6605514422921444
TP,All India,Week 5,2026-01-22,FuXi,0.7933438404197165,1.0378440062860126,0.27628997140755407,0.5421643587950947,0.26587438738754066
TP,northwest_india,Week 5,2026-01-22,FuXi,0.9374836296065066,0.9811981597811575,0.6557799395839958,0.7218537267026083,0.06607378711861228
TP,central_india,Week 5,2026-01-22,FuXi,0.7816505404553444,0.15886086326645185,0.07864181672962293,0.18942002560702736,0.11077820887740444
TP,south_peninsula,Week 5,2026-01-22,FuXi,-0.8384109035794187,1.3566882078345173,-0.03977962771867977,0.544428116313691,0.5842077440323707
TP,east_northeast_india,Week 5,2026-01-22,FuXi,0.8407057966439124,1.6675020639700473,0.29240657135051357,0.9529580136426579,0.6605514422921444
TP,All India,Week 5,2026-01-22,ECMWF,0.7181401386469982,1.1857048714011915,0.2608206887215333,0.5266950761090738,0.26587438738754066
TP,northwest_india,Week 5,2026-01-22,ECMWF,0.8015629616770115,1.336837397433749,0.8723959176798919,0.9384697047985039,0.06607378711861228
TP,central_india,Week 5,2026-01-22,ECMWF,0.7721539165496045,0.1436763621304527,0.03414795206711755,0.144926160944522,0.11077820887740444
TP,south_peninsula,Week 5,2026-01-22,ECMWF,-0.947229236752361,1.4942605471824641,-0.28796331679120346,0.29624442724116723,0.5842077440323707
TP,east_northeast_india,Week 5,2026-01-22,ECMWF,0.8474488388706203,1.6461247897869267,0.12594708708314542,0.7864985293752897,0.6605514422921444
TP,All India,Week 5,2026-01-22,NCEP,0.6995347240625768,1.2408511894177552,0.14650413251334973,0.4123785199008903,0.26587438738754066
TP,northwest_india,Week 5,2026-01-22,NCEP,0.6193796646771631,1.4839126857032174,0.8971715016862064,0.9632452888048186,0.06607378711861228
TP,central_india,Week 5,2026-01-22,NCEP,0.7898871733162159,0.21675305834315567,-0.03349199256600241,0.07728621631140202,0.11077820887740444
TP,south_peninsula,Week 5,2026-01-22,NCEP,-0.953264025207696,1.5931814170343945,-0.4881558423017663,0.09605190173060447,0.5842077440323707
TP,east_northeast_india,Week 5,2026-01-22,NCEP,0.8900316982711971,1.5039164971767556,-0.2919647686840324,0.3685866736081118,0.6605514422921444
TP,All India,Week 5,2026-01-22,MME,0.7512722945670288,1.1222425340632425,0.2953161544129557,0.5611905418004963,0.26587438738754066
TP,northwest_india,Week 5,2026-01-22,MME,0.8493375347768363,1.2777060348531888,0.860880747474082,0.9269545345926942,0.06607378711861228
TP,central_india,Week 5,2026-01-22,MME,0.7642547264253542,0.17484247294506267,0.09570230830499495,0.2064805171823994,0.11077820887740444
TP,south_peninsula,Week 5,2026-01-22,MME,-0.9551177068434874,1.4479777726847198,-0.2740675501318266,0.3101401939005442,0.5842077440323707
TP,east_northeast_india,Week 5,2026-01-22,MME,0.8635797586600613,1.4868858511068332,0.2247362976018347,0.885287739893979,0.6605514422921444
TP,All India,Week 6,2026-01-22,Persistence,0.8358099133262697,1.0146165988167353,-0.08001727134063358,0.1561891659132758,0.23620643725390933
TP,northwest_india,Week 6,2026-01-22,Persistence,0.8890949730794425,0.7559996210191222,0.3092713636516743,0.3860150326635759,0.07674366901190162
TP,central_india,Week 6,2026-01-22,Persistence,0.9996991887095462,0.007024099476481368,0.0014390888652016573,0.0019456379874184793,0.0005065491222168219
TP,south_peninsula,Week 6,2026-01-22,Persistence,-0.7419312920933857,1.000261679440658,-0.24516809451115007,0.051156023472576216,0.29632411798372627
TP,east_northeast_india,Week 6,2026-01-22,Persistence,0.9384553244705935,2.1018832732103987,-0.9109027678321913,0.13739251494398322,1.0482952827761745
TP,All India,Week 6,2026-01-22,SPIRE,0.7554579910728618,1.0511338696438146,0.6022381032278974,0.8384445404818067,0.23620643725390933
TP,northwest_india,Week 6,2026-01-22,SPIRE,0.8758696703373717,1.3940964430400333,0.9917363151919143,1.0684799842038157,0.07674366901190162
TP,central_india,Week 6,2026-01-22,SPIRE,0.7192829525589783,0.49613689856363474,0.4563084572172541,0.45681500633947086,0.0005065491222168219
TP,south_peninsula,Week 6,2026-01-22,SPIRE,-0.8850956200430874,0.9633359273354398,0.17128794127346333,0.4676120592571896,0.29632411798372627
TP,east_northeast_india,Week 6,2026-01-22,SPIRE,0.8801175363420768,1.2065013220086775,0.6212675088737039,1.6695627916498785,1.0482952827761745
TP,All India,Week 6,2026-01-22,FuXi,0.7927559550029253,0.9324724356633859,0.03631111883917965,0.27251755609308903,0.23620643725390933
TP,northwest_india,Week 6,2026-01-22,FuXi,0.9626948779147292,0.6600155683047114,0.36506825637707757,0.44181192538897923,0.07674366901190162
TP,central_india,Week 6,2026-01-22,FuXi,0.9998357037056195,0.013834903847967584,0.012557855743212486,0.013064404865429305,0.0005065491222168219
TP,south_peninsula,Week 6,2026-01-22,FuXi,-0.8816812568045139,1.1273406322034938,-0.17874753552957215,0.11757658245415416,0.29632411798372627
TP,east_northeast_india,Week 6,2026-01-22,FuXi,0.8630661799082977,1.8177437381503139,-0.3598398767800596,0.688455405996115,1.0482952827761745
TP,All India,Week 6,2026-01-22,ECMWF,0.7005586397138138,1.131622372307544,0.30051723339055736,0.5367236706444667,0.23620643725390933
TP,northwest_india,Week 6,2026-01-22,ECMWF,0.8430892291633756,1.280603700242717,0.8572806816065568,0.9340243506184585,0.07674366901190162
TP,central_india,Week 6,2026-01-22,ECMWF,0.94137932985435,0.20545456121272987,0.1689484988413633,0.16945504796358013,0.0005065491222168219
TP,south_peninsula,Week 6,2026-01-22,ECMWF,-0.8674309558471119,1.066269820566077,-0.04584672398781869,0.2504773939959076,0.29632411798372627
TP,east_northeast_india,Week 6,2026-01-22,ECMWF,0.8676021271515497,1.8719580142519878,-0.18385865172149732,0.864436631054677,1.0482952827761745
TP,All India,Week 6,2026-01-22,NCEP,0.6931809833590258,1.1783973981797993,0.3240639136489047,0.5602703509028141,0.23620643725390933
TP,northwest_india,Week 6,2026-01-22,NCEP,0.7619458686131059,1.4559718174143217,1.0545447701492292,1.131288439161131,0.07674366901190162
TP,central_india,Week 6,2026-01-22,NCEP,0.9541477338778845,0.1261089216382286,0.09120616408663643,0.09171271320885326,0.0005065491222168219
TP,south_peninsula,Week 6,2026-01-22,NCEP,-0.8424361030749506,1.0971879071008777,-0.14136186828374853,0.1549622496999777,0.29632411798372627
TP,east_northeast_india,Week 6,2026-01-22,NCEP,0.9187798646476678,1.7771736991706624,-0.1601124050683153,0.8881828777078593,1.0482952827761745
TP,All India,Week 6,2026-01-22,MME,0.7452901617241992,1.0078379771153114,0.31578259227663474,0.5519890295305441,0.23620643725390933
TP,northwest_india,Week 6,2026-01-22,MME,0.9134758147549465,1.1708476120406996,0.8171575058311946,0.8939011748430963,0.07674366901190162
TP,central_india,Week 6,2026-01-22,MME,0.9614754919009295,0.20421736313773564,0.18225524397211657,0.1827617930943334,0.0005065491222168219
TP,south_peninsula,Week 6,2026-01-22,MME,-0.8768619351214854,1.051718380909434,-0.04866704663191901,0.24765707135180728,0.29632411798372627
TP,east_northeast_india,Week 6,2026-01-22,MME,0.8887386339778534,1.5340814049009266,-0.020635856174042084,1.0276594266021324,1.0482952827761745
TP,All India,Week 1,2026-01-29,Persistence,0.06583955662656968,3.079987126151993,1.2224114386576648,1.5249897966930865,0.3025783580354215
TP,northwest_india,Week 1,2026-01-29,Persistence,-0.6348107014072192,5.229977425091349,3.5291736207387148,4.1991899512650095,0.6700163305262958
TP,central_india,Week 1,2026-01-29,Persistence,0.2407759049418443,0.6708543950481856,0.12287620675140036,0.1964708761408748,0.0735946693894745
TP,south_peninsula,Week 1,2026-01-29,Persistence,-0.015632767850560135,1.4386669701654662,0.3599581497607218,0.3988783370610769,0.038920187300355104
TP,east_northeast_india,Week 1,2026-01-29,Persistence,0.9969244605408039,0.5850652184268567,-0.23001899569944792,0.12138510175798825,0.3514040974574362
TP,All India,Week 1,2026-01-29,SPIRE,0.9235090287955021,0.4347890909262327,0.20516811332543122,0.5077464713608527,0.3025783580354215
TP,northwest_india,Week 1,2026-01-29,SPIRE,0.8898875014840283,0.48896295910951276,0.06940165083639206,0.739417981362688,0.6700163305262958
TP,central_india,Week 1,2026-01-29,SPIRE,0.7570576284051741,0.38254294604824735,0.29939207532349904,0.3729867447129736,0.0735946693894745
TP,south_peninsula,Week 1,2026-01-29,SPIRE,0.9189496678021488,0.16583291860569463,0.14416149091459338,0.18308167821494847,0.038920187300355104
TP,east_northeast_india,Week 1,2026-01-29,SPIRE,0.972160922724349,0.6150962975421274,0.36230005541788896,0.7137041528753251,0.3514040974574362
TP,All India,Week 1,2026-01-29,FuXi,0.9369774245065204,0.46284428354713814,-0.018960404181871802,0.28361795385354976,0.3025783580354215
TP,northwest_india,Week 1,2026-01-29,FuXi,0.8584619715955488,0.6545446814774439,-0.17893589222866974,0.4910804382976261,0.6700163305262958
TP,central_india,Week 1,2026-01-29,FuXi,0.8329052285483549,0.1860083999958863,0.06475998851271507,0.13835465790218957,0.0735946693894745
TP,south_peninsula,Week 1,2026-01-29,FuXi,0.7081883826440312,0.23912664316315946,0.1307031223913539,0.169623309691709,0.038920187300355104
TP,east_northeast_india,Week 1,2026-01-29,FuXi,0.9806554262120347,0.5935251798911849,-0.04710776505433986,0.3042963324030963,0.3514040974574362
TP,All India,Week 1,2026-01-29,ECMWF,0.8676006108806353,0.6214520510704042,0.23881426465915653,0.5413926226945781,0.3025783580354215
TP,northwest_india,Week 1,2026-01-29,ECMWF,0.7119536251711844,0.9248552410091265,0.541727538077679,1.2117438686039748,0.6700163305262958
TP,central_india,Week 1,2026-01-29,ECMWF,0.5438430854781113,0.3449792693359268,0.10655154509349922,0.1801462144829737,0.0735946693894745
TP,south_peninsula,Week 1,2026-01-29,ECMWF,0.7606077520362212,0.17544247154005263,0.08378392481567815,0.12270411211603326,0.038920187300355104
TP,east_northeast_india,Week 1,2026-01-29,ECMWF,0.9664197862566598,0.6437150730728799,0.07237177290151736,0.42377587035895353,0.3514040974574362
TP,All India,Week 1,2026-01-29,NCEP,0.8572717123329778,0.7205330910818704,0.1825885032190379,0.48516686125445946,0.3025783580354215
TP,northwest_india,Week 1,2026-01-29,NCEP,0.827483024731893,0.6092016945088043,0.1747221615435441,0.8447384920698401,0.6700163305262958
TP,central_india,Week 1,2026-01-29,NCEP,0.7066374909360379,0.21973831326137436,-0.009861818114457086,0.0637328512750174,0.0735946693894745
TP,south_peninsula,Week 1,2026-01-29,NCEP,-0.038698932258978046,1.3421791856544847,0.8312240496979785,0.8701442369983335,0.038920187300355104
TP,east_northeast_india,Week 1,2026-01-29,NCEP,0.9905897765281051,0.5682335009435063,-0.16761142320030087,0.1837926742571353,0.3514040974574362
TP,All India,Week 1,2026-01-29,MME,0.9349992797929434,0.42925295966643434,0.15190261925543846,0.45448097729085996,0.3025783580354215
TP,northwest_india,Week 1,2026-01-29,MME,0.8643541050527954,0.5412805633471958,0.15172886455723633,0.8217451950835323,0.6700163305262958
TP,central_india,Week 1,2026-01-29,MME,0.748042661988516,0.2440991068199931,0.11521044770381407,0.18880511709328857,0.0735946693894745
TP,south_peninsula,Week 1,2026-01-29,MME,0.3565582075261326,0.46190176167336283,0.297468146954901,0.3363883342552561,0.038920187300355104
TP,east_northeast_india,Week 1,2026-01-29,MME,0.9823322082906278,0.4421289397916526,0.05498816001619139,0.40639225747362756,0.3514040974574362
TP,All India,Week 2,2026-01-29,Persistence,-0.05008100273591321,3.3754117384585856,1.398069425181727,1.5249897966930865,0.12692037151135957
TP,northwest_india,Week 2,2026-01-29,Persistence,-0.7651483688149275,5.766098542556863,3.969145943877564,4.1991899512650095,0.23004400738744754
TP,central_india,Week 2,2026-01-29,Persistence,0.2510036643465689,0.6788026995665327,0.19636601128524928,0.1964708761408748,0.00010486485562559517
TP,south_peninsula,Week 2,2026-01-29,Persistence,0.14381043480054137,1.4377550763947753,0.379596918153903,0.3988783370610769,0.019281418907173806
TP,east_northeast_india,Week 2,2026-01-29,Persistence,0.9906802098654837,0.498649609733688,-0.20403847229075942,0.12138510175798825,0.32542357404874767
TP,All India,Week 2,2026-01-29,SPIRE,0.9844440817723666,0.3374281413026641,0.24903056244979221,0.37595093396115187,0.12692037151135957
TP,northwest_india,Week 2,2026-01-29,SPIRE,0.9778148894260539,0.40263193380995427,0.30066691887180474,0.5307109262592524,0.23004400738744754
TP,central_india,Week 2,2026-01-29,SPIRE,0.9083534082756256,0.29942925767584605,0.2719654711792629,0.2720703360348885,0.00010486485562559517
TP,south_peninsula,Week 2,2026-01-29,SPIRE,0.8956319632573813,0.26214797610698987,0.220409005163991,0.2396904240711648,0.019281418907173806
TP,east_northeast_india,Week 2,2026-01-29,SPIRE,0.990580357172062,0.3463103568271967,0.11945661301032326,0.4448801870590709,0.32542357404874767
TP,All India,Week 2,2026-01-29,FuXi,0.958557777878736,0.41414410490351555,0.12423905206190197,0.25115942357326154,0.12692037151135957
TP,northwest_india,Week 2,2026-01-29,FuXi,0.9676265970149116,0.5015283473401179,0.37420036663878486,0.6042443740262324,0.23004400738744754
TP,central_india,Week 2,2026-01-29,FuXi,0.9689224530491041,0.07576456135303544,0.04225813966660926,0.04236300452223485,0.00010486485562559517
TP,south_peninsula,Week 2,2026-01-29,FuXi,0.9327315175062566,0.14673383066814763,0.07563675699611958,0.0949181759032934,0.019281418907173806
TP,east_northeast_india,Week 2,2026-01-29,FuXi,0.9733401515929448,0.7498090091505698,-0.17388989597095203,0.15153367807779566,0.32542357404874767
TP,All India,Week 2,2026-01-29,ECMWF,0.9606387641075284,0.3849485787339816,0.10930031673737162,0.23622068824873124,0.12692037151135957
TP,northwest_india,Week 2,2026-01-29,ECMWF,0.9558663134166941,0.5065032231126166,0.33473230252179,0.5647763099092376,0.23004400738744754
TP,central_india,Week 2,2026-01-29,ECMWF,0.9858754318497788,0.04933959087080457,0.025132824167505848,0.025237689023131442,0.00010486485562559517
TP,south_peninsula,Week 2,2026-01-29,ECMWF,0.9817023737379236,0.06565451022608779,0.02958562800631957,0.048867046913493375,0.019281418907173806
TP,east_northeast_india,Week 2,2026-01-29,ECMWF,0.9733625183669051,0.6508563340095634,-0.09154046146824675,0.23388311258050093,0.32542357404874767
TP,All India,Week 2,2026-01-29,NCEP,0.7648381811477514,0.9572776773621294,0.40277196796601256,0.5296923394773723,0.12692037151135957
TP,northwest_india,Week 2,2026-01-29,NCEP,0.4101211287356293,1.6382983667828281,1.146215131686864,1.3762591390743113,0.23004400738744754
TP,central_india,Week 2,2026-01-29,NCEP,0.9682748252864243,0.10563307672627348,0.08262865424530944,0.08273351910093504,0.00010486485562559517
TP,south_peninsula,Week 2,2026-01-29,NCEP,0.9886576634612665,0.062154490173998204,0.017770632234672235,0.03705205114184604,0.019281418907173806
TP,east_northeast_india,Week 2,2026-01-29,NCEP,0.984549008286836,0.5096335490918541,-0.010334498490074293,0.31508907555867344,0.32542357404874767
TP,All India,Week 2,2026-01-29,MME,0.953322086934998,0.45008610768053475,0.2213354748037696,0.34825584631512924,0.12692037151135957
TP,northwest_india,Week 2,2026-01-29,MME,0.9685060605128257,0.6870500756903605,0.5389536799298109,0.7689976873172585,0.23004400738744754
TP,central_india,Week 2,2026-01-29,MME,0.9738035761634634,0.11966595247185609,0.10549627231467185,0.10560113717029745,0.00010486485562559517
TP,south_peninsula,Week 2,2026-01-29,MME,0.9713663790551182,0.11188830922783281,0.08585050560027563,0.10513192450744942,0.019281418907173806
TP,east_northeast_india,Week 2,2026-01-29,MME,0.9814836244024587,0.5298553695178441,-0.03907706072973742,0.28634651331901023,0.32542357404874767
TP,All India,Week 3,2026-01-29,Persistence,-0.04230811870619294,3.500934940194565,1.3913480122997175,1.5249897966930865,0.13364178439336874
TP,northwest_india,Week 3,2026-01-29,Persistence,-0.7799745200307371,5.988591819102611,4.007352708776008,4.1991899512650095,0.19183724248900372
TP,central_india,Week 3,2026-01-29,Persistence,0.4160339110173841,0.6397560450426915,0.16755028539465716,0.1964708761408748,0.02892059074621767
TP,south_peninsula,Week 3,2026-01-29,Persistence,0.21177041600899849,1.4383457509736768,0.3800258496097537,0.3988783370610769,0.01885248745132313
TP,east_northeast_india,Week 3,2026-01-29,Persistence,0.9895507776569836,0.6684301529028086,-0.2672978971210091,0.12138510175798825,0.3886829988789973
TP,All India,Week 3,2026-01-29,SPIRE,0.969907566684799,0.47537802758263736,0.24329881329499572,0.3769405976883647,0.13364178439336874
TP,northwest_india,Week 3,2026-01-29,SPIRE,0.973830966482643,0.723980851987791,0.39557667151772213,0.5874139140067258,0.19183724248900372
TP,central_india,Week 3,2026-01-29,SPIRE,0.933470995223043,0.1825201013401284,0.15009296150240065,0.17901355224861829,0.02892059074621767
TP,south_peninsula,Week 3,2026-01-29,SPIRE,0.984729232537257,0.18561880291390734,0.14721181046963464,0.16606429792095775,0.01885248745132313
TP,east_northeast_india,Week 3,2026-01-29,SPIRE,0.9853858052562349,0.5033651441069349,0.24326410889863292,0.6319471077776303,0.3886829988789973
TP,All India,Week 3,2026-01-29,FuXi,0.96773194065466,0.3789751877479303,0.003992653773869627,0.13763443816723842,0.13364178439336874
TP,northwest_india,Week 3,2026-01-29,FuXi,0.9803696978616575,0.3313892013051449,-0.052889423803601766,0.13894781868540196,0.19183724248900372
TP,central_india,Week 3,2026-01-29,FuXi,0.953238446139982,0.08952497561713177,0.0026875918704736927,0.03160818261669137,0.02892059074621767
TP,south_peninsula,Week 3,2026-01-29,FuXi,0.9561707085490158,0.13233800120274336,0.06747514446483419,0.0863276319161573,0.01885248745132313
TP,east_northeast_india,Week 3,2026-01-29,FuXi,0.9550619376841942,0.8272044086415099,0.05221551520957053,0.44089851408856784,0.3886829988789973
TP,All India,Week 3,2026-01-29,ECMWF,0.9195755254641581,0.6144987011544986,0.19561715941806337,0.3292589438114321,0.13364178439336874
TP,northwest_india,Week 3,2026-01-29,ECMWF,0.9456856041877311,0.9362000850435279,0.5641771437070785,0.7560143861960824,0.19183724248900372
TP,central_india,Week 3,2026-01-29,ECMWF,0.9591486502386272,0.08958413198045198,0.016128098540374794,0.04504868928659247,0.02892059074621767
TP,south_peninsula,Week 3,2026-01-29,ECMWF,0.9757943484800589,0.1303596775479294,0.10044100469348964,0.11929349214481277,0.01885248745132313
TP,east_northeast_india,Week 3,2026-01-29,ECMWF,0.9742270471567827,0.7624513284128266,-0.08076925876676035,0.30791374011223704,0.3886829988789973
TP,All India,Week 3,2026-01-29,NCEP,0.7818417470025604,1.012301575441057,0.3450497914312048,0.4786915758245736,0.13364178439336874
TP,northwest_india,Week 3,2026-01-29,NCEP,0.5837946924363809,1.7049451654533763,1.0979992074263134,1.2898364499153172,0.19183724248900372
TP,central_india,Week 3,2026-01-29,NCEP,0.9496386617856887,0.09486076796379005,0.02515181167639287,0.05407240242261054,0.02892059074621767
TP,south_peninsula,Week 3,2026-01-29,NCEP,0.9916748098823752,0.05867065751811009,0.03270913116620035,0.05156161861752349,0.01885248745132313
TP,east_northeast_india,Week 3,2026-01-29,NCEP,0.9818222307805339,0.7114164888275128,-0.17979896011846322,0.20888403876053407,0.3886829988789973
TP,All India,Week 3,2026-01-29,MME,0.9371317681096075,0.5538233701487827,0.19698960447953343,0.3306313888729022,0.13364178439336874
TP,northwest_india,Week 3,2026-01-29,MME,0.9556741899784955,0.8626703459264785,0.5012158997118782,0.6930531422008818,0.19183724248900372
TP,central_india,Week 3,2026-01-29,MME,0.9549067517736003,0.10060681816172287,0.0485151158974105,0.07743570664362817,0.02892059074621767
TP,south_peninsula,Week 3,2026-01-29,MME,0.9819919727402591,0.11468084592770578,0.0869592726985397,0.10581176014986284,0.01885248745132313
TP,east_northeast_india,Week 3,2026-01-29,MME,0.9760665707002911,0.6279303728231084,0.00872785130574495,0.3974108501847423,0.3886829988789973
TP,All India,Week 4,2026-01-29,Persistence,-0.05002179307683896,3.618491309094683,1.2591154093055452,1.5249897966930865,0.26587438738754066
TP,northwest_india,Week 4,2026-01-29,Persistence,-0.7850387550501576,6.018755672806059,4.133116164146399,4.1991899512650095,0.06607378711861228
TP,central_india,Week 4,2026-01-29,Persistence,0.19152282172952206,0.6894739243773945,0.08569266726347041,0.1964708761408748,0.11077820887740444
TP,south_peninsula,Week 4,2026-01-29,Persistence,-0.4032722334369218,2.114519868798249,-0.18532940697129385,0.3988783370610769,0.5842077440323707
TP,east_northeast_india,Week 4,2026-01-29,Persistence,0.9173073607107506,1.4608702616196043,-0.539166340534156,0.12138510175798825,0.6605514422921444
TP,All India,Week 4,2026-01-29,SPIRE,0.79425727856177,1.1646544736864224,0.5095586373465524,0.7754330247340928,0.26587438738754066
TP,northwest_india,Week 4,2026-01-29,SPIRE,0.90366887252757,1.2929662484867872,0.9517846320940145,1.0178584192126265,0.06607378711861228
TP,central_india,Week 4,2026-01-29,SPIRE,0.5519955687811489,0.3849813753328764,0.32160050192774553,0.4323787108051499,0.11077820887740444
TP,south_peninsula,Week 4,2026-01-29,SPIRE,-0.9120247363380933,1.339443052615949,-0.1780566644041368,0.406151079628234,0.5842077440323707
TP,east_northeast_india,Week 4,2026-01-29,SPIRE,0.8650566372895713,1.6982233699144067,0.8288586201899952,1.4894100624821394,0.6605514422921444
TP,All India,Week 4,2026-01-29,FuXi,0.7782425685728561,1.0622701862027304,0.09065843991900809,0.35653282730654884,0.26587438738754066
TP,northwest_india,Week 4,2026-01-29,FuXi,0.9271028994481768,0.9176598781652991,0.5956601104538913,0.6617338975725036,0.06607378711861228
TP,central_india,Week 4,2026-01-29,FuXi,0.6098951329466668,0.19785743256916205,0.03900489837123402,0.14978310724863844,0.11077820887740444
TP,south_peninsula,Week 4,2026-01-29,FuXi,-0.9403776061983654,1.549393794464913,-0.4704737583153102,0.11373398571706056,0.5842077440323707
TP,east_northeast_india,Week 4,2026-01-29,FuXi,0.8685566892733348,1.630890208183827,-0.1960246009654881,0.4645268413266561,0.6605514422921444
TP,All India,Week 4,2026-01-29,ECMWF,0.7700081025557588,1.09752958307101,0.2946921531183247,0.5605665405058652,0.26587438738754066
TP,northwest_india,Week 4,2026-01-29,ECMWF,0.9307068472744567,1.1188594132965628,0.8226413303177824,0.8887151174363949,0.06607378711861228
TP,central_india,Week 4,2026-01-29,ECMWF,0.6562494528759163,0.21240057784384309,0.1303491200392608,0.24112732891666525,0.11077820887740444
TP,south_peninsula,Week 4,2026-01-29,ECMWF,-0.9131771309554635,1.4392867050262228,-0.1600367608413856,0.4241709831909852,0.5842077440323707
TP,east_northeast_india,Week 4,2026-01-29,ECMWF,0.8496532714749057,1.6346241607080265,0.08299392804505903,0.7435453703372032,0.6605514422921444
TP,All India,Week 4,2026-01-29,NCEP,0.7378479237333296,1.1536165020478828,0.05296835403435835,0.3188427414218989,0.26587438738754066
TP,northwest_india,Week 4,2026-01-29,NCEP,0.7369668507267272,1.232935238120164,0.6936612407276089,0.7597350278462213,0.06607378711861228
TP,central_india,Week 4,2026-01-29,NCEP,0.7468297532080992,0.18227887975362045,-0.06281306066098667,0.04796514821641778,0.11077820887740444
TP,south_peninsula,Week 4,2026-01-29,NCEP,-0.9297760486817552,1.6071241820726734,-0.5414867901549123,0.04272095387745841,0.5842077440323707
TP,east_northeast_india,Week 4,2026-01-29,NCEP,0.8885922559766073,1.524665183986952,-0.3420731175196644,0.31847832477247984,0.6605514422921444
TP,All India,Week 4,2026-01-29,MME,0.7765699372894058,1.0617624466936602,0.23696939610456072,0.5028437834921015,0.26587438738754066
TP,northwest_india,Week 4,2026-01-29,MME,0.9037062051392567,1.1095808150577389,0.7659368283983243,0.8320106155169367,0.06607378711861228
TP,central_india,Week 4,2026-01-29,MME,0.6629608572977634,0.2068874525282025,0.1070353649193134,0.2178135737967179,0.11077820887740444
TP,south_peninsula,Week 4,2026-01-29,MME,-0.9515615504827959,1.4727786334011872,-0.3375134934289363,0.24669425060343453,0.5842077440323707
TP,east_northeast_india,Week 4,2026-01-29,MME,0.8724142853960223,1.4431088140722435,0.09343870743747539,0.7539901497296196,0.6605514422921444
TP,All India,Week 5,2026-01-29,Persistence,-0.09340098398327894,3.643958029246896,1.2887833594391773,1.5249897966930865,0.23620643725390933
TP,northwest_india,Week 5,2026-01-29,Persistence,-0.7840637576678734,6.017996946877971,4.12244628225311,4.1991899512650095,0.07674366901190162
TP,central_india,Week 5,2026-01-29,Persistence,0.38581832206980254,0.6787783017123014,0.19596432701865799,0.1964708761408748,0.0005065491222168219
TP,south_peninsula,Week 5,2026-01-29,Persistence,-0.46937822359330633,1.8492824811685513,0.10255421907735063,0.3988783370610769,0.29632411798372627
TP,east_northeast_india,Week 5,2026-01-29,Persistence,0.9368157030706745,2.1765861297147295,-0.9269101810181863,0.12138510175798825,1.0482952827761745
TP,All India,Week 5,2026-01-29,SPIRE,0.6290659614592695,1.2187023268788062,0.658898664615745,0.8951051018696543,0.23620643725390933
TP,northwest_india,Week 5,2026-01-29,SPIRE,0.5813295886147265,1.7180502496290642,1.1646634782278265,1.241407147239728,0.07674366901190162
TP,central_india,Week 5,2026-01-29,SPIRE,0.8121597580280059,0.4697036950748799,0.43957526895338983,0.4400818180756067,0.0005065491222168219
TP,south_peninsula,Week 5,2026-01-29,SPIRE,-0.8631791086385522,0.9985468378769496,0.0692864419696847,0.3656105599534111,0.29632411798372627
TP,east_northeast_india,Week 5,2026-01-29,SPIRE,0.8544628921768481,1.3340049885699565,0.7891412028472817,1.837436485623456,1.0482952827761745
TP,All India,Week 5,2026-01-29,FuXi,0.7229900713247566,1.0505230273527073,0.22507352790050314,0.46127996515441266,0.23620643725390933
TP,northwest_india,Week 5,2026-01-29,FuXi,0.9123946332887141,1.1152316449610622,0.7448144167548925,0.821558085766794,0.07674366901190162
TP,central_india,Week 5,2026-01-29,FuXi,0.9726090590663624,0.10118995531466446,0.07534123483125789,0.07584778395347472,0.0005065491222168219
TP,south_peninsula,Week 5,2026-01-29,FuXi,-0.8685110994914489,1.069120448982533,-0.07231288124249712,0.22401123674122916,0.29632411798372627
TP,east_northeast_india,Week 5,2026-01-29,FuXi,0.8487731760777772,1.8019298136982698,-0.19788110552619811,0.8504141772499764,1.0482952827761745
TP,All India,Week 5,2026-01-29,ECMWF,0.6974629557625553,1.1672250088388396,0.3782036505248169,0.6144100877787263,0.23620643725390933
TP,northwest_india,Week 5,2026-01-29,ECMWF,0.8785056920963148,1.3554823488769878,0.9837810505699597,1.0605247195818612,0.07674366901190162
TP,central_india,Week 5,2026-01-29,ECMWF,0.9003372026346,0.24431330076075242,0.20015060576648108,0.20065715488869793,0.0005065491222168219
TP,south_peninsula,Week 5,2026-01-29,ECMWF,-0.8696871205707577,1.0676161303017224,0.036209087717840684,0.332533205701567,0.29632411798372627
TP,east_northeast_india,Week 5,2026-01-29,ECMWF,0.8767087332956228,1.891844758097976,-0.1120017175362209,0.9362935652399536,1.0482952827761745
TP,All India,Week 5,2026-01-29,NCEP,0.6797676047095618,1.1947055247259126,0.27295500012157886,0.5091614373754882,0.23620643725390933
TP,northwest_india,Week 5,2026-01-29,NCEP,0.7235513335776004,1.4385002260497417,0.9784503377345596,1.0551940067464611,0.07674366901190162
TP,central_india,Week 5,2026-01-29,NCEP,0.990774708262737,0.07448647600882187,0.06065260953115803,0.06115915865337487,0.0005065491222168219
TP,south_peninsula,Week 5,2026-01-29,NCEP,-0.8254927173037742,1.1541284981993705,-0.23359423665773116,0.06272988132599513,0.29632411798372627
TP,east_northeast_india,Week 5,2026-01-29,NCEP,0.9146600456812728,1.8419468337623928,-0.1524479317216252,0.8958473510545492,1.0482952827761745
TP,All India,Week 5,2026-01-29,MME,0.6993202445146162,1.0917250868199395,0.38378271079066084,0.6199891480445703,0.23620643725390933
TP,northwest_india,Week 5,2026-01-29,MME,0.8675522025672839,1.3791410666422823,0.9679273208218097,1.0446709898337112,0.07674366901190162
TP,central_india,Week 5,2026-01-29,MME,0.9686447370051197,0.21374951277758109,0.19392992977057172,0.19443647889278856,0.0005065491222168219
TP,south_peninsula,Week 5,2026-01-29,MME,-0.864840302725354,1.0627923268227806,-0.050102897053175686,0.2462212209305506,0.29632411798372627
TP,east_northeast_india,Week 5,2026-01-29,MME,0.8842144190868031,1.5288969708755167,0.08170261201580936,1.1299978947919838,1.0482952827761745
TP,All India,Week 6,2026-01-29,Persistence,0.3229293262818302,3.3228199585227345,0.952528041902271,1.5249897966930865,0.5724617547908154
TP,northwest_india,Week 6,2026-01-29,Persistence,-0.38368694009464444,5.471535165567536,3.270412030774066,4.1991899512650095,0.9287779204909453
TP,central_india,Week 6,2026-01-29,Persistence,0.4356055560484493,0.6804789318332541,0.1844224771586909,0.1964708761408748,0.012048398982183926
TP,south_peninsula,Week 6,2026-01-29,Persistence,-0.4982995729090051,1.9989274196868119,0.016235862764641545,0.3988783370610769,0.3826424742964354
TP,east_northeast_india,Week 6,2026-01-29,Persistence,0.9598843317498055,1.6457216084003485,-1.189677780238545,0.12138510175798825,1.311062881996533
TP,All India,Week 6,2026-01-29,SPIRE,0.6407971763668794,1.6141195289598746,0.3652005420009882,0.9376622967918036,0.5724617547908154
TP,northwest_india,Week 6,2026-01-29,SPIRE,0.2349687202664154,1.9894422588904959,0.23091522332051997,1.1596931438114653,0.9287779204909453
TP,central_india,Week 6,2026-01-29,SPIRE,0.7809213891749811,0.505211463037413,0.47235127747507344,0.4843996764572574,0.012048398982183926
TP,south_peninsula,Week 6,2026-01-29,SPIRE,-0.8493055108495235,1.2012137947422246,0.06954328110895601,0.45218575540539135,0.3826424742964354
TP,east_northeast_india,Week 6,2026-01-29,SPIRE,0.8582987742970568,2.5432974530993095,0.7815563550832819,2.0926192370798153,1.311062881996533
TP,All India,Week 6,2026-01-29,FuXi,0.7411019090606515,1.3527269904005728,-0.1402103960417038,0.4322513587491115,0.5724617547908154
TP,northwest_india,Week 6,2026-01-29,FuXi,0.529808368740177,1.7689215899052333,-0.18757550283040259,0.7412024176605426,0.9287779204909453
TP,central_india,Week 6,2026-01-29,FuXi,0.9750503132433466,0.07384220158921634,0.03695773821265502,0.049006137194838956,0.012048398982183926
TP,south_peninsula,Week 6,2026-01-29,FuXi,-0.8226351317107046,1.281291876717415,-0.23324047730506933,0.14940199699136603,0.3826424742964354
TP,east_northeast_india,Week 6,2026-01-29,FuXi,0.8909229438759027,1.8426730122259287,-0.3258493168637778,0.9852135651327554,1.311062881996533
TP,All India,Week 6,2026-01-29,ECMWF,0.7499646096134827,1.3295208661397275,-0.012670706311946538,0.5597910484788687,0.5724617547908154
TP,northwest_india,Week 6,2026-01-29,ECMWF,0.5461363346306888,1.7532111334655387,-0.04476239236847353,0.8840155281224717,0.9287779204909453
TP,central_india,Week 6,2026-01-29,ECMWF,0.8839140392426128,0.21776783895247442,0.16994634870758457,0.1819947476897685,0.012048398982183926
TP,south_peninsula,Week 6,2026-01-29,ECMWF,-0.854485586708822,1.308297994044261,-0.06199105864761741,0.32065141564881805,0.3826424742964354
TP,east_northeast_india,Week 6,2026-01-29,ECMWF,0.9048141960493173,1.7074764086605008,-0.2985127112994102,1.0125501706971234,1.311062881996533
TP,All India,Week 6,2026-01-29,NCEP,0.7755104019953865,1.2764886058632643,0.016057045675834873,0.5885188004666501,0.5724617547908154
TP,northwest_india,Week 6,2026-01-29,NCEP,0.5863139262908821,1.7646964278146147,0.4181853506494624,1.3469632711404076,0.9287779204909453
TP,central_india,Week 6,2026-01-29,NCEP,0.9580820810483273,0.11250801358655683,0.07293289509509021,0.08498129407727414,0.012048398982183926
TP,south_peninsula,Week 6,2026-01-29,NCEP,-0.8403258989748552,1.4064160659404308,-0.3216555257067868,0.06098694858964862,0.3826424742964354
TP,east_northeast_india,Week 6,2026-01-29,NCEP,0.9568967754794906,1.2834955891371755,-0.571966321979667,0.7390965600168662,1.311062881996533
TP,All India,Week 6,2026-01-29,MME,0.7504732122047993,1.328431280190651,0.057094121330793175,0.6295558761216083,0.5724617547908154
TP,northwest_india,Week 6,2026-01-29,MME,0.5417582747281294,1.7844441866821494,0.10419066969277659,1.032968590183722,0.9287779204909453
TP,central_india,Week 6,2026-01-29,MME,0.9524974705236529,0.20956875565423708,0.18804706487260087,0.20009546385478472,0.012048398982183926
TP,south_peninsula,Week 6,2026-01-29,MME,-0.8459745790813464,1.2887165137821899,-0.13683594513762937,0.24580652915880602,0.3826424742964354
TP,east_northeast_india,Week 6,2026-01-29,MME,0.917836436720652,1.6510578834178256,-0.10369299876489331,1.20736988323164,1.311062881996533
TP,All India,Week 1,2026-02-05,Persistence,0.9305269491113831,0.5109940876725451,0.1756579865240619,0.3025783580354215,0.12692037151135957
TP,northwest_india,Week 1,2026-02-05,Persistence,0.8375334599090927,0.8215022969081475,0.4399723231388482,0.6700163305262958,0.23004400738744754
TP,central_india,Week 1,2026-02-05,Persistence,0.7880107430584118,0.21025844040865846,0.07348980453384889,0.0735946693894745,0.00010486485562559517
TP,south_peninsula,Week 1,2026-02-05,Persistence,0.9916794128700406,0.06307638740251988,0.019638768393181294,0.038920187300355104,0.019281418907173806
TP,east_northeast_india,Week 1,2026-02-05,Persistence,0.9877485286653285,0.4160196559167995,0.02598052340868849,0.3514040974574362,0.32542357404874767
TP,All India,Week 1,2026-02-05,SPIRE,0.9891966623559687,0.21839285651644028,0.10620587067339587,0.2331262421847555,0.12692037151135957
TP,northwest_india,Week 1,2026-02-05,SPIRE,0.9945710957332706,0.2921982031905629,0.20625830865974953,0.4363023160471971,0.23004400738744754
TP,central_india,Week 1,2026-02-05,SPIRE,0.9959124820443523,0.07803266911109473,0.0742013580189267,0.07430622287455228,0.00010486485562559517
TP,south_peninsula,Week 1,2026-02-05,SPIRE,0.9684187036080906,0.13667816216742387,0.08775512018157076,0.10703653908874455,0.019281418907173806
TP,east_northeast_india,Week 1,2026-02-05,SPIRE,0.9922248923611479,0.31075780560908195,-0.016226565525550827,0.3091970085231969,0.32542357404874767
TP,All India,Week 1,2026-02-05,FuXi,0.9818288551005449,0.31214542633203446,-0.041551248934352976,0.08536912257700661,0.12692037151135957
TP,northwest_india,Week 1,2026-02-05,FuXi,0.9900885487474738,0.19545391812347132,-0.03114312908846386,0.19890087829898376,0.23004400738744754
TP,central_india,Week 1,2026-02-05,FuXi,0.9999200086479095,0.00646461969501195,0.005655321808791173,0.005760186664416769,0.00010486485562559517
TP,south_peninsula,Week 1,2026-02-05,FuXi,0.9939524536734252,0.05703250079106338,0.009839208062569951,0.029120626969743758,0.019281418907173806
TP,east_northeast_india,Week 1,2026-02-05,FuXi,0.9741575311277391,0.752704867687032,-0.23610852698348897,0.08931504706525868,0.32542357404874767
TP,All India,Week 1,2026-02-05,ECMWF,0.9802143909456988,0.2699335029771747,0.025154290879662245,0.15207466239102185,0.12692037151135957
TP,northwest_india,Week 1,2026-02-05,ECMWF,0.9887119599552652,0.2234032276191808,0.11368351824285867,0.3437275256303063,0.23004400738744754
TP,central_india,Week 1,2026-02-05,ECMWF,0.9999693808849132,0.002118252649509926,0.0007690063872086221,0.0008738712428342173,0.00010486485562559517
TP,south_peninsula,Week 1,2026-02-05,ECMWF,0.9831232461859563,0.06084383748590339,0.02375059410200595,0.043032013009179755,0.019281418907173806
TP,east_northeast_india,Week 1,2026-02-05,ECMWF,0.9750039176461386,0.6128310231831862,-0.1107343580703518,0.2146892159783959,0.32542357404874767
TP,All India,Week 1,2026-02-05,NCEP,0.92402495780211,0.5324406777359343,0.14618899206816455,0.27310936357952414,0.12692037151135957
TP,northwest_india,Week 1,2026-02-05,NCEP,0.8927787895642936,0.7788882536308781,0.49377594800651936,0.7238199553939669,0.23004400738744754
TP,central_india,Week 1,2026-02-05,NCEP,0.9999778163849826,0.001672583310485658,0.00026086370379758517,0.00036572855942318037,0.00010486485562559517
TP,south_peninsula,Week 1,2026-02-05,NCEP,0.7392142958085431,0.2863308184019714,0.12267180907503193,0.14195322798220572,0.019281418907173806
TP,east_northeast_india,Week 1,2026-02-05,NCEP,0.9786647778825932,0.6900825020199386,-0.25025376125002957,0.07516981279871807,0.32542357404874767
TP,All India,Week 1,2026-02-05,MME,0.9778222264535129,0.2866189000297397,0.05899947617171742,0.18591984768307704,0.12692037151135957
TP,northwest_india,Week 1,2026-02-05,MME,0.9880947394036682,0.30297740809502227,0.19564366145516593,0.4256876688426135,0.23004400738744754
TP,central_india,Week 1,2026-02-05,MME,0.9997289528981063,0.02110110025886476,0.02022163747968102,0.020326502335306616,0.00010486485562559517
TP,south_peninsula,Week 1,2026-02-05,MME,0.9618234501486105,0.10276519623386184,0.06100418285529465,0.08028560176246846,0.019281418907173806
TP,east_northeast_india,Week 1,2026-02-05,MME,0.9808115537051777,0.5804133902332175,-0.15333080295735532,0.17209277109139237,0.32542357404874767
TP,All India,Week 2,2026-02-05,Persistence,0.9252608462042832,0.5926811396356886,0.1689365736420528,0.3025783580354215,0.13364178439336874
TP,northwest_india,Week 2,2026-02-05,Persistence,0.8639986183445992,0.9863670384400277,0.47817908803729214,0.6700163305262958,0.19183724248900372
TP,central_india,Week 2,2026-02-05,Persistence,0.9181581486868492,0.14179768185491012,0.04467407864325681,0.0735946693894745,0.02892059074621767
TP,south_peninsula,Week 2,2026-02-05,Persistence,0.9889417457826488,0.076668557491264,0.02006769984903197,0.038920187300355104,0.01885248745132313
TP,east_northeast_india,Week 2,2026-02-05,Persistence,0.9860433546102016,0.4243527372494301,-0.03727890142156117,0.3514040974574362,0.3886829988789973
TP,All India,Week 2,2026-02-05,SPIRE,0.9764666655334675,0.3693642442566374,0.15925909753597162,0.29290088192934033,0.13364178439336874
TP,northwest_india,Week 2,2026-02-05,SPIRE,0.9782264530082733,0.5231739632020184,0.22572901664742354,0.41756625913642725,0.19183724248900372
TP,central_india,Week 2,2026-02-05,SPIRE,0.9402780872078473,0.14217309588677468,0.09733867956313802,0.1262592703093557,0.02892059074621767
TP,south_peninsula,Week 2,2026-02-05,SPIRE,0.8433382071267078,0.26572577327829283,0.16225557248799408,0.18110805993931722,0.01885248745132313
TP,east_northeast_india,Week 2,2026-02-05,SPIRE,0.9877376298692107,0.4290329994599351,0.15184901931946868,0.540532018198466,0.3886829988789973
TP,All India,Week 2,2026-02-05,FuXi,0.9682040309018926,0.40223990570790596,-0.04083119365304259,0.09281059074032613,0.13364178439336874
TP,northwest_india,Week 2,2026-02-05,FuXi,0.982879900403431,0.32750683397089153,-0.1436381185203468,0.04819912396865693,0.19183724248900372
TP,central_india,Week 2,2026-02-05,FuXi,0.9354908194441753,0.1047683596688105,-0.021808899720717135,0.007111691025500536,0.02892059074621767
TP,south_peninsula,Week 2,2026-02-05,FuXi,0.7398084640678632,0.31793545812761353,0.13696571325810328,0.15581820070942637,0.01885248745132313
TP,east_northeast_india,Week 2,2026-02-05,FuXi,0.9616614793604509,0.8373244185560933,-0.08100609201765122,0.3076769068613461,0.3886829988789973
TP,All India,Week 2,2026-02-05,ECMWF,0.970705880443437,0.3662832654217411,0.0325261039284061,0.16616788832177487,0.13364178439336874
TP,northwest_india,Week 2,2026-02-05,ECMWF,0.9809304757167141,0.3637030259920943,0.0686694303828286,0.2605066728718323,0.19183724248900372
TP,central_india,Week 2,2026-02-05,ECMWF,0.9470665474228628,0.0957352287002359,0.00038581585257175356,0.02930640659878942,0.02892059074621767
TP,south_peninsula,Week 2,2026-02-05,ECMWF,0.9218570385480204,0.18122514162602787,0.10543849233445447,0.1242909797857776,0.01885248745132313
TP,east_northeast_india,Week 2,2026-02-05,ECMWF,0.9731193399157304,0.7416206825151872,-0.06370209706455637,0.32498090181444095,0.3886829988789973
TP,All India,Week 2,2026-02-05,NCEP,0.9243829315615716,0.6694416609458095,0.29580618780368656,0.4294479721970553,0.13364178439336874
TP,northwest_india,Week 2,2026-02-05,NCEP,0.9443848752816904,0.8294499618438286,0.5847577630051852,0.7765950054941888,0.19183724248900372
TP,central_india,Week 2,2026-02-05,NCEP,0.9387039626066576,0.1631939305444129,0.11966538556045012,0.14858597630666776,0.02892059074621767
TP,south_peninsula,Week 2,2026-02-05,NCEP,0.024961898579408424,0.8064475132963239,0.5418505754145702,0.5607030628658934,0.01885248745132313
TP,east_northeast_india,Week 2,2026-02-05,NCEP,0.9813223185756696,0.7974556661007683,-0.23897005280942096,0.14971294606957633,0.3886829988789973
TP,All India,Week 2,2026-02-05,MME,0.9681546117732099,0.3912716720424881,0.1116900489037554,0.24533183329712413,0.13364178439336874
TP,northwest_india,Week 2,2026-02-05,MME,0.9807857958441316,0.428070237491781,0.18387952287877268,0.3757167653677764,0.19183724248900372
TP,central_india,Week 2,2026-02-05,MME,0.9669287526995466,0.0904111065211222,0.04889524531386068,0.07781583606007836,0.02892059074621767
TP,south_peninsula,Week 2,2026-02-05,MME,0.6627022000415347,0.37542108850403716,0.23662758837378048,0.2554800758251036,0.01885248745132313
TP,east_northeast_india,Week 2,2026-02-05,MME,0.9775651488310738,0.6584273811525087,-0.05795730564303999,0.3307256932359574,0.3886829988789973
TP,All India,Week 3,2026-02-05,Persistence,0.7911814763225834,1.0096769560857242,0.03670397064788084,0.3025783580354215,0.26587438738754066
TP,northwest_india,Week 3,2026-02-05,Persistence,0.8649979222489732,0.9981727015947707,0.6039425434076834,0.6700163305262958,0.06607378711861228
TP,central_india,Week 3,2026-02-05,Persistence,0.6452111679021618,0.2665555859207497,-0.037183539487929955,0.0735946693894745,0.11077820887740444
TP,south_peninsula,Week 3,2026-02-05,Persistence,-0.9226352783930053,1.5529427955653432,-0.5452875567320157,0.038920187300355104,0.5842077440323707
TP,east_northeast_india,Week 3,2026-02-05,Persistence,0.9117025133511801,1.2266628719836354,-0.30914734483470807,0.3514040974574362,0.6605514422921444
TP,All India,Week 3,2026-02-05,SPIRE,0.8361844004069605,0.9095417138658386,0.13894239760463523,0.40481678499217594,0.26587438738754066
TP,northwest_india,Week 3,2026-02-05,SPIRE,0.9598184499262805,0.8307237570112136,0.5499741506281579,0.6160479377467701,0.06607378711861228
TP,central_india,Week 3,2026-02-05,SPIRE,0.7660839886837846,0.16804683372631782,0.038618342013211036,0.14939655089061546,0.11077820887740444
TP,south_peninsula,Week 3,2026-02-05,SPIRE,-0.900542563083549,1.3842841222732711,-0.29299296871505415,0.2912147753173166,0.5842077440323707
TP,east_northeast_india,Week 3,2026-02-05,SPIRE,0.8975580875615703,1.2639748510432511,0.00794974192976234,0.6685011842219066,0.6605514422921444
TP,All India,Week 3,2026-02-05,FuXi,0.7984103601612417,1.063326993706214,-0.1159312162088215,0.14994317117871914,0.26587438738754066
TP,northwest_india,Week 3,2026-02-05,FuXi,0.9141164518133116,0.7236414578537188,0.33669418089232483,0.40276796801093717,0.06607378711861228
TP,central_india,Week 3,2026-02-05,FuXi,0.8221240290259916,0.1830244754021035,-0.10052747924709263,0.010250729630311836,0.11077820887740444
TP,south_peninsula,Week 3,2026-02-05,FuXi,-0.9299115001132331,1.6269998836364954,-0.5485612140820092,0.035646529950361557,0.5842077440323707
TP,east_northeast_india,Week 3,2026-02-05,FuXi,0.8862060833639892,1.7540132101696442,-0.6013616876978783,0.059189754594266,0.6605514422921444
TP,All India,Week 3,2026-02-05,ECMWF,0.8291241394622617,0.9555920266870739,-0.01321655732422478,0.2526578300633158,0.26587438738754066
TP,northwest_india,Week 3,2026-02-05,ECMWF,0.9758613990840075,0.5390965139727815,0.35616756768273133,0.4222413548013437,0.06607378711861228
TP,central_india,Week 3,2026-02-05,ECMWF,0.8008752940210204,0.15093406615799182,-0.03628151861485006,0.07449669026255439,0.11077820887740444
TP,south_peninsula,Week 3,2026-02-05,ECMWF,-0.9504667235155282,1.509796382594279,-0.3559784305571889,0.22822931347518183,0.5842077440323707
TP,east_northeast_india,Week 3,2026-02-05,ECMWF,0.8823047353600415,1.6146942327465776,-0.3407616494940513,0.31978979279809294,0.6605514422921444
TP,All India,Week 3,2026-02-05,NCEP,0.8038624123883209,1.0263253551285811,-0.05499269629539102,0.21088169109214963,0.26587438738754066
TP,northwest_india,Week 3,2026-02-05,NCEP,0.9288975414425978,0.7515045967054342,0.4423172194966995,0.5083910066153118,0.06607378711861228
TP,central_india,Week 3,2026-02-05,NCEP,0.7999502634100548,0.19019520138828958,-0.08960814274856188,0.02117006612884258,0.11077820887740444
TP,south_peninsula,Week 3,2026-02-05,NCEP,-0.9373916936188442,1.5695577626370767,-0.5024668082703788,0.08174093576199201,0.5842077440323707
TP,east_northeast_india,Week 3,2026-02-05,NCEP,0.8900057670711488,1.6401403893485706,-0.5052464437893321,0.15530499850281212,0.6605514422921444
TP,All India,Week 3,2026-02-05,MME,0.818786175316991,0.9679109331603711,-0.011299518055950543,0.2545748693315902,0.26587438738754066
TP,northwest_india,Week 3,2026-02-05,MME,0.956733997275269,0.6847350293207549,0.42128827967497834,0.48736206679359073,0.06607378711861228
TP,central_india,Week 3,2026-02-05,MME,0.8000643344338,0.16284427306295157,-0.046949699649323384,0.06382850922808106,0.11077820887740444
TP,south_peninsula,Week 3,2026-02-05,MME,-0.954474747300597,1.5174092551315925,-0.42499985540615776,0.159207888626213,0.5842077440323707
TP,east_northeast_india,Week 3,2026-02-05,MME,0.8892951584629925,1.529643729693406,-0.3598550097628748,0.3006964325292694,0.6605514422921444
TP,All India,Week 4,2026-02-05,Persistence,0.7778161181142942,0.9872344738303559,0.0663719207815121,0.3025783580354215,0.23620643725390933
TP,northwest_india,Week 4,2026-02-05,Persistence,0.8748542880799562,0.9745022296814844,0.5932726615143943,0.6700163305262958,0.07674366901190162
TP,central_india,Week 4,2026-02-05,Persistence,0.8335755972521366,0.21022283119347263,0.07308812026725767,0.0735946693894745,0.0005065491222168219
TP,south_peninsula,Week 4,2026-02-05,Persistence,-0.8193975026203425,1.1093316592602607,-0.2574039306833712,0.038920187300355104,0.29632411798372627
TP,east_northeast_india,Week 4,2026-02-05,Persistence,0.928252959891074,1.6842910393395012,-0.6968911853187383,0.3514040974574362,1.0482952827761745
TP,All India,Week 4,2026-02-05,SPIRE,0.8286377533666156,0.9015336147278307,0.5143914294365218,0.7505978666904314,0.23620643725390933
TP,northwest_india,Week 4,2026-02-05,SPIRE,0.9514439487341799,1.063211219708437,0.7590197575942502,0.8357634266061517,0.07674366901190162
TP,central_india,Week 4,2026-02-05,SPIRE,0.896214938531381,0.43607882008057075,0.41553423032198455,0.41604077944420126,0.0005065491222168219
TP,south_peninsula,Week 4,2026-02-05,SPIRE,-0.884759307245438,1.0013896634740287,0.3192648423937324,0.6155889603774587,0.29632411798372627
TP,east_northeast_india,Week 4,2026-02-05,SPIRE,0.9052009015285692,1.1424699558306428,0.44880981091346484,1.4971050936896393,1.0482952827761745
TP,All India,Week 4,2026-02-05,FuXi,0.8628706339229794,0.8867841362442591,-0.06245521886219311,0.17375121839171626,0.23620643725390933
TP,northwest_india,Week 4,2026-02-05,FuXi,0.9961570430582212,0.13493526665401914,0.02112477476747183,0.09786844377937345,0.07674366901190162
TP,central_india,Week 4,2026-02-05,FuXi,0.9938585024396641,0.042757343219758104,0.02742475917534844,0.027931308297565263,0.0005065491222168219
TP,south_peninsula,Week 4,2026-02-05,FuXi,-0.8925371810564019,1.0999354412766007,-0.009775884683363757,0.28654823330036255,0.29632411798372627
TP,east_northeast_india,Week 4,2026-02-05,FuXi,0.881393922719002,1.9313365857135212,-0.5159489065566575,0.5323463762195169,1.0482952827761745
TP,All India,Week 4,2026-02-05,ECMWF,0.7867316254399274,1.0627979456071872,0.3965492726941632,0.6327557099480725,0.23620643725390933
TP,northwest_india,Week 4,2026-02-05,ECMWF,0.9666065503370317,0.9096610098375219,0.6553615850676876,0.7321052540795893,0.07674366901190162
TP,central_india,Week 4,2026-02-05,ECMWF,0.7288207043876455,0.39894570646014826,0.34967745923837346,0.3501840083605902,0.0005065491222168219
TP,south_peninsula,Week 4,2026-02-05,ECMWF,-0.8732484353822043,1.160829562819788,0.45734341421955854,0.7536675322032849,0.29632411798372627
TP,east_northeast_india,Week 4,2026-02-05,ECMWF,0.8760496070515954,1.9327401238064,-0.1372738477730099,0.9110214350031647,1.0482952827761745
TP,All India,Week 4,2026-02-05,NCEP,0.6687106121459906,1.292576703026321,0.3817491644955217,0.6179556017494311,0.23620643725390933
TP,northwest_india,Week 4,2026-02-05,NCEP,0.7316869158982864,1.6185108677747542,1.2295630254433034,1.3063066944552049,0.07674366901190162
TP,central_india,Week 4,2026-02-05,NCEP,0.9043063027075244,0.20617902176826763,0.1678912014742212,0.16839775059643805,0.0005065491222168219
TP,south_peninsula,Week 4,2026-02-05,NCEP,-0.8668029706173419,1.1143848938363174,-0.1512266009806334,0.14509751700309284,0.29632411798372627
TP,east_northeast_india,Week 4,2026-02-05,NCEP,0.9272273506055652,1.962884826411751,-0.3180565248253094,0.7302387579508651,1.0482952827761745
TP,All India,Week 4,2026-02-05,MME,0.8033259413888647,0.9482267823140214,0.30755866194100345,0.5437650991949128,0.23620643725390933
TP,northwest_india,Week 4,2026-02-05,MME,0.9713612292887751,0.8970571089503767,0.6662672857181782,0.7430109547300798,0.07674366901190162
TP,central_india,Week 4,2026-02-05,MME,0.9662320107324273,0.2565749725118184,0.2401319125524819,0.24063846167469874,0.0005065491222168219
TP,south_peninsula,Week 4,2026-02-05,MME,-0.896053606904117,1.0609031128188575,0.15390144273732348,0.45022556072104974,0.29632411798372627
TP,east_northeast_india,Week 4,2026-02-05,MME,0.9011304420011078,1.6516312992780315,-0.13061736706037796,0.9176779157157965,1.0482952827761745
TP,All India,Week 5,2026-02-05,Persistence,0.739654801842549,1.39623178915332,-0.26988339675539375,0.3025783580354215,0.5724617547908154
TP,northwest_india,Week 5,2026-02-05,Persistence,0.331176246280139,1.9550198465804267,-0.2587615899646495,0.6700163305262958,0.9287779204909453
TP,central_india,Week 5,2026-02-05,Persistence,0.8432032019035848,0.21550365658262027,0.061546270407290556,0.0735946693894745,0.012048398982183926
TP,south_peninsula,Week 5,2026-02-05,Persistence,-0.8154896888369549,1.3620633936898745,-0.34372228699608026,0.038920187300355104,0.3826424742964354
TP,east_northeast_india,Week 5,2026-02-05,Persistence,0.9557311998321287,1.524910577786854,-0.9596587845390971,0.3514040974574362,1.311062881996533
TP,All India,Week 5,2026-02-05,SPIRE,0.675721402010129,1.5521871784285795,0.3512812754359795,0.9237430302267947,0.5724617547908154
TP,northwest_india,Week 5,2026-02-05,SPIRE,0.1999068614230982,2.0066779212415815,0.23159000971765142,1.1603679302085965,0.9287779204909453
TP,central_india,Week 5,2026-02-05,SPIRE,0.8786629785815427,0.4494486678610966,0.4259073049608771,0.43795570394306105,0.012048398982183926
TP,south_peninsula,Week 5,2026-02-05,SPIRE,-0.8577609788870396,1.1890111699318797,0.09683109337543773,0.47947356767187316,0.3826424742964354
TP,east_northeast_india,Week 5,2026-02-05,SPIRE,0.8984052294204796,2.271418057708731,0.7588078195276279,2.069870701524161,1.311062881996533
TP,All India,Week 5,2026-02-05,FuXi,0.7190992686030211,1.3940978966638775,-0.01476840635801603,0.557693348432799,0.5724617547908154
TP,northwest_india,Week 5,2026-02-05,FuXi,0.38820931509535206,1.8804219883206335,-0.0503194730219441,0.8784584474690013,0.9287779204909453
TP,central_india,Week 5,2026-02-05,FuXi,0.8818861623410694,0.17488109110823952,0.1072272394444342,0.1192756384266181,0.012048398982183926
TP,south_peninsula,Week 5,2026-02-05,FuXi,-0.8270058497228936,1.3011065844888368,-0.19118877096808642,0.1914537033283489,0.3826424742964354
TP,east_northeast_india,Week 5,2026-02-05,FuXi,0.8936079928407055,1.7744138262273816,0.0036376634009829033,1.3147005453975165,1.311062881996533
TP,All India,Week 5,2026-02-05,ECMWF,0.7446425521392499,1.351523178085844,0.16743751675629603,0.7398992715471114,0.5724617547908154
TP,northwest_india,Week 5,2026-02-05,ECMWF,0.586390171671637,1.7477751874477259,0.1099745077991459,1.0387524282900908,0.9287779204909453
TP,central_india,Week 5,2026-02-05,ECMWF,0.7831236926911509,0.3348305651760925,0.28134301658696237,0.2933914155691464,0.012048398982183926
TP,south_peninsula,Week 5,2026-02-05,ECMWF,-0.8517301093200466,1.3562510199771933,0.2379762826143834,0.6206187569108188,0.3826424742964354
TP,east_northeast_india,Week 5,2026-02-05,ECMWF,0.8971396935838636,1.745351752730459,-0.055125808793609274,1.2559370732029238,1.311062881996533
TP,All India,Week 5,2026-02-05,NCEP,0.7464109563733439,1.430926644853559,0.43304986034519694,1.0055116151360124,0.5724617547908154
TP,northwest_india,Week 5,2026-02-05,NCEP,0.42776096144063425,2.158104349115514,1.12700997445978,2.0557878949507247,0.9287779204909453
TP,central_india,Week 5,2026-02-05,NCEP,0.8891275655423723,0.31182211352178174,0.2651823087164903,0.27723070769867425,0.012048398982183926
TP,south_peninsula,Week 5,2026-02-05,NCEP,-0.8423753721530539,1.3267924306648033,-0.06723708559193857,0.31540538870449686,0.3826424742964354
TP,east_northeast_india,Week 5,2026-02-05,NCEP,0.9622219126560445,1.0776837844206055,-0.07649196493718009,1.234570917059353,1.311062881996533
TP,All India,Week 5,2026-02-05,MME,0.7492551106301018,1.3494667874750619,0.23425006154486416,0.8067118163356796,0.5724617547908154
TP,northwest_india,Week 5,2026-02-05,MME,0.5113602993168666,1.8611562740536964,0.3545637547386583,1.2833416752296036,0.9287779204909453
TP,central_india,Week 5,2026-02-05,MME,0.9422488329050599,0.2901832720263563,0.26991496742719107,0.28196336640937497,0.012048398982183926
TP,south_peninsula,Week 5,2026-02-05,MME,-0.8486255463464458,1.280854105076018,0.01909537985744902,0.4017378541538844,0.3826424742964354
TP,east_northeast_india,Week 5,2026-02-05,MME,0.9257638511964046,1.5577034823619251,0.15770692729945524,1.4687698092959884,1.311062881996533
TP,All India,Week 6,2026-02-05,Persistence,-0.744651980556107,6.72441355939993,-2.107229382234099,0.3025783580354215,2.4098077402695206
TP,northwest_india,Week 6,2026-02-05,Persistence,-0.6619967715880061,2.100968129350783,-0.9930760917901182,0.6700163305262958,1.663092422316414
TP,central_india,Week 6,2026-02-05,Persistence,-0.009217332775723085,0.5356549461950055,-0.19939053119453465,0.0735946693894745,0.27298520058400916
TP,south_peninsula,Week 6,2026-02-05,Persistence,0.7571810509306277,1.0127748917722055,-0.7204315376150958,0.038920187300355104,0.7593517249154509
TP,east_northeast_india,Week 6,2026-02-05,Persistence,-0.723083834595113,17.08814692587655,-10.626126766435625,0.3514040974574362,10.977530863893064
TP,All India,Week 6,2026-02-05,SPIRE,-0.6283082059156855,5.694203448404436,-1.3388188118006472,1.0709889284688723,2.4098077402695206
TP,northwest_india,Week 6,2026-02-05,SPIRE,-0.5544827533752587,1.5257020094688174,-0.47617188409828487,1.1869205382181292,1.663092422316414
TP,central_india,Week 6,2026-02-05,SPIRE,0.07352573570897177,0.43582349490468136,0.2616275229580633,0.5346127235420726,0.27298520058400916
TP,south_peninsula,Week 6,2026-02-05,SPIRE,0.7823652229095558,0.5549290292069805,-0.11399793072523474,0.6453537941902162,0.7593517249154509
TP,east_northeast_india,Week 6,2026-02-05,SPIRE,-0.6657339623190303,14.552761466983128,-8.404389047644514,2.573141816248549,10.977530863893064
TP,All India,Week 6,2026-02-05,FuXi,-0.5385687661116663,6.072415342491807,-1.7116131606039073,0.6981945796656123,2.4098077402695206
TP,northwest_india,Week 6,2026-02-05,FuXi,0.1884777094168488,1.2479343658317164,-0.45347675395221737,1.2096156683641965,1.663092422316414
TP,central_india,Week 6,2026-02-05,FuXi,0.07035486724243584,0.41504907450086054,-0.165107251313369,0.10787794927064019,0.27298520058400916
TP,south_peninsula,Week 6,2026-02-05,FuXi,0.7554246711835707,1.0242722898610752,-0.7028074203819399,0.056544304533511135,0.7593517249154509
TP,east_northeast_india,Week 6,2026-02-05,FuXi,-0.5452165244001397,15.57117197587326,-9.24891404927186,1.7286168146212042,10.977530863893064
TP,All India,Week 6,2026-02-05,ECMWF,-0.6912797117782935,6.453246427220551,-1.8189663350167893,0.5908414052527304,2.4098077402695206
TP,northwest_india,Week 6,2026-02-05,ECMWF,-0.5441518216484958,1.7391945322199636,-0.7652835355986398,0.8978088867177744,1.663092422316414
TP,central_india,Week 6,2026-02-05,ECMWF,0.12110586347883713,0.3678061565160594,-0.08382813937938358,0.1891570612046256,0.27298520058400916
TP,south_peninsula,Week 6,2026-02-05,ECMWF,0.7554241845309685,0.7962806583103228,-0.40103897109696734,0.35831275381848365,0.7593517249154509
TP,east_northeast_india,Week 6,2026-02-05,ECMWF,-0.6653678289138809,16.488865126028642,-9.849877517172633,1.1276533467204304,10.977530863893064
TP,All India,Week 6,2026-02-05,NCEP,-0.6215015151833637,6.367812323738806,-1.3541467388466006,1.0556610014229195,2.4098077402695206
TP,northwest_india,Week 6,2026-02-05,NCEP,0.5741346302668888,1.0840840834862653,0.44006206969772216,2.103154492014136,1.663092422316414
TP,central_india,Week 6,2026-02-05,NCEP,-0.1131204773902149,0.4748462666458971,-0.03865757061366855,0.23432762997034065,0.27298520058400916
TP,south_peninsula,Week 6,2026-02-05,NCEP,0.7702452291183254,0.7969937515336227,-0.4365039427565537,0.3228477821588972,0.7593517249154509
TP,east_northeast_india,Week 6,2026-02-05,NCEP,-0.696010965604139,16.381726161880472,-9.420948637851449,1.556582226041613,10.977530863893064
TP,All India,Week 6,2026-02-05,MME,-0.6461758960126311,6.12533305965823,-1.5558862615669864,0.8539214787025337,2.4098077402695206
TP,northwest_india,Week 6,2026-02-05,MME,0.039847741593159444,1.2403545551557227,-0.313717525987855,1.3493748963285592,1.663092422316414
TP,central_india,Week 6,2026-02-05,MME,0.026723551356056505,0.37981259664421557,-0.006491359587089459,0.2664938409969198,0.27298520058400916
TP,south_peninsula,Week 6,2026-02-05,MME,0.7673935684862613,0.7729841271253365,-0.4135870662401739,0.34576465867527706,0.7593517249154509
TP,east_northeast_india,Week 6,2026-02-05,MME,-0.6541902683516645,15.730929115343699,-9.231032312985112,1.7464985509079491,10.977530863893064
TP,All India,Week 1,2026-02-12,Persistence,0.974301140665257,0.33346089355863534,-0.006721412882009153,0.12692037151135957,0.13364178439336874
TP,northwest_india,Week 1,2026-02-12,Persistence,0.9439041400099096,0.5601356490046144,0.038206764898443865,0.23004400738744754,0.19183724248900372
TP,central_india,Week 1,2026-02-12,Persistence,0.9362666544382799,0.10587256109702749,-0.02881572589059208,0.00010486485562559517,0.02892059074621767
TP,south_peninsula,Week 1,2026-02-12,Persistence,0.9982032768491904,0.023016068465251078,0.0004289314558506788,0.019281418907173806,0.01885248745132313
TP,east_northeast_india,Week 1,2026-02-12,Persistence,0.9993201567484236,0.18704750261950012,-0.06325942483024966,0.32542357404874767,0.3886829988789973
TP,All India,Week 1,2026-02-12,SPIRE,0.9897260189471798,0.23448437769906677,0.09793502494136641,0.23157680933473518,0.13364178439336874
TP,northwest_india,Week 1,2026-02-12,SPIRE,0.9883772736798826,0.2821843382676571,0.12405993440595606,0.3158971768949598,0.19183724248900372
TP,central_india,Week 1,2026-02-12,SPIRE,0.9683740624070235,0.11412060676919233,0.08820170712071435,0.11712229786693201,0.02892059074621767
TP,south_peninsula,Week 1,2026-02-12,SPIRE,0.983527211201685,0.11517292686215021,0.08159750483563978,0.1004499922869629,0.01885248745132313
TP,east_northeast_india,Week 1,2026-02-12,SPIRE,0.9889236312905716,0.38594370577413784,0.08344727045498507,0.47213026933398233,0.3886829988789973
TP,All India,Week 1,2026-02-12,FuXi,0.9748285154046018,0.4240732557944199,-0.026639461366936696,0.10700232302643203,0.13364178439336874
TP,northwest_india,Week 1,2026-02-12,FuXi,0.9825236949429044,0.31019423767549553,-0.08420946258958487,0.10762777989941888,0.19183724248900372
TP,central_india,Week 1,2026-02-12,FuXi,0.9461814045662879,0.11108111735297907,0.05499625747775081,0.08391684822396848,0.02892059074621767
TP,south_peninsula,Week 1,2026-02-12,FuXi,0.7901986770554557,0.2938400857134004,0.15837910278797196,0.17723159023929508,0.01885248745132313
TP,east_northeast_india,Week 1,2026-02-12,FuXi,0.9760074898755786,0.9282124159173598,-0.3176859266361024,0.07099707224289495,0.3886829988789973
TP,All India,Week 1,2026-02-12,ECMWF,0.9786775580949661,0.3340735073416855,-0.024117484500698515,0.1095242998926702,0.13364178439336874
TP,northwest_india,Week 1,2026-02-12,ECMWF,0.9854935764221194,0.28051516065316234,-0.07717388613051794,0.11466335635848578,0.19183724248900372
TP,central_india,Week 1,2026-02-12,ECMWF,0.973200126094261,0.06823163060051103,-0.006524896646699525,0.02239569409951815,0.02892059074621767
TP,south_peninsula,Week 1,2026-02-12,ECMWF,0.7065240056386811,0.3113727989772162,0.13338875897662825,0.15224124642795137,0.01885248745132313
TP,east_northeast_india,Week 1,2026-02-12,ECMWF,0.9786458809371918,0.6679283841225744,-0.14443739508549389,0.24424560379350352,0.3886829988789973
TP,All India,Week 1,2026-02-12,NCEP,0.957558034972526,0.4515341043451199,0.023600531960025466,0.15724231635339425,0.13364178439336874
TP,northwest_india,Week 1,2026-02-12,NCEP,0.9482488076663451,0.5314400319841932,0.13069347562649986,0.3225307181155036,0.19183724248900372
TP,central_india,Week 1,2026-02-12,NCEP,0.9385591523031188,0.10391846152017056,-0.02764334697022252,0.0012772437759951479,0.02892059074621767
TP,south_peninsula,Week 1,2026-02-12,NCEP,0.571831417878747,0.3503469176704343,0.1595230706530194,0.17837555810434252,0.01885248745132313
TP,east_northeast_india,Week 1,2026-02-12,NCEP,0.980689827630726,0.7579756223340207,-0.2623460194009765,0.12633697947802086,0.3886829988789973
TP,All India,Week 1,2026-02-12,MME,0.9800274095640247,0.3163490341370364,0.017694652758439167,0.15133643715180792,0.13364178439336874
TP,northwest_india,Week 1,2026-02-12,MME,0.9838154281240641,0.2918969719783706,0.023342515328088276,0.215179757817092,0.19183724248900372
TP,central_india,Week 1,2026-02-12,MME,0.9650379290058222,0.08069596672144182,0.027257430245385777,0.05617802099160345,0.02892059074621767
TP,south_peninsula,Week 1,2026-02-12,MME,0.8141931553079854,0.25688115585420596,0.13322210931331485,0.15207459676463797,0.01885248745132313
TP,east_northeast_india,Week 1,2026-02-12,MME,0.9831793467525055,0.6235314220037302,-0.1602555176668969,0.2284274812121004,0.3886829988789973
TP,All India,Week 2,2026-02-12,Persistence,0.8554561437462912,0.8718800408113421,-0.13895401587618106,0.12692037151135957,0.26587438738754066
TP,northwest_india,Week 2,2026-02-12,Persistence,0.932738453992767,0.5740066039028341,0.16397022026883531,0.23004400738744754,0.06607378711861228
TP,central_india,Week 2,2026-02-12,Persistence,0.8041447096075773,0.19644680616130902,-0.11067334402177885,0.00010486485562559517,0.11077820887740444
TP,south_peninsula,Week 2,2026-02-12,Persistence,-0.918952262149801,1.6013083553090381,-0.5649263251251969,0.019281418907173806,0.5842077440323707
TP,east_northeast_india,Week 2,2026-02-12,Persistence,0.9439279325352002,1.0511344590206562,-0.33512786824339663,0.32542357404874767,0.6605514422921444
TP,All India,Week 2,2026-02-12,SPIRE,0.8878617346943978,0.7958834379202924,0.16370986106774013,0.42958424845528087,0.26587438738754066
TP,northwest_india,Week 2,2026-02-12,SPIRE,0.9914067897571579,0.30485483606089026,0.21785358363330784,0.2839273707519201,0.06607378711861228
TP,central_india,Week 2,2026-02-12,SPIRE,0.7727884283699533,0.2519335339190393,0.19611919962155133,0.3068974084989558,0.11077820887740444
TP,south_peninsula,Week 2,2026-02-12,SPIRE,-0.38190294605892483,1.3436834220549867,0.21769387657837683,0.8019016206107475,0.5842077440323707
TP,east_northeast_india,Week 2,2026-02-12,SPIRE,0.9059473933540219,1.2875898078101777,-0.09578520953405674,0.5647662327580876,0.6605514422921444
TP,All India,Week 2,2026-02-12,FuXi,0.8070433015427562,1.1775601095677097,-0.0013175760853689348,0.26455681130217173,0.26587438738754066
TP,northwest_india,Week 2,2026-02-12,FuXi,0.9889690984154446,0.22393953469836747,-0.002609152119434479,0.06346463499917782,0.06607378711861228
TP,central_india,Week 2,2026-02-12,FuXi,0.8119477893693728,0.17960036540776855,-0.0838234251217056,0.026954783755698822,0.11077820887740444
TP,south_peninsula,Week 2,2026-02-12,FuXi,-0.15871947073720902,2.2494411514178645,0.5089688446730857,1.0931765887054565,0.5842077440323707
TP,east_northeast_india,Week 2,2026-02-12,FuXi,0.8797482073956491,1.682154937184243,-0.4449567727892017,0.21559466950294257,0.6605514422921444
TP,All India,Week 2,2026-02-12,ECMWF,0.823448264074012,1.1068439868169966,0.3401369407534647,0.6060113281410052,0.26587438738754066
TP,northwest_india,Week 2,2026-02-12,ECMWF,0.9801516084217177,0.5365318058894086,0.37459182142652125,0.4406656085451336,0.06607378711861228
TP,central_india,Week 2,2026-02-12,ECMWF,0.8136848247586359,0.22793547145199208,0.18853943254194197,0.29931764141934636,0.11077820887740444
TP,south_peninsula,Week 2,2026-02-12,ECMWF,-0.27937453894951025,1.9881991489758102,1.0305093491969677,1.6147170932293387,0.5842077440323707
TP,east_northeast_india,Week 2,2026-02-12,ECMWF,0.8789415000114357,1.5995240642763882,-0.2477904843488506,0.4127609579432937,0.6605514422921444
TP,All India,Week 2,2026-02-12,NCEP,0.8154633129723096,1.020276310056932,-0.05699359420503435,0.20888079318250632,0.26587438738754066
TP,northwest_india,Week 2,2026-02-12,NCEP,0.9786866400989388,0.3216858576404559,0.08949013102153272,0.155563918140145,0.06607378711861228
TP,central_india,Week 2,2026-02-12,NCEP,0.8863531192733732,0.14706161000133827,-0.08454480533834281,0.02623340353906161,0.11077820887740444
TP,south_peninsula,Week 2,2026-02-12,NCEP,-0.9146663475864976,1.5779495164958715,-0.5115880187297904,0.07261972530258023,0.5842077440323707
TP,east_northeast_india,Week 2,2026-02-12,NCEP,0.8494315784787434,1.9012654390399393,0.25172132635673167,0.912272768648876,0.6605514422921444
TP,All India,Week 2,2026-02-12,MME,0.8559921053136685,0.921649192055055,0.11138390788270039,0.377258295270241,0.26587438738754066
TP,northwest_india,Week 2,2026-02-12,MME,0.9872461650648332,0.3056106209067137,0.16983159599048187,0.2359053831090942,0.06607378711861228
TP,central_india,Week 2,2026-02-12,MME,0.8670506288857783,0.12801355230148762,0.05407260042586122,0.16485080930326565,0.11077820887740444
TP,south_peninsula,Week 2,2026-02-12,MME,-0.3754376844160967,1.5727190056403209,0.31139601292965996,0.8956037569620307,0.5842077440323707
TP,east_northeast_india,Week 2,2026-02-12,MME,0.8846894377643458,1.5438479316786027,-0.1342027850788444,0.5263486572132999,0.6605514422921444
TP,All India,Week 3,2026-02-12,Persistence,0.8634483851272925,0.8594893146709813,-0.10928606574254979,0.12692037151135957,0.23620643725390933
TP,northwest_india,Week 3,2026-02-12,Persistence,0.973781854457015,0.4095603425200188,0.153300338375546,0.23004400738744754,0.07674366901190162
TP,central_india,Week 3,2026-02-12,Persistence,0.9999880755544764,0.0014266896506815036,-0.00040168426659122666,0.00010486485562559517,0.0005065491222168219
TP,south_peninsula,Week 3,2026-02-12,Persistence,-0.8129822598548169,1.1552212863427962,-0.27704269907655243,0.019281418907173806,0.29632411798372627
TP,east_northeast_india,Week 3,2026-02-12,Persistence,0.9603282060283392,1.7124497164759949,-0.7228717087274267,0.32542357404874767,1.0482952827761745
TP,All India,Week 3,2026-02-12,SPIRE,0.82187644528362,0.9686379494600782,0.6143642600333896,0.8505706972872991,0.23620643725390933
TP,northwest_india,Week 3,2026-02-12,SPIRE,0.9532803133911334,1.0737138187974118,0.7925706576356549,0.8693143266475567,0.07674366901190162
TP,central_india,Week 3,2026-02-12,SPIRE,0.7005486600977675,0.5638904198363116,0.5271790951111938,0.5276856442334107,0.0005065491222168219
TP,south_peninsula,Week 3,2026-02-12,SPIRE,-0.8699364819185883,1.0084261573489721,0.2495736210964771,0.5458977390802033,0.29632411798372627
TP,east_northeast_india,Week 3,2026-02-12,SPIRE,0.8875365429462344,1.337574160675354,0.8783140088573547,1.9266092916335293,1.0482952827761745
TP,All India,Week 3,2026-02-12,FuXi,0.8453597573282612,0.8989696949525895,0.023426829529724753,0.2596332667836342,0.23620643725390933
TP,northwest_india,Week 3,2026-02-12,FuXi,0.9913699019914958,0.24109703994160217,0.09621141570286153,0.17295508471476315,0.07674366901190162
TP,central_india,Week 3,2026-02-12,FuXi,0.9008265854999303,0.21736505645413365,0.17871309365893703,0.17921964278115388,0.0005065491222168219
TP,south_peninsula,Week 3,2026-02-12,FuXi,-0.8682155568767438,1.0769276144951392,-0.0833373185833812,0.2129867994003451,0.29632411798372627
TP,east_northeast_india,Week 3,2026-02-12,FuXi,0.8592666194820509,1.9358454273637802,-0.35754085930006163,0.6907544234761128,1.0482952827761745
TP,All India,Week 3,2026-02-12,ECMWF,0.7642734570118511,1.1095439576419057,0.5275226053498827,0.7637290426037924,0.23620643725390933
TP,northwest_india,Week 3,2026-02-12,ECMWF,0.9743970961305652,0.8688847841362898,0.6798364104149234,0.756580079426825,0.07674366901190162
TP,central_india,Week 3,2026-02-12,ECMWF,0.07893442699309387,0.5872400582955494,0.49569673873669856,0.4962032878589153,0.0005065491222168219
TP,south_peninsula,Week 3,2026-02-12,ECMWF,-0.8600342088805242,1.1277988608796712,0.30872025852134966,0.6050443765050759,0.29632411798372627
TP,east_northeast_india,Week 3,2026-02-12,ECMWF,0.8157118708103935,2.0604316677126007,0.5398531193146768,1.5881484020908516,1.0482952827761745
TP,All India,Week 3,2026-02-12,NCEP,0.8192267118222764,0.9541646387199378,0.0459546628738896,0.282161100127799,0.23620643725390933
TP,northwest_india,Week 3,2026-02-12,NCEP,0.9635428777768817,0.5828799908318847,0.3624604492044332,0.4392041182163348,0.07674366901190162
TP,central_india,Week 3,2026-02-12,NCEP,0.9982337407093531,0.032767012698186514,0.02510773067773719,0.025614279799954013,0.0005065491222168219
TP,south_peninsula,Week 3,2026-02-12,NCEP,-0.8275271433253218,1.1374468501611896,-0.1582957621926727,0.1380283557910536,0.29632411798372627
TP,east_northeast_india,Week 3,2026-02-12,NCEP,0.9082478892086849,1.9385173843153707,-0.34352890447847634,0.7047663782976981,1.0482952827761745
TP,All India,Week 3,2026-02-12,MME,0.82507600812963,0.8821137558993332,0.30281708944672175,0.5390235267006311,0.23620643725390933
TP,northwest_india,Week 3,2026-02-12,MME,0.9880790993216054,0.652159511747858,0.48276973323946826,0.5595134022513699,0.07674366901190162
TP,central_india,Week 3,2026-02-12,MME,0.8704797911849623,0.3402143276703431,0.30667416454614166,0.3071807136683585,0.0005065491222168219
TP,south_peninsula,Week 3,2026-02-12,MME,-0.863178521108314,1.0653539051425114,0.07916519971044315,0.3754893176941695,0.29632411798372627
TP,east_northeast_india,Week 3,2026-02-12,MME,0.876414549556863,1.6181117618440273,0.17927434109837342,1.227569623874548,1.0482952827761745
TP,All India,Week 4,2026-02-12,Persistence,0.7694578830270302,1.3813349450193797,-0.4455413832794557,0.12692037151135957,0.5724617547908154
TP,northwest_india,Week 4,2026-02-12,Persistence,0.4743201269504807,1.934895883920879,-0.6987339131034976,0.23004400738744754,0.9287779204909453
TP,central_india,Week 4,2026-02-12,Persistence,0.9885834568507234,0.04792906171894013,-0.01194353412655833,0.00010486485562559517,0.012048398982183926
TP,south_peninsula,Week 4,2026-02-12,Persistence,-0.8203754420111687,1.4113159054066275,-0.36336105538926156,0.019281418907173806,0.3826424742964354
TP,east_northeast_india,Week 4,2026-02-12,Persistence,0.9618281925674177,1.4660945085546466,-0.9856393079477856,0.32542357404874767,1.311062881996533
TP,All India,Week 4,2026-02-12,SPIRE,0.6343999301840827,1.632111481008593,0.3668013863474607,0.939263141138276,0.5724617547908154
TP,northwest_india,Week 4,2026-02-12,SPIRE,0.23035437340125164,1.9877929586069345,0.19394426859392594,1.122722189084871,0.9287779204909453
TP,central_india,Week 4,2026-02-12,SPIRE,0.819599561463337,0.4680032446604984,0.4368877935236425,0.44893619250582634,0.012048398982183926
TP,south_peninsula,Week 4,2026-02-12,SPIRE,-0.8584511738769427,1.1911421307214,0.021142505482956767,0.40378497977939215,0.3826424742964354
TP,east_northeast_india,Week 4,2026-02-12,SPIRE,0.862991975503125,2.6433958898222985,1.0143228183344384,2.3253857003309717,1.311062881996533
TP,All India,Week 4,2026-02-12,FuXi,0.7320979944334202,1.396933544359409,-0.20559118385056932,0.3668705709402459,0.5724617547908154
TP,northwest_india,Week 4,2026-02-12,FuXi,0.4494226075781313,1.8823982627055162,-0.47200247191784306,0.45677544857310226,0.9287779204909453
TP,central_india,Week 4,2026-02-12,FuXi,0.8224109432954775,0.25587107783784546,0.1969131142733792,0.20896151325556314,0.012048398982183926
TP,south_peninsula,Week 4,2026-02-12,FuXi,-0.8307218063597189,1.3587463683581982,-0.27726459383643304,0.10537788046000236,0.3826424742964354
TP,east_northeast_india,Week 4,2026-02-12,FuXi,0.9090470449267825,1.70731749168924,-0.4543087832691669,0.8567540987273664,1.311062881996533
TP,All India,Week 4,2026-02-12,ECMWF,0.7442584902485203,1.3449953588184194,0.044710473461273624,0.6171722282520888,0.5724617547908154
TP,northwest_india,Week 4,2026-02-12,ECMWF,0.5253254607155606,1.7556946750434594,-0.07650176215203987,0.8522761583389052,0.9287779204909453
TP,central_india,Week 4,2026-02-12,ECMWF,0.79924420754088,0.3274767518555511,0.27784022657917146,0.28988862556135536,0.012048398982183926
TP,south_peninsula,Week 4,2026-02-12,ECMWF,-0.84865739210983,1.2942688624742211,0.04080977557908715,0.42345224987552244,0.3826424742964354
TP,east_northeast_india,Week 4,2026-02-12,ECMWF,0.8973985575451291,1.7558590776639158,-0.21842992898458327,1.0926329530119498,1.311062881996533
TP,All India,Week 4,2026-02-12,NCEP,0.8102596398172308,1.1777040396037421,0.05574623455075778,0.6282079893415728,0.5724617547908154
TP,northwest_india,Week 4,2026-02-12,NCEP,0.693452240966803,1.6073479260632417,0.20044454345924514,1.1292224639501902,0.9287779204909453
TP,central_india,Week 4,2026-02-12,NCEP,0.9807023586894945,0.08612807577456515,0.05555379795978219,0.06760219694196613,0.012048398982183926
TP,south_peninsula,Week 4,2026-02-12,NCEP,-0.8471629583026813,1.3858898489052651,-0.23293978327696557,0.1497026910194698,0.3826424742964354
TP,east_northeast_india,Week 4,2026-02-12,NCEP,0.9594687254708057,1.1233375375923678,0.0993856969555177,1.4104485789520511,1.311062881996533
TP,All India,Week 4,2026-02-12,MME,0.7651564042750151,1.295885293627268,0.06541672762723066,0.6378784824180459,0.5724617547908154
TP,northwest_india,Week 4,2026-02-12,MME,0.5554072533205299,1.7463098129462882,-0.038528855504178054,0.8902490649867671,0.9287779204909453
TP,central_india,Week 4,2026-02-12,MME,0.9038008272564134,0.2747260814060091,0.24179873308399386,0.2538471320661777,0.012048398982183926
TP,south_peninsula,Week 4,2026-02-12,MME,-0.8490898517348326,1.2980340761438411,-0.11206302401283869,0.2705794502835967,0.3826424742964354
TP,east_northeast_india,Week 4,2026-02-12,MME,0.9298723158038894,1.5311911557522966,0.1102424507590515,1.4213053327555847,1.311062881996533
TP,All India,Week 5,2026-02-12,Persistence,-0.7362436178285906,6.822155306404184,-2.2828873687581606,0.12692037151135957,2.4098077402695206
TP,northwest_india,Week 5,2026-02-12,Persistence,-0.7651946002589987,2.563860895082998,-1.4330484149289666,0.23004400738744754,1.663092422316414
TP,central_india,Week 5,2026-02-12,Persistence,0.06542700766963111,0.4982922235311979,-0.2728803357283836,0.00010486485562559517,0.27298520058400916
TP,south_peninsula,Week 5,2026-02-12,Persistence,0.751950274689395,1.0544446537913998,-0.7400703060082771,0.019281418907173806,0.7593517249154509
TP,east_northeast_india,Week 5,2026-02-12,Persistence,-0.7277016343136479,17.20927011954569,-10.652107289844315,0.32542357404874767,10.977530863893064
TP,All India,Week 5,2026-02-12,SPIRE,-0.5904615773624684,5.683715314491057,-1.4300467173326774,0.9797610229368425,2.4098077402695206
TP,northwest_india,Week 5,2026-02-12,SPIRE,-0.39870755251438544,1.487789980301001,-0.5572291595884892,1.105863262727925,1.663092422316414
TP,central_india,Week 5,2026-02-12,SPIRE,0.10162173854540668,0.3907732676298338,0.16679153453107967,0.43977673511508886,0.27298520058400916
TP,south_peninsula,Week 5,2026-02-12,SPIRE,0.8016922421982341,0.5921594530432077,-0.2587767082741615,0.5005750166412894,0.7593517249154509
TP,east_northeast_india,Week 5,2026-02-12,SPIRE,-0.6348286553983638,14.534895407000784,-8.442947372452112,2.534583491440951,10.977530863893064
TP,All India,Week 5,2026-02-12,FuXi,-0.6434883068839782,6.23851247877077,-1.7523544998383587,0.6574532404311609,2.4098077402695206
TP,northwest_india,Week 5,2026-02-12,FuXi,-0.7851225890260569,1.873521813866717,-0.719078974353808,0.9440134479626063,1.663092422316414
TP,central_india,Week 5,2026-02-12,FuXi,-0.05150443133799818,0.38770734601323203,0.010250928804440514,0.2832361293884497,0.27298520058400916
TP,south_peninsula,Week 5,2026-02-12,FuXi,0.7377358781261413,0.986367090402022,-0.5950611461839395,0.1642905787315115,0.7593517249154509
TP,east_northeast_india,Week 5,2026-02-12,FuXi,-0.6253469565146081,15.87669847401557,-9.477128192577617,1.5004026713154461,10.977530863893064
TP,All India,Week 5,2026-02-12,ECMWF,-0.6963839416540393,6.448944528276997,-1.816090574887604,0.5937171653819164,2.4098077402695206
TP,northwest_india,Week 5,2026-02-12,ECMWF,-0.6877737728519221,1.934515181422614,-0.8905912188429109,0.7725012034735033,1.663092422316414
TP,central_india,Week 5,2026-02-12,ECMWF,0.13325140456472265,0.36577700039234096,-0.04767958486416125,0.22530561571984795,0.27298520058400916
TP,south_peninsula,Week 5,2026-02-12,ECMWF,0.7613402986255124,0.660296091918821,-0.22251919586451524,0.5368325290509357,0.7593517249154509
TP,east_northeast_india,Week 5,2026-02-12,ECMWF,-0.6608111045953116,16.437539090055893,-9.861636540998145,1.115894322894918,10.977530863893064
TP,All India,Week 5,2026-02-12,NCEP,-0.6380646003968558,6.3494438967260916,-1.4959382327552804,0.9138695075142396,2.4098077402695206
TP,northwest_india,Week 5,2026-02-12,NCEP,0.10856078387848583,1.227404009595559,0.014098257917006786,1.6771906802334207,1.663092422316414
TP,central_india,Week 5,2026-02-12,NCEP,-0.07302327084570248,0.47497518452483234,-0.06349556699967378,0.20948963358433537,0.27298520058400916
TP,south_peninsula,Week 5,2026-02-12,NCEP,0.7570241766302617,0.9281656899440431,-0.6101730302990575,0.1491786946163934,0.7593517249154509
TP,east_northeast_india,Week 5,2026-02-12,NCEP,-0.6845313260563437,16.302981919555577,-9.169658700647721,1.8078721632453414,10.977530863893064
TP,All India,Week 5,2026-02-12,MME,-0.6709591276775617,6.163341164339607,-1.6236075062034803,0.7862002340660397,2.4098077402695206
TP,northwest_india,Week 5,2026-02-12,MME,-0.5668535837855628,1.5743342899340675,-0.5382002737170503,1.1248921485993637,1.663092422316414
TP,central_india,Week 5,2026-02-12,MME,0.020675559758586398,0.3813555014830991,0.01646682786792129,0.28945202845193047,0.27298520058400916
TP,south_peninsula,Week 5,2026-02-12,MME,0.7668334493609724,0.7746964180136348,-0.4216325201554184,0.33771920476003253,0.7593517249154509
TP,east_northeast_india,Week 5,2026-02-12,MME,-0.6686018760184542,15.76511065025945,-9.2378427016689,1.7396881622241642,10.977530863893064
TP,All India,Week 6,2026-02-12,Persistence,-0.040506506896942296,3.5977188657472303,-1.8860648514680793,0.12692037151135957,2.0129852229794394
TP,northwest_india,Week 6,2026-02-12,Persistence,-0.3667125109387921,3.253601320479618,-1.9527498230441622,0.23004400738744754,2.1827938304316095
TP,central_india,Week 6,2026-02-12,Persistence,0.07617042406057378,0.7883464689791495,-0.5352077138047232,0.00010486485562559517,0.5353125786603488
TP,south_peninsula,Week 6,2026-02-12,Persistence,0.982733216483469,0.494378429766521,-0.3676699704769157,0.019281418907173806,0.38695138938408946
TP,east_northeast_india,Week 6,2026-02-12,Persistence,0.4356771290134461,7.877420031821957,-6.7168228070320595,0.32542357404874767,7.042246381080807
TP,All India,Week 6,2026-02-12,SPIRE,0.16206966152096888,2.368394447511716,-0.9203369114123052,1.0926483115671342,2.0129852229794394
TP,northwest_india,Week 6,2026-02-12,SPIRE,-0.39958007364205894,2.4083434157834405,-0.9855767807170533,1.1972170497145564,2.1827938304316095
TP,central_india,Week 6,2026-02-12,SPIRE,0.14763754660458825,0.5142502823909753,-0.04733208553751213,0.4879804931228366,0.5353125786603488
TP,south_peninsula,Week 6,2026-02-12,SPIRE,0.9782258942285489,0.3034285408942072,0.16071541092901806,0.5476668003131074,0.38695138938408946
TP,east_northeast_india,Week 6,2026-02-12,SPIRE,0.5002597987783388,4.926653641958454,-4.1180558131733624,2.924190567907445,7.042246381080807
TP,All India,Week 6,2026-02-12,FuXi,-0.018261293989092632,3.1448600283279298,-1.48131219480836,0.5316730281710788,2.0129852229794394
TP,northwest_india,Week 6,2026-02-12,FuXi,-0.4065159275154441,2.7971892202908104,-1.4758285410070562,0.7069652894245532,2.1827938304316095
TP,central_india,Week 6,2026-02-12,FuXi,0.07093006409141905,0.6519345547168154,-0.31433580125913857,0.22097677740121016,0.5353125786603488
TP,south_peninsula,Week 6,2026-02-12,FuXi,0.9795745254109391,0.373383841144857,-0.1741143497691644,0.21283703961492503,0.38695138938408946
TP,east_northeast_india,Week 6,2026-02-12,FuXi,0.3670022578302752,6.940127692507334,-5.786686680964427,1.2555597001163805,7.042246381080807
TP,All India,Week 6,2026-02-12,ECMWF,0.013736380090440132,3.1082541577649776,-1.4117976442495084,0.6011875787299312,2.0129852229794394
TP,northwest_india,Week 6,2026-02-12,ECMWF,-0.4886436735272954,2.7056021094479497,-1.3378140770740978,0.8449797533575121,2.1827938304316095
TP,central_india,Week 6,2026-02-12,ECMWF,0.05400980794163171,0.6850746913679733,-0.40447508482245037,0.1308374938378984,0.5353125786603488
TP,south_peninsula,Week 6,2026-02-12,ECMWF,0.9775596939108244,0.2821025485331691,0.031176843131733193,0.41812823251582265,0.38695138938408946
TP,east_northeast_india,Week 6,2026-02-12,ECMWF,0.4146190803312751,6.906705372033066,-5.670911061468262,1.3713353196125446,7.042246381080807
TP,All India,Week 6,2026-02-12,NCEP,0.16193943281003328,2.748924787942991,-0.944890529648734,1.0680946933307052,2.0129852229794394
TP,northwest_india,Week 6,2026-02-12,NCEP,-0.3483796536363234,2.4136967051194227,-0.7057560239347376,1.477037806496872,2.1827938304316095
TP,central_india,Week 6,2026-02-12,NCEP,0.16796008991770017,0.5590358910661736,-0.1805249721577522,0.35478760650259655,0.5353125786603488
TP,south_peninsula,Week 6,2026-02-12,NCEP,0.9636880017517874,0.35615188007297466,0.09723978376172263,0.48419117314581206,0.38695138938408946
TP,east_northeast_india,Week 6,2026-02-12,NCEP,0.4622560312038513,6.093927265276413,-4.51071133467822,2.5315350464025874,7.042246381080807
TP,All India,Week 6,2026-02-12,MME,0.07521977246875597,2.801468623877634,-1.1895843200297267,0.8234009029497122,2.0129852229794394
TP,northwest_india,Week 6,2026-02-12,MME,-0.5071368553074926,2.5417549131983477,-1.1262438556832364,1.056549974748373,2.1827938304316095
TP,central_india,Week 6,2026-02-12,MME,0.11271525844410679,0.5842107971564733,-0.23666698594421332,0.2986455927161354,0.5353125786603488
TP,south_peninsula,Week 6,2026-02-12,MME,0.978993492989964,0.2691494427708227,0.02875442201332736,0.41570581139741686,0.38695138938408946
TP,east_northeast_india,Week 6,2026-02-12,MME,0.44021205773597005,6.14083306069857,-5.021591222571068,2.0206551585097396,7.042246381080807
TP,All India,Week 1,2026-02-19,Persistence,0.875606850509983,0.8176104702618551,-0.13223260299417192,0.13364178439336874,0.26587438738754066
TP,northwest_india,Week 1,2026-02-19,Persistence,0.9775888817984555,0.36317687946494315,0.1257634553703914,0.19183724248900372,0.06607378711861228
TP,central_india,Week 1,2026-02-19,Persistence,0.7851168980501388,0.20318467951290403,-0.08185761813118678,0.02892059074621767,0.11077820887740444
TP,south_peninsula,Week 1,2026-02-19,Persistence,-0.9189460430929275,1.6047307293182733,-0.5653552565810477,0.01885248745132313,0.5842077440323707
TP,east_northeast_india,Week 1,2026-02-19,Persistence,0.9489484126940321,0.9492454875531681,-0.2718684434131469,0.3886829988789973,0.6605514422921444
TP,All India,Week 1,2026-02-19,SPIRE,0.8922424077952502,0.7916864492102462,0.2813349122544514,0.547209299641992,0.26587438738754066
TP,northwest_india,Week 1,2026-02-19,SPIRE,0.9904245510692347,0.294091659080537,0.1986211618136579,0.2646949489322702,0.06607378711861228
TP,central_india,Week 1,2026-02-19,SPIRE,0.015989250037546997,0.40618226243705247,0.3124740126072728,0.4232522214846773,0.11077820887740444
TP,south_peninsula,Week 1,2026-02-19,SPIRE,-0.00025935458739433174,1.1179738725008868,0.07261406896333983,0.6568218129957105,0.5842077440323707
TP,east_northeast_india,Week 1,2026-02-19,SPIRE,0.8891380473004588,1.4445315393451634,0.6505666413258524,1.3111180836179968,0.6605514422921444
TP,All India,Week 1,2026-02-19,FuXi,0.8739534704739375,0.8781950401916178,0.03355323606821523,0.29942762345575585,0.26587438738754066
TP,northwest_india,Week 1,2026-02-19,FuXi,0.9875414948923175,0.3066368821894591,0.06941953226663042,0.1354933193852427,0.06607378711861228
TP,central_india,Week 1,2026-02-19,FuXi,0.5833248849352972,0.40473886770094214,0.23081247735661098,0.34159068623401545,0.11077820887740444
TP,south_peninsula,Week 1,2026-02-19,FuXi,-0.5562969947689014,1.2674418923234838,-0.12356543959983932,0.46064230443253146,0.5842077440323707
TP,east_northeast_india,Week 1,2026-02-19,FuXi,0.8737163934126981,1.6121592555533704,-0.3000338039410905,0.36051763835105377,0.6605514422921444
TP,All India,Week 1,2026-02-19,ECMWF,0.8831145693097018,0.8442822584447828,0.09909657211010921,0.3649709594976499,0.26587438738754066
TP,northwest_india,Week 1,2026-02-19,ECMWF,0.9940187445541321,0.1698599114983711,0.0009219747477057648,0.06699576186631806,0.06607378711861228
TP,central_india,Week 1,2026-02-19,ECMWF,0.8026674711779193,0.14277447415480754,0.015649998533295188,0.12642820741069963,0.11077820887740444
TP,south_peninsula,Week 1,2026-02-19,ECMWF,0.26301915591953895,1.3234761813335496,0.5282205966393649,1.1124283406717357,0.5842077440323707
TP,east_northeast_india,Week 1,2026-02-19,ECMWF,0.8615825533627269,1.5799772991873156,-0.029789261608008294,0.6307621806841359,0.6605514422921444
TP,All India,Week 1,2026-02-19,NCEP,0.820659177573082,0.9998296996606101,-0.003689631646364851,0.2621847557411758,0.26587438738754066
TP,northwest_india,Week 1,2026-02-19,NCEP,0.9670586919171941,0.44531954980191835,0.21741140452861007,0.28348519164722236,0.06607378711861228
TP,central_india,Week 1,2026-02-19,NCEP,0.6047937853414251,0.24377481913257618,0.045887110258768626,0.15666531913617307,0.11077820887740444
TP,south_peninsula,Week 1,2026-02-19,NCEP,-0.8786108738747497,1.6279871606787752,-0.3398616486211324,0.24434609541123836,0.5842077440323707
TP,east_northeast_india,Week 1,2026-02-19,NCEP,0.8692056775991992,1.6865318853492002,-0.18156282475270477,0.47898861753943955,0.6605514422921444
TP,All India,Week 1,2026-02-19,MME,0.8869806538591152,0.7886967563840986,0.10257377219660277,0.3684481595841433,0.26587438738754066
TP,northwest_india,Week 1,2026-02-19,MME,0.9923220467012307,0.22461593518116618,0.12159351833915105,0.18766730545776336,0.06607378711861228
TP,central_india,Week 1,2026-02-19,MME,0.8378535124626423,0.1928635648376529,0.15120589968898696,0.2619841085663913,0.11077820887740444
TP,south_peninsula,Week 1,2026-02-19,MME,-0.28232323690705863,1.2237305424047098,0.034351894345433225,0.618559638377804,0.5842077440323707
TP,east_northeast_india,Week 1,2026-02-19,MME,0.8790662265606533,1.4551631766768904,0.034795187756012265,0.6953466300481566,0.6605514422921444
TP,All India,Week 2,2026-02-19,Persistence,0.8941576973233649,0.7997884142849742,-0.10256465286054066,0.13364178439336874,0.23620643725390933
TP,northwest_india,Week 2,2026-02-19,Persistence,0.980083770812031,0.33583906348264136,0.11509357347710208,0.19183724248900372,0.07674366901190162
TP,central_india,Week 2,2026-02-19,Persistence,0.9444434165202377,0.10587555304773288,0.028414041624000845,0.02892059074621767,0.0005065491222168219
TP,south_peninsula,Week 2,2026-02-19,Persistence,-0.8176091998950332,1.158843132158844,-0.27747163053240315,0.01885248745132313,0.29632411798372627
TP,east_northeast_india,Week 2,2026-02-19,Persistence,0.9665898527286779,1.5334291868293561,-0.659612283897177,0.3886829988789973,1.0482952827761745
TP,All India,Week 2,2026-02-19,SPIRE,0.6644681702609203,1.054548045833081,0.3453911249526928,0.5815975622066022,0.23620643725390933
TP,northwest_india,Week 2,2026-02-19,SPIRE,0.5560402495276259,1.4928925596783564,0.8234785981730613,0.9002222671849631,0.07674366901190162
TP,central_india,Week 2,2026-02-19,SPIRE,0.9924600573777198,0.11115254209704384,0.10569600456663386,0.10620255368885069,0.0005065491222168219
TP,south_peninsula,Week 2,2026-02-19,SPIRE,-0.8371155430883689,0.9918024715332707,-0.1137330581015849,0.18259105988214136,0.29632411798372627
TP,east_northeast_india,Week 2,2026-02-19,SPIRE,0.8778076563149125,1.1601509007837447,0.42025829486676497,1.4685535776429393,1.0482952827761745
TP,All India,Week 2,2026-02-19,FuXi,0.8538215193623865,0.9364520550007328,-0.05734517090429513,0.1788612663496143,0.23620643725390933
TP,northwest_india,Week 2,2026-02-19,FuXi,0.9938686591969638,0.17598550006790303,0.0419287371256676,0.11867240613756923,0.07674366901190162
TP,central_india,Week 2,2026-02-19,FuXi,0.8926959251267356,0.19990751529591735,0.15478243832826896,0.15528898745048578,0.0005065491222168219
TP,south_peninsula,Week 2,2026-02-19,FuXi,-0.8104893762090675,1.1414403832144768,-0.18474022917392183,0.11158388880980448,0.29632411798372627
TP,east_northeast_india,Week 2,2026-02-19,FuXi,0.8873656804937154,2.0266334232417114,-0.6003874068967366,0.4479078758794378,1.0482952827761745
TP,All India,Week 2,2026-02-19,ECMWF,0.6662231616221995,1.2884026791708136,0.164946522513656,0.40115295976756543,0.23620643725390933
TP,northwest_india,Week 2,2026-02-19,ECMWF,0.5150590328028914,1.5264562967134658,0.8301974808077253,0.9069411498196271,0.07674366901190162
TP,central_india,Week 2,2026-02-19,ECMWF,0.9966734537666856,0.038916435300195465,0.029899743064314366,0.030406292186531184,0.0005065491222168219
TP,south_peninsula,Week 2,2026-02-19,ECMWF,-0.7858064342066574,1.0208342568480238,-0.039112576460849084,0.25721154152287723,0.29632411798372627
TP,east_northeast_india,Week 2,2026-02-19,ECMWF,0.9045903843524972,2.1806342031629247,-0.7255163980530543,0.32277888472312016,1.0482952827761745
TP,All India,Week 2,2026-02-19,NCEP,0.5092352357331605,1.6438106198384903,0.5493282295029874,0.7855346667568968,0.23620643725390933
TP,northwest_india,Week 2,2026-02-19,NCEP,0.08717900234668341,2.335456919914391,1.698267578422717,1.7750112474346182,0.07674366901190162
TP,central_india,Week 2,2026-02-19,NCEP,0.9021931692277103,0.27273016075209705,0.23976966236488978,0.24027621148710662,0.0005065491222168219
TP,south_peninsula,Week 2,2026-02-19,NCEP,-0.8184473632629925,1.179891002678219,-0.10548925555112403,0.19083486243260223,0.29632411798372627
TP,east_northeast_india,Week 2,2026-02-19,NCEP,0.9254461652386622,2.0798426572943622,-0.4378651858968056,0.6104300968793688,1.0482952827761745
TP,All India,Week 2,2026-02-19,MME,0.7086916206756575,1.1074142064896892,0.25058017651626024,0.48678661377016974,0.23620643725390933
TP,northwest_india,Week 2,2026-02-19,MME,0.7880193239229119,1.3210223759581692,0.8484680986322928,0.9252117676441944,0.07674366901190162
TP,central_india,Week 2,2026-02-19,MME,0.980910464487967,0.14640656905104069,0.13253696208102672,0.13304351120324356,0.0005065491222168219
TP,south_peninsula,Week 2,2026-02-19,MME,-0.8299683599090557,1.0757373504021452,-0.11076877982186997,0.18555533816185632,0.29632411798372627
TP,east_northeast_india,Week 2,2026-02-19,MME,0.9073618681159578,1.7125700959907395,-0.3358776739949578,0.7124176087812166,1.0482952827761745
TP,All India,Week 3,2026-02-19,Persistence,0.7029451258996076,1.551404094721618,-0.4388199703974466,0.13364178439336874,0.5724617547908154
TP,northwest_india,Week 3,2026-02-19,Persistence,0.2683435820871117,2.3006570885772413,-0.7369406780019415,0.19183724248900372,0.9287779204909453
TP,central_india,Week 3,2026-02-19,Persistence,0.9402392275698147,0.11614733190490728,0.016872191764033744,0.02892059074621767,0.012048398982183926
TP,south_peninsula,Week 3,2026-02-19,Persistence,-0.8291150300790784,1.415461432180839,-0.36378998684511227,0.01885248745132313,0.3826424742964354
TP,east_northeast_india,Week 3,2026-02-19,Persistence,0.9620970681554949,1.440203856719155,-0.9223798831175359,0.3886829988789973,1.311062881996533
TP,All India,Week 3,2026-02-19,SPIRE,0.5221209852161995,1.7288521563473576,0.12359694196007925,0.6960586967508945,0.5724617547908154
TP,northwest_india,Week 3,2026-02-19,SPIRE,0.5056247915539153,1.7928608671622053,-0.2313706867784963,0.6974072337124492,0.9287779204909453
TP,central_india,Week 3,2026-02-19,SPIRE,0.9724260374164353,0.20511091088818942,0.1933716003462948,0.2054199993284788,0.012048398982183926
TP,south_peninsula,Week 3,2026-02-19,SPIRE,-0.8564826762612506,1.1764708156847745,-0.13672042166596837,0.24592205263046701,0.3826424742964354
TP,east_northeast_india,Week 3,2026-02-19,SPIRE,0.647445484617846,3.350773604280129,1.063385601139865,2.3744484831363986,1.311062881996533
TP,All India,Week 3,2026-02-19,FuXi,0.678892565136965,1.4742093054945447,-0.09104455209018154,0.4814172027006338,0.5724617547908154
TP,northwest_india,Week 3,2026-02-19,FuXi,0.5110003274891334,1.7886642462271662,-0.355923861372518,0.5728540591184271,0.9287779204909453
TP,central_india,Week 3,2026-02-19,FuXi,0.8503643182649624,0.2382968957385676,0.18443247818407862,0.1964808771662626,0.012048398982183926
TP,south_peninsula,Week 3,2026-02-19,FuXi,-0.8282151285479351,1.3896703607488397,-0.30933236144308873,0.07331011285334663,0.3826424742964354
TP,east_northeast_india,Week 3,2026-02-19,FuXi,0.8278011621984865,2.2516985999466543,0.12961558438596016,1.4406784663824934,1.311062881996533
TP,All India,Week 3,2026-02-19,ECMWF,0.7123085994364493,1.4250398829171553,-0.16436823128343117,0.40809352350738404,0.5724617547908154
TP,northwest_india,Week 3,2026-02-19,ECMWF,0.47678520292391263,1.825512775885969,-0.37281287925043155,0.5559650412405136,0.9287779204909453
TP,central_india,Week 3,2026-02-19,ECMWF,0.9646247929099444,0.12042594836924925,0.0932373502012363,0.10528574918342024,0.012048398982183926
TP,south_peninsula,Week 3,2026-02-19,ECMWF,-0.8596982317202686,1.3391665083220405,-0.2299891181327521,0.1526533561636833,0.3826424742964354
TP,east_northeast_india,Week 3,2026-02-19,ECMWF,0.8606172848271397,2.022455556081874,-0.2161081231035028,1.0949547588930304,1.311062881996533
TP,All India,Week 3,2026-02-19,NCEP,0.7946779850508113,1.2705926290706968,-0.27433126704750005,0.2981304877433153,0.5724617547908154
TP,northwest_india,Week 3,2026-02-19,NCEP,0.5802212657222536,1.6861204653597248,-0.2404752022332171,0.6883027182577282,0.9287779204909453
TP,central_india,Week 3,2026-02-19,NCEP,0.9853513218428693,0.05153643092152769,0.008208573415023393,0.02025697239720732,0.012048398982183926
TP,south_peninsula,Week 3,2026-02-19,NCEP,-0.8405136116320269,1.3869595435763815,-0.32122940874416234,0.061413065552273036,0.3826424742964354
TP,east_northeast_india,Week 3,2026-02-19,NCEP,0.9563330142589951,1.4930695860433534,-0.9355653646366405,0.3754975173598926,1.311062881996533
TP,All India,Week 3,2026-02-19,MME,0.7277846399291188,1.38194811682703,-0.10153677711525838,0.4709249776755569,0.5724617547908154
TP,northwest_india,Week 3,2026-02-19,MME,0.5315429019104028,1.7595900338909791,-0.3001456574086657,0.6286322630822795,0.9287779204909453
TP,central_india,Week 3,2026-02-19,MME,0.9663629668941803,0.1413220893644132,0.11981250053665832,0.13186089951884217,0.012048398982183926
TP,south_peninsula,Week 3,2026-02-19,MME,-0.8471068400509949,1.3204668135309667,-0.24931782749649284,0.1333246467999425,0.3826424742964354
TP,east_northeast_india,Week 3,2026-02-19,MME,0.8823468424028293,1.9605713343182134,0.010331924446420351,1.3213948064429542,1.311062881996533
TP,All India,Week 4,2026-02-19,Persistence,-0.7266666214276014,6.823247221045426,-2.276165955876151,0.13364178439336874,2.4098077402695206
TP,northwest_india,Week 4,2026-02-19,Persistence,-0.8495423325520589,2.8923900272457344,-1.4712551798274105,0.19183724248900372,1.663092422316414
TP,central_india,Week 4,2026-02-19,Persistence,0.05729081622753946,0.5045537539947185,-0.24406460983779155,0.02892059074621767,0.27298520058400916
TP,south_peninsula,Week 4,2026-02-19,Persistence,0.75309220184796,1.0538040126165766,-0.7404992374641278,0.01885248745132313,0.7593517249154509
TP,east_northeast_india,Week 4,2026-02-19,Persistence,-0.7382854888005932,17.0976957741848,-10.588847865014065,0.3886829988789973,10.977530863893064
TP,All India,Week 4,2026-02-19,SPIRE,-0.473113080586315,5.504389338896972,-1.4625069435295825,0.9473007967399373,2.4098077402695206
TP,northwest_india,Week 4,2026-02-19,SPIRE,-0.11849405506404719,1.3996909819138996,-0.5998241984991699,1.063268223817244,1.663092422316414
TP,central_india,Week 4,2026-02-19,SPIRE,0.07602141094951885,0.36016871276146156,0.05835817754022755,0.33134337812423675,0.27298520058400916
TP,south_peninsula,Week 4,2026-02-19,SPIRE,0.7986379660043954,0.6825943958400859,-0.3968921614500799,0.3624595634653711,0.7593517249154509
TP,east_northeast_india,Week 4,2026-02-19,SPIRE,-0.5815048429267048,14.080414223931982,-8.148184230230267,2.8293466336627944,10.977530863893064
TP,All India,Week 4,2026-02-19,FuXi,-0.6265514727207054,6.298236677538259,-1.9445174413411423,0.46529029892837775,2.4098077402695206
TP,northwest_india,Week 4,2026-02-19,FuXi,-0.5405615590289287,1.7875182759264607,-0.876439487088879,0.7866529352275353,1.663092422316414
TP,central_india,Week 4,2026-02-19,FuXi,0.06108534967760168,0.45268482919908926,-0.22873779233441652,0.04424740824959265,0.27298520058400916
TP,south_peninsula,Week 4,2026-02-19,FuXi,0.7481051766231405,1.045701232411634,-0.6921369220524933,0.06721480286295757,0.7593517249154509
TP,east_northeast_india,Week 4,2026-02-19,FuXi,-0.6019827427336625,16.047095937133314,-9.756626214038953,1.2209046498541107,10.977530863893064
TP,All India,Week 4,2026-02-19,ECMWF,-0.6460816614667553,6.258412131428227,-1.6827450016424261,0.7270627386270934,2.4098077402695206
TP,northwest_india,Week 4,2026-02-19,ECMWF,-0.4567692923638652,1.698758882967266,-0.735130167509003,0.9279622548074115,1.663092422316414
TP,central_india,Week 4,2026-02-19,ECMWF,0.14546999367524716,0.3388384117012296,-0.0169076689140007,0.2560775316700085,0.27298520058400916
TP,south_peninsula,Week 4,2026-02-19,ECMWF,0.7497538523751464,0.6647364791561323,-0.1406833581974746,0.6186683667179763,0.7593517249154509
TP,east_northeast_india,Week 4,2026-02-19,ECMWF,-0.6176922315223325,15.99514521140649,-9.478098643466156,1.4994322204269068,10.977530863893064
TP,All India,Week 4,2026-02-19,NCEP,-0.661662023539997,6.4201226001794955,-1.626319364662558,0.7834883756069617,2.4098077402695206
TP,northwest_india,Week 4,2026-02-19,NCEP,0.08337575188918608,1.2814140784733954,-0.14757628065777584,1.515516141658638,1.663092422316414
TP,central_india,Week 4,2026-02-19,NCEP,-0.00288183690499339,0.4420513684874736,-0.15362447484310987,0.11936072574089934,0.27298520058400916
TP,south_peninsula,Week 4,2026-02-19,NCEP,0.759812327004444,0.9578288738241805,-0.6415467538609472,0.11780497105450381,0.7593517249154509
TP,east_northeast_india,Week 4,2026-02-19,NCEP,-0.7007819984441661,16.47877390663166,-9.446878057194578,1.5306528066984861,10.977530863893064
TP,All India,Week 4,2026-02-19,MME,-0.6408584051247114,6.105212227718775,-1.6790221877939273,0.7307855524755926,2.4098077402695206
TP,northwest_india,Week 4,2026-02-19,MME,-0.29847226870515114,1.4978010788210074,-0.5897425334387068,1.0733498888777073,1.663092422316414
TP,central_india,Week 4,2026-02-19,MME,0.06679754527666006,0.37870750285662264,-0.08522793963782488,0.18775726094618428,0.27298520058400916
TP,south_peninsula,Week 4,2026-02-19,MME,0.767713631041273,0.8118260697185379,-0.46781479889024874,0.2915369260252022,0.7593517249154509
TP,east_northeast_india,Week 4,2026-02-19,MME,-0.6485372196091569,15.626759871810572,-9.20744678623249,1.7700840776605746,10.977530863893064
TP,All India,Week 5,2026-02-19,Persistence,-0.014583683662879609,3.5714114992983306,-1.8793434385860703,0.13364178439336874,2.0129852229794394
TP,northwest_india,Week 5,2026-02-19,Persistence,-0.15487857890461068,3.298429419715278,-1.9909565879426059,0.19183724248900372,2.1827938304316095
TP,central_india,Week 5,2026-02-19,Persistence,0.14087293794296837,0.7664044827436682,-0.506391987914131,0.02892059074621767,0.5353125786603488
TP,south_peninsula,Week 5,2026-02-19,Persistence,0.9824736225578352,0.4951844629306907,-0.36809890193276634,0.01885248745132313,0.38695138938408946
TP,east_northeast_india,Week 5,2026-02-19,Persistence,0.4395906730168199,7.760347278942586,-6.65356338220181,0.3886829988789973,7.042246381080807
TP,All India,Week 5,2026-02-19,SPIRE,0.15155945578621305,2.350051330341574,-0.8996993791861213,1.1132858437933182,2.0129852229794394
TP,northwest_india,Week 5,2026-02-19,SPIRE,-0.43057779237069943,2.3926877971136467,-0.9320267801175395,1.25076705031407,2.1827938304316095
TP,central_india,Week 5,2026-02-19,SPIRE,0.11671379960265117,0.5267461210672932,-0.05252759135935637,0.48278498730099223,0.5353125786603488
TP,south_peninsula,Week 5,2026-02-19,SPIRE,0.9742401510404729,0.3360960248395941,0.1794658734054084,0.5664172627894979,0.38695138938408946
TP,east_northeast_india,Week 5,2026-02-19,SPIRE,0.5027516150725808,4.878450867589999,-4.107922679697272,2.934323701383536,7.042246381080807
TP,All India,Week 5,2026-02-19,FuXi,0.09071357959803193,2.7203995922360034,-1.167752652034462,0.8452325709449773,2.0129852229794394
TP,northwest_india,Week 5,2026-02-19,FuXi,-0.4417308972399161,2.4588532421018874,-0.9333006181249565,1.2494932123066531,2.1827938304316095
TP,central_india,Week 5,2026-02-19,FuXi,0.19613707482352746,0.6691248400409832,-0.43851532223966067,0.09679725642068802,0.5353125786603488
TP,south_peninsula,Week 5,2026-02-19,FuXi,0.9836281557869779,0.43604816326369816,-0.2695654897393171,0.11738589964477236,0.38695138938408946
TP,east_northeast_india,Week 5,2026-02-19,FuXi,0.23673340113566863,5.934662785879769,-4.46395035361562,2.5782960274651865,7.042246381080807
TP,All India,Week 5,2026-02-19,ECMWF,0.05170496752073534,2.9664957625480435,-1.2555932551998676,0.7573919677795716,2.0129852229794394
TP,northwest_india,Week 5,2026-02-19,ECMWF,-0.29602112728596897,2.417747691111382,-1.0544816161563382,1.1283122142752715,2.1827938304316095
TP,central_india,Week 5,2026-02-19,ECMWF,0.03772037534261757,0.6362075317050173,-0.32326289859519935,0.2120496800651494,0.5353125786603488
TP,south_peninsula,Week 5,2026-02-19,ECMWF,0.9751957033835571,0.30807150067422306,0.06404770810217655,0.450999097486266,0.38695138938408946
TP,east_northeast_india,Week 5,2026-02-19,ECMWF,0.401865591637332,6.728350222553008,-5.46752645014779,1.5747199309330175,7.042246381080807
TP,All India,Week 5,2026-02-19,NCEP,0.17751820225703235,2.6720999979382767,-0.942026914701619,1.0709583082778202,2.0129852229794394
TP,northwest_india,Week 5,2026-02-19,NCEP,-0.4333120693647,2.4061109930872586,-0.6134882905196458,1.5693055399119638,2.1827938304316095
TP,central_india,Week 5,2026-02-19,NCEP,0.2593841281083239,0.544091312065188,-0.20069683579943093,0.3346157428609178,0.5353125786603488
TP,south_peninsula,Week 5,2026-02-19,NCEP,0.9696830004818228,0.34562325323018817,-0.03328184644725489,0.35366954293683456,0.38695138938408946
TP,east_northeast_india,Week 5,2026-02-19,NCEP,0.48286379902266136,5.870828647858407,-4.484494299551045,2.5577520815297627,7.042246381080807
TP,All India,Week 5,2026-02-19,MME,0.12075370099397327,2.6218870510602956,-1.066268050280517,0.9467171726989216,2.0129852229794394
TP,northwest_india,Week 5,2026-02-19,MME,-0.495296372302807,2.3937887353242195,-0.8833243262296201,1.2994695042019897,2.1827938304316095
TP,central_india,Week 5,2026-02-19,MME,0.1619831946973539,0.5735633604703412,-0.25375066199841184,0.2815619166619369,0.5353125786603488
TP,south_peninsula,Week 5,2026-02-19,MME,0.9789797752154077,0.27834622984345714,-0.014833438669746759,0.37211795071434267,0.38695138938408946
TP,east_northeast_india,Week 5,2026-02-19,MME,0.42260638486096996,5.726089405572047,-4.6309734457529315,2.4112729353278755,7.042246381080807
TP,All India,Week 6,2026-02-19,Persistence,-0.07065793215604059,3.094535881398969,-1.2204027224779541,0.13364178439336874,1.3540445068713234
TP,northwest_india,Week 6,2026-02-19,Persistence,0.24779990835607674,1.5856293067382496,-0.7708927359269285,0.19183724248900372,0.9627299784159322
TP,central_india,Week 6,2026-02-19,Persistence,0.6942985852590321,0.46049826577733627,-0.3012445598422235,0.02892059074621767,0.33016515058844115
TP,south_peninsula,Week 6,2026-02-19,Persistence,0.39798610657693917,1.8358692393196236,-0.6304805954542917,0.01885248745132313,0.6493330829056149
TP,east_northeast_india,Week 6,2026-02-19,Persistence,-0.0354986158701751,7.356709533789691,-5.036710355275029,0.3886829988789973,5.425393354154026
TP,All India,Week 6,2026-02-19,SPIRE,0.22560347933891614,1.5471730450746972,-0.07261398712811185,1.2814305197432112,1.3540445068713234
TP,northwest_india,Week 6,2026-02-19,SPIRE,0.6945726187208449,0.5055463846938894,0.10896682343361008,1.0716968018495423,0.9627299784159322
TP,central_india,Week 6,2026-02-19,SPIRE,0.4367513727427052,0.46818983895210925,0.27474267355655135,0.6049078241449924,0.33016515058844115
TP,south_peninsula,Week 6,2026-02-19,SPIRE,0.3730262417889178,1.5166187595602696,0.21330841801082515,0.86264150091644,0.6493330829056149
TP,east_northeast_india,Week 6,2026-02-19,SPIRE,0.23058330739491778,3.4856058107364367,-1.6187761274579928,3.806617226696033,5.425393354154026
TP,All India,Week 6,2026-02-19,FuXi,0.11382222623617237,2.1549305780043024,-0.27933299653658594,1.0747115103347376,1.3540445068713234
TP,northwest_india,Week 6,2026-02-19,FuXi,-0.0024745225954839454,1.3647580327761335,0.7898852348358516,1.7526152132517838,0.9627299784159322
TP,central_india,Week 6,2026-02-19,FuXi,0.5787341805207061,0.42100397921567256,-0.19956854507502197,0.13059660551341923,0.33016515058844115
TP,south_peninsula,Week 6,2026-02-19,FuXi,0.38393575171377836,1.8283782103307102,-0.5871510177006993,0.06218206520491553,0.6493330829056149
TP,east_northeast_india,Week 6,2026-02-19,FuXi,0.1673862780066746,4.747991528593947,-2.413874221692506,3.0115191324615207,5.425393354154026
TP,All India,Week 6,2026-02-19,ECMWF,-0.025320604804000103,2.502389087955776,-0.6056133341686878,0.7484311727026352,1.3540445068713234
TP,northwest_india,Week 6,2026-02-19,ECMWF,0.019057292391860433,0.8886937943386194,-0.08376614203257353,0.8789638363833584,0.9627299784159322
TP,central_india,Week 6,2026-02-19,ECMWF,0.5006673936490311,0.37441904380215424,-0.0903297162259704,0.23983543436247076,0.33016515058844115
TP,south_peninsula,Week 6,2026-02-19,ECMWF,0.3768556608149344,1.6348666113541905,-0.08528285058565796,0.5640502323199569,0.6493330829056149
TP,east_northeast_india,Week 6,2026-02-19,ECMWF,0.054012321814752955,6.055529455349938,-3.570398699327319,1.8549946548267071,5.425393354154026
TP,All India,Week 6,2026-02-19,NCEP,0.002508406729995907,2.669655425727476,0.2752058641200451,1.6292503709913684,1.3540445068713234
TP,northwest_india,Week 6,2026-02-19,NCEP,0.17170307666036017,2.05903804319905,1.7081782677073312,2.6709082461232634,0.9627299784159322
TP,central_india,Week 6,2026-02-19,NCEP,0.5399352104498604,0.5035872610687439,0.22599884416435495,0.5561639947527961,0.33016515058844115
TP,south_peninsula,Week 6,2026-02-19,NCEP,0.3774430892431826,1.6925587193391833,-0.3195859158762734,0.3297471670293415,0.6493330829056149
TP,east_northeast_india,Week 6,2026-02-19,NCEP,-0.03728615383455971,5.868944495976962,-2.0019934676991094,3.4233998864549164,5.425393354154026
TP,All India,Week 6,2026-02-19,MME,0.06474398438275178,2.0864688746412035,-0.17058861342833517,1.1834558934429882,1.3540445068713234
TP,northwest_india,Week 6,2026-02-19,MME,0.2831270491239803,0.9536096934474728,0.6308160459860549,1.5935460244019872,0.9627299784159322
TP,central_india,Week 6,2026-02-19,MME,0.5529000909943863,0.36395092307375565,0.0527108141049785,0.38287596469341967,0.33016515058844115
TP,south_peninsula,Week 6,2026-02-19,MME,0.3794417063802026,1.6351588971643274,-0.19467784153795137,0.4546552413676635,0.6493330829056149
TP,east_northeast_india,Week 6,2026-02-19,MME,0.0869537882357532,4.859111493542137,-2.401260629044232,3.0241327251097943,5.425393354154026
TP,All India,Week 1,2026-02-26,Persistence,0.9583388578116935,0.5790103214921714,0.02966795013363125,0.26587438738754066,0.23620643725390933
TP,northwest_india,Week 1,2026-02-26,Persistence,0.9814704746534312,0.28556990027237616,-0.010669881893289336,0.06607378711861228,0.07674366901190162
TP,central_india,Week 1,2026-02-26,Persistence,0.8165974034562176,0.19594588873703717,0.11027165975518761,0.11077820887740444,0.0005065491222168219
TP,south_peninsula,Week 1,2026-02-26,Persistence,0.9468966408670135,0.5120099647760333,0.2878836260486445,0.5842077440323707,0.29632411798372627
TP,east_northeast_india,Week 1,2026-02-26,Persistence,0.9765378749405403,1.2879071874918497,-0.3877438404840302,0.6605514422921444,1.0482952827761745
TP,All India,Week 1,2026-02-26,SPIRE,0.9108244208029249,0.6257693737832468,0.04804099310224191,0.28424743035615135,0.23620643725390933
TP,northwest_india,Week 1,2026-02-26,SPIRE,0.9934930478441801,0.2401815797387566,0.1413255917185734,0.21806926073047503,0.07674366901190162
TP,central_india,Week 1,2026-02-26,SPIRE,0.996122786174669,0.07539071052010159,0.07092004804663331,0.07142659716885012,0.0005065491222168219
TP,south_peninsula,Week 1,2026-02-26,SPIRE,-0.6473061396881368,0.9027190901391539,-0.034547805235689774,0.26177631274803653,0.29632411798372627
TP,east_northeast_india,Week 1,2026-02-26,SPIRE,0.9434405622100693,1.21488617956026,-0.10521393921649974,0.9430813435596745,1.0482952827761745
TP,All India,Week 1,2026-02-26,FuXi,0.8499175586357594,0.9426054258413737,-0.07426521400575149,0.1619412232481579,0.23620643725390933
TP,northwest_india,Week 1,2026-02-26,FuXi,0.9903730923387153,0.22895148294477197,0.0872321225421738,0.16397579155407543,0.07674366901190162
TP,central_india,Week 1,2026-02-26,FuXi,0.9994016645439,0.012595867829390732,0.007929564466984063,0.008436113589200885,0.0005065491222168219
TP,south_peninsula,Week 1,2026-02-26,FuXi,-0.7853079677701872,1.0790373156022879,-0.22461630080570608,0.07170781717802019,0.29632411798372627
TP,east_northeast_india,Week 1,2026-02-26,FuXi,0.887430674081385,2.097954690479836,-0.42772837198805097,0.6205669107881235,1.0482952827761745
TP,All India,Week 1,2026-02-26,ECMWF,0.8606301292545685,0.8763188824582253,-0.04455740459437596,0.19164903265953348,0.23620643725390933
TP,northwest_india,Week 1,2026-02-26,ECMWF,0.9925008250669133,0.19543167624835958,0.06961405150616393,0.14635772051806556,0.07674366901190162
TP,central_india,Week 1,2026-02-26,ECMWF,0.9999465501300956,0.0032998149585502664,0.0007674225896629456,0.0012739717118797676,0.0005065491222168219
TP,south_peninsula,Week 1,2026-02-26,ECMWF,-0.8036260479176657,1.0196052966304094,-0.16018390932053886,0.1361402086631874,0.29632411798372627
TP,east_northeast_india,Week 1,2026-02-26,ECMWF,0.8815102923568077,1.9438518811864396,-0.2536120941454863,0.7946831886306881,1.0482952827761745
TP,All India,Week 1,2026-02-26,NCEP,0.8350074083927681,1.024232368302067,-0.10008334545609324,0.13612309179781615,0.23620643725390933
TP,northwest_india,Week 1,2026-02-26,NCEP,0.9552401975289971,0.49165781641902706,0.22019654654785104,0.2969402155597526,0.07674366901190162
TP,central_india,Week 1,2026-02-26,NCEP,0.9999819415303357,0.0017647407738003913,-0.0005065491222168219,0.0,0.0005065491222168219
TP,south_peninsula,Week 1,2026-02-26,NCEP,-0.8152056853951849,1.1869193560258116,-0.28236372027350415,0.013960397710222108,0.29632411798372627
TP,east_northeast_india,Week 1,2026-02-26,NCEP,0.9182316247525703,2.182190580118528,-0.8003366435277667,0.24795863924840789,1.0482952827761745
TP,All India,Week 1,2026-02-26,MME,0.8685546096917386,0.8459156709810783,-0.04271624273849469,0.19349019451541466,0.23620643725390933
TP,northwest_india,Week 1,2026-02-26,MME,0.9877366810837064,0.27186689676737524,0.12959207807869055,0.20633574709059213,0.07674366901190162
TP,central_india,Week 1,2026-02-26,MME,0.9996717930439754,0.021224682647166464,0.019777621495265872,0.02028417061748269,0.0005065491222168219
TP,south_peninsula,Week 1,2026-02-26,MME,-0.7975232033348044,1.035676501208184,-0.17542793390885972,0.12089618407486655,0.29632411798372627
TP,east_northeast_india,Week 1,2026-02-26,MME,0.9114151186427518,1.8184885491948841,-0.3967227622194509,0.6515725205567237,1.0482952827761745
TP,All India,Week 2,2026-02-26,Persistence,0.7084310433776839,1.4877635888238743,-0.3065873674032747,0.26587438738754066,0.5724617547908154
TP,northwest_india,Week 2,2026-02-26,Persistence,0.19681394972675004,2.3985839219528744,-0.8627041333723331,0.06607378711861228,0.9287779204909453
TP,central_india,Week 2,2026-02-26,Persistence,0.8798755830471656,0.1698142399433152,0.09872980989522051,0.11077820887740444,0.012048398982183926
TP,south_peninsula,Week 2,2026-02-26,Persistence,0.9141987263020971,0.3645053836310005,0.2015652697359354,0.5842077440323707,0.3826424742964354
TP,east_northeast_india,Week 2,2026-02-26,Persistence,0.9510996517399972,1.4364364763892252,-0.650511439704389,0.6605514422921444,1.311062881996533
TP,All India,Week 2,2026-02-26,SPIRE,0.40446747032034985,1.9096816483664332,0.44041638135025346,1.0128781361410688,0.5724617547908154
TP,northwest_india,Week 2,2026-02-26,SPIRE,0.5989955103363548,1.6859010392871563,0.4291835244197263,1.3579614449106716,0.9287779204909453
TP,central_india,Week 2,2026-02-26,SPIRE,0.9808242422392937,0.12063750557165508,0.10654230006133626,0.11859069904352017,0.012048398982183926
TP,south_peninsula,Week 2,2026-02-26,SPIRE,-0.8550590966498708,1.240518683141945,-0.2400998767991387,0.1425425974972967,0.3826424742964354
TP,east_northeast_india,Week 2,2026-02-26,SPIRE,0.4811388473546361,4.0407816148729685,2.07473760263147,3.385800484628003,1.311062881996533
TP,All India,Week 2,2026-02-26,FuXi,0.7058558825626833,1.4233956256818043,-0.0927081307669267,0.4797536240238886,0.5724617547908154
TP,northwest_india,Week 2,2026-02-26,FuXi,0.6853337513539653,1.5688044720887033,-0.10385902303475461,0.8249188974561906,0.9287779204909453
TP,central_india,Week 2,2026-02-26,FuXi,0.9894979213934333,0.042980649118471444,-0.0046643931720404975,0.007384005810143429,0.012048398982183926
TP,south_peninsula,Week 2,2026-02-26,FuXi,-0.8270378986366373,1.4650101491232494,-0.3687908693714013,0.013851604925034079,0.3826424742964354
TP,east_northeast_india,Week 2,2026-02-26,FuXi,0.8026487355888792,2.356228296251696,0.07400972684242886,1.3850726088389622,1.311062881996533
TP,All India,Week 2,2026-02-26,ECMWF,0.5043613178768197,1.8236612151204568,0.1608271028116067,0.7332888576024219,0.5724617547908154
TP,northwest_india,Week 2,2026-02-26,ECMWF,0.8748067913103247,1.1966705257364905,-0.17729467623525813,0.7514832442556871,0.9287779204909453
TP,central_india,Week 2,2026-02-26,ECMWF,0.9907075631322774,0.040918661279625214,-0.007492888209893232,0.004555510772290694,0.012048398982183926
TP,south_peninsula,Week 2,2026-02-26,ECMWF,-0.8724189871348315,1.3610338725665005,-0.2859829684939038,0.09665950580253155,0.3826424742964354
TP,east_northeast_india,Week 2,2026-02-26,ECMWF,0.5207399410192932,4.109901747294139,1.8399768141517054,3.151039696148238,1.311062881996533
TP,All India,Week 2,2026-02-26,NCEP,0.757442885958962,1.3351800059917052,-0.050800376381043365,0.521661378409772,0.5724617547908154
TP,northwest_india,Week 2,2026-02-26,NCEP,0.7212968658886431,1.472783563679084,-0.38306963504951225,0.545708285441433,0.9287779204909453
TP,central_india,Week 2,2026-02-26,NCEP,0.9880623850554752,0.04798291876667147,-0.010671861199954433,0.0013765377822294938,0.012048398982183926
TP,south_peninsula,Week 2,2026-02-26,NCEP,-0.8438195813934017,1.4021848708226856,-0.33108963171080236,0.05155284258563302,0.3826424742964354
TP,east_northeast_india,Week 2,2026-02-26,NCEP,0.8783452397234088,2.186102758686397,0.9320110780224135,2.2430739600189473,1.311062881996533
TP,All India,Week 2,2026-02-26,MME,0.6881753559060694,1.4598354292428486,0.11443374425347257,0.6868954990442878,0.5724617547908154
TP,northwest_india,Week 2,2026-02-26,MME,0.857420943251576,1.3285549209847507,-0.05875995247494968,0.8700179680159956,0.9287779204909453
TP,central_india,Week 2,2026-02-26,MME,0.9893272135236145,0.04703656028103605,0.020928289369862022,0.032976688352045945,0.012048398982183926
TP,south_peninsula,Week 2,2026-02-26,MME,-0.8506711977074705,1.3653611975818485,-0.3064908365938116,0.07615163770262383,0.3826424742964354
TP,east_northeast_india,Week 2,2026-02-26,MME,0.7588023352989516,2.8509073230930553,1.2301838054120044,2.5412466874085378,1.311062881996533
TP,All India,Week 3,2026-02-26,Persistence,-0.7237629663211383,6.66284359528981,-2.143933352881979,0.26587438738754066,2.4098077402695206
TP,northwest_india,Week 3,2026-02-26,Persistence,-0.8942348077764306,2.9198909298568427,-1.597018635197802,0.06607378711861228,1.663092422316414
TP,central_india,Week 3,2026-02-26,Persistence,-0.10496290712261575,0.42434221984091325,-0.16220699170660474,0.11077820887740444,0.27298520058400916
TP,south_peninsula,Week 3,2026-02-26,Persistence,-0.6708160574383776,1.180310540134223,-0.1751439808830802,0.5842077440323707,0.7593517249154509
TP,east_northeast_india,Week 3,2026-02-26,Persistence,-0.6874956688201289,16.651650773590337,-10.316979421600918,0.6605514422921444,10.977530863893064
TP,All India,Week 3,2026-02-26,SPIRE,0.15048979025681591,4.926472424541742,-1.2736421858097646,1.1361655544597553,2.4098077402695206
TP,northwest_india,Week 3,2026-02-26,SPIRE,0.007012715995467074,1.3390007481910546,-0.5828467612325035,1.0802456610839104,1.663092422316414
TP,central_india,Week 3,2026-02-26,SPIRE,0.08479267128356657,0.3472190093249893,0.061890077202402805,0.334875277786412,0.27298520058400916
TP,south_peninsula,Week 3,2026-02-26,SPIRE,0.7856678047521676,0.698182324266409,-0.416083491873849,0.343268233041602,0.7593517249154509
TP,east_northeast_india,Week 3,2026-02-26,SPIRE,-0.08345149150035516,12.575531250202328,-6.9014756383016085,4.076055225591454,10.977530863893064
TP,All India,Week 3,2026-02-26,FuXi,-0.3225725824447218,5.670117188234272,-1.308931867582683,1.100875872686837,2.4098077402695206
TP,northwest_india,Week 3,2026-02-26,FuXi,0.5075834511223111,1.1298135824144142,0.416283483099321,2.0793759054157346,1.663092422316414
TP,central_india,Week 3,2026-02-26,FuXi,-0.09319582467391699,0.48297929341785933,-0.1561213937870845,0.1168638067969247,0.27298520058400916
TP,south_peninsula,Week 3,2026-02-26,FuXi,0.7598760472392223,1.019644638612345,-0.6922199851230931,0.06713173979235781,0.7593517249154509
TP,east_northeast_india,Week 3,2026-02-26,FuXi,-0.39737504565303355,14.53381407426843,-8.478818960089741,2.4987119038033234,10.977530863893064
TP,All India,Week 3,2026-02-26,ECMWF,-0.3181065632664304,5.708368198944044,-1.652124409007582,0.7576833312619379,2.4098077402695206
TP,northwest_india,Week 3,2026-02-26,ECMWF,-0.20204043580256395,1.613236918777755,-0.7261822447465931,0.9369101775698212,1.663092422316414
TP,central_india,Week 3,2026-02-26,ECMWF,0.11422785079133062,0.42523048880753483,-0.2125132662062044,0.06047193437780483,0.27298520058400916
TP,south_peninsula,Week 3,2026-02-26,ECMWF,0.773446880893398,0.8799787578269714,-0.5845136292292806,0.1748380956861704,0.7593517249154509
TP,east_northeast_india,Week 3,2026-02-26,ECMWF,-0.36441634007427914,14.550172975455624,-8.292774405536969,2.6847564583560932,10.977530863893064
TP,All India,Week 3,2026-02-26,NCEP,-0.6005212525333331,6.319354140732814,-1.7585998759774233,0.6512078642920966,2.4098077402695206
TP,northwest_india,Week 3,2026-02-26,NCEP,0.008290182315350485,1.511831113005536,-0.5694019195824593,1.0936905027339547,1.663092422316414
TP,central_india,Week 3,2026-02-26,NCEP,0.0594904664176695,0.4695449072563028,-0.23888293212243733,0.03410226846157185,0.27298520058400916
TP,south_peninsula,Week 3,2026-02-26,NCEP,0.7525574760577366,1.056635112114907,-0.7225215661790027,0.03683015873644822,0.7593517249154509
TP,east_northeast_india,Week 3,2026-02-26,NCEP,-0.6651597476578519,16.162323027699887,-9.118050940481286,1.8594799234117774,10.977530863893064
TP,All India,Week 3,2026-02-26,MME,-0.3924227156780996,5.618628890873407,-1.4983245845943631,0.9114831556751567,2.4098077402695206
TP,northwest_india,Week 3,2026-02-26,MME,0.1834468616976159,1.1954323321157534,-0.3655368606155586,1.2975555617008556,1.663092422316414
TP,central_india,Week 3,2026-02-26,MME,0.03406062830214878,0.40714259101031713,-0.13640687872833085,0.13657832185567834,0.27298520058400916
TP,south_peninsula,Week 3,2026-02-26,MME,0.7679079341651769,0.9093148271893977,-0.6038346681013064,0.15551705681414457,0.7593517249154509
TP,east_northeast_india,Week 3,2026-02-26,MME,-0.4837043377090618,14.40192128695473,-8.1977799861024,2.779750877790662,10.977530863893064
TP,All India,Week 4,2026-02-26,Persistence,-0.11193346337431478,3.4924789586208047,-1.7471108355918987,0.26587438738754066,2.0129852229794394
TP,northwest_india,Week 4,2026-02-26,Persistence,-0.049921808123638896,3.2528811479466757,-2.116720043312997,0.06607378711861228,2.1827938304316095
TP,central_india,Week 4,2026-02-26,Persistence,0.05425655550704118,0.6851129882068253,-0.42453436978294423,0.11077820887740444,0.5353125786603488
TP,south_peninsula,Week 4,2026-02-26,Persistence,0.009409256337751963,1.3392740278061541,0.19725635464828134,0.5842077440323707,0.38695138938408946
TP,east_northeast_india,Week 4,2026-02-26,Persistence,0.41503987395625713,7.448096206390359,-6.381694938788663,0.6605514422921444,7.042246381080807
TP,All India,Week 4,2026-02-26,SPIRE,0.25603420991975373,2.2035304667212374,-0.8065237201488724,1.206461502830567,2.0129852229794394
TP,northwest_india,Week 4,2026-02-26,SPIRE,-0.33422539999655093,2.3155849564657216,-0.756087035426,1.4267067950056094,2.1827938304316095
TP,central_india,Week 4,2026-02-26,SPIRE,0.2720820960574306,0.4793199004704462,-0.07956771417061301,0.4557448644897357,0.5353125786603488
TP,south_peninsula,Week 4,2026-02-26,SPIRE,0.9760652194787217,0.2874311874842133,0.09353274756382772,0.48048413694791714,0.38695138938408946
TP,east_northeast_india,Week 4,2026-02-26,SPIRE,0.5247100754679058,4.501069467258221,-3.697920402063252,3.344325979017556,7.042246381080807
TP,All India,Week 4,2026-02-26,FuXi,0.17583619123713437,2.5921878866970305,-0.9854171359344706,1.027568087044969,2.0129852229794394
TP,northwest_india,Week 4,2026-02-26,FuXi,0.25229427046775504,2.1285741597634305,-0.8176003898818526,1.3651934405497572,2.1827938304316095
TP,central_india,Week 4,2026-02-26,FuXi,0.4269050926933215,0.46933600299398337,-0.10574676729454124,0.4295658113658075,0.5353125786603488
TP,south_peninsula,Week 4,2026-02-26,FuXi,0.9789829068552464,0.3521653594529832,-0.16458635235513863,0.2223650370289508,0.38695138938408946
TP,east_northeast_india,Week 4,2026-02-26,FuXi,0.2730855092672146,5.878654340993213,-4.383575543666154,2.658670837414654,7.042246381080807
TP,All India,Week 4,2026-02-26,ECMWF,0.0860692374619677,2.9199695168429423,-1.2804182257383163,0.7325669972411232,2.0129852229794394
TP,northwest_india,Week 4,2026-02-26,ECMWF,-0.30923473469035717,2.453055726605119,-1.0042411557397068,1.1785526746919028,2.1827938304316095
TP,central_india,Week 4,2026-02-26,ECMWF,0.10388517444259499,0.6966457795206729,-0.4406744843192446,0.09463809434110411,0.5353125786603488
TP,south_peninsula,Week 4,2026-02-26,ECMWF,0.9808162856271342,0.3060588431200718,-0.10839919865372405,0.2785521907303654,0.38695138938408946
TP,east_northeast_india,Week 4,2026-02-26,ECMWF,0.40424399715771225,6.547810127112834,-5.261029042579476,1.781217338501331,7.042246381080807
TP,All India,Week 4,2026-02-26,NCEP,0.17784890911571205,2.87605323272085,-1.1483120838697796,0.8646731391096596,2.0129852229794394
TP,northwest_india,Week 4,2026-02-26,NCEP,-0.4122776307325838,2.572438642142707,-0.66020197917779,1.5225918512538192,2.1827938304316095
TP,central_india,Week 4,2026-02-26,NCEP,0.1251947540105208,0.741894991571121,-0.48899304662686865,0.04631953203347999,0.5353125786603488
TP,south_peninsula,Week 4,2026-02-26,NCEP,0.9814471471289691,0.4859340262366868,-0.3374762488040806,0.049475140580008785,0.38695138938408946
TP,east_northeast_india,Week 4,2026-02-26,NCEP,0.47860110598234096,6.287169839768127,-4.730058733430451,2.312187647650357,7.042246381080807
TP,All India,Week 4,2026-02-26,MME,0.17560099859725534,2.5736097428284257,-1.0551677914228597,0.9578174315565795,2.0129852229794394
TP,northwest_india,Week 4,2026-02-26,MME,-0.3058486148097897,2.2860084852175375,-0.8095326400563372,1.373261190375272,2.1827938304316095
TP,central_india,Week 4,2026-02-26,MME,0.2594329084507872,0.560505283139752,-0.2787455031028169,0.2565670755575318,0.5353125786603488
TP,south_peninsula,Week 4,2026-02-26,MME,0.9810784664132648,0.3122510914471855,-0.1292322630622789,0.25771912632181054,0.38695138938408946
TP,east_northeast_india,Week 4,2026-02-26,MME,0.4332391434327441,5.675801141436628,-4.518145930434833,2.524100450645974,7.042246381080807
TP,All India,Week 5,2026-02-26,Persistence,-0.22395366178295276,2.975858046579088,-1.0881701194837825,0.26587438738754066,1.3540445068713234
TP,northwest_india,Week 5,2026-02-26,Persistence,0.21559567626001944,1.6199352557649127,-0.8966561912973199,0.06607378711861228,0.9627299784159322
TP,central_india,Week 5,2026-02-26,Persistence,0.5995659575014769,0.39963957094395647,-0.21938694171103673,0.11077820887740444,0.33016515058844115
TP,south_peninsula,Week 5,2026-02-26,Persistence,-0.36427241696598306,1.5852452655469689,-0.06512533887324409,0.5842077440323707,0.6493330829056149
TP,east_northeast_india,Week 5,2026-02-26,Persistence,-0.13105886636343944,7.08737519575098,-4.764841911861882,0.6605514422921444,5.425393354154026
TP,All India,Week 5,2026-02-26,SPIRE,0.2118408088792232,1.5995185161434753,-0.1494194735058196,1.2046250333655035,1.3540445068713234
TP,northwest_india,Week 5,2026-02-26,SPIRE,0.7141139413009482,0.5082298764511812,0.16837918654403175,1.131109164959964,0.9627299784159322
TP,central_india,Week 5,2026-02-26,SPIRE,0.48109393817244545,0.4206634226183683,0.20519467766977084,0.535359828258212,0.33016515058844115
TP,south_peninsula,Week 5,2026-02-26,SPIRE,0.407079786617108,1.4846642334406106,0.04058999847258299,0.6899230813781979,0.6493330829056149
TP,east_northeast_india,Week 5,2026-02-26,SPIRE,0.22343130914004308,3.669499817295618,-1.8903302343914212,3.5350631197626043,5.425393354154026
TP,All India,Week 5,2026-02-26,FuXi,-0.03900257731695016,2.6199000267874326,-0.7149834993918233,0.6390610074795,1.3540445068713234
TP,northwest_india,Week 5,2026-02-26,FuXi,0.18435226870295954,0.7759946177623979,0.06738577178375067,1.0301157501996827,0.9627299784159322
TP,central_india,Week 5,2026-02-26,FuXi,0.46675224302639656,0.41092344503020994,-0.1226941975293311,0.20747095305911006,0.33016515058844115
TP,south_peninsula,Week 5,2026-02-26,FuXi,0.36546403665332344,1.7851294600478007,-0.4081964633272782,0.24113661957833663,0.6493330829056149
TP,east_northeast_india,Week 5,2026-02-26,FuXi,0.05253837206432929,6.357305289449333,-4.159020939295486,1.2663724148585402,5.425393354154026
TP,All India,Week 5,2026-02-26,ECMWF,-0.019477488868150216,2.5503848935275606,-0.7284927370202532,0.62555176985107,1.3540445068713234
TP,northwest_india,Week 5,2026-02-26,ECMWF,0.015350755979533302,0.9198611355046641,-0.11325224522064561,0.8494777331952865,0.9627299784159322
TP,central_india,Week 5,2026-02-26,ECMWF,0.6186476105419915,0.3954656098209816,-0.21932435247565055,0.11084079811279068,0.33016515058844115
TP,south_peninsula,Week 5,2026-02-26,ECMWF,0.39589421787298323,1.6774171765059376,-0.3426517776825714,0.3066813052230435,0.6493330829056149
TP,east_northeast_india,Week 5,2026-02-26,ECMWF,0.048025183474603036,6.1613358412920105,-3.7159288374388155,1.7094645167152098,5.425393354154026
TP,All India,Week 5,2026-02-26,NCEP,0.00017906491686153967,2.568339591159504,-0.18955059592142384,1.1644939109498997,1.3540445068713234
TP,northwest_india,Week 5,2026-02-26,NCEP,0.0051608905837004565,1.2599800338090315,0.6383881322592193,1.6011181106751515,0.9627299784159322
TP,central_india,Week 5,2026-02-26,NCEP,0.5392487609932001,0.34088675781399846,-0.01164221438096771,0.3185229362074735,0.33016515058844115
TP,south_peninsula,Week 5,2026-02-26,NCEP,0.37497140323596057,1.7073021649725377,-0.1347497736859293,0.5145833092196856,0.6493330829056149
TP,east_northeast_india,Week 5,2026-02-26,NCEP,0.008660921272723086,6.076653635562055,-2.472621440598446,2.9527719135555803,5.425393354154026
TP,All India,Week 5,2026-02-26,MME,0.02070345724729537,2.272026870653042,-0.44561157645983,0.9084329304114931,1.3540445068713234
TP,northwest_india,Week 5,2026-02-26,MME,0.2557036625531163,0.7417143151231748,0.19022521134158898,1.1529551897575212,0.9627299784159322
TP,central_india,Week 5,2026-02-26,MME,0.5544607158839451,0.3422261719847307,-0.037116521679044626,0.29304862890939654,0.33016515058844115
TP,south_peninsula,Week 5,2026-02-26,MME,0.38621205234486583,1.6483603583929378,-0.211252004055799,0.4380810788498159,0.6493330829056149
TP,east_northeast_india,Week 5,2026-02-26,MME,0.06758222876445272,5.4595246651334755,-3.059475362931042,2.3659179912229837,5.425393354154026
TP,All India,Week 6,2026-02-26,Persistence,-0.3612556454250106,4.21182174971726,-2.0476559545199158,0.26587438738754066,2.3135303419074567
TP,northwest_india,Week 6,2026-02-26,Persistence,-0.2981240152482895,3.7852929635569637,-2.6087024338454463,0.06607378711861228,2.674776220964059
TP,central_india,Week 6,2026-02-26,Persistence,-0.016007448760622628,1.435018988177254,-0.9277726146320536,0.11077820887740444,1.038550823509458
TP,south_peninsula,Week 6,2026-02-26,Persistence,0.4647357179672719,1.23608640240848,-0.05283382991998522,0.5842077440323707,0.637041573952356
TP,east_northeast_india,Week 6,2026-02-26,Persistence,-0.5739082917359746,9.010812252835304,-5.8637159804525565,0.6605514422921444,6.524267422744701
TP,All India,Week 6,2026-02-26,SPIRE,-0.1302614700932548,2.8518412291103985,-0.9521466486473219,1.3613836932601344,2.3135303419074567
TP,northwest_india,Week 6,2026-02-26,SPIRE,-0.13363603256554282,2.73062894624816,-1.5826154545563507,1.0921607664077082,2.674776220964059
TP,central_india,Week 6,2026-02-26,SPIRE,0.028322926381415835,1.1216096259422543,-0.3898860752824922,0.6486647482269661,1.038550823509458
TP,south_peninsula,Week 6,2026-02-26,SPIRE,0.8780765851997657,0.8967877345574784,0.27259785915336704,0.9096394331057229,0.637041573952356
TP,east_northeast_india,Week 6,2026-02-26,SPIRE,-0.5618217118841514,5.86866719906641,-2.384041160412438,4.140226262332263,6.524267422744701
TP,All India,Week 6,2026-02-26,FuXi,-0.12168203103381701,3.5312405102200746,-1.4952581448750173,0.8182721970324395,2.3135303419074567
TP,northwest_india,Week 6,2026-02-26,FuXi,-0.11592639591997018,2.918202955948518,-1.8189628964191962,0.8558133245448624,2.674776220964059
TP,central_india,Week 6,2026-02-26,FuXi,-0.21919988213926592,1.3489237731096242,-0.5671344521066334,0.47141637140282483,1.038550823509458
TP,south_peninsula,Week 6,2026-02-26,FuXi,0.8528383257372287,1.174720308148121,-0.1885469247430605,0.4484946492092954,0.637041573952356
TP,east_northeast_india,Week 6,2026-02-26,FuXi,-0.42041910634861057,7.696897189355726,-4.535219923640964,1.9890474991037366,6.524267422744701
TP,All India,Week 6,2026-02-26,ECMWF,-0.19305133370103217,3.531864284711445,-1.490488120308799,0.8230422215986571,2.3135303419074567
TP,northwest_india,Week 6,2026-02-26,ECMWF,-0.6490596100303042,3.06700881200908,-1.7911219462358767,0.8836542747281817,2.674776220964059
TP,central_india,Week 6,2026-02-26,ECMWF,-0.10655932391690855,1.4151109969333726,-0.861939382267471,0.17661144124198744,1.038550823509458
TP,south_peninsula,Week 6,2026-02-26,ECMWF,0.8975631328263592,0.9066706214340405,-0.1296927607835389,0.5073488131688171,0.637041573952356
TP,east_northeast_india,Week 6,2026-02-26,ECMWF,-0.490944903313702,7.589647893172011,-3.9635662458408105,2.5607011769038905,6.524267422744701
TP,All India,Week 6,2026-02-26,NCEP,-0.2377665232807959,3.450056355473943,-0.7366703812118959,1.5768599606955604,2.3135303419074567
TP,northwest_india,Week 6,2026-02-26,NCEP,-0.2607351327883547,2.603658892068795,-0.76413957612709,1.9106366448369683,2.674776220964059
TP,central_india,Week 6,2026-02-26,NCEP,-0.08838955936923121,1.193343340096757,-0.411793414504504,0.6267574090049541,1.038550823509458
TP,south_peninsula,Week 6,2026-02-26,NCEP,0.9009800291506254,0.8815941298193305,0.316721617052783,0.953763191005139,0.637041573952356
TP,east_northeast_india,Week 6,2026-02-26,NCEP,-0.7101260112540058,7.802856627422744,-2.7299068733181135,3.794360549426587,6.524267422744701
TP,All India,Week 6,2026-02-26,MME,-0.18175865046660264,3.2692933729963816,-1.1686408237607584,1.144889518146698,2.3135303419074567
TP,northwest_india,Week 6,2026-02-26,MME,-0.4510690331690881,2.7459980732812586,-1.4892099683346285,1.18556625262943,2.674776220964059
TP,central_india,Week 6,2026-02-26,MME,-0.11336758397147874,1.25279482413408,-0.5576883310402749,0.4808624924691831,1.038550823509458
TP,south_peninsula,Week 6,2026-02-26,MME,0.8868461407705703,0.9140605534341065,0.06776994766988763,0.7048115216222437,0.637041573952356
TP,east_northeast_india,Week 6,2026-02-26,MME,-0.5673641483286334,7.117727912709407,-3.4031835508030817,3.1210838719416194,6.524267422744701
TP,All India,Week 1,2026-03-05,Persistence,0.6985683317029809,1.4730346856378416,-0.33625531753690585,0.23620643725390933,0.5724617547908154
TP,northwest_india,Week 1,2026-03-05,Persistence,0.34510873254024554,2.208255602935793,-0.8520342514790437,0.07674366901190162,0.9287779204909453
TP,central_india,Week 1,2026-03-05,Persistence,0.988856553680316,0.047324406148108025,-0.011541849859967103,0.0005065491222168219,0.012048398982183926
TP,south_peninsula,Week 1,2026-03-05,Persistence,0.9018908609403413,0.29974501930578373,-0.08631835631270908,0.29632411798372627,0.3826424742964354
TP,east_northeast_india,Week 1,2026-03-05,Persistence,0.9429148484504911,1.9493470329729936,-0.26276759922035886,1.0482952827761745,1.311062881996533
TP,All India,Week 1,2026-03-05,SPIRE,0.9022319412497486,0.8676049289347797,-0.07399659460759359,0.49846516018322173,0.5724617547908154
TP,northwest_india,Week 1,2026-03-05,SPIRE,0.9134784294715252,0.8838823289412513,-0.167685745968018,0.7610921745229272,0.9287779204909453
TP,central_india,Week 1,2026-03-05,SPIRE,0.9891710040041478,0.09154036452042483,0.07786160543432252,0.08991000441650644,0.012048398982183926
TP,south_peninsula,Week 1,2026-03-05,SPIRE,-0.8612950659138635,1.2189602999470308,-0.22316659616099493,0.15947587813544045,0.3826424742964354
TP,east_northeast_india,Week 1,2026-03-05,SPIRE,0.9515815645665566,1.2162014572399689,-0.030760112484087963,1.2803027695124454,1.311062881996533
TP,All India,Week 1,2026-03-05,FuXi,0.856843724963553,1.0751436222225486,-0.20311812565684398,0.36934362913397134,0.5724617547908154
TP,northwest_india,Week 1,2026-03-05,FuXi,0.8674573290421518,1.1100859426342635,-0.16224674763224994,0.7665311728586952,0.9287779204909453
TP,central_india,Week 1,2026-03-05,FuXi,0.9960667828838646,0.032943411258960525,0.01311292639517564,0.02516132537735957,0.012048398982183926
TP,south_peninsula,Week 1,2026-03-05,FuXi,-0.827441621951677,1.387721478111259,-0.31424170361153303,0.06840077068490234,0.3826424742964354
TP,east_northeast_india,Week 1,2026-03-05,FuXi,0.9318218092460381,1.6340706792296886,-0.6482266638308348,0.6628362181656985,1.311062881996533
TP,All India,Week 1,2026-03-05,ECMWF,0.9059924631215117,0.8959582873241054,-0.1583220537309549,0.4141397010598603,0.5724617547908154
TP,northwest_india,Week 1,2026-03-05,ECMWF,0.9475766392397278,0.6701828724508666,-0.01552337155051913,0.9132545489404259,0.9287779204909453
TP,central_india,Week 1,2026-03-05,ECMWF,0.9894214773445623,0.041578862118356166,-0.00028979529712374675,0.01175860368506018,0.012048398982183926
TP,south_peninsula,Week 1,2026-03-05,ECMWF,-0.8974204698133083,1.3069612759999831,-0.22400853927948336,0.158633935016952,0.3826424742964354
TP,east_northeast_india,Week 1,2026-03-05,ECMWF,0.9482041949143217,1.509568189097362,-0.749601794617157,0.5614610873793762,1.311062881996533
TP,All India,Week 1,2026-03-05,NCEP,0.8023426525098917,1.2680864042386333,-0.3597126699880559,0.21274908480275945,0.5724617547908154
TP,northwest_india,Week 1,2026-03-05,NCEP,0.6119889797386362,1.7527588399788923,-0.6779068596977836,0.2508710607931616,0.9287779204909453
TP,central_india,Week 1,2026-03-05,NCEP,0.9893537975309105,0.04586120048968778,-0.011110368439286993,0.0009380305428969345,0.012048398982183926
TP,south_peninsula,Week 1,2026-03-05,NCEP,-0.8478246499109212,1.365679247093478,-0.32678726127414803,0.05585521302228737,0.3826424742964354
TP,east_northeast_india,Week 1,2026-03-05,NCEP,0.9504704886642021,1.3267171067247983,-0.5023174808653965,0.8087454011311369,1.311062881996533
TP,All India,Week 1,2026-03-05,MME,0.8842907860331802,0.9611824057737982,-0.19878736099586214,0.3736743937949532,0.5724617547908154
TP,northwest_india,Week 1,2026-03-05,MME,0.9005809643129551,1.0038236055801262,-0.2558406812121427,0.6729372392788026,0.9287779204909453
TP,central_india,Week 1,2026-03-05,MME,0.9952197985181659,0.03540295303311212,0.019893592023271855,0.03194199100545578,0.012048398982183926
TP,south_peninsula,Week 1,2026-03-05,MME,-0.8608873392248271,1.3172025426649756,-0.27205102508153983,0.11059144921489555,0.3826424742964354
TP,east_northeast_india,Week 1,2026-03-05,MME,0.948116074284278,1.3563908664609534,-0.482726512949369,0.8283363690471642,1.311062881996533
TP,All India,Week 2,2026-03-05,Persistence,-0.7601433964228048,6.4162183388798715,-2.173601303015611,0.23620643725390933,2.4098077402695206
TP,northwest_india,Week 2,2026-03-05,Persistence,-0.8555363732719847,2.882137495973131,-1.5863487533045124,0.07674366901190162,1.663092422316414
TP,central_india,Week 2,2026-03-05,Persistence,0.06443751827531316,0.49822212669936666,-0.2724786514617924,0.0005065491222168219,0.27298520058400916
TP,south_peninsula,Week 2,2026-03-05,Persistence,-0.25269492402288773,1.0093531638164301,-0.4630276069317246,0.29632411798372627,0.7593517249154509
TP,east_northeast_india,Week 2,2026-03-05,Persistence,-0.8152776266556397,16.012811200693932,-9.929235581116886,1.0482952827761745,10.977530863893064
TP,All India,Week 2,2026-03-05,SPIRE,0.6796677908011003,3.748612837297666,-0.6631591505527934,1.746648589716726,2.4098077402695206
TP,northwest_india,Week 2,2026-03-05,SPIRE,0.8073199485049124,0.6634954779442421,-0.0427631205170092,1.6203293017994047,1.663092422316414
TP,central_india,Week 2,2026-03-05,SPIRE,0.11893045530974218,0.34793849994932785,-0.04439847858897267,0.22858672199503652,0.27298520058400916
TP,south_peninsula,Week 2,2026-03-05,SPIRE,0.7820355317032854,0.704991250652613,-0.4029465521866128,0.3564051727288382,0.7593517249154509
TP,east_northeast_india,Week 2,2026-03-05,SPIRE,0.5194144438522298,9.616899304616009,-3.755959625869332,7.22157123802373,10.977530863893064
TP,All India,Week 2,2026-03-05,FuXi,0.35044651480004285,4.647108460456078,-1.1115760542610142,1.2982316860085052,2.4098077402695206
TP,northwest_india,Week 2,2026-03-05,FuXi,-0.11219000978566715,1.4259516856288525,-0.0705975483044734,1.5924948740119407,1.663092422316414
TP,central_india,Week 2,2026-03-05,FuXi,-0.18840991358918688,0.5163725323811057,-0.11146195551742656,0.1615232450665826,0.27298520058400916
TP,south_peninsula,Week 2,2026-03-05,FuXi,0.7547071593422167,1.0512742908779096,-0.7185750294660868,0.04077669544936411,0.7593517249154509
TP,east_northeast_india,Week 2,2026-03-05,FuXi,0.262621780787595,11.771174034388974,-6.159678546342056,4.817852317551009,10.977530863893064
TP,All India,Week 2,2026-03-05,ECMWF,0.4939388711835694,4.281726474935432,-0.8756918225150163,1.5341159177545034,2.4098077402695206
TP,northwest_india,Week 2,2026-03-05,ECMWF,0.4155320807356323,1.0846300170799057,-0.3054644996381225,1.357627922678292,1.663092422316414
TP,central_india,Week 2,2026-03-05,ECMWF,0.1540549131735755,0.40715539545770174,-0.19992518814166327,0.07306001244234589,0.27298520058400916
TP,south_peninsula,Week 2,2026-03-05,ECMWF,0.7858362807260376,0.8238822517297056,-0.5157787574129902,0.24357296750246085,0.7593517249154509
TP,east_northeast_india,Week 2,2026-03-05,ECMWF,0.3025583445560537,10.922009156870507,-4.113251716530088,6.864279147362976,10.977530863893064
TP,All India,Week 2,2026-03-05,NCEP,-0.1628031183134011,5.788237462034998,-1.3511923236760015,1.0586154165935184,2.4098077402695206
TP,northwest_india,Week 2,2026-03-05,NCEP,0.2151953076834909,1.512815667943628,-0.45979610554560757,1.2032963167708064,1.663092422316414
TP,central_india,Week 2,2026-03-05,NCEP,0.04444464346147996,0.4856465355215751,-0.2602461302831043,0.012739070300904928,0.27298520058400916
TP,south_peninsula,Week 2,2026-03-05,NCEP,0.7613258026601414,1.0239112673274642,-0.6999168629169755,0.05943486199847533,0.7593517249154509
TP,east_northeast_india,Week 2,2026-03-05,NCEP,-0.39070067373717793,14.767907751001161,-6.601548771674644,4.375982092218419,10.977530863893064
TP,All India,Week 2,2026-03-05,MME,0.4201691653640091,4.484340409843183,-1.0004048377512065,1.4094029025183137,2.4098077402695206
TP,northwest_india,Week 2,2026-03-05,MME,0.4651060953346708,1.0180346091006185,-0.21965531850130318,1.443437103815111,1.663092422316414
TP,central_india,Week 2,2026-03-05,MME,0.012093044763121865,0.4207223537420683,-0.1540079381327917,0.11897726245121748,0.27298520058400916
TP,south_peninsula,Week 2,2026-03-05,MME,0.7716669347742394,0.895618502979961,-0.5843043004956663,0.1750474244197846,0.7593517249154509
TP,east_northeast_india,Week 2,2026-03-05,MME,0.19435110963182395,11.460424199854435,-5.1576096651040295,5.819921198789034,10.977530863893064
TP,All India,Week 3,2026-03-05,Persistence,-0.12071607164233626,3.303312210457581,-1.7767787857255297,0.23620643725390933,2.0129852229794394
TP,northwest_india,Week 3,2026-03-05,Persistence,-0.20392290849537267,3.3606439777604997,-2.1060501614197076,0.07674366901190162,2.1827938304316095
TP,central_india,Week 3,2026-03-05,Persistence,0.07571254576375382,0.788149674497913,-0.5348060295381319,0.0005065491222168219,0.5353125786603488
TP,south_peninsula,Week 3,2026-03-05,Persistence,0.6638248447778977,0.9710012401530199,-0.09062727140036321,0.29632411798372627,0.38695138938408946
TP,east_northeast_india,Week 3,2026-03-05,Persistence,0.4348989784674209,6.782233042794816,-5.993951098304634,1.0482952827761745,7.042246381080807
TP,All India,Week 3,2026-03-05,SPIRE,0.3853925369187006,1.9439346918051867,-0.04443786010725014,1.9685473628721892,2.0129852229794394
TP,northwest_india,Week 3,2026-03-05,SPIRE,0.09674371142604198,2.321032067787623,0.5325989940970454,2.7153928245286547,2.1827938304316095
TP,central_india,Week 3,2026-03-05,SPIRE,0.4358455105259849,0.5187402164047153,0.28375419387020107,0.8190667725305499,0.5353125786603488
TP,south_peninsula,Week 3,2026-03-05,SPIRE,0.9596058561918953,0.5501464296286839,0.42481247136827976,0.8117638607523692,0.38695138938408946
TP,east_northeast_india,Week 3,2026-03-05,SPIRE,0.5532844501281647,3.551386483476106,-2.6386672126921153,4.403579168388693,7.042246381080807
TP,All India,Week 3,2026-03-05,FuXi,0.23275403150801882,2.701228139979765,-0.1972889608896185,1.815696262089821,2.0129852229794394
TP,northwest_india,Week 3,2026-03-05,FuXi,0.2616241874299762,2.715421954562486,1.2660557732533464,3.448849603684956,2.1827938304316095
TP,central_india,Week 3,2026-03-05,FuXi,0.4463235891670592,0.5518057995053882,0.10752892285285807,0.6428415015132068,0.5353125786603488
TP,south_peninsula,Week 3,2026-03-05,FuXi,0.9801876419718949,0.41660246838170545,-0.24894446075218568,0.13800692863190375,0.38695138938408946
TP,east_northeast_india,Week 3,2026-03-05,FuXi,0.26255727593380945,5.654272018147128,-4.0257052040358365,3.0165411770449713,7.042246381080807
TP,All India,Week 3,2026-03-05,ECMWF,0.15504335890355694,2.615541070473674,-0.7267351338738125,1.2862500891056274,2.0129852229794394
TP,northwest_india,Week 3,2026-03-05,ECMWF,-0.2969746500298121,2.4059017098080884,-0.2527277127050645,1.9300661177265452,2.1827938304316095
TP,central_india,Week 3,2026-03-05,ECMWF,0.1467539144243252,0.5399692804586376,-0.17948193411833818,0.35583064454201047,0.5353125786603488
TP,south_peninsula,Week 3,2026-03-05,ECMWF,0.9774532706894081,0.34610368648504036,0.1799771926417858,0.5669285820258753,0.38695138938408946
TP,east_northeast_india,Week 3,2026-03-05,ECMWF,0.39191669063023604,5.698316320146708,-4.140900060960828,2.9013463201199787,7.042246381080807
TP,All India,Week 3,2026-03-05,NCEP,0.3082787551973483,2.8609249089870437,-0.14615010463285683,1.8668351183465823,2.0129852229794394
TP,northwest_india,Week 3,2026-03-05,NCEP,-0.23032663911248014,3.5426809180918055,1.2909838382492138,3.4737776686808237,2.1827938304316095
TP,central_india,Week 3,2026-03-05,NCEP,0.25973004039130865,0.6594807403778571,-0.2916309878230431,0.2436815908373057,0.5353125786603488
TP,south_peninsula,Week 3,2026-03-05,NCEP,0.9784287359606445,0.36613919327696776,-0.1968712834845962,0.19008010589949328,0.38695138938408946
TP,east_northeast_india,Week 3,2026-03-05,NCEP,0.5770546167128713,5.135949337747125,-2.88947782830725,4.152768552773558,7.042246381080807
TP,All India,Week 3,2026-03-05,MME,0.2908112505331299,2.339616139892389,-0.2786530148758844,1.7343322081035546,2.0129852229794394
TP,northwest_india,Week 3,2026-03-05,MME,-0.023492391362110402,2.542971679758416,0.7092277232236354,2.892021553655245,2.1827938304316095
TP,central_india,Week 3,2026-03-05,MME,0.36826534468335315,0.4805681926351989,-0.019957451304580525,0.5153551273557683,0.5353125786603488
TP,south_peninsula,Week 3,2026-03-05,MME,0.9780077656784629,0.2923924805115605,0.03974347994332092,0.4266948693274104,0.38695138938408946
TP,east_northeast_india,Week 3,2026-03-05,MME,0.48587184514890375,4.689469718181801,-3.423687576499008,3.6185588045817996,7.042246381080807
TP,All India,Week 4,2026-03-05,Persistence,-0.12835456072919013,2.649205040666961,-1.1178380696174142,0.23620643725390933,1.3540445068713234
TP,northwest_india,Week 4,2026-03-05,Persistence,0.20698473091988479,1.597447344550276,-0.8859863094040307,0.07674366901190162,0.9627299784159322
TP,central_india,Week 4,2026-03-05,Persistence,0.6686409273561683,0.47774888353534084,-0.32965860146622433,0.0005065491222168219,0.33016515058844115
TP,south_peninsula,Week 4,2026-03-05,Persistence,-0.020299439996241186,1.5462064008139063,-0.35300896492188855,0.29632411798372627,0.6493330829056149
TP,east_northeast_india,Week 4,2026-03-05,Persistence,-0.023111454913478602,6.1683393387247785,-4.377098071377852,1.0482952827761745,5.425393354154026
TP,All India,Week 4,2026-03-05,SPIRE,0.30411434515330493,1.4521596280632307,0.17489109466681785,1.5289356015381408,1.3540445068713234
TP,northwest_india,Week 4,2026-03-05,SPIRE,0.6908404833612101,0.8536136005491065,0.688565458806553,1.6512954372224848,0.9627299784159322
TP,central_india,Week 4,2026-03-05,SPIRE,0.37039073272133527,0.5954793080984518,0.41785447558012734,0.7480196261685685,0.33016515058844115
TP,south_peninsula,Week 4,2026-03-05,SPIRE,0.4123116204178139,1.5089303968380812,0.10920966997889506,0.7585427528845099,0.6493330829056149
TP,east_northeast_india,Week 4,2026-03-05,SPIRE,0.3496344464522418,2.9870529440181164,-1.4205176969629412,4.004875657191085,5.425393354154026
TP,All India,Week 4,2026-03-05,FuXi,0.017276894646256757,2.472379369481904,-0.6909614511394486,0.6630830557318746,1.3540445068713234
TP,northwest_india,Week 4,2026-03-05,FuXi,0.2635874895202801,0.9751132138226853,-0.27196898079460585,0.6907609976213263,0.9627299784159322
TP,central_india,Week 4,2026-03-05,FuXi,0.15538068511445868,0.5018306001003927,0.0779989406142212,0.40816409120266245,0.33016515058844115
TP,south_peninsula,Week 4,2026-03-05,FuXi,0.37531374298160736,1.7922819336066982,-0.4258044375619952,0.22352864534361963,0.6493330829056149
TP,east_northeast_india,Week 4,2026-03-05,FuXi,0.09058625770900831,5.86420374609823,-3.6932525086110424,1.7321408455429836,5.425393354154026
TP,All India,Week 4,2026-03-05,ECMWF,0.05765770841376906,2.211025964376723,-0.15477445720081145,1.1992700496705115,1.3540445068713234
TP,northwest_india,Week 4,2026-03-05,ECMWF,-0.017985145355250372,1.3506011745204691,0.8205490298555821,1.7832790082715142,0.9627299784159322
TP,central_india,Week 4,2026-03-05,ECMWF,0.5946010904779497,0.34656740040767503,-0.08272169558590102,0.24744345500254017,0.33016515058844115
TP,south_peninsula,Week 4,2026-03-05,ECMWF,0.41753750902904874,1.5996948015830283,-0.1738538043068849,0.47547927859872996,0.6493330829056149
TP,east_northeast_india,Week 4,2026-03-05,ECMWF,0.09712009421782772,5.037631709956863,-2.425920242538863,2.9994731116151643,5.425393354154026
TP,All India,Week 4,2026-03-05,NCEP,0.01323798266111318,3.0713806117442783,0.8326546828636128,2.1866991897349357,1.3540445068713234
TP,northwest_india,Week 4,2026-03-05,NCEP,-0.016249410183533798,3.417330616721845,3.045504957153841,4.0082349355697735,0.9627299784159322
TP,central_india,Week 4,2026-03-05,NCEP,0.5469433467716128,0.6337128172677052,0.2946050331282413,0.6247701837166826,0.33016515058844115
TP,south_peninsula,Week 4,2026-03-05,NCEP,0.39444761595780514,1.6355385142155645,-0.2424648476920611,0.4068682352135538,0.6493330829056149
TP,east_northeast_india,Week 4,2026-03-05,NCEP,-0.008717797861400518,5.794797512041078,-1.433101034459946,3.99229231969408,5.425393354154026
TP,All India,Week 4,2026-03-05,MME,0.07795038925176272,2.0853300344755805,0.04045246729754268,1.3944969741688655,1.3540445068713234
TP,northwest_india,Week 4,2026-03-05,MME,0.2574889650833492,1.3164870721716555,1.0706626162553425,2.033392594671275,0.9627299784159322
TP,central_india,Week 4,2026-03-05,MME,0.4814650725880373,0.4387831383880719,0.1769341884341722,0.5070993390226134,0.33016515058844115
TP,south_peninsula,Week 4,2026-03-05,MME,0.40041946615356533,1.6180267373742963,-0.18322835489551154,0.46610472801010333,0.6493330829056149
TP,east_northeast_india,Week 4,2026-03-05,MME,0.10546082144188174,4.659606921961175,-2.2431978706431983,3.182195483510828,5.425393354154026
TP,All India,Week 5,2026-03-05,Persistence,-0.2986731989622648,3.9542142299663525,-2.0773239046535465,0.23620643725390933,2.3135303419074567
TP,northwest_india,Week 5,2026-03-05,Persistence,-0.398157663944297,3.8294993034636486,-2.5980325519521568,0.07674366901190162,2.674776220964059
TP,central_india,Week 5,2026-03-05,Persistence,-0.10616076877042441,1.5677303367499993,-1.0380442743872413,0.0005065491222168219,1.038550823509458
TP,south_peninsula,Week 5,2026-03-05,Persistence,0.6438663119236389,1.128121422067674,-0.3407174559686297,0.29632411798372627,0.637041573952356
TP,east_northeast_india,Week 5,2026-03-05,Persistence,-0.4664476821866264,8.108229346899485,-5.475972139968527,1.0482952827761745,6.524267422744701
TP,All India,Week 5,2026-03-05,SPIRE,-0.04063849728719409,2.7509315305192925,-1.0504114620667735,1.2631188798406823,2.3135303419074567
TP,northwest_india,Week 5,2026-03-05,SPIRE,-0.0025320898323469704,2.6446976084185163,-1.5448551237263852,1.1299210972376736,2.674776220964059
TP,central_india,Week 5,2026-03-05,SPIRE,0.07734835973115359,1.1621752245585275,-0.5335760829362945,0.5049747405731637,1.038550823509458
TP,south_peninsula,Week 5,2026-03-05,SPIRE,0.8811507505850558,0.8484544343891977,0.11125096154071042,0.7482925354930664,0.637041573952356
TP,east_northeast_india,Week 5,2026-03-05,SPIRE,-0.45945483925067193,5.61672907851018,-2.597100115983814,3.9271673067608868,6.524267422744701
TP,All India,Week 5,2026-03-05,FuXi,-0.11940480947457097,3.4792432675510505,-1.546467368791098,0.7670629731163582,2.3135303419074567
TP,northwest_india,Week 5,2026-03-05,FuXi,-0.4034485198400451,2.9898068483489184,-1.843841520713233,0.8309347002508256,2.674776220964059
TP,central_india,Week 5,2026-03-05,FuXi,0.05311879964401407,1.3028488356099526,-0.7326431616714113,0.3059076618380469,1.038550823509458
TP,south_peninsula,Week 5,2026-03-05,FuXi,0.863656478203922,1.1786734932271445,-0.4243246138396563,0.21271696011269967,0.637041573952356
TP,east_northeast_india,Week 5,2026-03-05,FuXi,-0.43733630383211874,7.492567649244606,-4.1530699445718025,2.371197478172899,6.524267422744701
TP,All India,Week 5,2026-03-05,ECMWF,-0.1257025147724574,3.394363381926646,-1.4131607180954038,0.9003696238120523,2.3135303419074567
TP,northwest_india,Week 5,2026-03-05,ECMWF,-0.42617899155737093,2.8025676459695634,-1.5486621614039209,1.1261140595601375,2.674776220964059
TP,central_india,Week 5,2026-03-05,ECMWF,-0.07776352880025694,1.4004498061185764,-0.8549151136742511,0.18363570983520708,1.038550823509458
TP,south_peninsula,Week 5,2026-03-05,ECMWF,0.902014663404264,0.9265132918375725,-0.18224008660809163,0.4548014873442643,0.637041573952356
TP,east_northeast_india,Week 5,2026-03-05,ECMWF,-0.4567684964922546,7.392433596620599,-3.9246404933976002,2.5996269293471004,6.524267422744701
TP,All India,Week 5,2026-03-05,NCEP,-0.1886377664457772,3.423226094585656,-0.6651245597839612,1.6484057821234952,2.3135303419074567
TP,northwest_india,Week 5,2026-03-05,NCEP,-0.13418628978595856,2.3975850598145816,-0.44787308206761683,2.2269031388964424,2.674776220964059
TP,central_india,Week 5,2026-03-05,NCEP,0.15768759066324733,1.133881847310954,-0.4606568178602137,0.5778940056492445,1.038550823509458
TP,south_peninsula,Week 5,2026-03-05,NCEP,0.905406258924797,0.8183290170486712,0.038987168322100176,0.6760287422744562,0.637041573952356
TP,east_northeast_india,Week 5,2026-03-05,NCEP,-0.7482351973676724,7.896047169828974,-2.483066195221714,4.041201227522987,6.524267422744701
TP,All India,Week 5,2026-03-05,MME,-0.13280745269311062,3.1826658114854998,-1.1687910271843092,1.1447393147231473,2.3135303419074567
TP,northwest_india,Week 5,2026-03-05,MME,-0.30666471713179055,2.6302640411927514,-1.3463079719777888,1.3284682489862698,2.674776220964059
TP,central_india,Week 5,2026-03-05,MME,0.05785859331416648,1.2384202501982797,-0.6454477940355426,0.39310302947391557,1.038550823509458
TP,south_peninsula,Week 5,2026-03-05,MME,0.8902532240544919,0.9122068938974078,-0.11408164264623437,0.5229599313061216,0.637041573952356
TP,east_northeast_india,Week 5,2026-03-05,MME,-0.5661255516042975,6.953754491853635,-3.289469187293733,3.234798235450968,6.524267422744701
TP,All India,Week 6,2026-03-05,Persistence,0.5772845051363745,2.0293003685795394,-0.5524300186665754,0.23620643725390933,0.7886364559204848
TP,northwest_india,Week 6,2026-03-05,Persistence,0.901625063117516,0.5439509031310922,-0.1773040149553931,0.07674366901190162,0.2540476839672947
TP,central_india,Week 6,2026-03-05,Persistence,0.7114004127173876,0.5160883429198962,-0.10944530350521631,0.0005065491222168219,0.10995185262743312
TP,south_peninsula,Week 6,2026-03-05,Persistence,0.9521134986336679,0.44613444746011505,-0.05402887166993249,0.29632411798372627,0.3503529896536588
TP,east_northeast_india,Week 6,2026-03-05,Persistence,0.44357148253232204,5.113198047510101,-3.004253654889296,1.0482952827761745,4.0525489376654695
TP,All India,Week 6,2026-03-05,SPIRE,0.5751949287405344,1.6199055823236712,0.6809717999424114,1.4696082558628962,0.7886364559204848
TP,northwest_india,Week 6,2026-03-05,SPIRE,0.5096399026904114,1.1917054298054848,0.8985857223520768,1.1526334063193715,0.2540476839672947
TP,central_india,Week 6,2026-03-05,SPIRE,0.6678372846846087,0.7572906282000444,0.5417663503320872,0.6517182029595203,0.10995185262743312
TP,south_peninsula,Week 6,2026-03-05,SPIRE,0.9607093435392506,1.0006886036318392,0.7561364566363343,1.1064894462899932,0.3503529896536588
TP,east_northeast_india,Week 6,2026-03-05,SPIRE,0.43005945332179374,3.458164274545783,0.4302456590149129,4.4827945966803835,4.0525489376654695
TP,All India,Week 6,2026-03-05,FuXi,0.4675243060108173,2.0118800126088763,-0.014907001073417882,0.7737294548470667,0.7886364559204848
TP,northwest_india,Week 6,2026-03-05,FuXi,0.14973608602801491,1.1694111842348083,0.6449682201659664,0.8990159041332612,0.2540476839672947
TP,central_india,Week 6,2026-03-05,FuXi,0.7275978841122351,0.4902319890281683,0.07784538969317314,0.18779724232060627,0.10995185262743312
TP,south_peninsula,Week 6,2026-03-05,FuXi,0.9905086844277752,0.856360683800643,-0.16276828756123912,0.1875847020924197,0.3503529896536588
TP,east_northeast_india,Week 6,2026-03-05,FuXi,0.2635745531394209,4.7671910475478185,-1.4841178405085769,2.568431097156893,4.0525489376654695
TP,All India,Week 6,2026-03-05,ECMWF,0.5185300447324889,1.9393635477573632,0.08673531077589074,0.8753717666963753,0.7886364559204848
TP,northwest_india,Week 6,2026-03-05,ECMWF,0.4735345409565597,0.9882730058437463,0.5715170917833805,0.8255647757506756,0.2540476839672947
TP,central_india,Week 6,2026-03-05,ECMWF,0.7184288476165925,0.49438451895868685,0.043185852789239296,0.15313770541667238,0.10995185262743312
TP,south_peninsula,Week 6,2026-03-05,ECMWF,0.9672307222412062,0.778316193593817,0.2114632018766515,0.5618161915303103,0.3503529896536588
TP,east_northeast_india,Week 6,2026-03-05,ECMWF,0.37727176757652003,4.669635372422574,-1.0277862621775544,3.0247626754879158,4.0525489376654695
TP,All India,Week 6,2026-03-05,NCEP,0.5463225240154431,2.122660112864401,0.7333770181557379,1.5220134740762226,0.7886364559204848
TP,northwest_india,Week 6,2026-03-05,NCEP,-0.0553337995485452,1.8395940506081898,1.3791450462670947,1.633192730234389,0.2540476839672947
TP,central_india,Week 6,2026-03-05,NCEP,0.6282036636755628,0.6520267378835655,0.3287024416438174,0.43865429427125047,0.10995185262743312
TP,south_peninsula,Week 6,2026-03-05,NCEP,0.9491656328100976,0.9130216826945541,0.5233926210349209,0.8737456106885797,0.3503529896536588
TP,east_northeast_india,Week 6,2026-03-05,NCEP,0.5278189458951926,4.566133829804215,0.5089826519318233,4.561531589597293,4.0525489376654695
TP,All India,Week 6,2026-03-05,MME,0.5511742095928696,1.7662431548449924,0.37154428195015554,1.1601807378706401,0.7886364559204848
TP,northwest_india,Week 6,2026-03-05,MME,0.3236903180028034,1.232238103142264,0.8735540201421297,1.1276017041094244,0.2540476839672947
TP,central_india,Week 6,2026-03-05,MME,0.7000442945835215,0.5617017418833093,0.24787500861457928,0.3578268612420124,0.10995185262743312
TP,south_peninsula,Week 6,2026-03-05,MME,0.9717283491759992,0.7898136415657309,0.3320559979966669,0.6824089876503256,0.3503529896536588
TP,east_northeast_india,Week 6,2026-03-05,MME,0.4260820461202137,4.016274136955969,-0.39316894793484886,3.659379989730621,4.0525489376654695
TP,All India,Week 1,2026-03-12,Persistence,-0.6247170691714813,6.613571908639861,-1.8373459854787046,0.5724617547908154,2.4098077402695206
TP,northwest_india,Week 1,2026-03-12,Persistence,0.022925673445942516,2.3486298263713685,-0.7343145018254688,0.9287779204909453,1.663092422316414
TP,central_india,Week 1,2026-03-12,Persistence,0.019567331834882754,0.49149156020125045,-0.26093680160182525,0.012048398982183926,0.27298520058400916
TP,south_peninsula,Week 1,2026-03-12,Persistence,-0.6107380220240323,1.1094351377084704,-0.3767092506190156,0.3826424742964354,0.7593517249154509
TP,east_northeast_india,Week 1,2026-03-12,Persistence,-0.7066990736285714,16.71887287794644,-9.66646798189653,1.311062881996533,10.977530863893064
TP,All India,Week 1,2026-03-12,SPIRE,0.8013329445521674,3.1353562125726726,-0.5627684961864325,1.847039244083087,2.4098077402695206
TP,northwest_india,Week 1,2026-03-12,SPIRE,0.6691132314122312,0.894316678352714,-0.30929432827323905,1.353798094043175,1.663092422316414
TP,central_india,Week 1,2026-03-12,SPIRE,0.13479728974077115,0.3393539397135125,-0.05913235391064219,0.213852846673367,0.27298520058400916
TP,south_peninsula,Week 1,2026-03-12,SPIRE,0.792297892620185,0.6504082260574874,-0.3004563962163245,0.45889532869912647,0.7593517249154509
TP,east_northeast_india,Week 1,2026-03-12,SPIRE,0.7078434969982347,7.966314603249079,-2.593697828035403,8.383833035857661,10.977530863893064
TP,All India,Week 1,2026-03-12,FuXi,0.5329112238884722,4.110842942925951,-0.5342307197406357,1.8755770205288838,2.4098077402695206
TP,northwest_india,Week 1,2026-03-12,FuXi,-0.6922030762452533,2.036936685255234,-0.5033058970935758,1.1597865252228383,1.663092422316414
TP,central_india,Week 1,2026-03-12,FuXi,0.16916956488746543,0.8311242094873788,0.5268597044089001,0.7998449049929092,0.27298520058400916
TP,south_peninsula,Week 1,2026-03-12,FuXi,0.6917255921114834,0.9242352588380117,-0.42550509149249854,0.33384663342295245,0.7593517249154509
TP,east_northeast_india,Week 1,2026-03-12,FuXi,0.38673523562031814,10.087174885871828,-3.1618306084823598,7.815700255410703,10.977530863893064
TP,All India,Week 1,2026-03-12,ECMWF,0.5869220359402959,3.9382158529575153,-0.5599971720138363,1.8498105682556838,2.4098077402695206
TP,northwest_india,Week 1,2026-03-12,ECMWF,0.6819063484922853,0.8669203680543678,0.05108527952565817,1.7141777018420723,1.663092422316414
TP,central_india,Week 1,2026-03-12,ECMWF,0.4760262464951203,0.2824937558490845,-0.09397248150964349,0.17901271907436572,0.27298520058400916
TP,south_peninsula,Week 1,2026-03-12,ECMWF,0.773210388937213,0.7352232610769757,-0.1954925097393733,0.5638592151760776,0.7593517249154509
TP,east_northeast_india,Week 1,2026-03-12,ECMWF,0.426061548242159,10.081156369468884,-3.4132106218307507,7.56432024206231,10.977530863893064
TP,All India,Week 1,2026-03-12,NCEP,0.5402892942984789,4.114638057570652,-0.710411406801024,1.699396333468496,2.4098077402695206
TP,northwest_india,Week 1,2026-03-12,NCEP,-0.03826226156986827,1.7206318990536245,-0.5350462887680734,1.1280461335483407,1.663092422316414
TP,central_india,Week 1,2026-03-12,NCEP,0.38507945813150063,0.3098100424933739,-0.11077556432939135,0.1622096362546178,0.27298520058400916
TP,south_peninsula,Week 1,2026-03-12,NCEP,0.7216598067146096,0.7871667828117779,-0.38291114833475076,0.37644057658070035,0.7593517249154509
TP,east_northeast_india,Week 1,2026-03-12,NCEP,0.322917365594568,10.30571132554885,-2.8712345228887752,8.106296341004287,10.977530863893064
TP,All India,Week 1,2026-03-12,MME,0.6630062462516616,3.699937767809013,-0.5918519486854823,1.8179557915840379,2.4098077402695206
TP,northwest_india,Week 1,2026-03-12,MME,0.16231905939669938,1.218867510660859,-0.3241403086523075,1.3389521136641065,1.663092422316414
TP,central_india,Week 1,2026-03-12,MME,0.3698356177434222,0.2963938596682164,0.06574482616480574,0.33873002674881497,0.27298520058400916
TP,south_peninsula,Week 1,2026-03-12,MME,0.7586311266372255,0.7426964632393948,-0.32609128644573676,0.43326043846971424,0.7593517249154509
TP,east_northeast_india,Week 1,2026-03-12,MME,0.5036940874197007,9.368847133839669,-3.0099933953093228,7.96753746858374,10.977530863893064
TP,All India,Week 2,2026-03-12,Persistence,-0.1265121939155427,3.5294828067285824,-1.440523468188624,0.5724617547908154,2.0129852229794394
TP,northwest_india,Week 2,2026-03-12,Persistence,-0.5549743550336926,3.644443857644018,-1.254015909940664,0.9287779204909453,2.1827938304316095
TP,central_india,Week 2,2026-03-12,Persistence,0.09338255586151122,0.7708309004651652,-0.5232641796781649,0.012048398982183926,0.5353125786603488
TP,south_peninsula,Week 2,2026-03-12,Persistence,0.3049113658680932,1.1808756734999621,-0.004308915087654104,0.3826424742964354,0.38695138938408946
TP,east_northeast_india,Week 2,2026-03-12,Persistence,0.4195295094737052,7.178538369600093,-5.731183499084274,1.311062881996533,7.042246381080807
TP,All India,Week 2,2026-03-12,SPIRE,0.19787122053435305,2.3858254141719915,-0.6004680605205308,1.4125171624589086,2.0129852229794394
TP,northwest_india,Week 2,2026-03-12,SPIRE,-0.2048464723189589,2.3082047123855483,-0.3081289938793943,1.8746648365522154,2.1827938304316095
TP,central_india,Week 2,2026-03-12,SPIRE,0.31732787266396467,0.4555980800037559,0.082048641986585,0.6173612206469337,0.5353125786603488
TP,south_peninsula,Week 2,2026-03-12,SPIRE,0.9693836418055858,0.5035429150482004,0.39856219296893547,0.7855135823530249,0.38695138938408946
TP,east_northeast_india,Week 2,2026-03-12,SPIRE,0.5282701335146558,5.078277683135062,-4.041823634304888,3.0004227467759197,7.042246381080807
TP,All India,Week 2,2026-03-12,FuXi,0.21155339562312403,2.6067137146244943,-0.4035415245158652,1.6094436984635743,2.0129852229794394
TP,northwest_india,Week 2,2026-03-12,FuXi,-0.12073177666649704,2.4500333965843395,0.19079797252813027,2.3735918029597403,2.1827938304316095
TP,central_india,Week 2,2026-03-12,FuXi,0.351331833334327,0.5513519924082037,0.21882627964520093,0.7541388583055498,0.5353125786603488
TP,south_peninsula,Week 2,2026-03-12,FuXi,0.9559635434566922,0.5045292485411056,0.1415499672861821,0.5285013566702715,0.38695138938408946
TP,east_northeast_india,Week 2,2026-03-12,FuXi,0.41827008292817247,5.612234090302608,-3.802176419620916,3.240069961459891,7.042246381080807
TP,All India,Week 2,2026-03-12,ECMWF,0.18822304226130254,2.64882230502547,-0.604614651127602,1.4083705718518378,2.0129852229794394
TP,northwest_india,Week 2,2026-03-12,ECMWF,0.046305468376293846,2.0745799039012884,-0.3524537194744368,1.8303401109571733,2.1827938304316095
TP,central_india,Week 2,2026-03-12,ECMWF,0.1872426062776113,0.5404588828338168,0.08164011002796737,0.6169526886883162,0.5353125786603488
TP,south_peninsula,Week 2,2026-03-12,ECMWF,0.9569009067121719,0.836585742963321,0.6864620742657986,1.073413463649888,0.38695138938408946
TP,east_northeast_india,Week 2,2026-03-12,ECMWF,0.4583245026471692,6.013843450398718,-4.3301796897585625,2.712066691322245,7.042246381080807
TP,All India,Week 2,2026-03-12,NCEP,0.34060925913852447,2.596304877826801,-0.752748588697421,1.2602366342820182,2.0129852229794394
TP,northwest_india,Week 2,2026-03-12,NCEP,-0.2891797763344436,2.3953121846651797,-0.5811774883358837,1.6016163420957261,2.1827938304316095
TP,central_india,Week 2,2026-03-12,NCEP,0.22338778210021837,0.5784034366813635,-0.29376963473359435,0.24154294392675432,0.5353125786603488
TP,south_peninsula,Week 2,2026-03-12,NCEP,0.9605914300409388,0.3702771481510825,0.0120740959192222,0.39902548530331167,0.38695138938408946
TP,east_northeast_india,Week 2,2026-03-12,NCEP,0.5420856722826255,5.638172902426258,-3.1280647986124066,3.914181582468401,7.042246381080807
TP,All India,Week 2,2026-03-12,MME,0.2578692781143127,2.4364631047909544,-0.5903432062153546,1.4226420167640845,2.0129852229794394
TP,northwest_india,Week 2,2026-03-12,MME,-0.2081294074494846,2.2089127744818895,-0.262740557290396,1.9200532731412128,2.1827938304316095
TP,central_india,Week 2,2026-03-12,MME,0.3398253785601369,0.451242958403272,0.022186349231539726,0.5574989278918885,0.5353125786603488
TP,south_peninsula,Week 2,2026-03-12,MME,0.9760971559914539,0.4414121382672681,0.3096620826100346,0.696613471994124,0.38695138938408946
TP,east_northeast_india,Week 2,2026-03-12,MME,0.5140784710069769,5.33760375341051,-3.8255611355741928,3.216685245506614,7.042246381080807
TP,All India,Week 3,2026-03-12,Persistence,-0.2012280270115741,3.0614101113013223,-0.7815827520805079,0.5724617547908154,1.3540445068713234
TP,northwest_india,Week 3,2026-03-12,Persistence,-0.11344316612628519,2.036773623359137,-0.03395205792498691,0.9287779204909453,0.9627299784159322
TP,central_india,Week 3,2026-03-12,Persistence,0.6546932718911196,0.46997629704527094,-0.31811675160625724,0.012048398982183926,0.33016515058844115
TP,south_peninsula,Week 3,2026-03-12,Persistence,-0.24130826563532173,1.5525926262508958,-0.2666906086091796,0.3826424742964354,0.6493330829056149
TP,east_northeast_india,Week 3,2026-03-12,Persistence,-0.10588478096399465,7.096270719026243,-4.114330472157493,1.311062881996533,5.425393354154026
TP,All India,Week 3,2026-03-12,SPIRE,0.3478363266323963,1.4163124762634822,0.1796898430778602,1.5337343499491838,1.3540445068713234
TP,northwest_india,Week 3,2026-03-12,SPIRE,0.6720693646372022,0.8544134639984368,0.6673537936837785,1.6300837720997103,0.9627299784159322
TP,central_india,Week 3,2026-03-12,SPIRE,0.6022013617193916,0.48975641312623874,0.3596691375042197,0.6898342880926609,0.33016515058844115
TP,south_peninsula,Week 3,2026-03-12,SPIRE,0.45390740643238037,1.473508706167148,0.08410296622760678,0.7334360491332218,0.6493330829056149
TP,east_northeast_india,Week 3,2026-03-12,SPIRE,0.3402824864662946,2.9364610888902973,-1.1777659665395401,4.247627387614487,5.425393354154026
TP,All India,Week 3,2026-03-12,FuXi,0.09512610345979965,2.428510782934923,0.5607814723624504,1.9148259792337738,1.3540445068713234
TP,northwest_india,Week 3,2026-03-12,FuXi,0.010878219863907908,2.548784909815534,1.8681563794402158,2.830886357856148,0.9627299784159322
TP,central_india,Week 3,2026-03-12,FuXi,-0.3207521476765652,1.0819149427579218,0.5949334882768075,0.9250986388652487,0.33016515058844115
TP,south_peninsula,Week 3,2026-03-12,FuXi,0.35288393436022303,1.8051397679674202,-0.23636602078685792,0.412967062118757,0.6493330829056149
TP,east_northeast_india,Week 3,2026-03-12,FuXi,0.16336411008010657,4.321632703407708,-1.380773821426721,4.044619532727305,5.425393354154026
TP,All India,Week 3,2026-03-12,ECMWF,0.04861535178037735,2.2530761758374607,-0.17716376782823476,1.1768807390430882,1.3540445068713234
TP,northwest_india,Week 3,2026-03-12,ECMWF,0.13578737779217934,1.038226304813582,0.5678596191763651,1.5305895975922974,0.9627299784159322
TP,central_india,Week 3,2026-03-12,ECMWF,0.6135712799147262,0.3155607056764892,-0.008153092661568752,0.3220120579268724,0.33016515058844115
TP,south_peninsula,Week 3,2026-03-12,ECMWF,0.4615292109380714,1.5419163333294854,-0.06549087063133677,0.5838422122742781,0.6493330829056149
TP,east_northeast_india,Week 3,2026-03-12,ECMWF,0.042820727387427183,5.342342077253679,-2.3295752746347826,3.0958180795192436,5.425393354154026
TP,All India,Week 3,2026-03-12,NCEP,0.07938730571660506,2.2891395714045477,-0.12957563567219452,1.224468871199129,1.3540445068713234
TP,northwest_india,Week 3,2026-03-12,NCEP,0.07926964441668849,1.1177489498956088,0.5666799778606846,1.5294099562766168,0.9627299784159322
TP,central_india,Week 3,2026-03-12,NCEP,0.6930776642318917,0.3893873535186885,-0.16274123104278845,0.1674239195456527,0.33016515058844115
TP,south_peninsula,Week 3,2026-03-12,NCEP,0.45873273435343037,1.4259735145252332,-0.138852170156364,0.5104809127492509,0.6493330829056149
TP,east_northeast_india,Week 3,2026-03-12,NCEP,0.02409665447989249,5.438306804182115,-1.5629582098424228,3.862435144311603,5.425393354154026
TP,All India,Week 3,2026-03-12,MME,0.13378701157892117,1.934854530986463,0.10843297798497036,1.4624774848562936,1.3540445068713234
TP,northwest_india,Week 3,2026-03-12,MME,0.2143738170700746,1.254225181278822,0.9175124425402609,1.8802424209561932,0.9627299784159322
TP,central_india,Week 3,2026-03-12,MME,0.3588132388098029,0.46834277899321813,0.19592707551916744,0.5260922261076086,0.33016515058844115
TP,south_peninsula,Week 3,2026-03-12,MME,0.4344446722193345,1.5370604007013098,-0.0891515238367379,0.5601815590688768,0.6493330829056149
TP,east_northeast_india,Week 3,2026-03-12,MME,0.12306649575619918,4.272793443963554,-1.6127683181108667,3.8126250360431593,5.425393354154026
TP,All India,Week 4,2026-03-12,Persistence,-0.4230831703377109,4.336931284060623,-1.7410685871166405,0.5724617547908154,2.3135303419074567
TP,northwest_india,Week 4,2026-03-12,Persistence,-0.7147264037664341,4.009261148560429,-1.7459983004731137,0.9287779204909453,2.674776220964059
TP,central_india,Week 4,2026-03-12,Persistence,-0.057115514136982785,1.5395555527200069,-1.0265024245272742,0.012048398982183926,1.038550823509458
TP,south_peninsula,Week 4,2026-03-12,Persistence,0.5225861028792271,1.2102567828421729,-0.2543990996559206,0.3826424742964354,0.637041573952356
TP,east_northeast_india,Week 4,2026-03-12,Persistence,-0.6112338854873203,9.161352351449134,-5.213204540748168,1.311062881996533,6.524267422744701
TP,All India,Week 4,2026-03-12,SPIRE,0.01044581566282752,2.5593744452169878,-0.8302356431195064,1.4832946987879503,2.3135303419074567
TP,northwest_india,Week 4,2026-03-12,SPIRE,0.1745748048222972,2.472191767662018,-1.367701013955755,1.3070752070083034,2.674776220964059
TP,central_india,Week 4,2026-03-12,SPIRE,0.07424404914682775,1.129790870552066,-0.451662149855997,0.5868886736534612,1.038550823509458
TP,south_peninsula,Week 4,2026-03-12,SPIRE,0.881747555142834,0.8709194197824244,0.23075589743849537,0.8677974713908514,0.637041573952356
TP,east_northeast_india,Week 4,2026-03-12,SPIRE,-0.4914443793022139,5.173757874181749,-1.841734498430639,4.682532924314063,6.524267422744701
TP,All India,Week 4,2026-03-12,FuXi,0.09961620578901481,3.130865348791212,-1.186195182447175,1.1273351594602812,2.3135303419074567
TP,northwest_india,Week 4,2026-03-12,FuXi,0.3440197768792042,2.17568526031746,-0.7753542471719762,1.899421973792083,2.674776220964059
TP,central_india,Week 4,2026-03-12,FuXi,0.09558895665776611,1.2765061454797577,-0.7378729658512174,0.30067785765824073,1.038550823509458
TP,south_peninsula,Week 4,2026-03-12,FuXi,0.8605867362844691,1.2339127577683746,-0.46570487674406147,0.17133669720829453,0.637041573952356
TP,east_northeast_india,Week 4,2026-03-12,FuXi,-0.33887214761462303,7.060639727723478,-4.004589128852259,2.519678293892442,6.524267422744701
TP,All India,Week 4,2026-03-12,ECMWF,-0.13719374237054793,3.2668378921740935,-1.1598310989481215,1.1536992429593351,2.3135303419074567
TP,northwest_india,Week 4,2026-03-12,ECMWF,-0.2166168943768558,2.6486719243902606,-1.4021541046514667,1.2726221163125921,2.674776220964059
TP,central_india,Week 4,2026-03-12,ECMWF,-0.04725429530263497,1.2928492468041226,-0.7111700915251101,0.3273807319843481,1.038550823509458
TP,south_peninsula,Week 4,2026-03-12,ECMWF,0.9027181102948667,0.8991364161199502,0.02243540114047762,0.6594769750928337,0.637041573952356
TP,east_northeast_india,Week 4,2026-03-12,ECMWF,-0.5310616881687104,7.1764707456649806,-3.127035314520334,3.397232108224367,6.524267422744701
TP,All India,Week 4,2026-03-12,NCEP,-0.23281569380665124,3.7948977682211202,-0.6924552250590227,1.621075116848434,2.3135303419074567
TP,northwest_india,Week 4,2026-03-12,NCEP,-0.14210248649116727,2.5636061431520853,-0.7665061518907256,1.9082700690733332,2.674776220964059
TP,central_india,Week 4,2026-03-12,NCEP,-0.023841703599748035,1.4330132474010546,-0.8831014287038942,0.155449394805564,1.038550823509458
TP,south_peninsula,Week 4,2026-03-12,NCEP,0.9148918143564797,0.7498056884321961,-0.13235011671667946,0.5046914572356767,0.637041573952356
TP,east_northeast_india,Week 4,2026-03-12,NCEP,-0.7887717586806166,8.771484964316715,-0.7920548803516547,5.732212542393046,6.524267422744701
TP,All India,Week 4,2026-03-12,MME,-0.08909020776600972,3.0227340808543532,-0.9671792873934563,1.3463510545140003,2.3135303419074567
TP,northwest_india,Week 4,2026-03-12,MME,0.1044157040003386,2.3777310523288593,-1.0779288794174808,1.5968473415465778,2.674776220964059
TP,central_india,Week 4,2026-03-12,MME,0.02288407226818435,1.2731913740260028,-0.6959516589840549,0.34259916452540345,1.038550823509458
TP,south_peninsula,Week 4,2026-03-12,MME,0.893566425669617,0.8901551117900309,-0.08621592372044198,0.5508256502319141,0.637041573952356
TP,east_northeast_india,Week 4,2026-03-12,MME,-0.6361233509478793,6.656117354400247,-2.4413534555387213,4.082913967205979,6.524267422744701
TP,All India,Week 5,2026-03-12,Persistence,0.3962739787601826,2.681877387027707,-0.2161747011296695,0.5724617547908154,0.7886364559204848
TP,northwest_india,Week 5,2026-03-12,Persistence,-0.21674355828078823,2.2842164362431197,0.6747302365236505,0.9287779204909453,0.2540476839672947
TP,central_india,Week 5,2026-03-12,Persistence,0.7584194361715383,0.4726795647545537,-0.09790345364524919,0.012048398982183926,0.10995185262743312
TP,south_peninsula,Week 5,2026-03-12,Persistence,0.9121996957031324,0.6150955565138667,0.0322894846427766,0.3826424742964354,0.3503529896536588
TP,east_northeast_india,Week 5,2026-03-12,Persistence,0.40630932370775924,5.992542556069199,-2.741486055668937,1.311062881996533,4.0525489376654695
TP,All India,Week 5,2026-03-12,SPIRE,0.5738609573946577,1.6752444031897733,0.7645308772247029,1.5531673331451876,0.7886364559204848
TP,northwest_india,Week 5,2026-03-12,SPIRE,0.3918734684749251,1.3713874055931212,1.0692668954898155,1.32331457945711,0.2540476839672947
TP,central_india,Week 5,2026-03-12,SPIRE,0.6727901021696571,0.7879814120479726,0.5858815970802483,0.6958334497076817,0.10995185262743312
TP,south_peninsula,Week 5,2026-03-12,SPIRE,0.9657391600632914,0.9646800991518809,0.697287396780929,1.0476403864345878,0.3503529896536588
TP,east_northeast_india,Week 5,2026-03-12,SPIRE,0.441492229595042,3.4866812320155947,0.5908661172235324,4.643415054889003,4.0525489376654695
TP,All India,Week 5,2026-03-12,FuXi,0.42329472218699754,1.976727289080522,0.1725304123933776,0.9611668683138623,0.7886364559204848
TP,northwest_india,Week 5,2026-03-12,FuXi,-0.06641480229134084,1.3009629442359394,0.7225229634249227,0.9765706473922176,0.2540476839672947
TP,central_india,Week 5,2026-03-12,FuXi,0.7785666911727567,0.47883342905630244,0.12595958847557334,0.23591144110300644,0.10995185262743312
TP,south_peninsula,Week 5,2026-03-12,FuXi,0.9750270403617008,0.6744139115965218,0.2321161478691428,0.5824691375228016,0.3503529896536588
TP,east_northeast_india,Week 5,2026-03-12,FuXi,0.24555150028283723,4.631069879130795,-0.9964531451980609,3.056095792467409,4.0525489376654695
TP,All India,Week 5,2026-03-12,ECMWF,0.4784243696025582,1.97206528706528,0.30366741807121894,1.0923038739917035,0.7886364559204848
TP,northwest_india,Week 5,2026-03-12,ECMWF,0.13582558120568777,1.2668446554563044,0.8129599034557166,1.0670075874230112,0.2540476839672947
TP,central_india,Week 5,2026-03-12,ECMWF,0.7249740292565667,0.5078296816482561,0.12436859588519232,0.23432044851262543,0.10995185262743312
TP,south_peninsula,Week 5,2026-03-12,ECMWF,0.9699981920561405,0.8211742842727626,0.3060541818611332,0.656407171514792,0.3503529896536588
TP,east_northeast_india,Week 5,2026-03-12,ECMWF,0.34325101656642665,4.601744277263566,-0.4019392442268471,3.6506096934386223,4.0525489376654695
TP,All India,Week 5,2026-03-12,NCEP,0.39847396751933906,3.1824249046043236,1.308580529884509,2.0972169858049945,0.7886364559204848
TP,northwest_india,Week 5,2026-03-12,NCEP,-0.6186767833678237,2.914812766254263,2.17502453324852,2.429072217215815,0.2540476839672947
TP,central_india,Week 5,2026-03-12,NCEP,0.625535763530839,0.7286886081774235,0.46898915207395886,0.578941004701392,0.10995185262743312
TP,south_peninsula,Week 5,2026-03-12,NCEP,0.9503552839464563,0.9855851675813605,0.5666077990933066,0.9169607887469655,0.3503529896536588
TP,east_northeast_india,Week 5,2026-03-12,NCEP,0.4762984698632969,6.8568371167458455,2.258058392126597,6.310607329792067,4.0525489376654695
TP,All India,Week 5,2026-03-12,MME,0.5076830797677555,1.9243035206310066,0.6373273093934524,1.4259637653139372,0.7886364559204848
TP,northwest_india,Week 5,2026-03-12,MME,-0.25265445673639225,1.6575070900530853,1.1949435739047436,1.4489912578720385,0.2540476839672947
TP,central_india,Week 5,2026-03-12,MME,0.7240025611892046,0.5916635050561989,0.32629973337874324,0.43625158600617636,0.10995185262743312
TP,south_peninsula,Week 5,2026-03-12,MME,0.9695117124190746,0.8264533527910884,0.450516381401128,0.8008693710547866,0.3503529896536588
TP,east_northeast_india,Week 5,2026-03-12,MME,0.43210568429949403,4.148489401908716,0.3626330299813052,4.415181967646776,4.0525489376654695
TP,All India,Week 6,2026-03-12,Persistence,0.07231755579090979,3.6176871460271642,-0.735152731689384,0.5724617547908154,1.3076144864801997
TP,northwest_india,Week 6,2026-03-12,Persistence,0.9037364388033625,1.0826755585975278,0.31387168846274144,0.9287779204909453,0.6149062320282039
TP,central_india,Week 6,2026-03-12,Persistence,0.5539457120429363,0.627484766229006,-0.27555452958497456,0.012048398982183926,0.2876029285671585
TP,south_peninsula,Week 6,2026-03-12,Persistence,0.9584777024486693,0.38838259308597795,-0.10772282517383831,0.3826424742964354,0.4903652994702737
TP,east_northeast_india,Week 6,2026-03-12,Persistence,-0.047346805978875306,9.177079455627505,-4.857387580581374,1.311062881996533,6.168450462577906
TP,All India,Week 6,2026-03-12,SPIRE,0.11717699123769869,2.593216981926537,0.4367160488390055,1.7443305353192045,1.3076144864801997
TP,northwest_india,Week 6,2026-03-12,SPIRE,-0.24819617848489364,1.4474924341428947,0.6932267505819468,1.3081329826101509,0.6149062320282039
TP,central_india,Week 6,2026-03-12,SPIRE,0.15519304718805627,0.862351995279708,0.6127157847632043,0.9003187133303626,0.2876029285671585
TP,south_peninsula,Week 6,2026-03-12,SPIRE,0.8858802646186964,1.3178533688923355,0.8055460199155986,1.2959113193858722,0.4903652994702737
TP,east_northeast_india,Week 6,2026-03-12,SPIRE,0.005340480558168684,6.0589775937832355,-0.9846954216477197,5.183755040930188,6.168450462577906
TP,All India,Week 6,2026-03-12,FuXi,0.3759334946470722,2.2378988501109434,-0.1021356324640274,1.205478854016172,1.3076144864801997
TP,northwest_india,Week 6,2026-03-12,FuXi,-0.2195618566720239,1.2761785136414043,0.35556327810778726,0.9704695101359911,0.6149062320282039
TP,central_india,Week 6,2026-03-12,FuXi,0.29465590865326446,0.5908638169937978,0.01924251114129044,0.30684543970844885,0.2876029285671585
TP,south_peninsula,Week 6,2026-03-12,FuXi,0.9215836183015773,1.0450859650305564,-0.04395282296901236,0.44641247650126137,0.4903652994702737
TP,east_northeast_india,Week 6,2026-03-12,FuXi,0.3362069171250245,5.28293009408779,-1.4515815489490724,4.716868913628834,6.168450462577906
TP,All India,Week 6,2026-03-12,ECMWF,0.3307248452783623,2.429090805893347,-0.2654628359731479,1.0421516505070516,1.3076144864801997
TP,northwest_india,Week 6,2026-03-12,ECMWF,0.4838962026383425,0.855081471817542,0.1737681641214986,0.7886743961497024,0.6149062320282039
TP,central_india,Week 6,2026-03-12,ECMWF,0.5456975203052782,0.5244135172638299,-0.14058394169182917,0.1470189868753293,0.2876029285671585
TP,south_peninsula,Week 6,2026-03-12,ECMWF,0.8697290697687912,1.1380034894248845,0.20976699564430934,0.7001322951145831,0.4903652994702737
TP,east_northeast_india,Week 6,2026-03-12,ECMWF,0.2776458872377293,5.981390438961687,-2.1015442805103204,4.066906182067586,6.168450462577906
TP,All India,Week 6,2026-03-12,NCEP,0.07834382460818459,3.5076193615100997,0.7148395711079981,2.0224540575881975,1.3076144864801997
TP,northwest_india,Week 6,2026-03-12,NCEP,0.08957389231282695,2.0602299621762814,1.5192288067389161,2.1341350387671203,0.6149062320282039
TP,central_india,Week 6,2026-03-12,NCEP,0.5118726199459185,0.7860949770637241,0.41735201161145113,0.7049549401786095,0.2876029285671585
TP,south_peninsula,Week 6,2026-03-12,NCEP,0.8780441552269492,1.186732620499435,0.23542858735801905,0.7257938868282928,0.4903652994702737
TP,east_northeast_india,Week 6,2026-03-12,NCEP,-0.06832157598817502,8.376505767309865,0.23432992455248974,6.402780387130396,6.168450462577906
TP,All India,Week 6,2026-03-12,MME,0.23627501955245825,2.497544023075934,0.19598928787745704,1.5036037743576567,1.3076144864801997
TP,northwest_india,Week 6,2026-03-12,MME,0.0395057618097169,1.2562328680273627,0.6854467498875373,1.3003529819157411,0.6149062320282039
TP,central_india,Week 6,2026-03-12,MME,0.42743688860538337,0.5940646995523848,0.22718159145602915,0.5147845200231876,0.2876029285671585
TP,south_peninsula,Week 6,2026-03-12,MME,0.8921015006103559,1.119875264827421,0.30169719498722863,0.7920624944575024,0.4903652994702737
TP,east_northeast_india,Week 6,2026-03-12,MME,0.1310213008863191,6.005350092326515,-1.0758728316386554,5.092577630939251,6.168450462577906
TP,All India,Week 1,2026-03-19,Persistence,0.1349041631202477,4.733904836173043,0.39682251729008056,2.4098077402695206,2.0129852229794394
TP,northwest_india,Week 1,2026-03-19,Persistence,-0.09342997591538087,2.426906117224639,-0.5197014081151953,1.663092422316414,2.1827938304316095
TP,central_india,Week 1,2026-03-19,Persistence,0.08870533884235786,0.5795124284412463,-0.26232737807633955,0.27298520058400916,0.5353125786603488
TP,south_peninsula,Week 1,2026-03-19,Persistence,0.8929456754562463,0.6792852273042695,0.37240033553136154,0.7593517249154509,0.38695138938408946
TP,east_northeast_india,Week 1,2026-03-19,Persistence,-0.350851324542133,11.672482677423254,3.9352844828122553,10.977530863893064,7.042246381080807
TP,All India,Week 1,2026-03-19,SPIRE,0.5226816567121886,1.9190722507006717,-0.522487195881157,1.4904980270982822,2.0129852229794394
TP,northwest_india,Week 1,2026-03-19,SPIRE,0.8349578262829817,1.1130882957769659,0.20004950685789355,2.382843337289503,2.1827938304316095
TP,central_india,Week 1,2026-03-19,SPIRE,0.20803523864399368,0.5033417425798667,-0.1381383018726931,0.39717427678765566,0.5353125786603488
TP,south_peninsula,Week 1,2026-03-19,SPIRE,0.939350551269683,0.5355420447017641,0.16160305769127717,0.5485544470753665,0.38695138938408946
TP,east_northeast_india,Week 1,2026-03-19,SPIRE,0.5830268918566386,4.591678069467727,-3.830180950256085,3.212065430824723,7.042246381080807
TP,All India,Week 1,2026-03-19,FuXi,0.3424412121640535,2.3157320700430994,-0.5136920510406408,1.4992931719387985,2.0129852229794394
TP,northwest_india,Week 1,2026-03-19,FuXi,0.4434759802135836,1.8198528200582316,0.17277451693146592,2.3555683473630755,2.1827938304316095
TP,central_india,Week 1,2026-03-19,FuXi,0.43207503961011523,0.45979601045134694,-0.030340346754216627,0.504972231906132,0.5353125786603488
TP,south_peninsula,Week 1,2026-03-19,FuXi,0.9796045744587802,0.3988880791809275,-0.15865663920240267,0.22829475018168677,0.38695138938408946
TP,east_northeast_india,Week 1,2026-03-19,FuXi,0.3451561369558273,5.299835699002563,-3.559365873153162,3.4828805079276455,7.042246381080807
TP,All India,Week 1,2026-03-19,ECMWF,0.5239534503985851,1.9903702398640881,-0.41934976533357193,1.5936354576458671,2.0129852229794394
TP,northwest_india,Week 1,2026-03-19,ECMWF,0.6743474523364643,1.468921783560725,0.03856357414904951,2.221357404580659,2.1827938304316095
TP,central_india,Week 1,2026-03-19,ECMWF,0.42883187905836484,0.45906440581568436,-0.14370500884069556,0.39160756981965317,0.5353125786603488
TP,south_peninsula,Week 1,2026-03-19,ECMWF,0.9864970867602167,0.32138254460143184,0.14692238021815737,0.5338737696022468,0.38695138938408946
TP,east_northeast_india,Week 1,2026-03-19,ECMWF,0.4947991834717888,4.612362749904045,-2.7540523714677,4.2881940096131075,7.042246381080807
TP,All India,Week 1,2026-03-19,NCEP,0.310222989681254,2.482326995951608,-0.8450511747837427,1.1679340481956968,2.0129852229794394
TP,northwest_india,Week 1,2026-03-19,NCEP,0.28681260366929356,2.0248144955064675,-0.5070396912016717,1.6757541392299378,2.1827938304316095
TP,central_india,Week 1,2026-03-19,NCEP,0.20018675817072815,0.5746507822621332,-0.2578395982909279,0.2774729803694208,0.5353125786603488
TP,south_peninsula,Week 1,2026-03-19,NCEP,0.93708358446543,0.6071983258137097,0.3351692173642504,0.7221206067483399,0.38695138938408946
TP,east_northeast_india,Week 1,2026-03-19,NCEP,0.599585608494486,5.585813042799947,-4.393846712059799,2.6483996690210088,7.042246381080807
TP,All India,Week 1,2026-03-19,MME,0.4583134531195984,2.052549157172935,-0.575145046759778,1.4378401762196609,2.0129852229794394
TP,northwest_india,Week 1,2026-03-19,MME,0.7266435894923072,1.4090673826009055,-0.023913023315815747,2.1588808071157937,2.1827938304316095
TP,central_india,Week 1,2026-03-19,MME,0.37243602029889944,0.4686542593964057,-0.14250581393963332,0.3928067647207155,0.5353125786603488
TP,south_peninsula,Week 1,2026-03-19,MME,0.9825145894340922,0.32541300387408445,0.12125950401782051,0.50821089340191,0.38695138938408946
TP,east_northeast_india,Week 1,2026-03-19,MME,0.5282885300649192,4.828485385876943,-3.634361476734186,3.407884904346621,7.042246381080807
TP,All India,Week 2,2026-03-19,Persistence,0.24487337000232973,4.291841201867303,1.0557632333981968,2.4098077402695206,1.3540445068713234
TP,northwest_india,Week 2,2026-03-19,Persistence,-0.15957849221461415,1.5963324283230917,0.7003624439004819,1.663092422316414,0.9627299784159322
TP,central_india,Week 2,2026-03-19,Persistence,0.10447598029204554,0.4544382968270879,-0.057179950004432004,0.27298520058400916,0.33016515058844115
TP,south_peninsula,Week 2,2026-03-19,Persistence,0.4499703613705485,1.3302015654572703,0.11001864200983609,0.7593517249154509,0.6493330829056149
TP,east_northeast_india,Week 2,2026-03-19,Persistence,0.08719323443219401,10.743643484634378,5.552137509739037,10.977530863893064,5.425393354154026
TP,All India,Week 2,2026-03-19,SPIRE,0.37380719536860196,1.6132423118391563,0.2975926391146913,1.6516371459860144,1.3540445068713234
TP,northwest_india,Week 2,2026-03-19,SPIRE,0.6552470046382484,0.9462762663651356,0.6573032592145949,1.6200332376305269,0.9627299784159322
TP,central_india,Week 2,2026-03-19,SPIRE,0.5040674167813544,0.3970132788421061,0.19799668251214045,0.5281618331005815,0.33016515058844115
TP,south_peninsula,Week 2,2026-03-19,SPIRE,0.5028900124401041,1.4315473159108705,0.02571384340495509,0.67504692631057,0.6493330829056149
TP,east_northeast_india,Week 2,2026-03-19,SPIRE,0.20929014122735953,3.5505761460141776,0.07785439835193067,5.503247752505957,5.425393354154026
TP,All India,Week 2,2026-03-19,FuXi,0.040411943060146435,3.0474173130331765,0.522247079110615,1.8762915859819382,1.3540445068713234
TP,northwest_india,Week 2,2026-03-19,FuXi,0.2293623663656527,3.448066356062067,2.665143281603526,3.627873260019458,0.9627299784159322
TP,central_india,Week 2,2026-03-19,FuXi,0.2519060821686957,0.9973074897705518,0.5596023777465404,0.8897675283349815,0.33016515058844115
TP,south_peninsula,Week 2,2026-03-19,FuXi,0.38940006369877844,1.828303632367398,-0.5489340527994514,0.1003990301061635,0.6493330829056149
TP,east_northeast_india,Week 2,2026-03-19,FuXi,0.0912276968116594,5.472506875929801,-2.910511159270629,2.514882194883397,5.425393354154026
TP,All India,Week 2,2026-03-19,ECMWF,0.03654007484978375,2.4237836228802907,-0.10259404691920966,1.2514504599521135,1.3540445068713234
TP,northwest_india,Week 2,2026-03-19,ECMWF,0.3734616232736569,0.9947192317322504,0.6059918860864282,1.56872186450236,0.9627299784159322
TP,central_india,Week 2,2026-03-19,ECMWF,0.10198705481182496,0.47008079370331723,0.1360560070769687,0.4662211576654099,0.33016515058844115
TP,south_peninsula,Week 2,2026-03-19,ECMWF,0.4598644197502477,1.5489411203937593,0.1201858031683917,0.7695188860740065,0.6493330829056149
TP,east_northeast_india,Week 2,2026-03-19,ECMWF,0.03854530429435067,5.812865672598026,-2.4728193932544524,2.9525739608995742,5.425393354154026
TP,All India,Week 2,2026-03-19,NCEP,0.021014416914745947,2.446048097582618,-0.08692030714432453,1.2671241997269986,1.3540445068713234
TP,northwest_india,Week 2,2026-03-19,NCEP,0.02976974263225854,1.554647155932131,1.0707466443630045,2.0334766227789367,0.9627299784159322
TP,central_india,Week 2,2026-03-19,NCEP,0.6675115447087523,0.39501825260984497,-0.11944024591086376,0.21072490467757737,0.33016515058844115
TP,south_peninsula,Week 2,2026-03-19,NCEP,0.41941281556191745,1.5258504461655726,-0.18781162883871508,0.4615214540668998,0.6493330829056149
TP,east_northeast_india,Week 2,2026-03-19,NCEP,0.028834117932789494,5.624616370018913,-2.4155568517506003,3.009836502403426,5.425393354154026
TP,All India,Week 2,2026-03-19,MME,0.10553134311787583,2.1922453559525708,0.15758134104044305,1.5116258479117664,1.3540445068713234
TP,northwest_india,Week 2,2026-03-19,MME,0.3363012548893474,1.6214488659586037,1.249796267816888,2.212526246232821,0.9627299784159322
TP,central_india,Week 2,2026-03-19,MME,0.43275793876378826,0.4678249823463615,0.19355370535619648,0.5237188559446377,0.33016515058844115
TP,south_peninsula,Week 2,2026-03-19,MME,0.44528486156819796,1.5511659560038031,-0.1477115087662049,0.50162157413941,0.6493330829056149
TP,east_northeast_india,Week 2,2026-03-19,MME,0.08739664824941856,4.79885249686372,-1.9302582514809377,3.4951351026730886,5.425393354154026
TP,All India,Week 3,2026-03-19,Persistence,0.3449067835831279,3.863358159609795,0.09627739836206353,2.4098077402695206,2.3135303419074567
TP,northwest_india,Week 3,2026-03-19,Persistence,0.26695303913128604,2.3414204332925035,-1.0116837986476446,1.663092422316414,2.674776220964059
TP,central_india,Week 3,2026-03-19,Persistence,-0.043715491848850825,1.308986491580486,-0.765565622925449,0.27298520058400916,1.038550823509458
TP,south_peninsula,Week 3,2026-03-19,Persistence,0.8775127006639912,0.7663402610249029,0.12231015096309501,0.7593517249154509,0.637041573952356
TP,east_northeast_india,Week 3,2026-03-19,Persistence,0.3683782963793363,9.142489758200595,4.453263441148362,10.977530863893064,6.524267422744701
TP,All India,Week 3,2026-03-19,SPIRE,0.18417560658044507,2.258159747046899,-0.30770690670067624,2.00582343520678,2.3135303419074567
TP,northwest_india,Week 3,2026-03-19,SPIRE,0.46168809671413547,2.0276461959856236,-0.8157958038467332,1.8589804171173259,2.674776220964059
TP,central_india,Week 3,2026-03-19,SPIRE,0.22108313845008665,0.9997737082208592,-0.10927895409706956,0.9292718694123888,1.038550823509458
TP,south_peninsula,Week 3,2026-03-19,SPIRE,0.8716232433528786,1.014351210093363,0.41807623708187286,1.0551178110342285,0.637041573952356
TP,east_northeast_india,Week 3,2026-03-19,SPIRE,-0.4474122071618026,4.657336152272537,-0.5545746811826382,5.9696927415620635,6.524267422744701
TP,All India,Week 3,2026-03-19,FuXi,0.32308634340569364,2.4966443476204017,-0.4511089525851266,1.8624213893223298,2.3135303419074567
TP,northwest_india,Week 3,2026-03-19,FuXi,0.6082604307717615,1.6839456854172774,-0.2914839167468094,2.383292304217249,2.674776220964059
TP,central_india,Week 3,2026-03-19,FuXi,0.44900275762688974,1.0081273222519165,-0.025134819421115753,1.0134160040883424,1.038550823509458
TP,south_peninsula,Week 3,2026-03-19,FuXi,0.8617057308854512,1.1199696987973495,-0.32018664880139663,0.31685492515095925,0.637041573952356
TP,east_northeast_india,Week 3,2026-03-19,FuXi,-0.1427640745888914,5.636590194407531,-1.9360883320454008,4.588179090699301,6.524267422744701
TP,All India,Week 3,2026-03-19,ECMWF,-0.06852619837319296,3.0834322192210393,-1.0052617517619102,1.3082685901455462,2.3135303419074567
TP,northwest_india,Week 3,2026-03-19,ECMWF,-0.13341548221863297,2.597559628579732,-1.3588646610856392,1.31591155987842,2.674776220964059
TP,central_india,Week 3,2026-03-19,ECMWF,-0.15685416566543145,1.2668631975584606,-0.5700340455258727,0.46851677798358554,1.038550823509458
TP,south_peninsula,Week 3,2026-03-19,ECMWF,0.9015936505628946,0.942207117356432,0.12433122531613743,0.7613727992684935,0.637041573952356
TP,east_northeast_india,Week 3,2026-03-19,ECMWF,-0.40955859438212583,6.657435274741341,-2.6331718744405532,3.891095548304148,6.524267422744701
TP,All India,Week 3,2026-03-19,NCEP,-0.2387335473375328,4.005609637274574,-0.2214600710868479,2.0920702708206087,2.3135303419074567
TP,northwest_india,Week 3,2026-03-19,NCEP,-0.032508063088912395,2.385138893775664,-0.28242822035290166,2.3923480006111566,2.674776220964059
TP,central_india,Week 3,2026-03-19,NCEP,-0.08723836181358749,1.3418121153871334,-0.6766250776293667,0.36192574588009147,1.038550823509458
TP,south_peninsula,Week 3,2026-03-19,NCEP,0.894936027099793,0.8999484398105752,0.41939984151302745,1.0564414154653836,0.637041573952356
TP,east_northeast_india,Week 3,2026-03-19,NCEP,-0.7977435651089099,9.495948021787907,0.15434166347995285,6.678609086224654,6.524267422744701
TP,All India,Week 3,2026-03-19,MME,0.01659476205333901,2.7422256081471814,-0.4963844205336403,1.8171459213738161,2.3135303419074567
TP,northwest_india,Week 3,2026-03-19,MME,0.4022934802164814,2.0348061513259976,-0.6871431505080207,1.9876330704560379,2.674776220964059
TP,central_india,Week 3,2026-03-19,MME,0.22044769728417532,1.0583359257360718,-0.3452682241683561,0.6932825993411021,1.038550823509458
TP,south_peninsula,Week 3,2026-03-19,MME,0.8914489560928086,0.9056533747925946,0.16040516377741024,0.7974467377297663,0.637041573952356
TP,east_northeast_india,Week 3,2026-03-19,MME,-0.5872536241412477,6.153220137054631,-1.2423733060471602,5.281894116697542,6.524267422744701
TP,All India,Week 4,2026-03-19,Persistence,-0.3898568463101681,4.9407956069623475,1.6211712843490356,2.4098077402695206,0.7886364559204848
TP,northwest_india,Week 4,2026-03-19,Persistence,-0.8757430345435138,2.5509764744303065,1.4090447383491191,1.663092422316414,0.2540476839672947
TP,central_india,Week 4,2026-03-19,Persistence,0.37907856059484885,0.6814440855318326,0.16303334795657606,0.27298520058400916,0.10995185262743312
TP,south_peninsula,Week 4,2026-03-19,Persistence,0.9392437433911639,0.7645491771397185,0.4089987352617922,0.7593517249154509,0.3503529896536588
TP,east_northeast_india,Week 4,2026-03-19,Persistence,-0.5505773012288645,12.160968876141434,6.924981926227593,10.977530863893064,4.0525489376654695
TP,All India,Week 4,2026-03-19,SPIRE,0.5276929636194371,1.854321313510004,0.9956681415341304,1.7843045974546154,0.7886364559204848
TP,northwest_india,Week 4,2026-03-19,SPIRE,-0.08120672153064534,1.9831601362837785,1.543205587130065,1.7972532710973594,0.2540476839672947
TP,central_india,Week 4,2026-03-19,SPIRE,0.545835977255903,0.9211734386068108,0.7016006445352895,0.8115524971627227,0.10995185262743312
TP,south_peninsula,Week 4,2026-03-19,SPIRE,0.9794404650059196,0.9272344861793497,0.5748038738367925,0.9251568634904513,0.3503529896536588
TP,east_northeast_india,Week 4,2026-03-19,SPIRE,0.43449766704504966,3.3891079476397032,0.9954862162111648,5.048035153876635,4.0525489376654695
TP,All India,Week 4,2026-03-19,FuXi,0.5304186693321574,1.7838019694925074,-0.1676890120848393,0.6209474438356455,0.7886364559204848
TP,northwest_india,Week 4,2026-03-19,FuXi,0.9246748678772322,0.3642843894031919,-0.0021248969025599836,0.25192278706473475,0.2540476839672947
TP,central_india,Week 4,2026-03-19,FuXi,0.8259626946726286,0.41728046701673127,0.018127124776098593,0.12807897740353172,0.10995185262743312
TP,south_peninsula,Week 4,2026-03-19,FuXi,0.9860367262684375,0.738888078850816,-0.06425792485148138,0.28609506480217745,0.3503529896536588
TP,east_northeast_india,Week 4,2026-03-19,FuXi,0.24415107747090548,4.471631443198507,-1.0826314373927086,2.969917500272761,4.0525489376654695
TP,All India,Week 4,2026-03-19,ECMWF,0.3808579944551914,2.1626416092470526,0.641156049573251,1.4297925054937353,0.7886364559204848
TP,northwest_india,Week 4,2026-03-19,ECMWF,-0.3256749831339635,1.7625432603776576,1.2108559003217059,1.4649035842890006,0.2540476839672947
TP,central_india,Week 4,2026-03-19,ECMWF,0.7274109767966886,0.5362271311746768,0.20929511567214124,0.3192469682995744,0.10995185262743312
TP,south_peninsula,Week 4,2026-03-19,ECMWF,0.9701674117823355,0.8519855087962174,0.34901381162493766,0.6993668012785965,0.3503529896536588
TP,east_northeast_india,Week 4,2026-03-19,ECMWF,0.2651872297829949,4.80151513335284,0.7472667762134895,4.799815713878959,4.0525489376654695
TP,All India,Week 4,2026-03-19,NCEP,0.3927744341278718,3.1255294581492836,1.2884897673960554,2.0771262233165406,0.7886364559204848
TP,northwest_india,Week 4,2026-03-19,NCEP,-0.6412474514733701,3.2219571157070046,2.5210568799777544,2.7751045639450496,0.2540476839672947
TP,central_india,Week 4,2026-03-19,NCEP,0.6403303472574021,0.599828846799022,0.21464381158232715,0.3245956642097603,0.10995185262743312
TP,south_peninsula,Week 4,2026-03-19,NCEP,0.9620664164469828,0.7527800882368628,0.2724434916399238,0.6227964812935824,0.3503529896536588
TP,east_northeast_india,Week 4,2026-03-19,NCEP,0.49611924671192026,6.433094713239358,2.3146708767371313,6.367219814402601,4.0525489376654695
TP,All India,Week 4,2026-03-19,MME,0.5093616355671805,1.8869648286254384,0.6894062366046495,1.4780426925251342,0.7886364559204848
TP,northwest_india,Week 4,2026-03-19,MME,-0.11186926679104382,1.7101030557292471,1.3182483676317414,1.572296051599036,0.2540476839672947
TP,central_india,Week 4,2026-03-19,MME,0.7299331798717534,0.5642803487245285,0.2859166741414641,0.3958685267688972,0.10995185262743312
TP,south_peninsula,Week 4,2026-03-19,MME,0.977335329150004,0.7714476805803655,0.28300081306254316,0.6333538027162019,0.3503529896536588
TP,east_northeast_india,Week 4,2026-03-19,MME,0.42105891213039903,4.0061705453657686,0.743698107942269,4.79624704560774,4.0525489376654695
TP,All India,Week 5,2026-03-19,Persistence,0.34808505197642353,3.7610359437727086,1.1021932537893204,2.4098077402695206,1.3076144864801997
TP,northwest_india,Week 5,2026-03-19,Persistence,-0.1833302664112841,2.1084035676226245,1.0481861902882104,1.663092422316414,0.6149062320282039
TP,central_india,Week 5,2026-03-19,Persistence,0.3384056954444765,0.5300017652442177,-0.014617727983149288,0.27298520058400916,0.2876029285671585
TP,south_peninsula,Week 5,2026-03-19,Persistence,0.883703238291304,0.9826814919700195,0.26898642544517726,0.7593517249154509,0.4903652994702737
TP,east_northeast_india,Week 5,2026-03-19,Persistence,0.31347799569753027,9.133175148662245,4.809080401315157,10.977530863893064,6.168450462577906
TP,All India,Week 5,2026-03-19,SPIRE,0.09701930946429674,2.6616205336904026,0.135650091371525,1.4432645778517248,1.3076144864801997
TP,northwest_india,Week 5,2026-03-19,SPIRE,-0.19669882335446354,1.354475738409295,0.6321789295562635,1.2470851615844674,0.6149062320282039
TP,central_india,Week 5,2026-03-19,SPIRE,0.23904130152928044,0.7034571712786337,0.381436386475422,0.6690393150425805,0.2876029285671585
TP,south_peninsula,Week 5,2026-03-19,SPIRE,0.917955470043223,1.1106272990529005,0.32992022079639616,0.82028552026667,0.4903652994702737
TP,east_northeast_india,Week 5,2026-03-19,SPIRE,-0.03596449986512286,6.3944094482272,-1.75224437269497,4.4162060898829365,6.168450462577906
TP,All India,Week 5,2026-03-19,FuXi,0.24555629412936122,2.654423050011366,-0.4240305231694789,0.8835839633107203,1.3076144864801997
TP,northwest_india,Week 5,2026-03-19,FuXi,0.35326436593894983,0.9142868349406239,0.029454512074121145,0.644360744102325,0.6149062320282039
TP,central_india,Week 5,2026-03-19,FuXi,0.477589779886903,0.5482492027759438,-0.0493942688567137,0.23820865971044475,0.2876029285671585
TP,south_peninsula,Week 5,2026-03-19,FuXi,0.8997080901535316,1.0368100862054994,0.21695777378424716,0.7073230732545208,0.4903652994702737
TP,east_northeast_india,Week 5,2026-03-19,FuXi,0.21091825739526274,6.5919692544733275,-3.0682487953963724,3.100201667181534,6.168450462577906
TP,All India,Week 5,2026-03-19,ECMWF,0.32359459893609827,2.4726408346734616,-0.20785564967990697,1.0997588368002924,1.3076144864801997
TP,northwest_india,Week 5,2026-03-19,ECMWF,0.4516155155175652,0.8757002086407091,0.1871819842437148,0.8020882162719184,0.6149062320282039
TP,central_india,Week 5,2026-03-19,ECMWF,0.5009856250201553,0.5257187870015412,-0.11842116327964869,0.16918176528750975,0.2876029285671585
TP,south_peninsula,Week 5,2026-03-19,ECMWF,0.8729202458901055,1.17900295189039,0.1715066665218688,0.6618719659921424,0.4903652994702737
TP,east_northeast_india,Week 5,2026-03-19,ECMWF,0.2551835479803265,6.083659827171117,-1.7471196067485477,4.421330855829359,6.168450462577906
TP,All India,Week 5,2026-03-19,NCEP,0.1027690651100953,3.3538182546824995,0.5693164361796532,1.8769309226598523,1.3076144864801997
TP,northwest_india,Week 5,2026-03-19,NCEP,-0.04475478329400954,1.9399549647485774,1.3375754606233528,1.952481692651557,0.6149062320282039
TP,central_india,Week 5,2026-03-19,NCEP,0.4953851163726711,0.6201605892259087,0.056076125241405,0.34367905380856345,0.2876029285671585
TP,south_peninsula,Week 5,2026-03-19,NCEP,0.8930311959723933,1.0715038738323974,0.06113449303593172,0.5514997925062055,0.4903652994702737
TP,east_northeast_india,Week 5,2026-03-19,NCEP,-0.04058696952917445,8.061562742873877,0.6965513639925015,6.865001826570407,6.168450462577906
TP,All India,Week 5,2026-03-19,MME,0.20903153803350286,2.580567687813887,0.018270088675448125,1.3258845751556474,1.3076144864801997
TP,northwest_india,Week 5,2026-03-19,MME,0.15086240857975494,1.1338508377346883,0.546597721624363,1.161503953652567,0.6149062320282039
TP,central_india,Week 5,2026-03-19,MME,0.45562453000221265,0.5453544970792003,0.06742426989511614,0.35502719846227465,0.2876029285671585
TP,south_peninsula,Week 5,2026-03-19,MME,0.8990427263817438,1.0817568144575982,0.1948797885346109,0.6852450880048846,0.4903652994702737
TP,east_northeast_india,Week 5,2026-03-19,MME,0.10157403893378833,6.3059394215494065,-1.4677653527118477,4.7006851098660585,6.168450462577906
TP,All India,Week 6,2026-03-19,Persistence,-0.14623448011586307,5.25002622669786,0.7590687199768309,2.4098077402695206,1.6507390202926888
TP,northwest_india,Week 6,2026-03-19,Persistence,-0.4709164372004608,2.120090191246626,0.9073602590513802,1.663092422316414,0.7557321632650338
TP,central_india,Week 6,2026-03-19,Persistence,0.8419865286824116,0.3103169052747715,0.04918350379314831,0.27298520058400916,0.2238016967908609
TP,south_peninsula,Week 6,2026-03-19,Persistence,-0.042010010287200764,2.1426607503734254,-0.08304759079594096,0.7593517249154509,0.8423993157113919
TP,east_northeast_india,Week 6,2026-03-19,Persistence,-0.3254676370233282,13.01144003422933,3.1053065312477592,10.977530863893064,7.8722243326453025
TP,All India,Week 6,2026-03-19,SPIRE,0.27708546711258886,3.2543136634831282,-0.05333223177466533,1.5974067885180232,1.6507390202926888
TP,northwest_india,Week 6,2026-03-19,SPIRE,0.025918773394947213,0.9905704855609463,0.48124988148039344,1.2369820447454274,0.7557321632650338
TP,central_india,Week 6,2026-03-19,SPIRE,0.8698742708158496,0.6444216033773861,0.580594487087908,0.8043961838787691,0.2238016967908609
TP,south_peninsula,Week 6,2026-03-19,SPIRE,-0.066266620780027,2.320425181658644,0.3589823691454146,1.2013816848568064,0.8423993157113919
TP,east_northeast_india,Week 6,2026-03-19,SPIRE,0.41710409783834745,7.8300239492995845,-3.182635799166771,4.689588533478534,7.8722243326453025
TP,All India,Week 6,2026-03-19,FuXi,0.21147660196383872,3.4594929455817023,-0.6514669101932901,0.9992721100993985,1.6507390202926888
TP,northwest_india,Week 6,2026-03-19,FuXi,0.37671324595827077,0.8538927076745861,-0.33119577085350316,0.42453639241153085,0.7557321632650338
TP,central_india,Week 6,2026-03-19,FuXi,0.8673292746329541,0.3122778107296523,-0.0017914876184951538,0.22201020917236575,0.2238016967908609
TP,south_peninsula,Week 6,2026-03-19,FuXi,-0.030147436365934047,2.152149690320033,-0.06367882152825745,0.7787204941831345,0.8423993157113919
TP,east_northeast_india,Week 6,2026-03-19,FuXi,0.29576286850799266,8.530587355609581,-3.567033780170999,4.305190552474306,7.8722243326453025
TP,All India,Week 6,2026-03-19,ECMWF,0.34479853286096324,3.2408860959609487,-0.5007592575632918,1.149979762729397,1.6507390202926888
TP,northwest_india,Week 6,2026-03-19,ECMWF,0.1991409186680814,0.7885145356524083,-0.060085272245096265,0.6956468910199377,0.7557321632650338
TP,central_india,Week 6,2026-03-19,ECMWF,0.8925319805022754,0.2686370375760529,-0.05057073110195262,0.17323096568890825,0.2238016967908609
TP,south_peninsula,Week 6,2026-03-19,ECMWF,-0.12657520970886682,2.3491857012107746,0.01834283661610456,0.8607421523274965,0.8423993157113919
TP,east_northeast_india,Week 6,2026-03-19,ECMWF,0.43680274233959393,7.881993906757926,-3.137970442224887,4.734253890420416,7.8722243326453025
TP,All India,Week 6,2026-03-19,NCEP,0.48933683144633366,3.2734444870237227,0.962972929889877,2.613711950182566,1.6507390202926888
TP,northwest_india,Week 6,2026-03-19,NCEP,-0.3346928137125709,2.437228094369265,1.8778106676653898,2.6335428309304234,0.7557321632650338
TP,central_india,Week 6,2026-03-19,NCEP,0.8744660612379186,0.7634858587371087,0.6998441500936979,0.9236458468845589,0.2238016967908609
TP,south_peninsula,Week 6,2026-03-19,NCEP,-0.22954991185434262,2.5243876312969347,1.013488975203049,1.855888290914441,0.8423993157113919
TP,east_northeast_india,Week 6,2026-03-19,NCEP,0.5541372938492461,7.050118596212892,-0.4967258342478939,7.375498498397411,7.8722243326453025
TP,All India,Week 6,2026-03-19,MME,0.38379377416235144,3.0648469108396155,-0.060646367410342544,1.5900926528823462,1.6507390202926888
TP,northwest_india,Week 6,2026-03-19,MME,0.0020225022758713247,0.9556622541473949,0.4919448765117959,1.24767703977683,0.7557321632650338
TP,central_india,Week 6,2026-03-19,MME,0.9055548056044032,0.39315809429471493,0.30701910461528953,0.5308208014061504,0.2238016967908609
TP,south_peninsula,Week 6,2026-03-19,MME,-0.11357373886641582,2.2865869810716575,0.3317838398590778,1.1741831555704696,0.8423993157113919
TP,east_northeast_india,Week 6,2026-03-19,MME,0.4853883245226728,7.362697132962546,-2.5960914639526376,5.276132868692666,7.8722243326453025
TP,All India,Week 1,2026-03-26,Persistence,0.22147445750835193,2.2347751830323936,0.658940716108116,2.0129852229794394,1.3540445068713234
TP,northwest_india,Week 1,2026-03-26,Persistence,-0.23747566567166084,2.5987051789726854,1.2200638520156775,2.1827938304316095,0.9627299784159322
TP,central_india,Week 1,2026-03-26,Persistence,0.11450741728069394,0.6210154317563602,0.2051474280719076,0.5353125786603488,0.33016515058844115
TP,south_peninsula,Week 1,2026-03-26,Persistence,0.40465170558971403,1.577213435234058,-0.26238169352152535,0.38695138938408946,0.6493330829056149
TP,east_northeast_india,Week 1,2026-03-26,Persistence,0.1400434764612295,3.8474322685488422,1.6168530269267813,7.042246381080807,5.425393354154026
TP,All India,Week 1,2026-03-26,SPIRE,0.35108335745147917,1.4914975254431182,0.16421039952840746,1.5182549063997306,1.3540445068713234
TP,northwest_india,Week 1,2026-03-26,SPIRE,0.5846383832351328,1.111899564125587,0.7446903532074671,1.7074203316233991,0.9627299784159322
TP,central_india,Week 1,2026-03-26,SPIRE,0.5810965378112807,0.42490184844397055,0.2235007065661259,0.5536658571545671,0.33016515058844115
TP,south_peninsula,Week 1,2026-03-26,SPIRE,0.5530909660984221,1.3682889719163898,0.02861818563596376,0.6779512685415786,0.6493330829056149
TP,east_northeast_india,Week 1,2026-03-26,SPIRE,0.2770359628227502,3.0809737324118056,-1.0703921045457978,4.355001249608229,5.425393354154026
TP,All India,Week 1,2026-03-26,FuXi,0.24958721063343703,2.1989118311705855,0.5049855222587858,1.8590300291301087,1.3540445068713234
TP,northwest_india,Week 1,2026-03-26,FuXi,0.31395719901563784,2.0146667914228207,1.5069630630230597,2.469693041438992,0.9627299784159322
TP,central_india,Week 1,2026-03-26,FuXi,0.05070236577979411,1.0611680820138412,0.5023561940501086,0.8325213446385495,0.33016515058844115
TP,south_peninsula,Week 1,2026-03-26,FuXi,0.426149719934342,1.6660272576355293,-0.4382567809407353,0.21107630196487964,0.6493330829056149
TP,east_northeast_india,Week 1,2026-03-26,FuXi,0.2153583996244366,4.191622430159594,-0.5036901970895288,4.921703157064497,5.425393354154026
TP,All India,Week 1,2026-03-26,ECMWF,0.19246044032191936,2.0342593409059444,-0.2958901693494971,1.058154337521826,1.3540445068713234
TP,northwest_india,Week 1,2026-03-26,ECMWF,0.5250920011800366,0.677945078548137,0.1381324416004478,1.1008624200163801,0.9627299784159322
TP,central_india,Week 1,2026-03-26,ECMWF,0.7090800066767377,0.36570772675986746,-0.18944756297123014,0.14071758761721104,0.33016515058844115
TP,south_peninsula,Week 1,2026-03-26,ECMWF,0.500900980594856,1.5189692642878296,-0.2806474062262363,0.36868567667937857,0.6493330829056149
TP,east_northeast_india,Week 1,2026-03-26,ECMWF,0.09669848934426112,4.858191707181252,-1.5060593804404023,3.9193339737136226,5.425393354154026
TP,All India,Week 1,2026-03-26,NCEP,0.03911761576075322,2.582437798593049,-0.24634170560290986,1.1077028012684134,1.3540445068713234
TP,northwest_india,Week 1,2026-03-26,NCEP,0.04259834271184307,1.2607414026946686,0.6147686723376699,1.5774986507536022,0.9627299784159322
TP,central_india,Week 1,2026-03-26,NCEP,0.7027930829879206,0.3877512825476215,-0.16841276675930208,0.16175238382913912,0.33016515058844115
TP,south_peninsula,Week 1,2026-03-26,NCEP,0.36503858109670756,1.648994577342031,-0.3966781930713284,0.25265488983428647,0.6493330829056149
TP,east_northeast_india,Week 1,2026-03-26,NCEP,0.020436754821261373,6.129808090438514,-2.1181228434724795,3.3072705106815468,5.425393354154026
TP,All India,Week 1,2026-03-26,MME,0.21305612845288946,1.8707661835410019,0.031741011708696615,1.38578551858002,1.3540445068713234
TP,northwest_india,Week 1,2026-03-26,MME,0.505045202167645,1.0201817086639124,0.7511386325421612,1.7138686109580936,0.9627299784159322
TP,central_india,Week 1,2026-03-26,MME,0.5051466007596901,0.43368420552275355,0.09199914272142558,0.4221642933098667,0.33016515058844115
TP,south_peninsula,Week 1,2026-03-26,MME,0.46504822434693727,1.5305491808804088,-0.27174104865058407,0.37759203425503085,0.6493330829056149
TP,east_northeast_india,Week 1,2026-03-26,MME,0.14216772183207127,4.228268561851017,-1.2995661313870521,4.125827222766974,5.425393354154026
TP,All India,Week 2,2026-03-26,Persistence,0.3310611562928159,2.416321991366452,-0.300545118928017,2.0129852229794394,2.3135303419074567
TP,northwest_india,Week 2,2026-03-26,Persistence,0.5434364732509342,2.042890412067944,-0.49198239053244913,2.1827938304316095,2.674776220964059
TP,central_india,Week 2,2026-03-26,Persistence,0.19722242650302577,1.146997755394725,-0.5032382448491095,0.5353125786603488,1.038550823509458
TP,south_peninsula,Week 2,2026-03-26,Persistence,0.8742005629563652,0.9839148755943071,-0.25009018456826654,0.38695138938408946,0.637041573952356
TP,east_northeast_india,Week 2,2026-03-26,Persistence,-0.3912177198079165,5.086482330881254,0.5179789583361067,7.042246381080807,6.524267422744701
TP,All India,Week 2,2026-03-26,SPIRE,0.329919321120245,2.197544843332085,0.08885916437901847,2.4023895062864744,2.3135303419074567
TP,northwest_india,Week 2,2026-03-26,SPIRE,0.6005551182825459,1.6860106236377723,0.18403043208016953,2.8588066530442284,2.674776220964059
TP,central_india,Week 2,2026-03-26,SPIRE,-0.0716068804485662,1.4132488305541708,0.5840465707817423,1.6225973942912004,1.038550823509458
TP,south_peninsula,Week 2,2026-03-26,SPIRE,0.8490566252253419,1.2126326278264647,0.7007423050488851,1.3377838790012408,0.637041573952356
TP,east_northeast_india,Week 2,2026-03-26,SPIRE,-0.08846398136195661,4.451868711145189,-2.01201410877823,4.512253313966471,6.524267422744701
TP,All India,Week 2,2026-03-26,FuXi,0.37861655347533235,2.6667125165665206,0.7145652442229684,3.028095586130425,2.3135303419074567
TP,northwest_india,Week 2,2026-03-26,FuXi,0.6278456476798312,2.063827907580183,1.109742458988401,3.7845186799524595,2.674776220964059
TP,central_india,Week 2,2026-03-26,FuXi,0.25639570719351973,1.849020601618211,1.044076398383453,2.082627221892911,1.038550823509458
TP,south_peninsula,Week 2,2026-03-26,FuXi,0.7610055221706434,1.3524831541182118,0.7904227344479567,1.4274643084003127,0.637041573952356
TP,east_northeast_india,Week 2,2026-03-26,FuXi,0.02774052520974968,5.324604804945324,-0.9959358805961527,5.528331542148548,6.524267422744701
TP,All India,Week 2,2026-03-26,ECMWF,0.09090297319447585,2.850943041960454,-0.8898294419703745,1.4237008999370813,2.3135303419074567
TP,northwest_india,Week 2,2026-03-26,ECMWF,0.36896128516969073,2.1708141887826655,-0.9758236321190834,1.6989525888449748,2.674776220964059
TP,central_india,Week 2,2026-03-26,ECMWF,0.0881272641289072,1.179008195096762,-0.548592048776042,0.4899587747334162,1.038550823509458
TP,south_peninsula,Week 2,2026-03-26,ECMWF,0.9112843943961317,0.800259574706899,0.11175703543912649,0.7487986093914825,0.637041573952356
TP,east_northeast_india,Week 2,2026-03-26,ECMWF,-0.23757469432892248,6.3483854120663725,-2.728159058726827,3.796108364017874,6.524267422744701
TP,All India,Week 2,2026-03-26,NCEP,-0.28020455255190807,3.536851277869586,-0.714135445465905,1.5993948964415512,2.3135303419074567
TP,northwest_india,Week 2,2026-03-26,NCEP,-0.41518438218439585,2.7083704920791782,-0.7373207495735568,1.937455471390502,2.674776220964059
TP,central_india,Week 2,2026-03-26,NCEP,-0.1396210727928841,1.3142204186889386,-0.4768282597975025,0.5617225637119556,1.038550823509458
TP,south_peninsula,Week 2,2026-03-26,NCEP,0.9161006324192297,0.7696004017736959,0.22380109513645363,0.8608426690888097,0.637041573952356
TP,east_northeast_india,Week 2,2026-03-26,NCEP,-0.7638587665071639,7.954780234203261,-2.3729453905786304,4.151322032166071,6.524267422744701
TP,All India,Week 2,2026-03-26,MME,0.14609447109435586,2.5259307737249292,-0.20013511970857312,2.1133952221988834,2.3135303419074567
TP,northwest_india,Week 2,2026-03-26,MME,0.5471357225688726,1.7665409062543451,-0.1048428726560174,2.5699333483080413,2.674776220964059
TP,central_india,Week 2,2026-03-26,MME,0.10313834673880172,1.1449692955347515,0.1506756651479127,1.189226488657371,1.038550823509458
TP,south_peninsula,Week 2,2026-03-26,MME,0.8833691532762875,0.9401067698200446,0.4566807925181055,1.0937223664704614,0.637041573952356
TP,east_northeast_india,Week 2,2026-03-26,MME,-0.36043826461938255,5.650135078851034,-2.0272636096699603,4.497003813074742,6.524267422744701
TP,All India,Week 3,2026-03-26,Persistence,0.4654099957689002,2.37347616427327,1.2243487670589543,2.0129852229794394,0.7886364559204848
TP,northwest_india,Week 3,2026-03-26,Persistence,-0.061260517448363444,3.024638343365727,1.9287461464643147,2.1827938304316095,0.2540476839672947
TP,central_india,Week 3,2026-03-26,Persistence,0.362571798199587,0.8392413589198657,0.42536072603291564,0.5353125786603488,0.10995185262743312
TP,south_peninsula,Week 3,2026-03-26,Persistence,0.9858814969271457,0.6992535211713738,0.03659839973043067,0.38695138938408946,0.3503529896536588
TP,east_northeast_india,Week 3,2026-03-26,Persistence,0.6866180808921085,3.9523989981589174,2.989697443415338,7.042246381080807,4.0525489376654695
TP,All India,Week 3,2026-03-26,SPIRE,0.5672889038416155,1.7756417470920478,0.7878610739488938,1.5764975298693786,0.7886364559204848
TP,northwest_india,Week 3,2026-03-26,SPIRE,0.14756480954592519,1.7117675798531666,1.363801022639844,1.6178487066071385,0.2540476839672947
TP,central_india,Week 3,2026-03-26,SPIRE,0.6203283080858822,0.8865918354687813,0.6926797152036795,0.8026315678311126,0.10995185262743312
TP,south_peninsula,Week 3,2026-03-26,SPIRE,0.9811641848360835,0.855122322518707,0.48445316624460893,0.8348061558982676,0.3503529896536588
TP,east_northeast_india,Week 3,2026-03-26,SPIRE,0.4457098341719955,3.4729803692060077,0.12499591192344801,4.177544849588918,4.0525489376654695
TP,All India,Week 3,2026-03-26,FuXi,0.5163808470217383,2.1540030959414276,0.1908087127145913,0.9794451686350761,0.7886364559204848
TP,northwest_india,Week 3,2026-03-26,FuXi,0.6836414097053467,1.1299065985672871,0.903396911788602,1.1574445957558968,0.2540476839672947
TP,central_india,Week 3,2026-03-26,FuXi,0.4654698942274104,0.8797670492061461,0.5395072149927036,0.6494590676201367,0.10995185262743312
TP,south_peninsula,Week 3,2026-03-26,FuXi,0.9862194839254339,0.834941933864159,0.027930677997304903,0.37828366765096366,0.3503529896536588
TP,east_northeast_india,Week 3,2026-03-26,FuXi,0.3216236624325101,5.071985759884147,-1.9597245030538373,2.0928244346116327,4.0525489376654695
TP,All India,Week 3,2026-03-26,ECMWF,0.4474050866118128,2.1454001714024478,0.636704749204367,1.425341205124852,0.7886364559204848
TP,northwest_india,Week 3,2026-03-26,ECMWF,-0.27603391071844047,1.7691359677918574,1.2556531402777271,1.509700824245022,0.2540476839672947
TP,central_india,Week 3,2026-03-26,ECMWF,0.7604220975662099,0.5305094678796229,0.23727186346931947,0.34722371609675257,0.10995185262743312
TP,south_peninsula,Week 3,2026-03-26,ECMWF,0.9664254512303,0.8361103902481913,0.26965623120375937,0.6200092208574182,0.3503529896536588
TP,east_northeast_india,Week 3,2026-03-26,ECMWF,0.36918317682279045,4.7489270624505515,0.6543600995308924,4.706909037196361,4.0525489376654695
TP,All India,Week 3,2026-03-26,NCEP,0.47453665095445496,2.387895674539699,0.788986113388202,1.5776225693086867,0.7886364559204848
TP,northwest_india,Week 3,2026-03-26,NCEP,-0.6351239608750727,2.7208785467361,1.9472622926146559,2.2013099765819506,0.2540476839672947
TP,central_india,Week 3,2026-03-26,NCEP,0.6541459242435278,0.5909203293962586,0.20057827889728636,0.31053013152471953,0.10995185262743312
TP,south_peninsula,Week 3,2026-03-26,NCEP,0.9626387592510903,0.8014307785230073,0.24612936676322378,0.5964823564168825,0.3503529896536588
TP,east_northeast_india,Week 3,2026-03-26,NCEP,0.5321453623997603,4.52934970932395,0.2792905181781313,4.3318394558436015,4.0525489376654695
TP,All India,Week 3,2026-03-26,MME,0.535912674107893,1.9199158676509271,0.6010901623140136,1.3897266182344985,0.7886364559204848
TP,northwest_india,Week 3,2026-03-26,MME,-0.1441813278088583,1.7666036919462225,1.3675283418302073,1.6215760257975023,0.2540476839672947
TP,central_india,Week 3,2026-03-26,MME,0.6826911450062622,0.6634717846844386,0.41750926814074724,0.5274611207681803,0.10995185262743312
TP,south_peninsula,Week 3,2026-03-26,MME,0.9785192323100428,0.7896046924634438,0.25704236055222424,0.607395350205883,0.3503529896536588
TP,east_northeast_india,Week 3,2026-03-26,MME,0.4463883239533246,4.018577589859499,-0.22526949335534127,3.8272794443101286,4.0525489376654695
TP,All India,Week 4,2026-03-26,Persistence,-0.09339077424719788,3.298879197884574,0.7053707364992399,2.0129852229794394,1.3076144864801997
TP,northwest_india,Week 4,2026-03-26,Persistence,-0.6843078784740603,3.2531046455645005,1.5678875984034057,2.1827938304316095,0.6149062320282039
TP,central_india,Week 4,2026-03-26,Persistence,0.11655163025144447,0.764705440561535,0.2477096500931903,0.5353125786603488,0.2876029285671585
TP,south_peninsula,Week 4,2026-03-26,Persistence,0.9243681583446038,1.1069516207808747,-0.10341391008618427,0.38695138938408946,0.4903652994702737
TP,east_northeast_india,Week 4,2026-03-26,Persistence,-0.32110302601052443,6.862017352102084,0.8737959185029013,7.042246381080807,6.168450462577906
TP,All India,Week 4,2026-03-26,SPIRE,0.09040085672903572,2.6298451455573972,0.07305162796060827,1.3806661144408077,1.3076144864801997
TP,northwest_india,Week 4,2026-03-26,SPIRE,-0.10261783896492647,1.2221825436691762,0.4674478288102053,1.0823540608384092,0.6149062320282039
TP,central_india,Week 4,2026-03-26,SPIRE,0.36215974301992726,0.6290279105224283,0.32805377403319746,0.615656702600356,0.2876029285671585
TP,south_peninsula,Week 4,2026-03-26,SPIRE,0.9084238962706614,1.0849096355930314,0.3907242426304668,0.8810895421007405,0.4903652994702737
TP,east_northeast_india,Week 4,2026-03-26,SPIRE,-0.04529131353821479,6.387570341474897,-1.766392942719621,4.402057519858286,6.168450462577906
TP,All India,Week 4,2026-03-26,FuXi,0.19468963199566514,2.9618915554851992,-0.6214382830324766,0.6861762034477229,1.3076144864801997
TP,northwest_india,Week 4,2026-03-26,FuXi,0.3847170345760759,0.9036644959336226,0.005424108470475096,0.620330340498679,0.6149062320282039
TP,central_india,Week 4,2026-03-26,FuXi,0.4968556643299103,0.5573012054032096,-0.034255547922589974,0.2533473806445685,0.2876029285671585
TP,south_peninsula,Week 4,2026-03-26,FuXi,0.9304160602158271,1.1318207349416323,-0.13878463125068136,0.3515806682195924,0.4903652994702737
TP,east_northeast_india,Week 4,2026-03-26,FuXi,0.14479808347760373,7.403406695020891,-3.933006630066887,2.235443832511019,6.168450462577906
TP,All India,Week 4,2026-03-26,ECMWF,0.21727955318864497,2.8294844041256635,-0.4493785882697927,0.8582358982104068,1.3076144864801997
TP,northwest_india,Week 4,2026-03-26,ECMWF,0.41494096949377157,0.8887034558763581,0.09848407520079164,0.7133903072289954,0.6149062320282039
TP,central_india,Week 4,2026-03-26,ECMWF,0.4931449246127258,0.5181952924506833,-0.10298637640083842,0.18461655216632009,0.2876029285671585
TP,south_peninsula,Week 4,2026-03-26,ECMWF,0.8890557538301503,1.1459894406545739,0.10136511743133157,0.5917304169016053,0.4903652994702737
TP,east_northeast_india,Week 4,2026-03-26,ECMWF,0.16496402306714317,7.0552648063413255,-3.1228879692975746,3.045562493280331,6.168450462577906
TP,All India,Week 4,2026-03-26,NCEP,0.10227432524216307,3.249274171710086,0.4241995163468143,1.7318140028270135,1.3076144864801997
TP,northwest_india,Week 4,2026-03-26,NCEP,0.2522115832433437,1.8136327399215233,1.1383254900284463,1.75323172205665,0.6149062320282039
TP,central_india,Week 4,2026-03-26,NCEP,0.5518285020155546,0.5596580966300032,-0.1074339873203536,0.18016894124680485,0.2876029285671585
TP,south_peninsula,Week 4,2026-03-26,NCEP,0.8650018543969965,1.090611868720561,0.09712382774159123,0.587489127211865,0.4903652994702737
TP,east_northeast_india,Week 4,2026-03-26,NCEP,-0.061887235766344396,7.842294326305372,0.48633144598876543,6.654781908566672,6.168450462577906
TP,All India,Week 4,2026-03-26,MME,0.16886664259071607,2.701452880889234,-0.14339143174871172,1.1642230547314876,1.3076144864801997
TP,northwest_india,Week 4,2026-03-26,MME,0.36940279752536925,0.9927121356988075,0.4274203756274796,1.0423266076556836,0.6149062320282039
TP,central_india,Week 4,2026-03-26,MME,0.4942016865399302,0.5212752331718771,0.02084446559735385,0.30844739416451233,0.2876029285671585
TP,south_peninsula,Week 4,2026-03-26,MME,0.9017238928970399,1.0818993099418401,0.11260713913817703,0.6029724386084507,0.4903652994702737
TP,east_northeast_india,Week 4,2026-03-26,MME,0.055084685912102804,6.690705230241671,-2.0839890240238295,4.084461438554078,6.168450462577906
TP,All India,Week 5,2026-03-26,Persistence,0.16364113992440174,3.6708618469608556,0.3622462026867504,2.0129852229794394,1.6507390202926888
TP,northwest_india,Week 5,2026-03-26,Persistence,-0.3624454345944649,2.842417899104267,1.4270616671665757,2.1827938304316095,0.7557321632650338
TP,central_india,Week 5,2026-03-26,Persistence,0.6848736042944636,0.5747077081092399,0.3115108818694879,0.5353125786603488,0.2238016967908609
TP,south_peninsula,Week 5,2026-03-26,Persistence,0.010711606474950109,2.423506856089756,-0.45544792632730247,0.38695138938408946,0.8423993157113919
TP,east_northeast_india,Week 5,2026-03-26,Persistence,0.2006536311964049,8.047267659834215,-0.8299779515644965,7.042246381080807,7.8722243326453025
TP,All India,Week 5,2026-03-26,SPIRE,0.3116173807284309,3.1695293552044954,-0.021114058892417537,1.6296249614002711,1.6507390202926888
TP,northwest_india,Week 5,2026-03-26,SPIRE,0.08495779342906908,0.9676190152717306,0.4495867878443488,1.2053189511093827,0.7557321632650338
TP,central_india,Week 5,2026-03-26,SPIRE,0.847106585417703,0.6452461878207234,0.5706357631813355,0.7944374599721962,0.2238016967908609
TP,south_peninsula,Week 5,2026-03-26,SPIRE,-0.060654002668539785,2.2951692013221234,0.365367895709794,1.207767211421186,0.8423993157113919
TP,east_northeast_india,Week 5,2026-03-26,SPIRE,0.4408448433824638,7.608779033429739,-2.8823655459178994,4.989858786727404,7.8722243326453025
TP,All India,Week 5,2026-03-26,FuXi,0.3794502799199877,3.052518450839466,-0.3509921986844038,1.299746821608285,1.6507390202926888
TP,northwest_india,Week 5,2026-03-26,FuXi,0.24788306138104912,0.7675263268343774,-0.07234042279724973,0.6833917404677842,0.7557321632650338
TP,central_india,Week 5,2026-03-26,FuXi,0.8849177012092313,0.28283683802556625,0.06524246079985749,0.28904415759071833,0.2238016967908609
TP,south_peninsula,Week 5,2026-03-26,FuXi,-0.007685619336175749,2.1206557819886545,-0.20866456530514474,0.6337347504062472,0.8423993157113919
TP,east_northeast_india,Week 5,2026-03-26,FuXi,0.42420885396166014,7.449262121137548,-2.0878783425146126,5.78434599013069,7.8722243326453025
TP,All India,Week 5,2026-03-26,ECMWF,0.3262214380582829,3.3263827768003806,-0.5896123629551793,1.0611266573375093,1.6507390202926888
TP,northwest_india,Week 5,2026-03-26,ECMWF,0.33168159701821703,0.7464769489298024,-0.12350270191635448,0.6322294613486794,0.7557321632650338
TP,central_india,Week 5,2026-03-26,ECMWF,0.8811657521350509,0.2835343993822345,-0.012472952843198317,0.21132874394766257,0.2238016967908609
TP,south_peninsula,Week 5,2026-03-26,ECMWF,-0.1346912658942053,2.3022197519884062,0.14161400153474446,0.9840133172461364,0.8423993157113919
TP,east_northeast_india,Week 5,2026-03-26,ECMWF,0.44906025320558923,8.141831109286475,-3.8364479758772796,4.035776356768023,7.8722243326453025
TP,All India,Week 5,2026-03-26,NCEP,0.48083874231302537,3.1074429760696654,0.3840023260749789,2.0347413463676682,1.6507390202926888
TP,northwest_india,Week 5,2026-03-26,NCEP,-0.3023828271205334,2.300531375500848,1.3668251975609085,2.1225573608259425,0.7557321632650338
TP,central_india,Week 5,2026-03-26,NCEP,0.9030830241653962,0.26965388097323717,0.08918590609234148,0.3129876028832024,0.2238016967908609
TP,south_peninsula,Week 5,2026-03-26,NCEP,-0.13059939846517085,2.1908192981650316,0.1438502735636715,0.9862495892750632,0.8423993157113919
TP,east_northeast_india,Week 5,2026-03-26,NCEP,0.5517320188369585,6.8651608690491175,-0.7900672223882755,7.082157110257028,7.8722243326453025
TP,All India,Week 5,2026-03-26,MME,0.42131428054934633,2.9735324606225624,-0.14442907361425547,1.5063099466784329,1.6507390202926888
TP,northwest_india,Week 5,2026-03-26,MME,-0.03727958277683128,0.9463410959983071,0.4051422151729134,1.1608743784379474,0.7557321632650338
TP,central_india,Week 5,2026-03-26,MME,0.9114402836955076,0.29454650967863294,0.178147794307584,0.40194949109844486,0.2238016967908609
TP,south_peninsula,Week 5,2026-03-26,MME,-0.08399822046381485,2.207830346187112,0.11054190137576635,0.9529412170871581,0.8423993157113919
TP,east_northeast_india,Week 5,2026-03-26,MME,0.5121910171324908,7.151335914259668,-2.3991897716745165,5.473034560970786,7.8722243326453025
TP,All India,Week 6,2026-03-26,Persistence,0.35976980576799644,2.719861962758799,-0.5510597688259095,2.0129852229794394,2.564044991805349
TP,northwest_india,Week 6,2026-03-26,Persistence,0.16773554460693924,2.8003885347260087,-0.10057845874841181,2.1827938304316095,2.283372289180021
TP,central_india,Week 6,2026-03-26,Persistence,0.18420513805110486,1.4000992263256997,-0.4406079794431332,0.5353125786603488,0.9759205581034819
TP,south_peninsula,Week 6,2026-03-26,Persistence,0.07519125050724348,2.4790215077424658,-0.7274813407221249,0.38695138938408946,1.1144327301062145
TP,east_northeast_india,Week 6,2026-03-26,Persistence,0.3650403519805044,4.517754007009565,-1.5678320228700617,7.042246381080807,8.610078403950869
TP,All India,Week 6,2026-03-26,SPIRE,0.23106385130665136,2.764644445589603,-0.5794613918275452,1.9845835999778034,2.564044991805349
TP,northwest_india,Week 6,2026-03-26,SPIRE,0.08047000494013584,2.37207127770292,-0.7839941404117381,1.4993781487682831,2.283372289180021
TP,central_india,Week 6,2026-03-26,SPIRE,0.17537522321776033,1.2906787248742049,0.13886610407300626,1.1147866621764884,0.9759205581034819
TP,south_peninsula,Week 6,2026-03-26,SPIRE,0.02347276389956467,2.26573034614092,0.5476533420654548,1.6620860721716693,1.1144327301062145
TP,east_northeast_india,Week 6,2026-03-26,SPIRE,0.43121191453743357,5.369362305515633,-3.176804088143726,5.433274315807143,8.610078403950869
TP,All India,Week 6,2026-03-26,FuXi,0.08069789129377535,3.0732184844078625,-1.2676949393839563,1.2963500524213922,2.564044991805349
TP,northwest_india,Week 6,2026-03-26,FuXi,-0.11275669285816022,2.9056951629367824,-1.7365001324027405,0.546872156777281,2.283372289180021
TP,central_india,Week 6,2026-03-26,FuXi,-0.23600185240392932,1.753791182281552,-0.8055164875428825,0.17040407056059934,0.9759205581034819
TP,south_peninsula,Week 6,2026-03-26,FuXi,0.218297092468729,1.7800856895291721,-0.07758342096827808,1.0368493091379365,1.1144327301062145
TP,east_northeast_india,Week 6,2026-03-26,FuXi,0.11727950365085722,5.830610622357506,-2.7808837374868816,5.829194666463988,8.610078403950869
TP,All India,Week 6,2026-03-26,ECMWF,0.09579007449797781,3.3004531683690863,-1.2175423888804322,1.3465026029249165,2.564044991805349
TP,northwest_india,Week 6,2026-03-26,ECMWF,-0.19674209075071694,2.8043028289160237,-1.4944841245309293,0.7888881646490918,2.283372289180021
TP,central_india,Week 6,2026-03-26,ECMWF,-0.23755580374495397,1.64533137676711,-0.6686171346932928,0.3073034234101891,0.9759205581034819
TP,south_peninsula,Week 6,2026-03-26,ECMWF,0.012768328543946167,2.115856013445814,0.08864396047296005,1.2030766905791745,1.1144327301062145
TP,east_northeast_india,Week 6,2026-03-26,ECMWF,0.2265826975862419,6.64821053158746,-3.4924597393467116,5.117618664604158,8.610078403950869
TP,All India,Week 6,2026-03-26,NCEP,0.09476673850205378,3.5720152556011358,-0.3116028524911275,2.2524421393142213,2.564044991805349
TP,northwest_india,Week 6,2026-03-26,NCEP,-0.22856031865414414,3.0067563653375586,0.0496015435496766,2.332973832729698,2.283372289180021
TP,central_india,Week 6,2026-03-26,NCEP,-0.32880725771614083,1.8729654507327462,-0.31553033028415994,0.6603902278193219,0.9759205581034819
TP,south_peninsula,Week 6,2026-03-26,NCEP,0.098071997933547,1.988170060695742,0.4990812336069282,1.6135139637131424,1.1144327301062145
TP,east_northeast_india,Week 6,2026-03-26,NCEP,0.1605627453928305,7.278794893375226,-2.1003593741634825,6.509719029787387,8.610078403950869
TP,All India,Week 6,2026-03-26,MME,0.13505070054324173,2.990600576866851,-0.8440753931457653,1.719969598659583,2.564044991805349
TP,northwest_india,Week 6,2026-03-26,MME,-0.2256630957917621,2.5774717227057495,-0.9913442134489326,1.2920280757310885,2.283372289180021
TP,central_india,Week 6,2026-03-26,MME,-0.20527495634540846,1.5862836654922596,-0.4126994621118323,0.5632210959916497,0.9759205581034819
TP,south_peninsula,Week 6,2026-03-26,MME,0.08525682563776324,2.0025549690846014,0.26444877879426626,1.378881508900481,1.1144327301062145
TP,east_northeast_india,Week 6,2026-03-26,MME,0.24717178093206826,5.898704936361951,-2.8876267347852003,5.722451669165669,8.610078403950869
