season,variable,model,week,lat,lon,n,bias,rmse,local_acc
jjas_tp,tp,ecmwf,1,9.5,77.0,35,-7.22543997598003,14.704112197399049,0.6892827081886724
jjas_tp,tp,ecmwf,1,9.5,78.5,35,0.17808520268792924,1.6158434698531061,0.5464387001961165
jjas_tp,tp,ecmwf,1,11.0,77.0,35,8.651322965908387,9.686409616171327,0.653032475776774
jjas_tp,tp,ecmwf,1,11.0,78.5,35,1.009332055357768,2.4049805915329823,0.502434271159785
jjas_tp,tp,ecmwf,1,12.5,75.5,35,-9.773194009560942,23.023315025527303,0.5699097307760831
jjas_tp,tp,ecmwf,1,12.5,77.0,35,0.48036452966083965,4.373910300260216,0.5436952066343502
jjas_tp,tp,ecmwf,1,12.5,78.5,35,0.17873436826783573,5.630172717500937,0.14554338771417127
jjas_tp,tp,ecmwf,1,14.0,75.5,35,12.57644862433321,14.193518189744005,0.7468287928892227
jjas_tp,tp,ecmwf,1,14.0,77.0,35,0.6346447879216065,6.144422479589762,0.2609332770968344
jjas_tp,tp,ecmwf,1,14.0,78.5,35,0.3327798917316321,4.825794687291918,0.46614991464233885
jjas_tp,tp,ecmwf,1,14.0,80.0,35,0.5231533649502744,3.3760161587204824,0.374750105745089
jjas_tp,tp,ecmwf,1,15.5,74.0,35,-26.262474282462016,35.89480906797337,0.05181724772922465
jjas_tp,tp,ecmwf,1,15.5,75.5,35,3.2200514138125205,4.0998071480072324,0.71787313132178
jjas_tp,tp,ecmwf,1,15.5,77.0,35,1.0708988828749337,3.3338171223151902,0.5303125730723987
jjas_tp,tp,ecmwf,1,15.5,78.5,35,-0.8066086590569785,5.656588752737078,0.1675024891946128
jjas_tp,tp,ecmwf,1,15.5,80.0,35,-0.40210869043963715,3.257679417429687,0.6709961359264648
jjas_tp,tp,ecmwf,1,17.0,74.0,35,5.371646502105141,10.665815470726379,0.7326620336660795
jjas_tp,tp,ecmwf,1,17.0,75.5,35,1.07493745350686,3.9357664696097077,0.40741609573163456
jjas_tp,tp,ecmwf,1,17.0,77.0,35,1.204537573400749,3.084335420195916,0.549271058548104
jjas_tp,tp,ecmwf,1,17.0,78.5,35,1.0420677439966335,4.127572009386601,0.4506071982055602
jjas_tp,tp,ecmwf,1,17.0,80.0,35,0.5815486356034705,4.82188934241197,0.34057620485573653
jjas_tp,tp,ecmwf,1,17.0,81.5,35,0.5950153600642943,4.803371202013164,0.26453658674297625
jjas_tp,tp,ecmwf,1,18.5,74.0,35,14.41925003890047,18.43328901806721,0.34222694824132116
jjas_tp,tp,ecmwf,1,18.5,75.5,35,1.286684503369633,4.361134699836793,0.38431473925773457
jjas_tp,tp,ecmwf,1,18.5,77.0,35,1.0265554398601966,4.1673955203871795,0.47497491489346855
jjas_tp,tp,ecmwf,1,18.5,78.5,35,-0.9872579826114158,4.472199051488183,0.6038558100676026
jjas_tp,tp,ecmwf,1,18.5,80.0,35,-2.53495849976661,11.950323341376807,0.13596556979614666
jjas_tp,tp,ecmwf,1,18.5,81.5,35,-2.601143809062464,11.080078777091318,0.329423144021007
jjas_tp,tp,ecmwf,1,18.5,83.0,35,1.6081661577178517,4.820667694103364,0.3692683957292689
jjas_tp,tp,ecmwf,1,20.0,74.0,35,12.100308841245848,14.617485328835652,0.5807872085606882
jjas_tp,tp,ecmwf,1,20.0,75.5,35,1.5730290164543699,5.416985368899728,0.3473173793869432
jjas_tp,tp,ecmwf,1,20.0,77.0,35,1.1550415507857326,3.5891333307458306,0.7187398886257492
jjas_tp,tp,ecmwf,1,20.0,78.5,35,3.4932685346298857,6.043635603851219,0.6027840965296968
jjas_tp,tp,ecmwf,1,20.0,80.0,35,-5.036865930731107,10.41756309605279,0.6761273703598801
jjas_tp,tp,ecmwf,1,20.0,81.5,35,2.165744062223397,5.869965692712682,0.5339479474299239
jjas_tp,tp,ecmwf,1,20.0,83.0,35,-0.6580581402391458,5.808831812106778,0.5448794329087219
jjas_tp,tp,ecmwf,1,20.0,84.5,35,-0.8641424650263619,5.4401802018326135,0.4936060592394449
jjas_tp,tp,ecmwf,1,21.5,71.0,35,0.6909130373111109,4.297580903110339,0.7558683658540877
jjas_tp,tp,ecmwf,1,21.5,74.0,35,0.33752639190378675,8.395375081497852,0.6188465388875817
jjas_tp,tp,ecmwf,1,21.5,75.5,35,3.1519122986341372,5.7398039285461415,0.6437178231493501
jjas_tp,tp,ecmwf,1,21.5,77.0,35,-0.41898287899377434,7.904184871735273,0.49359261347359223
jjas_tp,tp,ecmwf,1,21.5,78.5,35,2.5205509997547417,6.982137269279695,0.5815546277874984
jjas_tp,tp,ecmwf,1,21.5,80.0,35,0.8928975107425251,4.423901116624087,0.8393859330529703
jjas_tp,tp,ecmwf,1,21.5,81.5,35,0.13237534962263214,5.223754292459291,0.762253782461891
jjas_tp,tp,ecmwf,1,21.5,83.0,35,-1.356056073229692,5.499781693096976,0.7629136307969988
jjas_tp,tp,ecmwf,1,21.5,84.5,35,0.45599217943679315,5.544709102585637,0.6710772362588585
jjas_tp,tp,ecmwf,1,21.5,86.0,35,-0.7296538231164652,3.452476898980763,0.7893160831960363
jjas_tp,tp,ecmwf,1,23.0,71.0,35,-0.6290845774485228,6.56028425756053,0.8196781912044152
jjas_tp,tp,ecmwf,1,23.0,72.5,35,1.4944657492205136,4.668220712657631,0.7902076703261317
jjas_tp,tp,ecmwf,1,23.0,74.0,35,4.623937048482394,8.435990681225453,0.5880594158304623
jjas_tp,tp,ecmwf,1,23.0,75.5,35,-0.06823012310175491,8.418786013694403,0.6756464853326429
jjas_tp,tp,ecmwf,1,23.0,77.0,35,1.0368058790449077,7.592016940176423,0.7561739229809455
jjas_tp,tp,ecmwf,1,23.0,78.5,35,-0.49350672359052183,7.38737037884519,0.7431229028623045
jjas_tp,tp,ecmwf,1,23.0,80.0,35,-1.901605823076421,8.368090167908594,0.5338319935241014
jjas_tp,tp,ecmwf,1,23.0,81.5,35,-1.848980906788021,5.700108310900722,0.7007569407493665
jjas_tp,tp,ecmwf,1,23.0,83.0,35,0.8010764524576293,6.482628239526795,0.4891752548774363
jjas_tp,tp,ecmwf,1,23.0,84.5,35,0.48541010553362207,4.0108479512837905,0.7916080444586184
jjas_tp,tp,ecmwf,1,23.0,86.0,35,0.8698559086611332,3.2486390844370083,0.7365270568547156
jjas_tp,tp,ecmwf,1,23.0,87.5,35,2.1327145951410333,4.22392250601222,0.6831872827309139
jjas_tp,tp,ecmwf,1,24.5,72.5,35,-1.7196452446705544,4.767250511386596,0.7668851433964429
jjas_tp,tp,ecmwf,1,24.5,74.0,35,1.1027653196465987,4.8381593224975274,0.7045603767195858
jjas_tp,tp,ecmwf,1,24.5,75.5,35,-4.871394067256193,9.225281338846846,0.7778039832774012
jjas_tp,tp,ecmwf,1,24.5,77.0,35,0.022769155150029214,6.534823515544651,0.7458425031236443
jjas_tp,tp,ecmwf,1,24.5,78.5,35,3.455087454775244,7.521635183448716,0.5407696648976038
jjas_tp,tp,ecmwf,1,24.5,80.0,35,1.642427701487879,6.0085497237358325,0.6234816394240251
jjas_tp,tp,ecmwf,1,24.5,81.5,35,-0.18732201173320226,7.612359749017698,0.614515875812397
jjas_tp,tp,ecmwf,1,24.5,83.0,35,1.163979760004786,5.744895122855738,0.675426923068282
jjas_tp,tp,ecmwf,1,24.5,84.5,35,1.6349356943540125,6.195902488726837,0.6040179360963104
jjas_tp,tp,ecmwf,1,24.5,86.0,35,2.006710950232847,7.206768095507327,0.6064449456654444
jjas_tp,tp,ecmwf,1,24.5,87.5,35,3.5135764971491414,5.763874321030665,0.6556571685803521
jjas_tp,tp,ecmwf,1,24.5,93.5,35,6.373321341978512,7.625173249057349,0.2079745984161617
jjas_tp,tp,ecmwf,1,26.0,71.0,35,-0.5357249651612553,3.448986542978984,0.21945519671727165
jjas_tp,tp,ecmwf,1,26.0,72.5,35,-0.27846111530805323,3.5477533414118554,0.39852292694062164
jjas_tp,tp,ecmwf,1,26.0,74.0,35,-0.7471466858246488,5.314026950261889,0.5085958213738236
jjas_tp,tp,ecmwf,1,26.0,75.5,35,-0.3534604217742482,4.58253701833082,0.7348832204824021
jjas_tp,tp,ecmwf,1,26.0,77.0,35,3.443107981663841,6.214716217628276,0.5847525264198786
jjas_tp,tp,ecmwf,1,26.0,78.5,35,3.5239449500025763,5.380194828792059,0.6093383116017821
jjas_tp,tp,ecmwf,1,26.0,80.0,35,3.2059418113245823,6.70137277745721,0.4157100467020386
jjas_tp,tp,ecmwf,1,26.0,81.5,35,4.886750108468103,8.381102710357423,0.6184061981037561
jjas_tp,tp,ecmwf,1,26.0,83.0,35,2.276894400999314,10.89257114231775,0.6785822571865145
jjas_tp,tp,ecmwf,1,26.0,84.5,35,2.610936704260362,5.4579374885485645,0.8495755161377768
jjas_tp,tp,ecmwf,1,26.0,86.0,35,0.6817451462962824,9.13940975072734,0.7853682400903673
jjas_tp,tp,ecmwf,1,26.0,87.5,35,3.5635715895509503,9.808000305263484,0.6605701851489052
jjas_tp,tp,ecmwf,1,26.0,90.5,35,1.3740745546214501,8.726557437575686,0.8419834153125629
jjas_tp,tp,ecmwf,1,26.0,92.0,35,15.645359948784845,19.032594884225897,0.20726252024209166
jjas_tp,tp,ecmwf,1,26.0,93.5,35,8.107019401709683,10.379459373158769,-0.19022817157670324
jjas_tp,tp,ecmwf,1,26.0,95.0,35,7.891708431196035,9.985622113323938,-0.0974647649990358
jjas_tp,tp,ecmwf,1,27.5,71.0,35,-0.3609345897278768,1.776323711027714,0.5576360473294852
jjas_tp,tp,ecmwf,1,27.5,72.5,35,-0.5950016926658981,1.7960322784686158,0.7717438716974617
jjas_tp,tp,ecmwf,1,27.5,74.0,35,-0.6793801173323277,2.9397966635552417,0.528916807036299
jjas_tp,tp,ecmwf,1,27.5,75.5,35,-3.784012631887512,8.352166028621495,0.5423016366357207
jjas_tp,tp,ecmwf,1,27.5,77.0,35,2.7431072532787235,4.75893901507931,0.45543397256940577
jjas_tp,tp,ecmwf,1,27.5,78.5,35,1.9301884340055453,4.667790958386277,0.31337026166084797
jjas_tp,tp,ecmwf,1,27.5,80.0,35,1.4064356272433713,4.059617994815687,0.7264888145821461
jjas_tp,tp,ecmwf,1,27.5,81.5,35,-1.332103907942798,10.053897174862007,0.624358774034181
jjas_tp,tp,ecmwf,1,27.5,93.5,35,0.8867375922210484,8.09946825900565,0.658589254094753
jjas_tp,tp,ecmwf,1,27.5,95.0,35,9.756679396574793,12.099118517576263,0.5209092230490152
jjas_tp,tp,ecmwf,1,29.0,74.0,35,1.1558051960319098,2.3983647277019755,0.041752449374952226
jjas_tp,tp,ecmwf,1,29.0,75.5,35,2.194293769358914,4.1343197660913775,0.11509766451386258
jjas_tp,tp,ecmwf,1,29.0,77.0,35,2.6772148820055217,5.077873131982096,0.2834725001965878
jjas_tp,tp,ecmwf,1,29.0,78.5,35,2.016031573199975,5.263220413646081,0.01297620996160296
jjas_tp,tp,ecmwf,1,29.0,80.0,35,-2.0127892064464916,7.374967891487181,0.2622012611187824
jjas_tp,tp,ecmwf,1,29.0,95.0,35,8.7625896626364,12.264083788585303,0.737518252652156
jjas_tp,tp,ecmwf,1,30.5,74.0,35,1.2933681014945895,3.3112694880282154,0.14708241941391476
jjas_tp,tp,ecmwf,1,30.5,75.5,35,0.5527861280394314,4.810761683342755,0.4415133269990897
jjas_tp,tp,ecmwf,1,30.5,77.0,35,-2.1770608768947546,9.741029263942124,0.24829204963687096
jjas_tp,tp,ecmwf,1,30.5,78.5,35,1.1375870684683023,4.9355174137627404,0.23601234635715676
jjas_tp,tp,ecmwf,1,30.5,80.0,35,-7.948114657741683,10.734595853041332,0.3566408231601446
jjas_tp,tp,ecmwf,1,32.0,75.5,35,1.71249242913294,3.204587557227077,0.7605343993268445
jjas_tp,tp,ecmwf,1,32.0,77.0,35,1.3147660881420178,3.809215985720241,0.5145322900860811
jjas_tp,tp,ecmwf,1,32.0,78.5,35,2.315165128958534,2.880733574453101,0.3470469547746424
jjas_tp,tp,ecmwf,1,33.5,74.0,35,-0.11456087449408432,3.1375346319339705,0.628807115528924
jjas_tp,tp,ecmwf,1,33.5,75.5,35,0.8428825662927595,2.1679951160227064,0.7606146849779035
jjas_tp,tp,ecmwf,1,33.5,77.0,35,-4.068259653758318,6.581183844112842,-0.022639194888560973
jjas_tp,tp,ecmwf,1,33.5,78.5,35,0.7022818233902383,1.1634520238100652,0.7559928460078916
jjas_tp,tp,ecmwf,1,35.0,75.5,35,1.0896027833137472,2.0045764963078363,0.6825564748036467
jjas_tp,tp,ecmwf,1,35.0,77.0,35,-1.0764369479705627,4.679042475267821,0.028976512752009857
jjas_tp,tp,ecmwf,1,35.0,78.5,35,-1.6729913086604822,5.561714831555924,0.0419111199428545
jjas_tp,tp,ecmwf,1,35.0,80.0,35,0.44011808634994926,1.5249300466077835,0.5465152868725873
jjas_tp,tp,ecmwf,1,36.5,74.0,35,-2.5199490355371497,6.905408130822344,0.0762068699696606
jjas_tp,tp,ecmwf,1,36.5,75.5,35,-0.5417003185659157,2.234496622340647,0.41921574120024335
jjas_tp,tp,ecmwf,2,9.5,77.0,35,-7.147477102117283,17.419150268817283,0.22991045367754628
jjas_tp,tp,ecmwf,2,9.5,78.5,35,0.43697411634676236,1.7051962579662405,0.4749620925879606
jjas_tp,tp,ecmwf,2,11.0,77.0,35,8.238382286207772,9.731865310677524,0.37409918563593303
jjas_tp,tp,ecmwf,2,11.0,78.5,35,1.3894229557107203,2.813068573899404,0.3580832238608613
jjas_tp,tp,ecmwf,2,12.5,75.5,35,-11.052843093662442,26.336809445410264,0.2609140561170555
jjas_tp,tp,ecmwf,2,12.5,77.0,35,0.1451315453461984,5.005966857451543,0.48196072263493983
jjas_tp,tp,ecmwf,2,12.5,78.5,35,0.05341702795284883,5.391293091585369,0.20445792325343556
jjas_tp,tp,ecmwf,2,14.0,75.5,35,11.087477794348024,13.479236734169028,0.5703335208679856
jjas_tp,tp,ecmwf,2,14.0,77.0,35,0.12058345088896079,7.168778398081863,-0.05548708232955138
jjas_tp,tp,ecmwf,2,14.0,78.5,35,-0.09793694529423269,5.464671366600827,0.11935306383886232
jjas_tp,tp,ecmwf,2,14.0,80.0,35,0.35605591465448,2.8795155876895384,0.3926674098149286
jjas_tp,tp,ecmwf,2,15.5,74.0,35,-26.78292991542905,36.73766283415684,-0.08691186020333727
jjas_tp,tp,ecmwf,2,15.5,75.5,35,2.8711353009298253,4.114693586841063,0.5516215074650731
jjas_tp,tp,ecmwf,2,15.5,77.0,35,1.0535847944852572,3.5996505058140573,0.2617213130172488
jjas_tp,tp,ecmwf,2,15.5,78.5,35,-1.038608149672521,6.053130461621882,-0.1251722411381072
jjas_tp,tp,ecmwf,2,15.5,80.0,35,-0.6360250556546561,4.3106230471307265,0.3658397625361361
jjas_tp,tp,ecmwf,2,17.0,74.0,35,3.8717514647410325,10.273236290975316,0.7424364057195193
jjas_tp,tp,ecmwf,2,17.0,75.5,35,0.4312676207992748,4.17059988710586,0.2222631512585621
jjas_tp,tp,ecmwf,2,17.0,77.0,35,0.8184285792111692,3.0993726270045223,0.3654012025897818
jjas_tp,tp,ecmwf,2,17.0,78.5,35,0.492372171009621,3.964616725245219,0.4886188766486204
jjas_tp,tp,ecmwf,2,17.0,80.0,35,0.3097741307551461,4.294000694299191,0.3813901225606383
jjas_tp,tp,ecmwf,2,17.0,81.5,35,-0.006878501970060061,4.796727791007408,0.12343269283514867
jjas_tp,tp,ecmwf,2,18.5,74.0,35,11.614343912795956,15.13585223181546,0.2879580776666352
jjas_tp,tp,ecmwf,2,18.5,75.5,35,0.6972946514737691,3.5534035636648778,0.4462066673237485
jjas_tp,tp,ecmwf,2,18.5,77.0,35,0.695429868279738,3.7403760501917667,0.44886265432898415
jjas_tp,tp,ecmwf,2,18.5,78.5,35,-1.5543845739935052,5.0652472218833475,0.44577231896065805
jjas_tp,tp,ecmwf,2,18.5,80.0,35,-3.150917509427643,11.967114290956667,0.12794176745139615
jjas_tp,tp,ecmwf,2,18.5,81.5,35,-3.0121547442542562,11.187520186730671,0.327602066435082
jjas_tp,tp,ecmwf,2,18.5,83.0,35,0.8466330970930547,4.488709674694282,0.392134200802415
jjas_tp,tp,ecmwf,2,20.0,74.0,35,10.121595702589117,12.305353083249141,0.4357312009757905
jjas_tp,tp,ecmwf,2,20.0,75.5,35,0.42701632636864467,5.1685767892265355,0.19053909381744072
jjas_tp,tp,ecmwf,2,20.0,77.0,35,-0.01817695101699315,2.995377518626083,0.7186958548729917
jjas_tp,tp,ecmwf,2,20.0,78.5,35,2.2967637955644875,5.320950592073582,0.5518477749050685
jjas_tp,tp,ecmwf,2,20.0,80.0,35,-6.217174600638178,12.725700966019343,0.40320670079526877
jjas_tp,tp,ecmwf,2,20.0,81.5,35,0.9204338874115771,4.646572257630539,0.5408343270888695
jjas_tp,tp,ecmwf,2,20.0,83.0,35,-0.9650099121843437,6.428386200036486,0.3671786360647067
jjas_tp,tp,ecmwf,2,20.0,84.5,35,-1.1774235936762185,6.136651519731644,0.26945008352205646
jjas_tp,tp,ecmwf,2,21.5,71.0,35,-0.07794871599572319,3.583897692348923,0.8045448648254779
jjas_tp,tp,ecmwf,2,21.5,74.0,35,-1.6884951998490967,8.935995236906862,0.5483236062707395
jjas_tp,tp,ecmwf,2,21.5,75.5,35,0.9635027854695106,3.6223090134830542,0.7143533792846792
jjas_tp,tp,ecmwf,2,21.5,77.0,35,-3.223980177927945,7.972726020316765,0.5182899811538134
jjas_tp,tp,ecmwf,2,21.5,78.5,35,0.10408669230291215,5.934302789704867,0.516958424418807
jjas_tp,tp,ecmwf,2,21.5,80.0,35,-0.6033271379074924,5.770193528882607,0.6788208291057544
jjas_tp,tp,ecmwf,2,21.5,81.5,35,-0.5600658952164025,6.678529461169997,0.5680610774547554
jjas_tp,tp,ecmwf,2,21.5,83.0,35,-1.4446631525136493,7.303769643934608,0.4754585778897321
jjas_tp,tp,ecmwf,2,21.5,84.5,35,0.34356048871010003,6.697441930206195,0.49190562935647036
jjas_tp,tp,ecmwf,2,21.5,86.0,35,-1.0388082710600772,5.106779623145408,0.48772385871235435
jjas_tp,tp,ecmwf,2,23.0,71.0,35,-0.9879356283739653,8.316851280037037,0.6832633777197583
jjas_tp,tp,ecmwf,2,23.0,72.5,35,0.259231744053408,3.821825303798523,0.8306723755176236
jjas_tp,tp,ecmwf,2,23.0,74.0,35,1.6745207304462508,6.768659629466437,0.4678804859800548
jjas_tp,tp,ecmwf,2,23.0,75.5,35,-4.2073956155600944,9.86517458934282,0.605538432041846
jjas_tp,tp,ecmwf,2,23.0,77.0,35,-3.4578691073667027,9.223382472343333,0.6494958800140761
jjas_tp,tp,ecmwf,2,23.0,78.5,35,-3.625299856901387,9.823758236112663,0.5566117188508436
jjas_tp,tp,ecmwf,2,23.0,80.0,35,-3.3771178941446465,9.89366421207381,0.29116412222643345
jjas_tp,tp,ecmwf,2,23.0,81.5,35,-2.5457728561222637,7.29132682962045,0.46021916902673105
jjas_tp,tp,ecmwf,2,23.0,83.0,35,0.4565990178528346,6.883689962877492,0.3807640810357205
jjas_tp,tp,ecmwf,2,23.0,84.5,35,0.5211969626003727,5.34678613017665,0.5644063201289883
jjas_tp,tp,ecmwf,2,23.0,86.0,35,0.9934425022063356,4.096811509844873,0.5188888970122278
jjas_tp,tp,ecmwf,2,23.0,87.5,35,2.003467167182233,4.934662178758163,0.4489187660402281
jjas_tp,tp,ecmwf,2,24.5,72.5,35,-1.8570452587894546,6.174521093184272,0.5431645669864326
jjas_tp,tp,ecmwf,2,24.5,74.0,35,-0.5577100789311759,5.1742370424827495,0.5247281061043509
jjas_tp,tp,ecmwf,2,24.5,75.5,35,-8.323824211207272,13.634748939036283,0.45355726125780066
jjas_tp,tp,ecmwf,2,24.5,77.0,35,-3.8658839497102755,9.1801265044206,0.48126791516707096
jjas_tp,tp,ecmwf,2,24.5,78.5,35,1.1633669713183068,7.007066660539486,0.3593221094308446
jjas_tp,tp,ecmwf,2,24.5,80.0,35,0.5283255318422265,6.142260233797759,0.49507994682209283
jjas_tp,tp,ecmwf,2,24.5,81.5,35,-0.7038827920461028,8.165232691436032,0.5514188698764215
jjas_tp,tp,ecmwf,2,24.5,83.0,35,1.0007853672748974,6.581955583826387,0.5215884180110244
jjas_tp,tp,ecmwf,2,24.5,84.5,35,1.9748282454081065,7.412743462656677,0.3202146579628524
jjas_tp,tp,ecmwf,2,24.5,86.0,35,1.87897774410289,8.79460211714436,0.21498704737011456
jjas_tp,tp,ecmwf,2,24.5,87.5,35,3.5910858726153787,6.966350378723195,0.2850616255254487
jjas_tp,tp,ecmwf,2,24.5,93.5,35,5.777733797399798,7.078099826521672,-0.00846636682479729
jjas_tp,tp,ecmwf,2,26.0,71.0,35,-0.11708884799066416,3.3562130598982853,0.22109729131552475
jjas_tp,tp,ecmwf,2,26.0,72.5,35,0.04619896129460504,3.473365108479182,0.3555657671089515
jjas_tp,tp,ecmwf,2,26.0,74.0,35,-1.2157550289086334,5.762631930818805,0.3452707016605545
jjas_tp,tp,ecmwf,2,26.0,75.5,35,-1.733589882128607,6.402241792886976,0.38998710181726826
jjas_tp,tp,ecmwf,2,26.0,77.0,35,1.8219583023065953,5.122663326687647,0.3687658012796975
jjas_tp,tp,ecmwf,2,26.0,78.5,35,2.6327444233982615,5.112267198278426,0.45573355062279025
jjas_tp,tp,ecmwf,2,26.0,80.0,35,2.602371563159408,6.55120978896696,0.15793155820674007
jjas_tp,tp,ecmwf,2,26.0,81.5,35,4.25078215811312,8.561112821509157,0.4036230312684236
jjas_tp,tp,ecmwf,2,26.0,83.0,35,1.7041941055262197,13.558786403275503,0.32846581894093474
jjas_tp,tp,ecmwf,2,26.0,84.5,35,2.4316517014561514,8.643229909887047,0.39835881444417853
jjas_tp,tp,ecmwf,2,26.0,86.0,35,0.8702711579080079,12.628467222460523,0.3182286552314213
jjas_tp,tp,ecmwf,2,26.0,87.5,35,3.9173481621615296,12.709948177832809,0.09997427580046767
jjas_tp,tp,ecmwf,2,26.0,90.5,35,1.8867044273285039,12.536400848721676,0.5054382270715708
jjas_tp,tp,ecmwf,2,26.0,92.0,35,15.83496390312233,19.81474431216473,-0.1000608221937048
jjas_tp,tp,ecmwf,2,26.0,93.5,35,8.390949273745738,11.214369246216888,-0.3460201875508246
jjas_tp,tp,ecmwf,2,26.0,95.0,35,7.516510489388462,10.704211120573701,-0.5960114652493933
jjas_tp,tp,ecmwf,2,27.5,71.0,35,0.03954078113060064,2.1777174368629515,0.3015307361874423
jjas_tp,tp,ecmwf,2,27.5,72.5,35,-0.28538084003770414,2.405476664827681,0.4332609391631298
jjas_tp,tp,ecmwf,2,27.5,74.0,35,-0.7153913034669723,3.6442179173139424,0.06750872390434504
jjas_tp,tp,ecmwf,2,27.5,75.5,35,-3.9640386029453722,9.938470565899152,0.013059780770007254
jjas_tp,tp,ecmwf,2,27.5,77.0,35,2.561789936142558,4.56740970320912,0.21408864626998747
jjas_tp,tp,ecmwf,2,27.5,78.5,35,2.2696540878476448,5.071404087398997,0.15730233181089318
jjas_tp,tp,ecmwf,2,27.5,80.0,35,1.8956001622136032,5.651195005116514,0.3645962199309702
jjas_tp,tp,ecmwf,2,27.5,81.5,35,-0.7633210739736,12.609596359352906,0.19236144745414357
jjas_tp,tp,ecmwf,2,27.5,93.5,35,1.111362261598982,10.4242055907789,0.35914585646553665
jjas_tp,tp,ecmwf,2,27.5,95.0,35,10.156499639473486,13.098827498901574,0.1512039344425708
jjas_tp,tp,ecmwf,2,29.0,74.0,35,1.5150564633092733,2.2152364605627977,0.23875282538548667
jjas_tp,tp,ecmwf,2,29.0,75.5,35,2.552797955770251,3.570075440126427,0.1317199054008169
jjas_tp,tp,ecmwf,2,29.0,77.0,35,3.324780025263708,4.909500748812373,0.4109349845205617
jjas_tp,tp,ecmwf,2,29.0,78.5,35,3.343341802098221,5.655757024011864,0.21416758119864854
jjas_tp,tp,ecmwf,2,29.0,80.0,35,-0.4640945815534072,7.175189368880071,0.2634018093049582
jjas_tp,tp,ecmwf,2,29.0,95.0,35,8.410554606054491,13.468086909112206,0.5047980186654377
jjas_tp,tp,ecmwf,2,30.5,74.0,35,1.9567153036072134,3.537808730755621,0.17280189170792307
jjas_tp,tp,ecmwf,2,30.5,75.5,35,1.264772647584044,5.321365206144192,0.27338004739417726
jjas_tp,tp,ecmwf,2,30.5,77.0,35,-1.4331056883031734,10.174414457276153,0.08916335417729435
jjas_tp,tp,ecmwf,2,30.5,78.5,35,1.7339985805491236,4.9976324071537945,0.23468672855776526
jjas_tp,tp,ecmwf,2,30.5,80.0,35,-7.565180982851432,10.639598663080616,0.28556388719554093
jjas_tp,tp,ecmwf,2,32.0,75.5,35,2.506933328278391,4.44594305429638,0.5230796583955418
jjas_tp,tp,ecmwf,2,32.0,77.0,35,1.7665882812827636,4.205551474677769,0.41263690586295343
jjas_tp,tp,ecmwf,2,32.0,78.5,35,2.5943879573101962,2.962010602522076,0.33265798221261433
jjas_tp,tp,ecmwf,2,33.5,74.0,35,0.668965384157479,2.8897466584221077,0.6219852448883556
jjas_tp,tp,ecmwf,2,33.5,75.5,35,1.8239215955778363,3.0802336865931337,0.565301148681482
jjas_tp,tp,ecmwf,2,33.5,77.0,35,-3.865319979378511,6.747374703976281,-0.30371592992731733
jjas_tp,tp,ecmwf,2,33.5,78.5,35,0.7915168228974276,1.244087100790143,0.738050787292432
jjas_tp,tp,ecmwf,2,35.0,75.5,35,1.3684125590603873,2.032620717657153,0.5385566768918689
jjas_tp,tp,ecmwf,2,35.0,77.0,35,-0.944468185644276,4.732531316769935,-0.15597333128356752
jjas_tp,tp,ecmwf,2,35.0,78.5,35,-1.5356190965488512,5.619764899675882,-0.10276859632630199
jjas_tp,tp,ecmwf,2,35.0,80.0,35,0.5557958430677554,1.5451867623501694,0.5743249838525519
jjas_tp,tp,ecmwf,2,36.5,74.0,35,-2.140085013930592,6.855842463104021,-0.02409158290332401
jjas_tp,tp,ecmwf,2,36.5,75.5,35,-0.2626561918927382,2.3092203737447883,0.149712983909591
jjas_tp,tp,ecmwf,3,9.5,77.0,35,-9.832776170922386,19.603484192733625,-0.1141587607325265
jjas_tp,tp,ecmwf,3,9.5,78.5,35,-0.6504051434513125,2.907045985158636,0.29175221921594285
jjas_tp,tp,ecmwf,3,11.0,77.0,35,5.663615586810508,8.702832820828318,-0.02744103792934991
jjas_tp,tp,ecmwf,3,11.0,78.5,35,1.4464405967690483,2.9607939780770383,0.18814251015060227
jjas_tp,tp,ecmwf,3,12.5,75.5,35,-13.372320177380796,29.682121289085963,-0.1060045838855836
jjas_tp,tp,ecmwf,3,12.5,77.0,35,0.5906872883057896,5.509793748416524,0.25037093919564674
jjas_tp,tp,ecmwf,3,12.5,78.5,35,0.01311981067344917,6.047483016166523,-0.3081928741196411
jjas_tp,tp,ecmwf,3,14.0,75.5,35,5.823007450271844,11.08153825745635,0.1997412852352098
jjas_tp,tp,ecmwf,3,14.0,77.0,35,-0.7223781226345748,7.546291521857726,-0.3467874856144505
jjas_tp,tp,ecmwf,3,14.0,78.5,35,-0.41641217606122455,5.997771811390116,-0.34972066596725027
jjas_tp,tp,ecmwf,3,14.0,80.0,35,-0.7880167681051353,4.64513716462325,-0.02819319643746114
jjas_tp,tp,ecmwf,3,15.5,74.0,35,-26.500006289559614,36.765588313249886,-0.1731197585863511
jjas_tp,tp,ecmwf,3,15.5,75.5,35,2.595557628165008,4.3459508956792385,0.41135172839728007
jjas_tp,tp,ecmwf,3,15.5,77.0,35,-0.04131350338533224,3.7463625661447026,-0.026706008110049865
jjas_tp,tp,ecmwf,3,15.5,78.5,35,-1.5511318895004056,6.353429312559422,-0.43556638839587986
jjas_tp,tp,ecmwf,3,15.5,80.0,35,-1.5482237706407544,5.81322338879725,0.2522706630543539
jjas_tp,tp,ecmwf,3,17.0,74.0,35,1.7996762508621806,11.553009955861102,0.48086188065804253
jjas_tp,tp,ecmwf,3,17.0,75.5,35,-0.0197564671558688,4.408793051190021,0.09366677699244567
jjas_tp,tp,ecmwf,3,17.0,77.0,35,0.3337885224582426,3.2314620270180274,0.13311024841037833
jjas_tp,tp,ecmwf,3,17.0,78.5,35,-0.14716099369556448,4.742174322725691,0.12865973843071568
jjas_tp,tp,ecmwf,3,17.0,80.0,35,0.3037678373510575,4.518284264710432,0.21075862607976356
jjas_tp,tp,ecmwf,3,17.0,81.5,35,0.22362394727615192,4.704319660366712,2.3519845165774523e-05
jjas_tp,tp,ecmwf,3,18.5,74.0,35,1.4017553479329259,7.763857722911157,0.24077508449087826
jjas_tp,tp,ecmwf,3,18.5,75.5,35,0.06877739092045526,4.543948199457029,0.22682182393281025
jjas_tp,tp,ecmwf,3,18.5,77.0,35,0.20626890324651806,4.125260175151954,0.3239844583702478
jjas_tp,tp,ecmwf,3,18.5,78.5,35,-2.2008641282172303,5.793888103596214,0.21490038096862396
jjas_tp,tp,ecmwf,3,18.5,80.0,35,-3.912241577016323,12.545741187639566,-0.03725568812481097
jjas_tp,tp,ecmwf,3,18.5,81.5,35,-3.4467316751465447,11.951899133329208,0.10460717277044532
jjas_tp,tp,ecmwf,3,18.5,83.0,35,1.0970579259571789,5.150159324078465,0.043848112277525
jjas_tp,tp,ecmwf,3,20.0,74.0,35,2.548505369346291,5.657914792686493,0.447381822227912
jjas_tp,tp,ecmwf,3,20.0,75.5,35,-0.023439196342010468,5.6833531484131825,-0.1664785020236474
jjas_tp,tp,ecmwf,3,20.0,77.0,35,-0.38544310284103084,3.7492342289930267,0.326989692298482
jjas_tp,tp,ecmwf,3,20.0,78.5,35,2.009757680751756,5.4999872125510745,0.3751088551591306
jjas_tp,tp,ecmwf,3,20.0,80.0,35,-6.764494028043436,13.25966717776803,0.27354258156096833
jjas_tp,tp,ecmwf,3,20.0,81.5,35,-0.2925508837796628,4.914131358979854,0.3293367339564804
jjas_tp,tp,ecmwf,3,20.0,83.0,35,-0.9352905844581431,5.737327873614324,0.5013828449341938
jjas_tp,tp,ecmwf,3,20.0,84.5,35,-1.8342263940654797,6.069176445499838,0.2492463038128308
jjas_tp,tp,ecmwf,3,21.5,71.0,35,-1.5923764138350625,5.322781253029679,0.5434786517001252
jjas_tp,tp,ecmwf,3,21.5,74.0,35,-3.2298488097301883,8.939655236383647,0.6271208980962799
jjas_tp,tp,ecmwf,3,21.5,75.5,35,-0.6783442845094574,3.78180408926421,0.6120050626192165
jjas_tp,tp,ecmwf,3,21.5,77.0,35,-4.417872254488572,9.669197490154867,0.029457035674521095
jjas_tp,tp,ecmwf,3,21.5,78.5,35,-0.8372215194541118,6.195049627160943,0.3459741021446246
jjas_tp,tp,ecmwf,3,21.5,80.0,35,-0.9636234646080736,6.447865687018801,0.5734927106066511
jjas_tp,tp,ecmwf,3,21.5,81.5,35,-0.8276086471593832,6.731136785759807,0.5408678617144003
jjas_tp,tp,ecmwf,3,21.5,83.0,35,-1.331703836279795,7.733557809025211,0.30633787533864676
jjas_tp,tp,ecmwf,3,21.5,84.5,35,0.34970189972313726,6.833499109392053,0.39234182123495104
jjas_tp,tp,ecmwf,3,21.5,86.0,35,-1.4142009310322297,5.473912887306229,0.1332973388516363
jjas_tp,tp,ecmwf,3,23.0,71.0,35,-2.437918750174898,9.651204576771399,0.5341224016601143
jjas_tp,tp,ecmwf,3,23.0,72.5,35,-1.0506446092474746,5.900410086793718,0.4823475683914465
jjas_tp,tp,ecmwf,3,23.0,74.0,35,-0.21606276434576088,6.3089711331580105,0.47691182869405363
jjas_tp,tp,ecmwf,3,23.0,75.5,35,-6.055481340905517,11.97804613133026,0.3514454970615092
jjas_tp,tp,ecmwf,3,23.0,77.0,35,-5.139887241045709,11.04206749743296,0.4999577043418952
jjas_tp,tp,ecmwf,3,23.0,78.5,35,-5.13868839140882,11.362286661974426,0.34680213309583124
jjas_tp,tp,ecmwf,3,23.0,80.0,35,-4.085819328147999,10.234372393839175,0.13272234281477654
jjas_tp,tp,ecmwf,3,23.0,81.5,35,-2.720963550163471,7.545779282834221,0.3528980866607227
jjas_tp,tp,ecmwf,3,23.0,83.0,35,0.2444774279050032,6.941608322603305,0.2446166555509613
jjas_tp,tp,ecmwf,3,23.0,84.5,35,0.32719350993259905,5.874996556161119,0.38078670546959786
jjas_tp,tp,ecmwf,3,23.0,86.0,35,1.0952632539494873,4.781767943164702,0.04203070682738728
jjas_tp,tp,ecmwf,3,23.0,87.5,35,2.1657942446164378,5.2249049646196,0.2307234915174418
jjas_tp,tp,ecmwf,3,24.5,72.5,35,-2.6069671962658045,7.002198072940042,0.3804209337290772
jjas_tp,tp,ecmwf,3,24.5,74.0,35,-1.1737793217781547,5.4321993571528315,0.37769755221198165
jjas_tp,tp,ecmwf,3,24.5,75.5,35,-9.013520479881805,15.08753199220395,0.12164669118078045
jjas_tp,tp,ecmwf,3,24.5,77.0,35,-5.238615838245269,10.54502494938332,0.23653517482856465
jjas_tp,tp,ecmwf,3,24.5,78.5,35,-0.13585002358390988,6.435023346475949,0.2797997361217137
jjas_tp,tp,ecmwf,3,24.5,80.0,35,-0.1359067283798162,6.479568072399998,0.311075514868493
jjas_tp,tp,ecmwf,3,24.5,81.5,35,-1.113872760464155,9.03845158982132,0.39582861965006266
jjas_tp,tp,ecmwf,3,24.5,83.0,35,0.9828186313250823,7.510615915099049,0.19002543018254878
jjas_tp,tp,ecmwf,3,24.5,84.5,35,1.3178647714665863,7.994745332463342,-0.05070895024572276
jjas_tp,tp,ecmwf,3,24.5,86.0,35,1.6755902918476966,9.212707156562459,-0.0403708654361187
jjas_tp,tp,ecmwf,3,24.5,87.5,35,4.0353359121080565,7.472949713385138,0.10807456247211324
jjas_tp,tp,ecmwf,3,24.5,93.5,35,7.065233089416115,7.898255816488036,0.22655569224516314
jjas_tp,tp,ecmwf,3,26.0,71.0,35,-0.2583958586679358,4.024815767742555,-0.2575951796386816
jjas_tp,tp,ecmwf,3,26.0,72.5,35,-0.5160331997036912,4.418954090156871,-0.36592301110599496
jjas_tp,tp,ecmwf,3,26.0,74.0,35,-1.8365415680825703,6.647757113596458,-0.11647414988217561
jjas_tp,tp,ecmwf,3,26.0,75.5,35,-2.5537211385677887,7.120416726070593,0.14275855108476804
jjas_tp,tp,ecmwf,3,26.0,77.0,35,0.9488608189305008,3.9965402816725293,0.26861878857905425
jjas_tp,tp,ecmwf,3,26.0,78.5,35,1.74989020011565,3.7959114508537835,0.4638765357971412
jjas_tp,tp,ecmwf,3,26.0,80.0,35,2.1842543362763323,5.993315984811792,0.00355010270870743
jjas_tp,tp,ecmwf,3,26.0,81.5,35,3.6244163029142094,9.07278447875971,0.03913443732267908
jjas_tp,tp,ecmwf,3,26.0,83.0,35,1.029222299340331,14.532262634539098,-0.05176570772183293
jjas_tp,tp,ecmwf,3,26.0,84.5,35,1.5476375053796438,9.465845851560026,-0.008615964870342245
jjas_tp,tp,ecmwf,3,26.0,86.0,35,0.061545282939505036,13.582409587108742,-0.06312062330154937
jjas_tp,tp,ecmwf,3,26.0,87.5,35,2.718210409258582,13.366273666482437,-0.3100060102572444
jjas_tp,tp,ecmwf,3,26.0,90.5,35,-0.20324394687096606,14.384619578228833,0.09420027619760032
jjas_tp,tp,ecmwf,3,26.0,92.0,35,12.241909293376356,14.454886732193938,-0.11483823554297486
jjas_tp,tp,ecmwf,3,26.0,93.5,35,7.248568815714543,8.824193506663267,-0.22641302254585194
jjas_tp,tp,ecmwf,3,26.0,95.0,35,8.07984684403792,10.527103079152033,-0.2734013082503594
jjas_tp,tp,ecmwf,3,27.5,71.0,35,-0.11321308378356576,2.561165226524482,-0.19420037630570935
jjas_tp,tp,ecmwf,3,27.5,72.5,35,-0.4179585097003566,2.8207935043598025,0.09864671003429253
jjas_tp,tp,ecmwf,3,27.5,74.0,35,-0.814092210547606,3.5918535187720666,-0.017585136421634593
jjas_tp,tp,ecmwf,3,27.5,75.5,35,-4.27672948175992,10.0791603236249,-0.11457375424125898
jjas_tp,tp,ecmwf,3,27.5,77.0,35,2.2011916420071325,3.55453376880066,0.3962077268946047
jjas_tp,tp,ecmwf,3,27.5,78.5,35,2.0095297636466847,4.372650881809087,0.21693631704035063
jjas_tp,tp,ecmwf,3,27.5,80.0,35,1.1826742025213548,5.506157599157443,0.2655174134401529
jjas_tp,tp,ecmwf,3,27.5,81.5,35,-1.4438448121243233,12.898476937903979,0.04839034904194931
jjas_tp,tp,ecmwf,3,27.5,93.5,35,-4.213592471267436,11.45555019746168,0.1839474473992033
jjas_tp,tp,ecmwf,3,27.5,95.0,35,5.392593650121144,9.310476144640567,0.06505114675541639
jjas_tp,tp,ecmwf,3,29.0,74.0,35,1.5365509215203932,2.186618451470778,0.14775605134720676
jjas_tp,tp,ecmwf,3,29.0,75.5,35,2.4151182819885677,3.3378375584375837,0.005282802813855253
jjas_tp,tp,ecmwf,3,29.0,77.0,35,3.2125772502918983,4.968406582966512,0.22761795159211778
jjas_tp,tp,ecmwf,3,29.0,78.5,35,3.5280804060361852,5.578791563262003,0.04815246821797126
jjas_tp,tp,ecmwf,3,29.0,80.0,35,-0.5566572963739832,7.055472401867688,0.15631468776431653
jjas_tp,tp,ecmwf,3,29.0,95.0,35,2.8779921930167953,12.148283828895037,0.25349589936091704
jjas_tp,tp,ecmwf,3,30.5,74.0,35,1.9068296044576218,3.5706925416039645,-0.004823922437005817
jjas_tp,tp,ecmwf,3,30.5,75.5,35,1.2736854826636124,5.125512768897596,0.32306535369799855
jjas_tp,tp,ecmwf,3,30.5,77.0,35,-2.0647648729146693,10.565017102530794,-0.0492031636097186
jjas_tp,tp,ecmwf,3,30.5,78.5,35,2.3770494879944004,5.390935304928696,0.06885967540718438
jjas_tp,tp,ecmwf,3,30.5,80.0,35,-5.264804060348804,9.276964183686195,0.16484440084243085
jjas_tp,tp,ecmwf,3,32.0,75.5,35,2.6274356155549032,4.450744002398265,0.5220592513958969
jjas_tp,tp,ecmwf,3,32.0,77.0,35,0.057560230031119125,3.6666205157278804,0.4548753101346588
jjas_tp,tp,ecmwf,3,32.0,78.5,35,1.8408530623960018,2.4028468815967963,0.12525310848740265
jjas_tp,tp,ecmwf,3,33.5,74.0,35,0.7335668048479933,3.355958047103499,0.4264814007773618
jjas_tp,tp,ecmwf,3,33.5,75.5,35,1.692054383097845,2.9231955549259303,0.5638753387068691
jjas_tp,tp,ecmwf,3,33.5,77.0,35,-4.277160763126209,6.889362678657447,-0.27345532647053955
jjas_tp,tp,ecmwf,3,33.5,78.5,35,0.777580748409641,1.2186365594846553,0.7703064184973699
jjas_tp,tp,ecmwf,3,35.0,75.5,35,0.7207091002927388,1.5176188625072269,0.6198665717749793
jjas_tp,tp,ecmwf,3,35.0,77.0,35,-0.7143768600074135,4.330351677076754,0.2820774352876637
jjas_tp,tp,ecmwf,3,35.0,78.5,35,-1.4160017699468301,5.339207464309404,0.24371874115726838
jjas_tp,tp,ecmwf,3,35.0,80.0,35,0.8397367601401302,1.6113385114850962,0.7275091199495827
jjas_tp,tp,ecmwf,3,36.5,74.0,35,-2.0245122427426026,6.872502112224322,-0.09289612552221473
jjas_tp,tp,ecmwf,3,36.5,75.5,35,0.2185809217988338,2.142546345452732,0.21930268105101602
jjas_tp,tp,ecmwf,4,9.5,77.0,35,-9.350029182958977,19.586997971758247,-0.32457048899873076
jjas_tp,tp,ecmwf,4,9.5,78.5,35,-1.0782504506549462,3.028135244096338,0.3894973348579571
jjas_tp,tp,ecmwf,4,11.0,77.0,35,5.9350850498751315,8.954329310610156,-0.20313452303532015
jjas_tp,tp,ecmwf,4,11.0,78.5,35,0.6324673019657842,3.2752771157974334,0.03969247609328891
jjas_tp,tp,ecmwf,4,12.5,75.5,35,-14.667973921096914,30.25072135442386,-0.18199755949356977
jjas_tp,tp,ecmwf,4,12.5,77.0,35,-0.059168555092100304,5.1887888376387075,0.39111547069214986
jjas_tp,tp,ecmwf,4,12.5,78.5,35,-0.3165626025776076,6.761525208943634,-0.67251595418612
jjas_tp,tp,ecmwf,4,14.0,75.5,35,5.162388469662385,11.61123525786979,-0.08822537675147517
jjas_tp,tp,ecmwf,4,14.0,77.0,35,-0.8798333456353549,7.218569023226866,-0.15144565121373166
jjas_tp,tp,ecmwf,4,14.0,78.5,35,-0.6456211786817612,5.96453787339096,-0.3315169224743982
jjas_tp,tp,ecmwf,4,14.0,80.0,35,-1.5766563586045177,5.677048859060377,-0.3897339086022622
jjas_tp,tp,ecmwf,4,15.5,74.0,35,-29.1506207949837,38.677157409989135,-0.16164889762164944
jjas_tp,tp,ecmwf,4,15.5,75.5,35,0.8181714429419776,5.2675783250474915,0.12640294553846607
jjas_tp,tp,ecmwf,4,15.5,77.0,35,0.07342089289295535,3.607963531715624,0.08784842665605723
jjas_tp,tp,ecmwf,4,15.5,78.5,35,-1.5240901749925169,6.181924428455919,-0.3664650111000045
jjas_tp,tp,ecmwf,4,15.5,80.0,35,-2.472477365511583,7.330281196092203,-0.1384186128614206
jjas_tp,tp,ecmwf,4,17.0,74.0,35,-0.06176054682057949,12.098791397359197,0.37164678532140977
jjas_tp,tp,ecmwf,4,17.0,75.5,35,-0.008158959355466353,4.289297106133385,-0.17104475465990532
jjas_tp,tp,ecmwf,4,17.0,77.0,35,0.2829682054470732,3.006929761035739,0.2515210150364171
jjas_tp,tp,ecmwf,4,17.0,78.5,35,0.128670300797125,4.877407240013826,-0.03497447036760147
jjas_tp,tp,ecmwf,4,17.0,80.0,35,-0.1661248563859558,4.308108965516851,0.3183944947492522
jjas_tp,tp,ecmwf,4,17.0,81.5,35,-0.10414622585833297,4.77035757653297,0.00742812218179292
jjas_tp,tp,ecmwf,4,18.5,74.0,35,4.894967698247859,10.741574110565475,-0.16754035275328813
jjas_tp,tp,ecmwf,4,18.5,75.5,35,-0.22252025529278485,5.5713775298175205,0.13068201638219487
jjas_tp,tp,ecmwf,4,18.5,77.0,35,-0.20753895451746388,5.149289941887309,0.18262984692107218
jjas_tp,tp,ecmwf,4,18.5,78.5,35,-2.5231628442731697,6.295518267684562,0.12474493439329032
jjas_tp,tp,ecmwf,4,18.5,80.0,35,-4.314020293930599,12.683373577074228,-0.007954816614554883
jjas_tp,tp,ecmwf,4,18.5,81.5,35,-2.7348158651388372,11.82643528454125,0.03253129614759761
jjas_tp,tp,ecmwf,4,18.5,83.0,35,0.27913170397108317,6.348924705900713,-0.09714476745836043
jjas_tp,tp,ecmwf,4,20.0,74.0,35,4.997728039986573,8.010400042159457,0.17556859782488293
jjas_tp,tp,ecmwf,4,20.0,75.5,35,-0.5192461840498965,6.175609090065907,-0.030336266376321808
jjas_tp,tp,ecmwf,4,20.0,77.0,35,-0.4500587754642433,3.939262677958687,0.31409893742059564
jjas_tp,tp,ecmwf,4,20.0,78.5,35,2.053250706363979,5.2154711250685075,0.5256806023597321
jjas_tp,tp,ecmwf,4,20.0,80.0,35,-6.685966657011716,13.04109929523432,0.2560996680649671
jjas_tp,tp,ecmwf,4,20.0,81.5,35,0.9014306275916935,4.643435127171922,0.3064161495336739
jjas_tp,tp,ecmwf,4,20.0,83.0,35,-0.9189644826276399,6.570265118768187,0.15056377101816365
jjas_tp,tp,ecmwf,4,20.0,84.5,35,-2.683813821004154,8.054828754895517,-0.04989916388634427
jjas_tp,tp,ecmwf,4,21.5,71.0,35,-1.3001177914014248,5.0074675709858845,0.5773850355527382
jjas_tp,tp,ecmwf,4,21.5,74.0,35,-3.018251137365638,10.01341148814256,0.3751148292049272
jjas_tp,tp,ecmwf,4,21.5,75.5,35,-0.9115831521451451,4.505484243375262,0.32180862517618286
jjas_tp,tp,ecmwf,4,21.5,77.0,35,-4.115574910372036,9.899705915180938,-0.24831453171326892
jjas_tp,tp,ecmwf,4,21.5,78.5,35,-0.5557880399496213,6.421047568002895,0.15394592107227645
jjas_tp,tp,ecmwf,4,21.5,80.0,35,-1.068329176300377,6.3666538941527575,0.6142332298295372
jjas_tp,tp,ecmwf,4,21.5,81.5,35,-0.5738287837650086,7.6290095694970885,0.2982837646971866
jjas_tp,tp,ecmwf,4,21.5,83.0,35,-1.482560914174175,8.07320423843539,0.08564749774454221
jjas_tp,tp,ecmwf,4,21.5,84.5,35,-0.05732656313191062,7.079658721977295,0.3153090415660518
jjas_tp,tp,ecmwf,4,21.5,86.0,35,-1.6579140191128319,6.020519934756741,-0.028543964290813163
jjas_tp,tp,ecmwf,4,23.0,71.0,35,-2.1883958993787296,10.128251814866266,0.4159176442511465
jjas_tp,tp,ecmwf,4,23.0,72.5,35,-0.9591066729486077,6.297101734802214,0.31946725115029584
jjas_tp,tp,ecmwf,4,23.0,74.0,35,-0.11768678180089917,7.437363379101322,0.0670552307584245
jjas_tp,tp,ecmwf,4,23.0,75.5,35,-5.621726936728867,12.561407672796381,0.08120647527925545
jjas_tp,tp,ecmwf,4,23.0,77.0,35,-4.904438243185712,11.60589024345731,0.22913246573338758
jjas_tp,tp,ecmwf,4,23.0,78.5,35,-4.751064105168373,11.687069426090885,0.06383441139138
jjas_tp,tp,ecmwf,4,23.0,80.0,35,-4.060363377454228,10.53117296008614,-0.11921001826269807
jjas_tp,tp,ecmwf,4,23.0,81.5,35,-2.739362748954959,8.105281091391022,0.05622558352104168
jjas_tp,tp,ecmwf,4,23.0,83.0,35,0.4555203009098815,6.751365988108538,0.2616303998342629
jjas_tp,tp,ecmwf,4,23.0,84.5,35,-0.6087666707564988,6.447869457173286,0.14484887960287415
jjas_tp,tp,ecmwf,4,23.0,86.0,35,0.3173794023008541,5.51955012971118,0.006785933516035883
jjas_tp,tp,ecmwf,4,23.0,87.5,35,1.7309914502051449,5.286755532651504,0.2805958816501906
jjas_tp,tp,ecmwf,4,24.5,72.5,35,-2.3846374306783003,5.948365900907579,0.6046681279220599
jjas_tp,tp,ecmwf,4,24.5,74.0,35,-1.3218822459165624,5.364437768783177,0.37506437444353363
jjas_tp,tp,ecmwf,4,24.5,75.5,35,-9.11387132439179,15.061271491927528,0.09272843561266725
jjas_tp,tp,ecmwf,4,24.5,77.0,35,-5.03192659996301,10.11191683686772,0.3029804430749273
jjas_tp,tp,ecmwf,4,24.5,78.5,35,-0.16159903812872903,6.438638474162772,0.0757062576683035
jjas_tp,tp,ecmwf,4,24.5,80.0,35,-0.4019238177146776,6.570469505493237,0.20270981768256316
jjas_tp,tp,ecmwf,4,24.5,81.5,35,-1.7426434854333495,9.86625356754723,-0.11251225613571378
jjas_tp,tp,ecmwf,4,24.5,83.0,35,0.3176800254043217,7.847193558486826,-0.15658647955803923
jjas_tp,tp,ecmwf,4,24.5,84.5,35,0.9227629201235978,7.927739594198288,-0.3133161284839852
jjas_tp,tp,ecmwf,4,24.5,86.0,35,1.2319755799878667,9.144119963456149,-0.1449645153630848
jjas_tp,tp,ecmwf,4,24.5,87.5,35,2.4174870355689246,7.468233062085867,-0.01873374306194435
jjas_tp,tp,ecmwf,4,24.5,93.5,35,5.392023043759579,6.605046357699837,0.08725588334671613
jjas_tp,tp,ecmwf,4,26.0,71.0,35,-0.1781091990402978,3.755032156024244,-0.40314513233077237
jjas_tp,tp,ecmwf,4,26.0,72.5,35,-0.44582646411666493,3.9661098246087025,-0.1706391129228968
jjas_tp,tp,ecmwf,4,26.0,74.0,35,-2.0923319380872423,6.44021048125976,-0.08281269748429537
jjas_tp,tp,ecmwf,4,26.0,75.5,35,-2.5938006586598688,6.733187305133226,0.363830875758736
jjas_tp,tp,ecmwf,4,26.0,77.0,35,1.119360483112669,3.7829150529233715,0.1572411471536046
jjas_tp,tp,ecmwf,4,26.0,78.5,35,1.6200300192708248,4.2786656056299455,0.030917411049782618
jjas_tp,tp,ecmwf,4,26.0,80.0,35,1.8401293223432174,5.486730508003197,0.08139867663871045
jjas_tp,tp,ecmwf,4,26.0,81.5,35,2.9632045003087977,9.03628792678879,-0.18323583993572315
jjas_tp,tp,ecmwf,4,26.0,83.0,35,0.5011398510961772,14.727188217597808,-0.2736312981902825
jjas_tp,tp,ecmwf,4,26.0,84.5,35,0.7663654318465306,9.206764156077458,-0.034432290006880334
jjas_tp,tp,ecmwf,4,26.0,86.0,35,-1.0080388687886104,13.337134680979204,-0.01938187855591789
jjas_tp,tp,ecmwf,4,26.0,87.5,35,1.405537530450383,12.830368167784448,-0.3401369820995389
jjas_tp,tp,ecmwf,4,26.0,90.5,35,-3.331941376720291,13.767257558006119,0.16686597830201033
jjas_tp,tp,ecmwf,4,26.0,92.0,35,7.98131892669442,10.096094647215335,-0.17038560739047118
jjas_tp,tp,ecmwf,4,26.0,93.5,35,4.585719523345458,6.600518004987598,-0.21752917533859684
jjas_tp,tp,ecmwf,4,26.0,95.0,35,5.4241959716920345,8.573683117631647,-0.3468125149844063
jjas_tp,tp,ecmwf,4,27.5,71.0,35,0.017063436164890828,2.3566452702199867,-0.36752237120036957
jjas_tp,tp,ecmwf,4,27.5,72.5,35,-0.367497867651671,2.6478437156926686,0.17400084745325756
jjas_tp,tp,ecmwf,4,27.5,74.0,35,-0.9999134210918947,3.274268825532256,0.03020433792201195
jjas_tp,tp,ecmwf,4,27.5,75.5,35,-4.023910774881993,9.476772609996901,0.25691346347464455
jjas_tp,tp,ecmwf,4,27.5,77.0,35,1.7519996790736974,3.674784255440202,-0.02262050604151889
jjas_tp,tp,ecmwf,4,27.5,78.5,35,1.3468706960992036,4.420146020730445,-0.07979877923944213
jjas_tp,tp,ecmwf,4,27.5,80.0,35,0.3666257873654204,5.938234876877488,-0.02862776553415212
jjas_tp,tp,ecmwf,4,27.5,81.5,35,-1.457880084229421,13.06398790048648,-0.11145226031672628
jjas_tp,tp,ecmwf,4,27.5,93.5,35,-4.335159492224293,11.290413066356557,0.2134248269401238
jjas_tp,tp,ecmwf,4,27.5,95.0,35,4.835925826631454,8.586099430664502,0.007643479519997565
jjas_tp,tp,ecmwf,4,29.0,74.0,35,1.4466303869434933,2.014613191381998,0.1968658053422982
jjas_tp,tp,ecmwf,4,29.0,75.5,35,2.218595450806179,2.9084209557467817,0.19860860821961396
jjas_tp,tp,ecmwf,4,29.0,77.0,35,2.621759428151072,4.2565186986612735,0.4172441573395142
jjas_tp,tp,ecmwf,4,29.0,78.5,35,2.9006283908543127,5.737458259599451,-0.3601699125646025
jjas_tp,tp,ecmwf,4,29.0,80.0,35,-1.2395474019401103,7.271210175546737,-0.026592410027888057
jjas_tp,tp,ecmwf,4,29.0,95.0,35,3.185821811312509,11.90926136735457,0.3342499691815425
jjas_tp,tp,ecmwf,4,30.5,74.0,35,1.6980900156647782,3.1066751311448146,0.2321206087354674
jjas_tp,tp,ecmwf,4,30.5,75.5,35,0.8594537543158701,5.458787255191024,0.09761223875631346
jjas_tp,tp,ecmwf,4,30.5,77.0,35,-2.3837636922655547,11.60137001586919,-0.3371183135614597
jjas_tp,tp,ecmwf,4,30.5,78.5,35,2.1623579823754033,5.027779066806712,0.11934078142801044
jjas_tp,tp,ecmwf,4,30.5,80.0,35,-5.633674273189416,9.968380264804871,-0.09177342270758271
jjas_tp,tp,ecmwf,4,32.0,75.5,35,1.8955726902487575,4.333960786551601,0.3875306544820718
jjas_tp,tp,ecmwf,4,32.0,77.0,35,0.5287867441381088,4.111305309009229,0.18948030695726964
jjas_tp,tp,ecmwf,4,32.0,78.5,35,2.6353834039124395,3.2207700242043518,-0.16182982379249614
jjas_tp,tp,ecmwf,4,33.5,74.0,35,0.3445756260278542,3.464743300043927,0.24055851337978343
jjas_tp,tp,ecmwf,4,33.5,75.5,35,1.4549564861474655,2.833458052975995,0.4818358687432677
jjas_tp,tp,ecmwf,4,33.5,77.0,35,-4.0866605795474085,6.682578551521863,-0.42216831384928094
jjas_tp,tp,ecmwf,4,33.5,78.5,35,0.9094592628275894,1.3860830568830833,0.6909546528879958
jjas_tp,tp,ecmwf,4,35.0,75.5,35,0.898619382627702,1.606611392942051,0.6397165715440853
jjas_tp,tp,ecmwf,4,35.0,77.0,35,-0.9620134655508819,4.557641165236744,-0.04985326264726703
jjas_tp,tp,ecmwf,4,35.0,78.5,35,-1.4444218678273544,5.468102778501812,0.003474516601598892
jjas_tp,tp,ecmwf,4,35.0,80.0,35,0.9068301770269147,1.6784012432639663,0.6434044413106264
jjas_tp,tp,ecmwf,4,36.5,74.0,35,-2.071472185124477,6.854595249826799,-0.09838239007436718
jjas_tp,tp,ecmwf,4,36.5,75.5,35,0.03331670272542321,2.1125111640275223,0.2036670775698414
jjas_tp,tp,ecmwf,5,9.5,77.0,35,-9.72795848176489,19.036627897801047,-0.22750737856862804
jjas_tp,tp,ecmwf,5,9.5,78.5,35,-1.6402425690088134,3.5341650525633326,0.5289071523179493
jjas_tp,tp,ecmwf,5,11.0,77.0,35,5.1668527875266035,8.071586760113501,-0.06992005661175182
jjas_tp,tp,ecmwf,5,11.0,78.5,35,0.11018335257352219,3.3559984965087977,0.1926700325174982
jjas_tp,tp,ecmwf,5,12.5,75.5,35,-15.242825016777857,29.346544805236032,-0.06917939858954363
jjas_tp,tp,ecmwf,5,12.5,77.0,35,-0.2798829981659815,5.093047624049712,0.4000716079133855
jjas_tp,tp,ecmwf,5,12.5,78.5,35,-0.672808948171189,6.603444323986459,-0.5381266263475551
jjas_tp,tp,ecmwf,5,14.0,75.5,35,4.1438221097703085,10.206078759886694,0.05261142138769882
jjas_tp,tp,ecmwf,5,14.0,77.0,35,-1.1488277728557312,7.274160794915698,-0.1504346708204174
jjas_tp,tp,ecmwf,5,14.0,78.5,35,-0.9544802362286684,6.043397601261391,-0.3539898259450308
jjas_tp,tp,ecmwf,5,14.0,80.0,35,-2.2365486185479164,5.518722620052376,-0.007085341290594638
jjas_tp,tp,ecmwf,5,15.5,74.0,35,-27.536075073900367,37.82484817051886,-0.16492494611804426
jjas_tp,tp,ecmwf,5,15.5,75.5,35,0.7289245211649734,5.269083222206195,0.057606346991067495
jjas_tp,tp,ecmwf,5,15.5,77.0,35,-0.2557230413067156,3.5794742281476712,0.12601124874615238
jjas_tp,tp,ecmwf,5,15.5,78.5,35,-2.0798425720600684,6.346577590360711,-0.33791891854455375
jjas_tp,tp,ecmwf,5,15.5,80.0,35,-3.2859130888596293,7.64992999918385,-0.1423278563099921
jjas_tp,tp,ecmwf,5,17.0,74.0,35,-0.17664056413876814,12.121454292649334,0.3682685674367912
jjas_tp,tp,ecmwf,5,17.0,75.5,35,-0.3123653806062661,4.246774454938944,-0.1857625374655568
jjas_tp,tp,ecmwf,5,17.0,77.0,35,0.06597185258882887,2.795826104520349,0.37780880869014866
jjas_tp,tp,ecmwf,5,17.0,78.5,35,-0.27057395848611393,4.7696595274289075,-0.001314458711152802
jjas_tp,tp,ecmwf,5,17.0,80.0,35,-0.6025383029191053,4.3519810885554335,0.24373858556722616
jjas_tp,tp,ecmwf,5,17.0,81.5,35,-0.18475003466691275,4.653872024605104,0.0019507006379734235
jjas_tp,tp,ecmwf,5,18.5,74.0,35,4.563612579244008,11.466891019113325,-0.31944738073576195
jjas_tp,tp,ecmwf,5,18.5,75.5,35,-0.5655825153230744,5.698440851875637,0.06693221710129318
jjas_tp,tp,ecmwf,5,18.5,77.0,35,-0.8064652184850123,5.294442943823425,0.1332037737780932
jjas_tp,tp,ecmwf,5,18.5,78.5,35,-2.8945377182603433,6.6683341719819635,-0.050610043260117685
jjas_tp,tp,ecmwf,5,18.5,80.0,35,-4.5044971703943455,12.954296842534387,-0.12681819330482896
jjas_tp,tp,ecmwf,5,18.5,81.5,35,-3.1324298770856513,12.314033944834808,-0.0810220368903379
jjas_tp,tp,ecmwf,5,18.5,83.0,35,0.2691217191851128,6.424922785706397,-0.28408103972971466
jjas_tp,tp,ecmwf,5,20.0,74.0,35,3.672842839868813,8.876790549201042,-0.03748204240917612
jjas_tp,tp,ecmwf,5,20.0,75.5,35,-0.8499054781383569,6.672294032033179,-0.1604926502452846
jjas_tp,tp,ecmwf,5,20.0,77.0,35,-0.6812303837931951,4.906915561196443,-0.008514521876181503
jjas_tp,tp,ecmwf,5,20.0,78.5,35,1.9150868458024506,5.817588213635458,0.16643895257026128
jjas_tp,tp,ecmwf,5,20.0,80.0,35,-6.282762774772631,13.385026652924578,0.020918168808427163
jjas_tp,tp,ecmwf,5,20.0,81.5,35,1.0745992582033674,5.3614340256803725,0.008639160963054067
jjas_tp,tp,ecmwf,5,20.0,83.0,35,-0.6618878257632483,6.040798994707631,0.3403437632354646
jjas_tp,tp,ecmwf,5,20.0,84.5,35,-2.6496914235694717,8.043280388958207,-0.022725878407595466
jjas_tp,tp,ecmwf,5,21.5,71.0,35,-1.3871155428335649,5.542803186680425,0.34953051594667117
jjas_tp,tp,ecmwf,5,21.5,74.0,35,-3.417578669220984,10.061523315421567,0.3566624328841594
jjas_tp,tp,ecmwf,5,21.5,75.5,35,-1.2346402820299875,4.9307895025935125,0.14556982551804357
jjas_tp,tp,ecmwf,5,21.5,77.0,35,-3.874002978445758,10.004150461249587,-0.34493123968779194
jjas_tp,tp,ecmwf,5,21.5,78.5,35,-0.38639493506899447,6.4803619635731575,0.12058192428551012
jjas_tp,tp,ecmwf,5,21.5,80.0,35,-0.3726132577435751,6.34540970050609,0.4489467048331596
jjas_tp,tp,ecmwf,5,21.5,81.5,35,-0.3592601214426254,7.624683494791292,0.2797922717640059
jjas_tp,tp,ecmwf,5,21.5,83.0,35,-0.9013019561589029,7.836175975885977,0.06664017907312608
jjas_tp,tp,ecmwf,5,21.5,84.5,35,0.3376454225030878,6.9782109648566495,0.35439301944706525
jjas_tp,tp,ecmwf,5,21.5,86.0,35,-1.2997530850375296,5.840217286625028,-0.03435953348653191
jjas_tp,tp,ecmwf,5,23.0,71.0,35,-2.441822338778812,10.236155962427949,0.4238712401036642
jjas_tp,tp,ecmwf,5,23.0,72.5,35,-1.2644575158424547,6.4843477333224255,0.08456085349742326
jjas_tp,tp,ecmwf,5,23.0,74.0,35,-0.09995323651894307,7.228828594657017,0.09698823618758304
jjas_tp,tp,ecmwf,5,23.0,75.5,35,-4.87263363264891,11.836937449536054,0.21691086576081006
jjas_tp,tp,ecmwf,5,23.0,77.0,35,-4.512623560925484,11.372756753948588,0.26975987284641484
jjas_tp,tp,ecmwf,5,23.0,78.5,35,-4.337594252503313,11.386435463358072,0.12635998128270148
jjas_tp,tp,ecmwf,5,23.0,80.0,35,-3.3806794609976234,9.954465328206878,-0.037403894580070006
jjas_tp,tp,ecmwf,5,23.0,81.5,35,-2.44210693544934,7.747817362287431,0.18109602143418918
jjas_tp,tp,ecmwf,5,23.0,83.0,35,0.4340507669931889,6.447272697003935,0.37401798636997685
jjas_tp,tp,ecmwf,5,23.0,84.5,35,-0.5590664891598857,6.582661989077602,-0.0593194282362175
jjas_tp,tp,ecmwf,5,23.0,86.0,35,0.3389178099632178,5.677383469077174,-0.07208202223028225
jjas_tp,tp,ecmwf,5,23.0,87.5,35,1.4514871734968238,5.610912319560187,0.029771630667262215
jjas_tp,tp,ecmwf,5,24.5,72.5,35,-2.1951470163530082,6.335976701905028,0.48005354505064035
jjas_tp,tp,ecmwf,5,24.5,74.0,35,-1.0384092541613983,5.375858997524865,0.35507215386902463
jjas_tp,tp,ecmwf,5,24.5,75.5,35,-8.649847778428022,14.72884645636569,0.19324956326688986
jjas_tp,tp,ecmwf,5,24.5,77.0,35,-4.74142052971422,9.858183572774582,0.48668666642278663
jjas_tp,tp,ecmwf,5,24.5,78.5,35,-0.12236549602057677,6.300168912410321,0.09084710979250415
jjas_tp,tp,ecmwf,5,24.5,80.0,35,-0.42235582155036944,6.268058058343652,0.3424454949506959
jjas_tp,tp,ecmwf,5,24.5,81.5,35,-1.9595714272755995,9.596016639447337,-0.057606520869589596
jjas_tp,tp,ecmwf,5,24.5,83.0,35,0.022065278068529922,7.781141761336726,-0.24255817583626219
jjas_tp,tp,ecmwf,5,24.5,84.5,35,0.7374417511146562,7.953272754123895,-0.3731579686842135
jjas_tp,tp,ecmwf,5,24.5,86.0,35,0.9804993292698394,9.052973862775318,-0.1727526338852572
jjas_tp,tp,ecmwf,5,24.5,87.5,35,1.343307962128414,7.780541358266906,-0.038139386558670316
jjas_tp,tp,ecmwf,5,24.5,93.5,35,4.885151203319189,6.405789838213728,-0.018811219697944297
jjas_tp,tp,ecmwf,5,26.0,71.0,35,-0.09073991797324722,3.320665467779509,-0.16643243697627547
jjas_tp,tp,ecmwf,5,26.0,72.5,35,-0.33518679357232917,3.601301024861029,0.023550982795286193
jjas_tp,tp,ecmwf,5,26.0,74.0,35,-1.8969050557262168,6.005581216808957,0.2379691731556177
jjas_tp,tp,ecmwf,5,26.0,75.5,35,-2.291705075103904,6.494032362257526,0.519778045788527
jjas_tp,tp,ecmwf,5,26.0,77.0,35,1.1737805186880856,3.4480498442358583,0.3717450744764014
jjas_tp,tp,ecmwf,5,26.0,78.5,35,1.458364713455209,3.975699469112352,0.20529352368822817
jjas_tp,tp,ecmwf,5,26.0,80.0,35,1.5541927021046085,5.138787504934825,0.19969819776457867
jjas_tp,tp,ecmwf,5,26.0,81.5,35,2.3794340906230667,8.807039128705078,-0.1880890674716631
jjas_tp,tp,ecmwf,5,26.0,83.0,35,-0.24330787293350897,14.729442781831885,-0.3225390692552542
jjas_tp,tp,ecmwf,5,26.0,84.5,35,-0.04220188353920809,9.2780676681928,-0.3342722235025642
jjas_tp,tp,ecmwf,5,26.0,86.0,35,-1.82259935508672,13.48613151662972,-0.22757382201899393
jjas_tp,tp,ecmwf,5,26.0,87.5,35,-0.029945733702364696,12.706992734289265,-0.48749673271133015
jjas_tp,tp,ecmwf,5,26.0,90.5,35,-3.5565331699666927,14.171454839365715,-0.23609002071108626
jjas_tp,tp,ecmwf,5,26.0,92.0,35,5.951351686339194,8.293904678219015,-0.28144575297961827
jjas_tp,tp,ecmwf,5,26.0,93.5,35,3.229735032382163,5.793973454266163,-0.3824361975117076
jjas_tp,tp,ecmwf,5,26.0,95.0,35,4.156981731556534,7.835844344568765,-0.36587581410465503
jjas_tp,tp,ecmwf,5,27.5,71.0,35,0.0165914944108284,2.0886195965654006,-0.09606614288384653
jjas_tp,tp,ecmwf,5,27.5,72.5,35,-0.4025400447316868,2.399097506802316,0.39893141546487493
jjas_tp,tp,ecmwf,5,27.5,74.0,35,-1.0478683342050341,3.1570180511498345,0.027721305630445624
jjas_tp,tp,ecmwf,5,27.5,75.5,35,-3.9594799768571836,9.587720582288908,0.10561801985678224
jjas_tp,tp,ecmwf,5,27.5,77.0,35,1.6281128650774512,3.56632244123902,-0.21485314098385833
jjas_tp,tp,ecmwf,5,27.5,78.5,35,1.0255570042562294,4.072542367235111,-0.10373869190503111
jjas_tp,tp,ecmwf,5,27.5,80.0,35,-0.08429739674881713,5.951483720305364,-0.12252929797873226
jjas_tp,tp,ecmwf,5,27.5,81.5,35,-2.253787605783943,13.115200744752146,-0.2591949179425927
jjas_tp,tp,ecmwf,5,27.5,93.5,35,-4.945163337805071,11.805875504646359,0.03068981777927134
jjas_tp,tp,ecmwf,5,27.5,95.0,35,3.188974503849187,7.214153908056081,0.09262773936269104
jjas_tp,tp,ecmwf,5,29.0,74.0,35,1.3761078187786833,2.0098527583216272,0.044231401805107706
jjas_tp,tp,ecmwf,5,29.0,75.5,35,2.1911558410298304,3.0668041940658513,-0.04977753672447675
jjas_tp,tp,ecmwf,5,29.0,77.0,35,2.50288493028312,4.485770237572979,0.15088575012720443
jjas_tp,tp,ecmwf,5,29.0,78.5,35,2.663766348664409,5.260019556725668,-0.23031630542510761
jjas_tp,tp,ecmwf,5,29.0,80.0,35,-1.5266054903566628,7.158951454785192,-0.06500317592572842
jjas_tp,tp,ecmwf,5,29.0,95.0,35,1.650024129429973,11.829217106928745,0.2711747737838438
jjas_tp,tp,ecmwf,5,30.5,74.0,35,1.554732554659179,3.23031675903875,0.025163226409580738
jjas_tp,tp,ecmwf,5,30.5,75.5,35,0.873805408966109,5.591927006447392,-0.053564522746476495
jjas_tp,tp,ecmwf,5,30.5,77.0,35,-2.386242387631234,11.601071850154941,-0.38056911397675736
jjas_tp,tp,ecmwf,5,30.5,78.5,35,2.193799424643486,4.9211570201792165,0.15922396972181044
jjas_tp,tp,ecmwf,5,30.5,80.0,35,-5.663068498706345,9.946819341989206,-0.1481818243635349
jjas_tp,tp,ecmwf,5,32.0,75.5,35,1.6694906909268319,3.9628805770308224,0.5033669638598349
jjas_tp,tp,ecmwf,5,32.0,77.0,35,0.5585574724379153,4.060279623780816,0.19329332472654007
jjas_tp,tp,ecmwf,5,32.0,78.5,35,2.63781989486304,3.168741290335735,-0.1500535564535491
jjas_tp,tp,ecmwf,5,33.5,74.0,35,0.14004529574680158,3.1160080183130896,0.39377026482706334
jjas_tp,tp,ecmwf,5,33.5,75.5,35,1.3950871246633687,2.6362987282818304,0.521221277150099
jjas_tp,tp,ecmwf,5,33.5,77.0,35,-4.004550740878926,6.771112817317751,-0.4866950242010527
jjas_tp,tp,ecmwf,5,33.5,78.5,35,0.9486691959901723,1.3845897957976625,0.7344549558511562
jjas_tp,tp,ecmwf,5,35.0,75.5,35,0.8652643335409232,1.5929814153591668,0.6277967332313417
jjas_tp,tp,ecmwf,5,35.0,77.0,35,-0.9938620044308208,4.584999860339859,-0.08636901423228713
jjas_tp,tp,ecmwf,5,35.0,78.5,35,-1.445796461466255,5.467117764407198,-0.009921734381292761
jjas_tp,tp,ecmwf,5,35.0,80.0,35,0.8822517842794092,1.6521076206703613,0.6887386460238282
jjas_tp,tp,ecmwf,5,36.5,74.0,35,-2.1098646903735343,6.811638863456592,-0.04376875205789556
jjas_tp,tp,ecmwf,5,36.5,75.5,35,0.006842573590468252,2.0877942600984283,0.22866876692257385
jjas_tp,tp,ecmwf,6,9.5,77.0,35,-9.594443218697194,19.016946550912923,-0.18410837407376252
jjas_tp,tp,ecmwf,6,9.5,78.5,35,-1.3533425175334124,4.168412501383723,0.29039381634436984
jjas_tp,tp,ecmwf,6,11.0,77.0,35,4.28152376828497,7.217847161796632,0.08824208148640028
jjas_tp,tp,ecmwf,6,11.0,78.5,35,0.24534411371491072,3.4358771191278685,0.1619756505891397
jjas_tp,tp,ecmwf,6,12.5,75.5,35,-14.59902387660094,29.196964349547763,-0.08364410200417115
jjas_tp,tp,ecmwf,6,12.5,77.0,35,-0.5407858972377099,5.018267342969563,0.43066183917238354
jjas_tp,tp,ecmwf,6,12.5,78.5,35,-0.7091225375880774,6.577841180837945,-0.5396450749445892
jjas_tp,tp,ecmwf,6,14.0,75.5,35,2.7483587485221563,10.027769576722608,-0.012492566938545816
jjas_tp,tp,ecmwf,6,14.0,77.0,35,-1.275277514897076,7.3915387043433665,-0.2316917433364771
jjas_tp,tp,ecmwf,6,14.0,78.5,35,-0.8954158272436818,6.102019229242823,-0.4253346981945936
jjas_tp,tp,ecmwf,6,14.0,80.0,35,-2.017147800501438,5.918135895354526,0.3427372841440644
jjas_tp,tp,ecmwf,6,15.5,74.0,35,-25.91720694960195,37.08726440277209,-0.26457949630985234
jjas_tp,tp,ecmwf,6,15.5,75.5,35,0.1066791803788228,5.416811738151341,-0.01900305208653214
jjas_tp,tp,ecmwf,6,15.5,77.0,35,-0.2918235713655725,3.695861339559038,0.052200177634473634
jjas_tp,tp,ecmwf,6,15.5,78.5,35,-2.144300056516155,6.329973604644305,-0.3307339353255239
jjas_tp,tp,ecmwf,6,15.5,80.0,35,-3.4466529407629203,8.024690764427113,-0.28186423432672153
jjas_tp,tp,ecmwf,6,17.0,74.0,35,-0.33821159137390816,12.830008582137564,0.20130547273794128
jjas_tp,tp,ecmwf,6,17.0,75.5,35,-0.6749662352289045,4.161540418029771,-0.1460999538155309
jjas_tp,tp,ecmwf,6,17.0,77.0,35,-0.24837869596432846,2.9232121897108794,0.26447819709558346
jjas_tp,tp,ecmwf,6,17.0,78.5,35,-0.5535962494089764,4.629725981525126,0.09701576315136153
jjas_tp,tp,ecmwf,6,17.0,80.0,35,-1.1192469784218924,4.719163505389609,0.013683877790243056
jjas_tp,tp,ecmwf,6,17.0,81.5,35,-0.7449733994588711,4.911428906738702,-0.09613847677607956
jjas_tp,tp,ecmwf,6,18.5,74.0,35,3.70037782439406,10.944455514563002,-0.3662483327407229
jjas_tp,tp,ecmwf,6,18.5,75.5,35,-0.9761291719388875,5.789862589108935,-0.036947590743332634
jjas_tp,tp,ecmwf,6,18.5,77.0,35,-1.4374883573572013,5.25671203054444,0.10711806196165155
jjas_tp,tp,ecmwf,6,18.5,78.5,35,-3.2757325051724706,6.867124460752585,-0.22024244721552264
jjas_tp,tp,ecmwf,6,18.5,80.0,35,-4.871869348158983,13.496062270250327,-0.2585692802655755
jjas_tp,tp,ecmwf,6,18.5,81.5,35,-3.4430463017470743,12.892968599753978,-0.26155988522199486
jjas_tp,tp,ecmwf,6,18.5,83.0,35,-0.5423513391549528,6.161401636577511,-0.11995792604211361
jjas_tp,tp,ecmwf,6,20.0,74.0,35,3.0066932102339794,8.58903818790574,-0.10351380417232686
jjas_tp,tp,ecmwf,6,20.0,75.5,35,-1.1086040196927547,6.694378328767466,-0.3504497116324124
jjas_tp,tp,ecmwf,6,20.0,77.0,35,-0.8727085318246499,4.940352690034792,-0.17850809425735645
jjas_tp,tp,ecmwf,6,20.0,78.5,35,1.6107003668137654,5.760924637467709,0.13637411799641233
jjas_tp,tp,ecmwf,6,20.0,80.0,35,-6.274656569231719,13.62458004289856,-0.07877307212420392
jjas_tp,tp,ecmwf,6,20.0,81.5,35,0.6499258349339747,4.875936900419377,-0.04796976839343313
jjas_tp,tp,ecmwf,6,20.0,83.0,35,-1.0086229550648729,6.413992568014761,0.11872479703361605
jjas_tp,tp,ecmwf,6,20.0,84.5,35,-3.3255160681782194,7.994555981179438,0.07330416679661338
jjas_tp,tp,ecmwf,6,21.5,71.0,35,-1.8652141142670742,6.110033702848076,0.06020192310500912
jjas_tp,tp,ecmwf,6,21.5,74.0,35,-3.040288778100788,10.139222185500971,0.2735846503528529
jjas_tp,tp,ecmwf,6,21.5,75.5,35,-1.226131354535936,4.896699850954167,0.10005525895862835
jjas_tp,tp,ecmwf,6,21.5,77.0,35,-3.5487248942691347,9.725659520351801,-0.3613440891243057
jjas_tp,tp,ecmwf,6,21.5,78.5,35,-0.7093980508320668,6.364966836985355,0.0762706862260768
jjas_tp,tp,ecmwf,6,21.5,80.0,35,-0.22267375325264113,5.819218379086913,0.5195417265766271
jjas_tp,tp,ecmwf,6,21.5,81.5,35,-0.6701009542138809,7.715755954762862,0.21938108026230527
jjas_tp,tp,ecmwf,6,21.5,83.0,35,-0.6812212507482366,7.637880774391441,-0.11473586340584606
jjas_tp,tp,ecmwf,6,21.5,84.5,35,0.17380578271122063,6.86380923143214,0.3387694799045103
jjas_tp,tp,ecmwf,6,21.5,86.0,35,-1.2924231373547719,5.930618965905803,-0.18409971720851584
jjas_tp,tp,ecmwf,6,23.0,71.0,35,-3.0100853976520536,10.760413814054578,0.11238725219591027
jjas_tp,tp,ecmwf,6,23.0,72.5,35,-1.570869281617003,6.974111742187337,-0.290559352441315
jjas_tp,tp,ecmwf,6,23.0,74.0,35,0.5094228581308132,7.213246352264323,-0.03726247394265583
jjas_tp,tp,ecmwf,6,23.0,75.5,35,-3.8809596211953403,11.393012735273377,0.08627361141880432
jjas_tp,tp,ecmwf,6,23.0,77.0,35,-3.685873765154799,11.243623164750103,0.07096155489620742
jjas_tp,tp,ecmwf,6,23.0,78.5,35,-3.5144740132426993,10.976689663351575,0.10937966295284512
jjas_tp,tp,ecmwf,6,23.0,80.0,35,-2.849390713432879,9.9862143747891,-0.21980643282757226
jjas_tp,tp,ecmwf,6,23.0,81.5,35,-1.618445124304522,7.471696012159642,-0.0012845996057247533
jjas_tp,tp,ecmwf,6,23.0,83.0,35,1.515182017536493,5.562479438477704,0.22742355328223052
jjas_tp,tp,ecmwf,6,23.0,84.5,35,-0.33084587192993586,6.781703387796293,-0.2546982432439269
jjas_tp,tp,ecmwf,6,23.0,86.0,35,0.40672569726951746,5.692241308085929,-0.1269687378993858
jjas_tp,tp,ecmwf,6,23.0,87.5,35,1.4849385847127832,5.758484443983308,0.03786273731525919
jjas_tp,tp,ecmwf,6,24.5,72.5,35,-2.3413837536084072,6.678881725348901,0.3275942854718402
jjas_tp,tp,ecmwf,6,24.5,74.0,35,-0.7483421503604468,5.5450375761817865,0.17784259537461955
jjas_tp,tp,ecmwf,6,24.5,75.5,35,-7.823962223563077,14.565219069863474,-0.06755764743404827
jjas_tp,tp,ecmwf,6,24.5,77.0,35,-4.376845465305688,9.871966050243588,0.3103648051383351
jjas_tp,tp,ecmwf,6,24.5,78.5,35,0.3500226478385857,6.24172218814325,0.1006787061331711
jjas_tp,tp,ecmwf,6,24.5,80.0,35,0.517151524091689,6.089331331699798,0.16040852214866805
jjas_tp,tp,ecmwf,6,24.5,81.5,35,-0.8942556046731208,8.861840165876997,-0.012609873109480746
jjas_tp,tp,ecmwf,6,24.5,83.0,35,1.0891774556616074,7.139704346025364,-0.2518733932290503
jjas_tp,tp,ecmwf,6,24.5,84.5,35,1.28477889761938,8.21462402167908,-0.516064784010764
jjas_tp,tp,ecmwf,6,24.5,86.0,35,1.4113128126587737,9.640796437232419,-0.44947332581165633
jjas_tp,tp,ecmwf,6,24.5,87.5,35,1.5371590670139215,8.031166108517317,-0.11445043591836311
jjas_tp,tp,ecmwf,6,24.5,93.5,35,4.525399826187177,6.290760655630763,-0.14555247950057523
jjas_tp,tp,ecmwf,6,26.0,71.0,35,-0.24804787713764165,3.419362780317659,-0.27591617402639396
jjas_tp,tp,ecmwf,6,26.0,72.5,35,-0.4128470000524395,4.023795721199437,-0.3730916711671069
jjas_tp,tp,ecmwf,6,26.0,74.0,35,-1.3579290457165383,5.918274807627797,-0.12140739936365139
jjas_tp,tp,ecmwf,6,26.0,75.5,35,-2.3752072589479325,6.980501946693522,0.11526688048891251
jjas_tp,tp,ecmwf,6,26.0,77.0,35,1.4946893263508365,3.307098064017084,0.39806833091132904
jjas_tp,tp,ecmwf,6,26.0,78.5,35,2.056805253567475,3.9213715256402844,0.21577234048035548
jjas_tp,tp,ecmwf,6,26.0,80.0,35,2.047451198992641,5.636215074684076,0.026663680407362528
jjas_tp,tp,ecmwf,6,26.0,81.5,35,2.9618047396847476,8.902859825892225,-0.2246402353261433
jjas_tp,tp,ecmwf,6,26.0,83.0,35,0.4489507428309253,14.724665507511489,-0.35072394980200156
jjas_tp,tp,ecmwf,6,26.0,84.5,35,0.8277772692842463,9.01805305707944,-0.3048568066234313
jjas_tp,tp,ecmwf,6,26.0,86.0,35,-1.278887113613962,13.79741326713072,-0.4374047702677586
jjas_tp,tp,ecmwf,6,26.0,87.5,35,0.7308615429042534,12.801062333872425,-0.6611843223570045
jjas_tp,tp,ecmwf,6,26.0,90.5,35,-1.631176152448059,12.649538546947884,-0.11417291491007218
jjas_tp,tp,ecmwf,6,26.0,92.0,35,6.052460717504286,8.339856307373527,-0.29941000109774996
jjas_tp,tp,ecmwf,6,26.0,93.5,35,3.44738005574919,5.884530851315103,-0.36338123385322435
jjas_tp,tp,ecmwf,6,26.0,95.0,35,3.9272104784736883,7.6454855893711064,-0.3943696197557989
jjas_tp,tp,ecmwf,6,27.5,71.0,35,-0.2871401541000838,2.270665771997322,-0.35563155319129314
jjas_tp,tp,ecmwf,6,27.5,72.5,35,-0.6281710995758318,2.580817790282641,0.17044973507630784
jjas_tp,tp,ecmwf,6,27.5,74.0,35,-1.0812256142928376,3.3542409882701985,-0.23728097180404345
jjas_tp,tp,ecmwf,6,27.5,75.5,35,-3.984126036138141,9.810237365749577,-0.09964159269018649
jjas_tp,tp,ecmwf,6,27.5,77.0,35,1.652509106485387,3.340844568469465,-0.032402079568993325
jjas_tp,tp,ecmwf,6,27.5,78.5,35,1.5088493738205766,3.4634791228222745,0.2766329343845354
jjas_tp,tp,ecmwf,6,27.5,80.0,35,0.7780821986650513,5.118953794955475,-0.02588101633887705
jjas_tp,tp,ecmwf,6,27.5,81.5,35,-0.31136298579461796,10.406556477808072,-0.07910166296585147
jjas_tp,tp,ecmwf,6,27.5,93.5,35,-3.102493471047721,10.186487725435411,0.14408513808362092
jjas_tp,tp,ecmwf,6,27.5,95.0,35,3.7881053884073093,7.337357122133873,0.05357593090834175
jjas_tp,tp,ecmwf,6,29.0,74.0,35,1.1015739595830856,1.805703066487359,-0.06810357638616867
jjas_tp,tp,ecmwf,6,29.0,75.5,35,1.8872784900414235,2.7674314919767347,-0.08757796383584747
jjas_tp,tp,ecmwf,6,29.0,77.0,35,2.2952878474330354,4.387981683251098,0.08567179418206529
jjas_tp,tp,ecmwf,6,29.0,78.5,35,2.9371539192108123,5.289367669377086,-0.37038015126487644
jjas_tp,tp,ecmwf,6,29.0,80.0,35,-1.2433547348014338,6.89623140232237,-0.11534401067999021
jjas_tp,tp,ecmwf,6,29.0,95.0,35,3.4656205357620515,9.99905840023693,0.3267936222676438
jjas_tp,tp,ecmwf,6,30.5,74.0,35,1.1806026245738965,3.035591979638489,-0.06393030324949246
jjas_tp,tp,ecmwf,6,30.5,75.5,35,0.5597832417067019,5.293907521013451,0.04733372971459408
jjas_tp,tp,ecmwf,6,30.5,77.0,35,-1.8277908690890297,11.22104761002975,-0.3912586307367205
jjas_tp,tp,ecmwf,6,30.5,78.5,35,2.4667742690811045,5.0891584973254895,0.09395235300282463
jjas_tp,tp,ecmwf,6,30.5,80.0,35,-5.204611198536396,9.739953312066925,-0.23120767727049368
jjas_tp,tp,ecmwf,6,32.0,75.5,35,1.455508870801779,3.8916806057713393,0.48482740517807243
jjas_tp,tp,ecmwf,6,32.0,77.0,35,0.31303839204611755,3.9302519835699643,0.27988863805432285
jjas_tp,tp,ecmwf,6,32.0,78.5,35,2.5976527117923776,3.250701433671557,-0.2173388205696112
jjas_tp,tp,ecmwf,6,33.5,74.0,35,-0.26111122597960584,4.019347072695292,0.27691335774682996
jjas_tp,tp,ecmwf,6,33.5,75.5,35,0.8884628441845642,3.886365231790966,0.22826671681842484
jjas_tp,tp,ecmwf,6,33.5,77.0,35,-3.969136492432426,6.761153735267089,-0.5079816386121861
jjas_tp,tp,ecmwf,6,33.5,78.5,35,0.8948287728045616,1.3379882761622315,0.7656418346688749
jjas_tp,tp,ecmwf,6,35.0,75.5,35,0.5007015398877867,2.107483129765272,0.5002738975959135
jjas_tp,tp,ecmwf,6,35.0,77.0,35,-1.1488737170164058,4.600239456523222,-0.038678519503396847
jjas_tp,tp,ecmwf,6,35.0,78.5,35,-1.5347487336185512,5.469259986997398,0.006509293351784918
jjas_tp,tp,ecmwf,6,35.0,80.0,35,0.7914881114359542,1.6064287767969632,0.6741308879899616
jjas_tp,tp,ecmwf,6,36.5,74.0,35,-2.897478305652866,7.319277964954032,-0.04343364389189993
jjas_tp,tp,ecmwf,6,36.5,75.5,35,-0.46238251901489685,2.688874112834721,0.1267980674969358
jjas_tp,tp,fuxi,1,9.5,77.0,35,-11.453756911317106,19.05190948588519,0.3210555160532942
jjas_tp,tp,fuxi,1,9.5,78.5,35,-0.15547508502772614,1.9172864096472024,0.22180361630154927
jjas_tp,tp,fuxi,1,11.0,77.0,35,3.7464525045302164,6.7893779959557845,0.18001564332166925
jjas_tp,tp,fuxi,1,11.0,78.5,35,0.24487125430693035,2.311229823128705,0.35878082005118683
jjas_tp,tp,fuxi,1,12.5,75.5,35,-17.816822368610236,31.016383348115856,0.1635958249419755
jjas_tp,tp,fuxi,1,12.5,77.0,35,-0.18302223933419765,4.845767769223202,0.388499908058677
jjas_tp,tp,fuxi,1,12.5,78.5,35,-0.8382364490872694,5.9473420259784255,-0.08503987756084394
jjas_tp,tp,fuxi,1,14.0,75.5,35,2.155633756814836,9.526857707880044,0.17375524892824604
jjas_tp,tp,fuxi,1,14.0,77.0,35,-0.7539391388411734,6.888088846346889,-0.19617939757320654
jjas_tp,tp,fuxi,1,14.0,78.5,35,-0.5838168155815194,5.3278315193983365,0.23004345221809608
jjas_tp,tp,fuxi,1,14.0,80.0,35,-0.5926321408224553,2.9964880296261778,0.3109633217248435
jjas_tp,tp,fuxi,1,15.5,74.0,35,-31.537992851886624,40.88233214430392,0.0138851582811609
jjas_tp,tp,fuxi,1,15.5,75.5,35,0.7333736858145984,3.6026251834191134,0.4856582865475013
jjas_tp,tp,fuxi,1,15.5,77.0,35,-0.6825569597046871,3.813219389203116,0.18094253048636452
jjas_tp,tp,fuxi,1,15.5,78.5,35,-2.0810396309636894,5.765158886342278,0.12076858656025113
jjas_tp,tp,fuxi,1,15.5,80.0,35,-1.2746426758037337,3.8474531602495876,0.5552028619300623
jjas_tp,tp,fuxi,1,17.0,74.0,35,-2.4312636936491083,12.949129682075892,0.3580042879611674
jjas_tp,tp,fuxi,1,17.0,75.5,35,-0.31224115960217014,4.75669863870673,0.06470007963262954
jjas_tp,tp,fuxi,1,17.0,77.0,35,-0.6610473198073716,2.24135269428073,0.6787187173790613
jjas_tp,tp,fuxi,1,17.0,78.5,35,-0.6161006585599416,4.211535567989909,0.3332197648226744
jjas_tp,tp,fuxi,1,17.0,80.0,35,-0.35216939262552044,3.983782304625809,0.5258697349654081
jjas_tp,tp,fuxi,1,17.0,81.5,35,-0.53292403410299,5.043606536610182,0.3094257794538553
jjas_tp,tp,fuxi,1,18.5,74.0,35,2.2116809249145035,10.173229161577245,0.19251490019553405
jjas_tp,tp,fuxi,1,18.5,75.5,35,-0.5203720638952479,4.174998785121251,0.302459888999064
jjas_tp,tp,fuxi,1,18.5,77.0,35,-1.1421403937121273,3.9246991080736198,0.4583200921439145
jjas_tp,tp,fuxi,1,18.5,78.5,35,-2.457109714445221,5.2196095597744225,0.5484414777090265
jjas_tp,tp,fuxi,1,18.5,80.0,35,-4.05325631583786,11.714549044919309,0.2898422838227536
jjas_tp,tp,fuxi,1,18.5,81.5,35,-4.98480337351676,11.792511485948229,0.37001457844258373
jjas_tp,tp,fuxi,1,18.5,83.0,35,0.5803399596241232,5.397103436135288,0.29407891357500443
jjas_tp,tp,fuxi,1,20.0,74.0,35,2.8707788424754277,7.482142450341336,0.33041158555054284
jjas_tp,tp,fuxi,1,20.0,75.5,35,-0.956851163676989,4.897704599545941,0.37481690487726405
jjas_tp,tp,fuxi,1,20.0,77.0,35,-1.6804962460350228,3.7795551044822533,0.6609232267699952
jjas_tp,tp,fuxi,1,20.0,78.5,35,1.038287722457191,5.543041952919757,0.4981259680643997
jjas_tp,tp,fuxi,1,20.0,80.0,35,-7.81826461675443,13.368825167518533,0.46054615162451856
jjas_tp,tp,fuxi,1,20.0,81.5,35,-1.315339160444636,6.279882560699773,0.35333470000651124
jjas_tp,tp,fuxi,1,20.0,83.0,35,-2.6682584920142207,6.929336119487525,0.4167611934659853
jjas_tp,tp,fuxi,1,20.0,84.5,35,-2.702565508218607,6.153708283359086,0.42876404699076287
jjas_tp,tp,fuxi,1,21.5,71.0,35,-2.493840161404763,5.817643892936957,0.5465486381589759
jjas_tp,tp,fuxi,1,21.5,74.0,35,-5.451417133802194,11.839273233569672,0.21890731974252048
jjas_tp,tp,fuxi,1,21.5,75.5,35,-1.7772360476275482,5.076333106751289,0.43486406754364865
jjas_tp,tp,fuxi,1,21.5,77.0,35,-5.723403314511818,10.689946170628577,0.20913642754346
jjas_tp,tp,fuxi,1,21.5,78.5,35,-2.0194947070182514,6.429056405103061,0.5348160122987325
jjas_tp,tp,fuxi,1,21.5,80.0,35,-2.244005713363497,5.9654217965835326,0.7205486422237001
jjas_tp,tp,fuxi,1,21.5,81.5,35,-2.581970270327675,6.753541819558943,0.6315054619970261
jjas_tp,tp,fuxi,1,21.5,83.0,35,-3.899439310066006,7.737692569388633,0.5718647140789609
jjas_tp,tp,fuxi,1,21.5,84.5,35,-1.8695610694192246,6.348313458710415,0.5737231388970914
jjas_tp,tp,fuxi,1,21.5,86.0,35,-2.6216764170436377,5.926283286228671,0.43084547658796707
jjas_tp,tp,fuxi,1,23.0,71.0,35,-3.1316168104953026,9.102160892241079,0.6953672919181332
jjas_tp,tp,fuxi,1,23.0,72.5,35,-2.6686245866140625,6.144972938548096,0.5656418401043712
jjas_tp,tp,fuxi,1,23.0,74.0,35,-2.079550386562459,7.833896389771142,0.21638697434399548
jjas_tp,tp,fuxi,1,23.0,75.5,35,-7.268323407037518,12.29534352144659,0.46354330660006593
jjas_tp,tp,fuxi,1,23.0,77.0,35,-6.463240490236966,11.512988754680697,0.5259499213654081
jjas_tp,tp,fuxi,1,23.0,78.5,35,-6.741612335624107,11.89479374566375,0.46305586407615124
jjas_tp,tp,fuxi,1,23.0,80.0,35,-5.975919984679145,9.817682692117694,0.5628799546926491
jjas_tp,tp,fuxi,1,23.0,81.5,35,-5.872479242048112,8.55285763802873,0.5512572331569844
jjas_tp,tp,fuxi,1,23.0,83.0,35,-2.707567129073406,6.962938175996613,0.4214468456744279
jjas_tp,tp,fuxi,1,23.0,84.5,35,-2.2178484350914163,5.684995088755594,0.5938107996056796
jjas_tp,tp,fuxi,1,23.0,86.0,35,-1.3043438610955778,4.920470984137392,0.2755140554628948
jjas_tp,tp,fuxi,1,23.0,87.5,35,-0.2482506137920466,5.2215048115973675,0.34871545180027724
jjas_tp,tp,fuxi,1,24.5,72.5,35,-4.572441009107341,7.563387861422031,0.508520500111183
jjas_tp,tp,fuxi,1,24.5,74.0,35,-3.4350523926724255,6.557062877167739,0.38241699969638937
jjas_tp,tp,fuxi,1,24.5,75.5,35,-10.914128555565934,16.062725258885784,0.27912812661764547
jjas_tp,tp,fuxi,1,24.5,77.0,35,-6.544628013631925,10.96618338710884,0.40634059827262126
jjas_tp,tp,fuxi,1,24.5,78.5,35,-1.896510205586275,6.529111340888178,0.430873600305408
jjas_tp,tp,fuxi,1,24.5,80.0,35,-3.068119178610419,6.814333964121849,0.4690769993357021
jjas_tp,tp,fuxi,1,24.5,81.5,35,-4.630846985787376,9.576363821249402,0.5156469987045197
jjas_tp,tp,fuxi,1,24.5,83.0,35,-2.7037336288613725,6.6515161241103735,0.6315236489823512
jjas_tp,tp,fuxi,1,24.5,84.5,35,-1.6319199273306515,6.529845953120374,0.5499907624215644
jjas_tp,tp,fuxi,1,24.5,86.0,35,-0.846592428419509,7.990576431051598,0.3861845230155123
jjas_tp,tp,fuxi,1,24.5,87.5,35,0.7105426464882049,6.138678805247251,0.292734773764922
jjas_tp,tp,fuxi,1,24.5,93.5,35,2.7568103677828617,4.923366858721104,0.3698937910347128
jjas_tp,tp,fuxi,1,26.0,71.0,35,-1.1229957738906922,3.127779780532074,0.36976833326696784
jjas_tp,tp,fuxi,1,26.0,72.5,35,-1.401161614678535,3.438861198688816,0.4650853404597395
jjas_tp,tp,fuxi,1,26.0,74.0,35,-2.9587045267741177,6.817229704937787,0.13677563553876995
jjas_tp,tp,fuxi,1,26.0,75.5,35,-3.8093708617046267,7.370695274374349,0.3338777158014129
jjas_tp,tp,fuxi,1,26.0,77.0,35,-0.9163248129942232,4.583931519963444,0.26912643487232657
jjas_tp,tp,fuxi,1,26.0,78.5,35,-0.7328353189302552,3.536532699130933,0.5328853004729688
jjas_tp,tp,fuxi,1,26.0,80.0,35,-1.1787237582802643,5.17099893548299,0.3010313504936966
jjas_tp,tp,fuxi,1,26.0,81.5,35,0.27194546426032673,6.665098226195492,0.6051324972352247
jjas_tp,tp,fuxi,1,26.0,83.0,35,-2.1453176976885664,12.724343170654285,0.5273036141555364
jjas_tp,tp,fuxi,1,26.0,84.5,35,-1.6099042347201835,7.946840194030217,0.5080354459390707
jjas_tp,tp,fuxi,1,26.0,86.0,35,-3.460630136922136,12.500300294821791,0.43793150067341013
jjas_tp,tp,fuxi,1,26.0,87.5,35,-1.3434842209164368,11.808554402937936,0.23822183681255477
jjas_tp,tp,fuxi,1,26.0,90.5,35,-6.876223202463777,15.118273412690966,0.4375104369711915
jjas_tp,tp,fuxi,1,26.0,92.0,35,5.764784248494759,9.192495324534521,0.3186698534662558
jjas_tp,tp,fuxi,1,26.0,93.5,35,1.6477453280595138,4.6679044945605845,0.18005237174808722
jjas_tp,tp,fuxi,1,26.0,95.0,35,3.2541884844406415,6.751270087165658,0.20032561577336333
jjas_tp,tp,fuxi,1,27.5,71.0,35,-0.6413618384024122,1.9509987128150341,0.4808266551252506
jjas_tp,tp,fuxi,1,27.5,72.5,35,-1.0337725770194754,2.246899552251108,0.69844672597798
jjas_tp,tp,fuxi,1,27.5,74.0,35,-1.6268898429541434,3.5024280649157142,0.2438201800807983
jjas_tp,tp,fuxi,1,27.5,75.5,35,-5.5895763319772005,10.36329440073362,0.16772929933018574
jjas_tp,tp,fuxi,1,27.5,77.0,35,0.1306696252602711,3.0760797836519966,0.27062439740941413
jjas_tp,tp,fuxi,1,27.5,78.5,35,-0.9932603364929493,4.230546862724549,0.0688590001623439
jjas_tp,tp,fuxi,1,27.5,80.0,35,-1.862915802055077,6.168652877425813,0.1391440845759515
jjas_tp,tp,fuxi,1,27.5,81.5,35,-5.293178311410342,13.933475570787921,0.09619418010774416
jjas_tp,tp,fuxi,1,27.5,93.5,35,-8.06271617286093,13.038643272933665,0.34034024963866033
jjas_tp,tp,fuxi,1,27.5,95.0,35,2.3514435465618195,8.18287644526642,0.386710448510919
jjas_tp,tp,fuxi,1,29.0,74.0,35,0.6248725903597442,1.436821633867777,0.21518464534578155
jjas_tp,tp,fuxi,1,29.0,75.5,35,1.133939389530693,2.6687493782597196,0.08234561691481342
jjas_tp,tp,fuxi,1,29.0,77.0,35,0.956957590467476,3.9168180940907207,0.2540114003444188
jjas_tp,tp,fuxi,1,29.0,78.5,35,-0.4111198801133704,4.7072102062513865,0.03536548292792143
jjas_tp,tp,fuxi,1,29.0,80.0,35,-4.59080170127083,8.03264170146641,0.33614182835730055
jjas_tp,tp,fuxi,1,29.0,95.0,35,-0.9715665066773251,11.775176634687728,0.35972413655494334
jjas_tp,tp,fuxi,1,30.5,74.0,35,0.5013029585794992,2.5489903298180057,0.30662609949650427
jjas_tp,tp,fuxi,1,30.5,75.5,35,-0.8578180220528793,5.323283250634196,0.22059154202383316
jjas_tp,tp,fuxi,1,30.5,77.0,35,-4.603888341600224,11.921482135035252,-0.15763977931125017
jjas_tp,tp,fuxi,1,30.5,78.5,35,-1.1068754319096523,5.003274543063266,0.16193405525572566
jjas_tp,tp,fuxi,1,30.5,80.0,35,-9.081743083040527,12.081075235925205,0.1694325851563797
jjas_tp,tp,fuxi,1,32.0,75.5,35,-0.30765444806030057,3.352936718367172,0.6156223735116776
jjas_tp,tp,fuxi,1,32.0,77.0,35,-1.1409884766719895,4.1743273283833915,0.31832049475374175
jjas_tp,tp,fuxi,1,32.0,78.5,35,1.5498382544795752,2.424468645542958,0.13657299751709528
jjas_tp,tp,fuxi,1,33.5,74.0,35,-2.16095861764125,3.9478759623653668,0.42807482206741293
jjas_tp,tp,fuxi,1,33.5,75.5,35,-0.7205771096018657,2.7980650099754993,0.48944405949160713
jjas_tp,tp,fuxi,1,33.5,77.0,35,-4.7009745278052915,7.172852651880296,-0.24690903504261813
jjas_tp,tp,fuxi,1,33.5,78.5,35,0.6129629540911237,1.3643077584674272,0.5538848405724949
jjas_tp,tp,fuxi,1,35.0,75.5,35,0.4590657549566807,1.4840754040508803,0.6209973430252071
jjas_tp,tp,fuxi,1,35.0,77.0,35,-1.181701185012785,4.557959090195726,0.09353338880076736
jjas_tp,tp,fuxi,1,35.0,78.5,35,-1.6528946264527367,5.567317412959757,0.02119165683533241
jjas_tp,tp,fuxi,1,35.0,80.0,35,0.3797581520073035,1.6192135247481318,0.4216173189911215
jjas_tp,tp,fuxi,1,36.5,74.0,35,-2.7389301686836287,6.851996343260029,0.1370658356846013
jjas_tp,tp,fuxi,1,36.5,75.5,35,-0.4922733714147676,2.1340631878427825,0.45745381072774866
jjas_tp,tp,fuxi,2,9.5,77.0,35,-10.577851980875502,19.396911911321386,0.16534864900078336
jjas_tp,tp,fuxi,2,9.5,78.5,35,-0.3284553770383675,2.3178311129293716,-0.10041174789279103
jjas_tp,tp,fuxi,2,11.0,77.0,35,3.453576892925107,6.8988115865220925,0.10878254711931534
jjas_tp,tp,fuxi,2,11.0,78.5,35,0.18051010393876296,3.016614854632055,-0.16345225983629036
jjas_tp,tp,fuxi,2,12.5,75.5,35,-18.27201421199071,32.14437166575506,0.06110947673854773
jjas_tp,tp,fuxi,2,12.5,77.0,35,-1.1845636379165947,5.657386102582546,0.2816061160986237
jjas_tp,tp,fuxi,2,12.5,78.5,35,-1.3146669103790498,6.300533940224318,-0.3120371821501181
jjas_tp,tp,fuxi,2,14.0,75.5,35,1.531836419371482,10.105875495964062,0.08411869043374585
jjas_tp,tp,fuxi,2,14.0,77.0,35,-1.6992796471516238,7.571376129898978,-0.1724960292824213
jjas_tp,tp,fuxi,2,14.0,78.5,35,-1.3422235546568344,6.138497781809215,-0.3347629311803996
jjas_tp,tp,fuxi,2,14.0,80.0,35,-0.9711451079330465,3.2751799355260838,0.10713711187850557
jjas_tp,tp,fuxi,2,15.5,74.0,35,-32.59211485736004,42.30479086154201,-0.09918814487896035
jjas_tp,tp,fuxi,2,15.5,75.5,35,0.18870859240759427,3.686516276971712,0.37036703645259256
jjas_tp,tp,fuxi,2,15.5,77.0,35,-0.8241272863359418,3.966985812268042,-0.03144938244640867
jjas_tp,tp,fuxi,2,15.5,78.5,35,-2.4791015191136165,6.446099116693683,-0.33070542340216597
jjas_tp,tp,fuxi,2,15.5,80.0,35,-1.5997754561823914,4.519242988362659,0.3828214868647195
jjas_tp,tp,fuxi,2,17.0,74.0,35,-3.4070098286972885,13.988318929809024,0.2343731245379699
jjas_tp,tp,fuxi,2,17.0,75.5,35,-1.0005464629814238,4.665653187064699,0.14651270715653983
jjas_tp,tp,fuxi,2,17.0,77.0,35,-1.0405046276382695,3.085772176400896,0.3659109353590028
jjas_tp,tp,fuxi,2,17.0,78.5,35,-1.1125653747808668,4.551389596939407,0.26308274754312116
jjas_tp,tp,fuxi,2,17.0,80.0,35,-0.7551445932461014,4.535414696644775,0.27169836077149573
jjas_tp,tp,fuxi,2,17.0,81.5,35,-0.9838923717633693,4.59114701730106,0.25792778944590933
jjas_tp,tp,fuxi,2,18.5,74.0,35,1.0352298359518473,9.183439596274944,0.21924611352966084
jjas_tp,tp,fuxi,2,18.5,75.5,35,-0.8227231124846774,3.990254079042826,0.33098093379458315
jjas_tp,tp,fuxi,2,18.5,77.0,35,-1.2063664036443753,4.158118341720052,0.3505390847187648
jjas_tp,tp,fuxi,2,18.5,78.5,35,-2.9262100756436644,5.893617167168058,0.36105825278760967
jjas_tp,tp,fuxi,2,18.5,80.0,35,-4.651928580385888,13.059301460849756,0.0012764980941941183
jjas_tp,tp,fuxi,2,18.5,81.5,35,-5.1560673569502695,13.332565532559926,0.0277846351697628
jjas_tp,tp,fuxi,2,18.5,83.0,35,-0.04540844665391783,5.430198291893827,0.14916532360791115
jjas_tp,tp,fuxi,2,20.0,74.0,35,1.7891358068905345,6.982451049463119,0.2434760875820169
jjas_tp,tp,fuxi,2,20.0,75.5,35,-1.514469434436356,5.297814729221789,0.23537152153188962
jjas_tp,tp,fuxi,2,20.0,77.0,35,-2.1384514543994513,5.128219252296775,0.30666056596736213
jjas_tp,tp,fuxi,2,20.0,78.5,35,0.4677848182849724,6.480688743633726,0.2078413657777486
jjas_tp,tp,fuxi,2,20.0,80.0,35,-8.369392756543562,14.912715484855426,0.22946292247188418
jjas_tp,tp,fuxi,2,20.0,81.5,35,-1.9758161632558304,7.086392610859884,0.17274538678977897
jjas_tp,tp,fuxi,2,20.0,83.0,35,-3.029735215287772,7.581929547190934,0.2956338949113208
jjas_tp,tp,fuxi,2,20.0,84.5,35,-3.1275038842269267,7.18053908361827,0.15203017481482664
jjas_tp,tp,fuxi,2,21.5,71.0,35,-3.770678936751464,6.923933832853908,0.34796412069473975
jjas_tp,tp,fuxi,2,21.5,74.0,35,-6.442736259658269,13.440023319848912,-0.09410432859202854
jjas_tp,tp,fuxi,2,21.5,75.5,35,-2.6425257249745173,6.599402538036087,0.017242197092748043
jjas_tp,tp,fuxi,2,21.5,77.0,35,-6.758460397587156,12.086366058310412,-0.04226879446970151
jjas_tp,tp,fuxi,2,21.5,78.5,35,-3.011373652056073,7.184168249575106,0.4073040592470617
jjas_tp,tp,fuxi,2,21.5,80.0,35,-3.0156552916019423,7.872193548808777,0.4971638413980339
jjas_tp,tp,fuxi,2,21.5,81.5,35,-3.0302938273256133,7.680000576037259,0.5210637160923169
jjas_tp,tp,fuxi,2,21.5,83.0,35,-4.29971584523592,8.85886479022494,0.3696171023768425
jjas_tp,tp,fuxi,2,21.5,84.5,35,-2.2560332766386715,7.274600349311462,0.4567178077892667
jjas_tp,tp,fuxi,2,21.5,86.0,35,-3.022480577378506,6.618529937104544,0.29266338417371973
jjas_tp,tp,fuxi,2,23.0,71.0,35,-4.1673553777528,10.990381608479586,0.34515408190280744
jjas_tp,tp,fuxi,2,23.0,72.5,35,-3.666897672162955,8.150216845914043,0.1459238089384841
jjas_tp,tp,fuxi,2,23.0,74.0,35,-3.2408245322621014,8.296982914775796,0.21882220331967175
jjas_tp,tp,fuxi,2,23.0,75.5,35,-8.761188069898953,13.77163707102492,0.3287521593902682
jjas_tp,tp,fuxi,2,23.0,77.0,35,-7.899220133991438,13.725194956010757,0.2428205106128693
jjas_tp,tp,fuxi,2,23.0,78.5,35,-7.90521943035728,13.460355829688673,0.2768182294961184
jjas_tp,tp,fuxi,2,23.0,80.0,35,-6.767633881176483,11.31776341686706,0.3603642894569273
jjas_tp,tp,fuxi,2,23.0,81.5,35,-6.286092975716894,9.647659841199179,0.36466053840821333
jjas_tp,tp,fuxi,2,23.0,83.0,35,-3.403397064267683,8.218802219100183,0.24017416426942176
jjas_tp,tp,fuxi,2,23.0,84.5,35,-2.74790994190312,6.858058991966113,0.3473772141432357
jjas_tp,tp,fuxi,2,23.0,86.0,35,-1.8005801835822344,5.156124231704328,0.2611019638591771
jjas_tp,tp,fuxi,2,23.0,87.5,35,-0.8902054930586093,5.309482006094092,0.2801815786303316
jjas_tp,tp,fuxi,2,24.5,72.5,35,-5.079419063211133,8.752911366922934,0.293076914164933
jjas_tp,tp,fuxi,2,24.5,74.0,35,-4.274822685343658,7.656820721382134,0.19835967168036264
jjas_tp,tp,fuxi,2,24.5,75.5,35,-12.110435329111992,17.57277527883836,0.08699436493790076
jjas_tp,tp,fuxi,2,24.5,77.0,35,-7.839909366069584,12.596854030778868,0.2126653863134141
jjas_tp,tp,fuxi,2,24.5,78.5,35,-2.825926432846909,7.474109056648394,0.3214985444752731
jjas_tp,tp,fuxi,2,24.5,80.0,35,-3.7615601434568022,8.129058525306254,0.2600983613894845
jjas_tp,tp,fuxi,2,24.5,81.5,35,-5.168825882260737,10.603414341886724,0.30333182282063653
jjas_tp,tp,fuxi,2,24.5,83.0,35,-3.3977722498454384,8.417807700030831,0.2115623349426849
jjas_tp,tp,fuxi,2,24.5,84.5,35,-2.3438059734092986,8.333916754967666,0.05069426483814601
jjas_tp,tp,fuxi,2,24.5,86.0,35,-2.1282606338541483,9.481605556223153,0.020999401402628945
jjas_tp,tp,fuxi,2,24.5,87.5,35,-0.28234505677503097,6.935334371519718,0.11503958087403061
jjas_tp,tp,fuxi,2,24.5,93.5,35,2.993433156146418,6.015549141246744,0.3134179239981395
jjas_tp,tp,fuxi,2,26.0,71.0,35,-1.3014111659795784,3.19083916447739,0.42024461969920457
jjas_tp,tp,fuxi,2,26.0,72.5,35,-1.5812091331652631,4.016716380149134,0.23004070433663446
jjas_tp,tp,fuxi,2,26.0,74.0,35,-3.3220049328199437,7.318169986955733,0.035224940984508964
jjas_tp,tp,fuxi,2,26.0,75.5,35,-4.400052353942078,8.320729755450314,0.15367440798161083
jjas_tp,tp,fuxi,2,26.0,77.0,35,-1.5548583764231676,5.1014342229895675,0.2859640382176408
jjas_tp,tp,fuxi,2,26.0,78.5,35,-1.2153777372738814,4.503043331418392,0.41767072883090756
jjas_tp,tp,fuxi,2,26.0,80.0,35,-1.6779865233905515,6.753624884830445,-0.03975920101636503
jjas_tp,tp,fuxi,2,26.0,81.5,35,-0.3645334971600863,8.854935983505394,0.02356290657584473
jjas_tp,tp,fuxi,2,26.0,83.0,35,-3.154649913466706,15.42420805156944,-0.10319723110862565
jjas_tp,tp,fuxi,2,26.0,84.5,35,-2.697277813889701,10.126008929154008,0.01897298143099191
jjas_tp,tp,fuxi,2,26.0,86.0,35,-4.630640223371018,14.775589544861736,-0.037199501051846086
jjas_tp,tp,fuxi,2,26.0,87.5,35,-2.505202551711619,13.586159574063883,-0.07761436137090834
jjas_tp,tp,fuxi,2,26.0,90.5,35,-8.349113953551694,18.30659726700756,0.007003533601625076
jjas_tp,tp,fuxi,2,26.0,92.0,35,4.731939917593214,8.7975327666236,0.2011412238572101
jjas_tp,tp,fuxi,2,26.0,93.5,35,0.9797246282155109,4.324760904978284,0.3087475940896762
jjas_tp,tp,fuxi,2,26.0,95.0,35,2.390794268036879,6.88192161425159,0.1784517440077684
jjas_tp,tp,fuxi,2,27.5,71.0,35,-0.6534836705361311,2.0950227757804356,0.42390201958122353
jjas_tp,tp,fuxi,2,27.5,72.5,35,-1.0263763008018394,3.0007297685186654,0.22060996856296583
jjas_tp,tp,fuxi,2,27.5,74.0,35,-1.7627185878514016,4.411661913321694,-0.05051378505563484
jjas_tp,tp,fuxi,2,27.5,75.5,35,-5.667809836666691,11.072808286550016,-0.06632000616271701
jjas_tp,tp,fuxi,2,27.5,77.0,35,-0.01928827523307931,3.88823573780077,0.21134848163406278
jjas_tp,tp,fuxi,2,27.5,78.5,35,-1.0835544258332215,4.694289450967799,0.21473333427179375
jjas_tp,tp,fuxi,2,27.5,80.0,35,-2.204459433473154,7.534362432212868,-0.059641113321753314
jjas_tp,tp,fuxi,2,27.5,81.5,35,-5.750652885417965,14.710187611956384,-0.003097886414761793
jjas_tp,tp,fuxi,2,27.5,93.5,35,-9.160736318615639,14.890409594782327,0.051254122620086134
jjas_tp,tp,fuxi,2,27.5,95.0,35,1.095903674520977,8.98824798088147,0.08579191539516484
jjas_tp,tp,fuxi,2,29.0,74.0,35,0.7880870090615618,2.5066324772372752,0.1617732567749304
jjas_tp,tp,fuxi,2,29.0,75.5,35,1.2203299907811183,3.5602005067769316,-0.032480696012504424
jjas_tp,tp,fuxi,2,29.0,77.0,35,0.8693279246737354,4.997360647564398,-0.021432513294938227
jjas_tp,tp,fuxi,2,29.0,78.5,35,-0.3662111172874294,5.628162186144042,0.0510462457700614
jjas_tp,tp,fuxi,2,29.0,80.0,35,-4.801746668751001,8.789867808278785,0.26098113521176025
jjas_tp,tp,fuxi,2,29.0,95.0,35,-1.977756136417725,13.604772349768568,0.0399422764402572
jjas_tp,tp,fuxi,2,30.5,74.0,35,0.6341676285427411,3.42345466952239,0.11802774920051909
jjas_tp,tp,fuxi,2,30.5,75.5,35,-0.930523499274083,6.20411446318768,-0.059712333509318156
jjas_tp,tp,fuxi,2,30.5,77.0,35,-4.782308216888369,12.732029864603708,-0.2638918720080963
jjas_tp,tp,fuxi,2,30.5,78.5,35,-1.4243556733585852,6.127209160971622,0.040098377879006344
jjas_tp,tp,fuxi,2,30.5,80.0,35,-9.48657918853359,12.612131361348842,0.1863471205483633
jjas_tp,tp,fuxi,2,32.0,75.5,35,-0.5352112684850235,4.197136389944032,0.4172082005105346
jjas_tp,tp,fuxi,2,32.0,77.0,35,-1.3451229189870093,5.0896641029191265,-0.0011237104036090257
jjas_tp,tp,fuxi,2,32.0,78.5,35,1.4585883650362526,2.5964947122769595,0.02373673946442948
jjas_tp,tp,fuxi,2,33.5,74.0,35,-1.8346447298639115,3.9181035327107847,0.4010235981519899
jjas_tp,tp,fuxi,2,33.5,75.5,35,-0.5128014206474865,2.962094503181406,0.3511841946703491
jjas_tp,tp,fuxi,2,33.5,77.0,35,-4.810294066547536,7.328781050990211,-0.27858933862412255
jjas_tp,tp,fuxi,2,33.5,78.5,35,0.5674224771023965,1.6263960486894056,0.32572292826184945
jjas_tp,tp,fuxi,2,35.0,75.5,35,0.6795217308537449,1.6345428383063518,0.5593416906483194
jjas_tp,tp,fuxi,2,35.0,77.0,35,-1.0754928675369047,4.554715099001381,0.04866090160701333
jjas_tp,tp,fuxi,2,35.0,78.5,35,-1.5372412043489199,5.636008827670863,-0.11641633486678923
jjas_tp,tp,fuxi,2,35.0,80.0,35,0.5113798520061978,1.7737466947288472,0.27003213456694514
jjas_tp,tp,fuxi,2,36.5,74.0,35,-2.50569203484453,6.73776637302438,0.14356383693804298
jjas_tp,tp,fuxi,2,36.5,75.5,35,-0.11314395181981576,2.108007571551853,0.3004216506685271
jjas_tp,tp,fuxi,3,9.5,77.0,35,-11.488359459141007,20.23124591029053,0.017151730014816843
jjas_tp,tp,fuxi,3,9.5,78.5,35,-1.0138803922476884,3.474846194476778,0.05541116383528563
jjas_tp,tp,fuxi,3,11.0,77.0,35,2.4655972808007927,6.00924214008252,0.028205231433695386
jjas_tp,tp,fuxi,3,11.0,78.5,35,0.37971049204565455,3.273924528436196,-0.17673061977914648
jjas_tp,tp,fuxi,3,12.5,75.5,35,-19.78227104825301,33.042382189821645,0.026186107896967334
jjas_tp,tp,fuxi,3,12.5,77.0,35,-1.5410196328311005,5.495047294342999,0.350392049371416
jjas_tp,tp,fuxi,3,12.5,78.5,35,-1.129256587271495,6.313347635081241,-0.28859998439868934
jjas_tp,tp,fuxi,3,14.0,75.5,35,-0.427675879910282,9.25499110393519,0.06283023161029172
jjas_tp,tp,fuxi,3,14.0,77.0,35,-1.8421109216121778,7.867634206708181,-0.3846170529957676
jjas_tp,tp,fuxi,3,14.0,78.5,35,-1.4934878023754297,6.367273895046929,-0.4610604261976612
jjas_tp,tp,fuxi,3,14.0,80.0,35,-2.026417730138123,5.446976288493597,-0.40076023900780217
jjas_tp,tp,fuxi,3,15.5,74.0,35,-33.41310466987644,43.2343981743195,-0.14818009345638194
jjas_tp,tp,fuxi,3,15.5,75.5,35,-0.7682971773148024,3.140872153528929,0.4476343419103024
jjas_tp,tp,fuxi,3,15.5,77.0,35,-1.3160900105524374,4.113818821989449,-0.13474968893495468
jjas_tp,tp,fuxi,3,15.5,78.5,35,-2.849381703556004,6.68997345263872,-0.5278137362685319
jjas_tp,tp,fuxi,3,15.5,80.0,35,-2.8228455818755673,6.784297258742373,-0.07628077655503612
jjas_tp,tp,fuxi,3,17.0,74.0,35,-5.503000636985596,13.926436483164425,0.2486021038636163
jjas_tp,tp,fuxi,3,17.0,75.5,35,-1.918643763760057,4.989945998491678,-0.02274405368957328
jjas_tp,tp,fuxi,3,17.0,77.0,35,-1.6942395177985348,2.9622950057894037,0.5767569471790418
jjas_tp,tp,fuxi,3,17.0,78.5,35,-1.9514526831209396,4.8208487021717215,0.3025028015671785
jjas_tp,tp,fuxi,3,17.0,80.0,35,-1.2608592439433308,4.43723355535581,0.2965182211025407
jjas_tp,tp,fuxi,3,17.0,81.5,35,-1.4479772899603343,4.943844474562304,0.06683247610939579
jjas_tp,tp,fuxi,3,18.5,74.0,35,-1.0517652227826846,8.389957410372602,0.14074451331659932
jjas_tp,tp,fuxi,3,18.5,75.5,35,-2.180531058295589,4.8436416747447035,0.2851639122945762
jjas_tp,tp,fuxi,3,18.5,77.0,35,-2.3513806812757196,4.217989402680123,0.5868852126444408
jjas_tp,tp,fuxi,3,18.5,78.5,35,-4.246075370578899,6.458137463997455,0.4226359776220947
jjas_tp,tp,fuxi,3,18.5,80.0,35,-5.913025940717996,13.288778683903185,0.013269560747309502
jjas_tp,tp,fuxi,3,18.5,81.5,35,-5.677046002507781,13.836748008061567,-0.10730049752789071
jjas_tp,tp,fuxi,3,18.5,83.0,35,-0.6662108855985818,5.447889565966432,0.1248876464972331
jjas_tp,tp,fuxi,3,20.0,74.0,35,0.3945837643769353,6.329284746376322,0.17281385979098574
jjas_tp,tp,fuxi,3,20.0,75.5,35,-2.688861035988058,5.5673486604346705,0.1983111529267098
jjas_tp,tp,fuxi,3,20.0,77.0,35,-3.0886539004784956,5.2040136907138494,0.18586050938001394
jjas_tp,tp,fuxi,3,20.0,78.5,35,-0.5631382327169502,6.076140506104625,0.1397735876831939
jjas_tp,tp,fuxi,3,20.0,80.0,35,-9.421191419204204,15.646936819396455,0.09889084526788182
jjas_tp,tp,fuxi,3,20.0,81.5,35,-2.9189913932524365,7.050394816573177,0.13333943043684382
jjas_tp,tp,fuxi,3,20.0,83.0,35,-3.096658915864241,8.243294567801549,0.12414557522640689
jjas_tp,tp,fuxi,3,20.0,84.5,35,-3.330634709093757,7.799282664374807,0.005248710695898686
jjas_tp,tp,fuxi,3,21.5,71.0,35,-3.9247119063336453,7.49473854226727,0.16924815267367402
jjas_tp,tp,fuxi,3,21.5,74.0,35,-7.451339144935701,13.273185457793792,-0.033719665552400774
jjas_tp,tp,fuxi,3,21.5,75.5,35,-3.7776213258585414,6.516310659944617,0.041492434083964934
jjas_tp,tp,fuxi,3,21.5,77.0,35,-7.967025110015553,12.414434188671386,-0.13761809965672975
jjas_tp,tp,fuxi,3,21.5,78.5,35,-4.186163540526136,7.992667335786649,0.19745791587471115
jjas_tp,tp,fuxi,3,21.5,80.0,35,-3.8188625289462053,8.930071700829258,0.2738522864647251
jjas_tp,tp,fuxi,3,21.5,81.5,35,-3.702388203002501,8.918967944340016,0.2768913479650168
jjas_tp,tp,fuxi,3,21.5,83.0,35,-4.255804804470674,9.893495304365167,0.11480597114359736
jjas_tp,tp,fuxi,3,21.5,84.5,35,-1.702977214858214,8.3504364813218,0.22375307530432878
jjas_tp,tp,fuxi,3,21.5,86.0,35,-2.9933137357566744,7.446514046269948,0.0318391974057296
jjas_tp,tp,fuxi,3,23.0,71.0,35,-4.500869531089521,11.006885986445226,0.3668086885634077
jjas_tp,tp,fuxi,3,23.0,72.5,35,-3.9677616779063376,7.981706286271085,0.16861996677360508
jjas_tp,tp,fuxi,3,23.0,74.0,35,-4.13927025530228,8.461297844608326,0.18340377339357014
jjas_tp,tp,fuxi,3,23.0,75.5,35,-9.854617054847022,14.751523705946289,0.19296581535920887
jjas_tp,tp,fuxi,3,23.0,77.0,35,-9.023901932332087,14.775218710553975,0.029671376132374225
jjas_tp,tp,fuxi,3,23.0,78.5,35,-8.89073514140117,14.855269330153432,-0.0327758181230012
jjas_tp,tp,fuxi,3,23.0,80.0,35,-7.320713427314768,12.663351593419769,0.052670253968471435
jjas_tp,tp,fuxi,3,23.0,81.5,35,-6.221936674868889,10.418549926460269,0.1291131956822192
jjas_tp,tp,fuxi,3,23.0,83.0,35,-3.117456794071311,7.975988490492382,0.2890172351333372
jjas_tp,tp,fuxi,3,23.0,84.5,35,-2.423719177393602,8.012348581450462,0.07034868890006056
jjas_tp,tp,fuxi,3,23.0,86.0,35,-1.5440634362439087,6.050239508418423,0.02959929417884459
jjas_tp,tp,fuxi,3,23.0,87.5,35,-0.919702432956175,5.713511146233493,0.15097708191576983
jjas_tp,tp,fuxi,3,24.5,72.5,35,-5.2569849353287905,8.7526769379693,0.29097236312575053
jjas_tp,tp,fuxi,3,24.5,74.0,35,-4.747737664405029,7.5867058406362275,0.19438646748325106
jjas_tp,tp,fuxi,3,24.5,75.5,35,-12.865068449282981,18.63099197516125,-0.2236962590373607
jjas_tp,tp,fuxi,3,24.5,77.0,35,-8.649711804071824,13.338992531231211,0.005291639483424033
jjas_tp,tp,fuxi,3,24.5,78.5,35,-3.3454754399916364,8.098323193779418,0.08939159342814279
jjas_tp,tp,fuxi,3,24.5,80.0,35,-3.8419625833117648,8.293680759180805,0.1952822270773301
jjas_tp,tp,fuxi,3,24.5,81.5,35,-5.0997293090743865,11.291012579961345,0.08842119503275922
jjas_tp,tp,fuxi,3,24.5,83.0,35,-3.238845424006128,8.962407343599045,0.0402910558569915
jjas_tp,tp,fuxi,3,24.5,84.5,35,-2.2003555653829725,8.825562206846831,-0.07996585878712847
jjas_tp,tp,fuxi,3,24.5,86.0,35,-2.115515409369356,9.917079219299517,-0.11285450189573819
jjas_tp,tp,fuxi,3,24.5,87.5,35,-0.717003129913491,7.264736902589183,-0.04633608142157347
jjas_tp,tp,fuxi,3,24.5,93.5,35,2.127452640781583,4.745858193202908,0.2604746876222591
jjas_tp,tp,fuxi,3,26.0,71.0,35,-1.4763456833827528,3.7432985769011733,-0.03389761972187364
jjas_tp,tp,fuxi,3,26.0,72.5,35,-1.9351462135446091,4.677534821199243,-0.3402798792080741
jjas_tp,tp,fuxi,3,26.0,74.0,35,-3.7438415293499303,7.949965766682027,-0.39642195619392684
jjas_tp,tp,fuxi,3,26.0,75.5,35,-4.708693598739238,8.958958555590002,-0.1835323483357119
jjas_tp,tp,fuxi,3,26.0,77.0,35,-1.6687330547460266,5.056265759669967,0.04547638565946232
jjas_tp,tp,fuxi,3,26.0,78.5,35,-1.3016832376825238,4.826575454003179,0.21165696899196584
jjas_tp,tp,fuxi,3,26.0,80.0,35,-1.5962829072980755,6.333214847921534,0.010364684821765079
jjas_tp,tp,fuxi,3,26.0,81.5,35,-0.37939507203474815,8.936341587283488,0.0036669428987128982
jjas_tp,tp,fuxi,3,26.0,83.0,35,-3.0740023875089695,15.478402443632152,-0.11677522676147727
jjas_tp,tp,fuxi,3,26.0,84.5,35,-2.7422699483619892,10.403250974313124,-0.05159763644177091
jjas_tp,tp,fuxi,3,26.0,86.0,35,-4.808074664376499,15.186541267607032,-0.1459318156346678
jjas_tp,tp,fuxi,3,26.0,87.5,35,-3.0191718332394903,14.372996453388259,-0.2759833749664681
jjas_tp,tp,fuxi,3,26.0,90.5,35,-9.542128448004187,18.697143392475795,-0.20826640271624913
jjas_tp,tp,fuxi,3,26.0,92.0,35,3.243673173323859,7.171292929913006,0.1343722034124016
jjas_tp,tp,fuxi,3,26.0,93.5,35,0.2661351945646002,4.535260300594944,0.02748608548328371
jjas_tp,tp,fuxi,3,26.0,95.0,35,1.6515780548900063,6.97548096670606,0.0550081246722471
jjas_tp,tp,fuxi,3,27.5,71.0,35,-0.8987568457698182,2.4285952533844486,0.015180667909894776
jjas_tp,tp,fuxi,3,27.5,72.5,35,-1.3283320847015692,3.156140986193742,-0.050278610704529214
jjas_tp,tp,fuxi,3,27.5,74.0,35,-2.0235794182958133,4.347177895547406,-0.2619930602102724
jjas_tp,tp,fuxi,3,27.5,75.5,35,-5.78903280509645,11.043918869635599,-0.1471990947528314
jjas_tp,tp,fuxi,3,27.5,77.0,35,-0.24652949020172832,3.737961069710518,0.14772446570828704
jjas_tp,tp,fuxi,3,27.5,78.5,35,-1.4160432447505076,4.881989226129415,0.08457473850840476
jjas_tp,tp,fuxi,3,27.5,80.0,35,-2.4469545437592015,7.275834870584316,-0.020890198579168132
jjas_tp,tp,fuxi,3,27.5,81.5,35,-5.8674462094733215,15.186460739974063,-0.12131484372016663
jjas_tp,tp,fuxi,3,27.5,93.5,35,-9.019176297088395,15.415777081547972,-0.07375651090322936
jjas_tp,tp,fuxi,3,27.5,95.0,35,0.7887841124734655,9.532630151954084,0.01156893106636456
jjas_tp,tp,fuxi,3,29.0,74.0,35,0.5727544076831238,1.7154319445401665,0.1585749825068967
jjas_tp,tp,fuxi,3,29.0,75.5,35,1.0818890788102267,2.769208617194403,0.15383912130060617
jjas_tp,tp,fuxi,3,29.0,77.0,35,0.6749850869779852,4.205496479495142,0.23933661079495558
jjas_tp,tp,fuxi,3,29.0,78.5,35,-0.5344957888171326,4.969961967089994,0.16330133924206378
jjas_tp,tp,fuxi,3,29.0,80.0,35,-4.952605332624359,9.198859846158248,0.14530636623078355
jjas_tp,tp,fuxi,3,29.0,95.0,35,-1.704091080513269,14.779711377443288,-0.1779073242325669
jjas_tp,tp,fuxi,3,30.5,74.0,35,0.43053107621333697,2.952794875405573,0.1348885218266883
jjas_tp,tp,fuxi,3,30.5,75.5,35,-0.9631171732030818,5.675248729859655,0.10156955357791453
jjas_tp,tp,fuxi,3,30.5,77.0,35,-4.757500886027594,12.372240011810824,-0.17186897669538445
jjas_tp,tp,fuxi,3,30.5,78.5,35,-1.383003412967728,5.939759897387494,0.047329043332854724
jjas_tp,tp,fuxi,3,30.5,80.0,35,-9.455040774519839,12.81684572739539,0.08082931848969566
jjas_tp,tp,fuxi,3,32.0,75.5,35,-0.4326347741636091,4.580208913527633,0.31320048945691864
jjas_tp,tp,fuxi,3,32.0,77.0,35,-1.224873701602822,5.171258720127871,-0.03976446718658325
jjas_tp,tp,fuxi,3,32.0,78.5,35,1.4220744494958517,2.4249912307468517,0.078779458499897
jjas_tp,tp,fuxi,3,33.5,74.0,35,-1.7891831763498762,4.150063603306188,0.2529550742685314
jjas_tp,tp,fuxi,3,33.5,75.5,35,-0.26492219367933706,3.037168911562798,0.30100092011268215
jjas_tp,tp,fuxi,3,33.5,77.0,35,-4.746240944014756,7.374180649718176,-0.2952706262698281
jjas_tp,tp,fuxi,3,33.5,78.5,35,0.5137728554280587,1.325050046663185,0.5516654355563062
jjas_tp,tp,fuxi,3,35.0,75.5,35,0.720454877005016,1.6791701636931768,0.5182300182928414
jjas_tp,tp,fuxi,3,35.0,77.0,35,-1.051551369710423,4.521745573091475,0.08370335993116768
jjas_tp,tp,fuxi,3,35.0,78.5,35,-1.5122416739255726,5.535323586744464,-0.007793169116323359
jjas_tp,tp,fuxi,3,35.0,80.0,35,0.5447527641157416,1.6206140606834136,0.4683540502034091
jjas_tp,tp,fuxi,3,36.5,74.0,35,-2.4072967131199396,6.825617449065487,0.032404252474234826
jjas_tp,tp,fuxi,3,36.5,75.5,35,-0.00788017978123713,2.0101157444973676,0.30118159844254916
jjas_tp,tp,fuxi,4,9.5,77.0,35,-11.387676581164508,19.888875499173245,0.07444237652253496
jjas_tp,tp,fuxi,4,9.5,78.5,35,-1.3059863231102231,3.862287259717341,-0.020572899808757834
jjas_tp,tp,fuxi,4,11.0,77.0,35,2.5347909752290314,5.980733266754552,0.059502184952080595
jjas_tp,tp,fuxi,4,11.0,78.5,35,0.09286456377538473,3.542180994276977,-0.16644844670079884
jjas_tp,tp,fuxi,4,12.5,75.5,35,-19.677378439291896,32.08119210501163,0.12959583808826627
jjas_tp,tp,fuxi,4,12.5,77.0,35,-1.3218638276000052,5.171546050271206,0.4605986951370151
jjas_tp,tp,fuxi,4,12.5,78.5,35,-0.9751300327914393,6.369616676908428,-0.39777103966759625
jjas_tp,tp,fuxi,4,14.0,75.5,35,-0.6742787150513517,9.100061098189558,0.14213125391547157
jjas_tp,tp,fuxi,4,14.0,77.0,35,-1.5641500780331765,7.539163467533909,-0.22006457018757244
jjas_tp,tp,fuxi,4,14.0,78.5,35,-1.241886072598959,6.017216314612574,-0.33596727327748327
jjas_tp,tp,fuxi,4,14.0,80.0,35,-2.535530791147339,5.822629706686267,-0.2581609420994993
jjas_tp,tp,fuxi,4,15.5,74.0,35,-33.56724253812316,43.07188395005722,-0.10691958326424414
jjas_tp,tp,fuxi,4,15.5,75.5,35,-1.2279760229215086,5.1269261221933675,0.17907505764861079
jjas_tp,tp,fuxi,4,15.5,77.0,35,-0.9773359915574539,3.9606860988265846,-0.10754406960428128
jjas_tp,tp,fuxi,4,15.5,78.5,35,-2.434943739332992,6.458679030927519,-0.4489762176593753
jjas_tp,tp,fuxi,4,15.5,80.0,35,-3.3111416341911073,7.565222028418393,-0.014807109493788344
jjas_tp,tp,fuxi,4,17.0,74.0,35,-6.051103438190592,15.297834826744104,-0.0009901551067044874
jjas_tp,tp,fuxi,4,17.0,75.5,35,-1.1760144728301676,4.383308486633868,-0.06278297022791546
jjas_tp,tp,fuxi,4,17.0,77.0,35,-1.3607637236670094,3.176707835890957,0.3206695549612106
jjas_tp,tp,fuxi,4,17.0,78.5,35,-1.353701666256892,4.864458760702851,0.08957952761451383
jjas_tp,tp,fuxi,4,17.0,80.0,35,-1.1977711746678708,4.773690658604082,0.1756954846930959
jjas_tp,tp,fuxi,4,17.0,81.5,35,-1.2470912685179054,4.587760867345724,0.25757039069969073
jjas_tp,tp,fuxi,4,18.5,74.0,35,-1.8933621218093997,9.801639693885054,-0.1623760628848456
jjas_tp,tp,fuxi,4,18.5,75.5,35,-2.0901622663984223,5.716443976123968,0.27333837351187906
jjas_tp,tp,fuxi,4,18.5,77.0,35,-2.365235340670943,5.246491253639012,0.42715902517644544
jjas_tp,tp,fuxi,4,18.5,78.5,35,-4.227525628698065,7.240267197449222,0.1281999539373451
jjas_tp,tp,fuxi,4,18.5,80.0,35,-6.12500771426141,14.199839856943724,-0.186013129975905
jjas_tp,tp,fuxi,4,18.5,81.5,35,-5.07967091141517,14.076518081148459,-0.25993294192542954
jjas_tp,tp,fuxi,4,18.5,83.0,35,-1.2425770043432558,6.855594442242803,0.06690078134657726
jjas_tp,tp,fuxi,4,20.0,74.0,35,-0.4444161868718597,6.677146404942394,0.08966132212261406
jjas_tp,tp,fuxi,4,20.0,75.5,35,-2.7608387156054035,6.587290967530592,0.13860387090623416
jjas_tp,tp,fuxi,4,20.0,77.0,35,-2.8592831326899226,5.95210774882659,-0.07511781497069957
jjas_tp,tp,fuxi,4,20.0,78.5,35,-0.28475598393350826,6.615092956643643,-0.03807140377291802
jjas_tp,tp,fuxi,4,20.0,80.0,35,-9.476487357156541,15.773064378113457,0.015528288384699551
jjas_tp,tp,fuxi,4,20.0,81.5,35,-2.514609162922502,6.7617231760212935,0.14252026880217272
jjas_tp,tp,fuxi,4,20.0,83.0,35,-3.360656228236783,7.997224828158886,0.15014876957096215
jjas_tp,tp,fuxi,4,20.0,84.5,35,-4.600999390408223,9.006610816752268,0.09389903217005902
jjas_tp,tp,fuxi,4,21.5,71.0,35,-3.8650748258926333,6.928555404106043,0.3701360696640521
jjas_tp,tp,fuxi,4,21.5,74.0,35,-7.172760332228942,13.161883641285002,-0.043062568826353016
jjas_tp,tp,fuxi,4,21.5,75.5,35,-3.8500502765115137,6.608398711046916,0.04455617617955545
jjas_tp,tp,fuxi,4,21.5,77.0,35,-7.526227888869125,12.856763541881246,-0.39830417732460593
jjas_tp,tp,fuxi,4,21.5,78.5,35,-3.9025048550728108,8.170703558163682,0.0780643059885211
jjas_tp,tp,fuxi,4,21.5,80.0,35,-3.9130198151170785,8.564034866634675,0.316324193400418
jjas_tp,tp,fuxi,4,21.5,81.5,35,-3.7396692175693786,9.133325593557663,0.20163501840521428
jjas_tp,tp,fuxi,4,21.5,83.0,35,-4.802117738871023,9.670152718936361,0.15117230001178453
jjas_tp,tp,fuxi,4,21.5,84.5,35,-2.5387745566840842,7.877956292197894,0.32079005300665764
jjas_tp,tp,fuxi,4,21.5,86.0,35,-3.5962555062720396,7.345141344350911,0.09935160560260255
jjas_tp,tp,fuxi,4,23.0,71.0,35,-4.0409718904858005,10.635003420791728,0.40700548930944125
jjas_tp,tp,fuxi,4,23.0,72.5,35,-3.4757646624761738,7.577493973815276,0.22677627598310016
jjas_tp,tp,fuxi,4,23.0,74.0,35,-3.605430765713727,8.73330848419434,0.009455095868775762
jjas_tp,tp,fuxi,4,23.0,75.5,35,-9.23755119298143,14.74164600578283,0.0820083223027623
jjas_tp,tp,fuxi,4,23.0,77.0,35,-8.829071563241259,14.637759679576561,-0.030740840592377503
jjas_tp,tp,fuxi,4,23.0,78.5,35,-8.764956661848476,14.57860415891613,-0.03698778648651839
jjas_tp,tp,fuxi,4,23.0,80.0,35,-7.265692515281578,12.34283061686262,0.09174861617002364
jjas_tp,tp,fuxi,4,23.0,81.5,35,-6.253544419319575,10.492308931082539,0.07578397759107845
jjas_tp,tp,fuxi,4,23.0,83.0,35,-3.246056093711307,7.686083740749338,0.3187513685550152
jjas_tp,tp,fuxi,4,23.0,84.5,35,-3.6450278056204453,7.772586553017051,0.1847498588084181
jjas_tp,tp,fuxi,4,23.0,86.0,35,-2.505452751551591,6.253555232315658,0.17525375557697281
jjas_tp,tp,fuxi,4,23.0,87.5,35,-1.3241998879033219,5.653319248691324,0.20987511852531396
jjas_tp,tp,fuxi,4,24.5,72.5,35,-4.420312591083786,7.818380740227157,0.37309828189765804
jjas_tp,tp,fuxi,4,24.5,74.0,35,-4.128837629797033,7.102886128344376,0.21234710696849413
jjas_tp,tp,fuxi,4,24.5,75.5,35,-12.570422700522032,18.22360746555379,-0.18515710939842436
jjas_tp,tp,fuxi,4,24.5,77.0,35,-8.550976020298078,12.920572505959953,0.0745198250442983
jjas_tp,tp,fuxi,4,24.5,78.5,35,-3.4989261421359377,8.126657887467061,0.01710911058541755
jjas_tp,tp,fuxi,4,24.5,80.0,35,-4.105321676370201,8.323381483639661,0.176941443181148
jjas_tp,tp,fuxi,4,24.5,81.5,35,-5.601580556934951,11.24171448495057,0.12866278034477863
jjas_tp,tp,fuxi,4,24.5,83.0,35,-3.813583973672735,8.69209520995762,0.14427775815072005
jjas_tp,tp,fuxi,4,24.5,84.5,35,-2.731365630155273,8.514456027273045,0.0034010068197749405
jjas_tp,tp,fuxi,4,24.5,86.0,35,-2.5994204394776936,9.704848669948618,-0.04896543035633315
jjas_tp,tp,fuxi,4,24.5,87.5,35,-1.6097698098221465,7.677233935505967,0.023121137835255774
jjas_tp,tp,fuxi,4,24.5,93.5,35,1.8595154374461433,4.597706628834551,0.2566599841798697
jjas_tp,tp,fuxi,4,26.0,71.0,35,-1.0563785505452308,3.5504290412890827,-0.007282840759802261
jjas_tp,tp,fuxi,4,26.0,72.5,35,-1.5592604238638934,4.111255768726622,0.036672345705191546
jjas_tp,tp,fuxi,4,26.0,74.0,35,-3.64360698662797,7.407514425062925,-0.11602136326933216
jjas_tp,tp,fuxi,4,26.0,75.5,35,-4.6214257703939206,8.436523488920052,0.012971082539191494
jjas_tp,tp,fuxi,4,26.0,77.0,35,-1.5336363114162193,4.398389462900832,0.20259693483122698
jjas_tp,tp,fuxi,4,26.0,78.5,35,-1.5233245134330147,4.509338976311,0.2754455750757432
jjas_tp,tp,fuxi,4,26.0,80.0,35,-1.734547744886664,6.18667598333397,-0.03633675207031186
jjas_tp,tp,fuxi,4,26.0,81.5,35,-0.8014353918384635,8.709002930838498,0.023601299164398758
jjas_tp,tp,fuxi,4,26.0,83.0,35,-3.431529339360023,15.309704374717093,-0.09452733888126265
jjas_tp,tp,fuxi,4,26.0,84.5,35,-2.9683235085079143,10.186285974252097,-0.026841854900678492
jjas_tp,tp,fuxi,4,26.0,86.0,35,-5.0025359431144905,15.04730111081507,-0.1446794855569757
jjas_tp,tp,fuxi,4,26.0,87.5,35,-2.976576884254242,14.17206317877902,-0.2849929354244188
jjas_tp,tp,fuxi,4,26.0,90.5,35,-8.980381528262184,18.50102905900907,-0.32373475552145614
jjas_tp,tp,fuxi,4,26.0,92.0,35,2.732829505479429,6.625994212254463,0.09681949342814075
jjas_tp,tp,fuxi,4,26.0,93.5,35,0.035661688252567304,4.383772398484571,0.1357411442579583
jjas_tp,tp,fuxi,4,26.0,95.0,35,1.3505216490115677,6.486630437163647,0.18330302162521656
jjas_tp,tp,fuxi,4,27.5,71.0,35,-0.5517171664055457,2.149440335122457,0.06614602354669169
jjas_tp,tp,fuxi,4,27.5,72.5,35,-1.0596571781719142,2.8507789276602664,0.16390472235849313
jjas_tp,tp,fuxi,4,27.5,74.0,35,-2.0256008557041283,4.156320009546767,-0.17066394172016194
jjas_tp,tp,fuxi,4,27.5,75.5,35,-5.381464653721708,10.697221853955819,-0.06637599054571847
jjas_tp,tp,fuxi,4,27.5,77.0,35,-0.5532314445237689,3.4374928926688564,0.20602761786685012
jjas_tp,tp,fuxi,4,27.5,78.5,35,-1.865999131645285,4.816701601505289,0.05493691315330482
jjas_tp,tp,fuxi,4,27.5,80.0,35,-2.807790807499399,7.211512044673261,-0.04385239309922267
jjas_tp,tp,fuxi,4,27.5,81.5,35,-5.540565483431718,14.788624433894727,-0.12903417499087771
jjas_tp,tp,fuxi,4,27.5,93.5,35,-8.61179934774484,15.291641247300385,-0.14005175456226127
jjas_tp,tp,fuxi,4,27.5,95.0,35,0.8427295085362587,8.913870999836506,-0.02730462405128259
jjas_tp,tp,fuxi,4,29.0,74.0,35,0.5061901402205526,1.5619151158934488,0.14178194223212814
jjas_tp,tp,fuxi,4,29.0,75.5,35,0.9521257081972436,2.4940829307430197,0.0670943680829664
jjas_tp,tp,fuxi,4,29.0,77.0,35,0.32905607707188683,4.298380109785834,0.08263419241552844
jjas_tp,tp,fuxi,4,29.0,78.5,35,-0.9366885595911413,4.848354801339961,0.12775279722435023
jjas_tp,tp,fuxi,4,29.0,80.0,35,-5.187052609436684,9.230299663115524,0.1345729124070833
jjas_tp,tp,fuxi,4,29.0,95.0,35,-1.4186737004165382,14.009835574954675,-0.1262912889007332
jjas_tp,tp,fuxi,4,30.5,74.0,35,0.3696185980250142,3.0426328687810904,-0.08314849390174264
jjas_tp,tp,fuxi,4,30.5,75.5,35,-0.9973302944253466,5.862765539611727,-0.08496460050772729
jjas_tp,tp,fuxi,4,30.5,77.0,35,-4.9117306401349055,12.740379680188678,-0.25898665169328
jjas_tp,tp,fuxi,4,30.5,78.5,35,-1.6096462165137218,5.6052895656127,0.12924928328353225
jjas_tp,tp,fuxi,4,30.5,80.0,35,-9.262033082551872,12.922129165703696,0.024960121196827965
jjas_tp,tp,fuxi,4,32.0,75.5,35,-0.5264325968386983,4.2453912105321985,0.3833495229278629
jjas_tp,tp,fuxi,4,32.0,77.0,35,-1.3948996599124324,4.728965774534123,0.10075382401355937
jjas_tp,tp,fuxi,4,32.0,78.5,35,1.2413595998273632,2.1025789360103446,0.09666842372476227
jjas_tp,tp,fuxi,4,33.5,74.0,35,-1.786728227690183,4.232506604561091,0.11136585108500956
jjas_tp,tp,fuxi,4,33.5,75.5,35,-0.3343258615996987,2.7987185895444924,0.3062700930635528
jjas_tp,tp,fuxi,4,33.5,77.0,35,-4.817013002313871,7.392738210994524,-0.36782163713428767
jjas_tp,tp,fuxi,4,33.5,78.5,35,0.4501994967113901,1.1419445024826609,0.6854961990292543
jjas_tp,tp,fuxi,4,35.0,75.5,35,0.725165387003318,1.7205995468445545,0.46488668452669174
jjas_tp,tp,fuxi,4,35.0,77.0,35,-1.0640222607433436,4.613077015782981,-0.08313689350038601
jjas_tp,tp,fuxi,4,35.0,78.5,35,-1.5144232303599374,5.580446096166504,-0.10100566745374874
jjas_tp,tp,fuxi,4,35.0,80.0,35,0.5654752636955418,1.6268369814014982,0.4769153359540312
jjas_tp,tp,fuxi,4,36.5,74.0,35,-2.4026382081192192,6.904344972494966,-0.028309873248867037
jjas_tp,tp,fuxi,4,36.5,75.5,35,-0.007660242162156458,2.0716996430708003,0.24745664856936087
jjas_tp,tp,fuxi,5,9.5,77.0,35,-11.182018139983414,19.928361609157516,-0.1098235559057988
jjas_tp,tp,fuxi,5,9.5,78.5,35,-1.6591907044458725,4.097318036959512,0.3004103007201635
jjas_tp,tp,fuxi,5,11.0,77.0,35,2.2523462169903885,6.3509992854492685,-0.09337668838425575
jjas_tp,tp,fuxi,5,11.0,78.5,35,-0.21772176008023494,3.619641391695626,0.08502311412636746
jjas_tp,tp,fuxi,5,12.5,75.5,35,-19.63879523418673,32.84592890908695,-0.034501790005081766
jjas_tp,tp,fuxi,5,12.5,77.0,35,-1.3965548003337818,5.275771687375957,0.3980897581567735
jjas_tp,tp,fuxi,5,12.5,78.5,35,-1.120161247330432,6.549011975775576,-0.44685487321219947
jjas_tp,tp,fuxi,5,14.0,75.5,35,-1.2776768538578687,9.285014799572037,-0.011236042598948158
jjas_tp,tp,fuxi,5,14.0,77.0,35,-1.6664885621552743,7.656063606275533,-0.3218458036195337
jjas_tp,tp,fuxi,5,14.0,78.5,35,-1.2804213871485395,6.166957846845673,-0.42594484353238854
jjas_tp,tp,fuxi,5,14.0,80.0,35,-2.869585280276517,5.87054416280831,0.09849095105549913
jjas_tp,tp,fuxi,5,15.5,74.0,35,-31.36367672864566,42.01966778444174,-0.1970755802392087
jjas_tp,tp,fuxi,5,15.5,75.5,35,-1.0435387971670427,5.131996154504868,0.05765102539976461
jjas_tp,tp,fuxi,5,15.5,77.0,35,-1.0165868885679632,4.028758309754867,-0.17905653118693662
jjas_tp,tp,fuxi,5,15.5,78.5,35,-2.659622416016132,6.602138522635755,-0.4459619444480094
jjas_tp,tp,fuxi,5,15.5,80.0,35,-3.964500124524182,8.326978592922602,-0.18881035515291553
jjas_tp,tp,fuxi,5,17.0,74.0,35,-5.714058925761241,15.523386741772288,-0.16831667657235885
jjas_tp,tp,fuxi,5,17.0,75.5,35,-1.1356183384089737,4.57155721702377,-0.2416575234170218
jjas_tp,tp,fuxi,5,17.0,77.0,35,-1.186328046072635,3.181157421530817,0.27224337029737744
jjas_tp,tp,fuxi,5,17.0,78.5,35,-1.4268255338742286,4.922173162735721,0.01753260940429192
jjas_tp,tp,fuxi,5,17.0,80.0,35,-1.5125579064687131,4.651227404318257,0.20907113037889583
jjas_tp,tp,fuxi,5,17.0,81.5,35,-1.4299107905862176,4.728558239127855,0.21808228050696712
jjas_tp,tp,fuxi,5,18.5,74.0,35,-1.7118007226963259,9.154385207962424,-0.16896609687351058
jjas_tp,tp,fuxi,5,18.5,75.5,35,-1.9592678360672962,5.684950017625424,0.25589977661926294
jjas_tp,tp,fuxi,5,18.5,77.0,35,-2.54902152780638,5.390689850038665,0.40053446064091064
jjas_tp,tp,fuxi,5,18.5,78.5,35,-4.351021796868996,7.360521371661772,0.03931387628954223
jjas_tp,tp,fuxi,5,18.5,80.0,35,-6.317784529377246,14.160519705787143,-0.16834439686269664
jjas_tp,tp,fuxi,5,18.5,81.5,35,-5.735785323233448,14.113641174756225,-0.1867641135465961
jjas_tp,tp,fuxi,5,18.5,83.0,35,-1.815446241029305,6.740199389611409,0.008158453988961149
jjas_tp,tp,fuxi,5,20.0,74.0,35,-1.2095846048801975,7.37915099973022,0.012210237248542807
jjas_tp,tp,fuxi,5,20.0,75.5,35,-2.6422059792908894,6.583651072293072,0.16229022746307128
jjas_tp,tp,fuxi,5,20.0,77.0,35,-2.6854005081873495,5.657748396513826,0.03134208099535852
jjas_tp,tp,fuxi,5,20.0,78.5,35,-0.08474776446137777,5.951926723637671,0.12500292845135275
jjas_tp,tp,fuxi,5,20.0,80.0,35,-9.05535059683051,15.562021033320606,-0.02271242270398303
jjas_tp,tp,fuxi,5,20.0,81.5,35,-2.643000991163598,6.269188965045786,0.2047042776324463
jjas_tp,tp,fuxi,5,20.0,83.0,35,-3.6461404478818222,7.988533348137014,0.10796875372100215
jjas_tp,tp,fuxi,5,20.0,84.5,35,-5.311568154186794,9.28880461339994,0.10194500761221871
jjas_tp,tp,fuxi,5,21.5,71.0,35,-3.6488720036840143,6.770952631454014,0.2774100904235523
jjas_tp,tp,fuxi,5,21.5,74.0,35,-7.100769973296662,13.179461729041698,-0.19064971403654657
jjas_tp,tp,fuxi,5,21.5,75.5,35,-3.774706057170638,6.498834768318876,-0.004336226289240558
jjas_tp,tp,fuxi,5,21.5,77.0,35,-6.931018485267099,12.078048799233661,-0.28980538097012554
jjas_tp,tp,fuxi,5,21.5,78.5,35,-3.432301469277417,7.790132727613319,0.07675999603496547
jjas_tp,tp,fuxi,5,21.5,80.0,35,-3.1134341787358486,7.982043386423965,0.23358433009683763
jjas_tp,tp,fuxi,5,21.5,81.5,35,-3.5821994431334634,9.226321293507095,0.10966620010325799
jjas_tp,tp,fuxi,5,21.5,83.0,35,-4.542201362423526,9.615720671722773,0.060319722170916336
jjas_tp,tp,fuxi,5,21.5,84.5,35,-2.6194587305260244,7.892650864097326,0.2928147429471646
jjas_tp,tp,fuxi,5,21.5,86.0,35,-3.8189660618419925,7.536928082573611,-0.016707309584962044
jjas_tp,tp,fuxi,5,23.0,71.0,35,-4.373361849379822,10.886287994538623,0.34800237577776055
jjas_tp,tp,fuxi,5,23.0,72.5,35,-3.7503100602770325,7.8086470930526515,0.08870791210756937
jjas_tp,tp,fuxi,5,23.0,74.0,35,-3.3845997539154817,8.398118021618256,0.047849178827034225
jjas_tp,tp,fuxi,5,23.0,75.5,35,-8.247270585124442,13.925628060643351,0.12033370080504496
jjas_tp,tp,fuxi,5,23.0,77.0,35,-8.265377600038592,14.44330059062376,-0.09051427509589018
jjas_tp,tp,fuxi,5,23.0,78.5,35,-8.210640118657196,14.403393626189363,-0.09902845300655198
jjas_tp,tp,fuxi,5,23.0,80.0,35,-6.479608068524809,12.162486649340932,-0.016311858685012823
jjas_tp,tp,fuxi,5,23.0,81.5,35,-5.89047508876391,10.520053963508364,-0.061526465233373843
jjas_tp,tp,fuxi,5,23.0,83.0,35,-3.179130742897279,7.668600847715898,0.2585226578608926
jjas_tp,tp,fuxi,5,23.0,84.5,35,-3.653764658342525,7.745356626268245,0.13958715039439215
jjas_tp,tp,fuxi,5,23.0,86.0,35,-2.642237530206419,6.362471393755912,0.1728399227912658
jjas_tp,tp,fuxi,5,23.0,87.5,35,-1.5960363059002083,5.766950564291847,0.20605806197645415
jjas_tp,tp,fuxi,5,24.5,72.5,35,-4.318740032467957,7.978664283695898,0.30621322186288896
jjas_tp,tp,fuxi,5,24.5,74.0,35,-3.8312463582601994,7.109524069144416,0.11621918212461599
jjas_tp,tp,fuxi,5,24.5,75.5,35,-11.969354070348496,17.855473176304603,-0.17054893271330895
jjas_tp,tp,fuxi,5,24.5,77.0,35,-8.084655049681304,12.64435123970492,0.06285210728703934
jjas_tp,tp,fuxi,5,24.5,78.5,35,-3.2736211425020727,7.826256894281408,0.03560000333035246
jjas_tp,tp,fuxi,5,24.5,80.0,35,-3.9428872439576725,8.172890142091928,0.16513635534549947
jjas_tp,tp,fuxi,5,24.5,81.5,35,-5.716508381928367,11.381780791010772,0.006911910337616489
jjas_tp,tp,fuxi,5,24.5,83.0,35,-3.9112019861944702,8.829539161189377,0.019158126675615332
jjas_tp,tp,fuxi,5,24.5,84.5,35,-2.731209381541256,8.4855399855275,-0.06998339904376316
jjas_tp,tp,fuxi,5,24.5,86.0,35,-2.5861496407769256,9.703294062518198,-0.06146047398982313
jjas_tp,tp,fuxi,5,24.5,87.5,35,-2.169539230892679,7.991268005666634,0.13829775772454986
jjas_tp,tp,fuxi,5,24.5,93.5,35,1.4629068025784955,4.521793371753238,0.2046369195501203
jjas_tp,tp,fuxi,5,26.0,71.0,35,-0.9958798781884576,3.6191796388711186,-0.12331350982131452
jjas_tp,tp,fuxi,5,26.0,72.5,35,-1.4989143354538013,4.133085132607743,-0.04967093937325371
jjas_tp,tp,fuxi,5,26.0,74.0,35,-3.522977604415085,7.511603945608842,-0.2350752596261595
jjas_tp,tp,fuxi,5,26.0,75.5,35,-4.396935281718947,8.423091435115332,-0.03443065987817888
jjas_tp,tp,fuxi,5,26.0,77.0,35,-1.4106405993427777,4.28060166845723,0.20856021323321755
jjas_tp,tp,fuxi,5,26.0,78.5,35,-1.4331677411346093,4.564688633917323,0.23719321972882818
jjas_tp,tp,fuxi,5,26.0,80.0,35,-1.682481571229237,5.8769208215642195,0.03660510149570163
jjas_tp,tp,fuxi,5,26.0,81.5,35,-0.9169136768376723,8.654703496387478,-0.01366518404567964
jjas_tp,tp,fuxi,5,26.0,83.0,35,-3.528405819112797,15.28498771612802,-0.12923991830172354
jjas_tp,tp,fuxi,5,26.0,84.5,35,-3.064268077440023,10.197938928957653,-0.12380725015416773
jjas_tp,tp,fuxi,5,26.0,86.0,35,-4.948253364169542,14.873750241611594,-0.16420499794930096
jjas_tp,tp,fuxi,5,26.0,87.5,35,-2.958044397365707,13.858699051712042,-0.2839637500205756
jjas_tp,tp,fuxi,5,26.0,90.5,35,-6.894676064568489,16.222511480233827,-0.17379017363329158
jjas_tp,tp,fuxi,5,26.0,92.0,35,2.676450316152101,7.062780086113114,-0.008221761770981058
jjas_tp,tp,fuxi,5,26.0,93.5,35,-0.2049312568481173,4.655042656843812,0.05090031469662443
jjas_tp,tp,fuxi,5,26.0,95.0,35,0.9017512141194429,6.718594825567479,0.11519831563989746
jjas_tp,tp,fuxi,5,27.5,71.0,35,-0.5251570254942645,2.2226940917718845,0.01753863757978967
jjas_tp,tp,fuxi,5,27.5,72.5,35,-1.0940412373023511,3.0019891947726656,-0.02927609441182813
jjas_tp,tp,fuxi,5,27.5,74.0,35,-2.053182747214997,4.328384000977457,-0.39671301428605465
jjas_tp,tp,fuxi,5,27.5,75.5,35,-5.293916248081606,10.846483557541335,-0.21309597497391392
jjas_tp,tp,fuxi,5,27.5,77.0,35,-0.5442664282165245,3.4759536156820148,0.11131602330776694
jjas_tp,tp,fuxi,5,27.5,78.5,35,-1.8801171240571373,4.899777931694198,-0.07092766330857993
jjas_tp,tp,fuxi,5,27.5,80.0,35,-2.8122784390019553,7.145099107473113,-0.0841400345760504
jjas_tp,tp,fuxi,5,27.5,81.5,35,-5.6191496452834,14.655839317694612,-0.16567394400928576
jjas_tp,tp,fuxi,5,27.5,93.5,35,-7.4508067666543525,14.284323235450197,-0.09127234592023555
jjas_tp,tp,fuxi,5,27.5,95.0,35,0.8310373826278781,8.343094859646932,-0.00813017347599589
jjas_tp,tp,fuxi,5,29.0,74.0,35,0.5408033597094943,1.615108884085259,0.11366693789188748
jjas_tp,tp,fuxi,5,29.0,75.5,35,0.9867167857815433,2.3438708347185293,0.12481357086873875
jjas_tp,tp,fuxi,5,29.0,77.0,35,0.3489098036996447,4.049240376566931,0.13967499529537467
jjas_tp,tp,fuxi,5,29.0,78.5,35,-0.8393105687243669,4.790080270251747,0.12313877377347912
jjas_tp,tp,fuxi,5,29.0,80.0,35,-5.031527483003625,9.338563564628473,0.06189195901284358
jjas_tp,tp,fuxi,5,29.0,95.0,35,-1.1589397335946567,13.85804376489644,-0.16324482690976932
jjas_tp,tp,fuxi,5,30.5,74.0,35,0.4251319411325876,2.967270241195243,0.029001706285109594
jjas_tp,tp,fuxi,5,30.5,75.5,35,-0.8558374765624805,5.5658528555370115,0.029577216787608124
jjas_tp,tp,fuxi,5,30.5,77.0,35,-4.753160049826173,12.44171772905241,-0.19681455568542203
jjas_tp,tp,fuxi,5,30.5,78.5,35,-1.2251806647376131,5.495434141258793,0.14435458955321756
jjas_tp,tp,fuxi,5,30.5,80.0,35,-9.03053887351148,12.876586843851026,-0.02438533591301721
jjas_tp,tp,fuxi,5,32.0,75.5,35,-0.47984011122628417,4.125438159952728,0.41328863281466643
jjas_tp,tp,fuxi,5,32.0,77.0,35,-1.235421600124388,4.701440437038617,0.09240698143601787
jjas_tp,tp,fuxi,5,32.0,78.5,35,1.2649844892609592,2.044567882990837,0.16437097320072308
jjas_tp,tp,fuxi,5,33.5,74.0,35,-1.6580364144125763,4.0616950899853315,0.16864927705908583
jjas_tp,tp,fuxi,5,33.5,75.5,35,-0.20270180184824796,2.711053063477797,0.3294362871063495
jjas_tp,tp,fuxi,5,33.5,77.0,35,-4.670360738905869,7.36707510796866,-0.3819133117790878
jjas_tp,tp,fuxi,5,33.5,78.5,35,0.46887784441223906,1.1006353508969893,0.7310317894747476
jjas_tp,tp,fuxi,5,35.0,75.5,35,0.8094201824218201,1.6714483404618017,0.5437070923156005
jjas_tp,tp,fuxi,5,35.0,77.0,35,-1.0467595030915673,4.5511402503320575,-0.004040997061757564
jjas_tp,tp,fuxi,5,35.0,78.5,35,-1.4925209775226198,5.564550945736444,-0.09261271604306613
jjas_tp,tp,fuxi,5,35.0,80.0,35,0.5660601734550944,1.5891554071644178,0.5336254098122165
jjas_tp,tp,fuxi,5,36.5,74.0,35,-2.298988223724303,6.796129737237027,0.023100051819374127
jjas_tp,tp,fuxi,5,36.5,75.5,35,0.03410190751387986,1.9915072407166314,0.3197087235775308
jjas_tp,tp,fuxi,6,9.5,77.0,35,-10.66041402589998,20.019862687454868,-0.2036787525413037
jjas_tp,tp,fuxi,6,9.5,78.5,35,-1.3381037942942686,4.66364225675852,0.12714912947923646
jjas_tp,tp,fuxi,6,11.0,77.0,35,1.8400672723109222,6.067899292921941,0.018307241797284452
jjas_tp,tp,fuxi,6,11.0,78.5,35,-0.15357230217392892,3.7500790839644007,1.0132829048663847e-05
jjas_tp,tp,fuxi,6,12.5,75.5,35,-18.213590838847274,32.4751520456954,-0.08917403529107835
jjas_tp,tp,fuxi,6,12.5,77.0,35,-1.613700562896565,5.32760188988738,0.3872256706786682
jjas_tp,tp,fuxi,6,12.5,78.5,35,-1.2053158027746262,6.340063260563674,-0.3804390477179784
jjas_tp,tp,fuxi,6,14.0,75.5,35,-1.7725701989877605,9.670336961654268,-0.10111073892951077
jjas_tp,tp,fuxi,6,14.0,77.0,35,-1.7557686068507756,7.7500388936870666,-0.42454786794586674
jjas_tp,tp,fuxi,6,14.0,78.5,35,-1.232990461264654,6.0557185800622815,-0.4076577121070879
jjas_tp,tp,fuxi,6,14.0,80.0,35,-2.5522264676947586,6.346143858787603,0.2993805133862334
jjas_tp,tp,fuxi,6,15.5,74.0,35,-28.991796432206552,40.5741323572128,-0.2685040748773697
jjas_tp,tp,fuxi,6,15.5,75.5,35,-1.3316786362460327,5.427220734977323,-0.03980200324842538
jjas_tp,tp,fuxi,6,15.5,77.0,35,-0.9638915195539091,4.172356897599753,-0.24534887959859347
jjas_tp,tp,fuxi,6,15.5,78.5,35,-2.607122460746297,6.293480499828475,-0.330020854389952
jjas_tp,tp,fuxi,6,15.5,80.0,35,-3.867051122207906,8.350097346547134,-0.17358755954266425
jjas_tp,tp,fuxi,6,17.0,74.0,35,-5.0726323017554895,15.322278200561744,-0.1924240043729406
jjas_tp,tp,fuxi,6,17.0,75.5,35,-1.258750101604338,4.604476441609234,-0.1905320604200376
jjas_tp,tp,fuxi,6,17.0,77.0,35,-1.169081303211952,3.31842856374886,0.1345312050839954
jjas_tp,tp,fuxi,6,17.0,78.5,35,-1.2783119930533275,5.2872309984234604,-0.2789885914347069
jjas_tp,tp,fuxi,6,17.0,80.0,35,-1.4957568013460432,4.751442902715686,0.02761717500420326
jjas_tp,tp,fuxi,6,17.0,81.5,35,-1.2575808437119762,4.999976539988491,0.09672274307801623
jjas_tp,tp,fuxi,6,18.5,74.0,35,-1.730217027563648,9.180501101242214,-0.2952518596346981
jjas_tp,tp,fuxi,6,18.5,75.5,35,-1.972739998736099,5.779291047179675,0.16834176889339927
jjas_tp,tp,fuxi,6,18.5,77.0,35,-2.6359074295740457,5.4832094447449204,0.2895233345506202
jjas_tp,tp,fuxi,6,18.5,78.5,35,-4.167262336518438,7.5093347002216575,-0.17545130995059618
jjas_tp,tp,fuxi,6,18.5,80.0,35,-5.872755762583331,14.060083886129629,-0.2136179000466466
jjas_tp,tp,fuxi,6,18.5,81.5,35,-4.938363499504306,13.762496021707168,-0.19242409819715703
jjas_tp,tp,fuxi,6,18.5,83.0,35,-1.7741464021382558,6.955305701608101,-0.09597943505083306
jjas_tp,tp,fuxi,6,20.0,74.0,35,-1.1807781897056295,6.929535315416229,0.03838404762108254
jjas_tp,tp,fuxi,6,20.0,75.5,35,-2.5211202173274074,6.4358824680937925,0.21959788696885807
jjas_tp,tp,fuxi,6,20.0,77.0,35,-2.4686522217854425,5.556962035674218,-0.019597909738308897
jjas_tp,tp,fuxi,6,20.0,78.5,35,-0.027929375385190167,5.945351915694312,0.08629542183446859
jjas_tp,tp,fuxi,6,20.0,80.0,35,-8.404412032019698,15.204395821206989,-0.04049579631992341
jjas_tp,tp,fuxi,6,20.0,81.5,35,-2.0877976800868256,5.679378149970039,0.20958612230202373
jjas_tp,tp,fuxi,6,20.0,83.0,35,-3.150506007769054,7.588448585492305,0.1465507612408481
jjas_tp,tp,fuxi,6,20.0,84.5,35,-5.41948112552014,9.322724163585585,0.06459901190288606
jjas_tp,tp,fuxi,6,21.5,71.0,35,-4.008990038209055,6.986323659000979,0.10262559350191008
jjas_tp,tp,fuxi,6,21.5,74.0,35,-6.487520397289175,12.84409902808428,-0.25906580377169486
jjas_tp,tp,fuxi,6,21.5,75.5,35,-3.6982780138348517,6.332204153933654,-0.02400022294263297
jjas_tp,tp,fuxi,6,21.5,77.0,35,-6.571359117544272,11.86238483050062,-0.3208102834115563
jjas_tp,tp,fuxi,6,21.5,78.5,35,-3.760120949701817,7.693116664038439,0.04687255733710355
jjas_tp,tp,fuxi,6,21.5,80.0,35,-2.9233955966624396,7.058892861967524,0.34217990848207713
jjas_tp,tp,fuxi,6,21.5,81.5,35,-3.6942900966120518,8.724029373243988,0.23253384439745786
jjas_tp,tp,fuxi,6,21.5,83.0,35,-3.9480283166701455,8.702781757982114,0.12473431485627959
jjas_tp,tp,fuxi,6,21.5,84.5,35,-2.5502321264851804,7.499832142562783,0.34749835418854125
jjas_tp,tp,fuxi,6,21.5,86.0,35,-3.8281053817579456,7.312556367764965,-0.014464517667263593
jjas_tp,tp,fuxi,6,23.0,71.0,35,-4.8441009139828015,11.299322764862762,0.18614629611067438
jjas_tp,tp,fuxi,6,23.0,72.5,35,-3.999132410336502,8.009539335921657,-0.0337030305236985
jjas_tp,tp,fuxi,6,23.0,74.0,35,-2.838978184858302,7.786599598489132,0.09799856238371177
jjas_tp,tp,fuxi,6,23.0,75.5,35,-7.385286809891826,13.139390346366326,0.09917339796096122
jjas_tp,tp,fuxi,6,23.0,77.0,35,-7.67932683181294,13.793381412836856,-0.04310297243497959
jjas_tp,tp,fuxi,6,23.0,78.5,35,-7.676014608793941,13.68512965460976,-0.04117374119453802
jjas_tp,tp,fuxi,6,23.0,80.0,35,-6.311072620138743,11.88817683168834,0.0005943493276907159
jjas_tp,tp,fuxi,6,23.0,81.5,35,-5.329408600312337,9.82874866658193,-0.06124641662879528
jjas_tp,tp,fuxi,6,23.0,83.0,35,-2.2861596507062343,5.937245636570227,0.3711026102086808
jjas_tp,tp,fuxi,6,23.0,84.5,35,-3.607161030970615,7.6949231461611705,0.105833260033544
jjas_tp,tp,fuxi,6,23.0,86.0,35,-2.640097536244794,6.214035833619794,0.18474809261453032
jjas_tp,tp,fuxi,6,23.0,87.5,35,-1.8041357817832082,5.837190775374471,0.19209275507154208
jjas_tp,tp,fuxi,6,24.5,72.5,35,-4.472751899275856,8.135055217992651,0.2719423224495385
jjas_tp,tp,fuxi,6,24.5,74.0,35,-3.6116075084984987,6.802506655154437,0.16235475088165402
jjas_tp,tp,fuxi,6,24.5,75.5,35,-11.312256980977498,17.589405110338056,-0.24888687511839114
jjas_tp,tp,fuxi,6,24.5,77.0,35,-8.04125766368797,12.833249101443196,-0.0182799386403427
jjas_tp,tp,fuxi,6,24.5,78.5,35,-3.2146481621984506,7.414680627515189,0.08808647000706847
jjas_tp,tp,fuxi,6,24.5,80.0,35,-3.3685264261837307,7.17763965058414,0.24695642322110642
jjas_tp,tp,fuxi,6,24.5,81.5,35,-4.871117404359522,10.45387435900862,0.027998521362866992
jjas_tp,tp,fuxi,6,24.5,83.0,35,-3.021398208237495,7.577829718910385,0.11114329788318911
jjas_tp,tp,fuxi,6,24.5,84.5,35,-2.3651777133746648,8.475958971186273,-0.13476836759883712
jjas_tp,tp,fuxi,6,24.5,86.0,35,-2.2713038650040986,9.721344916683126,-0.14462426479404347
jjas_tp,tp,fuxi,6,24.5,87.5,35,-2.0838291007044143,8.18823737486575,0.05660115384812324
jjas_tp,tp,fuxi,6,24.5,93.5,35,0.8526573444576547,4.01793339114495,0.23947272248145968
jjas_tp,tp,fuxi,6,26.0,71.0,35,-1.0947066847975653,3.326182633457374,0.11668744893814113
jjas_tp,tp,fuxi,6,26.0,72.5,35,-1.5761949750449713,4.108705800061899,-0.07649619535087712
jjas_tp,tp,fuxi,6,26.0,74.0,35,-2.9930197899233226,6.9622024577905295,-0.2294500092296132
jjas_tp,tp,fuxi,6,26.0,75.5,35,-4.473622885013581,8.483340199569858,-0.060322502933458866
jjas_tp,tp,fuxi,6,26.0,77.0,35,-1.265283711970849,3.9048864444382847,0.20561322147841368
jjas_tp,tp,fuxi,6,26.0,78.5,35,-1.194235588561406,3.8095120522487385,0.341623863988348
jjas_tp,tp,fuxi,6,26.0,80.0,35,-1.4923178618317592,5.490910748513402,0.08884001978845117
jjas_tp,tp,fuxi,6,26.0,81.5,35,-0.5723051331839322,8.449363955949782,-0.0566208014622669
jjas_tp,tp,fuxi,6,26.0,83.0,35,-3.073735338177841,15.264100653616595,-0.22631511487204833
jjas_tp,tp,fuxi,6,26.0,84.5,35,-2.326722398619604,9.882859617582685,-0.23167206290844752
jjas_tp,tp,fuxi,6,26.0,86.0,35,-4.4487811022616635,14.892429625952568,-0.2914443649153139
jjas_tp,tp,fuxi,6,26.0,87.5,35,-2.2643617263765496,13.649455929753401,-0.35225849768861667
jjas_tp,tp,fuxi,6,26.0,90.5,35,-4.9959291588215695,14.251622308380423,-0.13235351482636215
jjas_tp,tp,fuxi,6,26.0,92.0,35,2.538474302932588,6.933792181810182,-0.11557357076910126
jjas_tp,tp,fuxi,6,26.0,93.5,35,-0.23301830202439158,4.534825733030024,-0.02207532217432644
jjas_tp,tp,fuxi,6,26.0,95.0,35,0.29757194637051304,6.317580784782973,0.12764709489608067
jjas_tp,tp,fuxi,6,27.5,71.0,35,-0.7455853537101643,2.1172397328747734,0.21379570724830282
jjas_tp,tp,fuxi,6,27.5,72.5,35,-1.2664754862330885,2.8021895796381586,0.18221369606079058
jjas_tp,tp,fuxi,6,27.5,74.0,35,-2.0473703534189913,4.078391057429443,-0.2991459273285711
jjas_tp,tp,fuxi,6,27.5,75.5,35,-5.22045942027939,10.871919341300135,-0.2673747257380401
jjas_tp,tp,fuxi,6,27.5,77.0,35,-0.4963013200130617,3.3191263292891557,0.12447471906473692
jjas_tp,tp,fuxi,6,27.5,78.5,35,-1.4279983978969268,4.405607586649913,-0.05471918272371316
jjas_tp,tp,fuxi,6,27.5,80.0,35,-2.0872554167169732,6.402656063579241,-0.14494535819551835
jjas_tp,tp,fuxi,6,27.5,81.5,35,-3.833369857422186,12.320621287287784,-0.2688904985506477
jjas_tp,tp,fuxi,6,27.5,93.5,35,-5.76924775421672,12.311123667417672,0.01324814402719195
jjas_tp,tp,fuxi,6,27.5,95.0,35,1.222779609766308,7.782732908835094,-0.04374719445319882
jjas_tp,tp,fuxi,6,29.0,74.0,35,0.34977590357094623,1.2489270768046483,0.1803259064511194
jjas_tp,tp,fuxi,6,29.0,75.5,35,0.7633272509337656,2.0539698746085024,0.08436014362732705
jjas_tp,tp,fuxi,6,29.0,77.0,35,0.14607772668593091,3.9530868840445295,0.14400623556406877
jjas_tp,tp,fuxi,6,29.0,78.5,35,-0.48971545875715605,4.462877417111273,0.18830032095257657
jjas_tp,tp,fuxi,6,29.0,80.0,35,-4.612929843948527,9.297058467038873,-0.04319724138792324
jjas_tp,tp,fuxi,6,29.0,95.0,35,0.9048607255603328,10.900059231357286,-0.004160359247357393
jjas_tp,tp,fuxi,6,30.5,74.0,35,0.1969449198763897,2.7352753082237653,0.025526836263281727
jjas_tp,tp,fuxi,6,30.5,75.5,35,-1.087678101976778,5.605177718440842,-0.039958343998824315
jjas_tp,tp,fuxi,6,30.5,77.0,35,-4.285342396031341,12.499306722616705,-0.24204593573594785
jjas_tp,tp,fuxi,6,30.5,78.5,35,-1.065343286512032,5.284203727534496,0.16282134021221945
jjas_tp,tp,fuxi,6,30.5,80.0,35,-8.48742995443216,12.80583284780919,-0.10880885217397666
jjas_tp,tp,fuxi,6,32.0,75.5,35,-0.7876093627089394,4.3154535746516665,0.3518742309798221
jjas_tp,tp,fuxi,6,32.0,77.0,35,-1.5958206117490763,4.7847993693159125,0.07764397016509919
jjas_tp,tp,fuxi,6,32.0,78.5,35,1.1947037484135248,1.934145632881142,0.15260854544003696
jjas_tp,tp,fuxi,6,33.5,74.0,35,-2.194444186911454,4.958347911939711,0.09995267644208068
jjas_tp,tp,fuxi,6,33.5,75.5,35,-0.8634642253528921,4.036970297906682,0.14047229863818889
jjas_tp,tp,fuxi,6,33.5,77.0,35,-4.68754756682853,7.460910618303511,-0.47974765703103256
jjas_tp,tp,fuxi,6,33.5,78.5,35,0.4100999921704907,1.0516420936251498,0.7599753987676012
jjas_tp,tp,fuxi,6,35.0,75.5,35,0.4267074994109954,2.2881772636239046,0.31484467375939623
jjas_tp,tp,fuxi,6,35.0,77.0,35,-1.2172664117309264,4.644685392919472,-0.0881045088415774
jjas_tp,tp,fuxi,6,35.0,78.5,35,-1.611392869861293,5.6362266981596365,-0.18996090272722
jjas_tp,tp,fuxi,6,35.0,80.0,35,0.4566595339023324,1.6019106573009052,0.4858009113760844
jjas_tp,tp,fuxi,6,36.5,74.0,35,-3.0285002600898565,7.423963815908023,-0.07328952954112888
jjas_tp,tp,fuxi,6,36.5,75.5,35,-0.4672228397059533,2.7242096287093562,0.05773468598094367
jjas_tp,tp,mme,1,9.5,77.0,35,-8.814472050287618,16.221684456879853,0.6026053658674031
jjas_tp,tp,mme,1,9.5,78.5,35,0.5271941523110938,1.7050578725323806,0.49055183897458293
jjas_tp,tp,mme,1,11.0,77.0,35,6.226326414001757,7.3441968801337465,0.602715821016938
jjas_tp,tp,mme,1,11.0,78.5,35,0.8448354015688112,2.344703648421506,0.4358342817937394
jjas_tp,tp,mme,1,12.5,75.5,35,-11.37955413863235,25.28399461911478,0.41363235275175597
jjas_tp,tp,mme,1,12.5,77.0,35,1.2605209661114125,4.508576968156036,0.5495325396036854
jjas_tp,tp,mme,1,12.5,78.5,35,-0.1770008206771437,5.615759699081007,0.06609155962207637
jjas_tp,tp,mme,1,14.0,75.5,35,6.734083306366927,9.010457705397979,0.6281902610017204
jjas_tp,tp,mme,1,14.0,77.0,35,0.5009592211465126,6.251826400053294,0.1758276736873314
jjas_tp,tp,mme,1,14.0,78.5,35,0.3357389243305831,4.999483103253609,0.40780951368040397
jjas_tp,tp,mme,1,14.0,80.0,35,0.5569708706221239,2.77710700437983,0.43119428378996927
jjas_tp,tp,mme,1,15.5,74.0,35,-25.0730605979158,34.19498609390587,0.17240474363662586
jjas_tp,tp,mme,1,15.5,75.5,35,3.5288651796849564,4.451106264868041,0.690867587944811
jjas_tp,tp,mme,1,15.5,77.0,35,0.6484184501625788,3.3708337203406784,0.43868715789187235
jjas_tp,tp,mme,1,15.5,78.5,35,-0.7771200039875923,5.569066740076678,0.12405452474007075
jjas_tp,tp,mme,1,15.5,80.0,35,0.08163241058144395,3.660818565484592,0.5459866674990375
jjas_tp,tp,mme,1,17.0,74.0,35,2.6111310740171736,10.002298618959593,0.7167473351367937
jjas_tp,tp,mme,1,17.0,75.5,35,1.5094975633151877,4.536328492435033,0.24320031980939738
jjas_tp,tp,mme,1,17.0,77.0,35,0.8874517607793982,2.5733697180003623,0.616366864462429
jjas_tp,tp,mme,1,17.0,78.5,35,1.1455397161667609,4.202458282070405,0.4134936546991229
jjas_tp,tp,mme,1,17.0,80.0,35,1.3312530348764189,4.383387454068287,0.489037808367491
jjas_tp,tp,mme,1,17.0,81.5,35,1.2003868453239066,4.881171679002958,0.3661398728154805
jjas_tp,tp,mme,1,18.5,74.0,35,6.323229370697896,9.712547116570125,0.37883456143565664
jjas_tp,tp,mme,1,18.5,75.5,35,0.9829302136687967,4.220457016995391,0.34138109765647967
jjas_tp,tp,mme,1,18.5,77.0,35,0.5567468264902119,3.9214785602378686,0.460818458385158
jjas_tp,tp,mme,1,18.5,78.5,35,-0.7149951352960711,4.388702723065346,0.6090733332233716
jjas_tp,tp,mme,1,18.5,80.0,35,-1.8851218135735621,10.982662475758705,0.30697931834243214
jjas_tp,tp,mme,1,18.5,81.5,35,-2.402915886651594,9.89744391915734,0.544570711154259
jjas_tp,tp,mme,1,18.5,83.0,35,2.274361367143239,5.266428328512821,0.41923217039560573
jjas_tp,tp,mme,1,20.0,74.0,35,5.69824548502917,7.252979016502314,0.5913934166147482
jjas_tp,tp,mme,1,20.0,75.5,35,0.6578469148856976,4.573789422274659,0.46654501529576436
jjas_tp,tp,mme,1,20.0,77.0,35,0.10948223837832688,3.3779215643120493,0.6711901904462771
jjas_tp,tp,mme,1,20.0,78.5,35,2.9372436880743695,5.839228579225129,0.5435283995310215
jjas_tp,tp,mme,1,20.0,80.0,35,-5.386360283022871,10.325106820362297,0.7203903422061255
jjas_tp,tp,mme,1,20.0,81.5,35,1.5833487208410306,5.682289020241696,0.5052548641807414
jjas_tp,tp,mme,1,20.0,83.0,35,-0.5045081650106978,5.349527039764166,0.6110010167751895
jjas_tp,tp,mme,1,20.0,84.5,35,-0.9612291911354841,5.257007185011687,0.5228822242752373
jjas_tp,tp,mme,1,21.5,71.0,35,0.1502201677395492,3.8477004035175892,0.7732587354384199
jjas_tp,tp,mme,1,21.5,74.0,35,-2.8154275044487145,9.489137711933711,0.5163571216812304
jjas_tp,tp,mme,1,21.5,75.5,35,0.5890395770617479,4.316213966731847,0.5700395583723242
jjas_tp,tp,mme,1,21.5,77.0,35,-3.1438826774965523,8.753342339797431,0.37179270507104717
jjas_tp,tp,mme,1,21.5,78.5,35,0.46830015857017354,5.416360347637299,0.6350172976296335
jjas_tp,tp,mme,1,21.5,80.0,35,-0.12119021918931444,3.7886139276320514,0.8758435235875829
jjas_tp,tp,mme,1,21.5,81.5,35,-0.5668798210730429,5.27906346803041,0.7581886136594682
jjas_tp,tp,mme,1,21.5,83.0,35,-1.9416353929105652,5.982518055377915,0.7344981261666699
jjas_tp,tp,mme,1,21.5,84.5,35,0.007074012594810698,5.339408439666053,0.6870772409099601
jjas_tp,tp,mme,1,21.5,86.0,35,-0.8056019497955874,3.9014104132830627,0.7197051773140783
jjas_tp,tp,mme,1,23.0,71.0,35,-1.509911124659298,7.521960170168846,0.8049552441133649
jjas_tp,tp,mme,1,23.0,72.5,35,-0.29945516818603624,3.9695248219347317,0.8085159988089898
jjas_tp,tp,mme,1,23.0,74.0,35,1.0658065611969114,5.7511916405895,0.6226344036919677
jjas_tp,tp,mme,1,23.0,75.5,35,-4.0235531798395705,8.804284235090952,0.7360607383663238
jjas_tp,tp,mme,1,23.0,77.0,35,-2.875373306138591,8.299555343316475,0.7239206704755827
jjas_tp,tp,mme,1,23.0,78.5,35,-3.31838453806516,8.08420741542282,0.7698801454979004
jjas_tp,tp,mme,1,23.0,80.0,35,-3.312386949202828,8.136228601321337,0.6184434727801963
jjas_tp,tp,mme,1,23.0,81.5,35,-3.4218719002913067,6.347168735991128,0.7045520353540256
jjas_tp,tp,mme,1,23.0,83.0,35,-0.5109748439481172,6.0553852273946385,0.5270542521221945
jjas_tp,tp,mme,1,23.0,84.5,35,-0.16681867229161734,3.9606509734469,0.7983692181822737
jjas_tp,tp,mme,1,23.0,86.0,35,0.7590748343340217,3.429583798380792,0.6917092696028131
jjas_tp,tp,mme,1,23.0,87.5,35,1.7060415582802695,4.101072618998186,0.6505585695391349
jjas_tp,tp,mme,1,24.5,72.5,35,-2.6412134602834874,5.764891763654007,0.673462606956137
jjas_tp,tp,mme,1,24.5,74.0,35,-0.8484895994549939,4.481983899424815,0.6675310634844052
jjas_tp,tp,mme,1,24.5,75.5,35,-7.953836266496064,12.110408776626311,0.6979765647729455
jjas_tp,tp,mme,1,24.5,77.0,35,-3.213261866399579,7.245012126204652,0.7264138780069938
jjas_tp,tp,mme,1,24.5,78.5,35,1.3298820466889412,5.761365341312299,0.590063908422705
jjas_tp,tp,mme,1,24.5,80.0,35,0.09800447825693041,5.434762254851228,0.618286646366761
jjas_tp,tp,mme,1,24.5,81.5,35,-1.5505127675590868,7.692931651410538,0.6456429207113986
jjas_tp,tp,mme,1,24.5,83.0,35,0.21458941230362263,4.970636584457332,0.7735239405106741
jjas_tp,tp,mme,1,24.5,84.5,35,1.2849959644027713,5.489843208385922,0.7038919541327079
jjas_tp,tp,mme,1,24.5,86.0,35,2.130805435034535,6.395450420271464,0.7354096884235272
jjas_tp,tp,mme,1,24.5,87.5,35,3.837737338304033,5.795851460902151,0.6963182167951492
jjas_tp,tp,mme,1,24.5,93.5,35,5.546156585097384,6.78304690045696,0.2772878112970393
jjas_tp,tp,mme,1,26.0,71.0,35,-0.8114910049167615,2.9253543620116464,0.44671316533338223
jjas_tp,tp,mme,1,26.0,72.5,35,-0.4946641339098695,3.305682132618455,0.4637241365415292
jjas_tp,tp,mme,1,26.0,74.0,35,-1.3980049236221324,5.655570956827363,0.4301789414376943
jjas_tp,tp,mme,1,26.0,75.5,35,-1.846216845818057,4.898112040078306,0.7363706938841904
jjas_tp,tp,mme,1,26.0,77.0,35,1.496151488942056,4.540259579260404,0.5004251089454212
jjas_tp,tp,mme,1,26.0,78.5,35,2.0625170487249433,4.225365123267458,0.5588677897933263
jjas_tp,tp,mme,1,26.0,80.0,35,1.8685341396479698,5.428326411976363,0.44772937582013866
jjas_tp,tp,mme,1,26.0,81.5,35,3.3279363550906322,6.437286234585885,0.7357164801670072
jjas_tp,tp,mme,1,26.0,83.0,35,0.4619241878981883,10.475622715668997,0.7776246614457258
jjas_tp,tp,mme,1,26.0,84.5,35,0.6790269371332347,4.949462261550067,0.8742318617976191
jjas_tp,tp,mme,1,26.0,86.0,35,-1.0616171013528746,9.45987498383605,0.8320968147330323
jjas_tp,tp,mme,1,26.0,87.5,35,1.3245553685090916,9.557638159730205,0.6639075785122567
jjas_tp,tp,mme,1,26.0,90.5,35,-3.036016683156149,10.910391129918871,0.7988531770789359
jjas_tp,tp,mme,1,26.0,92.0,35,8.952862751637923,10.85617009334884,0.33832761414522067
jjas_tp,tp,mme,1,26.0,93.5,35,5.613513155856948,7.2901445160066345,0.01274650024553017
jjas_tp,tp,mme,1,26.0,95.0,35,6.997663024918032,8.847232288075297,0.15749932831699776
jjas_tp,tp,mme,1,27.5,71.0,35,-0.5742622362802674,1.7965872580064337,0.6177962386345296
jjas_tp,tp,mme,1,27.5,72.5,35,-0.7169023282015938,1.8105459492605924,0.7981447394218182
jjas_tp,tp,mme,1,27.5,74.0,35,-0.7852435596774239,3.0585852564470204,0.49209823676108083
jjas_tp,tp,mme,1,27.5,75.5,35,-4.2867204549975835,9.070749888021446,0.42561155215249763
jjas_tp,tp,mme,1,27.5,77.0,35,1.9960445119596544,3.730967448635156,0.46825848126691716
jjas_tp,tp,mme,1,27.5,78.5,35,1.277221136118057,4.169530758681345,0.3170977040996235
jjas_tp,tp,mme,1,27.5,80.0,35,0.3678255601695274,3.53783325064007,0.776801511005804
jjas_tp,tp,mme,1,27.5,81.5,35,-3.1468319777447036,10.72872109131718,0.6307341735013663
jjas_tp,tp,mme,1,27.5,93.5,35,-5.098152500941505,9.822509575287294,0.649475378951781
jjas_tp,tp,mme,1,27.5,95.0,35,3.495320699117533,6.467964464525535,0.565544818536015
jjas_tp,tp,mme,1,29.0,74.0,35,1.0663738369344076,2.2530289367794354,-0.01743547162702728
jjas_tp,tp,mme,1,29.0,75.5,35,1.9553685604872681,3.40768758614879,0.15469937950540466
jjas_tp,tp,mme,1,29.0,77.0,35,2.158879591336427,4.115532502894032,0.39300979100430694
jjas_tp,tp,mme,1,29.0,78.5,35,1.3140394443857975,4.439675163655776,0.14025256286541618
jjas_tp,tp,mme,1,29.0,80.0,35,-2.5215526217631017,7.344771512878007,0.2920455308858715
jjas_tp,tp,mme,1,29.0,95.0,35,1.3544213059892738,8.931407773021864,0.7145212879393481
jjas_tp,tp,mme,1,30.5,74.0,35,0.9685644678839249,2.965488850034057,0.16328962143509734
jjas_tp,tp,mme,1,30.5,75.5,35,0.014388358633287973,4.762869252149388,0.41260360677517627
jjas_tp,tp,mme,1,30.5,77.0,35,-2.7262874729448643,9.999125791233899,0.1904689946588529
jjas_tp,tp,mme,1,30.5,78.5,35,1.3752684033586369,5.149061469283102,0.20681218960772169
jjas_tp,tp,mme,1,30.5,80.0,35,-6.8099278306833355,10.0186757890191,0.31414430361147533
jjas_tp,tp,mme,1,32.0,75.5,35,1.4343271339843013,3.2942689127151623,0.7045252958166246
jjas_tp,tp,mme,1,32.0,77.0,35,1.4102552721895623,4.283134614615489,0.36002753490558814
jjas_tp,tp,mme,1,32.0,78.5,35,3.424613163936726,4.3418658612201435,0.10923473833741347
jjas_tp,tp,mme,1,33.5,74.0,35,-0.16968597947317063,2.9170276476500505,0.6051587957859174
jjas_tp,tp,mme,1,33.5,75.5,35,1.3481267588355492,2.68230690732764,0.6767113311512765
jjas_tp,tp,mme,1,33.5,77.0,35,-3.19928574083403,6.095939844736487,-0.04707898185777884
jjas_tp,tp,mme,1,33.5,78.5,35,1.3310287272804426,1.8068752988556882,0.5971542684336918
jjas_tp,tp,mme,1,35.0,75.5,35,1.4716891002987356,1.9610296881768516,0.7393232002050045
jjas_tp,tp,mme,1,35.0,77.0,35,-0.34784590602287635,4.540255022435168,0.053919912868288025
jjas_tp,tp,mme,1,35.0,78.5,35,-1.0276855249582655,5.450600167230937,0.0273618209261679
jjas_tp,tp,mme,1,35.0,80.0,35,0.8370038098621194,1.6753303482708037,0.5414062147567107
jjas_tp,tp,mme,1,36.5,74.0,35,-2.310198015222935,6.948483783420043,0.04232851029892029
jjas_tp,tp,mme,1,36.5,75.5,35,0.03872171522424497,2.2035868178504323,0.4157806792172091
jjas_tp,tp,mme,2,9.5,77.0,35,-9.129419149106923,17.96147663016525,0.3340684333077413
jjas_tp,tp,mme,2,9.5,78.5,35,0.4269494683551491,1.9458154091481101,0.13607401820343076
jjas_tp,tp,mme,2,11.0,77.0,35,5.316013975497437,6.784312605164746,0.4858866451817483
jjas_tp,tp,mme,2,11.0,78.5,35,1.0928051040107432,2.6540141308082883,0.3222066118477065
jjas_tp,tp,mme,2,12.5,75.5,35,-14.337697853494051,27.80493437984152,0.2686921042574218
jjas_tp,tp,mme,2,12.5,77.0,35,0.221703914389419,5.099118594292602,0.45493611531749567
jjas_tp,tp,mme,2,12.5,78.5,35,-0.37367425320745384,5.700744105051968,-0.05733127843266095
jjas_tp,tp,mme,2,14.0,75.5,35,4.435145859058501,7.718404382663379,0.5647896031645379
jjas_tp,tp,mme,2,14.0,77.0,35,-0.4566557960117874,7.117465813089404,-0.05561397088696268
jjas_tp,tp,mme,2,14.0,78.5,35,-0.39497210877763944,5.556892489902354,-0.003977536211937774
jjas_tp,tp,mme,2,14.0,80.0,35,-0.1392519517790904,2.6725335307740696,0.4070969138436982
jjas_tp,tp,mme,2,15.5,74.0,35,-28.60773192558091,37.68753220360019,0.021358599477067357
jjas_tp,tp,mme,2,15.5,75.5,35,2.0674680157402157,3.386344091945177,0.5961088321826876
jjas_tp,tp,mme,2,15.5,77.0,35,0.216546765358382,3.504713894262806,0.17973176118797562
jjas_tp,tp,mme,2,15.5,78.5,35,-1.5252957761243764,6.050327182388558,-0.1949511523027985
jjas_tp,tp,mme,2,15.5,80.0,35,-0.8602192860962613,4.38159663696564,0.3434890281272332
jjas_tp,tp,mme,2,17.0,74.0,35,-0.2288730311947199,10.597530803637444,0.6494377111607813
jjas_tp,tp,mme,2,17.0,75.5,35,0.24030902148736674,4.495834679566872,0.07615339365360263
jjas_tp,tp,mme,2,17.0,77.0,35,-0.017725562663313037,2.9397807514136085,0.35250064543656207
jjas_tp,tp,mme,2,17.0,78.5,35,0.00656504541519567,4.223476665271054,0.35427021255052216
jjas_tp,tp,mme,2,17.0,80.0,35,0.13860721676283155,4.249189118063299,0.3495507037687506
jjas_tp,tp,mme,2,17.0,81.5,35,-0.3677680208934283,4.541107430333057,0.1811312590661415
jjas_tp,tp,mme,2,18.5,74.0,35,3.964484533158619,7.639883371052864,0.3774944196729017
jjas_tp,tp,mme,2,18.5,75.5,35,0.1745813378516717,3.7097808439008757,0.3608942234777182
jjas_tp,tp,mme,2,18.5,77.0,35,-0.15098986493149905,3.981527079171621,0.31686386585044857
jjas_tp,tp,mme,2,18.5,78.5,35,-1.9478892956488953,5.250914339873152,0.4198636987135188
jjas_tp,tp,mme,2,18.5,80.0,35,-3.5874995281676356,12.134092166899825,0.09428966395656191
jjas_tp,tp,mme,2,18.5,81.5,35,-3.896719680333819,11.858296040169675,0.22207897714827615
jjas_tp,tp,mme,2,18.5,83.0,35,0.5245146619103919,4.415898629648194,0.38783269734687736
jjas_tp,tp,mme,2,20.0,74.0,35,4.295034885025156,6.457020186326229,0.3912891725488835
jjas_tp,tp,mme,2,20.0,75.5,35,-0.2563350499003054,5.113319242123583,0.18617951377563513
jjas_tp,tp,mme,2,20.0,77.0,35,-0.9236890964574388,3.777669420794269,0.5553754255732168
jjas_tp,tp,mme,2,20.0,78.5,35,1.5695197223898327,5.624498222537576,0.3993994760133912
jjas_tp,tp,mme,2,20.0,80.0,35,-7.095726438580182,13.009914206220921,0.4346481532824818
jjas_tp,tp,mme,2,20.0,81.5,35,-0.2061249452201199,5.301859072630668,0.34590494398380917
jjas_tp,tp,mme,2,20.0,83.0,35,-1.4523129941003359,6.246747811493637,0.4282883903370206
jjas_tp,tp,mme,2,20.0,84.5,35,-2.0344942532710135,6.215526116293986,0.26278267758724294
jjas_tp,tp,mme,2,21.5,71.0,35,-1.324380052920996,4.593929857359527,0.6843645405809236
jjas_tp,tp,mme,2,21.5,74.0,35,-4.168279592554436,10.572873448141456,0.37439376097809113
jjas_tp,tp,mme,2,21.5,75.5,35,-0.72505996158433,3.9514549683660984,0.6120197276929579
jjas_tp,tp,mme,2,21.5,77.0,35,-4.887646073964596,9.245908575570438,0.3911642005894659
jjas_tp,tp,mme,2,21.5,78.5,35,-1.3304068916900371,5.288058671543596,0.6458221071416664
jjas_tp,tp,mme,2,21.5,80.0,35,-1.5100593630969028,6.104892749475896,0.6519535561534963
jjas_tp,tp,mme,2,21.5,81.5,35,-1.3553325703633532,6.532984042619781,0.6043612468198708
jjas_tp,tp,mme,2,21.5,83.0,35,-2.3746437006659726,7.326196038525759,0.5150050328671054
jjas_tp,tp,mme,2,21.5,84.5,35,-0.5037283352999302,6.330768407612644,0.5436198140856421
jjas_tp,tp,mme,2,21.5,86.0,35,-1.5094831254103283,4.856374347221631,0.5426476270224975
jjas_tp,tp,mme,2,23.0,71.0,35,-2.684697870192094,9.298971891905666,0.6584149709749687
jjas_tp,tp,mme,2,23.0,72.5,35,-1.8933605780731328,5.079517701847896,0.7311533384161416
jjas_tp,tp,mme,2,23.0,74.0,35,-1.2026860930643941,6.522646037390919,0.4527699882979139
jjas_tp,tp,mme,2,23.0,75.5,35,-6.67255700960077,11.766189673040982,0.5251891915024158
jjas_tp,tp,mme,2,23.0,77.0,35,-5.615508047141769,10.540872914697106,0.6426252648336099
jjas_tp,tp,mme,2,23.0,78.5,35,-5.485175156478477,10.597767276728469,0.58667876387242
jjas_tp,tp,mme,2,23.0,80.0,35,-4.417884446668611,9.906808629950522,0.3615698745593323
jjas_tp,tp,mme,2,23.0,81.5,35,-3.7856322226531085,7.633780735266287,0.48327064733897807
jjas_tp,tp,mme,2,23.0,83.0,35,-0.846733061047313,6.732270555671985,0.3967897506739118
jjas_tp,tp,mme,2,23.0,84.5,35,-0.20584872661545664,5.060221796094808,0.6231900127328633
jjas_tp,tp,mme,2,23.0,86.0,35,0.8322359214147302,3.9700930786780733,0.5285697998653119
jjas_tp,tp,mme,2,23.0,87.5,35,1.6812025693914958,4.887842825797073,0.4156264924363474
jjas_tp,tp,mme,2,24.5,72.5,35,-3.9159503238407045,7.115215864890627,0.5204371599174137
jjas_tp,tp,mme,2,24.5,74.0,35,-2.91156194141358,5.660205372992323,0.5331605529482262
jjas_tp,tp,mme,2,24.5,75.5,35,-10.547955659781488,15.491065410118681,0.35204052245981055
jjas_tp,tp,mme,2,24.5,77.0,35,-5.852807988732074,10.163670953685116,0.47071024577491927
jjas_tp,tp,mme,2,24.5,78.5,35,-0.4458661125957729,6.791447268521607,0.3140211883466282
jjas_tp,tp,mme,2,24.5,80.0,35,-0.8140618367529465,6.60332075287666,0.3753792997577238
jjas_tp,tp,mme,2,24.5,81.5,35,-1.763677995084578,8.756468248544932,0.46209240644560906
jjas_tp,tp,mme,2,24.5,83.0,35,0.21237268180369484,6.74530716743537,0.4651186150835333
jjas_tp,tp,mme,2,24.5,84.5,35,1.4716655533217027,7.097347829703494,0.3849620299628092
jjas_tp,tp,mme,2,24.5,86.0,35,1.7639947762487742,8.65607311857872,0.26344618742750825
jjas_tp,tp,mme,2,24.5,87.5,35,3.7060901608233117,6.849573868955646,0.37469627504356806
jjas_tp,tp,mme,2,24.5,93.5,35,5.54246028096608,6.551305779261287,0.27580582078992694
jjas_tp,tp,mme,2,26.0,71.0,35,-1.0758950166860848,3.25870664178173,0.285730469460052
jjas_tp,tp,mme,2,26.0,72.5,35,-1.2009482498123467,3.84147150803966,0.15385515192058913
jjas_tp,tp,mme,2,26.0,74.0,35,-2.752649664350497,6.804169058033758,0.056300920230505216
jjas_tp,tp,mme,2,26.0,75.5,35,-3.544427675920527,7.171876350895723,0.3402946517337942
jjas_tp,tp,mme,2,26.0,77.0,35,-0.09602581377277733,4.348479414734329,0.31821994843945167
jjas_tp,tp,mme,2,26.0,78.5,35,0.9915073673614606,3.846201729974311,0.4694962858409198
jjas_tp,tp,mme,2,26.0,80.0,35,1.1401212261337732,5.756287072236744,0.12715204248447215
jjas_tp,tp,mme,2,26.0,81.5,35,2.757973238973085,8.091419586914629,0.3488153448857959
jjas_tp,tp,mme,2,26.0,83.0,35,-0.14177319529914106,13.37970267248809,0.3585732192906889
jjas_tp,tp,mme,2,26.0,84.5,35,0.21050754728491117,7.971711638510433,0.500337202166704
jjas_tp,tp,mme,2,26.0,86.0,35,-1.3839427100440773,12.227926975942449,0.4761683972620391
jjas_tp,tp,mme,2,26.0,87.5,35,0.9987224802773572,11.847226275981948,0.14733860243647506
jjas_tp,tp,mme,2,26.0,90.5,35,-3.5392563651170903,13.676113108829568,0.3803343897158535
jjas_tp,tp,mme,2,26.0,92.0,35,8.517997876069566,10.510834654169194,0.01819188643595915
jjas_tp,tp,mme,2,26.0,93.5,35,5.647494231151399,7.147005765979483,-0.18628523824614232
jjas_tp,tp,mme,2,26.0,95.0,35,6.829274516604394,9.058336775969904,-0.22084852410333142
jjas_tp,tp,mme,2,27.5,71.0,35,-0.6295305735571236,2.138195703875453,0.3125350186228094
jjas_tp,tp,mme,2,27.5,72.5,35,-0.9885069376732736,2.595171555050838,0.40873587396955274
jjas_tp,tp,mme,2,27.5,74.0,35,-1.5272845746898835,3.8165729176451504,0.06986198773661385
jjas_tp,tp,mme,2,27.5,75.5,35,-5.073820124395872,10.562961328458407,-0.05207545137748756
jjas_tp,tp,mme,2,27.5,77.0,35,1.2443982779258547,3.584278589508468,0.21993498385371296
jjas_tp,tp,mme,2,27.5,78.5,35,0.8706505494309099,3.696721873627271,0.35478820337549516
jjas_tp,tp,mme,2,27.5,80.0,35,0.04765544134065099,5.4291324470258076,0.2622603010996972
jjas_tp,tp,mme,2,27.5,81.5,35,-3.3220841741641487,12.971864754198458,0.17399461939897815
jjas_tp,tp,mme,2,27.5,93.5,35,-5.403481804057951,11.676398252671305,0.23581898099457912
jjas_tp,tp,mme,2,27.5,95.0,35,3.1248777081069368,7.488080820220056,0.07377910961600372
jjas_tp,tp,mme,2,29.0,74.0,35,1.0081256730273143,2.0107042691764723,0.19059852056128773
jjas_tp,tp,mme,2,29.0,75.5,35,1.8658891238798287,3.2581523553279026,-0.02454541673942751
jjas_tp,tp,mme,2,29.0,77.0,35,2.2229050970873256,4.419983221609276,0.24770452266281065
jjas_tp,tp,mme,2,29.0,78.5,35,1.7797704343880858,4.701866819212564,0.1332360603113301
jjas_tp,tp,mme,2,29.0,80.0,35,-2.162048312833008,6.871768988131315,0.34958756212208836
jjas_tp,tp,mme,2,29.0,95.0,35,0.612423144544667,11.556155529280328,0.3012129905683553
jjas_tp,tp,mme,2,30.5,74.0,35,1.102612048871309,3.1794193404238644,0.100725858404803
jjas_tp,tp,mme,2,30.5,75.5,35,0.23208923373521562,5.493004042917501,0.09821556278155484
jjas_tp,tp,mme,2,30.5,77.0,35,-2.3504083965696334,10.864836391277542,-0.10676585196120789
jjas_tp,tp,mme,2,30.5,78.5,35,1.6286097352235156,4.994396415235304,0.21361365854275885
jjas_tp,tp,mme,2,30.5,80.0,35,-6.804691639727701,10.205671387582996,0.21987036519666794
jjas_tp,tp,mme,2,32.0,75.5,35,1.7746561802359728,3.955171546700355,0.5393305977274038
jjas_tp,tp,mme,2,32.0,77.0,35,1.6334341331705862,4.846487745054344,0.06340242010173694
jjas_tp,tp,mme,2,32.0,78.5,35,3.51448458498469,4.159490658567313,0.0729531225137832
jjas_tp,tp,mme,2,33.5,74.0,35,0.5455847682091702,3.2128896997639087,0.514793885286649
jjas_tp,tp,mme,2,33.5,75.5,35,2.012475053366707,3.2237087353476546,0.5748036621647233
jjas_tp,tp,mme,2,33.5,77.0,35,-3.1789586595052173,6.262262538319356,-0.2624922783055043
jjas_tp,tp,mme,2,33.5,78.5,35,1.247497132321169,1.772554988147219,0.5211232176435574
jjas_tp,tp,mme,2,35.0,75.5,35,1.744103582218407,2.16438656552138,0.6649820796184531
jjas_tp,tp,mme,2,35.0,77.0,35,-0.2359524495048096,4.61499408977722,-0.1224852616844491
jjas_tp,tp,mme,2,35.0,78.5,35,-0.9805853775976894,5.645086801927453,-0.2504066227553352
jjas_tp,tp,mme,2,35.0,80.0,35,0.819516641361229,1.83865918921008,0.3293211139078589
jjas_tp,tp,mme,2,36.5,74.0,35,-2.1208640065185422,6.981404939174458,-0.08016556613102602
jjas_tp,tp,mme,2,36.5,75.5,35,0.33872631889751437,2.389913248651563,0.11999772039300549
jjas_tp,tp,mme,3,9.5,77.0,35,-10.383036903644665,19.686587611634003,-0.062184344150013574
jjas_tp,tp,mme,3,9.5,78.5,35,-0.5197465620033503,2.816337233778373,0.3562016225016638
jjas_tp,tp,mme,3,11.0,77.0,35,3.852804474155838,6.618666727500244,-0.03895161831774806
jjas_tp,tp,mme,3,11.0,78.5,35,0.9871594782921261,2.9727304620335993,-0.01546533707798946
jjas_tp,tp,mme,3,12.5,75.5,35,-15.997444815948205,30.585619355592613,-0.013581777077758738
jjas_tp,tp,mme,3,12.5,77.0,35,-0.0474003197523967,5.151655592679249,0.42597316633775334
jjas_tp,tp,mme,3,12.5,78.5,35,-0.4136598256960974,6.115118582715317,-0.38704582764999956
jjas_tp,tp,mme,3,14.0,75.5,35,1.790089640289164,8.1593430245873,0.16734971281644578
jjas_tp,tp,mme,3,14.0,77.0,35,-0.841581896548544,7.272813944102449,-0.2117227507360863
jjas_tp,tp,mme,3,14.0,78.5,35,-0.6404437225993432,5.955943112023867,-0.41479338341386285
jjas_tp,tp,mme,3,14.0,80.0,35,-1.2108357268215573,4.58000010690727,-0.08645232751396814
jjas_tp,tp,mme,3,15.5,74.0,35,-29.405110051275784,39.16709919219922,-0.11622288068757419
jjas_tp,tp,mme,3,15.5,75.5,35,1.1993601807522285,3.2502529021977464,0.4025610251600116
jjas_tp,tp,mme,3,15.5,77.0,35,-0.4006871071490817,3.60393607880176,0.06582780873201632
jjas_tp,tp,mme,3,15.5,78.5,35,-1.907251229748997,6.292514898934724,-0.42566133599918227
jjas_tp,tp,mme,3,15.5,80.0,35,-1.9541205607156882,6.022008793727118,0.18428983756122774
jjas_tp,tp,mme,3,17.0,74.0,35,-2.635166806090134,12.055025448327376,0.4931074290476724
jjas_tp,tp,mme,3,17.0,75.5,35,-0.6015153066613577,4.7379890561173434,-0.16867784944121184
jjas_tp,tp,mme,3,17.0,77.0,35,-0.5026096147633126,2.919437161358079,0.29812070061837187
jjas_tp,tp,mme,3,17.0,78.5,35,-0.6806029454124088,4.631739105872713,0.18878023692846224
jjas_tp,tp,mme,3,17.0,80.0,35,-0.19731087097706554,4.365036713352061,0.233491092525905
jjas_tp,tp,mme,3,17.0,81.5,35,-0.6384765226806853,4.641902141846647,0.005525587849016543
jjas_tp,tp,mme,3,18.5,74.0,35,-0.4909806168354308,6.768664129103647,0.13597049155752464
jjas_tp,tp,mme,3,18.5,75.5,35,-0.9651905409405586,4.44789506473028,0.2753070870723552
jjas_tp,tp,mme,3,18.5,77.0,35,-0.9482481583756702,4.096630956037762,0.36248642314759333
jjas_tp,tp,mme,3,18.5,78.5,35,-2.919706649877028,5.958898337218796,0.2837363511049582
jjas_tp,tp,mme,3,18.5,80.0,35,-4.644132131793673,12.919742436306796,-0.07368526717554491
jjas_tp,tp,mme,3,18.5,81.5,35,-4.374525973569733,12.934807135512076,-0.11600832761663377
jjas_tp,tp,mme,3,18.5,83.0,35,0.30692326913128526,4.796023554741488,0.1521817771510576
jjas_tp,tp,mme,3,20.0,74.0,35,0.9361535283075962,4.535140990856544,0.2780652146354424
jjas_tp,tp,mme,3,20.0,75.5,35,-1.265267005185239,5.466725070190945,-0.05864852362169134
jjas_tp,tp,mme,3,20.0,77.0,35,-1.6055109959365321,4.1821177637984945,0.3017485595038594
jjas_tp,tp,mme,3,20.0,78.5,35,0.8981729371463493,5.428587724980489,0.3114003923591725
jjas_tp,tp,mme,3,20.0,80.0,35,-7.912631378319508,13.849231408618536,0.28384414465095287
jjas_tp,tp,mme,3,20.0,81.5,35,-1.2435425273404015,5.249995328634873,0.26562323673872124
jjas_tp,tp,mme,3,20.0,83.0,35,-1.4664989627665974,5.812627502474644,0.510577850727921
jjas_tp,tp,mme,3,20.0,84.5,35,-2.194689426925909,6.284751196298189,0.19530829673205657
jjas_tp,tp,mme,3,21.5,71.0,35,-2.96099369236151,6.070751865344354,0.46872251822140726
jjas_tp,tp,mme,3,21.5,74.0,35,-5.724563958911424,11.44321472672606,0.26653128250258973
jjas_tp,tp,mme,3,21.5,75.5,35,-2.0504123151890177,4.842340228732361,0.37363042786701
jjas_tp,tp,mme,3,21.5,77.0,35,-6.031875212711142,10.796724793567664,-0.11066109755247255
jjas_tp,tp,mme,3,21.5,78.5,35,-2.3968611256848993,6.0831319245204645,0.4988901073779092
jjas_tp,tp,mme,3,21.5,80.0,35,-2.3093790839210624,6.941336881412383,0.5390880687448626
jjas_tp,tp,mme,3,21.5,81.5,35,-2.2227523211394073,7.195634249153509,0.5038138910582048
jjas_tp,tp,mme,3,21.5,83.0,35,-2.6799359799727562,7.864437673792797,0.3827193351723985
jjas_tp,tp,mme,3,21.5,84.5,35,-0.3209362127607142,6.554898901615865,0.4651330507401069
jjas_tp,tp,mme,3,21.5,86.0,35,-1.6452008993210845,5.698117631827985,0.09600923197679276
jjas_tp,tp,mme,3,23.0,71.0,35,-4.001080529138561,10.433441306903868,0.5166879436376981
jjas_tp,tp,mme,3,23.0,72.5,35,-3.017798519958845,6.635634720494849,0.4532864716188206
jjas_tp,tp,mme,3,23.0,74.0,35,-2.605564546928582,7.114357682147617,0.38791948058810616
jjas_tp,tp,mme,3,23.0,75.5,35,-7.9582379268149595,13.34210539382957,0.24708695289524046
jjas_tp,tp,mme,3,23.0,77.0,35,-6.824502447808555,12.034317441699688,0.457904632925358
jjas_tp,tp,mme,3,23.0,78.5,35,-6.7605063354366965,12.25021101361507,0.3224974799539924
jjas_tp,tp,mme,3,23.0,80.0,35,-5.495277081570631,10.766801871901661,0.1789007835962263
jjas_tp,tp,mme,3,23.0,81.5,35,-4.455798424660764,8.61050666665709,0.22206641658533008
jjas_tp,tp,mme,3,23.0,83.0,35,-1.3400688430668724,6.655987184626214,0.37616212806733956
jjas_tp,tp,mme,3,23.0,84.5,35,-0.45382702029453914,5.9118872507001905,0.3672826955585485
jjas_tp,tp,mme,3,23.0,86.0,35,0.8295101362693394,4.954266876546749,-0.0054286849876492484
jjas_tp,tp,mme,3,23.0,87.5,35,1.6054653839103419,5.246849499924785,0.16055176590897308
jjas_tp,tp,mme,3,24.5,72.5,35,-4.592124588192346,7.890205504534826,0.4050268932787062
jjas_tp,tp,mme,3,24.5,74.0,35,-3.573504798762992,6.198770192128175,0.456352918809627
jjas_tp,tp,mme,3,24.5,75.5,35,-11.304456848618347,16.707120155709767,0.05629047430729262
jjas_tp,tp,mme,3,24.5,77.0,35,-6.935076994271686,11.252178081537977,0.31900065468563843
jjas_tp,tp,mme,3,24.5,78.5,35,-1.5512957480773852,6.6230686528254665,0.27849003417903373
jjas_tp,tp,mme,3,24.5,80.0,35,-1.734200332116704,6.958877365456585,0.22872430939224828
jjas_tp,tp,mme,3,24.5,81.5,35,-2.704908400826275,9.391733938227729,0.3710377123492814
jjas_tp,tp,mme,3,24.5,83.0,35,-0.44933931932765675,7.5775642244927095,0.13271267273312182
jjas_tp,tp,mme,3,24.5,84.5,35,0.9601574190067248,7.8249977466386555,0.01785444164396897
jjas_tp,tp,mme,3,24.5,86.0,35,1.5243374381603418,9.168291989636376,0.008790242182986296
jjas_tp,tp,mme,3,24.5,87.5,35,3.4459896650196624,6.8852813096902254,0.2599131575256744
jjas_tp,tp,mme,3,24.5,93.5,35,5.4509735750059525,6.438162179692353,0.2689939300130073
jjas_tp,tp,mme,3,26.0,71.0,35,-1.4349543584465476,3.734844409879291,-0.08440754822490916
jjas_tp,tp,mme,3,26.0,72.5,35,-1.7786687509539523,4.507943003393775,-0.36680443163139015
jjas_tp,tp,mme,3,26.0,74.0,35,-3.349819870294184,7.439723858142372,-0.3228807728162707
jjas_tp,tp,mme,3,26.0,75.5,35,-4.120651141711403,7.753566488133354,0.17027130371047774
jjas_tp,tp,mme,3,26.0,77.0,35,-0.6481978076560913,3.8976850730465147,0.27333821465689623
jjas_tp,tp,mme,3,26.0,78.5,35,0.2727941570286162,3.7362868163611878,0.3239974174527075
jjas_tp,tp,mme,3,26.0,80.0,35,0.5426835194069599,6.057419483016264,-0.23159705997538926
jjas_tp,tp,mme,3,26.0,81.5,35,1.9456866657255099,8.836748455807017,-0.09600214907704889
jjas_tp,tp,mme,3,26.0,83.0,35,-0.8700852278284416,14.626407295839988,-0.1201337525599548
jjas_tp,tp,mme,3,26.0,84.5,35,-0.41108933560454863,9.059417751638934,0.0947663950563607
jjas_tp,tp,mme,3,26.0,86.0,35,-1.927055473168221,13.385909729835516,0.07018567099477636
jjas_tp,tp,mme,3,26.0,87.5,35,0.27629868717399547,12.613880390710987,-0.19099777942811122
jjas_tp,tp,mme,3,26.0,90.5,35,-4.6712546572373945,14.90149301583744,0.03783109098652066
jjas_tp,tp,mme,3,26.0,92.0,35,6.877838251639953,8.635309032020427,0.02073026083248854
jjas_tp,tp,mme,3,26.0,93.5,35,4.939851653413235,6.448677613160474,-0.08582763271575887
jjas_tp,tp,mme,3,26.0,95.0,35,6.435448534361378,8.641457641110437,-0.014909133128792964
jjas_tp,tp,mme,3,27.5,71.0,35,-0.9153295870472646,2.4032655797135076,0.0016642427619122245
jjas_tp,tp,mme,3,27.5,72.5,35,-1.328704931726539,2.9944719023467745,0.0963867655975969
jjas_tp,tp,mme,3,27.5,74.0,35,-1.893617165803332,4.137238979480922,-0.1874739858743019
jjas_tp,tp,mme,3,27.5,75.5,35,-5.468283519720289,10.718212899702896,-0.12678184586716315
jjas_tp,tp,mme,3,27.5,77.0,35,0.6976146940911204,2.971152439138931,0.3272600133166431
jjas_tp,tp,mme,3,27.5,78.5,35,0.19845097503581213,3.418889395069713,0.3956202723607304
jjas_tp,tp,mme,3,27.5,80.0,35,-0.7442751377502621,5.874581974629984,0.027632041519763784
jjas_tp,tp,mme,3,27.5,81.5,35,-4.007516688072686,13.604417630574753,-0.05256620202442822
jjas_tp,tp,mme,3,27.5,93.5,35,-6.568629574681653,12.783644033680176,0.06694198240956087
jjas_tp,tp,mme,3,27.5,95.0,35,1.835156233323299,7.3014316705413735,-0.005630027694886855
jjas_tp,tp,mme,3,29.0,74.0,35,0.6501430192695337,1.6027111806872132,0.031841255531887484
jjas_tp,tp,mme,3,29.0,75.5,35,1.3686861728365824,2.6193856590386004,-0.014044162593686703
jjas_tp,tp,mme,3,29.0,77.0,35,1.576651115648361,4.077999114464406,0.1989255993421795
jjas_tp,tp,mme,3,29.0,78.5,35,1.2165613607915706,4.513967589811556,0.013173631543854968
jjas_tp,tp,mme,3,29.0,80.0,35,-2.8107137840445295,7.132031902965627,0.29088874769153883
jjas_tp,tp,mme,3,29.0,95.0,35,-0.3607339665902921,12.56663374491594,-0.06524098433674307
jjas_tp,tp,mme,3,30.5,74.0,35,0.6112798045831795,2.8873948072057325,-0.03621882850440631
jjas_tp,tp,mme,3,30.5,75.5,35,-0.377998764729613,5.162108943706352,0.1834194724413659
jjas_tp,tp,mme,3,30.5,77.0,35,-3.241400657967453,11.226253405184192,-0.18437645426400673
jjas_tp,tp,mme,3,30.5,78.5,35,1.1910392098082008,4.9740351059031305,0.09759822555714394
jjas_tp,tp,mme,3,30.5,80.0,35,-6.62005171802345,10.311591443991478,0.07910163067647934
jjas_tp,tp,mme,3,32.0,75.5,35,0.9755222645106713,3.7204627389193807,0.5205512888257556
jjas_tp,tp,mme,3,32.0,77.0,35,0.5395640111552976,4.147850554515585,0.17009987848532873
jjas_tp,tp,mme,3,32.0,78.5,35,2.9088265640860986,3.5389321164475858,-0.05487495451558686
jjas_tp,tp,mme,3,33.5,74.0,35,-0.21698014366661766,3.0608255058893024,0.5094408961102763
jjas_tp,tp,mme,3,33.5,75.5,35,1.3710216164257665,2.533947436404688,0.5994496462536593
jjas_tp,tp,mme,3,33.5,77.0,35,-3.635308885603707,6.539064062228352,-0.37157070283399696
jjas_tp,tp,mme,3,33.5,78.5,35,1.0947697723231133,1.4863986669084441,0.7138762192962954
jjas_tp,tp,mme,3,35.0,75.5,35,1.38731763894642,1.933784593590351,0.6174710697536409
jjas_tp,tp,mme,3,35.0,77.0,35,-0.26438643147677016,4.445141601359671,0.012472672470101002
jjas_tp,tp,mme,3,35.0,78.5,35,-0.9671645227835892,5.461546510693222,-0.0992351817928641
jjas_tp,tp,mme,3,35.0,80.0,35,0.890069484209356,1.7453274566322456,0.5125560153987986
jjas_tp,tp,mme,3,36.5,74.0,35,-2.103706915548192,6.949851636696683,-0.13152313964364548
jjas_tp,tp,mme,3,36.5,75.5,35,0.48514304027779576,2.2308539239684664,0.11615757272061136
jjas_tp,tp,mme,4,9.5,77.0,35,-10.508189558328528,19.73944342974866,-0.11250133153638592
jjas_tp,tp,mme,4,9.5,78.5,35,-0.9327756397601147,3.267870831635898,0.12524353049664602
jjas_tp,tp,mme,4,11.0,77.0,35,3.5984009041262452,6.6829711465430774,-0.16164138849271906
jjas_tp,tp,mme,4,11.0,78.5,35,0.4498776707794907,3.125428365629657,0.008190349043335621
jjas_tp,tp,mme,4,12.5,75.5,35,-17.127235788498485,31.17386488527385,-0.027511656757481608
jjas_tp,tp,mme,4,12.5,77.0,35,-0.41713750920885967,4.912108088789781,0.5342462674484163
jjas_tp,tp,mme,4,12.5,78.5,35,-0.6108260234205101,6.357681469525624,-0.6146003424086258
jjas_tp,tp,mme,4,14.0,75.5,35,0.7760523839716201,8.91175672620938,-0.1098876744260297
jjas_tp,tp,mme,4,14.0,77.0,35,-1.0072927486502683,7.118006782364994,-0.0877848425469163
jjas_tp,tp,mme,4,14.0,78.5,35,-0.8003308608487977,5.840994589449022,-0.35243169890282205
jjas_tp,tp,mme,4,14.0,80.0,35,-2.0088356193416295,5.512631610309838,-0.30438959267027754
jjas_tp,tp,mme,4,15.5,74.0,35,-31.190445872133665,40.80629591994894,-0.15920859035297003
jjas_tp,tp,mme,4,15.5,75.5,35,-0.17111790012214856,4.998284843588962,0.06774974256858875
jjas_tp,tp,mme,4,15.5,77.0,35,-0.41665770433063054,3.4485622144962598,0.24471904879045786
jjas_tp,tp,mme,4,15.5,78.5,35,-1.88657401152235,6.147076641673339,-0.341403966824887
jjas_tp,tp,mme,4,15.5,80.0,35,-2.8290733906652745,7.325564546930911,-0.026661895658661786
jjas_tp,tp,mme,4,17.0,74.0,35,-4.223541240188019,14.08297245306303,-0.07240915461357503
jjas_tp,tp,mme,4,17.0,75.5,35,-0.4800086431054936,4.206119497476338,-0.13978918080752706
jjas_tp,tp,mme,4,17.0,77.0,35,-0.5794457304180758,2.8394753961415558,0.3875891918523176
jjas_tp,tp,mme,4,17.0,78.5,35,-0.44325324796838095,4.884210475335081,-0.07174764489215772
jjas_tp,tp,mme,4,17.0,80.0,35,-0.581693051291277,4.488426868052197,0.23084768003524253
jjas_tp,tp,mme,4,17.0,81.5,35,-1.0757009725619688,4.709343388121908,0.06261026487198668
jjas_tp,tp,mme,4,18.5,74.0,35,-0.6661548287891971,8.138254277197989,-0.3204659067465673
jjas_tp,tp,mme,4,18.5,75.5,35,-1.3368651778134437,5.517301337457139,0.24728308101592922
jjas_tp,tp,mme,4,18.5,77.0,35,-1.4103781599368066,5.04550639321253,0.3501456673112446
jjas_tp,tp,mme,4,18.5,78.5,35,-3.3116784475426773,6.556041880221263,0.1779075841261507
jjas_tp,tp,mme,4,18.5,80.0,35,-5.3146743580968865,13.587310266246712,-0.17249893625220686
jjas_tp,tp,mme,4,18.5,81.5,35,-4.3715805752526995,13.275092909365453,-0.29275706485313857
jjas_tp,tp,mme,4,18.5,83.0,35,-0.8838004349478242,6.502445001303091,-0.07040191479374995
jjas_tp,tp,mme,4,20.0,74.0,35,0.47277240262700265,5.182591992257323,0.11813031718243827
jjas_tp,tp,mme,4,20.0,75.5,35,-1.8873244350710212,6.179388390177966,0.13517965572905197
jjas_tp,tp,mme,4,20.0,77.0,35,-1.8842033460835204,4.732922501798461,0.1202263582670728
jjas_tp,tp,mme,4,20.0,78.5,35,0.7110766271526291,5.320562672106162,0.2841730740967043
jjas_tp,tp,mme,4,20.0,80.0,35,-8.335915878146524,14.32524177737446,0.14011651352264667
jjas_tp,tp,mme,4,20.0,81.5,35,-1.0793257862620922,4.694113838026681,0.31791616399878087
jjas_tp,tp,mme,4,20.0,83.0,35,-1.9933084081506243,6.821920619306375,0.14866132634600016
jjas_tp,tp,mme,4,20.0,84.5,35,-3.5832072293890573,8.304289777926174,0.002245646960503755
jjas_tp,tp,mme,4,21.5,71.0,35,-3.2176042823353455,6.356740255854086,0.3844595687957168
jjas_tp,tp,mme,4,21.5,74.0,35,-6.135548411889956,12.208458307477182,-0.024200716612920833
jjas_tp,tp,mme,4,21.5,75.5,35,-2.82427180570056,5.4873322220854295,0.15260344367119114
jjas_tp,tp,mme,4,21.5,77.0,35,-6.22201402502118,11.211193013967854,-0.3451545426777912
jjas_tp,tp,mme,4,21.5,78.5,35,-2.537768451085466,6.7021924475237755,0.23576397476405578
jjas_tp,tp,mme,4,21.5,80.0,35,-2.5926772919736183,7.105427881773695,0.5173259479521423
jjas_tp,tp,mme,4,21.5,81.5,35,-2.178708457852842,7.783070528544783,0.35353257840349694
jjas_tp,tp,mme,4,21.5,83.0,35,-3.0160569759307565,8.497303699138365,0.08879204804455676
jjas_tp,tp,mme,4,21.5,84.5,35,-0.9651462632406544,6.913332053591663,0.4031336015140483
jjas_tp,tp,mme,4,21.5,86.0,35,-2.1872657900306183,6.096697578699518,0.0036888516779890732
jjas_tp,tp,mme,4,23.0,71.0,35,-3.9897866589429767,10.776129808554392,0.39508268693829074
jjas_tp,tp,mme,4,23.0,72.5,35,-3.194743223811225,7.27800921443925,0.2278816954872839
jjas_tp,tp,mme,4,23.0,74.0,35,-2.9518736285256613,7.659564778519352,0.19871854582093462
jjas_tp,tp,mme,4,23.0,75.5,35,-8.213440102493712,13.76753098740145,0.14720516724211724
jjas_tp,tp,mme,4,23.0,77.0,35,-7.427331393162915,13.173305358334087,0.08094911112929848
jjas_tp,tp,mme,4,23.0,78.5,35,-7.159620762828278,12.99207940956829,0.029333630023276925
jjas_tp,tp,mme,4,23.0,80.0,35,-5.71702026285105,11.126768844934599,0.010774536807660624
jjas_tp,tp,mme,4,23.0,81.5,35,-4.4959901354818435,8.870170188044153,0.059663984549475975
jjas_tp,tp,mme,4,23.0,83.0,35,-1.3052125898194142,6.903484733904319,0.2533482848001495
jjas_tp,tp,mme,4,23.0,84.5,35,-1.5484614724922612,6.585124812880863,0.17538663070089333
jjas_tp,tp,mme,4,23.0,86.0,35,-0.15288671241882038,5.4096205074639245,0.08326766869092606
jjas_tp,tp,mme,4,23.0,87.5,35,1.032338242764119,5.262735457509508,0.18723054261558972
jjas_tp,tp,mme,4,24.5,72.5,35,-4.426493698238116,7.74751341687343,0.3816210512304152
jjas_tp,tp,mme,4,24.5,74.0,35,-3.8116797302550345,6.358747516168796,0.4239249269646316
jjas_tp,tp,mme,4,24.5,75.5,35,-11.839206289446285,17.115837390476983,-0.03718616684542005
jjas_tp,tp,mme,4,24.5,77.0,35,-7.501799987790058,11.386674466678338,0.36305818874842793
jjas_tp,tp,mme,4,24.5,78.5,35,-2.2304195067983743,6.74597566782695,0.16417246124103832
jjas_tp,tp,mme,4,24.5,80.0,35,-2.404011252244336,7.175627384892296,0.11624872096373672
jjas_tp,tp,mme,4,24.5,81.5,35,-3.437564555943142,10.211330564168193,0.030657081043176253
jjas_tp,tp,mme,4,24.5,83.0,35,-1.1013305048449242,8.237494284292467,-0.19569891058700617
jjas_tp,tp,mme,4,24.5,84.5,35,0.39211191844495924,8.067564534410142,-0.21117283364004363
jjas_tp,tp,mme,4,24.5,86.0,35,0.8231601673699872,9.57896938324742,-0.1883152555434432
jjas_tp,tp,mme,4,24.5,87.5,35,1.9476809671711286,7.762687180218245,-0.11226140267602061
jjas_tp,tp,mme,4,24.5,93.5,35,4.340312001759605,5.542484954712919,0.3101473860160075
jjas_tp,tp,mme,4,26.0,71.0,35,-1.2883896412577058,3.5722623956441475,-0.09036011031386487
jjas_tp,tp,mme,4,26.0,72.5,35,-1.7715995810246854,4.281807187556838,-0.2054598087577604
jjas_tp,tp,mme,4,26.0,74.0,35,-3.747708906318186,7.558060747550439,-0.38672348257004524
jjas_tp,tp,mme,4,26.0,75.5,35,-4.528717111880083,7.897490892304009,0.18679927344432734
jjas_tp,tp,mme,4,26.0,77.0,35,-0.9917611090883213,3.3182966025905656,0.46303016975066597
jjas_tp,tp,mme,4,26.0,78.5,35,-0.40703995371460727,3.837255139963316,0.2224838649015114
jjas_tp,tp,mme,4,26.0,80.0,35,-0.08175718554466659,5.404022288224627,-0.046765213870174314
jjas_tp,tp,mme,4,26.0,81.5,35,1.1812516998235476,8.827311067432206,-0.2613801048695979
jjas_tp,tp,mme,4,26.0,83.0,35,-1.4196254665425632,15.080811797698486,-0.3396455634445166
jjas_tp,tp,mme,4,26.0,84.5,35,-0.9439951899387212,9.865026541832224,-0.30595493943476043
jjas_tp,tp,mme,4,26.0,86.0,35,-2.61705641718773,14.284457293989613,-0.31933963095078033
jjas_tp,tp,mme,4,26.0,87.5,35,-0.43685056714833076,13.523335327996874,-0.5278599887500328
jjas_tp,tp,mme,4,26.0,90.5,35,-5.654389076749575,15.124858624256627,-0.10719325286251889
jjas_tp,tp,mme,4,26.0,92.0,35,5.123953868620802,6.99049594614796,0.06472410421620163
jjas_tp,tp,mme,4,26.0,93.5,35,3.6664469453911814,5.597054166171835,-0.059337642644317914
jjas_tp,tp,mme,4,26.0,95.0,35,4.943056754213799,7.786343228502139,-0.055584272986028575
jjas_tp,tp,mme,4,27.5,71.0,35,-0.7134699339601696,2.1794845270482144,0.0020964061859008367
jjas_tp,tp,mme,4,27.5,72.5,35,-1.251029755934553,2.897609200435303,0.1495848452969076
jjas_tp,tp,mme,4,27.5,74.0,35,-2.172296933827878,4.17434052198805,-0.29737444983689526
jjas_tp,tp,mme,4,27.5,75.5,35,-5.434068781282029,10.717610359706658,-0.16937491867548854
jjas_tp,tp,mme,4,27.5,77.0,35,-0.09583461491919325,2.8411249115218684,0.2588347020670897
jjas_tp,tp,mme,4,27.5,78.5,35,-0.7577973283484611,3.8261963375916066,0.11664080848859941
jjas_tp,tp,mme,4,27.5,80.0,35,-1.4784122000394917,6.404291697639718,-0.22142813471833844
jjas_tp,tp,mme,4,27.5,81.5,35,-3.8538552286958567,13.993993349931582,-0.31656212056314065
jjas_tp,tp,mme,4,27.5,93.5,35,-6.407044427430099,12.256623441299626,0.20502497213783272
jjas_tp,tp,mme,4,27.5,95.0,35,1.6007782969338198,6.655492389267966,0.11859863392930407
jjas_tp,tp,mme,4,29.0,74.0,35,0.40912844998932413,1.2293053877296858,0.19520117700658624
jjas_tp,tp,mme,4,29.0,75.5,35,0.9344845172203862,1.8238425690169455,0.269259089076476
jjas_tp,tp,mme,4,29.0,77.0,35,0.7952425282388715,3.435185900535643,0.4130237686014359
jjas_tp,tp,mme,4,29.0,78.5,35,0.4492858411736821,4.514346153037332,-0.16596353903076183
jjas_tp,tp,mme,4,29.0,80.0,35,-3.2473122714746934,7.590101101957729,0.1122590589130578
jjas_tp,tp,mme,4,29.0,95.0,35,-0.21540705494076193,12.021249828686054,0.14104262968198691
jjas_tp,tp,mme,4,30.5,74.0,35,0.3245101516405004,2.6468855755667913,0.08079920539010757
jjas_tp,tp,mme,4,30.5,75.5,35,-0.8089313453500472,5.4658481223599935,-0.0322148382342423
jjas_tp,tp,mme,4,30.5,77.0,35,-3.828979341116601,11.849304310840031,-0.27354336232425075
jjas_tp,tp,mme,4,30.5,78.5,35,0.6770168225034215,4.3013056803214464,0.30262241777524274
jjas_tp,tp,mme,4,30.5,80.0,35,-6.684579703023247,10.675611527957964,-0.07346327815430741
jjas_tp,tp,mme,4,32.0,75.5,35,0.29671792313332124,3.7017852973004057,0.4785676980377667
jjas_tp,tp,mme,4,32.0,77.0,35,0.07904129052283204,4.027429810561309,0.19937900636049344
jjas_tp,tp,mme,4,32.0,78.5,35,2.73648393296673,3.2809615970851684,-0.08214204469788673
jjas_tp,tp,mme,4,33.5,74.0,35,-0.6466529159294576,3.541934964983418,0.18763337168368394
jjas_tp,tp,mme,4,33.5,75.5,35,0.8793427461419349,2.3836925511728055,0.5502437638165422
jjas_tp,tp,mme,4,33.5,77.0,35,-3.921167580337998,6.762225961936343,-0.4927734612104362
jjas_tp,tp,mme,4,33.5,78.5,35,0.9278676734220259,1.3185882456644304,0.7731223789682539
jjas_tp,tp,mme,4,35.0,75.5,35,1.322256068636003,1.9338423842598975,0.5671449072763657
jjas_tp,tp,mme,4,35.0,77.0,35,-0.48617878239374307,4.569853199793024,-0.1612178174436717
jjas_tp,tp,mme,4,35.0,78.5,35,-1.131578776062023,5.543904383070599,-0.18434200183407398
jjas_tp,tp,mme,4,35.0,80.0,35,0.7734245315441641,1.6717037561456776,0.5468035521923152
jjas_tp,tp,mme,4,36.5,74.0,35,-2.051681709203459,6.9857189498273815,-0.1732374346943534
jjas_tp,tp,mme,4,36.5,75.5,35,0.41293229408214877,2.275138726650126,0.04172898615988085
jjas_tp,tp,mme,5,9.5,77.0,35,-10.555690753442201,19.377757265095394,-0.11359303952683342
jjas_tp,tp,mme,5,9.5,78.5,35,-1.3469615705191151,3.549969430545809,0.46887026972841483
jjas_tp,tp,mme,5,11.0,77.0,35,3.1348063475619807,6.383025560718451,-0.10894896259955775
jjas_tp,tp,mme,5,11.0,78.5,35,0.08647863033697349,3.1764364931726616,0.2335531495520466
jjas_tp,tp,mme,5,12.5,75.5,35,-17.179363208906437,30.78182172281427,-0.04463654677869796
jjas_tp,tp,mme,5,12.5,77.0,35,-0.5148853415348784,4.838039218851855,0.5330024358552365
jjas_tp,tp,mme,5,12.5,78.5,35,-0.8052112731621823,6.30985528476478,-0.5614392621861273
jjas_tp,tp,mme,5,14.0,75.5,35,0.2858654091602242,8.489628734179767,0.01938714613726747
jjas_tp,tp,mme,5,14.0,77.0,35,-1.1259407937607193,7.320493064740238,-0.25806452802676216
jjas_tp,tp,mme,5,14.0,78.5,35,-0.8643451712615274,5.8885079065730235,-0.3843090459692392
jjas_tp,tp,mme,5,14.0,80.0,35,-2.423850184028971,5.353884270202828,0.13474474869582748
jjas_tp,tp,mme,5,15.5,74.0,35,-28.94054439136056,39.31314238574146,-0.18463515696124316
jjas_tp,tp,mme,5,15.5,75.5,35,0.052637041114531415,5.081482376954346,0.029186252249057045
jjas_tp,tp,mme,5,15.5,77.0,35,-0.5137608781102332,3.7000232726679396,0.008067082567480632
jjas_tp,tp,mme,5,15.5,78.5,35,-2.170305025160154,6.230121222687235,-0.32679762430989995
jjas_tp,tp,mme,5,15.5,80.0,35,-3.499732370533739,7.754530477636192,-0.08398815464950571
jjas_tp,tp,mme,5,17.0,74.0,35,-3.785257319256585,13.518258829284322,0.12019318378569174
jjas_tp,tp,mme,5,17.0,75.5,35,-0.5374801553189574,4.545982156585043,-0.31140918868500606
jjas_tp,tp,mme,5,17.0,77.0,35,-0.5647531910559059,2.961979792872736,0.29435371953781786
jjas_tp,tp,mme,5,17.0,78.5,35,-0.649145544376315,5.120180405414246,-0.27444181949951996
jjas_tp,tp,mme,5,17.0,80.0,35,-0.9775074971892427,4.40927675923093,0.24094160829253897
jjas_tp,tp,mme,5,17.0,81.5,35,-1.1692199604450941,4.624095251771556,0.15126204120677667
jjas_tp,tp,mme,5,18.5,74.0,35,-0.4063778569754939,8.351714792331071,-0.34896776274426844
jjas_tp,tp,mme,5,18.5,75.5,35,-1.3618703236999334,5.811940035194812,0.04025514244809458
jjas_tp,tp,mme,5,18.5,77.0,35,-1.7770402859632473,5.385714654772362,0.20391878596941648
jjas_tp,tp,mme,5,18.5,78.5,35,-3.5965755101404793,6.95574994460598,-0.032858287287376046
jjas_tp,tp,mme,5,18.5,80.0,35,-5.57733173036969,13.201834106825757,-0.05857367484817742
jjas_tp,tp,mme,5,18.5,81.5,35,-4.911294572781358,12.828127892475907,-0.04395576633220771
jjas_tp,tp,mme,5,18.5,83.0,35,-1.1321928067044498,6.266151082946311,-0.0880748420537865
jjas_tp,tp,mme,5,20.0,74.0,35,-0.32637974691037586,6.4369304034942125,0.001028589688462732
jjas_tp,tp,mme,5,20.0,75.5,35,-1.8941162457023348,6.576263786645367,-0.0641042079503201
jjas_tp,tp,mme,5,20.0,77.0,35,-1.8632874934569128,4.842488419875465,0.1443484603461631
jjas_tp,tp,mme,5,20.0,78.5,35,0.7507383364137105,5.23815435759692,0.3463567866370055
jjas_tp,tp,mme,5,20.0,80.0,35,-7.937231265416005,13.921621959013429,0.17308821026696147
jjas_tp,tp,mme,5,20.0,81.5,35,-1.1167395715212722,4.644630915234274,0.29891506454933875
jjas_tp,tp,mme,5,20.0,83.0,35,-2.1332376073741295,6.493763880857532,0.26348468345022424
jjas_tp,tp,mme,5,20.0,84.5,35,-3.8928765586325014,8.186145426608643,0.17671173593441963
jjas_tp,tp,mme,5,21.5,71.0,35,-3.043494289414528,6.433264237375208,0.20769462293913385
jjas_tp,tp,mme,5,21.5,74.0,35,-6.176199151460394,12.161942864994325,-0.11946261479055315
jjas_tp,tp,mme,5,21.5,75.5,35,-2.8694926933536995,5.408276359039268,0.22378190229163977
jjas_tp,tp,mme,5,21.5,77.0,35,-5.810438747346467,10.788284875495089,-0.2558957963789328
jjas_tp,tp,mme,5,21.5,78.5,35,-2.2409418402452683,6.4225393483640785,0.3197746449135952
jjas_tp,tp,mme,5,21.5,80.0,35,-1.885350532703976,6.282853189976558,0.5638593784362074
jjas_tp,tp,mme,5,21.5,81.5,35,-2.0840443232996244,7.683514537058542,0.3814819047714476
jjas_tp,tp,mme,5,21.5,83.0,35,-2.6694782892305393,8.130010129256796,0.1439689267541237
jjas_tp,tp,mme,5,21.5,84.5,35,-0.8330160705235239,6.615533103391646,0.48933578624593144
jjas_tp,tp,mme,5,21.5,86.0,35,-2.116890437850502,5.8795460231499215,0.12702035088566102
jjas_tp,tp,mme,5,23.0,71.0,35,-4.313349701181176,10.980486662068516,0.350998765521437
jjas_tp,tp,mme,5,23.0,72.5,35,-3.536187719707409,7.537726096159817,0.05216795427471785
jjas_tp,tp,mme,5,23.0,74.0,35,-2.877385822540115,7.810193406774669,0.08352097449271244
jjas_tp,tp,mme,5,23.0,75.5,35,-7.422938071342826,13.258679426211348,0.13592085872282914
jjas_tp,tp,mme,5,23.0,77.0,35,-7.104470309141586,12.927089953083183,0.09404886454174995
jjas_tp,tp,mme,5,23.0,78.5,35,-6.807157059739344,12.739638768931986,0.04878711887658308
jjas_tp,tp,mme,5,23.0,80.0,35,-5.091807165870825,10.700797153262918,0.04088536489662325
jjas_tp,tp,mme,5,23.0,81.5,35,-4.21122426357656,8.669997653620705,0.06118045471454164
jjas_tp,tp,mme,5,23.0,83.0,35,-1.1420559260073035,6.584856411575071,0.3024137235992964
jjas_tp,tp,mme,5,23.0,84.5,35,-1.464193483305552,6.435583944819037,0.22578088901047652
jjas_tp,tp,mme,5,23.0,86.0,35,-0.22537413839154416,5.3725348100891885,0.2005879227927935
jjas_tp,tp,mme,5,23.0,87.5,35,0.8582561348500606,5.483423822764363,0.09213919823772027
jjas_tp,tp,mme,5,24.5,72.5,35,-4.355221994806278,7.891614196970426,0.3167917799096489
jjas_tp,tp,mme,5,24.5,74.0,35,-3.6267186543937044,6.6168398338828815,0.20771697549471296
jjas_tp,tp,mme,5,24.5,75.5,35,-11.466973374545073,17.189464448205346,-0.19499493496771184
jjas_tp,tp,mme,5,24.5,77.0,35,-7.3393469074608575,11.604864932515575,0.19081710325703657
jjas_tp,tp,mme,5,24.5,78.5,35,-2.2576204457519977,6.533993032414574,0.22527450189240703
jjas_tp,tp,mme,5,24.5,80.0,35,-2.436935797560306,6.922392242778714,0.22610088568812448
jjas_tp,tp,mme,5,24.5,81.5,35,-3.602506235594771,10.143872836460188,-0.010800297180743287
jjas_tp,tp,mme,5,24.5,83.0,35,-1.184447068118833,8.171402624055643,-0.26115306220495094
jjas_tp,tp,mme,5,24.5,84.5,35,0.2908783391736209,8.176633630814724,-0.39414773944944553
jjas_tp,tp,mme,5,24.5,86.0,35,0.6552478996572798,9.561997222920827,-0.2553973959985486
jjas_tp,tp,mme,5,24.5,87.5,35,1.21286132931424,7.913335635784965,-0.01092433560651753
jjas_tp,tp,mme,5,24.5,93.5,35,3.6571210097339915,5.204974063417598,0.20959799344755428
jjas_tp,tp,mme,5,26.0,71.0,35,-1.2541491910303262,3.4478989744606565,-0.0074656544851627
jjas_tp,tp,mme,5,26.0,72.5,35,-1.7383981663858976,4.132768166580029,-0.116649262793067
jjas_tp,tp,mme,5,26.0,74.0,35,-3.6791613355479513,7.416258144332085,-0.3074280846639524
jjas_tp,tp,mme,5,26.0,75.5,35,-4.420913554447877,8.08016579788605,0.04248810536555504
jjas_tp,tp,mme,5,26.0,77.0,35,-1.1076239048830925,3.411204782522415,0.39225577939540085
jjas_tp,tp,mme,5,26.0,78.5,35,-0.5952092825014669,3.591590049449775,0.3492796141414002
jjas_tp,tp,mme,5,26.0,80.0,35,-0.2840861352946586,4.875163712193218,0.19152157176541496
jjas_tp,tp,mme,5,26.0,81.5,35,0.8387618201298748,8.569588855727634,-0.2117306820644175
jjas_tp,tp,mme,5,26.0,83.0,35,-1.7611557397600512,14.932901175590908,-0.27962140850146944
jjas_tp,tp,mme,5,26.0,84.5,35,-1.401004917848602,9.812688816021646,-0.4561267725911105
jjas_tp,tp,mme,5,26.0,86.0,35,-3.0993518728314178,14.20179735809344,-0.36022245918809237
jjas_tp,tp,mme,5,26.0,87.5,35,-1.0950286759585444,13.173047295590887,-0.4943264892524342
jjas_tp,tp,mme,5,26.0,90.5,35,-4.793935553593513,14.30504111146284,-0.12357040100172892
jjas_tp,tp,mme,5,26.0,92.0,35,3.9063024543766054,6.413681121310921,-0.12547678452721656
jjas_tp,tp,mme,5,26.0,93.5,35,2.6036034420332874,5.321503356829732,-0.3017686523629949
jjas_tp,tp,mme,5,26.0,95.0,35,3.850134165574963,7.516714398910973,-0.1806075470629458
jjas_tp,tp,mme,5,27.5,71.0,35,-0.7421524911565774,2.1147970170002335,0.1263108296499336
jjas_tp,tp,mme,5,27.5,72.5,35,-1.3525193642298294,2.8605440098405657,0.2083273599198889
jjas_tp,tp,mme,5,27.5,74.0,35,-2.3032842992101497,4.2123191458019065,-0.40911489544749013
jjas_tp,tp,mme,5,27.5,75.5,35,-5.486119551522768,10.809326871927297,-0.26067755075092136
jjas_tp,tp,mme,5,27.5,77.0,35,-0.3370316920720709,2.7822957273672,0.22774896044711854
jjas_tp,tp,mme,5,27.5,78.5,35,-1.095440631944973,3.9054266964854336,-0.029598207004260815
jjas_tp,tp,mme,5,27.5,80.0,35,-1.8110430808428852,6.342278730937923,-0.20935806558875697
jjas_tp,tp,mme,5,27.5,81.5,35,-4.299338044770621,14.044103901923481,-0.3831498799889112
jjas_tp,tp,mme,5,27.5,93.5,35,-6.2202820223090844,12.587273173845016,-0.0061246841992119005
jjas_tp,tp,mme,5,27.5,95.0,35,0.8370664268434135,6.515079861725241,0.06258604153320914
jjas_tp,tp,mme,5,29.0,74.0,35,0.28001015509379484,1.1050777211526153,0.18632337272149116
jjas_tp,tp,mme,5,29.0,75.5,35,0.7548856709846549,1.753372677730181,0.19927832607617346
jjas_tp,tp,mme,5,29.0,77.0,35,0.48377158253321934,3.4822938519459234,0.3011546445959749
jjas_tp,tp,mme,5,29.0,78.5,35,0.13899611905251832,4.372378635169751,-0.12332034786680693
jjas_tp,tp,mme,5,29.0,80.0,35,-3.4558898021619044,8.027365482805385,-0.06372758924241814
jjas_tp,tp,mme,5,29.0,95.0,35,-0.6747077521469076,12.556580106699661,-0.10106503429799595
jjas_tp,tp,mme,5,30.5,74.0,35,0.17802615836394345,2.6984265872411877,-0.00413018537577419
jjas_tp,tp,mme,5,30.5,75.5,35,-0.9117662460645533,5.418129581349909,-0.03600872624760124
jjas_tp,tp,mme,5,30.5,77.0,35,-4.047213408148212,12.009109724411386,-0.2766755722485303
jjas_tp,tp,mme,5,30.5,78.5,35,0.6339023255283699,4.313558508080942,0.2804443283156651
jjas_tp,tp,mme,5,30.5,80.0,35,-6.719614260950868,11.020448404819998,-0.22993765610574984
jjas_tp,tp,mme,5,32.0,75.5,35,0.018020892868303523,3.5081273223779736,0.5321921488994563
jjas_tp,tp,mme,5,32.0,77.0,35,-0.04571717814825539,3.9692285322003764,0.24500088353949473
jjas_tp,tp,mme,5,32.0,78.5,35,2.607250338007412,3.171825128959845,-0.061282918538449374
jjas_tp,tp,mme,5,33.5,74.0,35,-1.0224411573821648,3.4212611053696413,0.2740349486494752
jjas_tp,tp,mme,5,33.5,75.5,35,0.6899825483618218,2.208777319349698,0.609874088356142
jjas_tp,tp,mme,5,33.5,77.0,35,-3.895075153951621,6.778861175622576,-0.5253535246487875
jjas_tp,tp,mme,5,33.5,78.5,35,0.9152001787519751,1.291841669873182,0.8081040117124555
jjas_tp,tp,mme,5,35.0,75.5,35,1.1889443417410623,1.8341997369053464,0.5893753709447429
jjas_tp,tp,mme,5,35.0,77.0,35,-0.5899301150357773,4.576992510223132,-0.20179457948554524
jjas_tp,tp,mme,5,35.0,78.5,35,-1.22296833640031,5.5698780695487615,-0.24106872856711514
jjas_tp,tp,mme,5,35.0,80.0,35,0.6781775816033186,1.642733874325436,0.5623362523607903
jjas_tp,tp,mme,5,36.5,74.0,35,-2.170131669361725,6.924194750250384,-0.10886545189898682
jjas_tp,tp,mme,5,36.5,75.5,35,0.2536714002812163,2.126865154019578,0.17105002663528074
jjas_tp,tp,mme,6,9.5,77.0,35,-10.189323432589847,19.606149612119076,-0.2103298699792962
jjas_tp,tp,mme,6,9.5,78.5,35,-1.2195049051465876,4.205535223925093,0.20955173324069085
jjas_tp,tp,mme,6,11.0,77.0,35,2.5310332396859447,6.057376407477035,0.026968906452732245
jjas_tp,tp,mme,6,11.0,78.5,35,-0.0011259183325677212,3.3001761984857754,0.1541660806766794
jjas_tp,tp,mme,6,12.5,75.5,35,-15.914646512870254,30.4033118892812,-0.07822615358334259
jjas_tp,tp,mme,6,12.5,77.0,35,-0.8140439555187029,4.656083536428268,0.6142460378047458
jjas_tp,tp,mme,6,12.5,78.5,35,-1.0217076799669016,6.315375543827871,-0.5838184422631301
jjas_tp,tp,mme,6,14.0,75.5,35,-0.3368987175406051,9.018443633091668,-0.15735893267532503
jjas_tp,tp,mme,6,14.0,77.0,35,-1.3056460387331266,7.277593885258386,-0.22349154024357112
jjas_tp,tp,mme,6,14.0,78.5,35,-0.9296984656637992,5.902774873190772,-0.44318248251339687
jjas_tp,tp,mme,6,14.0,80.0,35,-2.0391498488881346,5.970388479979133,0.323325385615641
jjas_tp,tp,mme,6,15.5,74.0,35,-26.53145079843008,38.20628133189298,-0.29406147166926255
jjas_tp,tp,mme,6,15.5,75.5,35,-0.2012629689015077,5.304196135686474,-0.08761159942937385
jjas_tp,tp,mme,6,15.5,77.0,35,-0.4745020928355758,3.7899685269097665,-0.05240425353961315
jjas_tp,tp,mme,6,15.5,78.5,35,-2.1453854297547617,6.160458105453154,-0.31973079128666815
jjas_tp,tp,mme,6,15.5,80.0,35,-3.299896021321156,8.015453727407621,-0.25407385415747324
jjas_tp,tp,mme,6,17.0,74.0,35,-3.056656910686714,14.226013341453188,-0.20753258276723846
jjas_tp,tp,mme,6,17.0,75.5,35,-0.6212042214647481,4.476784108700009,-0.313274605283182
jjas_tp,tp,mme,6,17.0,77.0,35,-0.6021971435478531,3.087247432606024,0.1746803585394349
jjas_tp,tp,mme,6,17.0,78.5,35,-0.6102495106780487,5.009740762079482,-0.22833792793850657
jjas_tp,tp,mme,6,17.0,80.0,35,-1.0316402104123101,4.675527448948448,-0.06635317661898214
jjas_tp,tp,mme,6,17.0,81.5,35,-1.039411538495607,4.956993522438508,-0.07580988046397542
jjas_tp,tp,mme,6,18.5,74.0,35,-0.31424806422848306,8.8588045019597,-0.5767393579684588
jjas_tp,tp,mme,6,18.5,75.5,35,-1.4308991431596803,5.8102653617030215,-0.023472635526416475
jjas_tp,tp,mme,6,18.5,77.0,35,-2.041075199313669,5.379870241992608,0.16007033943658136
jjas_tp,tp,mme,6,18.5,78.5,35,-3.625450030271696,7.1963069700924285,-0.336904480383748
jjas_tp,tp,mme,6,18.5,80.0,35,-5.415904281115,13.92562532733665,-0.31925587765363195
jjas_tp,tp,mme,6,18.5,81.5,35,-4.531965481010211,13.500295365415223,-0.3031064032447514
jjas_tp,tp,mme,6,18.5,83.0,35,-1.3230537981072719,6.383377956417108,-0.10202288766087182
jjas_tp,tp,mme,6,20.0,74.0,35,-0.19338357228153663,6.943204161918468,-0.20202536521653636
jjas_tp,tp,mme,6,20.0,75.5,35,-1.8094671209553452,6.515476184611691,-0.06430800387038248
jjas_tp,tp,mme,6,20.0,77.0,35,-1.708600708557835,5.272233315882595,-0.17810346825686701
jjas_tp,tp,mme,6,20.0,78.5,35,0.7556815930767748,5.760249501885897,0.05869307243545999
jjas_tp,tp,mme,6,20.0,80.0,35,-7.458860422808768,14.128986280163938,0.022569373126165387
jjas_tp,tp,mme,6,20.0,81.5,35,-0.9528306177521525,4.495517427620726,0.2426008986914085
jjas_tp,tp,mme,6,20.0,83.0,35,-2.0843074627807074,6.426632566102487,0.27636653896983915
jjas_tp,tp,mme,6,20.0,84.5,35,-4.294793300639775,8.488697592637122,0.03442972666176141
jjas_tp,tp,mme,6,21.5,71.0,35,-3.250708827698573,6.545277818291251,0.0978962666527151
jjas_tp,tp,mme,6,21.5,74.0,35,-5.475820522980516,11.924924085835476,-0.21420952841052882
jjas_tp,tp,mme,6,21.5,75.5,35,-2.701051096742855,5.441959636637746,0.09449643542358097
jjas_tp,tp,mme,6,21.5,77.0,35,-5.2525124977813125,10.741927895330221,-0.3491541654095361
jjas_tp,tp,mme,6,21.5,78.5,35,-2.2882690452675782,6.4684382423236695,0.2134858524322874
jjas_tp,tp,mme,6,21.5,80.0,35,-1.4095718958292482,5.726467659491888,0.5446362108401597
jjas_tp,tp,mme,6,21.5,81.5,35,-2.083938975583698,7.570436553590066,0.4159191365942473
jjas_tp,tp,mme,6,21.5,83.0,35,-2.2693344194873193,7.58710328393663,0.14302135840541358
jjas_tp,tp,mme,6,21.5,84.5,35,-0.9446980671151104,6.500971198149311,0.4866044035408979
jjas_tp,tp,mme,6,21.5,86.0,35,-2.016280619433352,6.1255317879254445,-0.13033717657486615
jjas_tp,tp,mme,6,23.0,71.0,35,-4.68377021188111,11.104427013791302,0.24634294123427472
jjas_tp,tp,mme,6,23.0,72.5,35,-3.724961178906073,7.723048757736981,-0.044695904485345134
jjas_tp,tp,mme,6,23.0,74.0,35,-2.253741764103259,7.170714461180754,0.19392412969230174
jjas_tp,tp,mme,6,23.0,75.5,35,-6.384253642650383,12.324843905596204,0.16734739014646202
jjas_tp,tp,mme,6,23.0,77.0,35,-6.159603342584195,12.342799220774678,0.09458252372635963
jjas_tp,tp,mme,6,23.0,78.5,35,-5.816052680702516,11.821199915047766,0.18578283601105963
jjas_tp,tp,mme,6,23.0,80.0,35,-4.403839488689647,10.30332737736468,0.04961967346246295
jjas_tp,tp,mme,6,23.0,81.5,35,-3.2649181655108017,8.045809780103628,0.004156287762198426
jjas_tp,tp,mme,6,23.0,83.0,35,-0.10387164040656133,5.125832243943115,0.36135979069483126
jjas_tp,tp,mme,6,23.0,84.5,35,-1.3941283869791394,6.661424715445173,0.01490450137142736
jjas_tp,tp,mme,6,23.0,86.0,35,-0.23929530040202346,5.542589268893523,0.008387980118399176
jjas_tp,tp,mme,6,23.0,87.5,35,0.7260814220716316,5.6212947810959815,0.02704473109903538
jjas_tp,tp,mme,6,24.5,72.5,35,-4.397876321678587,8.008296352052735,0.2803919418716121
jjas_tp,tp,mme,6,24.5,74.0,35,-3.2792304164439394,6.303192156510129,0.2703250583309361
jjas_tp,tp,mme,6,24.5,75.5,35,-10.57654759654585,16.711483707227853,-0.19936370510462204
jjas_tp,tp,mme,6,24.5,77.0,35,-6.939765305115047,11.692868438730933,0.07114891762003668
jjas_tp,tp,mme,6,24.5,78.5,35,-1.8242595895364437,6.133166520736288,0.33591570666925447
jjas_tp,tp,mme,6,24.5,80.0,35,-1.5856180937536335,5.931109387366008,0.3539848722696821
jjas_tp,tp,mme,6,24.5,81.5,35,-2.681028970042326,9.112151346967275,0.08913458963770672
jjas_tp,tp,mme,6,24.5,83.0,35,-0.36509036380659066,6.942354944193155,-0.09313014249170398
jjas_tp,tp,mme,6,24.5,84.5,35,0.5002832108418295,8.002801501001487,-0.35119468816698396
jjas_tp,tp,mme,6,24.5,86.0,35,0.7783431736533206,9.497384679872788,-0.35899968132079535
jjas_tp,tp,mme,6,24.5,87.5,35,1.0951303087971855,8.094755566516811,-0.13630260533212546
jjas_tp,tp,mme,6,24.5,93.5,35,3.380732385165178,5.052506564025407,0.12929587934129638
jjas_tp,tp,mme,6,26.0,71.0,35,-1.2788757199436533,3.4416326672202393,0.05298579546747177
jjas_tp,tp,mme,6,26.0,72.5,35,-1.7266150396022641,4.2712557789912164,-0.21814660047024273
jjas_tp,tp,mme,6,26.0,74.0,35,-3.0483573649177975,6.98215627882042,-0.33079297233523924
jjas_tp,tp,mme,6,26.0,75.5,35,-4.388526610552805,8.282217286230617,-0.07588564257922217
jjas_tp,tp,mme,6,26.0,77.0,35,-0.8067228689858188,3.102775636380553,0.3972086177648967
jjas_tp,tp,mme,6,26.0,78.5,35,-0.2137548108811678,3.083728857396263,0.41525482308218903
jjas_tp,tp,mme,6,26.0,80.0,35,-0.08905878697613612,5.027475359973015,0.05311155157631031
jjas_tp,tp,mme,6,26.0,81.5,35,1.0475524585542977,8.298457263403694,-0.1995451525250147
jjas_tp,tp,mme,6,26.0,83.0,35,-1.4558838387551747,14.83077125654681,-0.37998442969410806
jjas_tp,tp,mme,6,26.0,84.5,35,-0.7706089204161487,9.231425387117678,-0.3917129876572422
jjas_tp,tp,mme,6,26.0,86.0,35,-2.6513079999799896,14.140999473525488,-0.47358973836014173
jjas_tp,tp,mme,6,26.0,87.5,35,-0.473133334125882,12.926766717585863,-0.5931212620031082
jjas_tp,tp,mme,6,26.0,90.5,35,-2.699159264164737,12.394168528765675,0.05481361454949548
jjas_tp,tp,mme,6,26.0,92.0,35,4.329043071588611,6.867586806097978,-0.23269709309844414
jjas_tp,tp,mme,6,26.0,93.5,35,2.859663029070333,5.58477626447736,-0.496093957919755
jjas_tp,tp,mme,6,26.0,95.0,35,3.453669934851426,7.078338326182578,-0.12757437253630247
jjas_tp,tp,mme,6,27.5,71.0,35,-0.9316543860394404,2.2153664526978227,0.16814158025897502
jjas_tp,tp,mme,6,27.5,72.5,35,-1.471474364616726,2.899543792141287,0.17669101687497207
jjas_tp,tp,mme,6,27.5,74.0,35,-2.235046186214214,4.198074892648735,-0.3736401667364182
jjas_tp,tp,mme,6,27.5,75.5,35,-5.375559522744588,10.968528566170408,-0.3617088979141624
jjas_tp,tp,mme,6,27.5,77.0,35,-0.2668053472540182,2.713501714197344,0.2602104328147989
jjas_tp,tp,mme,6,27.5,78.5,35,-0.7460458905319273,3.186222254095462,0.2732486345442666
jjas_tp,tp,mme,6,27.5,80.0,35,-1.2692131194795464,5.3786543721948314,-0.10157539783369247
jjas_tp,tp,mme,6,27.5,81.5,35,-2.6725471349387324,11.171653813597308,-0.253858554467195
jjas_tp,tp,mme,6,27.5,93.5,35,-4.213822469284131,10.65037655209141,0.14088885763583817
jjas_tp,tp,mme,6,27.5,95.0,35,1.7197661123120302,6.269965277290826,0.08796518113234034
jjas_tp,tp,mme,6,29.0,74.0,35,0.1410647106588682,1.125908943106114,0.17242996817842737
jjas_tp,tp,mme,6,29.0,75.5,35,0.5859693176068539,1.7693067838401006,0.06433349458571398
jjas_tp,tp,mme,6,29.0,77.0,35,0.30531780097283895,3.6767157812731295,0.1434255654207732
jjas_tp,tp,mme,6,29.0,78.5,35,0.34966613120665824,3.981787722640979,0.07062535251342345
jjas_tp,tp,mme,6,29.0,80.0,35,-3.2887705184722464,7.607654525489634,0.03415569014036432
jjas_tp,tp,mme,6,29.0,95.0,35,1.5778173184485749,9.787025369131792,0.22477764835112224
jjas_tp,tp,mme,6,30.5,74.0,35,-0.007435318382099828,2.7196885195621445,-0.08036874785584255
jjas_tp,tp,mme,6,30.5,75.5,35,-1.1086427499913978,5.501731414495132,-0.12810396468965554
jjas_tp,tp,mme,6,30.5,77.0,35,-3.6010049647126143,11.864157100860306,-0.2861319153932013
jjas_tp,tp,mme,6,30.5,78.5,35,0.6720759563769173,4.176053625939197,0.33155245632243946
jjas_tp,tp,mme,6,30.5,80.0,35,-6.346070558493823,10.706085860265317,-0.2143991365942635
jjas_tp,tp,mme,6,32.0,75.5,35,-0.27771428694917305,3.5640922175677083,0.4996704751930146
jjas_tp,tp,mme,6,32.0,77.0,35,-0.4510101405782614,3.9416974799336155,0.2815584546898155
jjas_tp,tp,mme,6,32.0,78.5,35,2.4658063680449067,3.132640144548469,-0.1426909441599991
jjas_tp,tp,mme,6,33.5,74.0,35,-1.5922056833224953,4.2701173322741806,0.31695495733509843
jjas_tp,tp,mme,6,33.5,75.5,35,-0.029967625837745464,3.533496620483944,0.3581726608371766
jjas_tp,tp,mme,6,33.5,77.0,35,-3.9693940823488667,6.841059916926713,-0.5213987293795772
jjas_tp,tp,mme,6,33.5,78.5,35,0.8185500800908858,1.2431179276690845,0.8033761133220335
jjas_tp,tp,mme,6,35.0,75.5,35,0.6816759350284708,2.2308679341426116,0.4228966752941939
jjas_tp,tp,mme,6,35.0,77.0,35,-0.8561414852809528,4.602596141757788,-0.17241628195963854
jjas_tp,tp,mme,6,35.0,78.5,35,-1.4001094416227386,5.606615256365471,-0.2621006913880045
jjas_tp,tp,mme,6,35.0,80.0,35,0.5432345061903948,1.6125581771882707,0.5455768144305658
jjas_tp,tp,mme,6,36.5,74.0,35,-2.915153783457224,7.421901476501366,-0.09398217642467384
jjas_tp,tp,mme,6,36.5,75.5,35,-0.29279318890207845,2.7217363423445455,0.03614017804300148
jjas_tp,tp,ncep,1,9.5,77.0,35,-6.982477782276415,16.14394663687019,0.4257731805284077
jjas_tp,tp,ncep,1,9.5,78.5,35,1.4367565987956903,2.3159084041701274,0.5204703410825658
jjas_tp,tp,ncep,1,11.0,77.0,35,7.05094526689204,9.109544843431868,0.19858102590162857
jjas_tp,tp,ncep,1,11.0,78.5,35,1.4326107009514493,2.869246662683474,0.2891118676873018
jjas_tp,tp,ncep,1,12.5,75.5,35,-8.680767228347914,25.6912090441391,0.29170981806455226
jjas_tp,tp,ncep,1,12.5,77.0,35,3.6215741823353467,6.038506394538311,0.44781777731348177
jjas_tp,tp,ncep,1,12.5,78.5,35,0.01702021741934721,5.799515545038786,-0.042209398834117846
jjas_tp,tp,ncep,1,14.0,75.5,35,5.722525743146738,9.75256107225552,0.3276940718860337
jjas_tp,tp,ncep,1,14.0,77.0,35,2.0084487853483073,7.100743181648549,0.05316624738599587
jjas_tp,tp,ncep,1,14.0,78.5,35,1.0596166693014166,5.974391793600427,0.08743305689562587
jjas_tp,tp,ncep,1,14.0,80.0,35,1.1033003691450824,3.927614986087351,0.19566866486408488
jjas_tp,tp,ncep,1,15.5,74.0,35,-21.385736588231705,30.622747000045106,0.3599627805064923
jjas_tp,tp,ncep,1,15.5,75.5,35,5.020056640143905,6.778596220314621,0.43893805486640985
jjas_tp,tp,ncep,1,15.5,77.0,35,1.771372046951382,5.261405165374149,-0.038700191727480814
jjas_tp,tp,ncep,1,15.5,78.5,35,0.524187847693998,7.00420332894056,-0.11774499238454665
jjas_tp,tp,ncep,1,15.5,80.0,35,1.5703758233280423,6.652289835917704,0.003178946428647642
jjas_tp,tp,ncep,1,17.0,74.0,35,4.015103471142957,10.750783536790912,0.6480392301307483
jjas_tp,tp,ncep,1,17.0,75.5,35,3.6522543134297143,7.17603172457553,0.05645636739659664
jjas_tp,tp,ncep,1,17.0,77.0,35,2.4059700378238977,5.023286499866353,0.3314825818028099
jjas_tp,tp,ncep,1,17.0,78.5,35,3.206102612358148,7.133114811874555,0.10783584736108956
jjas_tp,tp,ncep,1,17.0,80.0,35,3.3822404591363875,7.436408962344238,0.28541916440113063
jjas_tp,tp,ncep,1,17.0,81.5,35,2.3665807255032836,7.707124220756169,0.1897706275891447
jjas_tp,tp,ncep,1,18.5,74.0,35,5.482667257323526,9.856602795257828,0.3097705589775084
jjas_tp,tp,ncep,1,18.5,75.5,35,2.833583061286019,6.991152865546436,0.05776006291333886
jjas_tp,tp,ncep,1,18.5,77.0,35,1.789453820924142,6.461110864211824,0.10689357689050608
jjas_tp,tp,ncep,1,18.5,78.5,35,0.81337178874759,6.531013978840844,0.3331175924335106
jjas_tp,tp,ncep,1,18.5,80.0,35,-0.5332031127392494,11.831321208977958,0.25683191255448223
jjas_tp,tp,ncep,1,18.5,81.5,35,-1.9074226971461608,10.967703794695693,0.3946279312248854
jjas_tp,tp,ncep,1,18.5,83.0,35,2.593306997602543,5.922566093906406,0.4207046853806478
jjas_tp,tp,ncep,1,20.0,74.0,35,4.517031273781229,6.888001995192625,0.4518947231007542
jjas_tp,tp,ncep,1,20.0,75.5,35,1.8532516801362537,5.87151847041058,0.3220519183649188
jjas_tp,tp,ncep,1,20.0,77.0,35,0.5374034107610998,4.857392088442544,0.4928614758271468
jjas_tp,tp,ncep,1,20.0,78.5,35,3.0014825992636376,6.358322820096964,0.5048485950538143
jjas_tp,tp,ncep,1,20.0,80.0,35,-5.921930827703054,11.352754423971838,0.607104415526873
jjas_tp,tp,ncep,1,20.0,81.5,35,0.42295013375632035,6.1327227507193545,0.34396445080588284
jjas_tp,tp,ncep,1,20.0,83.0,35,-1.1012920474341612,6.036082111576716,0.5138165708806849
jjas_tp,tp,ncep,1,20.0,84.5,35,-1.511333522908131,5.056970481125664,0.5992528990781286
jjas_tp,tp,ncep,1,21.5,71.0,35,1.2894558829983689,5.958811469750599,0.5329789017416114
jjas_tp,tp,ncep,1,21.5,74.0,35,-3.633808649682795,11.727023018427374,0.14646505152265216
jjas_tp,tp,ncep,1,21.5,75.5,35,0.6049621539599715,6.667630294080188,0.2911240030270154
jjas_tp,tp,ncep,1,21.5,77.0,35,-3.683950521513618,9.972414674896363,0.25794789238562954
jjas_tp,tp,ncep,1,21.5,78.5,35,-0.5280622113156057,5.567286921156288,0.6038221731184102
jjas_tp,tp,ncep,1,21.5,80.0,35,-1.3176097090799999,5.818305127572053,0.6895244283029258
jjas_tp,tp,ncep,1,21.5,81.5,35,-2.1950470778984865,6.74447972710598,0.6093756296836969
jjas_tp,tp,ncep,1,21.5,83.0,35,-3.625983746927523,7.737110561770969,0.5496428373821959
jjas_tp,tp,ncep,1,21.5,84.5,35,-1.198341126949711,6.379886894247457,0.5917505100352461
jjas_tp,tp,ncep,1,21.5,86.0,35,-1.5020162215635378,5.667630149637983,0.5395061004978768
jjas_tp,tp,ncep,1,23.0,71.0,35,-1.7580088972002004,9.06919136929312,0.6058230893781821
jjas_tp,tp,ncep,1,23.0,72.5,35,-1.1009913876623152,5.41788775204768,0.608117188357735
jjas_tp,tp,ncep,1,23.0,74.0,35,-0.45621147005142515,5.823865104826646,0.6064703148502086
jjas_tp,tp,ncep,1,23.0,75.5,35,-5.11608507493437,9.659803681708528,0.6811853449545301
jjas_tp,tp,ncep,1,23.0,77.0,35,-4.202129085184101,10.925474450610416,0.49388836713858714
jjas_tp,tp,ncep,1,23.0,78.5,35,-4.672699419026898,10.727429867446423,0.4915198659366425
jjas_tp,tp,ncep,1,23.0,80.0,35,-3.957569251426806,9.91912633034085,0.3642767877486476
jjas_tp,tp,ncep,1,23.0,81.5,35,-4.142917073972889,7.910502600600357,0.4842377136079869
jjas_tp,tp,ncep,1,23.0,83.0,35,-1.2809911919596497,7.735131809174872,0.37279184565880386
jjas_tp,tp,ncep,1,23.0,84.5,35,-0.4655383073175991,6.075906991546181,0.602807103620192
jjas_tp,tp,ncep,1,23.0,86.0,35,1.0120438871721344,5.24385339606776,0.5774747362920079
jjas_tp,tp,ncep,1,23.0,87.5,35,2.2904507422551332,5.226149034148741,0.5228050421212693
jjas_tp,tp,ncep,1,24.5,72.5,35,-2.9756270025669234,6.400383593255551,0.5885761111970854
jjas_tp,tp,ncep,1,24.5,74.0,35,-1.2400698805569728,5.286350726797198,0.6236104355927408
jjas_tp,tp,ncep,1,24.5,75.5,35,-8.829859784292402,12.996592353010458,0.627882122295993
jjas_tp,tp,ncep,1,24.5,77.0,35,-4.340088949267825,8.317934486156522,0.6681525309531212
jjas_tp,tp,ncep,1,24.5,78.5,35,0.6949190419792783,7.3269992581134735,0.4179018398728776
jjas_tp,tp,ncep,1,24.5,80.0,35,-0.3443206110478352,7.926018165491928,0.3776736062521196
jjas_tp,tp,ncep,1,24.5,81.5,35,-1.5804051984970031,8.365768938353524,0.5354563567807887
jjas_tp,tp,ncep,1,24.5,83.0,35,0.9469629122631712,5.5593304849653595,0.711718459581668
jjas_tp,tp,ncep,1,24.5,84.5,35,2.934140487690826,6.898636497615107,0.6720616459944101
jjas_tp,tp,ncep,1,24.5,86.0,35,4.048542253739508,7.1054779638964884,0.7393798783427306
jjas_tp,tp,ncep,1,24.5,87.5,35,5.717842025629111,7.589587372015861,0.617736006247406
jjas_tp,tp,ncep,1,24.5,93.5,35,6.242854995670773,7.900296822867829,0.20584452447723242
jjas_tp,tp,ncep,1,26.0,71.0,35,-1.3924252179947207,3.463957994675805,0.17878417777968444
jjas_tp,tp,ncep,1,26.0,72.5,35,-0.8504893421562711,4.001532661221641,0.2999184132902809
jjas_tp,tp,ncep,1,26.0,74.0,35,-1.6830357911463896,6.161378653935804,0.380183828566632
jjas_tp,tp,ncep,1,26.0,75.5,35,-2.707549583382529,5.860922775059974,0.6255053816797365
jjas_tp,tp,ncep,1,26.0,77.0,35,0.7562781617207324,5.551172534676956,0.2954607699855325
jjas_tp,tp,ncep,1,26.0,78.5,35,2.40434873674288,6.558508724771083,0.1909581751594126
jjas_tp,tp,ncep,1,26.0,80.0,35,2.37110654886411,7.504636021018767,0.17533743833266133
jjas_tp,tp,ncep,1,26.0,81.5,35,3.3972174614202695,7.3777386037955,0.5968954024387085
jjas_tp,tp,ncep,1,26.0,83.0,35,-0.24430748483915374,10.774059487243237,0.7698381141570768
jjas_tp,tp,ncep,1,26.0,84.5,35,-0.638772013081729,5.776010108382081,0.7892802945614826
jjas_tp,tp,ncep,1,26.0,86.0,35,-2.2304877985717857,9.781692123666826,0.8157897828817978
jjas_tp,tp,ncep,1,26.0,87.5,35,-0.3273148070370394,9.883294701788566,0.5813573624440335
jjas_tp,tp,ncep,1,26.0,90.5,35,-5.847731903289993,13.80835976272427,0.5653966459691886
jjas_tp,tp,ncep,1,26.0,92.0,35,4.388793851411531,6.766878880080417,0.26647451294540836
jjas_tp,tp,ncep,1,26.0,93.5,35,5.77773885613396,7.589724111651568,0.029539595216155692
jjas_tp,tp,ncep,1,26.0,95.0,35,9.781662517927941,11.624664477067595,0.19903926901522057
jjas_tp,tp,ncep,1,27.5,71.0,35,-1.1457393417491981,2.318917649730058,0.2714189398879912
jjas_tp,tp,ncep,1,27.5,72.5,35,-1.3655804394693984,2.4867291389461172,0.6152619673113436
jjas_tp,tp,ncep,1,27.5,74.0,35,-1.3748400905399376,3.5876765028330793,0.3590472883578365
jjas_tp,tp,ncep,1,27.5,75.5,35,-4.819801132207518,10.250150641728384,0.1610218199409794
jjas_tp,tp,ncep,1,27.5,77.0,35,1.931503848807165,5.233388429757222,0.21053876840987099
jjas_tp,tp,ncep,1,27.5,78.5,35,1.3379480973464928,5.278723223512588,0.18146135952812648
jjas_tp,tp,ncep,1,27.5,80.0,35,-0.8234595559688705,5.224795620132025,0.4259954164048339
jjas_tp,tp,ncep,1,27.5,81.5,35,-5.556247055172316,13.029134279000434,0.36411586782555083
jjas_tp,tp,ncep,1,27.5,93.5,35,-8.905973623314546,13.08338194481123,0.43500334763877885
jjas_tp,tp,ncep,1,27.5,95.0,35,-2.049738096812415,7.111089067581627,0.3522822268867795
jjas_tp,tp,ncep,1,29.0,74.0,35,0.7281222722829653,2.447708556391938,-0.18425579206307244
jjas_tp,tp,ncep,1,29.0,75.5,35,1.3020353605562132,3.3846216361308086,0.06561651426163544
jjas_tp,tp,ncep,1,29.0,77.0,35,0.8158310839948836,4.006615147843315,0.20591364268225468
jjas_tp,tp,ncep,1,29.0,78.5,35,-0.5285408490525452,4.079058162735426,0.23125634535465744
jjas_tp,tp,ncep,1,29.0,80.0,35,-4.2724041784661475,8.250469345967106,0.23385315574997814
jjas_tp,tp,ncep,1,29.0,95.0,35,-4.044363157947859,11.477438489727891,0.47511656592052265
jjas_tp,tp,ncep,1,30.5,74.0,35,0.26292286347595534,3.1284242515010834,0.0016740811269778996
jjas_tp,tp,ncep,1,30.5,75.5,35,-1.3828859133343767,5.154890272683525,0.30777342658203094
jjas_tp,tp,ncep,1,30.5,77.0,35,-3.803969716364869,10.829305833957871,0.060560446878599426
jjas_tp,tp,ncep,1,30.5,78.5,35,2.050886537495812,6.440492756249526,0.13870589745285575
jjas_tp,tp,ncep,1,30.5,80.0,35,-4.3095586489442566,9.268000440264979,0.16415482428574735
jjas_tp,tp,ncep,1,32.0,75.5,35,1.1422782912172442,4.14383670531305,0.4118867207911066
jjas_tp,tp,ncep,1,32.0,77.0,35,2.8750960398879317,6.614009172380791,0.04958523447477163
jjas_tp,tp,ncep,1,32.0,78.5,35,6.353532413535175,8.282659166104743,-0.024616027384974346
jjas_tp,tp,ncep,1,33.5,74.0,35,0.5092904535133305,4.014656488460931,0.3366327705125459
jjas_tp,tp,ncep,1,33.5,75.5,35,3.211731390096986,5.290814437641743,0.44392136021050727
jjas_tp,tp,ncep,1,33.5,77.0,35,-0.7293446344988685,6.228911249606899,-0.05999959821830562
jjas_tp,tp,ncep,1,33.5,78.5,35,2.9828311108791876,3.8700975330485035,0.3272352496402579
jjas_tp,tp,ncep,1,35.0,75.5,35,2.9392258493445027,3.589556505612249,0.5949222390350513
jjas_tp,tp,ncep,1,35.0,77.0,35,1.3588287074894954,5.134669382069255,0.008950312083002412
jjas_tp,tp,ncep,1,35.0,78.5,35,0.3756612966164193,5.734453969589643,-0.021443226083157144
jjas_tp,tp,ncep,1,35.0,80.0,35,1.8370741552069951,2.6761532045940033,0.39889564564914054
jjas_tp,tp,ncep,1,36.5,74.0,35,-2.0855065523798064,7.192077353067738,-0.027691195067193336
jjas_tp,tp,ncep,1,36.5,75.5,35,0.9634062329172995,3.1149764103740663,0.2906926526292573
jjas_tp,tp,ncep,2,9.5,77.0,35,-8.32166044181065,18.952469386296062,0.03257730845464188
jjas_tp,tp,ncep,2,9.5,78.5,35,1.3476259109112785,2.916408952857943,-0.07428185255189342
jjas_tp,tp,ncep,2,11.0,77.0,35,5.450135466574677,8.147137404952291,-0.09172750096428316
jjas_tp,tp,ncep,2,11.0,78.5,35,1.8479028907047386,3.044196207900172,0.3835082430934655
jjas_tp,tp,ncep,2,12.5,75.5,35,-13.865333722780148,29.482082223470794,0.10039786718680542
jjas_tp,tp,ncep,2,12.5,77.0,35,2.1475317352820955,5.922100338899158,0.32488954398584924
jjas_tp,tp,ncep,2,12.5,78.5,35,0.229548353783875,5.931552553626415,-0.12427313345364559
jjas_tp,tp,ncep,2,14.0,75.5,35,2.377375929944572,8.618959476076283,0.06566257881995259
jjas_tp,tp,ncep,2,14.0,77.0,35,0.9687315474367804,7.723815039119976,-0.22575078804539395
jjas_tp,tp,ncep,2,14.0,78.5,35,0.6131901471624298,6.021321212711303,-0.1264332461307511
jjas_tp,tp,ncep,2,14.0,80.0,35,0.2327329026597981,3.189166367883765,0.12547869267692635
jjas_tp,tp,ncep,2,15.5,74.0,35,-26.294178715215196,36.325995664802505,0.0956173235795032
jjas_tp,tp,ncep,2,15.5,75.5,35,2.948720765066525,4.787280705474119,0.3034425979014894
jjas_tp,tp,ncep,2,15.5,77.0,35,1.1673571863182126,4.4425739015970525,-0.09980628596989476
jjas_tp,tp,ncep,2,15.5,78.5,35,-0.4772560386951747,6.324844694707999,-0.21704402054095676
jjas_tp,tp,ncep,2,15.5,80.0,35,-0.0851679643155963,5.232749614444315,0.0035126054678442146
jjas_tp,tp,ncep,2,17.0,74.0,35,0.8732841977879167,12.86252369380115,0.3216536596179003
jjas_tp,tp,ncep,2,17.0,75.5,35,2.0352634895031176,6.098401763187021,-0.06647703794616003
jjas_tp,tp,ncep,2,17.0,77.0,35,1.1472761070488822,4.506427826794516,0.043614346262048194
jjas_tp,tp,ncep,2,17.0,78.5,35,1.411638122208653,5.671905658972772,0.02948200463667228
jjas_tp,tp,ncep,2,17.0,80.0,35,1.0054120284669648,5.501708457413442,0.0805778596949818
jjas_tp,tp,ncep,2,17.0,81.5,35,-0.4794862164386791,5.937835590663586,-0.07157260950355988
jjas_tp,tp,ncep,2,18.5,74.0,35,3.6247928557296594,8.652258861321197,0.31859682643728976
jjas_tp,tp,ncep,2,18.5,75.5,35,1.9934662835162487,5.402849366422465,0.23188115766539327
jjas_tp,tp,ncep,2,18.5,77.0,35,0.8548510177602385,5.183847651460243,0.1660181265388486
jjas_tp,tp,ncep,2,18.5,78.5,35,-1.2009669042113866,6.470563104432063,0.10460035424029161
jjas_tp,tp,ncep,2,18.5,80.0,35,-3.665473366953758,13.600177199138313,-0.13576455744680044
jjas_tp,tp,ncep,2,18.5,81.5,35,-4.6601390263940665,13.885150668558397,-0.1309596309968623
jjas_tp,tp,ncep,2,18.5,83.0,35,0.17638944557180555,5.452224309983257,0.08150091530469161
jjas_tp,tp,ncep,2,20.0,74.0,35,4.075590627518527,8.081707407848755,0.20775303921601532
jjas_tp,tp,ncep,2,20.0,75.5,35,1.2195646652654328,5.917492963753794,0.2509657322398503
jjas_tp,tp,ncep,2,20.0,77.0,35,-0.3959230657566213,5.025699985226786,0.4025001520952115
jjas_tp,tp,ncep,2,20.0,78.5,35,1.27767340391477,6.415409655055735,0.28705721826066105
jjas_tp,tp,ncep,2,20.0,80.0,35,-8.462601865805285,14.539996886660214,0.291601031266934
jjas_tp,tp,ncep,2,20.0,81.5,35,-2.04404697791421,6.208453257014372,0.22632847009438395
jjas_tp,tp,ncep,2,20.0,83.0,35,-2.311846525143344,7.095987609865506,0.3121025588818256
jjas_tp,tp,ncep,2,20.0,84.5,35,-2.4683019281588567,6.5842650352017404,0.20953329787470404
jjas_tp,tp,ncep,2,21.5,71.0,35,0.6459292051610341,6.831171327553813,0.3527164752470337
jjas_tp,tp,ncep,2,21.5,74.0,35,-4.098269140622754,11.934603600602834,0.1203346911878177
jjas_tp,tp,ncep,2,21.5,75.5,35,-0.4088124210466742,5.209618962795325,0.4204235991306464
jjas_tp,tp,ncep,2,21.5,77.0,35,-4.997958974157496,10.244514214286287,0.1770658501199299
jjas_tp,tp,ncep,2,21.5,78.5,35,-2.0697280910150204,6.097901891772932,0.5422374001604954
jjas_tp,tp,ncep,2,21.5,80.0,35,-2.835991853605152,7.181891924481988,0.544114383212728
jjas_tp,tp,ncep,2,21.5,81.5,35,-3.045923073536537,7.6452618032232635,0.4902171897736535
jjas_tp,tp,ncep,2,21.5,83.0,35,-3.866677989603398,8.115033387804797,0.4762158640352615
jjas_tp,tp,ncep,2,21.5,84.5,35,-1.3205296778728972,6.5535458833310285,0.5290380665049922
jjas_tp,tp,ncep,2,21.5,86.0,35,-2.028883097155804,5.773117017612347,0.3673877737862504
jjas_tp,tp,ncep,2,23.0,71.0,35,-2.6993591254561333,9.969933162162347,0.49708444252312206
jjas_tp,tp,ncep,2,23.0,72.5,35,-2.303880675965648,6.11311577626882,0.5278346798531304
jjas_tp,tp,ncep,2,23.0,74.0,35,-2.1429190384940795,7.525321236268026,0.24197918440975616
jjas_tp,tp,ncep,2,23.0,75.5,35,-7.297577378328147,12.828107424377071,0.323889250392308
jjas_tp,tp,ncep,2,23.0,77.0,35,-6.12700559777429,11.515262050178166,0.4830788375478661
jjas_tp,tp,ncep,2,23.0,78.5,35,-6.308731392071358,12.035481719527768,0.37784185257242897
jjas_tp,tp,ncep,2,23.0,80.0,35,-5.068686389054693,10.711255653047354,0.28096991794966714
jjas_tp,tp,ncep,2,23.0,81.5,35,-4.400372530323765,8.691801714021125,0.32545814346121815
jjas_tp,tp,ncep,2,23.0,83.0,35,-1.3490587853006595,7.994916350679997,0.16829682883757738
jjas_tp,tp,ncep,2,23.0,84.5,35,-0.05488617635116754,5.837464930306842,0.45913273030445234
jjas_tp,tp,ncep,2,23.0,86.0,35,1.7360007751777413,5.072732863381179,0.3582581799698521
jjas_tp,tp,ncep,2,23.0,87.5,35,3.534477538585391,6.333869428512741,0.3243910498088362
jjas_tp,tp,ncep,2,24.5,72.5,35,-4.644007870871301,7.932602545066071,0.4247294454634025
jjas_tp,tp,ncep,2,24.5,74.0,35,-3.622370407289949,6.4656442017947535,0.4043439920758308
jjas_tp,tp,ncep,2,24.5,75.5,35,-11.090443048275691,16.45361782116304,0.16686432065611911
jjas_tp,tp,ncep,2,24.5,77.0,35,-6.1450643336949895,11.020584896980953,0.3274734116317452
jjas_tp,tp,ncep,2,24.5,78.5,35,-0.7233057957857946,7.588941516803798,0.21935753637795205
jjas_tp,tp,ncep,2,24.5,80.0,35,-1.129633415646787,8.080055006297636,0.14810959404085425
jjas_tp,tp,ncep,2,24.5,81.5,35,-1.5078560279203683,9.600385298943248,0.2863510038023175
jjas_tp,tp,ncep,2,24.5,83.0,35,1.5252395451397796,7.991694442216391,0.2996355545194506
jjas_tp,tp,ncep,2,24.5,84.5,35,4.050000434762812,9.057992860415972,0.24578703375225466
jjas_tp,tp,ncep,2,24.5,86.0,35,5.116192590066399,11.036259231785374,0.11691773735771929
jjas_tp,tp,ncep,2,24.5,87.5,35,7.687481213197673,10.28326473150307,0.26290943822013074
jjas_tp,tp,ncep,2,24.5,93.5,35,7.451412926732548,8.882489150226629,0.16346771436758564
jjas_tp,tp,ncep,2,26.0,71.0,35,-1.7013959831465315,3.97186048429255,-0.04061990810132591
jjas_tp,tp,ncep,2,26.0,72.5,35,-1.7526746878399984,4.788050928202041,-0.22631749087370404
jjas_tp,tp,ncep,2,26.0,74.0,35,-3.235881000515471,8.031353307172887,-0.2736326934682385
jjas_tp,tp,ncep,2,26.0,75.5,35,-4.196045279751799,8.025811406498311,0.18166205746981873
jjas_tp,tp,ncep,2,26.0,77.0,35,-0.46205902829993095,5.771832357351086,-0.02833617262270799
jjas_tp,tp,ncep,2,26.0,78.5,35,1.480917377618515,5.489935530841586,0.15621119229284317
jjas_tp,tp,ncep,2,26.0,80.0,35,2.2635577924708263,7.222819471331348,0.017117555344362045
jjas_tp,tp,ncep,2,26.0,81.5,35,4.00525575498071,8.706735767942872,0.36806428927384177
jjas_tp,tp,ncep,2,26.0,83.0,35,0.47408321959859084,12.832930546339734,0.4448899969371737
jjas_tp,tp,ncep,2,26.0,84.5,35,0.214182978286616,8.180436675684243,0.42657765694108996
jjas_tp,tp,ncep,2,26.0,86.0,35,-1.1330168346586154,12.227784158642985,0.4123174876712274
jjas_tp,tp,ncep,2,26.0,87.5,35,0.844287682365301,12.128393557555185,0.1262356125316605
jjas_tp,tp,ncep,2,26.0,90.5,35,-5.107254221562355,14.512815665129548,0.3273260811625221
jjas_tp,tp,ncep,2,26.0,92.0,35,4.747314107287971,6.977450426428174,0.1955194203425391
jjas_tp,tp,ncep,2,26.0,93.5,35,6.575841472794612,8.48402176763124,-0.28557304763335917
jjas_tp,tp,ncep,2,26.0,95.0,35,10.404340450252805,12.542755355216332,-0.17801222734011263
jjas_tp,tp,ncep,2,27.5,71.0,35,-1.0942457270557209,2.540383914078122,0.09164403464405761
jjas_tp,tp,ncep,2,27.5,72.5,35,-1.4347233897457103,3.132893507196777,0.21504129221337775
jjas_tp,tp,ncep,2,27.5,74.0,35,-1.812538635104965,4.21601714539801,0.10653321237848667
jjas_tp,tp,ncep,2,27.5,75.5,35,-5.243897374506808,11.25050239375453,-0.1313340060945537
jjas_tp,tp,ncep,2,27.5,77.0,35,1.6145210165199213,5.30957100423341,-0.005864387185919857
jjas_tp,tp,ncep,2,27.5,78.5,35,1.7218279635466933,5.463475784702396,0.1715593223085062
jjas_tp,tp,ncep,2,27.5,80.0,35,0.2567239569173709,6.701808582364393,0.0759804696934626
jjas_tp,tp,ncep,2,27.5,81.5,35,-4.207109512688545,13.425607257891706,0.1612468412706519
jjas_tp,tp,ncep,2,27.5,93.5,35,-9.212338118160528,14.648352623466092,0.030526841791247566
jjas_tp,tp,ncep,2,27.5,95.0,35,-2.6933640568458017,8.163945741328085,-0.12184216073860751
jjas_tp,tp,ncep,2,29.0,74.0,35,0.9647108151653406,2.8113281971790527,0.09017083732238
jjas_tp,tp,ncep,2,29.0,75.5,35,1.826834688320112,4.166902423833807,-0.06428999248132486
jjas_tp,tp,ncep,2,29.0,77.0,35,2.0120415420330358,4.860685602873433,0.30955152884435094
jjas_tp,tp,ncep,2,29.0,78.5,35,1.4327856167640893,5.835804000696489,0.06397741947656595
jjas_tp,tp,ncep,2,29.0,80.0,35,-2.597126049455948,7.9142781003475475,0.18490199339571484
jjas_tp,tp,ncep,2,29.0,95.0,35,-4.767019963914914,13.483042237555159,0.038081302565683976
jjas_tp,tp,ncep,2,30.5,74.0,35,0.565980225735707,3.1640257576100606,0.06274288591441676
jjas_tp,tp,ncep,2,30.5,75.5,35,-0.5689089295999904,5.703088732168581,0.06767403158628986
jjas_tp,tp,ncep,2,30.5,77.0,35,-2.212293513863517,11.929926709671474,-0.19975190058523318
jjas_tp,tp,ncep,2,30.5,78.5,35,3.7084814486601982,7.853478572642676,0.0799914527342441
jjas_tp,tp,ncep,2,30.5,80.0,35,-3.436807513354963,9.653991524439821,-0.03545586855780716
jjas_tp,tp,ncep,2,32.0,75.5,35,2.1047199992796073,5.581469781720558,0.025340758536193386
jjas_tp,tp,ncep,2,32.0,77.0,35,3.8371562482793777,8.094170448335953,-0.20503410273205697
jjas_tp,tp,ncep,2,32.0,78.5,35,6.766168805178936,8.49690360316925,-0.029400086380757456
jjas_tp,tp,ncep,2,33.5,74.0,35,1.8534412103973743,4.85765286302011,0.30101191828480395
jjas_tp,tp,ncep,2,33.5,75.5,35,4.49418405879992,6.47836409523112,0.40646098057335533
jjas_tp,tp,ncep,2,33.5,77.0,35,-0.4353851294292817,5.808074680833305,-0.004788464276846468
jjas_tp,tp,ncep,2,33.5,78.5,35,2.8688425737684446,3.539961876176617,0.27643353458952724
jjas_tp,tp,ncep,2,35.0,75.5,35,3.5536932434132766,4.10135806033684,0.4557542507168593
jjas_tp,tp,ncep,2,35.0,77.0,35,1.663079472345906,5.2554329952184355,-0.1447151815508357
jjas_tp,tp,ncep,2,35.0,78.5,35,0.4455561483546811,6.041731990277371,-0.3054922443781199
jjas_tp,tp,ncep,2,35.0,80.0,35,1.6856202764825114,2.7420685236657754,0.10092525252827399
jjas_tp,tp,ncep,2,36.5,74.0,35,-1.8999846873394932,7.364308749417726,-0.19205392967213927
jjas_tp,tp,ncep,2,36.5,75.5,35,1.2677726121930708,3.3998770164286287,-0.037075789454870854
jjas_tp,tp,ncep,3,9.5,77.0,35,-9.701899426468529,20.035792929231885,-0.19132603394954173
jjas_tp,tp,ncep,3,9.5,78.5,35,0.18406535745321193,2.97599932538968,0.27697925908869225
jjas_tp,tp,ncep,3,11.0,77.0,35,3.9045595342145556,7.12179038002502,-0.2883564442229041
jjas_tp,tp,ncep,3,11.0,78.5,35,1.4180844791507026,3.083763940606882,0.1318114329628846
jjas_tp,tp,ncep,3,12.5,75.5,35,-16.243131713332314,32.098364914513,-0.10075926659851113
jjas_tp,tp,ncep,3,12.5,77.0,35,1.3730415917932988,5.70749276050566,0.21674563147850762
jjas_tp,tp,ncep,3,12.5,78.5,35,0.07657635299690321,6.1643359066132115,-0.26830835135125325
jjas_tp,tp,ncep,3,14.0,75.5,35,0.332953794126857,9.288059502185522,-0.2916359035441217
jjas_tp,tp,ncep,3,14.0,77.0,35,0.6728745714835231,7.287798757441758,-0.1180401219419003
jjas_tp,tp,ncep,3,14.0,78.5,35,0.320142181000685,5.9081801594151875,-0.17789330998528236
jjas_tp,tp,ncep,3,14.0,80.0,35,-0.987495873335519,4.140753623395542,0.3221008634039113
jjas_tp,tp,ncep,3,15.5,74.0,35,-28.606253319681578,39.3044171103371,-0.1114766553805415
jjas_tp,tp,ncep,3,15.5,75.5,35,1.7151289164206929,4.2007081615564585,0.05605047042781405
jjas_tp,tp,ncep,3,15.5,77.0,35,0.713534694983964,3.6176236371441606,0.22715536124221364
jjas_tp,tp,ncep,3,15.5,78.5,35,-0.8714426249531763,6.110250500738194,-0.24775530003417318
jjas_tp,tp,ncep,3,15.5,80.0,35,-1.3865856006055968,5.710624150851825,0.2972576226446774
jjas_tp,tp,ncep,3,17.0,74.0,35,-2.6209221453221136,14.003405317867765,0.05448753618093914
jjas_tp,tp,ncep,3,17.0,75.5,35,0.775530776792457,5.538835302306441,-0.31020568765560497
jjas_tp,tp,ncep,3,17.0,77.0,35,0.7627168588953772,3.504185163913467,0.18853148607081147
jjas_tp,tp,ncep,3,17.0,78.5,35,0.9498084364392397,5.66739432451224,-0.11621558211250535
jjas_tp,tp,ncep,3,17.0,80.0,35,0.8268524948509397,5.428539004734234,-0.04827186113541296
jjas_tp,tp,ncep,3,17.0,81.5,35,-0.7613807807667254,5.855070924807793,-0.26751565040146624
jjas_tp,tp,ncep,3,18.5,74.0,35,0.19455379090116637,7.672302768275525,-0.006759739533757501
jjas_tp,tp,ncep,3,18.5,75.5,35,0.3497863109447136,4.95596080307299,0.08317829999752631
jjas_tp,tp,ncep,3,18.5,77.0,35,0.22831442573981794,4.980226381708698,0.08262594603652244
jjas_tp,tp,ncep,3,18.5,78.5,35,-1.681454651381096,6.564366589738237,-0.03394388480659424
jjas_tp,tp,ncep,3,18.5,80.0,35,-3.946769372354971,13.974831427705666,-0.29028989140516565
jjas_tp,tp,ncep,3,18.5,81.5,35,-4.1200362947665985,14.400890403396312,-0.35081750513565807
jjas_tp,tp,ncep,3,18.5,83.0,35,0.31787142821602427,6.4680285120974235,-0.3347744380416758
jjas_tp,tp,ncep,3,20.0,74.0,35,1.4601509920365754,5.8003470607513385,-0.0404088410102332
jjas_tp,tp,ncep,3,20.0,75.5,35,-0.14226521147703283,5.512988449255419,0.08573076535957244
jjas_tp,tp,ncep,3,20.0,77.0,35,-0.7099771101093325,5.118241782623914,0.0897994080868456
jjas_tp,tp,ncep,3,20.0,78.5,35,1.467591458492236,6.432668836692179,0.1270033249754313
jjas_tp,tp,ncep,3,20.0,80.0,35,-7.8885901135195695,14.852345927662297,0.05413778184140709
jjas_tp,tp,ncep,3,20.0,81.5,35,-1.3833747994919707,5.821474064030001,0.1820269317189143
jjas_tp,tp,ncep,3,20.0,83.0,35,-1.2050796907772088,6.773952332957043,0.23800996864307236
jjas_tp,tp,ncep,3,20.0,84.5,35,-1.8309291714652707,6.888347831780928,-0.005037260691142164
jjas_tp,tp,ncep,3,21.5,71.0,35,-1.9400984697605648,6.575989106310342,0.2853135650278142
jjas_tp,tp,ncep,3,21.5,74.0,35,-5.6996956322252075,13.17603038881309,-0.24418894052978962
jjas_tp,tp,ncep,3,21.5,75.5,35,-1.360167464858202,6.086755262994149,-0.0930568661120294
jjas_tp,tp,ncep,3,21.5,77.0,35,-5.4706962450598695,11.51894275248869,-0.28383332736960537
jjas_tp,tp,ncep,3,21.5,78.5,35,-1.9365901549386475,6.6557484761144075,0.28719050548842373
jjas_tp,tp,ncep,3,21.5,80.0,35,-2.0466299446466447,7.022247895064874,0.4983201974908231
jjas_tp,tp,ncep,3,21.5,81.5,35,-2.422511787596274,8.217178637937742,0.21575913964803808
jjas_tp,tp,ncep,3,21.5,83.0,35,-2.827920303193738,7.710290916968177,0.4431890204617234
jjas_tp,tp,ncep,3,21.5,84.5,35,0.25788125976285386,6.0705355232958995,0.5712506141407286
jjas_tp,tp,ncep,3,21.5,86.0,35,-1.031123662606623,6.102173690396469,0.030838956725016586
jjas_tp,tp,ncep,3,23.0,71.0,35,-3.904642022161935,10.843160449551315,0.3361598711484284
jjas_tp,tp,ncep,3,23.0,72.5,35,-3.108253573534418,7.275819582760785,0.2962685889053001
jjas_tp,tp,ncep,3,23.0,74.0,35,-2.8469900273165663,7.501853901173019,0.2987494666020353
jjas_tp,tp,ncep,3,23.0,75.5,35,-7.769423110099761,13.23825027323778,0.2577075870654474
jjas_tp,tp,ncep,3,23.0,77.0,35,-6.493698507426575,12.320372813532817,0.3094561083437235
jjas_tp,tp,ncep,3,23.0,78.5,35,-6.402067160881578,12.452766616346064,0.18560575754506364
jjas_tp,tp,ncep,3,23.0,80.0,35,-4.845265241245609,10.765309356052718,0.0652099115184341
jjas_tp,tp,ncep,3,23.0,81.5,35,-3.9004661778513796,9.051529498782978,-0.06031891368176916
jjas_tp,tp,ncep,3,23.0,83.0,35,-0.6815794225175135,7.212984056808533,0.22358435390981915
jjas_tp,tp,ncep,3,23.0,84.5,35,0.8967247339549923,6.1617704282331704,0.3143546219086368
jjas_tp,tp,ncep,3,23.0,86.0,35,2.7609039896952696,5.900749200760919,0.005549602664444969
jjas_tp,tp,ncep,3,23.0,87.5,35,4.0664525007323675,6.802131333286806,0.08283674988319822
jjas_tp,tp,ncep,3,24.5,72.5,35,-4.87135793456271,8.165255025255563,0.40198884128872614
jjas_tp,tp,ncep,3,24.5,74.0,35,-3.8281449977199373,6.253379531839374,0.4982130185159881
jjas_tp,tp,ncep,3,24.5,75.5,35,-11.410565981618786,16.601391450186796,0.1589538435679736
jjas_tp,tp,ncep,3,24.5,77.0,35,-6.74986134025827,10.72776828429456,0.4517834411542533
jjas_tp,tp,ncep,3,24.5,78.5,35,-1.2551227345963336,6.872808347354195,0.18923892526265668
jjas_tp,tp,ncep,3,24.5,80.0,35,-1.4232403977351615,7.487587120077739,0.024838463114332295
jjas_tp,tp,ncep,3,24.5,81.5,35,-1.9630078744527135,9.758298101012803,0.17324425990516754
jjas_tp,tp,ncep,3,24.5,83.0,35,1.0948898712483544,8.72292640971259,-0.12755153746732023
jjas_tp,tp,ncep,3,24.5,84.5,35,3.902538419606595,9.215607206087789,0.022419909773908057
jjas_tp,tp,ncep,3,24.5,86.0,35,5.173604438216878,10.882596114927319,0.016558849685464613
jjas_tp,tp,ncep,3,24.5,87.5,35,7.418922670101442,9.815832314079257,0.23694350948453807
jjas_tp,tp,ncep,3,24.5,93.5,35,6.752511682361364,7.919767886333467,0.08780118995811673
jjas_tp,tp,ncep,3,26.0,71.0,35,-1.938819123612276,3.8825047676367426,0.009521197438965947
jjas_tp,tp,ncep,3,26.0,72.5,35,-2.1467014929494037,4.836341526246852,-0.3892018114334286
jjas_tp,tp,ncep,3,26.0,74.0,35,-3.6426178236819515,7.865044709265201,-0.3176194139468273
jjas_tp,tp,ncep,3,26.0,75.5,35,-4.541157764614671,7.7557855673462734,0.3193361401030202
jjas_tp,tp,ncep,3,26.0,77.0,35,-0.9274863416977741,4.335655853384045,0.2460363593459372
jjas_tp,tp,ncep,3,26.0,78.5,35,0.6520801648918203,4.752024312676046,0.08945029514866204
jjas_tp,tp,ncep,3,26.0,80.0,35,1.3226973648626303,7.379801704708973,-0.355355314863873
jjas_tp,tp,ncep,3,26.0,81.5,35,2.7405134183091238,10.02503535456451,-0.26712310124808586
jjas_tp,tp,ncep,3,26.0,83.0,35,-0.7729897903238392,15.368375538722443,-0.2374542088005004
jjas_tp,tp,ncep,3,26.0,84.5,35,-0.9081373987059963,9.778238817927239,-0.0971734718183154
jjas_tp,tp,ncep,3,26.0,86.0,35,-2.219529756599398,13.829575213602704,-0.08285491503451804
jjas_tp,tp,ncep,3,26.0,87.5,35,-0.29955218269987194,13.283489568867946,-0.3258481561845083
jjas_tp,tp,ncep,3,26.0,90.5,35,-6.652940362751865,16.624988050270144,-0.19062121155280276
jjas_tp,tp,ncep,3,26.0,92.0,35,3.3819975060230627,5.852144580582862,-0.024446176825420662
jjas_tp,tp,ncep,3,26.0,93.5,35,5.672509635442365,7.130502664957574,-0.124142804537297
jjas_tp,tp,ncep,3,26.0,95.0,35,9.396482598426797,10.975856406264512,0.1047716531960705
jjas_tp,tp,ncep,3,27.5,71.0,35,-1.31632077579411,2.519714286725323,0.121476697600451
jjas_tp,tp,ncep,3,27.5,72.5,35,-1.7737442359753277,3.227586818520817,0.10469457397942053
jjas_tp,tp,ncep,3,27.5,74.0,35,-2.253746614966861,4.563173615166562,-0.18321705373330346
jjas_tp,tp,ncep,3,27.5,75.5,35,-5.789307348429555,11.191352166364123,-0.13472692052470062
jjas_tp,tp,ncep,3,27.5,77.0,35,0.6130457522100997,3.7785308726708786,0.19481375226662934
jjas_tp,tp,ncep,3,27.5,78.5,35,0.2267994918580777,3.8515249426213907,0.3805284452656184
jjas_tp,tp,ncep,3,27.5,80.0,35,-1.3122560919189246,6.902377094317288,-0.1918679214763628
jjas_tp,tp,ncep,3,27.5,81.5,35,-5.404587197210005,14.435212010596672,-0.13223004299491087
jjas_tp,tp,ncep,3,27.5,93.5,35,-9.721549428824432,15.074220526592997,-0.06908787458668156
jjas_tp,tp,ncep,3,27.5,95.0,35,-3.5115444370891,7.695632133354488,-0.10602761591283975
jjas_tp,tp,ncep,3,29.0,74.0,35,0.3965690082823303,1.999676286366467,-0.10882635717478771
jjas_tp,tp,ncep,3,29.0,75.5,35,1.021363378517858,3.0985624206079105,-0.16855750338862777
jjas_tp,tp,ncep,3,29.0,77.0,35,0.836124096400985,4.381743641738642,0.05363734163683411
jjas_tp,tp,ncep,3,29.0,78.5,35,0.08755572057227028,5.049918687287975,-0.1312995498529678
jjas_tp,tp,ncep,3,29.0,80.0,35,-3.81230480638924,7.975966644772604,0.18289116236395478
jjas_tp,tp,ncep,3,29.0,95.0,35,-4.798692998494066,14.090974429688512,-0.3157704886805655
jjas_tp,tp,ncep,3,30.5,74.0,35,0.017005156704256032,2.9552138977341698,-0.09958433463608814
jjas_tp,tp,ncep,3,30.5,75.5,35,-1.331343632354424,5.597961124014196,-0.016494687554710702
jjas_tp,tp,ncep,3,30.5,77.0,35,-3.5087668657254816,11.883624251296037,-0.23520747897060396
jjas_tp,tp,ncep,3,30.5,78.5,35,2.1853718175525527,6.147534141426656,0.059467067996786145
jjas_tp,tp,ncep,3,30.5,80.0,35,-4.58826339024254,9.98750420899106,-0.1758705018024569
jjas_tp,tp,ncep,3,32.0,75.5,35,0.9191443866903205,4.025423805027834,0.3928402020197044
jjas_tp,tp,ncep,3,32.0,77.0,35,2.3690298991597496,5.742472365307543,-0.061876273873351643
jjas_tp,tp,ncep,3,32.0,78.5,35,5.658093447989917,6.905017534905107,-0.1516293179215905
jjas_tp,tp,ncep,3,33.5,74.0,35,0.7562394835884566,3.4260703364562604,0.40225244681324573
jjas_tp,tp,ncep,3,33.5,75.5,35,3.401809558400603,4.525529154778008,0.48881593155160735
jjas_tp,tp,ncep,3,33.5,77.0,35,-1.32673365136845,6.01608949470973,-0.28399033016733183
jjas_tp,tp,ncep,3,33.5,78.5,35,2.4773289746996605,2.914880482041382,0.4715526290013078
jjas_tp,tp,ncep,3,35.0,75.5,35,3.239950064614892,3.8034549619004356,0.3105445778705022
jjas_tp,tp,ncep,3,35.0,77.0,35,1.5911691248490814,4.89680503209282,-0.0341160496239629
jjas_tp,tp,ncep,3,35.0,78.5,35,0.5061550063099566,5.596707026234178,-0.16385377524827577
jjas_tp,tp,ncep,3,35.0,80.0,35,1.736601342638171,2.449827984473703,0.302940603435712
jjas_tp,tp,ncep,3,36.5,74.0,35,-2.056269466935584,7.047411258893676,-0.1528837107902385
jjas_tp,tp,ncep,3,36.5,75.5,35,1.2295419845334623,2.718226954188297,0.029841026887255106
jjas_tp,tp,ncep,4,9.5,77.0,35,-9.074959986195678,19.48777930938333,-0.21210043504388143
jjas_tp,tp,ncep,4,9.5,78.5,35,-0.024054348220058232,3.785962679365065,-0.12346792981334385
jjas_tp,tp,ncep,4,11.0,77.0,35,4.066763792506286,7.460523935601618,-0.3558420279296347
jjas_tp,tp,ncep,4,11.0,78.5,35,1.062729880632925,2.9889157295074043,0.31548665352732047
jjas_tp,tp,ncep,4,12.5,75.5,35,-16.16204318104631,31.99939091866559,-0.12982382566940903
jjas_tp,tp,ncep,4,12.5,77.0,35,1.398957041764839,5.19297900573642,0.45579728414676024
jjas_tp,tp,ncep,4,12.5,78.5,35,-0.02792296670173981,6.3192558293433585,-0.40860486142799635
jjas_tp,tp,ncep,4,14.0,75.5,35,-0.11280810060570856,9.960734960146267,-0.459769545197383
jjas_tp,tp,ncep,4,14.0,77.0,35,0.6751220400799954,6.597095337875046,0.32362489462939387
jjas_tp,tp,ncep,4,14.0,78.5,35,0.21750337819629786,5.75882282664272,-0.06773659868584914
jjas_tp,tp,ncep,4,14.0,80.0,35,-1.689676388223713,5.3274507406900495,-0.056804345630397025
jjas_tp,tp,ncep,4,15.5,74.0,35,-29.47261618640041,40.099094069303504,-0.19474737554574054
jjas_tp,tp,ncep,4,15.5,75.5,35,0.8962072579482099,5.9402093267685565,-0.23908677129586545
jjas_tp,tp,ncep,4,15.5,77.0,35,0.7367670040300471,3.5100385504914384,0.299989618558712
jjas_tp,tp,ncep,4,15.5,78.5,35,-0.8800545159903808,6.014409480964051,-0.2381027630184764
jjas_tp,tp,ncep,4,15.5,80.0,35,-2.2366381761904375,7.25225354222434,-0.0012649175324826196
jjas_tp,tp,ncep,4,17.0,74.0,35,-3.6408769402166072,16.198396835755112,-0.32975708943555887
jjas_tp,tp,ncep,4,17.0,75.5,35,1.073284095533133,4.969606896862357,-0.15506027248896437
jjas_tp,tp,ncep,4,17.0,77.0,35,0.7074438698040987,3.3170203620177947,0.22268609162193548
jjas_tp,tp,ncep,4,17.0,78.5,35,1.0694412807716864,5.742768515574878,-0.25774669068249934
jjas_tp,tp,ncep,4,17.0,80.0,35,0.33967981847753315,5.045385758472385,0.024195421011755765
jjas_tp,tp,ncep,4,17.0,81.5,35,-1.1447255491678203,5.335113994494705,-0.05805435709086005
jjas_tp,tp,ncep,4,18.5,74.0,35,-1.0321507497504445,9.087876974731484,-0.223399213951088
jjas_tp,tp,ncep,4,18.5,75.5,35,-0.06553457828297743,5.988242272095619,-0.0032357678083742647
jjas_tp,tp,ncep,4,18.5,77.0,35,-0.18389309417060937,5.4422761599069105,0.1085851657308531
jjas_tp,tp,ncep,4,18.5,78.5,35,-2.13043458768174,6.900932776949245,-0.13123772797422406
jjas_tp,tp,ncep,4,18.5,80.0,35,-4.7476970812829675,13.98433346377919,-0.3121768746511647
jjas_tp,tp,ncep,4,18.5,81.5,35,-4.308087306677055,14.054325963178812,-0.4349986023978746
jjas_tp,tp,ncep,4,18.5,83.0,35,-1.0700736571635519,6.867186776312824,-0.11860702851621231
jjas_tp,tp,ncep,4,20.0,74.0,35,0.11186235179650648,5.988072715376548,0.009038565516635795
jjas_tp,tp,ncep,4,20.0,75.5,35,-0.7665413193714191,6.444405955129482,-0.02238354806825992
jjas_tp,tp,ncep,4,20.0,77.0,35,-0.9310885376856378,5.155444077953427,-0.04391505622388341
jjas_tp,tp,ncep,4,20.0,78.5,35,1.2630249410090661,6.286140418938399,-0.10446623179063724
jjas_tp,tp,ncep,4,20.0,80.0,35,-8.452184360842166,15.059669751022522,-0.07514615739412847
jjas_tp,tp,ncep,4,20.0,81.5,35,-1.6177726594133428,5.128756265102165,0.23649882641689607
jjas_tp,tp,ncep,4,20.0,83.0,35,-2.2619716277315525,7.064460698293548,0.10261562642679779
jjas_tp,tp,ncep,4,20.0,84.5,35,-3.9048445421511246,8.623823813316312,-0.043660748273513565
jjas_tp,tp,ncep,4,21.5,71.0,35,-2.6336121005845725,7.451560345621328,0.011615571487088477
jjas_tp,tp,ncep,4,21.5,74.0,35,-6.1837294950228285,13.078652725012848,-0.2568094285855488
jjas_tp,tp,ncep,4,21.5,75.5,35,-2.1328115647353214,5.882979418963585,-0.12576960545404345
jjas_tp,tp,ncep,4,21.5,77.0,35,-5.512553028474213,11.379758530059947,-0.4846119439387125
jjas_tp,tp,ncep,4,21.5,78.5,35,-2.00214052098842,7.603539298672261,-0.21138831524548604
jjas_tp,tp,ncep,4,21.5,80.0,35,-2.4020279117421306,8.063286586707665,0.11146343848351689
jjas_tp,tp,ncep,4,21.5,81.5,35,-2.6596510183935025,8.334071695150003,0.16572195975471601
jjas_tp,tp,ncep,4,21.5,83.0,35,-3.6979734283859607,8.632199584078856,0.19101578068453207
jjas_tp,tp,ncep,4,21.5,84.5,35,-1.08136297812896,7.011191291689907,0.3715520431535723
jjas_tp,tp,ncep,4,21.5,86.0,35,-2.347663728274416,6.524562365754323,-0.01925687568883754
jjas_tp,tp,ncep,4,23.0,71.0,35,-4.212038921202591,11.453102899553729,0.1515097616145018
jjas_tp,tp,ncep,4,23.0,72.5,35,-3.4552910171108953,8.08893040782071,0.05982779716243396
jjas_tp,tp,ncep,4,23.0,74.0,35,-3.3689376992059006,7.849613729316088,0.22696375480722722
jjas_tp,tp,ncep,4,23.0,75.5,35,-8.252861596244637,13.856222593627791,0.1397347021388134
jjas_tp,tp,ncep,4,23.0,77.0,35,-7.155717146977639,13.311766918865999,-0.04367928389516676
jjas_tp,tp,ncep,4,23.0,78.5,35,-6.8568779958399455,13.359900191747654,-0.23085320605666107
jjas_tp,tp,ncep,4,23.0,80.0,35,-5.205473487484499,11.507419577922752,-0.2716614912843522
jjas_tp,tp,ncep,4,23.0,81.5,35,-4.210297003498353,8.980183298724045,-0.07225600871533339
jjas_tp,tp,ncep,4,23.0,83.0,35,-1.115200179073541,6.460591791783349,0.4063932672204809
jjas_tp,tp,ncep,4,23.0,84.5,35,-0.9297269309896901,6.830147331534648,0.06950892691631212
jjas_tp,tp,ncep,4,23.0,86.0,35,0.758564334991434,5.820717878749629,0.02092779536703902
jjas_tp,tp,ncep,4,23.0,87.5,35,2.2742693906527527,6.079577680537296,0.030289376815868456
jjas_tp,tp,ncep,4,24.5,72.5,35,-5.070089981777612,8.864779703351282,0.21296756738629558
jjas_tp,tp,ncep,4,24.5,74.0,35,-4.466824183994363,7.077738804558207,0.29403159027941117
jjas_tp,tp,ncep,4,24.5,75.5,35,-12.476775734864662,17.82782421284465,-0.09417503465864399
jjas_tp,tp,ncep,4,24.5,77.0,35,-7.902427526386738,11.967596545653741,0.2169546039813479
jjas_tp,tp,ncep,4,24.5,78.5,35,-2.4875379748348743,6.911462327218704,0.16339078169053453
jjas_tp,tp,ncep,4,24.5,80.0,35,-2.6438989639663224,7.283717769084665,0.1401642661929503
jjas_tp,tp,ncep,4,24.5,81.5,35,-3.2142237018934456,10.192307702358072,0.03470825451485595
jjas_tp,tp,ncep,4,24.5,83.0,35,-0.12771281257205813,8.404841753094216,-0.1703451384071209
jjas_tp,tp,ncep,4,24.5,84.5,35,2.4554360456043107,8.948189775278486,-0.21729751216828352
jjas_tp,tp,ncep,4,24.5,86.0,35,3.3481417044742203,10.680498331711986,-0.2188650093067132
jjas_tp,tp,ncep,4,24.5,87.5,35,4.783089841311745,9.36186951812861,-0.1252684707035097
jjas_tp,tp,ncep,4,24.5,93.5,35,5.035003218554433,6.25961216977152,0.2562151095369147
jjas_tp,tp,ncep,4,26.0,71.0,35,-1.8894088253486578,3.8851473814147877,0.034261347318465016
jjas_tp,tp,ncep,4,26.0,72.5,35,-2.380006127174231,4.940769153678662,-0.2829583729330344
jjas_tp,tp,ncep,4,26.0,74.0,35,-4.421879428988242,8.538781203719962,-0.5245309991669254
jjas_tp,tp,ncep,4,26.0,75.5,35,-5.474777641211447,8.872894864445197,0.013837958257047232
jjas_tp,tp,ncep,4,26.0,77.0,35,-1.9066544047076548,4.124460383227575,0.27281487840909774
jjas_tp,tp,ncep,4,26.0,78.5,35,-0.7257780023799393,4.145523694366511,0.19175265042073478
jjas_tp,tp,ncep,4,26.0,80.0,35,0.09543753500301612,5.831334913006628,-0.08935905427911518
jjas_tp,tp,ncep,4,26.0,81.5,35,1.4378904154392547,9.094890748390284,-0.23146322943756478
jjas_tp,tp,ncep,4,26.0,83.0,35,-1.7903805612611383,15.215542639005786,-0.2832883574329089
jjas_tp,tp,ncep,4,26.0,84.5,35,-1.8111022103460048,9.89781185708485,-0.14326872694729986
jjas_tp,tp,ncep,4,26.0,86.0,35,-3.335632885039433,14.639737471386638,-0.3098970962525977
jjas_tp,tp,ncep,4,26.0,87.5,35,-1.4734419557421998,13.997599841125542,-0.51213864207503
jjas_tp,tp,ncep,4,26.0,90.5,35,-8.023394273050018,17.541774355067883,-0.37569956537055144
jjas_tp,tp,ncep,4,26.0,92.0,35,1.6466214790320322,5.051492923210273,-0.16309695051410847
jjas_tp,tp,ncep,4,26.0,93.5,35,3.840639717361265,5.921136574861557,-0.2106071843473284
jjas_tp,tp,ncep,4,26.0,95.0,35,6.8334599608747615,9.205202864720615,-0.05677700514409877
jjas_tp,tp,ncep,4,27.5,71.0,35,-1.1358399881369319,2.3911775561230235,0.10976623517253903
jjas_tp,tp,ncep,4,27.5,72.5,35,-1.7543000997466722,3.3518380718631335,-0.0008997573506570411
jjas_tp,tp,ncep,4,27.5,74.0,35,-2.7545719935856017,4.986018236720237,-0.42149404381333416
jjas_tp,tp,ncep,4,27.5,75.5,35,-6.142493978740086,11.748290082725317,-0.42189337361815643
jjas_tp,tp,ncep,4,27.5,77.0,35,-0.7369092446254863,3.435920919083887,0.10490928328762703
jjas_tp,tp,ncep,4,27.5,78.5,35,-1.1778830348317502,4.380750953993359,-0.017326872465633903
jjas_tp,tp,ncep,4,27.5,80.0,35,-2.154064751959632,6.503085962776586,-0.12560044462908926
jjas_tp,tp,ncep,4,27.5,81.5,35,-5.263537817663988,13.788053381479894,0.0410259233249975
jjas_tp,tp,ncep,4,27.5,93.5,35,-10.027096786670008,15.33630740300318,-0.13369677682858927
jjas_tp,tp,ncep,4,27.5,95.0,35,-4.113606847380623,8.138408405512308,-0.327544800553205
jjas_tp,tp,ncep,4,29.0,74.0,35,-0.025129504538268965,1.624060595428022,-0.005593973849357012
jjas_tp,tp,ncep,4,29.0,75.5,35,0.2836966687119848,1.9300349765014762,0.12322088266662647
jjas_tp,tp,ncep,4,29.0,77.0,35,-0.16599642320150426,3.511193069373085,0.33217803954982406
jjas_tp,tp,ncep,4,29.0,78.5,35,-0.6062389761529381,4.536920917541263,0.01108716802770213
jjas_tp,tp,ncep,4,29.0,80.0,35,-3.9321435433535945,8.08157275790744,0.13399002879704217
jjas_tp,tp,ncep,4,29.0,95.0,35,-4.727500767735322,13.882593670051971,-0.26091125502573154
jjas_tp,tp,ncep,4,30.5,74.0,35,-0.3563926602361694,2.9013425307039,-0.005494003178798341
jjas_tp,tp,ncep,4,30.5,75.5,35,-1.7542366970311878,5.621151544889053,0.021370350284173195
jjas_tp,tp,ncep,4,30.5,77.0,35,-4.1440046932008,11.879393426798979,-0.194905620684566
jjas_tp,tp,ncep,4,30.5,78.5,35,1.6743125736745015,5.532554297980686,0.1209141593232732
jjas_tp,tp,ncep,4,30.5,80.0,35,-4.425040059427025,9.798944233281718,-0.17095269173835353
jjas_tp,tp,ncep,4,32.0,75.5,35,0.17548678320876196,3.898553370519143,0.39989823250394824
jjas_tp,tp,ncep,4,32.0,77.0,35,1.4332751875047554,5.060770026109739,-0.12452030594452292
jjas_tp,tp,ncep,4,32.0,78.5,35,4.913815015654582,5.9156466838255835,-0.1338712424977328
jjas_tp,tp,ncep,4,33.5,74.0,35,-0.1718406439943819,3.315228211627571,0.33147344863499884
jjas_tp,tp,ncep,4,33.5,75.5,35,2.4543988524316114,3.3280899775268242,0.5659649071658024
jjas_tp,tp,ncep,4,33.5,77.0,35,-2.0574597073737384,5.989464239157468,-0.4210386409504896
jjas_tp,tp,ncep,4,33.5,78.5,35,2.0096247560355724,2.339946049834263,0.596725965031899
jjas_tp,tp,ncep,4,35.0,75.5,35,2.7175371776672637,3.0863334967845937,0.5274644050542527
jjas_tp,tp,ncep,4,35.0,77.0,35,1.0860360916567198,4.636568256491677,-0.0560309045655694
jjas_tp,tp,ncep,4,35.0,78.5,35,0.04265371667154669,5.488355696230046,-0.1700171441627994
jjas_tp,tp,ncep,4,35.0,80.0,35,1.3176011526214315,2.040106959576346,0.4403428346851996
jjas_tp,tp,ncep,4,36.5,74.0,35,-2.1256320574635783,7.116876067983515,-0.17853547565136174
jjas_tp,tp,ncep,4,36.5,75.5,35,0.9117226291770858,2.468928894601293,0.05156330180111853
jjas_tp,tp,ncep,5,9.5,77.0,35,-7.746271568161274,18.091537185824883,0.02020923028936651
jjas_tp,tp,ncep,5,9.5,78.5,35,0.3326512466849881,3.441984616372226,0.406239475893043
jjas_tp,tp,ncep,5,11.0,77.0,35,4.329555495609603,6.956512414995086,0.04802011702890629
jjas_tp,tp,ncep,5,11.0,78.5,35,1.1344186530754319,3.306280954740113,0.32418677530700013
jjas_tp,tp,ncep,5,12.5,75.5,35,-14.910569714296551,29.859582701784998,-0.013738277400607585
jjas_tp,tp,ncep,5,12.5,77.0,35,1.603877844827043,4.882667231750332,0.5581347773804298
jjas_tp,tp,ncep,5,12.5,78.5,35,0.07380447591237319,6.119012604546195,-0.37138807908816296
jjas_tp,tp,ncep,5,14.0,75.5,35,0.20252001492605937,8.879733044125503,-0.07897937785448206
jjas_tp,tp,ncep,5,14.0,77.0,35,0.7365905009054889,7.098175607602259,0.03309895491713722
jjas_tp,tp,ncep,5,14.0,78.5,35,0.4793034953039347,5.467639226757875,0.07104716012656828
jjas_tp,tp,ncep,5,14.0,80.0,35,-1.4218524060160338,5.099565650830882,0.023162456540462253
jjas_tp,tp,ncep,5,15.5,74.0,35,-26.205095441319468,37.698131119592134,-0.18073762037980523
jjas_tp,tp,ncep,5,15.5,75.5,35,1.6297417286502118,6.026892825545564,-0.11929026749494455
jjas_tp,tp,ncep,5,15.5,77.0,35,0.9515719852273054,4.078179438005787,0.01804316571025094
jjas_tp,tp,ncep,5,15.5,78.5,35,-0.793087859830259,5.433497527707518,0.049127907505516745
jjas_tp,tp,ncep,5,15.5,80.0,35,-2.395973674749858,7.401147012998505,-0.05073177927787561
jjas_tp,tp,ncep,5,17.0,74.0,35,-2.5099325906987016,14.70021405328888,-0.08861796788933944
jjas_tp,tp,ncep,5,17.0,75.5,35,1.4176477801978646,5.693004046195841,-0.3438375912051537
jjas_tp,tp,ncep,5,17.0,77.0,35,1.083357904082772,3.637105197612645,0.14788463308159341
jjas_tp,tp,ncep,5,17.0,78.5,35,1.1952536566005114,6.104153080420562,-0.4719225153525677
jjas_tp,tp,ncep,5,17.0,80.0,35,0.31188423514277464,4.684545273174085,0.07147114897795802
jjas_tp,tp,ncep,5,17.0,81.5,35,-0.8098615435940687,5.202322260285001,-0.10908868941224624
jjas_tp,tp,ncep,5,18.5,74.0,35,-0.2435425669849151,9.197640380787453,-0.31504301834121096
jjas_tp,tp,ncep,5,18.5,75.5,35,0.28579570111573654,6.684529719361057,-0.32378443176309285
jjas_tp,tp,ncep,5,18.5,77.0,35,-0.19001985449497547,6.029150405016396,-0.1941635208884877
jjas_tp,tp,ncep,5,18.5,78.5,35,-2.018249426172172,7.190797715584796,-0.30059429321373227
jjas_tp,tp,ncep,5,18.5,80.0,35,-4.585632464652631,13.31953584420431,-0.1846531417740534
jjas_tp,tp,ncep,5,18.5,81.5,35,-4.474095472719221,13.32255930132939,-0.22507446989346055
jjas_tp,tp,ncep,5,18.5,83.0,35,-0.8336483432486328,6.33408567114488,-0.060719068059503854
jjas_tp,tp,ncep,5,20.0,74.0,35,-0.3986614636426535,6.944550787298431,-0.08686396698527354
jjas_tp,tp,ncep,5,20.0,75.5,35,-0.6234650348175617,6.8683068158059335,-0.20936882181460606
jjas_tp,tp,ncep,5,20.0,77.0,35,-0.6684205950274495,5.247076630488184,-0.09707738591377355
jjas_tp,tp,ncep,5,20.0,78.5,35,1.6851231743566881,6.4032292371473565,-0.11021644454167555
jjas_tp,tp,ncep,5,20.0,80.0,35,-7.726316478073621,14.319317850219045,0.017642043261819094
jjas_tp,tp,ncep,5,20.0,81.5,35,-1.433366565859372,5.4411982417447975,-0.023385419536227085
jjas_tp,tp,ncep,5,20.0,83.0,35,-2.127527284521484,6.929232587551177,0.11383824190597568
jjas_tp,tp,ncep,5,20.0,84.5,35,-3.8309528779253244,8.520018572660716,-0.0467243928890182
jjas_tp,tp,ncep,5,21.5,71.0,35,-2.098058403580708,7.249163889605225,-0.16206845167306083
jjas_tp,tp,ncep,5,21.5,74.0,35,-6.286317140486582,13.298942372268181,-0.5075090489065881
jjas_tp,tp,ncep,5,21.5,75.5,35,-2.3683741243687866,5.93207039124118,-0.16527204782061525
jjas_tp,tp,ncep,5,21.5,77.0,35,-5.2233316963292795,10.894937133832558,-0.3335588028241441
jjas_tp,tp,ncep,5,21.5,78.5,35,-1.7900703750454128,6.588084258354475,0.14954255519548548
jjas_tp,tp,ncep,5,21.5,80.0,35,-1.84739303325467,6.914656896597984,0.3005385399762928
jjas_tp,tp,ncep,5,21.5,81.5,35,-2.6823521299280464,8.143850781750576,0.24467613112968398
jjas_tp,tp,ncep,5,21.5,83.0,35,-3.4646338015757223,8.661412806167256,0.06005134373049445
jjas_tp,tp,ncep,5,21.5,84.5,35,-0.9599224756416506,6.965874461226135,0.36894569449528025
jjas_tp,tp,ncep,5,21.5,86.0,35,-1.8713355067204467,6.889205169761822,-0.3130285128502942
jjas_tp,tp,ncep,5,23.0,71.0,35,-4.534512929706911,11.630850012167516,0.05256281917072838
jjas_tp,tp,ncep,5,23.0,72.5,35,-3.920812165605904,8.372916185200808,-0.09880156995245457
jjas_tp,tp,ncep,5,23.0,74.0,35,-3.4555154755785527,8.548420396437091,-0.056296721299474446
jjas_tp,tp,ncep,5,23.0,75.5,35,-7.7088994105376285,13.8482191309769,-0.050067208822180596
jjas_tp,tp,ncep,5,23.0,77.0,35,-7.2237933482267325,13.4301735198992,-0.0866884039397798
jjas_tp,tp,ncep,5,23.0,78.5,35,-7.024040104152491,13.336493902063978,-0.17083869033671958
jjas_tp,tp,ncep,5,23.0,80.0,35,-5.088963503597408,11.408707254423875,-0.25999982837669305
jjas_tp,tp,ncep,5,23.0,81.5,35,-4.294649914725798,9.414046831364493,-0.3355514736241945
jjas_tp,tp,ncep,5,23.0,83.0,35,-1.2557159109896523,7.02305085755381,0.12924132055666407
jjas_tp,tp,ncep,5,23.0,84.5,35,-1.0128013855118263,7.048787035955718,-0.21374302586622201
jjas_tp,tp,ncep,5,23.0,86.0,35,0.6621661410334848,6.2662072453306115,-0.21355185351014896
jjas_tp,tp,ncep,5,23.0,87.5,35,2.027091460535554,6.552265509368422,-0.2161278837838328
jjas_tp,tp,ncep,5,24.5,72.5,35,-5.052317121769909,8.916120430142113,0.18545521629930484
jjas_tp,tp,ncep,5,24.5,74.0,35,-4.310307860900626,7.601882984725771,-0.037069686749137784
jjas_tp,tp,ncep,5,24.5,75.5,35,-12.111287315916469,18.14533254961105,-0.31478943097261197
jjas_tp,tp,ncep,5,24.5,77.0,35,-7.8704497657731345,12.400083645945381,0.013111084026503904
jjas_tp,tp,ncep,5,24.5,78.5,35,-2.8593782467616387,7.423855390189723,-0.1024137652016467
jjas_tp,tp,ncep,5,24.5,80.0,35,-3.1267274257294235,7.436794491616899,0.15431908044966863
jjas_tp,tp,ncep,5,24.5,81.5,35,-3.807716270520267,10.983448791578384,-0.3479037800346162
jjas_tp,tp,ncep,5,24.5,83.0,35,-0.467317537346685,8.815074712210407,-0.5013079433848228
jjas_tp,tp,ncep,5,24.5,84.5,35,2.2931838168363208,9.374270569148505,-0.5311520612543493
jjas_tp,tp,ncep,5,24.5,86.0,35,3.1181498620463164,11.024642264222656,-0.47853571555017693
jjas_tp,tp,ncep,5,24.5,87.5,35,3.7367531523331152,9.70667065574313,-0.285194786314531
jjas_tp,tp,ncep,5,24.5,93.5,35,4.258612983938887,5.80418017437972,0.20434342676974507
jjas_tp,tp,ncep,5,26.0,71.0,35,-1.8807714245434348,3.815652412777124,0.07157658935238131
jjas_tp,tp,ncep,5,26.0,72.5,35,-2.402929997972134,4.779374148907018,-0.1894674507883632
jjas_tp,tp,ncep,5,26.0,74.0,35,-4.449153487462362,8.391574506956333,-0.4586747711636262
jjas_tp,tp,ncep,5,26.0,75.5,35,-5.430933802236524,9.253295571476759,-0.15842457378600733
jjas_tp,tp,ncep,5,26.0,77.0,35,-2.092685538428952,4.404973659018488,0.14923075930712332
jjas_tp,tp,ncep,5,26.0,78.5,35,-1.1740012504563135,3.7326979612247384,0.3952662743725572
jjas_tp,tp,ncep,5,26.0,80.0,35,-0.4619154112295047,4.840014196316448,0.2284948100914415
jjas_tp,tp,ncep,5,26.0,81.5,35,0.926562412153977,8.969078430186196,-0.3613283202996511
jjas_tp,tp,ncep,5,26.0,83.0,35,-1.9636010075298893,15.32273242535015,-0.4436351035221672
jjas_tp,tp,ncep,5,26.0,84.5,35,-1.9102483799381804,10.012131290537534,-0.5205360648093441
jjas_tp,tp,ncep,5,26.0,86.0,35,-3.587882830758084,14.473048700802357,-0.4696108624081574
jjas_tp,tp,ncep,5,26.0,87.5,35,-2.1295991358970205,13.514238566942113,-0.5440779008426687
jjas_tp,tp,ncep,5,26.0,90.5,35,-6.81063207955006,15.673031882950585,-0.2741018788847356
jjas_tp,tp,ncep,5,26.0,92.0,35,1.0912133702028255,4.950820483592134,-0.1857833566270805
jjas_tp,tp,ncep,5,26.0,93.5,35,3.086955345511102,6.032585927102623,-0.38616676726459875
jjas_tp,tp,ncep,5,26.0,95.0,35,5.738754390810971,9.287243748895433,-0.31075281556446854
jjas_tp,tp,ncep,5,27.5,71.0,35,-1.1981287498119944,2.362894421419986,0.17255060613053388
jjas_tp,tp,ncep,5,27.5,72.5,35,-1.9326589164258874,3.334383536777577,0.0608532010915259
jjas_tp,tp,ncep,5,27.5,74.0,35,-3.0370147374819347,5.020505262031037,-0.5143480783316432
jjas_tp,tp,ncep,5,27.5,75.5,35,-6.368866465370292,11.847383593259472,-0.47533741470918256
jjas_tp,tp,ncep,5,27.5,77.0,35,-1.12907114707579,3.381443403302816,0.12219107836574651
jjas_tp,tp,ncep,5,27.5,78.5,35,-1.6830919412011007,4.57906777143123,-0.22990152927619179
jjas_tp,tp,ncep,5,27.5,80.0,35,-2.518741546823429,6.706044763853043,-0.286848565751543
jjas_tp,tp,ncep,5,27.5,81.5,35,-5.437561942645313,14.339110215931958,-0.3011283672017411
jjas_tp,tp,ncep,5,27.5,93.5,35,-9.026569249437491,14.692878406879224,-0.14084482253044045
jjas_tp,tp,ncep,5,27.5,95.0,35,-4.027303325003133,8.002902465634596,-0.1977130576916303
jjas_tp,tp,ncep,5,29.0,74.0,35,-0.33633779528937824,1.275880325255569,0.14899386808645207
jjas_tp,tp,ncep,5,29.0,75.5,35,-0.1027910745673435,1.5709232306000291,0.2860863537594463
jjas_tp,tp,ncep,5,29.0,77.0,35,-0.5761120310118101,3.366276769285955,0.40513985324112434
jjas_tp,tp,ncep,5,29.0,78.5,35,-0.8869855981536887,4.867191885438586,-0.08171924676517528
jjas_tp,tp,ncep,5,29.0,80.0,35,-4.04011955482234,8.834149500708978,-0.1703713678757424
jjas_tp,tp,ncep,5,29.0,95.0,35,-4.49593060058172,14.082088537128554,-0.3869628513121865
jjas_tp,tp,ncep,5,30.5,74.0,35,-0.5945388170099849,2.877037703093846,0.010552027374753702
jjas_tp,tp,ncep,5,30.5,75.5,35,-1.9322899980028865,5.691127584572009,0.004080976076695807
jjas_tp,tp,ncep,5,30.5,77.0,35,-4.420818277433154,12.281751051620946,-0.24036947845950016
jjas_tp,tp,ncep,5,30.5,78.5,35,1.5498823634641636,5.701031674256324,0.05166788245636782
jjas_tp,tp,ncep,5,30.5,80.0,35,-4.639471410311775,10.729272141842111,-0.5233734954942737
jjas_tp,tp,ncep,5,32.0,75.5,35,-0.1143581816319823,3.809465393542,0.43340989281194975
jjas_tp,tp,ncep,5,32.0,77.0,35,1.1720388890417768,4.924824049132499,-0.08827642746070896
jjas_tp,tp,ncep,5,32.0,78.5,35,4.650109897183516,5.755010541605187,-0.17705482848515805
jjas_tp,tp,ncep,5,33.5,74.0,35,-0.5405812198849257,3.482791807393804,0.1700833382412506
jjas_tp,tp,ncep,5,33.5,75.5,35,2.1560199547843717,3.1695034947415737,0.4949947497465492
jjas_tp,tp,ncep,5,33.5,77.0,35,-2.1601574858829804,5.950427631779309,-0.4665345727853847
jjas_tp,tp,ncep,5,33.5,78.5,35,1.9337333458418482,2.2008048942189347,0.6937584199465945
jjas_tp,tp,ncep,5,35.0,75.5,35,2.5006599982785582,2.978742807497252,0.38870288880408116
jjas_tp,tp,ncep,5,35.0,77.0,35,0.8324097111962998,4.690929476884735,-0.22537080710734883
jjas_tp,tp,ncep,5,35.0,78.5,35,-0.2251277402127884,5.567998384449076,-0.35060193070496615
jjas_tp,tp,ncep,5,35.0,80.0,35,1.0941977833812992,1.9676298171855677,0.34048613990190446
jjas_tp,tp,ncep,5,36.5,74.0,35,-2.248528344544216,7.0905524026407365,-0.11623275451414242
jjas_tp,tp,ncep,5,36.5,75.5,35,0.6235531179592408,2.3082803531497498,0.11154027222949561
jjas_tp,tp,ncep,6,9.5,77.0,35,-7.2051516896675505,19.145867963582372,-0.20115156336589848
jjas_tp,tp,ncep,6,9.5,78.5,35,0.19889820756229948,4.329603409753415,0.16486412193738223
jjas_tp,tp,ncep,6,11.0,77.0,35,3.9299498929509094,6.950442015296019,0.0743174535856994
jjas_tp,tp,ncep,6,11.0,78.5,35,0.804105253869091,3.266446955655689,0.31562524941143755
jjas_tp,tp,ncep,6,12.5,75.5,35,-12.67791947336934,28.94430345834209,-0.03730879494468497
jjas_tp,tp,ncep,6,12.5,77.0,35,1.2135852843286499,4.3425024479169405,0.6675200910833439
jjas_tp,tp,ncep,6,12.5,78.5,35,-0.36644287021915684,6.235008701290526,-0.43818407005551874
jjas_tp,tp,ncep,6,14.0,75.5,35,0.22103204512788496,9.522141165041072,-0.20212894576535229
jjas_tp,tp,ncep,6,14.0,77.0,35,0.38411881462689373,7.00794080332293,0.06894224108990213
jjas_tp,tp,ncep,6,14.0,78.5,35,0.25656460674492537,5.7320012380208665,-0.10151856205396012
jjas_tp,tp,ncep,6,14.0,80.0,35,-0.8621576036195391,5.938629206137762,0.1979845358765518
jjas_tp,tp,ncep,6,15.5,74.0,35,-22.511151615036713,36.00314562653176,-0.3298788942765768
jjas_tp,tp,ncep,6,15.5,75.5,35,1.6220509542592079,6.534185967505097,-0.3450815499815523
jjas_tp,tp,ncep,6,15.5,77.0,35,0.8911004852062524,4.103281705883636,-0.12420062514012185
jjas_tp,tp,ncep,6,15.5,78.5,35,-0.8225558661071719,5.692986203394648,-0.17535390423458175
jjas_tp,tp,ncep,6,15.5,80.0,35,-1.8936815506159739,7.629278012476788,-0.206901675281865
jjas_tp,tp,ncep,6,17.0,74.0,35,-0.583539565916484,15.858603238597986,-0.31937404634395244
jjas_tp,tp,ncep,6,17.0,75.5,35,1.5901604490983388,5.9354787712701835,-0.44810607342510006
jjas_tp,tp,ncep,6,17.0,77.0,35,1.110794541007284,3.8030872366985866,-0.13877428085798213
jjas_tp,tp,ncep,6,17.0,78.5,35,1.2926546138083328,5.814737050630949,-0.43155968477382795
jjas_tp,tp,ncep,6,17.0,80.0,35,0.5222278826476892,4.874092083593624,-0.20010368513929555
jjas_tp,tp,ncep,6,17.0,81.5,35,-0.08682496209160676,5.109562882520733,-0.10628665379781346
jjas_tp,tp,ncep,6,18.5,74.0,35,1.146165291220085,10.806309063193721,-0.6158839831329859
jjas_tp,tp,ncep,6,18.5,75.5,35,0.6446596699216081,6.634367564659578,-0.3079911476674019
jjas_tp,tp,ncep,6,18.5,77.0,35,-0.195948946421002,5.704248793090892,-0.13732689395265063
jjas_tp,tp,ncep,6,18.5,78.5,35,-1.8371715102543589,7.109344362043587,-0.4053424037649372
jjas_tp,tp,ncep,6,18.5,80.0,35,-4.100943656767562,13.884128689391638,-0.4286057722437034
jjas_tp,tp,ncep,6,18.5,81.5,35,-3.696690420296536,13.640528678131249,-0.4103160626616211
jjas_tp,tp,ncep,6,18.5,83.0,35,-0.5376633326317894,6.157646677066595,-0.0654657902857749
jjas_tp,tp,ncep,6,20.0,74.0,35,0.8573140737531527,8.390513918588926,-0.49147424510645815
jjas_tp,tp,ncep,6,20.0,75.5,35,0.034711940655531785,7.032103076962858,-0.2328284093845859
jjas_tp,tp,ncep,6,20.0,77.0,35,-0.16336042219819139,5.802088766582092,-0.3791827527171837
jjas_tp,tp,ncep,6,20.0,78.5,35,1.890064450870489,6.869731619645416,-0.3469767433604233
jjas_tp,tp,ncep,6,20.0,80.0,35,-6.887440907232113,14.276326808024233,-0.09917709526763961
jjas_tp,tp,ncep,6,20.0,81.5,35,-0.708608664931271,4.880369006286352,0.04122103718550816
jjas_tp,tp,ncep,6,20.0,83.0,35,-1.4120980771871303,6.6534138664340166,0.10220464853136207
jjas_tp,tp,ncep,6,20.0,84.5,35,-3.415824490644026,8.422926742299657,-0.18375608689893635
jjas_tp,tp,ncep,6,21.5,71.0,35,-1.833590777124627,6.196788889100101,0.15697697601238297
jjas_tp,tp,ncep,6,21.5,74.0,35,-4.871463758513688,11.81084791693121,-0.2057876727282
jjas_tp,tp,ncep,6,21.5,75.5,35,-1.5396006375410451,5.114857858234148,0.10349945832895191
jjas_tp,tp,ncep,6,21.5,77.0,35,-4.130866855410378,10.634159358149466,-0.4431530443580537
jjas_tp,tp,ncep,6,21.5,78.5,35,-1.4736086636099146,6.675556502173373,-0.08717966818818204
jjas_tp,tp,ncep,6,21.5,80.0,35,-1.003482559570677,6.515045575896517,0.19838018104902597
jjas_tp,tp,ncep,6,21.5,81.5,35,-2.1443934644616247,7.981276042843519,0.2159880326435442
jjas_tp,tp,ncep,6,21.5,83.0,35,-2.2552732000265294,7.866396077031918,0.0026006756047467416
jjas_tp,tp,ncep,6,21.5,84.5,35,-0.23091296946514908,6.878874298671337,0.3306784852158021
jjas_tp,tp,ncep,6,21.5,86.0,35,-0.9680397835470659,6.583602332767403,-0.3480896027830709
jjas_tp,tp,ncep,6,23.0,71.0,35,-4.646728411380238,10.846280322606866,0.33719739940174065
jjas_tp,tp,ncep,6,23.0,72.5,35,-3.8536342254314038,7.8295084442999325,0.014992927872741948
jjas_tp,tp,ncep,6,23.0,74.0,35,-2.4609831589877778,7.071943310309552,0.2861063947665231
jjas_tp,tp,ncep,6,23.0,75.5,35,-6.189261560466061,12.011435469239146,0.2590136121649377
jjas_tp,tp,ncep,6,23.0,77.0,35,-5.764320538317016,12.602390047620204,-0.09657564160416705
jjas_tp,tp,ncep,6,23.0,78.5,35,-5.561258212607355,12.510102722934327,-0.21118981859720445
jjas_tp,tp,ncep,6,23.0,80.0,35,-4.0063612188883555,10.413954175995427,-0.08839269501973551
jjas_tp,tp,ncep,6,23.0,81.5,35,-2.9257421544038493,8.307802535338332,-0.19568847170861084
jjas_tp,tp,ncep,6,23.0,83.0,35,0.24070791871004169,5.376450595040217,0.24514480230377478
jjas_tp,tp,ncep,6,23.0,84.5,35,-0.5488757805477052,7.361931010949397,-0.4826564292510921
jjas_tp,tp,ncep,6,23.0,86.0,35,0.910287079598983,6.411735886082432,-0.35339366322782834
jjas_tp,tp,ncep,6,23.0,87.5,35,1.7983647406124765,6.438148384877726,-0.26823610800261805
jjas_tp,tp,ncep,6,24.5,72.5,35,-4.9127646212114895,8.507847000296533,0.2676147637630449
jjas_tp,tp,ncep,6,24.5,74.0,35,-3.749772063759311,6.5703543726628,0.2958094573709751
jjas_tp,tp,ncep,6,24.5,75.5,35,-10.977368892206309,16.97374055207355,-0.14719403496283626
jjas_tp,tp,ncep,6,24.5,77.0,35,-7.184216666649029,11.797769777630993,0.10997426459894898
jjas_tp,tp,ncep,6,24.5,78.5,35,-2.0744979839813724,6.307824481811439,0.28473566702641445
jjas_tp,tp,ncep,6,24.5,80.0,35,-1.848814991764099,6.095441240231152,0.32650401516624894
jjas_tp,tp,ncep,6,24.5,81.5,35,-2.4786609368569947,9.09589686596843,0.06520370966465887
jjas_tp,tp,ncep,6,24.5,83.0,35,0.5421700745297532,7.110003741443145,-0.12844116450016152
jjas_tp,tp,ncep,6,24.5,84.5,35,2.4575277088473633,8.903551771800903,-0.35657478995027514
jjas_tp,tp,ncep,6,24.5,86.0,35,3.0645965541740052,10.354958702789169,-0.35542565686903527
jjas_tp,tp,ncep,6,24.5,87.5,35,3.096973991963982,8.99059084991642,-0.1810890762793456
jjas_tp,tp,ncep,6,24.5,93.5,35,3.607134132194665,5.24152381195624,0.2215479735076097
jjas_tp,tp,ncep,6,26.0,71.0,35,-1.7830629539889107,3.712044241318017,0.12572391898989146
jjas_tp,tp,ncep,6,26.0,72.5,35,-2.2729747701588447,4.675506774527194,-0.1562736317279726
jjas_tp,tp,ncep,6,26.0,74.0,35,-3.64949416794134,7.531935505606976,-0.30322233106189783
jjas_tp,tp,ncep,6,26.0,75.5,35,-5.119246936667029,8.903564762849173,-0.07979375318182373
jjas_tp,tp,ncep,6,26.0,77.0,35,-1.5157393067020546,3.4281686496188564,0.4237413077160826
jjas_tp,tp,ncep,6,26.0,78.5,35,-0.5853569155736412,2.4437226639169713,0.7048390693561549
jjas_tp,tp,ncep,6,26.0,80.0,35,-0.05858496478557599,4.750344631518599,0.21949079077566744
jjas_tp,tp,ncep,6,26.0,81.5,35,1.326974511779972,7.977696062710226,0.06002967616598261
jjas_tp,tp,ncep,6,26.0,83.0,35,-1.597712729659027,14.459121281647771,-0.16726188841635797
jjas_tp,tp,ncep,6,26.0,84.5,35,-1.3922748940984548,8.75580099208444,-0.06016600464736206
jjas_tp,tp,ncep,6,26.0,86.0,35,-3.47122500141044,13.863793745237832,-0.25196021807229163
jjas_tp,tp,ncep,6,26.0,87.5,35,-1.9869829851906011,12.647254584058638,-0.43612447677719074
jjas_tp,tp,ncep,6,26.0,90.5,35,-5.774390515097826,14.18715788773829,-0.3307525131831551
jjas_tp,tp,ncep,6,26.0,92.0,35,0.8926890318557454,4.247896753733835,0.13931365368625803
jjas_tp,tp,ncep,6,26.0,93.5,35,2.7187891366346912,5.758564458106201,-0.39980909287875027
jjas_tp,tp,ncep,6,26.0,95.0,35,4.447257920782985,8.094883967104554,-0.17197987352523558
jjas_tp,tp,ncep,6,27.5,71.0,35,-1.2987114629765126,2.3833399073328234,0.26278964663027415
jjas_tp,tp,ncep,6,27.5,72.5,35,-1.944316723939273,3.280740924943962,0.109643266608038
jjas_tp,tp,ncep,6,27.5,74.0,35,-2.8207589048119885,4.828729149402908,-0.36977649719704403
jjas_tp,tp,ncep,6,27.5,75.5,35,-6.02492603809482,11.589998956439889,-0.3864234772215139
jjas_tp,tp,ncep,6,27.5,77.0,35,-0.8505228426350083,2.7276816136478477,0.4202855834643584
jjas_tp,tp,ncep,6,27.5,78.5,35,-1.196378211063955,3.2129072931046228,0.40197985243276585
jjas_tp,tp,ncep,6,27.5,80.0,35,-1.8665347430614283,5.312911483126717,0.05513191427611694
jjas_tp,tp,ncep,6,27.5,81.5,35,-3.721633911915714,10.94084827922404,0.044108842761239136
jjas_tp,tp,ncep,6,27.5,93.5,35,-7.3465425487932015,12.571008507822954,0.07201278721792563
jjas_tp,tp,ncep,6,27.5,95.0,35,-3.3485431710874347,7.020120041499638,0.029242162146371403
jjas_tp,tp,ncep,6,29.0,74.0,35,-0.33427569775376154,1.3281599899647687,0.19384215268523705
jjas_tp,tp,ncep,6,29.0,75.5,35,-0.10214571119094014,1.7603225631781112,0.15873719191863628
jjas_tp,tp,ncep,6,29.0,77.0,35,-0.662750834830406,3.854482209128082,0.16309687940102524
jjas_tp,tp,ncep,6,29.0,78.5,35,-0.6727364490463215,4.2043021228943855,0.17381497471946558
jjas_tp,tp,ncep,6,29.0,80.0,35,-3.821259169178557,7.91320662731306,0.10815204245068348
jjas_tp,tp,ncep,6,29.0,95.0,35,-2.3907030916482666,10.24830516829595,0.09147297450782124
jjas_tp,tp,ncep,6,30.5,74.0,35,-0.6309547115720974,2.9963866039771827,-0.0827190187789045
jjas_tp,tp,ncep,6,30.5,75.5,35,-1.9469028150999792,5.852742911962183,-0.12885859086118923
jjas_tp,tp,ncep,6,30.5,77.0,35,-3.936548447459985,11.917466633403844,-0.2083274733649414
jjas_tp,tp,ncep,6,30.5,78.5,35,1.4351942282107515,4.506036190772122,0.3695133540911832
jjas_tp,tp,ncep,6,30.5,80.0,35,-4.33052235722273,9.732822517305475,-0.31812462712309486
jjas_tp,tp,ncep,6,32.0,75.5,35,-0.4288615688864137,3.607395578396187,0.5003907094598719
jjas_tp,tp,ncep,6,32.0,77.0,35,0.7278307515175713,4.163727331403247,0.22953155677457943
jjas_tp,tp,ncep,6,32.0,78.5,35,4.458150475456043,5.613640073630604,-0.19812381113852967
jjas_tp,tp,ncep,6,33.5,74.0,35,-1.504693361475498,4.179914546950085,0.3605630323292941
jjas_tp,tp,ncep,6,33.5,75.5,35,1.0644790264240183,3.670946244560234,0.37507185812642263
jjas_tp,tp,ncep,6,33.5,77.0,35,-2.4128184267439847,6.008615058444415,-0.41261674813085875
jjas_tp,tp,ncep,6,33.5,78.5,35,1.775408034013503,2.0522832002032536,0.718473656769562
jjas_tp,tp,ncep,6,35.0,75.5,35,1.5837121487366468,2.7293523331062906,0.3154259753409195
jjas_tp,tp,ncep,6,35.0,77.0,35,0.27450482285173156,4.637838101478689,-0.3512499998908008
jjas_tp,tp,ncep,6,35.0,78.5,35,-0.5961804010657712,5.625796589503688,-0.44473106171838594
jjas_tp,tp,ncep,6,35.0,80.0,35,0.8583176787360571,1.8810065396087552,0.2887541596732372
jjas_tp,tp,ncep,6,36.5,74.0,35,-3.1040629428093474,7.549481817742778,-0.07010224726596065
jjas_tp,tp,ncep,6,36.5,75.5,35,-0.15653725590248266,2.7398440769441557,0.04489727588771296
jjas_tp,tp,ukmo,1,9.5,77.0,35,-9.596213531576925,16.353963709510136,0.6546713177923686
jjas_tp,tp,ukmo,1,9.5,78.5,35,0.649409892788482,2.297354449414279,0.08314529664001029
jjas_tp,tp,ukmo,1,11.0,77.0,35,5.456584918676388,6.420433651323684,0.7318950655304797
jjas_tp,tp,ukmo,1,11.0,78.5,35,0.692527595659097,2.585233233252984,0.26819726918839465
jjas_tp,tp,ukmo,1,12.5,75.5,35,-9.247432948010308,24.027266055537037,0.44862120060874133
jjas_tp,tp,ukmo,1,12.5,77.0,35,1.1231673917836613,4.746764986912268,0.4693271631541359
jjas_tp,tp,ukmo,1,12.5,78.5,35,-0.0655214193084882,5.531335474202885,0.1550455898553968
jjas_tp,tp,ukmo,1,14.0,75.5,35,6.481725101172924,9.710313469931048,0.45600297818946994
jjas_tp,tp,ukmo,1,14.0,77.0,35,0.11468245015730949,5.850878555851155,0.3785453637722308
jjas_tp,tp,ukmo,1,14.0,78.5,35,0.5343759518708029,4.750859784677133,0.5075417268086853
jjas_tp,tp,ukmo,1,14.0,80.0,35,1.194061889215594,3.073756155373782,0.5071351004317595
jjas_tp,tp,ukmo,1,15.5,74.0,35,-21.106038669082853,31.101123368023032,0.16998885963360827
jjas_tp,tp,ukmo,1,15.5,75.5,35,5.141978978968802,6.3710027916482534,0.6842829126606205
jjas_tp,tp,ukmo,1,15.5,77.0,35,0.4339598305286868,2.8185728767924014,0.6564156729180368
jjas_tp,tp,ukmo,1,15.5,78.5,35,-0.7450195736236987,5.449018746689199,0.2803182697528934
jjas_tp,tp,ukmo,1,15.5,80.0,35,0.43290518524110433,3.579079019440464,0.6350922115084187
jjas_tp,tp,ukmo,1,17.0,74.0,35,3.4890380164697055,11.118276078056489,0.5999933497629633
jjas_tp,tp,ukmo,1,17.0,75.5,35,1.6230396459263468,4.491465264072673,0.35449998111603553
jjas_tp,tp,ukmo,1,17.0,77.0,35,0.6003467517003179,3.4938906111137147,0.4664337302020408
jjas_tp,tp,ukmo,1,17.0,78.5,35,0.9500891668722034,4.3542997882034635,0.4800419539345332
jjas_tp,tp,ukmo,1,17.0,80.0,35,1.713392437391338,5.355226443552086,0.44547467102956956
jjas_tp,tp,ukmo,1,17.0,81.5,35,2.3728753298310385,6.004389519732165,0.43181991493119015
jjas_tp,tp,ukmo,1,18.5,74.0,35,3.1793192616530828,7.122122077273571,0.42008968647000366
jjas_tp,tp,ukmo,1,18.5,75.5,35,0.33182535391478307,3.932702134600957,0.4707389123101061
jjas_tp,tp,ukmo,1,18.5,77.0,35,0.5531184388886369,4.513154583257598,0.512863434109626
jjas_tp,tp,ukmo,1,18.5,78.5,35,-0.2289846328752382,5.657179078998416,0.4623224902411928
jjas_tp,tp,ukmo,1,18.5,80.0,35,-0.41906932595052904,11.27933420469577,0.3027228599923105
jjas_tp,tp,ukmo,1,18.5,81.5,35,-0.11829366688099152,8.82976747397213,0.6308898208433008
jjas_tp,tp,ukmo,1,18.5,83.0,35,4.315632353628439,7.783066457060664,0.3606906081885431
jjas_tp,tp,ukmo,1,20.0,74.0,35,3.304862982614173,5.895060984178248,0.4472999174854425
jjas_tp,tp,ukmo,1,20.0,75.5,35,0.16195812662915585,4.794869872621463,0.43924952677949436
jjas_tp,tp,ukmo,1,20.0,77.0,35,0.42598023800149803,5.4359969945204,0.40437354088761474
jjas_tp,tp,ukmo,1,20.0,78.5,35,4.215935895946764,8.68364725076366,0.2554364072475931
jjas_tp,tp,ukmo,1,20.0,80.0,35,-2.7683797569028914,9.025542871880784,0.7084996864787796
jjas_tp,tp,ukmo,1,20.0,81.5,35,5.06003984782904,9.999272909447162,0.47929891036290095
jjas_tp,tp,ukmo,1,20.0,83.0,35,2.409576019644737,6.894480070499768,0.6124765607514977
jjas_tp,tp,ukmo,1,20.0,84.5,35,1.2331247316111649,7.27761200785347,0.3203211766455835
jjas_tp,tp,ukmo,1,21.5,71.0,35,1.1143519120534793,4.414957081485069,0.7856289425008526
jjas_tp,tp,ukmo,1,21.5,74.0,35,-2.514010626213654,8.885677501666615,0.6000644532683054
jjas_tp,tp,ukmo,1,21.5,75.5,35,0.3765199032804322,4.802599569510221,0.46248297182416936
jjas_tp,tp,ukmo,1,21.5,77.0,35,-2.7491939949670012,9.89583487977373,0.2214316795700027
jjas_tp,tp,ukmo,1,21.5,78.5,35,1.9002065528598098,9.125260659164283,0.41702527745718343
jjas_tp,tp,ukmo,1,21.5,80.0,35,2.183957034943714,6.8082236703663614,0.7764940515344029
jjas_tp,tp,ukmo,1,21.5,81.5,35,2.3771227143113576,7.42523248716568,0.6587467531233412
jjas_tp,tp,ukmo,1,21.5,83.0,35,1.1149375585809587,6.893832514850416,0.616536740184326
jjas_tp,tp,ukmo,1,21.5,84.5,35,2.6402060673113854,6.995197407127297,0.5989252108832361
jjas_tp,tp,ukmo,1,21.5,86.0,35,1.630938662541291,4.392961239921254,0.7227728151462208
jjas_tp,tp,ukmo,1,23.0,71.0,35,-0.5209342134931672,6.922329695166363,0.7854425553156359
jjas_tp,tp,ukmo,1,23.0,72.5,35,1.0773295523117192,4.496475103114056,0.7749088165928373
jjas_tp,tp,ukmo,1,23.0,74.0,35,2.175051052919136,6.818902137575162,0.5334583919832165
jjas_tp,tp,ukmo,1,23.0,75.5,35,-3.6415741142846407,8.99322445300193,0.6839557536885277
jjas_tp,tp,ukmo,1,23.0,77.0,35,-1.872929528178204,8.805061892910045,0.6536311204648824
jjas_tp,tp,ukmo,1,23.0,78.5,35,-1.3657196740191135,8.408287038689393,0.6908649878882238
jjas_tp,tp,ukmo,1,23.0,80.0,35,-1.4144527376289406,8.236952956791969,0.5586448244042138
jjas_tp,tp,ukmo,1,23.0,81.5,35,-1.8231103783562068,6.5840179240578385,0.5759451528403154
jjas_tp,tp,ukmo,1,23.0,83.0,35,1.1435824927829563,6.392512215869025,0.5526316986008086
jjas_tp,tp,ukmo,1,23.0,84.5,35,1.5307019477089248,4.925800893837882,0.723933237972338
jjas_tp,tp,ukmo,1,23.0,86.0,35,2.458743402598396,4.712580116686867,0.6799161783444277
jjas_tp,tp,ukmo,1,23.0,87.5,35,2.6492515095169584,4.8722775680717,0.6452848379679197
jjas_tp,tp,ukmo,1,24.5,72.5,35,-1.2971405847891306,6.211761472572402,0.5376129907908894
jjas_tp,tp,ukmo,1,24.5,74.0,35,0.17839855576282398,5.74487702991027,0.519925900993935
jjas_tp,tp,ukmo,1,24.5,75.5,35,-7.199962658869723,12.083833443752873,0.6046365914929243
jjas_tp,tp,ukmo,1,24.5,77.0,35,-1.9910996578485955,7.268425083798711,0.6892512287576361
jjas_tp,tp,ukmo,1,24.5,78.5,35,3.0660318955875168,6.904832187575499,0.5942265977053933
jjas_tp,tp,ukmo,1,24.5,80.0,35,2.162030001198097,6.365061410622275,0.6030772645463881
jjas_tp,tp,ukmo,1,24.5,81.5,35,0.19652312578123404,8.47026387195989,0.5014511977704667
jjas_tp,tp,ukmo,1,24.5,83.0,35,1.451148605807906,6.194167150737457,0.6528123567007411
jjas_tp,tp,ukmo,1,24.5,84.5,35,2.2028276028968987,6.446161298102414,0.6318356447823313
jjas_tp,tp,ukmo,1,24.5,86.0,35,3.3145609645852963,6.425393190396365,0.7692025378514785
jjas_tp,tp,ukmo,1,24.5,87.5,35,5.408988183949675,7.176026850533823,0.7254880431650021
jjas_tp,tp,ukmo,1,24.5,93.5,35,6.811639634957389,9.166939096326665,0.07032510045081443
jjas_tp,tp,ukmo,1,26.0,71.0,35,-0.19481806262037787,2.4861644206596036,0.6246127857713186
jjas_tp,tp,ukmo,1,26.0,72.5,35,0.5514555365033816,3.5955462875960036,0.5107078894100116
jjas_tp,tp,ukmo,1,26.0,74.0,35,-0.20313269074337295,6.122169425301932,0.40657914113529847
jjas_tp,tp,ukmo,1,26.0,75.5,35,-0.5144865164108249,4.615362417958105,0.7435282748446469
jjas_tp,tp,ukmo,1,26.0,77.0,35,2.7015446253778737,5.5671475638902175,0.5228471607856826
jjas_tp,tp,ukmo,1,26.0,78.5,35,3.054609827084572,5.307795599830522,0.5873369512327502
jjas_tp,tp,ukmo,1,26.0,80.0,35,3.0758119566834505,6.289919580420432,0.5877112178282486
jjas_tp,tp,ukmo,1,26.0,81.5,35,4.755832386213828,7.758120908917242,0.7231983288981964
jjas_tp,tp,ukmo,1,26.0,83.0,35,1.9604275331211585,10.327642373214024,0.7048062885494959
jjas_tp,tp,ukmo,1,26.0,84.5,35,2.35384729207449,5.154062126084901,0.8628776792323384
jjas_tp,tp,ukmo,1,26.0,86.0,35,0.7629043837861409,8.198930807738286,0.8434078319482741
jjas_tp,tp,ukmo,1,26.0,87.5,35,3.4054489124388923,9.382191547682277,0.6982189360321702
jjas_tp,tp,ukmo,1,26.0,90.5,35,-0.7941861814922758,11.251302016738489,0.661138499008596
jjas_tp,tp,ukmo,1,26.0,92.0,35,10.012512957860555,12.496822603132536,0.33529144877197214
jjas_tp,tp,ukmo,1,26.0,93.5,35,6.921549037524632,8.884831682643958,0.078646464004012
jjas_tp,tp,ukmo,1,26.0,95.0,35,7.0630926661075115,9.197437307002321,0.12308898133051514
jjas_tp,tp,ukmo,1,27.5,71.0,35,-0.14901317524158264,1.7077722063788983,0.5834775644060274
jjas_tp,tp,ukmo,1,27.5,72.5,35,0.12674539634839646,1.7678026346391813,0.7744635991077142
jjas_tp,tp,ukmo,1,27.5,74.0,35,0.5401358121167129,4.201818933733382,0.53124310286539
jjas_tp,tp,ukmo,1,27.5,75.5,35,-2.9534917239181047,8.210255252294266,0.49853993348756515
jjas_tp,tp,ukmo,1,27.5,77.0,35,3.1788973204924593,4.85966696066082,0.5735572882958822
jjas_tp,tp,ukmo,1,27.5,78.5,35,2.8340083496131387,6.389329998048488,0.32415761838005724
jjas_tp,tp,ukmo,1,27.5,80.0,35,2.751241971458685,5.155023775596437,0.8210727064997604
jjas_tp,tp,ukmo,1,27.5,81.5,35,-0.4057986364533598,8.611207570527654,0.7333826413444997
jjas_tp,tp,ukmo,1,27.5,93.5,35,-4.31065779981159,10.068863920019059,0.5199722090802209
jjas_tp,tp,ukmo,1,27.5,95.0,35,3.922897950145933,6.671239575932457,0.5613047719713287
jjas_tp,tp,ukmo,1,29.0,74.0,35,1.7566952890630108,3.5250934158144682,-0.023898557169235852
jjas_tp,tp,ukmo,1,29.0,75.5,35,3.1912057225032533,4.953950759440243,0.2222502337947856
jjas_tp,tp,ukmo,1,29.0,77.0,35,4.18551480887783,6.0175103668160554,0.4182570861662121
jjas_tp,tp,ukmo,1,29.0,78.5,35,4.17978693350913,7.2293484554366545,0.14091083413988342
jjas_tp,tp,ukmo,1,29.0,80.0,35,0.7897845991310618,9.086896838767425,0.20794278881364592
jjas_tp,tp,ukmo,1,29.0,95.0,35,1.6710252259458815,9.006631125155922,0.7027002339742769
jjas_tp,tp,ukmo,1,30.5,74.0,35,1.8166639479856557,3.8853739907508507,0.13034849124325
jjas_tp,tp,ukmo,1,30.5,75.5,35,1.7454712418809768,5.624807039338372,0.3724139264343501
jjas_tp,tp,ukmo,1,30.5,77.0,35,-0.3202309569196096,8.68226448109413,0.4654884743712345
jjas_tp,tp,ukmo,1,30.5,78.5,35,3.419475439380086,7.076527748594689,0.16954569977800388
jjas_tp,tp,ukmo,1,30.5,80.0,35,-5.900294933006878,9.42012867698213,0.34950446581269273
jjas_tp,tp,ukmo,1,32.0,75.5,35,3.1901922636473223,5.097481569946047,0.5303312272400571
jjas_tp,tp,ukmo,1,32.0,77.0,35,2.5921474374002877,5.169673542957487,0.4017828808018454
jjas_tp,tp,ukmo,1,32.0,78.5,35,3.4799168587736196,4.556599458955434,0.13791897310206552
jjas_tp,tp,ukmo,1,33.5,74.0,35,1.0874851207293217,3.374076899603338,0.6089711288126766
jjas_tp,tp,ukmo,1,33.5,75.5,35,2.058470188554317,3.229521195083503,0.6901378405592945
jjas_tp,tp,ukmo,1,33.5,77.0,35,-3.2985641472736402,5.8861080658382345,0.17930664605112176
jjas_tp,tp,ukmo,1,33.5,78.5,35,1.026039020761221,1.6411986399285254,0.5766757580519485
jjas_tp,tp,ukmo,1,35.0,75.5,35,1.3988620135800114,2.114029132033376,0.6853165228866526
jjas_tp,tp,ukmo,1,35.0,77.0,35,-0.49207419859765317,4.491313707331381,0.10825824636858496
jjas_tp,tp,ukmo,1,35.0,78.5,35,-1.1605174613362623,5.384169147771179,0.10544413893087445
jjas_tp,tp,ukmo,1,35.0,80.0,35,0.6910648458842293,1.5355231545319938,0.6065982329778373
jjas_tp,tp,ukmo,1,36.5,74.0,35,-1.896406304291154,7.11096125173392,0.02485326677046351
jjas_tp,tp,ukmo,1,36.5,75.5,35,0.22545431796036336,2.2884129597907954,0.40051742003147844
jjas_tp,tp,ukmo,2,9.5,77.0,35,-10.470687071624257,17.381522673081133,0.6248202131072512
jjas_tp,tp,ukmo,2,9.5,78.5,35,0.25165322320092287,2.1899008338439483,0.08229142994238316
jjas_tp,tp,ukmo,2,11.0,77.0,35,4.121961256282197,4.95235645589743,0.8274839987352035
jjas_tp,tp,ukmo,2,11.0,78.5,35,0.9533844656887508,2.802891443581932,0.24117355407610344
jjas_tp,tp,ukmo,2,12.5,75.5,35,-14.1606003855429,25.356537537279443,0.5494604714958929
jjas_tp,tp,ukmo,2,12.5,77.0,35,-0.22128398515402323,5.463457128022152,0.3681718952575494
jjas_tp,tp,ukmo,2,12.5,78.5,35,-0.4629954841874894,5.718730546967949,0.04833088935524797
jjas_tp,tp,ukmo,2,14.0,75.5,35,2.7438932925699246,5.848416525998379,0.7380485358143111
jjas_tp,tp,ukmo,2,14.0,77.0,35,-1.2166585352212664,6.828175044754326,0.24076756099700017
jjas_tp,tp,ukmo,2,14.0,78.5,35,-0.75291808232192,5.258062937635199,0.27540811496326034
jjas_tp,tp,ukmo,2,14.0,80.0,35,-0.17465151649759353,2.482579108234637,0.5311796835850969
jjas_tp,tp,ukmo,2,15.5,74.0,35,-28.761704214319348,36.77187371375886,0.16533690201873627
jjas_tp,tp,ukmo,2,15.5,75.5,35,2.261307404556918,4.5310376717028005,0.5635428935446604
jjas_tp,tp,ukmo,2,15.5,77.0,35,-0.5306276330340003,3.359297370180093,0.3710379408968691
jjas_tp,tp,ukmo,2,15.5,78.5,35,-2.1062173970161924,6.184893871438625,-0.013318278256135366
jjas_tp,tp,ukmo,2,15.5,80.0,35,-1.1199086682324015,4.575008148817743,0.3269841493754446
jjas_tp,tp,ukmo,2,17.0,74.0,35,-2.2535179586105407,10.589555513012675,0.6589760290344621
jjas_tp,tp,ukmo,2,17.0,75.5,35,-0.5047485613715023,5.060590758940665,0.029485289933976495
jjas_tp,tp,ukmo,2,17.0,77.0,35,-0.9961023092750342,3.2076659282760223,0.41556026916270017
jjas_tp,tp,ukmo,2,17.0,78.5,35,-0.7651847367766241,4.393456296491515,0.3612367505452627
jjas_tp,tp,ukmo,2,17.0,80.0,35,-0.005612698924683406,4.732004278246395,0.3532370538504325
jjas_tp,tp,ukmo,2,17.0,81.5,35,-0.0008149934016049544,5.478530589203054,0.22680869290576122
jjas_tp,tp,ukmo,2,18.5,74.0,35,-0.4164284718429875,6.945195456820053,0.23997287778596266
jjas_tp,tp,ukmo,2,18.5,75.5,35,-1.1697124710986537,4.769702331485227,0.15529381555296884
jjas_tp,tp,ukmo,2,18.5,77.0,35,-0.9478739421215973,5.207114208425781,0.09912859847746085
jjas_tp,tp,ukmo,2,18.5,78.5,35,-2.1099956287470247,5.755526031058152,0.3812220884457006
jjas_tp,tp,ukmo,2,18.5,80.0,35,-2.881678655903254,11.397288256710898,0.2936982892983882
jjas_tp,tp,ukmo,2,18.5,81.5,35,-2.758517593736687,10.926494156306525,0.40759614857113113
jjas_tp,tp,ukmo,2,18.5,83.0,35,1.1204445516306254,5.133914952827537,0.43213677184789245
jjas_tp,tp,ukmo,2,20.0,74.0,35,1.1938174031024416,5.874457410002719,0.15261798420520412
jjas_tp,tp,ukmo,2,20.0,75.5,35,-1.1574517567989429,6.7902441900799415,-0.11028700439558674
jjas_tp,tp,ukmo,2,20.0,77.0,35,-1.1422049146566897,5.4596409389455465,0.34060434498972725
jjas_tp,tp,ukmo,2,20.0,78.5,35,2.235856871795101,7.71597212555721,0.23634796542490175
jjas_tp,tp,ukmo,2,20.0,80.0,35,-5.333736531333702,12.372281053278808,0.45009618794305245
jjas_tp,tp,ukmo,2,20.0,81.5,35,2.274929472877984,9.666374122888008,0.18211040034511045
jjas_tp,tp,ukmo,2,20.0,83.0,35,0.49733967621411607,7.793222679697487,0.37608253235788125
jjas_tp,tp,ukmo,2,20.0,84.5,35,-1.3647476070220508,7.1610964021727765,0.1784847395411223
jjas_tp,tp,ukmo,2,21.5,71.0,35,-2.09482176409783,5.743641162219876,0.6331902098463956
jjas_tp,tp,ukmo,2,21.5,74.0,35,-4.443617770087624,10.20037221306156,0.4832305040671878
jjas_tp,tp,ukmo,2,21.5,75.5,35,-0.8124044857856388,4.849654141142909,0.5440752176313802
jjas_tp,tp,ukmo,2,21.5,77.0,35,-4.570184746185791,8.844727455518786,0.4815657181541715
jjas_tp,tp,ukmo,2,21.5,78.5,35,-0.34461251599196757,6.92241468452951,0.4914372915318616
jjas_tp,tp,ukmo,2,21.5,80.0,35,0.4147368307269755,8.520590239303681,0.45228580845152494
jjas_tp,tp,ukmo,2,21.5,81.5,35,1.21495251462514,9.12663831241275,0.44765935612242785
jjas_tp,tp,ukmo,2,21.5,83.0,35,0.1124821846890783,8.934761812467858,0.3716387821633194
jjas_tp,tp,ukmo,2,21.5,84.5,35,1.218089124601748,8.016069273573985,0.42780736392699215
jjas_tp,tp,ukmo,2,21.5,86.0,35,0.05223944395307526,5.465028553319582,0.5755239443257142
jjas_tp,tp,ukmo,2,23.0,71.0,35,-2.884141349185477,9.40971429194304,0.5656764258164606
jjas_tp,tp,ukmo,2,23.0,72.5,35,-1.8618957082173364,4.80796031321683,0.7475217501133158
jjas_tp,tp,ukmo,2,23.0,74.0,35,-1.1015215319476466,7.329224387044535,0.3139748329318971
jjas_tp,tp,ukmo,2,23.0,75.5,35,-6.424066974615885,12.922214619715541,0.2414726188702759
jjas_tp,tp,ukmo,2,23.0,77.0,35,-4.977937349434646,10.690059496006945,0.5372996445120743
jjas_tp,tp,ukmo,2,23.0,78.5,35,-4.101449946583884,10.158022018333664,0.5487296805594264
jjas_tp,tp,ukmo,2,23.0,80.0,35,-2.458099622298623,10.774217092375034,0.2317080490597702
jjas_tp,tp,ukmo,2,23.0,81.5,35,-1.9102905284495109,8.333206988135741,0.3780881233465728
jjas_tp,tp,ukmo,2,23.0,83.0,35,0.9089245875262548,7.304015048786669,0.4773696670728736
jjas_tp,tp,ukmo,2,23.0,84.5,35,1.4582042491920884,5.945609625095785,0.58154418888586
jjas_tp,tp,ukmo,2,23.0,86.0,35,2.4000805918570784,5.503757690839178,0.5287131939247659
jjas_tp,tp,ukmo,2,23.0,87.5,35,2.077071064856968,5.906006992055042,0.3371208279184224
jjas_tp,tp,ukmo,2,24.5,72.5,35,-4.083329102490929,7.0848369005544445,0.5678686316482867
jjas_tp,tp,ukmo,2,24.5,74.0,35,-3.1913445940895357,6.0695370308099434,0.48783891190955686
jjas_tp,tp,ukmo,2,24.5,75.5,35,-10.667120050530999,15.559063100335333,0.3602897079354296
jjas_tp,tp,ukmo,2,24.5,77.0,35,-5.560374305453447,10.485478410292727,0.44039071976089156
jjas_tp,tp,ukmo,2,24.5,78.5,35,0.6024008069313057,9.369444427967991,0.12654303832259756
jjas_tp,tp,ukmo,2,24.5,80.0,35,1.106620680249577,8.512924638805602,0.28135463146285006
jjas_tp,tp,ukmo,2,24.5,81.5,35,0.32585272188889725,10.135349953824745,0.2947661385315893
jjas_tp,tp,ukmo,2,24.5,83.0,35,1.7212380646455419,8.366611781574177,0.37863371036688426
jjas_tp,tp,ukmo,2,24.5,84.5,35,2.20563950652519,7.41384735087935,0.4717753716333397
jjas_tp,tp,ukmo,2,24.5,86.0,35,2.1890694046799566,8.178634019978633,0.44927520237683133
jjas_tp,tp,ukmo,2,24.5,87.5,35,3.828138614255226,6.676562768149291,0.5230343253764251
jjas_tp,tp,ukmo,2,24.5,93.5,35,5.947261243585556,7.184039050194544,-0.010659635903062011
jjas_tp,tp,ukmo,2,26.0,71.0,35,-1.1836840696275654,3.653319979484493,0.22139877362636057
jjas_tp,tp,ukmo,2,26.0,72.5,35,-1.516108139538731,4.295052925470962,0.06427754806912726
jjas_tp,tp,ukmo,2,26.0,74.0,35,-3.23695769515794,7.048669204394769,0.083189041623675
jjas_tp,tp,ukmo,2,26.0,75.5,35,-3.848023187859623,7.443241542176243,0.33599012465406547
jjas_tp,tp,ukmo,2,26.0,77.0,35,-0.18914415267460588,5.575437824412173,0.3054405784580769
jjas_tp,tp,ukmo,2,26.0,78.5,35,1.0677454057029476,5.897655165119133,0.3103211990590162
jjas_tp,tp,ukmo,2,26.0,80.0,35,1.3725420722954107,6.891355399766097,0.18817004663428374
jjas_tp,tp,ukmo,2,26.0,81.5,35,3.1403885399585953,9.602903066866292,0.20769574481199315
jjas_tp,tp,ukmo,2,26.0,83.0,35,0.40927980714533035,13.591180089066315,0.3037033661715905
jjas_tp,tp,ukmo,2,26.0,84.5,35,0.8934733232865776,7.576070239238797,0.5534832355841447
jjas_tp,tp,ukmo,2,26.0,86.0,35,-0.6423849400546816,10.862863379582068,0.6565130828552154
jjas_tp,tp,ukmo,2,26.0,87.5,35,1.738456628294218,11.355807919518197,0.3229117342835347
jjas_tp,tp,ukmo,2,26.0,90.5,35,-2.587361712682815,14.545146415515735,0.19342329035446248
jjas_tp,tp,ukmo,2,26.0,92.0,35,8.75777357627475,11.012552777481822,-0.16862531362167058
jjas_tp,tp,ukmo,2,26.0,93.5,35,6.643461549849738,7.889866758219946,0.02748353957082579
jjas_tp,tp,ukmo,2,26.0,95.0,35,7.005452858739429,9.257118507313647,-0.00876858427918202
jjas_tp,tp,ukmo,2,27.5,71.0,35,-0.8099336777672428,2.5212454903368915,0.1305871984100155
jjas_tp,tp,ukmo,2,27.5,72.5,35,-1.2075472201078405,2.724643645893453,0.41845982525414727
jjas_tp,tp,ukmo,2,27.5,74.0,35,-1.8184897723361955,3.9808060427807477,0.112865652088693
jjas_tp,tp,ukmo,2,27.5,75.5,35,-5.41953468346462,10.625144027496384,0.04558107295784023
jjas_tp,tp,ukmo,2,27.5,77.0,35,0.8205704342740188,3.8515605621433657,0.25365737419687084
jjas_tp,tp,ukmo,2,27.5,78.5,35,0.5746745721625229,4.052830530679458,0.37603419031911123
jjas_tp,tp,ukmo,2,27.5,80.0,35,0.24275707970478433,5.362042360323389,0.37501254091978237
jjas_tp,tp,ukmo,2,27.5,81.5,35,-2.5672532245764854,13.09129873582026,0.15232736918750078
jjas_tp,tp,ukmo,2,27.5,93.5,35,-4.35221504105462,12.03222179198326,0.014468401717408038
jjas_tp,tp,ukmo,2,27.5,95.0,35,3.9404715752790844,8.695671534172755,-0.03834985146870242
jjas_tp,tp,ukmo,2,29.0,74.0,35,0.7646484045730811,2.181339911967127,0.13921926375292554
jjas_tp,tp,ukmo,2,29.0,75.5,35,1.8635938606478342,3.6701433402542802,-0.06832357974536371
jjas_tp,tp,ukmo,2,29.0,77.0,35,2.6854708963788223,5.552589258881021,-0.0007418756556309364
jjas_tp,tp,ukmo,2,29.0,78.5,35,2.709165435977463,5.619608381185504,0.07610257172751941
jjas_tp,tp,ukmo,2,29.0,80.0,35,-0.7852259515716773,6.934055458827545,0.33212003117952366
jjas_tp,tp,ukmo,2,29.0,95.0,35,0.7839140724568139,12.604113520726976,0.020252061450758366
jjas_tp,tp,ukmo,2,30.5,74.0,35,1.2535850375995743,3.852323394722378,-0.010701409657117678
jjas_tp,tp,ukmo,2,30.5,75.5,35,1.1630167162308929,6.3360944899268485,0.04645627615176554
jjas_tp,tp,ukmo,2,30.5,77.0,35,-0.9739261672234752,10.039443555122428,0.121341290860216
jjas_tp,tp,ukmo,2,30.5,78.5,35,2.4963145850433244,5.146468341233769,0.3449094841115419
jjas_tp,tp,ukmo,2,30.5,80.0,35,-6.730198874170817,9.939474847727652,0.3087346983160977
jjas_tp,tp,ukmo,2,32.0,75.5,35,3.022182661870916,4.7087789163521565,0.5785415646226869
jjas_tp,tp,ukmo,2,32.0,77.0,35,2.2751149221072122,5.0584541950927004,0.2113691296533397
jjas_tp,tp,ukmo,2,32.0,78.5,35,3.2387932124133743,3.9490522464068043,0.10896729764685285
jjas_tp,tp,ukmo,2,33.5,74.0,35,1.4945772081457398,4.615540836791145,0.3888994519794077
jjas_tp,tp,ukmo,2,33.5,75.5,35,2.2445959797365562,3.520246178218489,0.5962240211624479
jjas_tp,tp,ukmo,2,33.5,77.0,35,-3.6048354626655406,6.6554659113901335,-0.33392841760685027
jjas_tp,tp,ukmo,2,33.5,78.5,35,0.7622066555164075,1.4775644967212713,0.5251903069934815
jjas_tp,tp,ukmo,2,35.0,75.5,35,1.3747867955462194,2.2181520229641825,0.48517067150258775
jjas_tp,tp,ukmo,2,35.0,77.0,35,-0.5869282171839643,4.670252298889772,-0.08090620663050778
jjas_tp,tp,ukmo,2,35.0,78.5,35,-1.2950373578476675,5.691526125458752,-0.20743611070640494
jjas_tp,tp,ukmo,2,35.0,80.0,35,0.525270593888451,1.8040251090530375,0.27616894471685577
jjas_tp,tp,ukmo,2,36.5,74.0,35,-1.937694289959553,7.178674642400563,-0.117778517427476
jjas_tp,tp,ukmo,2,36.5,75.5,35,0.4629328071095405,2.5457783307307382,0.12582679710297076
jjas_tp,tp,ukmo,3,9.5,77.0,35,-10.509112558046741,19.475800782338116,0.08414775005714721
jjas_tp,tp,ukmo,3,9.5,78.5,35,-0.5987660697676124,2.7838694789185277,0.40231661775778593
jjas_tp,tp,ukmo,3,11.0,77.0,35,3.377445494797495,6.163941643830542,0.14376895299629652
jjas_tp,tp,ukmo,3,11.0,78.5,35,0.7044023452030999,3.42862416728967,-0.10088126231924315
jjas_tp,tp,ukmo,3,12.5,75.5,35,-14.5920563248267,28.938036840026626,0.12836636515287572
jjas_tp,tp,ukmo,3,12.5,77.0,35,-0.612310526277574,5.090652104169358,0.4430324440572758
jjas_tp,tp,ukmo,3,12.5,78.5,35,-0.615078879183247,6.440039490220166,-0.29746510125344816
jjas_tp,tp,ukmo,3,14.0,75.5,35,1.432073196668237,7.518030055688885,0.3576128070124564
jjas_tp,tp,ukmo,3,14.0,77.0,35,-1.4747131134309464,7.039516363507988,0.1603827939221304
jjas_tp,tp,ukmo,3,14.0,78.5,35,-0.972017092961404,6.121579862879133,-0.22855781783880036
jjas_tp,tp,ukmo,3,14.0,80.0,35,-1.0414125357074515,4.709506600292205,-0.09356828119622
jjas_tp,tp,ukmo,3,15.5,74.0,35,-29.101075925985498,38.387768829363615,-0.013395939548273453
jjas_tp,tp,ukmo,3,15.5,75.5,35,1.2550513557380152,4.264321488441992,0.2528517767733708
jjas_tp,tp,ukmo,3,15.5,77.0,35,-0.9588796096425207,3.9714676440679235,0.041911846426497694
jjas_tp,tp,ukmo,3,15.5,78.5,35,-2.3570487009864003,6.582746798808592,-0.26536534192732686
jjas_tp,tp,ukmo,3,15.5,80.0,35,-2.0588272897408353,6.323227849738656,0.05205725160878045
jjas_tp,tp,ukmo,3,17.0,74.0,35,-4.216420692915008,12.456611921662013,0.4502662057333576
jjas_tp,tp,ukmo,3,17.0,75.5,35,-1.2431917725219614,5.261311672583365,-0.17964035096761605
jjas_tp,tp,ukmo,3,17.0,77.0,35,-1.4127043226083356,3.8247948755101837,0.13553812730527737
jjas_tp,tp,ukmo,3,17.0,78.5,35,-1.573606541272371,4.62638862872607,0.3563452845485044
jjas_tp,tp,ukmo,3,17.0,80.0,35,-0.6590045721669283,4.543069772300595,0.30005519384242274
jjas_tp,tp,ukmo,3,17.0,81.5,35,-0.5681719672718338,5.247248943230188,0.17774019328487758
jjas_tp,tp,ukmo,3,18.5,74.0,35,-2.5084663833931296,8.003313305610504,-0.13733800375203054
jjas_tp,tp,ukmo,3,18.5,75.5,35,-2.0987948073318137,5.01950059093995,0.2686283815839004
jjas_tp,tp,ukmo,3,18.5,77.0,35,-1.8761952812132974,5.105585702472293,0.24060623350041668
jjas_tp,tp,ukmo,3,18.5,78.5,35,-3.5504324493308865,6.9077711014509235,0.26988450481474
jjas_tp,tp,ukmo,3,18.5,80.0,35,-4.804491637085402,13.23421135852677,0.05976534710124679
jjas_tp,tp,ukmo,3,18.5,81.5,35,-4.254289921858008,13.165124616339373,0.0421331860073915
jjas_tp,tp,ukmo,3,18.5,83.0,35,0.47897460795052,4.6983364217688015,0.44112756823901694
jjas_tp,tp,ukmo,3,20.0,74.0,35,-0.6586260125294165,5.370771506367483,0.041596257817671796
jjas_tp,tp,ukmo,3,20.0,75.5,35,-2.2065025769338553,6.79734094562572,-0.2062773350233156
jjas_tp,tp,ukmo,3,20.0,77.0,35,-2.2379698703172695,5.299570361107034,0.3255189752011637
jjas_tp,tp,ukmo,3,20.0,78.5,35,0.6784808420583547,6.748318872419802,0.2917302475921218
jjas_tp,tp,ukmo,3,20.0,80.0,35,-7.5762499525108264,13.421268409136738,0.40307687635205736
jjas_tp,tp,ukmo,3,20.0,81.5,35,-0.37925303283753625,8.126912938745173,0.15885029376537635
jjas_tp,tp,ukmo,3,20.0,83.0,35,-0.6289666599667971,5.826845448580929,0.5839997399409648
jjas_tp,tp,ukmo,3,20.0,84.5,35,-1.782967433079131,6.482394935794212,0.2777217499313799
jjas_tp,tp,ukmo,3,21.5,71.0,35,-4.386787979516769,6.687923059757464,0.5391074100451174
jjas_tp,tp,ukmo,3,21.5,74.0,35,-6.517372248754599,11.55110332306798,0.374294741874561
jjas_tp,tp,ukmo,3,21.5,75.5,35,-2.385516185529871,5.540585264233709,0.41721566832805645
jjas_tp,tp,ukmo,3,21.5,77.0,35,-6.271907241280571,11.234329734294656,0.06236543859724407
jjas_tp,tp,ukmo,3,21.5,78.5,35,-2.6274692878207015,6.668227912002463,0.5129059678155682
jjas_tp,tp,ukmo,3,21.5,80.0,35,-2.408400397483326,8.106258298113582,0.3903386706310569
jjas_tp,tp,ukmo,3,21.5,81.5,35,-1.93850064679947,7.905827818397136,0.44159985284152614
jjas_tp,tp,ukmo,3,21.5,83.0,35,-2.3043149759468164,8.851914408433641,0.2634641756715837
jjas_tp,tp,ukmo,3,21.5,84.5,35,-0.18835079567063423,7.6942202609868895,0.32912327799095853
jjas_tp,tp,ukmo,3,21.5,86.0,35,-1.1421652678888115,6.521356056851672,0.09452298593690862
jjas_tp,tp,ukmo,3,23.0,71.0,35,-5.160891813127893,10.823638581630895,0.5694241287042535
jjas_tp,tp,ukmo,3,23.0,72.5,35,-3.9445342191471484,6.601424655629457,0.6167306086470046
jjas_tp,tp,ukmo,3,23.0,74.0,35,-3.2199351407497216,8.096798351519524,0.1645268421866974
jjas_tp,tp,ukmo,3,23.0,75.5,35,-8.153430201407543,14.496172173550011,0.036459094705530964
jjas_tp,tp,ukmo,3,23.0,77.0,35,-6.640522110429852,11.415620699757106,0.5372068074379381
jjas_tp,tp,ukmo,3,23.0,78.5,35,-6.610534648055217,11.658005309407955,0.46220327228965913
jjas_tp,tp,ukmo,3,23.0,80.0,35,-5.729310329574148,10.873264234210527,0.2737865632363709
jjas_tp,tp,ukmo,3,23.0,81.5,35,-4.979827295759317,9.363222986747772,0.1876138763012855
jjas_tp,tp,ukmo,3,23.0,83.0,35,-1.805716583583667,7.272555132979386,0.3417671917802826
jjas_tp,tp,ukmo,3,23.0,84.5,35,-0.6155071476721456,6.583134390691345,0.2834807631574214
jjas_tp,tp,ukmo,3,23.0,86.0,35,1.0059367376765092,6.320813219396586,-0.06514835308931893
jjas_tp,tp,ukmo,3,23.0,87.5,35,1.1093172232487372,6.215494183802739,0.059968916055835715
jjas_tp,tp,ukmo,3,24.5,72.5,35,-5.633188286612077,8.441287885917577,0.4410226918251605
jjas_tp,tp,ukmo,3,24.5,74.0,35,-4.5443572111488475,7.041796738415572,0.3644977686975978
jjas_tp,tp,ukmo,3,24.5,75.5,35,-11.928672483689818,17.09075283108078,0.13762579518367676
jjas_tp,tp,ukmo,3,24.5,77.0,35,-7.102118994511382,11.36037162516871,0.36091019782652856
jjas_tp,tp,ukmo,3,24.5,78.5,35,-1.4687347941376607,6.921008107906681,0.3083060256276344
jjas_tp,tp,ukmo,3,24.5,80.0,35,-1.5356916190400742,7.699568100005319,0.17967050720627242
jjas_tp,tp,ukmo,3,24.5,81.5,35,-2.6430236593138434,9.29517674928812,0.3766469087548016
jjas_tp,tp,ukmo,3,24.5,83.0,35,-0.6362203558779352,7.94744864046608,0.2178964632954357
jjas_tp,tp,ukmo,3,24.5,84.5,35,0.820582050336689,8.410593883756114,0.10433269765818841
jjas_tp,tp,ukmo,3,24.5,86.0,35,1.3636704319461488,9.472248086083706,0.11085786912110925
jjas_tp,tp,ukmo,3,24.5,87.5,35,3.0467032077826426,6.887693504083766,0.37405686817101086
jjas_tp,tp,ukmo,3,24.5,93.5,35,5.858696887464751,7.575150665789079,0.10372304029808264
jjas_tp,tp,ukmo,3,26.0,71.0,35,-2.066256768123226,3.8931571253096036,0.08047263155849009
jjas_tp,tp,ukmo,3,26.0,72.5,35,-2.5167940976181047,4.666570590140139,-0.11019436281122288
jjas_tp,tp,ukmo,3,26.0,74.0,35,-4.1762785600622845,7.82637579719512,-0.19361768883528865
jjas_tp,tp,ukmo,3,26.0,75.5,35,-4.679032064923913,7.9205811169615865,0.27600439514173136
jjas_tp,tp,ukmo,3,26.0,77.0,35,-0.9454326531110656,4.400252541697521,0.28500553010145757
jjas_tp,tp,ukmo,3,26.0,78.5,35,-0.009110499210482103,4.429565273181162,0.2618532537599394
jjas_tp,tp,ukmo,3,26.0,80.0,35,0.2600652837869523,7.096112130814172,-0.22807581280527617
jjas_tp,tp,ukmo,3,26.0,81.5,35,1.7972120137134546,9.47843626553722,-0.011564662136218923
jjas_tp,tp,ukmo,3,26.0,83.0,35,-0.6625710328212868,14.477741416399702,0.07639406944616484
jjas_tp,tp,ukmo,3,26.0,84.5,35,0.4584124992701476,8.746829533339001,0.30282626137179974
jjas_tp,tp,ukmo,3,26.0,86.0,35,-0.7421627546364944,12.445097719527858,0.3447765496953291
jjas_tp,tp,ukmo,3,26.0,87.5,35,1.705708355376763,11.563312728989803,0.2863614837722025
jjas_tp,tp,ukmo,3,26.0,90.5,35,-2.2867058713225616,13.731330860221545,0.293596519123147
jjas_tp,tp,ukmo,3,26.0,92.0,35,8.643773033836531,10.966112312454477,0.05684773228021174
jjas_tp,tp,ukmo,3,26.0,93.5,35,6.5721929679314295,8.290986735825152,0.04174304424787223
jjas_tp,tp,ukmo,3,26.0,95.0,35,6.613886640090791,9.115996240881994,0.03870437059494039
jjas_tp,tp,ukmo,3,27.5,71.0,35,-1.333027642841565,2.526827110873919,0.1312220496743004
jjas_tp,tp,ukmo,3,27.5,72.5,35,-1.7947848965289022,3.185832919660452,0.17380354373291232
jjas_tp,tp,ukmo,3,27.5,74.0,35,-2.483050419403047,4.565423444441312,-0.17467218855949454
jjas_tp,tp,ukmo,3,27.5,75.5,35,-6.01806444359523,10.936554086893091,-0.017405235660599535
jjas_tp,tp,ukmo,3,27.5,77.0,35,0.2227508723489784,3.2250311743112183,0.27989326897814115
jjas_tp,tp,ukmo,3,27.5,78.5,35,-0.026482110611005614,3.7495245633972933,0.4067155867370339
jjas_tp,tp,ukmo,3,27.5,80.0,35,-0.40056411784427765,6.292487165871524,0.0738036601605008
jjas_tp,tp,ukmo,3,27.5,81.5,35,-3.3141885334830956,13.367157010527679,0.07540183734325429
jjas_tp,tp,ukmo,3,27.5,93.5,35,-3.3202001015463516,11.44433337128234,0.17614604626903002
jjas_tp,tp,ukmo,3,27.5,95.0,35,4.670791607787685,9.53266386052126,-0.04577364605589432
jjas_tp,tp,ukmo,3,29.0,74.0,35,0.09469773959228754,1.5896057475300465,-0.1011738625365509
jjas_tp,tp,ukmo,3,29.0,75.5,35,0.9563739520296766,2.697793674888544,-0.03734085694846559
jjas_tp,tp,ukmo,3,29.0,77.0,35,1.5829180289225753,4.577831201373821,0.053752239528828426
jjas_tp,tp,ukmo,3,29.0,78.5,35,1.7851051053749598,5.404611544229414,-0.0712012448122169
jjas_tp,tp,ukmo,3,29.0,80.0,35,-1.921287700790535,6.4449852326824795,0.43637396797810135
jjas_tp,tp,ukmo,3,29.0,95.0,35,2.181856019629372,12.664598828905621,0.05446420108740434
jjas_tp,tp,ukmo,3,30.5,74.0,35,0.09075338095750297,3.0750235983177623,-0.21908754275001205
jjas_tp,tp,ukmo,3,30.5,75.5,35,-0.4912197360245581,5.450751407007948,0.07679042537610593
jjas_tp,tp,ukmo,3,30.5,77.0,35,-2.634570007202066,10.838758322112785,-0.15816999447374824
jjas_tp,tp,ukmo,3,30.5,78.5,35,1.584738946653577,5.178678158878511,0.1314368523196024
jjas_tp,tp,ukmo,3,30.5,80.0,35,-7.172098646982617,10.352004109879534,0.22033978064198728
jjas_tp,tp,ukmo,3,32.0,75.5,35,0.7881438299610708,3.887295968425132,0.4308320271241685
jjas_tp,tp,ukmo,3,32.0,77.0,35,0.9565396170331432,4.092255075428383,0.28638480800762467
jjas_tp,tp,ukmo,3,32.0,78.5,35,2.714285296462624,3.3886355391642153,-0.07374128835412279
jjas_tp,tp,ukmo,3,33.5,74.0,35,-0.5685436867530442,3.0769127338067523,0.525673685565614
jjas_tp,tp,ukmo,3,33.5,75.5,35,0.6551447178839543,2.3141930382166533,0.5404711020324371
jjas_tp,tp,ukmo,3,33.5,77.0,35,-4.191100183905412,6.791939981335999,-0.24060492141540304
jjas_tp,tp,ukmo,3,33.5,78.5,35,0.6103965107550938,1.1417559617719448,0.7480134477075527
jjas_tp,tp,ukmo,3,35.0,75.5,35,0.8681565138730332,1.8288353269081579,0.3795173153952382
jjas_tp,tp,ukmo,3,35.0,77.0,35,-0.8827866210383251,4.694662071294887,-0.17985731700290158
jjas_tp,tp,ukmo,3,35.0,78.5,35,-1.4465696535719108,5.725731913791098,-0.25438204166244816
jjas_tp,tp,ukmo,3,35.0,80.0,35,0.4391870699433812,1.7004677031936022,0.3265019011660714
jjas_tp,tp,ukmo,3,36.5,74.0,35,-1.9267492393946408,7.145173337912349,-0.24600739321030765
jjas_tp,tp,ukmo,3,36.5,75.5,35,0.500329434560124,2.5377972321216347,-0.12247260791971047
jjas_tp,tp,ukmo,4,9.5,77.0,35,-12.220092482994946,20.644987986308777,0.0038859229172153492
jjas_tp,tp,ukmo,4,9.5,78.5,35,-1.322811437055232,3.376892799291935,0.21522357713573054
jjas_tp,tp,ukmo,4,11.0,77.0,35,1.856963798894532,5.714795311610085,0.04539861238996932
jjas_tp,tp,ukmo,4,11.0,78.5,35,0.01144893674386882,3.4813480936376724,-0.1327766159167074
jjas_tp,tp,ukmo,4,12.5,75.5,35,-18.001547612558813,31.543303470008624,0.021920410719415775
jjas_tp,tp,ukmo,4,12.5,77.0,35,-1.6864746959081718,5.321730217334298,0.43875242645217
jjas_tp,tp,ukmo,4,12.5,78.5,35,-1.1236884916112535,6.369917789726414,-0.40385007463952544
jjas_tp,tp,ukmo,4,14.0,75.5,35,-1.2710921181188455,8.90456503885786,-0.010498622125771531
jjas_tp,tp,ukmo,4,14.0,77.0,35,-2.2603096110125382,7.762581347440831,-0.21779145534533684
jjas_tp,tp,ukmo,4,14.0,78.5,35,-1.5313195703107685,6.1192853103942335,-0.33605729613421953
jjas_tp,tp,ukmo,4,14.0,80.0,35,-2.233478939390948,5.735214515981127,-0.264217493122675
jjas_tp,tp,ukmo,4,15.5,74.0,35,-32.57130396902739,42.18233753484122,-0.1546879579030207
jjas_tp,tp,ukmo,4,15.5,75.5,35,-1.1708742784572734,5.291227092457743,0.11408568506645024
jjas_tp,tp,ukmo,4,15.5,77.0,35,-1.499482722688071,3.7328243691379956,0.28917874985429554
jjas_tp,tp,ukmo,4,15.5,78.5,35,-2.707207615773511,6.433787447821381,-0.14911961688526726
jjas_tp,tp,ukmo,4,15.5,80.0,35,-3.2960363867679714,7.611774547809746,0.031067156832758628
jjas_tp,tp,ukmo,4,17.0,74.0,35,-7.1404240355242985,15.543555237792782,-0.17510181535473998
jjas_tp,tp,ukmo,4,17.0,75.5,35,-1.8091452357694733,4.479202782487835,-0.018656758691722217
jjas_tp,tp,ukmo,4,17.0,77.0,35,-1.9474312732564658,3.563158431689937,0.36566519609088555
jjas_tp,tp,ukmo,4,17.0,78.5,35,-1.6174229071854436,5.165799492432346,0.07203743439072491
jjas_tp,tp,ukmo,4,17.0,80.0,35,-1.3025559925888146,4.995558839726504,0.2215031658333188
jjas_tp,tp,ukmo,4,17.0,81.5,35,-1.8068408467038162,5.6476346221455085,-0.017134646439302324
jjas_tp,tp,ukmo,4,18.5,74.0,35,-4.634074141844804,9.027222976170385,-0.29111816216448266
jjas_tp,tp,ukmo,4,18.5,75.5,35,-2.9692436112795906,5.9532267533321,0.357342680981208
jjas_tp,tp,ukmo,4,18.5,77.0,35,-2.88484525038821,5.7458806951893955,0.3402820621238849
jjas_tp,tp,ukmo,4,18.5,78.5,35,-4.365590729517735,7.029501078933332,0.33976797138203774
jjas_tp,tp,ukmo,4,18.5,80.0,35,-6.071972342912572,14.244539397385655,-0.08305547273475948
jjas_tp,tp,ukmo,4,18.5,81.5,35,-5.363748217779738,14.048730189094815,-0.20059180627179293
jjas_tp,tp,ukmo,4,18.5,83.0,35,-1.5016827822555714,7.37821481266507,-0.09651549086702473
jjas_tp,tp,ukmo,4,20.0,74.0,35,-2.7740845944032086,5.920913270415789,-0.03610665158460981
jjas_tp,tp,ukmo,4,20.0,75.5,35,-3.502671521257365,6.763712595388744,0.2430695421437431
jjas_tp,tp,ukmo,4,20.0,77.0,35,-3.2963829384942764,5.653123925742371,0.24274558059190077
jjas_tp,tp,ukmo,4,20.0,78.5,35,-0.1872131548290203,5.34437719622537,0.4233641334756471
jjas_tp,tp,ukmo,4,20.0,80.0,35,-8.729025137575675,14.583218482735104,0.2384823063198495
jjas_tp,tp,ukmo,4,20.0,81.5,35,-1.0863519503042174,6.582402220518155,0.20100195861350753
jjas_tp,tp,ukmo,4,20.0,83.0,35,-1.4316412940065228,8.065363911471835,0.02938772758311601
jjas_tp,tp,ukmo,4,20.0,84.5,35,-3.1431711639927276,9.136123488553645,-0.025148869732650146
jjas_tp,tp,ukmo,4,21.5,71.0,35,-5.071612411462749,7.612160536756987,0.3414037025440893
jjas_tp,tp,ukmo,4,21.5,74.0,35,-8.167452682942413,13.635796388816033,-0.08946931221814342
jjas_tp,tp,ukmo,4,21.5,75.5,35,-4.40264222941026,6.585359765648026,0.2203008520116352
jjas_tp,tp,ukmo,4,21.5,77.0,35,-7.733700272369347,11.829772519358523,0.0218881476436375
jjas_tp,tp,ukmo,4,21.5,78.5,35,-3.690640388331012,7.062254517396735,0.41315259243377084
jjas_tp,tp,ukmo,4,21.5,80.0,35,-2.987332264734889,7.949802969983642,0.39275207919722804
jjas_tp,tp,ukmo,4,21.5,81.5,35,-1.741684811683479,8.720378102728905,0.23918572751581224
jjas_tp,tp,ukmo,4,21.5,83.0,35,-2.0815758222918666,9.991215722612989,-0.12415482857279612
jjas_tp,tp,ukmo,4,21.5,84.5,35,-0.18312095501766326,8.205984889399168,0.1405499227379719
jjas_tp,tp,ukmo,4,21.5,86.0,35,-1.1472299064631846,6.818763604163453,-0.07617622747796136
jjas_tp,tp,ukmo,4,23.0,71.0,35,-5.5177399247047845,11.641786009588715,0.2900128814209367
jjas_tp,tp,ukmo,4,23.0,72.5,35,-4.888810542709223,8.402452180875622,0.21578982840520583
jjas_tp,tp,ukmo,4,23.0,74.0,35,-4.715439267382119,8.407285127398438,0.2875145138092316
jjas_tp,tp,ukmo,4,23.0,75.5,35,-9.741620684019919,14.776984497081637,0.1692936238816764
jjas_tp,tp,ukmo,4,23.0,77.0,35,-8.820098619247053,14.144977983037332,0.13839132210464475
jjas_tp,tp,ukmo,4,23.0,78.5,35,-8.265584288456322,13.596422879821139,0.18977736918944046
jjas_tp,tp,ukmo,4,23.0,80.0,35,-6.336551671183894,11.69971468638112,0.1307142635869667
jjas_tp,tp,ukmo,4,23.0,81.5,35,-4.780756370154487,9.815870302969328,0.03308540084119191
jjas_tp,tp,ukmo,4,23.0,83.0,35,-1.315114387402691,8.886445882429602,-0.15252158270892846
jjas_tp,tp,ukmo,4,23.0,84.5,35,-1.0103244826024098,7.5104004840741005,0.04485408616521775
jjas_tp,tp,ukmo,4,23.0,86.0,35,0.817962164584022,6.571846015217756,-0.035518235624029636
jjas_tp,tp,ukmo,4,23.0,87.5,35,1.4482920181019006,6.335888498525732,0.023591293619499406
jjas_tp,tp,ukmo,4,24.5,72.5,35,-5.830934789412765,9.063773006023164,0.3049034913826649
jjas_tp,tp,ukmo,4,24.5,74.0,35,-5.329174861312181,7.419712148088758,0.4101499793923757
jjas_tp,tp,ukmo,4,24.5,75.5,35,-13.195755398006655,17.8917122250567,0.12493285704169692
jjas_tp,tp,ukmo,4,24.5,77.0,35,-8.521869804512407,11.497908458185044,0.556302143816698
jjas_tp,tp,ukmo,4,24.5,78.5,35,-2.773614872093956,7.426482928121922,0.15802815597757805
jjas_tp,tp,ukmo,4,24.5,80.0,35,-2.4649005509261435,8.623988787331518,-0.10349254176594394
jjas_tp,tp,ukmo,4,24.5,81.5,35,-3.1918104795108215,11.276054108388621,-0.03330482077755928
jjas_tp,tp,ukmo,4,24.5,83.0,35,-0.7817052585392253,10.197536659826481,-0.2883990857808249
jjas_tp,tp,ukmo,4,24.5,84.5,35,0.9216143382072021,9.319236564224756,-0.14114855636936996
jjas_tp,tp,ukmo,4,24.5,86.0,35,1.311943824495554,10.888269852170472,-0.16116259169635633
jjas_tp,tp,ukmo,4,24.5,87.5,35,2.1999168016259922,9.05907119009284,-0.16991651827941698
jjas_tp,tp,ukmo,4,24.5,93.5,35,5.074706307278266,6.352936546167558,0.21871727940161562
jjas_tp,tp,ukmo,4,26.0,71.0,35,-2.0296619900966375,3.881169338587586,0.06768001629789018
jjas_tp,tp,ukmo,4,26.0,72.5,35,-2.701305308943952,4.918118599106932,-0.17379325889469527
jjas_tp,tp,ukmo,4,26.0,74.0,35,-4.833017271569289,8.383227397337988,-0.36280433336870904
jjas_tp,tp,ukmo,4,26.0,75.5,35,-5.424864377255096,8.284510040241273,0.3077651398867404
jjas_tp,tp,ukmo,4,26.0,77.0,35,-1.6461142033420806,3.602906864672028,0.5468893090161558
jjas_tp,tp,ukmo,4,26.0,78.5,35,-0.9990873183162997,5.1133986610449815,0.06285430121839082
jjas_tp,tp,ukmo,4,26.0,80.0,35,-0.5280478546382354,6.63522437567645,-0.04132881163680469
jjas_tp,tp,ukmo,4,26.0,81.5,35,1.1253472753846028,10.384831852145805,-0.23887898020173573
jjas_tp,tp,ukmo,4,26.0,83.0,35,-0.9577318166452686,16.259872992126233,-0.2717511784781171
jjas_tp,tp,ukmo,4,26.0,84.5,35,0.23707952725250392,11.671713819697201,-0.4481645822026761
jjas_tp,tp,ukmo,4,26.0,86.0,35,-1.122017971808387,15.1547066379257,-0.34075235636785056
jjas_tp,tp,ukmo,4,26.0,87.5,35,1.2970790409527366,14.467725602982501,-0.5014111088220145
jjas_tp,tp,ukmo,4,26.0,90.5,35,-2.281839128965807,12.909975147232423,0.347799526897236
jjas_tp,tp,ukmo,4,26.0,92.0,35,8.13504556327733,10.258136742885586,0.2262652261741446
jjas_tp,tp,ukmo,4,26.0,93.5,35,6.203766852605437,8.185836549370975,0.016691022225485956
jjas_tp,tp,ukmo,4,26.0,95.0,35,6.164049435276834,9.050438665562758,-0.10919068309462543
jjas_tp,tp,ukmo,4,27.5,71.0,35,-1.1833860174630915,2.3631033449754675,0.13298350781892146
jjas_tp,tp,ukmo,4,27.5,72.5,35,-1.8226638781679543,3.2537783488432703,0.1173406790185086
jjas_tp,tp,ukmo,4,27.5,74.0,35,-2.909101464929887,4.74936141872058,-0.3012162058418817
jjas_tp,tp,ukmo,4,27.5,75.5,35,-6.188405717784327,11.220587506787517,-0.15224371736926956
jjas_tp,tp,ukmo,4,27.5,77.0,35,-0.845197449601215,3.0594253283779884,0.3481603655191808
jjas_tp,tp,ukmo,4,27.5,78.5,35,-1.3341778430160136,4.2595959653948885,0.25225116504194256
jjas_tp,tp,ukmo,4,27.5,80.0,35,-1.318419028064356,7.984788318265041,-0.305106265208848
jjas_tp,tp,ukmo,4,27.5,81.5,35,-3.1534375294582992,15.64813407233935,-0.4772739454774328
jjas_tp,tp,ukmo,4,27.5,93.5,35,-2.6541220830812575,8.953680590657545,0.6387583140539244
jjas_tp,tp,ukmo,4,27.5,95.0,35,4.838064699948189,7.7838614100302985,0.4031997500747101
jjas_tp,tp,ukmo,4,29.0,74.0,35,-0.2911772226684806,1.1966988011372823,0.26090879949992835
jjas_tp,tp,ukmo,4,29.0,75.5,35,0.2835202411661367,1.6170906773772489,0.35051824256576447
jjas_tp,tp,ukmo,4,29.0,77.0,35,0.39615103093403137,3.6822171903580427,0.3383599971439298
jjas_tp,tp,ukmo,4,29.0,78.5,35,0.4394425095844955,5.805038815370493,-0.3028719870267816
jjas_tp,tp,ukmo,4,29.0,80.0,35,-2.630505531168386,7.973719527490886,0.04184996330722124
jjas_tp,tp,ukmo,4,29.0,95.0,35,2.098724437076302,11.182168825759636,0.46740279647259897
jjas_tp,tp,ukmo,4,30.5,74.0,35,-0.4132753468916214,2.7034984224928813,0.08889011870309614
jjas_tp,tp,ukmo,4,30.5,75.5,35,-1.3436121442595237,5.890838076048205,-0.11427180150904202
jjas_tp,tp,ukmo,4,30.5,77.0,35,-3.876418338865144,11.888552827344865,-0.1906304929342345
jjas_tp,tp,ukmo,4,30.5,78.5,35,0.4810429504775028,4.075004846146248,0.4418341321349294
jjas_tp,tp,ukmo,4,30.5,80.0,35,-7.417571396924674,11.289670710628036,-0.0585229698707755
jjas_tp,tp,ukmo,4,32.0,75.5,35,-0.3577551840855362,4.033464845327484,0.42435171708896935
jjas_tp,tp,ukmo,4,32.0,77.0,35,-0.2509971096391035,3.9272257544302915,0.3262834309943503
jjas_tp,tp,ukmo,4,32.0,78.5,35,2.1553777124725344,2.836137059714461,0.008916445212558317
jjas_tp,tp,ukmo,4,33.5,74.0,35,-0.9726184180611199,4.365785456673088,-0.056841521315286234
jjas_tp,tp,ukmo,4,33.5,75.5,35,-0.05765849241163942,2.858559839472572,0.22269932499059292
jjas_tp,tp,ukmo,4,33.5,77.0,35,-4.723537032116973,7.438218081247984,-0.481902048839339
jjas_tp,tp,ukmo,4,33.5,78.5,35,0.3421871781135523,0.9580302469409047,0.7870177926660529
jjas_tp,tp,ukmo,4,35.0,75.5,35,0.9477023272457282,2.0867169856571977,0.2706010109738591
jjas_tp,tp,ukmo,4,35.0,77.0,35,-1.0047154949374668,4.880345583940559,-0.3233912682591546
jjas_tp,tp,ukmo,4,35.0,78.5,35,-1.6101237227323477,5.842223119092563,-0.32523890447592985
jjas_tp,tp,ukmo,4,35.0,80.0,35,0.3037915328327688,1.6522056021824214,0.35293556668469217
jjas_tp,tp,ukmo,4,36.5,74.0,35,-1.6069843861065614,7.171224540600182,-0.3098373479912457
jjas_tp,tp,ukmo,4,36.5,75.5,35,0.7143500865882426,2.753627498515503,-0.2840261831935
jjas_tp,tp,ukmo,5,9.5,77.0,35,-13.566514823859231,21.330319311540343,-0.1607501802953566
jjas_tp,tp,ukmo,5,9.5,78.5,35,-2.421064255306763,4.75319225371117,-0.3148071069389207
jjas_tp,tp,ukmo,5,11.0,77.0,35,0.7904708901213277,5.97491003625165,-0.2143574272145177
jjas_tp,tp,ukmo,5,11.0,78.5,35,-0.6809657242208246,3.3777505792864964,0.10789325633989297
jjas_tp,tp,ukmo,5,12.5,75.5,35,-18.925262870364598,31.939210386757548,-0.06359251125132556
jjas_tp,tp,ukmo,5,12.5,77.0,35,-1.986981412466793,5.456325789319734,0.39822506530110635
jjas_tp,tp,ukmo,5,12.5,78.5,35,-1.5016793730594808,6.446023176498419,-0.3378831063371703
jjas_tp,tp,ukmo,5,14.0,75.5,35,-1.925203634197602,8.900981311118336,0.061461975102832966
jjas_tp,tp,ukmo,5,14.0,77.0,35,-2.42503734093736,8.041451837883724,-0.19554887375148755
jjas_tp,tp,ukmo,5,14.0,78.5,35,-1.701782556972836,6.567637740611291,-0.29301766946622787
jjas_tp,tp,ukmo,5,14.0,80.0,35,-3.1674144312754158,5.770982436821409,0.2511601484940957
jjas_tp,tp,ukmo,5,15.5,74.0,35,-30.65733032157674,40.27524885832597,-0.17463205087140002
jjas_tp,tp,ukmo,5,15.5,75.5,35,-1.1045792881900163,5.454097412098745,0.10414900083041022
jjas_tp,tp,ukmo,5,15.5,77.0,35,-1.7343055677935593,4.254805592523273,0.03318607327318021
jjas_tp,tp,ukmo,5,15.5,78.5,35,-3.1486672527341555,7.070337001561466,-0.3420922805044475
jjas_tp,tp,ukmo,5,15.5,80.0,35,-4.352542594001289,8.1267713200971,0.07692404858422133
jjas_tp,tp,ukmo,5,17.0,74.0,35,-6.740397196427627,14.011956840024945,0.3664931051283292
jjas_tp,tp,ukmo,5,17.0,75.5,35,-2.1195846824584543,5.000674019975942,-0.1800958267094094
jjas_tp,tp,ukmo,5,17.0,77.0,35,-2.2220144748225894,4.055836360643957,0.1543804745632776
jjas_tp,tp,ukmo,5,17.0,78.5,35,-2.094436341745429,5.8346595928359575,-0.1647447483213887
jjas_tp,tp,ukmo,5,17.0,80.0,35,-2.1068180145119273,5.071884748578479,0.23847727213522874
jjas_tp,tp,ukmo,5,17.0,81.5,35,-2.252357472933178,5.089439137906284,0.2705619986655576
jjas_tp,tp,ukmo,5,18.5,74.0,35,-4.233780717464742,8.368863071937064,-0.043712456353167395
jjas_tp,tp,ukmo,5,18.5,75.5,35,-3.2084266445251,6.367184067500149,0.20504864018697586
jjas_tp,tp,ukmo,5,18.5,77.0,35,-3.5626545430666217,6.26596734913211,0.2563090246936221
jjas_tp,tp,ukmo,5,18.5,78.5,35,-5.1224930992604065,7.823369917571488,0.1856168611751959
jjas_tp,tp,ukmo,5,18.5,80.0,35,-6.901412757054537,13.119488144951399,0.24043119768022375
jjas_tp,tp,ukmo,5,18.5,81.5,35,-6.3028676180871175,12.48408225866627,0.33059638786007806
jjas_tp,tp,ukmo,5,18.5,83.0,35,-2.148798361724974,6.749635268682413,-0.011557203461927072
jjas_tp,tp,ukmo,5,20.0,74.0,35,-3.3701157589874646,6.64574402001728,0.20657206377295287
jjas_tp,tp,ukmo,5,20.0,75.5,35,-3.460888490562531,7.291342359487429,0.038707759697389627
jjas_tp,tp,ukmo,5,20.0,77.0,35,-3.4180984868196567,5.3569827790355875,0.41017686609030185
jjas_tp,tp,ukmo,5,20.0,78.5,35,-0.5125089100429192,4.769978172864875,0.5346665370896732
jjas_tp,tp,ukmo,5,20.0,80.0,35,-8.68449521198726,13.540902904238163,0.4343979731709111
jjas_tp,tp,ukmo,5,20.0,81.5,35,-1.4651899872654859,5.7328589606676505,0.29763859355989786
jjas_tp,tp,ukmo,5,20.0,83.0,35,-2.0973948713299624,6.906222004111453,0.25071799148053237
jjas_tp,tp,ukmo,5,20.0,84.5,35,-3.7792937788484147,7.973907018267755,0.3123488150480872
jjas_tp,tp,ukmo,5,21.5,71.0,35,-5.039931207559825,7.5647075885351125,0.23754601269752793
jjas_tp,tp,ukmo,5,21.5,74.0,35,-7.90013082283735,12.98355255237468,0.06630006866711234
jjas_tp,tp,ukmo,5,21.5,75.5,35,-4.1002503098453875,5.828251773546941,0.4971631312934049
jjas_tp,tp,ukmo,5,21.5,77.0,35,-7.2134018293437325,11.207827065556955,0.08720578645286352
jjas_tp,tp,ukmo,5,21.5,78.5,35,-3.3550005815892496,6.998644771592899,0.39042042327095045
jjas_tp,tp,ukmo,5,21.5,80.0,35,-2.2079616610818085,6.373900771157211,0.5399261087469721
jjas_tp,tp,ukmo,5,21.5,81.5,35,-1.712365598694363,8.07082860681263,0.3297436158941519
jjas_tp,tp,ukmo,5,21.5,83.0,35,-1.769776036764006,8.595594035604522,0.11285772106832186
jjas_tp,tp,ukmo,5,21.5,84.5,35,-0.09032849842950819,6.7832389789005205,0.4381260491191321
jjas_tp,tp,ukmo,5,21.5,86.0,35,-1.4775070978020384,4.895644346542017,0.5212077393670602
jjas_tp,tp,ukmo,5,23.0,71.0,35,-5.9037016868591605,11.823288027568873,0.2515386420595411
jjas_tp,tp,ukmo,5,23.0,72.5,35,-5.209171137104247,8.55414499878095,0.12387043229642644
jjas_tp,tp,ukmo,5,23.0,74.0,35,-4.569474824147481,8.623311407757138,0.15755309833789366
jjas_tp,tp,ukmo,5,23.0,75.5,35,-8.862948657060324,14.25458882795776,0.13037945925959132
jjas_tp,tp,ukmo,5,23.0,77.0,35,-8.416086727375532,13.455551274817319,0.2520154843646646
jjas_tp,tp,ukmo,5,23.0,78.5,35,-7.656353763644375,13.097939044329,0.22793288951318066
jjas_tp,tp,ukmo,5,23.0,80.0,35,-5.417977630363457,10.699980475297696,0.2532062608228424
jjas_tp,tp,ukmo,5,23.0,81.5,35,-4.217665115367196,8.677405257415142,0.2647004191989343
jjas_tp,tp,ukmo,5,23.0,83.0,35,-0.5674278171354723,7.515826840488561,0.13301888325445177
jjas_tp,tp,ukmo,5,23.0,84.5,35,-0.6311414002079717,6.342826879727874,0.32593611882459567
jjas_tp,tp,ukmo,5,23.0,86.0,35,0.7396570256435393,5.247609947094247,0.3780629967668987
jjas_tp,tp,ukmo,5,23.0,87.5,35,1.5504822112680734,5.895589985522842,0.1638051139748315
jjas_tp,tp,ukmo,5,24.5,72.5,35,-5.8546838086342365,9.079167059705044,0.29307132814772224
jjas_tp,tp,ukmo,5,24.5,74.0,35,-5.326911144252596,7.762842702564969,0.2331325739238322
jjas_tp,tp,ukmo,5,24.5,75.5,35,-13.137404333487304,18.52595543083417,-0.13675390262337006
jjas_tp,tp,ukmo,5,24.5,77.0,35,-8.66086228467477,12.417072608811774,0.26922964863604076
jjas_tp,tp,ukmo,5,24.5,78.5,35,-2.7751168977237,6.511376300079016,0.4033410005439386
jjas_tp,tp,ukmo,5,24.5,80.0,35,-2.255772699003758,7.999101309038758,0.10189750289911699
jjas_tp,tp,ukmo,5,24.5,81.5,35,-2.9262288626548485,10.319471849157681,0.1539293909166598
jjas_tp,tp,ukmo,5,24.5,83.0,35,-0.38133402700270735,9.369886465965754,-0.12218231793777622
jjas_tp,tp,ukmo,5,24.5,84.5,35,0.8640971702847638,8.886936249827947,-0.16418445382050298
jjas_tp,tp,ukmo,5,24.5,86.0,35,1.1084920480898883,10.161171353903976,-0.11614593830354361
jjas_tp,tp,ukmo,5,24.5,87.5,35,1.9409234336881094,8.295948340493245,0.10710486734649492
jjas_tp,tp,ukmo,5,24.5,93.5,35,4.021813049099393,5.651306907289056,0.16829863912076434
jjas_tp,tp,ukmo,5,26.0,71.0,35,-2.049205543416165,3.8224879122393842,0.11754328660557466
jjas_tp,tp,ukmo,5,26.0,72.5,35,-2.7165615385453257,4.796009406399838,-0.07668010399491772
jjas_tp,tp,ukmo,5,26.0,74.0,35,-4.847609194588142,8.283583646988115,-0.2309569821362573
jjas_tp,tp,ukmo,5,26.0,75.5,35,-5.564080058732134,8.890200844826087,0.0890485555707548
jjas_tp,tp,ukmo,5,26.0,77.0,35,-2.100950000448726,4.13574522093544,0.39951974629007786
jjas_tp,tp,ukmo,5,26.0,78.5,35,-1.232032851870154,4.800664199313424,0.17584028240321584
jjas_tp,tp,ukmo,5,26.0,80.0,35,-0.5461402608245017,6.03228470733653,0.0975114384072176
jjas_tp,tp,ukmo,5,26.0,81.5,35,0.9659644545801287,9.359581125405386,-0.08523682224049903
jjas_tp,tp,ukmo,5,26.0,83.0,35,-1.3093082594640084,15.20243352351199,-0.10077703467334258
jjas_tp,tp,ukmo,5,26.0,84.5,35,-0.587301330476996,10.758371104284853,-0.42999822192364234
jjas_tp,tp,ukmo,5,26.0,86.0,35,-2.0386719413113235,14.661584850974615,-0.3199185936947397
jjas_tp,tp,ukmo,5,26.0,87.5,35,0.7374745631309148,13.66448426152475,-0.39209926862481587
jjas_tp,tp,ukmo,5,26.0,90.5,35,-1.9139009002888103,12.811024708082726,0.250328748439088
jjas_tp,tp,ukmo,5,26.0,92.0,35,5.906194444812302,8.29476227647098,-1.867477682354151e-05
jjas_tp,tp,ukmo,5,26.0,93.5,35,4.302654647088004,6.864022021068275,-0.20588967187757912
jjas_tp,tp,ukmo,5,26.0,95.0,35,4.603049325812904,8.027157729351622,-0.10997905438175583
jjas_tp,tp,ukmo,5,27.5,71.0,35,-1.2619156837308796,2.3519724372451387,0.20798478069428947
jjas_tp,tp,ukmo,5,27.5,72.5,35,-1.9808372584593923,3.2525970774318473,0.18996341407878561
jjas_tp,tp,ukmo,5,27.5,74.0,35,-3.0750713779386314,4.824870573993444,-0.31326194515561856
jjas_tp,tp,ukmo,5,27.5,75.5,35,-6.32221551578199,11.272015409958367,-0.13159359938117432
jjas_tp,tp,ukmo,5,27.5,77.0,35,-1.3029020580734205,3.028962003556042,0.41699302795267434
jjas_tp,tp,ukmo,5,27.5,78.5,35,-1.8441104667778832,4.350357434767102,0.21840030169525226
jjas_tp,tp,ukmo,5,27.5,80.0,35,-1.8288549407973387,7.1281757624460225,-0.15510921665246222
jjas_tp,tp,ukmo,5,27.5,81.5,35,-3.886852985369828,14.93546146636754,-0.421698830741289
jjas_tp,tp,ukmo,5,27.5,93.5,35,-3.458588735339424,10.691144754694562,0.27471142121364067
jjas_tp,tp,ukmo,5,27.5,95.0,35,3.3555571458997235,7.228095403881762,0.2194340637695043
jjas_tp,tp,ukmo,5,29.0,74.0,35,-0.46053276282362005,1.2419645649144453,0.20282976815852696
jjas_tp,tp,ukmo,5,29.0,75.5,35,-0.05553886830541077,1.766793011395194,0.17578264385477954
jjas_tp,tp,ukmo,5,29.0,77.0,35,-0.3405963728380776,3.9226052712436226,0.12689331885191793
jjas_tp,tp,ukmo,5,29.0,78.5,35,-0.3814857055762807,5.234430887266631,-0.2519894334953926
jjas_tp,tp,ukmo,5,29.0,80.0,35,-3.225306680464991,8.296326875390738,-0.08274156374275302
jjas_tp,tp,ukmo,5,29.0,95.0,35,1.3060151961587723,12.24511027425884,0.10576172894758512
jjas_tp,tp,ukmo,5,30.5,74.0,35,-0.6732210453260081,2.9205482570433086,-0.10069367074604119
jjas_tp,tp,ukmo,5,30.5,75.5,35,-1.7327429186589547,5.813820721063682,-0.09060794056042112
jjas_tp,tp,ukmo,5,30.5,77.0,35,-4.628632917702286,12.348970954516934,-0.23163406315188811
jjas_tp,tp,ukmo,5,30.5,78.5,35,0.01710817874344282,3.861636632039185,0.4858877613259658
jjas_tp,tp,ukmo,5,30.5,80.0,35,-7.545378261273874,11.705669962120583,-0.18643568492551849
jjas_tp,tp,ukmo,5,32.0,75.5,35,-1.0032088265953512,3.731258153576419,0.5392348222260345
jjas_tp,tp,ukmo,5,32.0,77.0,35,-0.6780434739483256,3.6225049249672527,0.49497180384840855
jjas_tp,tp,ukmo,5,32.0,78.5,35,1.8760870707221329,2.5507091015352117,0.09825976428792679
jjas_tp,tp,ukmo,5,33.5,74.0,35,-2.0311922909779585,4.1113192925965585,0.12654913917328553
jjas_tp,tp,ukmo,5,33.5,75.5,35,-0.588475084152205,2.491512360807697,0.3961651698290966
jjas_tp,tp,ukmo,5,33.5,77.0,35,-4.745231650138711,7.414794906888344,-0.5184762331532016
jjas_tp,tp,ukmo,5,33.5,78.5,35,0.30952032876364044,1.0463806300472211,0.7320650242810641
jjas_tp,tp,ukmo,5,35.0,75.5,35,0.5804328527229483,1.8409891609415088,0.26754395175111273
jjas_tp,tp,ukmo,5,35.0,77.0,35,-1.1515086638170207,4.8392084482447135,-0.31072929352881135
jjas_tp,tp,ukmo,5,35.0,78.5,35,-1.7284281663995766,5.8374838454287685,-0.3397919671502129
jjas_tp,tp,ukmo,5,35.0,80.0,35,0.17020058529747145,1.659820030904073,0.3259847443002849
jjas_tp,tp,ukmo,5,36.5,74.0,35,-2.023145418804848,7.081908005985726,-0.2711151705632338
jjas_tp,tp,ukmo,5,36.5,75.5,35,0.35018800206127626,2.3907965902652935,-0.05141618105864181
jjas_tp,tp,ukmo,6,9.5,77.0,35,-13.297284796094662,21.15500283003555,-0.14992404252117994
jjas_tp,tp,ukmo,6,9.5,78.5,35,-2.3854715163209694,5.1068613710191455,-0.144353374819941
jjas_tp,tp,ukmo,6,11.0,77.0,35,0.07259202519697795,5.823146349148959,-0.15040209079136968
jjas_tp,tp,ukmo,6,11.0,78.5,35,-0.9003807387403434,3.7000695887033594,-0.09070426008995672
jjas_tp,tp,ukmo,6,12.5,75.5,35,-18.168051862663457,31.790053045194274,-0.0941159293351247
jjas_tp,tp,ukmo,6,12.5,77.0,35,-2.315274646269187,5.1569985778715814,0.58121393187232
jjas_tp,tp,ukmo,6,12.5,78.5,35,-1.805949509285745,6.4894931775804565,-0.45490796970141906
jjas_tp,tp,ukmo,6,14.0,75.5,35,-2.5444154648247013,9.460679174976484,-0.1791467039907791
jjas_tp,tp,ukmo,6,14.0,77.0,35,-2.575656847811548,7.536910710958877,-0.02264908480757504
jjas_tp,tp,ukmo,6,14.0,78.5,35,-1.8469521808917868,6.183736311702182,-0.35480699234258745
jjas_tp,tp,ukmo,6,14.0,80.0,35,-2.725067523736802,6.437178016554665,0.29960005628250497
jjas_tp,tp,ukmo,6,15.5,74.0,35,-28.7056481968751,39.84301582187136,-0.28280440887882846
jjas_tp,tp,ukmo,6,15.5,75.5,35,-1.202103373998028,5.2399044098935095,0.15364329292148793
jjas_tp,tp,ukmo,6,15.5,77.0,35,-1.5333937656290744,4.239157503384989,0.09715265916269214
jjas_tp,tp,ukmo,6,15.5,78.5,35,-3.007563335649424,6.869831796577497,-0.2573344680712034
jjas_tp,tp,ukmo,6,15.5,80.0,35,-3.992198471697824,8.55490584764297,-0.17620864567281874
jjas_tp,tp,ukmo,6,17.0,74.0,35,-6.232244183700973,15.078170883746127,-0.21423526909355384
jjas_tp,tp,ukmo,6,17.0,75.5,35,-2.141260998124089,4.772720062189779,-0.028585178156372206
jjas_tp,tp,ukmo,6,17.0,77.0,35,-2.102123116022417,4.250758904627298,0.21347710332120534
jjas_tp,tp,ukmo,6,17.0,78.5,35,-1.901744414058224,5.573761283766518,0.0016948820391008133
jjas_tp,tp,ukmo,6,17.0,80.0,35,-2.033784944528995,5.401753179221224,-0.05912894486472477
jjas_tp,tp,ukmo,6,17.0,81.5,35,-2.0682669487199745,5.755301057801099,-0.14960196291580655
jjas_tp,tp,ukmo,6,18.5,74.0,35,-4.373318344964431,8.702724249462282,-0.2681763714812266
jjas_tp,tp,ukmo,6,18.5,75.5,35,-3.419387071885343,6.439301241819754,0.1808665938519018
jjas_tp,tp,ukmo,6,18.5,77.0,35,-3.8949560639024265,6.366389946657323,0.21683456394522072
jjas_tp,tp,ukmo,6,18.5,78.5,35,-5.221633769141518,8.172786376183254,-0.15933514031411447
jjas_tp,tp,ukmo,6,18.5,80.0,35,-6.818048356950125,14.740905600526936,-0.26220491920990513
jjas_tp,tp,ukmo,6,18.5,81.5,35,-6.049761702492925,14.289131853318843,-0.23105273215642202
jjas_tp,tp,ukmo,6,18.5,83.0,35,-2.4380541185040903,7.196668276046228,-0.05612481275946914
jjas_tp,tp,ukmo,6,20.0,74.0,35,-3.456763383407649,7.094777424637062,-0.03582676491815141
jjas_tp,tp,ukmo,6,20.0,75.5,35,-3.6428561874567493,7.0209000197121965,0.17819439701458423
jjas_tp,tp,ukmo,6,20.0,77.0,35,-3.329681658423056,6.020018179527597,0.008374432810759348
jjas_tp,tp,ukmo,6,20.0,78.5,35,-0.4501090699919644,5.608388405053894,0.24672042787300663
jjas_tp,tp,ukmo,6,20.0,80.0,35,-8.26893218275154,14.062286835356801,0.23713408563268581
jjas_tp,tp,ukmo,6,20.0,81.5,35,-1.6648419609244878,5.141930529668063,0.31271383715733236
jjas_tp,tp,ukmo,6,20.0,83.0,35,-2.7660028111017723,6.360607543356852,0.43703755095977526
jjas_tp,tp,ukmo,6,20.0,84.5,35,-5.01835151821671,9.081973760044214,0.074079154733826
jjas_tp,tp,ukmo,6,21.5,71.0,35,-5.295040381193535,8.058857727637902,-0.0020187509786046003
jjas_tp,tp,ukmo,6,21.5,74.0,35,-7.504009158018415,13.604933679606223,-0.34361598797450027
jjas_tp,tp,ukmo,6,21.5,75.5,35,-4.340194381059588,6.657913121738955,0.09628338383882863
jjas_tp,tp,ukmo,6,21.5,77.0,35,-6.759099123901465,11.557594749743961,-0.1382760004356723
jjas_tp,tp,ukmo,6,21.5,78.5,35,-3.2099485169265143,6.855252983587499,0.35323173088391324
jjas_tp,tp,ukmo,6,21.5,80.0,35,-1.4887356738312358,5.673355904457178,0.5643674030165778
jjas_tp,tp,ukmo,6,21.5,81.5,35,-1.8269713870472353,7.640017366079915,0.3807766313803019
jjas_tp,tp,ukmo,6,21.5,83.0,35,-2.192814910504365,7.8185852681277845,0.17162988341476876
jjas_tp,tp,ukmo,6,21.5,84.5,35,-1.1714529552213324,6.396388222512623,0.5035758205913362
jjas_tp,tp,ukmo,6,21.5,86.0,35,-1.9765541750736226,6.2764526465093144,0.08587468988759976
jjas_tp,tp,ukmo,6,23.0,71.0,35,-6.234166124509345,11.986458339627609,0.18899163754127266
jjas_tp,tp,ukmo,6,23.0,72.5,35,-5.476208798239385,8.97322213543945,0.022905440722451913
jjas_tp,tp,ukmo,6,23.0,74.0,35,-4.2244285706977704,8.191297469462567,0.20435849313178533
jjas_tp,tp,ukmo,6,23.0,75.5,35,-8.081506579048305,13.572773901688265,0.12089781507547966
jjas_tp,tp,ukmo,6,23.0,77.0,35,-7.508892235052026,12.80102697908588,0.27591489775728156
jjas_tp,tp,ukmo,6,23.0,78.5,35,-6.512463888166065,11.504988176289475,0.4313670134155849
jjas_tp,tp,ukmo,6,23.0,80.0,35,-4.448533402298612,10.478859738818144,0.2042978303131204
jjas_tp,tp,ukmo,6,23.0,81.5,35,-3.1860767830224983,8.288548215687479,0.15664822350003105
jjas_tp,tp,ukmo,6,23.0,83.0,35,0.11478315283345399,6.216760533239148,0.1476999620551921
jjas_tp,tp,ukmo,6,23.0,84.5,35,-1.0896308644683015,6.47813168822182,0.2561836980628153
jjas_tp,tp,ukmo,6,23.0,86.0,35,0.36590355776819977,5.773721446899539,0.12458497481753104
jjas_tp,tp,ukmo,6,23.0,87.5,35,1.4251581447444757,6.308439908057772,0.031463290651409764
jjas_tp,tp,ukmo,6,24.5,72.5,35,-5.864605012618599,9.318530707640383,0.24164475373367372
jjas_tp,tp,ukmo,6,24.5,74.0,35,-5.007199943157501,7.651004678206203,0.21397876048730508
jjas_tp,tp,ukmo,6,24.5,75.5,35,-12.19260228943652,18.18617828872716,-0.17171554307135867
jjas_tp,tp,ukmo,6,24.5,77.0,35,-8.156741424817506,13.081509557320608,0.018554019041632227
jjas_tp,tp,ukmo,6,24.5,78.5,35,-2.3579148598045387,6.9886205749681425,0.31885658279407214
jjas_tp,tp,ukmo,6,24.5,80.0,35,-1.6422824811583925,7.209279422572053,0.26111813751880797
jjas_tp,tp,ukmo,6,24.5,81.5,35,-2.4800819342796645,9.573686368805312,0.10260671904667663
jjas_tp,tp,ukmo,6,24.5,83.0,35,-0.07031077718022923,7.870568606985837,-0.09768216568406833
jjas_tp,tp,ukmo,6,24.5,84.5,35,0.6240039502752396,8.143248567901223,-0.09426404922212833
jjas_tp,tp,ukmo,6,24.5,86.0,35,0.9087671927846018,9.751949627880697,-0.20814519632311027
jjas_tp,tp,ukmo,6,24.5,87.5,35,1.8302172769152527,8.812025412929538,-0.2297700987482061
jjas_tp,tp,ukmo,6,24.5,93.5,35,4.537738237821216,6.129488561786312,-7.992113001716355e-05
jjas_tp,tp,ukmo,6,26.0,71.0,35,-1.9896853638504959,3.8258513097233906,0.09811930687360725
jjas_tp,tp,ukmo,6,26.0,72.5,35,-2.6444434131528007,4.896020001324456,-0.1662304170808125
jjas_tp,tp,ukmo,6,26.0,74.0,35,-4.192986456089987,8.006998869701713,-0.37421540887521487
jjas_tp,tp,ukmo,6,26.0,75.5,35,-5.58602936158268,9.332931917142705,-0.13180714330907634
jjas_tp,tp,ukmo,6,26.0,77.0,35,-1.9405577836212082,4.235648725050897,0.2627636557714433
jjas_tp,tp,ukmo,6,26.0,78.5,35,-1.132231992957099,5.023773834612537,0.0727535009795392
jjas_tp,tp,ukmo,6,26.0,80.0,35,-0.8527835202798507,6.54640855986325,-0.0728457882270697
jjas_tp,tp,ukmo,6,26.0,81.5,35,0.4737357159364039,9.09592293076317,-0.2418184343196087
jjas_tp,tp,ukmo,6,26.0,83.0,35,-1.6010380300147566,15.522297502008337,-0.3750751091814199
jjas_tp,tp,ukmo,6,26.0,84.5,35,-0.19121565823078285,10.147287551413555,-0.5098417626883553
jjas_tp,tp,ukmo,6,26.0,86.0,35,-1.406338782633894,14.636820784081305,-0.5140372933334045
jjas_tp,tp,ukmo,6,26.0,87.5,35,1.627949832159368,13.530420326358298,-0.6778210034034661
jjas_tp,tp,ukmo,6,26.0,90.5,35,1.6048587697085057,11.101688229521619,0.4013921112123909
jjas_tp,tp,ukmo,6,26.0,92.0,35,7.832548234061827,10.648471587688443,-0.22721284632698735
jjas_tp,tp,ukmo,6,26.0,93.5,35,5.505501225921843,8.089552659191044,-0.5344024271071657
jjas_tp,tp,ukmo,6,26.0,95.0,35,5.142639393778518,8.109431733694695,-0.06596275654526615
jjas_tp,tp,ukmo,6,27.5,71.0,35,-1.3951805733710012,2.438773335326684,0.24692812238495535
jjas_tp,tp,ukmo,6,27.5,72.5,35,-2.046934148718712,3.311792084568938,0.13447080697880368
jjas_tp,tp,ukmo,6,27.5,74.0,35,-2.990829872333039,4.902242140989789,-0.3704162005168851
jjas_tp,tp,ukmo,6,27.5,75.5,35,-6.272726596466,11.806336360055399,-0.4276281775166297
jjas_tp,tp,ukmo,6,27.5,77.0,35,-1.3729063328533897,3.410548312810474,0.1805162723349506
jjas_tp,tp,ukmo,6,27.5,78.5,35,-1.8686563269874041,3.980611268382644,0.18023525911500102
jjas_tp,tp,ukmo,6,27.5,80.0,35,-1.9011445168048355,6.220248443093962,-0.13637479454498933
jjas_tp,tp,ukmo,6,27.5,81.5,35,-2.823821784622412,11.987452242108676,-0.36111770731451076
jjas_tp,tp,ukmo,6,27.5,93.5,35,-0.6370061030788791,9.317219213096813,0.30692643399886943
jjas_tp,tp,ukmo,6,27.5,95.0,35,5.216722622161938,8.116226133346096,0.190437233817743
jjas_tp,tp,ukmo,6,29.0,74.0,35,-0.5528153227647975,1.390939959106232,0.17134682984020974
jjas_tp,tp,ukmo,6,29.0,75.5,35,-0.20458275935683315,1.9152344103639756,0.00900775171350465
jjas_tp,tp,ukmo,6,29.0,77.0,35,-0.5573435353972046,4.090772695099179,0.009804285792333839
jjas_tp,tp,ukmo,6,29.0,78.5,35,-0.3760374865807015,4.395244821288065,0.018337688307916926
jjas_tp,tp,ukmo,6,29.0,80.0,35,-3.4775383259604697,7.555824771985158,0.13218072884297002
jjas_tp,tp,ukmo,6,29.0,95.0,35,4.331491104120182,10.463387339847788,0.2782283838227219
jjas_tp,tp,ukmo,6,30.5,74.0,35,-0.7763341064065882,2.9929179041691296,-0.10970183507948345
jjas_tp,tp,ukmo,6,30.5,75.5,35,-1.959773324595536,6.020494410294779,-0.25414324156037477
jjas_tp,tp,ukmo,6,30.5,77.0,35,-4.354338146270103,12.293054904483245,-0.29059837599382976
jjas_tp,tp,ukmo,6,30.5,78.5,35,-0.1483213852721545,4.192992011897892,0.3411611210615343
jjas_tp,tp,ukmo,6,30.5,80.0,35,-7.3617187237840085,11.473069456177377,-0.19150490150167798
jjas_tp,tp,ukmo,6,32.0,75.5,35,-1.3498950870031179,3.828678195250818,0.5071849792384953
jjas_tp,tp,ukmo,6,32.0,77.0,35,-1.2490890941276582,4.128819816826509,0.2733607421664224
jjas_tp,tp,ukmo,6,32.0,78.5,35,1.6127185365176826,2.398316145664051,-0.09292086803142986
jjas_tp,tp,ukmo,6,33.5,74.0,35,-2.4085739589234225,4.687890488833962,0.2914928001813775
jjas_tp,tp,ukmo,6,33.5,75.5,35,-1.2093481486066724,3.723061199921985,0.36520350136611723
jjas_tp,tp,ukmo,6,33.5,77.0,35,-4.808073843390525,7.427179085716707,-0.4880162073137625
jjas_tp,tp,ukmo,6,33.5,78.5,35,0.19386352137498764,1.1080910595368854,0.6726904720137743
jjas_tp,tp,ukmo,6,35.0,75.5,35,0.21558255207845436,2.1875896888952098,0.3687678778452316
jjas_tp,tp,ukmo,6,35.0,77.0,35,-1.3329306352282098,4.746535456920155,-0.15596043939741575
jjas_tp,tp,ukmo,6,35.0,78.5,35,-1.8581157619453386,5.806370611101759,-0.266626152056566
jjas_tp,tp,ukmo,6,35.0,80.0,35,0.0664727006872353,1.6786851104930929,0.3111454167880659
jjas_tp,tp,ukmo,6,36.5,74.0,35,-2.6305736252768264,7.450761389991827,-0.17160006440813072
jjas_tp,tp,ukmo,6,36.5,75.5,35,-0.08503014098498081,2.852097602981048,-0.09264249252207314
