season,variable,model,week,lat,lon,n,bias,rmse,local_acc
jjas_z500,z500,ecmwf,1,9.5,77.0,35,-7.4036748293066665,7.7731520976003905,0.9322926159823999
jjas_z500,z500,ecmwf,1,9.5,78.5,35,-7.164087879075357,7.637921408697713,0.9167787523701852
jjas_z500,z500,ecmwf,1,11.0,77.0,35,-6.993406637829165,7.464599755263568,0.9327219179533953
jjas_z500,z500,ecmwf,1,11.0,78.5,35,-6.803486385873657,7.38815405957752,0.9213422822215254
jjas_z500,z500,ecmwf,1,12.5,75.5,35,-6.53431023016835,7.094050481662599,0.9386966053984638
jjas_z500,z500,ecmwf,1,12.5,77.0,35,-6.413985937256933,7.042646766335423,0.9340705238723116
jjas_z500,z500,ecmwf,1,12.5,78.5,35,-6.189706824570255,6.9157675703134265,0.9294536927085316
jjas_z500,z500,ecmwf,1,12.5,80.0,35,-5.945563950406436,6.722735591419563,0.9316487204300857
jjas_z500,z500,ecmwf,1,14.0,75.5,35,-5.995056429690131,6.80023372074738,0.9341676397412565
jjas_z500,z500,ecmwf,1,14.0,77.0,35,-5.755156480994836,6.595132696451639,0.9370564251886558
jjas_z500,z500,ecmwf,1,14.0,78.5,35,-5.445067310778437,6.3762287238163236,0.937574339881819
jjas_z500,z500,ecmwf,1,14.0,80.0,35,-5.24874943466961,6.2559347326843096,0.9388207219243607
jjas_z500,z500,ecmwf,1,15.5,74.0,35,-5.3016588796978406,6.4523364535739836,0.9252601284959314
jjas_z500,z500,ecmwf,1,15.5,75.5,35,-5.291356859584214,6.335925802346864,0.9383459542573328
jjas_z500,z500,ecmwf,1,15.5,77.0,35,-4.976374603660796,6.074456892435803,0.9433949554973996
jjas_z500,z500,ecmwf,1,15.5,78.5,35,-4.580126238863548,5.811774154510902,0.9453726190327137
jjas_z500,z500,ecmwf,1,15.5,80.0,35,-4.392800093127672,5.745705173782142,0.9456281130406126
jjas_z500,z500,ecmwf,1,17.0,74.0,35,-4.674802012818847,6.10978889654,0.9316191201872358
jjas_z500,z500,ecmwf,1,17.0,75.5,35,-4.601512106578541,5.9370076335220725,0.9428225927231957
jjas_z500,z500,ecmwf,1,17.0,77.0,35,-4.218652617297084,5.682746402451225,0.9473703316505635
jjas_z500,z500,ecmwf,1,17.0,78.5,35,-3.7582691105959385,5.41830388370334,0.9501867988027921
jjas_z500,z500,ecmwf,1,17.0,80.0,35,-3.4970805249182115,5.382933290821666,0.9505212384022448
jjas_z500,z500,ecmwf,1,17.0,81.5,35,-3.2847286961661926,5.492957966751483,0.9472868845347994
jjas_z500,z500,ecmwf,1,18.5,74.0,35,-4.213548535733805,5.877268752949226,0.9380089470092837
jjas_z500,z500,ecmwf,1,18.5,75.5,35,-4.086014336290126,5.687396685652073,0.9470221077938643
jjas_z500,z500,ecmwf,1,18.5,77.0,35,-3.6796205113990643,5.4545804363797075,0.9507769795577502
jjas_z500,z500,ecmwf,1,18.5,78.5,35,-3.1820326785225914,5.274144786765093,0.9519804797022438
jjas_z500,z500,ecmwf,1,18.5,80.0,35,-2.8766218900751483,5.314511969410397,0.9515134670279639
jjas_z500,z500,ecmwf,1,18.5,81.5,35,-2.602303720967549,5.435685066615216,0.9505425797297414
jjas_z500,z500,ecmwf,1,18.5,83.0,35,-2.187796768012491,5.416226604167198,0.9499855792821397
jjas_z500,z500,ecmwf,1,20.0,74.0,35,-3.8933205921255647,5.630797390048507,0.9452531291434559
jjas_z500,z500,ecmwf,1,20.0,75.5,35,-3.823763871868219,5.439647893029628,0.9545727680158593
jjas_z500,z500,ecmwf,1,20.0,77.0,35,-3.5015513453644544,5.271426674916252,0.9571393812862634
jjas_z500,z500,ecmwf,1,20.0,78.5,35,-3.041581806333592,5.180375683107765,0.955837220866735
jjas_z500,z500,ecmwf,1,20.0,80.0,35,-2.7123897909860326,5.246994822968459,0.9541419434016087
jjas_z500,z500,ecmwf,1,20.0,81.5,35,-2.3813544645288856,5.284525340082138,0.9546398268952017
jjas_z500,z500,ecmwf,1,20.0,83.0,35,-1.839881773021833,5.179655748959822,0.9554590481810217
jjas_z500,z500,ecmwf,1,20.0,84.5,35,-1.1884659853522213,5.016230140983223,0.9551839409142863
jjas_z500,z500,ecmwf,1,20.0,86.0,35,-0.5661388426897767,4.824795190433493,0.9548059092908523
jjas_z500,z500,ecmwf,1,21.5,71.0,35,-2.7901921271982117,5.784892258208294,0.8979106276608412
jjas_z500,z500,ecmwf,1,21.5,74.0,35,-3.6917182758517813,5.3410725133545425,0.9549500212011895
jjas_z500,z500,ecmwf,1,21.5,75.5,35,-3.682322060768846,5.191014366851227,0.9629691011272863
jjas_z500,z500,ecmwf,1,21.5,77.0,35,-3.5382430142196037,5.118761824713721,0.9644269048223661
jjas_z500,z500,ecmwf,1,21.5,78.5,35,-3.230043110994588,5.078880794087359,0.9619739432917089
jjas_z500,z500,ecmwf,1,21.5,80.0,35,-2.9006971799139656,5.11494669922116,0.9583485732617457
jjas_z500,z500,ecmwf,1,21.5,81.5,35,-2.5496184324423665,5.074689989366436,0.9579899490373903
jjas_z500,z500,ecmwf,1,21.5,83.0,35,-2.0242418495172907,4.926076713532555,0.9585717695899693
jjas_z500,z500,ecmwf,1,21.5,84.5,35,-1.4102659423145658,4.816478320791787,0.9572108968288678
jjas_z500,z500,ecmwf,1,21.5,86.0,35,-0.9096966303883943,4.641915979354987,0.9565879732992004
jjas_z500,z500,ecmwf,1,23.0,69.5,35,-2.530844937801521,5.549510571495946,0.8939735565817781
jjas_z500,z500,ecmwf,1,23.0,71.0,35,-2.8412203900656876,5.624447873754441,0.9124050242625915
jjas_z500,z500,ecmwf,1,23.0,72.5,35,-3.3351268285091074,5.486500012332841,0.9407553279803101
jjas_z500,z500,ecmwf,1,23.0,74.0,35,-3.549167140814513,5.216519549183824,0.961091269588818
jjas_z500,z500,ecmwf,1,23.0,75.5,35,-3.6024799459714423,5.065361938465344,0.9692089756053252
jjas_z500,z500,ecmwf,1,23.0,77.0,35,-3.6344108346463013,5.054438057438724,0.9707279260229057
jjas_z500,z500,ecmwf,1,23.0,78.5,35,-3.5479266663263065,5.073564572548936,0.9683379607331876
jjas_z500,z500,ecmwf,1,23.0,80.0,35,-3.353404990468542,5.124074584598267,0.9631111741469448
jjas_z500,z500,ecmwf,1,23.0,81.5,35,-3.0698734268007164,5.063978718606328,0.9600566280949872
jjas_z500,z500,ecmwf,1,23.0,83.0,35,-2.6038779834851344,4.87162967546344,0.9589068605602233
jjas_z500,z500,ecmwf,1,23.0,84.5,35,-2.017371384317916,4.65479360083955,0.9575659087636
jjas_z500,z500,ecmwf,1,23.0,86.0,35,-1.6206078394898733,4.4309314886484215,0.9570239411765591
jjas_z500,z500,ecmwf,1,23.0,87.5,35,-1.4076165796179598,4.140657625883126,0.9582985532769722
jjas_z500,z500,ecmwf,1,24.5,72.5,35,-3.4022781291335766,5.811730554652523,0.9349651991263116
jjas_z500,z500,ecmwf,1,24.5,74.0,35,-3.5119194118616828,5.479417431094423,0.9552784541612598
jjas_z500,z500,ecmwf,1,24.5,75.5,35,-3.659123519199628,5.29572832942884,0.9660326307817146
jjas_z500,z500,ecmwf,1,24.5,77.0,35,-3.8536204238640495,5.3075588543678265,0.9701173877334277
jjas_z500,z500,ecmwf,1,24.5,78.5,35,-3.933294702429651,5.319514501794003,0.9705027052028501
jjas_z500,z500,ecmwf,1,24.5,80.0,35,-3.8666775477550672,5.286798568565177,0.9677115027964837
jjas_z500,z500,ecmwf,1,24.5,81.5,35,-3.608201970023973,5.130488292867426,0.9642985671869388
jjas_z500,z500,ecmwf,1,24.5,83.0,35,-3.0895266787274522,4.879242880283221,0.9600314094169528
jjas_z500,z500,ecmwf,1,24.5,84.5,35,-2.4522742994767084,4.60059395575863,0.9556378126664071
jjas_z500,z500,ecmwf,1,24.5,86.0,35,-1.995278640970199,4.3166732926343645,0.9540093901399576
jjas_z500,z500,ecmwf,1,24.5,87.5,35,-1.666883346220493,4.004645102396685,0.9550613641798765
jjas_z500,z500,ecmwf,1,24.5,93.5,35,-0.7793730426197466,3.8243602148677627,0.932120908974385
jjas_z500,z500,ecmwf,1,26.0,71.0,35,-3.5050507703080904,6.263293866759583,0.9150928711032271
jjas_z500,z500,ecmwf,1,26.0,72.5,35,-3.540957876205877,6.03038358960603,0.9284077010703903
jjas_z500,z500,ecmwf,1,26.0,74.0,35,-3.6353243293850026,5.845739512386418,0.940441559782403
jjas_z500,z500,ecmwf,1,26.0,75.5,35,-3.8085926862065858,5.742437153642166,0.9501071922423744
jjas_z500,z500,ecmwf,1,26.0,77.0,35,-3.9981761107224623,5.676987744493771,0.9586772585720604
jjas_z500,z500,ecmwf,1,26.0,78.5,35,-4.058748455979445,5.53481470517346,0.965350994760616
jjas_z500,z500,ecmwf,1,26.0,80.0,35,-3.9762124815208413,5.330827274182164,0.968657373472659
jjas_z500,z500,ecmwf,1,26.0,81.5,35,-3.702165701349778,5.064331615321707,0.9676086476091176
jjas_z500,z500,ecmwf,1,26.0,83.0,35,-3.089510205123536,4.752116119970343,0.9608653147747742
jjas_z500,z500,ecmwf,1,26.0,84.5,35,-2.35038120282804,4.5049891541084754,0.9526312397219792
jjas_z500,z500,ecmwf,1,26.0,86.0,35,-1.749674023254946,4.269546230740099,0.9474902148888388
jjas_z500,z500,ecmwf,1,26.0,87.5,35,-1.3392165069154673,4.006553391553709,0.9473200450639244
jjas_z500,z500,ecmwf,1,26.0,90.5,35,-0.7492204216755324,3.8711279982213695,0.9408233838228292
jjas_z500,z500,ecmwf,1,26.0,92.0,35,-0.45312636773448633,3.819303416566328,0.9373778419067947
jjas_z500,z500,ecmwf,1,26.0,93.5,35,-0.03147439965593678,3.695147106479639,0.9361242264119838
jjas_z500,z500,ecmwf,1,26.0,95.0,35,0.35784152636720784,3.5655303883905742,0.9370880662275793
jjas_z500,z500,ecmwf,1,27.5,71.0,35,-3.3817265491261423,6.245977946053156,0.9239826746637024
jjas_z500,z500,ecmwf,1,27.5,72.5,35,-3.499791648430047,6.083801438183818,0.929314013107651
jjas_z500,z500,ecmwf,1,27.5,74.0,35,-3.691266163583298,6.041564024691732,0.9341161806562536
jjas_z500,z500,ecmwf,1,27.5,75.5,35,-3.8120966702653667,6.019839108962578,0.9384613916902836
jjas_z500,z500,ecmwf,1,27.5,77.0,35,-3.8373589713666663,5.913675876262573,0.9442041955774967
jjas_z500,z500,ecmwf,1,27.5,78.5,35,-3.743470374260947,5.599379017339395,0.9534401055501329
jjas_z500,z500,ecmwf,1,27.5,80.0,35,-3.556988333527962,5.193853214105971,0.9627768408637677
jjas_z500,z500,ecmwf,1,27.5,81.5,35,-3.2839298783748228,4.916760858496892,0.9647075163395625
jjas_z500,z500,ecmwf,1,27.5,92.0,35,1.1086292807048397,4.176291750343708,0.9418793787765072
jjas_z500,z500,ecmwf,1,27.5,93.5,35,1.2762669173572379,4.018139654347551,0.9447363796561459
jjas_z500,z500,ecmwf,1,27.5,95.0,35,1.4820994847595232,3.8281231534913536,0.9480543094963408
jjas_z500,z500,ecmwf,1,27.5,96.5,35,1.7023051494906083,3.7320175222935643,0.9507611424366289
jjas_z500,z500,ecmwf,1,29.0,74.0,35,-3.4103633250176113,5.912630525726098,0.9443009618635305
jjas_z500,z500,ecmwf,1,29.0,75.5,35,-3.4841830308512205,5.975230257623747,0.943464366457617
jjas_z500,z500,ecmwf,1,29.0,77.0,35,-3.4181958547308438,5.958936430852833,0.9431202897287533
jjas_z500,z500,ecmwf,1,29.0,78.5,35,-3.1924352423260123,5.623837399526724,0.94876936185648
jjas_z500,z500,ecmwf,1,29.0,80.0,35,-2.844720909197115,5.130382010820891,0.9564064841475051
jjas_z500,z500,ecmwf,1,29.0,95.0,35,2.972847185749093,4.837303484381968,0.9513490066375742
jjas_z500,z500,ecmwf,1,30.5,74.0,35,-2.79390549622619,5.547765874955695,0.9566412324793548
jjas_z500,z500,ecmwf,1,30.5,75.5,35,-2.8991336769085785,5.658829496445554,0.9551193635495565
jjas_z500,z500,ecmwf,1,30.5,77.0,35,-2.8973143163517827,5.717175841469654,0.9532492488094277
jjas_z500,z500,ecmwf,1,30.5,78.5,35,-2.246558171880029,5.291401372210281,0.954258133780582
jjas_z500,z500,ecmwf,1,30.5,80.0,35,-1.0096125603018404,4.729634192513878,0.9558206447925532
jjas_z500,z500,ecmwf,1,32.0,75.5,35,-2.4443890663904053,5.426947276381879,0.9622220572866009
jjas_z500,z500,ecmwf,1,32.0,77.0,35,-2.1328973299386105,5.275662481201709,0.9612984978974362
jjas_z500,z500,ecmwf,1,32.0,78.5,35,-0.3416026262934662,4.773668545007638,0.9613324820759501
jjas_z500,z500,ecmwf,1,33.5,74.0,35,-2.0186028317578737,5.493475559515078,0.964339946376359
jjas_z500,z500,ecmwf,1,33.5,75.5,35,-1.9978583099906766,5.404241525142058,0.9640247834739917
jjas_z500,z500,ecmwf,1,33.5,77.0,35,-0.9216743685321489,5.018485479204939,0.9646982298306128
jjas_z500,z500,ecmwf,1,33.5,78.5,35,1.8124049272484106,5.265644031150466,0.9639544770001446
jjas_z500,z500,ecmwf,1,35.0,75.5,35,-1.7576827779723057,5.425819585639044,0.9680564378849761
jjas_z500,z500,ecmwf,1,35.0,77.0,35,-0.2559468492256201,5.075404721848757,0.9678834077324738
jjas_z500,z500,ecmwf,1,35.0,78.5,35,2.3856696367783243,5.668429818469715,0.9676077830551367
jjas_z500,z500,ecmwf,1,35.0,80.0,35,4.495256392487681,6.925453427678261,0.9656236296050036
jjas_z500,z500,ecmwf,1,36.5,74.0,35,-3.08843644228543,6.346818976518558,0.9721662738777751
jjas_z500,z500,ecmwf,1,36.5,75.5,35,-1.959161177491634,5.760106998276731,0.9721760424900738
jjas_z500,z500,ecmwf,2,9.5,77.0,35,-6.858353302258495,8.005263926137012,0.7582312915837165
jjas_z500,z500,ecmwf,2,9.5,78.5,35,-6.408155527836269,7.713909778002116,0.7309225890556788
jjas_z500,z500,ecmwf,2,11.0,77.0,35,-6.2000214582360575,7.795160394732787,0.704293504588199
jjas_z500,z500,ecmwf,2,11.0,78.5,35,-5.791399350538735,7.554414883165007,0.6880009480853945
jjas_z500,z500,ecmwf,2,12.5,75.5,35,-5.59058256983361,7.58260639566734,0.6960086248063128
jjas_z500,z500,ecmwf,2,12.5,77.0,35,-5.347795151046375,7.5683071392092875,0.6780083588601735
jjas_z500,z500,ecmwf,2,12.5,78.5,35,-4.9042562380856385,7.337808739783333,0.6811526441807448
jjas_z500,z500,ecmwf,2,12.5,80.0,35,-4.458758151698254,7.141301003258013,0.6868466251431623
jjas_z500,z500,ecmwf,2,14.0,75.5,35,-4.77580471424665,7.500996615675639,0.6915587169676582
jjas_z500,z500,ecmwf,2,14.0,77.0,35,-4.4257277259863,7.465641024572558,0.6919013023307218
jjas_z500,z500,ecmwf,2,14.0,78.5,35,-3.9026773556642573,7.3070416350018865,0.7052735567695413
jjas_z500,z500,ecmwf,2,14.0,80.0,35,-3.4898853595259425,7.257561689350652,0.7090407615242229
jjas_z500,z500,ecmwf,2,15.5,74.0,35,-3.9111131171222433,7.450632015782733,0.7002036538885712
jjas_z500,z500,ecmwf,2,15.5,75.5,35,-3.8466071975667675,7.536796436271195,0.7115349517982802
jjas_z500,z500,ecmwf,2,15.5,77.0,35,-3.4463286356212586,7.590012448832555,0.7207311292072881
jjas_z500,z500,ecmwf,2,15.5,78.5,35,-2.883583993493162,7.6078501571232975,0.7324151471210313
jjas_z500,z500,ecmwf,2,15.5,80.0,35,-2.5031080400916057,7.7713966946735,0.7320858668642392
jjas_z500,z500,ecmwf,2,17.0,74.0,35,-3.070646500787916,7.615562734474364,0.7220190777035339
jjas_z500,z500,ecmwf,2,17.0,75.5,35,-3.0125638276141347,7.750555914708418,0.7332678515592228
jjas_z500,z500,ecmwf,2,17.0,77.0,35,-2.5895289582850247,7.988874908718565,0.7403605255908174
jjas_z500,z500,ecmwf,2,17.0,78.5,35,-2.0175700401689807,8.23371067542324,0.7441539482085944
jjas_z500,z500,ecmwf,2,17.0,80.0,35,-1.6128773123831188,8.612612375731516,0.7405849603629943
jjas_z500,z500,ecmwf,2,17.0,81.5,35,-1.3677066616573939,9.038822513020362,0.7338683565729689
jjas_z500,z500,ecmwf,2,18.5,74.0,35,-2.476729424408664,7.809993561071436,0.7363475649082413
jjas_z500,z500,ecmwf,2,18.5,75.5,35,-2.4126853128407153,8.033875104476738,0.7444597000797545
jjas_z500,z500,ecmwf,2,18.5,77.0,35,-1.997052744708552,8.412767643523695,0.7449398918362752
jjas_z500,z500,ecmwf,2,18.5,78.5,35,-1.4305368631826891,8.869540520365353,0.7417052265498186
jjas_z500,z500,ecmwf,2,18.5,80.0,35,-1.0485092908689435,9.40039792926505,0.7356317316886963
jjas_z500,z500,ecmwf,2,18.5,81.5,35,-0.7781611993752449,9.898838658527852,0.7317617641766884
jjas_z500,z500,ecmwf,2,18.5,83.0,35,-0.44914665519003655,10.297667497610576,0.72482317243556
jjas_z500,z500,ecmwf,2,20.0,74.0,35,-2.062850292026763,7.916088345367913,0.7384522849348775
jjas_z500,z500,ecmwf,2,20.0,75.5,35,-2.0724642200632974,8.167317918446939,0.7453698732677825
jjas_z500,z500,ecmwf,2,20.0,77.0,35,-1.7596366628245181,8.611028264857872,0.7431988413728475
jjas_z500,z500,ecmwf,2,20.0,78.5,35,-1.2824085623831187,9.151040794733955,0.7375870260761737
jjas_z500,z500,ecmwf,2,20.0,80.0,35,-0.9554069891846666,9.70458609426519,0.7337303791849724
jjas_z500,z500,ecmwf,2,20.0,81.5,35,-0.674464668679814,10.192735313556078,0.7325114759399264
jjas_z500,z500,ecmwf,2,20.0,83.0,35,-0.20991504240537323,10.551274674335977,0.7283242426050579
jjas_z500,z500,ecmwf,2,20.0,84.5,35,0.3270233961642327,10.848792493628473,0.7199258566965853
jjas_z500,z500,ecmwf,2,20.0,86.0,35,0.7727054580512102,11.025630410851557,0.7107227834595067
jjas_z500,z500,ecmwf,2,21.5,71.0,35,-0.6190873137450191,8.325754081276564,0.6494439472048219
jjas_z500,z500,ecmwf,2,21.5,74.0,35,-1.7643245275539292,7.862609023432288,0.7384844851629745
jjas_z500,z500,ecmwf,2,21.5,75.5,35,-1.8303770509939308,8.055160869368185,0.7463652150785532
jjas_z500,z500,ecmwf,2,21.5,77.0,35,-1.7303403653125964,8.446575857811013,0.7447041520975242
jjas_z500,z500,ecmwf,2,21.5,78.5,35,-1.4569944427423247,8.884918629551354,0.7424123332090619
jjas_z500,z500,ecmwf,2,21.5,80.0,35,-1.2026485116613652,9.3293623845448,0.7419849696621678
jjas_z500,z500,ecmwf,2,21.5,81.5,35,-0.9654480759317916,9.771210513789562,0.7415635014221752
jjas_z500,z500,ecmwf,2,21.5,83.0,35,-0.5445279674367287,10.124860103727316,0.7377566805383869
jjas_z500,z500,ecmwf,2,21.5,84.5,35,-0.023817061547171288,10.428844492102202,0.7281770798371305
jjas_z500,z500,ecmwf,2,21.5,86.0,35,0.3682418410072257,10.506041298696806,0.7213755038552989
jjas_z500,z500,ecmwf,2,23.0,69.5,35,-0.5504502886227521,9.27899178505574,0.5300851182588292
jjas_z500,z500,ecmwf,2,23.0,71.0,35,-1.0335092240023054,8.621005419330965,0.6194879103570833
jjas_z500,z500,ecmwf,2,23.0,72.5,35,-1.527680303892417,8.147582303827752,0.6834339756623373
jjas_z500,z500,ecmwf,2,23.0,74.0,35,-1.674267562928175,7.889373161327979,0.7200030239105422
jjas_z500,z500,ecmwf,2,23.0,75.5,35,-1.7256652661060279,7.847443273468096,0.7392232678724949
jjas_z500,z500,ecmwf,2,23.0,77.0,35,-1.8125193914371267,8.010014080429587,0.7475618639115689
jjas_z500,z500,ecmwf,2,23.0,78.5,35,-1.7898470629574408,8.22911404889865,0.7541667469905905
jjas_z500,z500,ecmwf,2,23.0,80.0,35,-1.7090981401244012,8.497749973103437,0.7589993834116524
jjas_z500,z500,ecmwf,2,23.0,81.5,35,-1.5891673900462204,8.857114019914075,0.7582615055926339
jjas_z500,z500,ecmwf,2,23.0,83.0,35,-1.267402021572577,9.202527852952777,0.7520532574969968
jjas_z500,z500,ecmwf,2,23.0,84.5,35,-0.7787610269806204,9.44858777584323,0.7418632919199463
jjas_z500,z500,ecmwf,2,23.0,86.0,35,-0.4477236337244643,9.425760667186463,0.7348065790191257
jjas_z500,z500,ecmwf,2,23.0,87.5,35,-0.27749423119920325,9.21816432193213,0.7290631040175831
jjas_z500,z500,ecmwf,2,24.5,72.5,35,-2.114514125962965,9.136963438639027,0.5833135743751701
jjas_z500,z500,ecmwf,2,24.5,74.0,35,-1.992750155617588,8.464153884677431,0.6463744784776916
jjas_z500,z500,ecmwf,2,24.5,75.5,35,-1.9919922482881052,8.020807427834173,0.6915318972833581
jjas_z500,z500,ecmwf,2,24.5,77.0,35,-2.1721630145110664,7.833518496235131,0.7212255032267346
jjas_z500,z500,ecmwf,2,24.5,78.5,35,-2.321036274753117,7.748754767756584,0.745111527237525
jjas_z500,z500,ecmwf,2,24.5,80.0,35,-2.3557671592940355,7.804308171296963,0.7617083714891164
jjas_z500,z500,ecmwf,2,24.5,81.5,35,-2.207788063141873,8.071533858431144,0.7645339741043211
jjas_z500,z500,ecmwf,2,24.5,83.0,35,-1.807947510601272,8.42110668756394,0.7554029593096662
jjas_z500,z500,ecmwf,2,24.5,84.5,35,-1.3076269440068895,8.633519348990696,0.7397488427474594
jjas_z500,z500,ecmwf,2,24.5,86.0,35,-0.9570790295284104,8.591852800957444,0.7275548596038401
jjas_z500,z500,ecmwf,2,24.5,87.5,35,-0.6706083865838084,8.436018366168483,0.7187732206541283
jjas_z500,z500,ecmwf,2,24.5,93.5,35,0.10113166360302532,7.47490430325399,0.6210538900476583
jjas_z500,z500,ecmwf,2,26.0,71.0,35,-3.001387885883144,11.394986329839032,0.40519233532053206
jjas_z500,z500,ecmwf,2,26.0,72.5,35,-2.8672218453352407,10.554600685500466,0.46136829781927413
jjas_z500,z500,ecmwf,2,26.0,74.0,35,-2.659432839976138,9.643922554081122,0.5280746773531299
jjas_z500,z500,ecmwf,2,26.0,75.5,35,-2.562069953849693,8.884998749321962,0.5913593514295846
jjas_z500,z500,ecmwf,2,26.0,77.0,35,-2.60024546276857,8.291254325527394,0.6486154468951424
jjas_z500,z500,ecmwf,2,26.0,78.5,35,-2.654437326145567,7.8545594052944585,0.696139424145153
jjas_z500,z500,ecmwf,2,26.0,80.0,35,-2.610725683502486,7.689447102034696,0.7247513379694897
jjas_z500,z500,ecmwf,2,26.0,81.5,35,-2.3614059946898904,7.94734308223843,0.729170737801218
jjas_z500,z500,ecmwf,2,26.0,83.0,35,-1.8199843044853488,8.466024997129665,0.71493951503818
jjas_z500,z500,ecmwf,2,26.0,84.5,35,-1.2574272547562164,8.769535325980245,0.6949772453636275
jjas_z500,z500,ecmwf,2,26.0,86.0,35,-0.8204850473176651,8.71641102099857,0.678419206809926
jjas_z500,z500,ecmwf,2,26.0,87.5,35,-0.46937921870150084,8.586156149360374,0.66638093860318
jjas_z500,z500,ecmwf,2,26.0,90.5,35,0.05739129853349623,8.478414644817793,0.6279250169739394
jjas_z500,z500,ecmwf,2,26.0,92.0,35,0.36052432257630634,8.279258608545765,0.6112284845784619
jjas_z500,z500,ecmwf,2,26.0,93.5,35,0.70126165917757,7.936781495149653,0.6003004345396448
jjas_z500,z500,ecmwf,2,26.0,95.0,35,0.9559886411162164,7.494438948314971,0.5971523054556936
jjas_z500,z500,ecmwf,2,27.5,71.0,35,-3.5012358849790224,13.040215932483981,0.36536274531166335
jjas_z500,z500,ecmwf,2,27.5,72.5,35,-3.35427833459801,12.093308382073369,0.4045317902421461
jjas_z500,z500,ecmwf,2,27.5,74.0,35,-3.1505820166607528,11.044389311579982,0.46466837590942256
jjas_z500,z500,ecmwf,2,27.5,75.5,35,-2.9010136433045512,10.027515442655487,0.5325364568323565
jjas_z500,z500,ecmwf,2,27.5,77.0,35,-2.654891687577817,9.172455886753376,0.5947403309115055
jjas_z500,z500,ecmwf,2,27.5,78.5,35,-2.4364038367083465,8.628006389039411,0.6412668395895161
jjas_z500,z500,ecmwf,2,27.5,80.0,35,-2.226271050955516,8.452002472125972,0.6671034045738166
jjas_z500,z500,ecmwf,2,27.5,81.5,35,-1.9694532283400155,8.696657800575746,0.6689899165335517
jjas_z500,z500,ecmwf,2,27.5,92.0,35,1.9877392319776326,9.62027710582029,0.5986791932979227
jjas_z500,z500,ecmwf,2,27.5,93.5,35,2.0774144466813076,9.292004984265466,0.6007835829421418
jjas_z500,z500,ecmwf,2,27.5,95.0,35,2.1667384575356534,8.77736620529265,0.601705182753886
jjas_z500,z500,ecmwf,2,27.5,96.5,35,2.3220103449365133,8.386140930681602,0.6053027259096183
jjas_z500,z500,ecmwf,2,29.0,74.0,35,-3.056408383665959,12.445628584490183,0.48620968154212324
jjas_z500,z500,ecmwf,2,29.0,75.5,35,-2.648585519277471,11.341708886567078,0.5486758728246056
jjas_z500,z500,ecmwf,2,29.0,77.0,35,-2.212246604370453,10.51159630687225,0.5999195261372916
jjas_z500,z500,ecmwf,2,29.0,78.5,35,-1.7718657905869934,10.049832918869031,0.6297408777385827
jjas_z500,z500,ecmwf,2,29.0,80.0,35,-1.3570333471928928,9.98949901230236,0.639115472142423
jjas_z500,z500,ecmwf,2,29.0,95.0,35,3.9564502667385697,10.692637948244984,0.5983545068654721
jjas_z500,z500,ecmwf,2,30.5,74.0,35,-2.4549225679852107,13.776773500588485,0.5232228884944489
jjas_z500,z500,ecmwf,2,30.5,75.5,35,-1.9960889477320183,12.74781834628053,0.582016123903478
jjas_z500,z500,ecmwf,2,30.5,77.0,35,-1.5186682094712525,12.054204233880826,0.617531779203063
jjas_z500,z500,ecmwf,2,30.5,78.5,35,-0.5532796147976115,11.698588194599898,0.6283444718196561
jjas_z500,z500,ecmwf,2,30.5,80.0,35,0.8129771266142208,11.795787947739294,0.6244217846788647
jjas_z500,z500,ecmwf,2,32.0,75.5,35,-1.4353190408108276,14.019046485586294,0.5862817559218713
jjas_z500,z500,ecmwf,2,32.0,77.0,35,-0.5875127959167002,13.438009774677715,0.6117321937827819
jjas_z500,z500,ecmwf,2,32.0,78.5,35,1.5944886070746829,13.4386818964457,0.6204641070282543
jjas_z500,z500,ecmwf,2,33.5,74.0,35,-1.4395426964186948,16.147170060568673,0.5368800708001601
jjas_z500,z500,ecmwf,2,33.5,75.5,35,-0.8061996977611801,15.232385107126277,0.5735498528182194
jjas_z500,z500,ecmwf,2,33.5,77.0,35,0.7710621705280312,14.84154012874511,0.5980810171561458
jjas_z500,z500,ecmwf,2,33.5,78.5,35,3.883050911336951,15.358792817262838,0.595178933961761
jjas_z500,z500,ecmwf,2,35.0,75.5,35,-0.21603835978826952,16.493633214482745,0.574301394949936
jjas_z500,z500,ecmwf,2,35.0,77.0,35,1.7198079275110234,16.253913118419185,0.5828199369014867
jjas_z500,z500,ecmwf,2,35.0,78.5,35,4.712697956786646,16.8437222619337,0.5970009249942662
jjas_z500,z500,ecmwf,2,35.0,80.0,35,7.116600377130063,17.684392372931786,0.5969357957838733
jjas_z500,z500,ecmwf,2,36.5,74.0,35,-1.3378921143108262,18.58368440375969,0.5872780801166081
jjas_z500,z500,ecmwf,2,36.5,75.5,35,0.19080347416737375,17.933784165195522,0.6010503026790233
jjas_z500,z500,ecmwf,3,9.5,77.0,35,-7.1202421680479215,8.804322730136114,0.44886583212728143
jjas_z500,z500,ecmwf,3,9.5,78.5,35,-6.81597407626289,8.569045653677904,0.4328111476218941
jjas_z500,z500,ecmwf,3,11.0,77.0,35,-6.876602984943617,9.072833631588114,0.3281743147390744
jjas_z500,z500,ecmwf,3,11.0,78.5,35,-6.6404723912134225,8.878708723025737,0.33155762859115784
jjas_z500,z500,ecmwf,3,12.5,75.5,35,-6.5543989991827925,9.419408086561836,0.26197800776213415
jjas_z500,z500,ecmwf,3,12.5,77.0,35,-6.451393630369031,9.349338703878066,0.26870509636124956
jjas_z500,z500,ecmwf,3,12.5,78.5,35,-6.207226623288261,9.208342141613207,0.2960402026181516
jjas_z500,z500,ecmwf,3,12.5,80.0,35,-6.0088418570553195,9.14064413385438,0.3305527551389636
jjas_z500,z500,ecmwf,3,14.0,75.5,35,-6.098328689114896,9.824495417474505,0.2645242361073434
jjas_z500,z500,ecmwf,3,14.0,77.0,35,-5.926513899830388,9.792096008214335,0.28934951235966455
jjas_z500,z500,ecmwf,3,14.0,78.5,35,-5.617193183696976,9.73620648502263,0.328775196477021
jjas_z500,z500,ecmwf,3,14.0,80.0,35,-5.456245532066896,9.77454544005494,0.35328010232261436
jjas_z500,z500,ecmwf,3,15.5,74.0,35,-5.33911295420959,10.181134479346161,0.28502139651798786
jjas_z500,z500,ecmwf,3,15.5,75.5,35,-5.443174457282995,10.302398665260803,0.3149663921671236
jjas_z500,z500,ecmwf,3,15.5,77.0,35,-5.271984570738329,10.434232831588945,0.3445691774327796
jjas_z500,z500,ecmwf,3,15.5,78.5,35,-4.949816480411599,10.539060496860145,0.3781515059442685
jjas_z500,z500,ecmwf,3,15.5,80.0,35,-4.866620163690797,10.760028584219308,0.397015472397077
jjas_z500,z500,ecmwf,3,17.0,74.0,35,-4.6094687658046105,10.598930795720543,0.34534308020575816
jjas_z500,z500,ecmwf,3,17.0,75.5,35,-4.768474902982026,10.831652198897538,0.37149511566274457
jjas_z500,z500,ecmwf,3,17.0,77.0,35,-4.593589914264183,11.160289596285999,0.3957407836003734
jjas_z500,z500,ecmwf,3,17.0,78.5,35,-4.2895558874591835,11.434861341988173,0.4166517694463051
jjas_z500,z500,ecmwf,3,17.0,80.0,35,-4.205398235683112,11.82391944698679,0.4328239086870264
jjas_z500,z500,ecmwf,3,17.0,81.5,35,-4.277498911891157,12.335894020936218,0.43831620822911194
jjas_z500,z500,ecmwf,3,18.5,74.0,35,-4.0245937524315325,10.810060948782192,0.40219006445420724
jjas_z500,z500,ecmwf,3,18.5,75.5,35,-4.1718969445418095,11.148906786367977,0.42287672742158444
jjas_z500,z500,ecmwf,3,18.5,77.0,35,-3.9992326704990773,11.60136740722179,0.4320298787794208
jjas_z500,z500,ecmwf,3,18.5,78.5,35,-3.7059782767272864,12.028790011387148,0.44323643805192775
jjas_z500,z500,ecmwf,3,18.5,80.0,35,-3.5970179738556647,12.504703338770732,0.4578259664348768
jjas_z500,z500,ecmwf,3,18.5,81.5,35,-3.5760683526882397,13.029296307258205,0.47491488753586736
jjas_z500,z500,ecmwf,3,18.5,83.0,35,-3.445143022486757,13.470739019446077,0.47869051424058273
jjas_z500,z500,ecmwf,3,20.0,74.0,35,-3.4605481515521594,10.546678290871105,0.4508517600548734
jjas_z500,z500,ecmwf,3,20.0,75.5,35,-3.660938047094065,10.980246810242626,0.46168625899120425
jjas_z500,z500,ecmwf,3,20.0,77.0,35,-3.5829744701697823,11.533999065160728,0.46293427731328346
jjas_z500,z500,ecmwf,3,20.0,78.5,35,-3.366618461621017,12.083663206168827,0.4683515714726459
jjas_z500,z500,ecmwf,3,20.0,80.0,35,-3.261417301295634,12.595332515032162,0.4880420778315574
jjas_z500,z500,ecmwf,3,20.0,81.5,35,-3.189124321603776,13.098059894903132,0.5110598058967791
jjas_z500,z500,ecmwf,3,20.0,83.0,35,-2.9628957312091573,13.496074894440529,0.5174560403720264
jjas_z500,z500,ecmwf,3,20.0,84.5,35,-2.667902825192141,13.798703874361063,0.5107199032760038
jjas_z500,z500,ecmwf,3,20.0,86.0,35,-2.4435369981325232,14.005603483529292,0.4954956847356755
jjas_z500,z500,ecmwf,3,21.5,71.0,35,-1.7193356639529935,9.057092064840559,0.4511260338376299
jjas_z500,z500,ecmwf,3,21.5,74.0,35,-2.8209513536315303,9.810135730082983,0.505399832356854
jjas_z500,z500,ecmwf,3,21.5,75.5,35,-3.0741117323669513,10.320379194015175,0.5041086262050515
jjas_z500,z500,ecmwf,3,21.5,77.0,35,-3.19516563569853,10.918132750921599,0.5010447186525693
jjas_z500,z500,ecmwf,3,21.5,78.5,35,-3.1665606216448787,11.504576160901548,0.5042314545350739
jjas_z500,z500,ecmwf,3,21.5,80.0,35,-3.136675924710445,12.016592087872091,0.5236895192371568
jjas_z500,z500,ecmwf,3,21.5,81.5,35,-3.1133389987939415,12.510252801520327,0.5458709111693327
jjas_z500,z500,ecmwf,3,21.5,83.0,35,-2.9603383106713537,12.947396065449054,0.5496902787816302
jjas_z500,z500,ecmwf,3,21.5,84.5,35,-2.746454831933027,13.293419840393389,0.5387256301788204
jjas_z500,z500,ecmwf,3,21.5,86.0,35,-2.6336370615957225,13.422976906955597,0.5266483248438479
jjas_z500,z500,ecmwf,3,23.0,69.5,35,-1.3559649945046008,9.029884497066924,0.40466224435755144
jjas_z500,z500,ecmwf,3,23.0,71.0,35,-1.5574360994394219,8.688113094603423,0.4809575208558685
jjas_z500,z500,ecmwf,3,23.0,72.5,35,-1.9975839120369399,8.620155138212303,0.53290899772885
jjas_z500,z500,ecmwf,3,23.0,74.0,35,-2.2525756873931773,8.898650711197135,0.5479235790789367
jjas_z500,z500,ecmwf,3,23.0,75.5,35,-2.4844007438042484,9.32627718221237,0.5497931051176732
jjas_z500,z500,ecmwf,3,23.0,77.0,35,-2.773953470276891,9.83153737221468,0.5535227150236876
jjas_z500,z500,ecmwf,3,23.0,78.5,35,-2.9755596162076734,10.359478109549382,0.562608945401896
jjas_z500,z500,ecmwf,3,23.0,80.0,35,-3.1269052542892104,10.88474856635469,0.5768062159048941
jjas_z500,z500,ecmwf,3,23.0,81.5,35,-3.2721589720958164,11.452418615195047,0.5858957687694399
jjas_z500,z500,ecmwf,3,23.0,83.0,35,-3.285939718769545,11.972822891987168,0.5798017526457102
jjas_z500,z500,ecmwf,3,23.0,84.5,35,-3.1603077645989677,12.306428006585428,0.5641155221187197
jjas_z500,z500,ecmwf,3,23.0,86.0,35,-3.1344433867294614,12.351909436792353,0.5495024619054653
jjas_z500,z500,ecmwf,3,23.0,87.5,35,-3.177259375972504,12.193616941471339,0.5355803662381221
jjas_z500,z500,ecmwf,3,24.5,72.5,35,-2.0701733558006836,8.667252422878311,0.504822853038282
jjas_z500,z500,ecmwf,3,24.5,74.0,35,-2.05529690174691,8.36061211017157,0.5554337151814822
jjas_z500,z500,ecmwf,3,24.5,75.5,35,-2.2453090046784254,8.390433437622397,0.5868761039912848
jjas_z500,z500,ecmwf,3,24.5,77.0,35,-2.637466171364083,8.666215557194018,0.6082155776594943
jjas_z500,z500,ecmwf,3,24.5,78.5,35,-2.9866149237470903,9.057849249037837,0.6270211402569182
jjas_z500,z500,ecmwf,3,24.5,80.0,35,-3.230436896980999,9.635666202469526,0.6326478285654001
jjas_z500,z500,ecmwf,3,24.5,81.5,35,-3.3706570779350713,10.392523343064603,0.6152314634849952
jjas_z500,z500,ecmwf,3,24.5,83.0,35,-3.335951025375055,11.065266371096559,0.5840813932280067
jjas_z500,z500,ecmwf,3,24.5,84.5,35,-3.242081667736862,11.407628334777934,0.5528279645624335
jjas_z500,z500,ecmwf,3,24.5,86.0,35,-3.2454531639044686,11.41855242260352,0.5289284352972105
jjas_z500,z500,ecmwf,3,24.5,87.5,35,-3.190741166258106,11.280383092297717,0.5085909070511089
jjas_z500,z500,ecmwf,3,24.5,93.5,35,-2.4379929315479916,9.117269772102542,0.4392903994621492
jjas_z500,z500,ecmwf,3,26.0,71.0,35,-2.6422316930243013,10.525408347338997,0.3690648812135548
jjas_z500,z500,ecmwf,3,26.0,72.5,35,-2.3862930806000806,9.59550249874842,0.44185006938755356
jjas_z500,z500,ecmwf,3,26.0,74.0,35,-2.2456494794099853,8.724178859459505,0.5285763869890039
jjas_z500,z500,ecmwf,3,26.0,75.5,35,-2.3501867413633852,8.1953272360866,0.601021018597255
jjas_z500,z500,ecmwf,3,26.0,77.0,35,-2.6314910556234152,8.051831387322919,0.6479650329657163
jjas_z500,z500,ecmwf,3,26.0,78.5,35,-2.91179607259541,8.236087034357213,0.6681675857914793
jjas_z500,z500,ecmwf,3,26.0,80.0,35,-3.064993410558834,8.790823775670896,0.6517356368239281
jjas_z500,z500,ecmwf,3,26.0,81.5,35,-3.048763233591776,9.767605996025472,0.5944631735641953
jjas_z500,z500,ecmwf,3,26.0,83.0,35,-2.828394960414906,10.794594100464188,0.5240136533715589
jjas_z500,z500,ecmwf,3,26.0,84.5,35,-2.6579111288613215,11.273794321143622,0.4773762782292223
jjas_z500,z500,ecmwf,3,26.0,86.0,35,-2.5751927897897984,11.184599911923303,0.4540943384661091
jjas_z500,z500,ecmwf,3,26.0,87.5,35,-2.482976719333601,10.955490465731062,0.4373402636505083
jjas_z500,z500,ecmwf,3,26.0,90.5,35,-2.00587958707773,10.305294593171762,0.41183800654677216
jjas_z500,z500,ecmwf,3,26.0,92.0,35,-1.6679419120076482,9.792024226634599,0.406848159961056
jjas_z500,z500,ecmwf,3,26.0,93.5,35,-1.3041532020797602,9.131659866515802,0.4137447167827305
jjas_z500,z500,ecmwf,3,26.0,95.0,35,-0.9633127990780848,8.444779124303079,0.4249674478039337
jjas_z500,z500,ecmwf,3,27.5,71.0,35,-2.8949486825978186,12.076847000030321,0.34431519605433797
jjas_z500,z500,ecmwf,3,27.5,72.5,35,-2.5675735050968016,11.021349090377122,0.4081214528664464
jjas_z500,z500,ecmwf,3,27.5,74.0,35,-2.3778112112902297,9.946199917590343,0.5005717855285908
jjas_z500,z500,ecmwf,3,27.5,75.5,35,-2.2985504748776555,9.04194938430461,0.5896909941190377
jjas_z500,z500,ecmwf,3,27.5,77.0,35,-2.3109540647858533,8.552243310649281,0.6393835850452787
jjas_z500,z500,ecmwf,3,27.5,78.5,35,-2.3903641578160335,8.633567898052856,0.6397509736416639
jjas_z500,z500,ecmwf,3,27.5,80.0,35,-2.4021711418942036,9.214959714114226,0.595206232488511
jjas_z500,z500,ecmwf,3,27.5,81.5,35,-2.344530490147424,10.1840941166828,0.5164246194756763
jjas_z500,z500,ecmwf,3,27.5,92.0,35,0.5368653711486852,10.830324226121652,0.36655100979946864
jjas_z500,z500,ecmwf,3,27.5,93.5,35,0.6565453394898995,10.279988783352072,0.40146247004318714
jjas_z500,z500,ecmwf,3,27.5,95.0,35,0.7666188263496744,9.585874091587698,0.4139388529947547
jjas_z500,z500,ecmwf,3,27.5,96.5,35,1.011125122792042,9.166927472648485,0.41126317530692236
jjas_z500,z500,ecmwf,3,29.0,74.0,35,-2.099093404722693,11.682282364741805,0.48071985377221294
jjas_z500,z500,ecmwf,3,29.0,75.5,35,-1.8058641164798246,10.850616339734364,0.5392851868992976
jjas_z500,z500,ecmwf,3,29.0,77.0,35,-1.651279166180133,10.460328516615792,0.559973835800455
jjas_z500,z500,ecmwf,3,29.0,78.5,35,-1.582033559951976,10.627982616245449,0.5295066238934792
jjas_z500,z500,ecmwf,3,29.0,80.0,35,-1.4113034145951002,11.180927412388,0.47374041052021487
jjas_z500,z500,ecmwf,3,29.0,95.0,35,2.816183582807883,11.572435271776252,0.3838248161700026
jjas_z500,z500,ecmwf,3,30.5,74.0,35,-1.4383519770757889,13.617807631747576,0.44109394742138275
jjas_z500,z500,ecmwf,3,30.5,75.5,35,-1.0755952380947356,13.123195739723519,0.46114815255783326
jjas_z500,z500,ecmwf,3,30.5,77.0,35,-0.9074154618445391,12.985921202389905,0.4430597134518045
jjas_z500,z500,ecmwf,3,30.5,78.5,35,-0.36863754182249975,13.183167999224688,0.38941398713920056
jjas_z500,z500,ecmwf,3,30.5,80.0,35,0.7176443233546317,13.635551803105217,0.32298947769914066
jjas_z500,z500,ecmwf,3,32.0,75.5,35,-0.5656813202712978,15.096697178989087,0.3702321216717316
jjas_z500,z500,ecmwf,3,32.0,77.0,35,-0.0057785570823918,15.080624661947223,0.3321459527156233
jjas_z500,z500,ecmwf,3,32.0,78.5,35,1.680574795022299,15.416056218792857,0.28884794566104677
jjas_z500,z500,ecmwf,3,33.5,74.0,35,-0.7062038617526661,16.97189207294588,0.3218008904894
jjas_z500,z500,ecmwf,3,33.5,75.5,35,-0.07831648284307968,16.679627563353314,0.29123237618261494
jjas_z500,z500,ecmwf,3,33.5,77.0,35,1.2389088882079577,16.693234616798716,0.2814712993307584
jjas_z500,z500,ecmwf,3,33.5,78.5,35,3.840574029090671,17.347494089662607,0.21875762927875814
jjas_z500,z500,ecmwf,3,35.0,75.5,35,0.48994426329544305,18.135273086737083,0.2739253517063982
jjas_z500,z500,ecmwf,3,35.0,77.0,35,2.1698570747743102,18.199148026968665,0.2324269310329599
jjas_z500,z500,ecmwf,3,35.0,78.5,35,4.8572601175884955,19.030066691094945,0.22471680974944327
jjas_z500,z500,ecmwf,3,35.0,80.0,35,7.190700377373287,20.048520093579626,0.1788268426350292
jjas_z500,z500,ecmwf,3,36.5,74.0,35,-0.23473176597056283,20.32887220279203,0.32947590327993387
jjas_z500,z500,ecmwf,3,36.5,75.5,35,1.1827683373699205,20.073127443036974,0.3133425167111775
jjas_z500,z500,ecmwf,4,9.5,77.0,35,-5.929541213186998,8.366858209275142,0.2894557355449476
jjas_z500,z500,ecmwf,4,9.5,78.5,35,-5.730506347504447,8.219812831097755,0.2746336209033158
jjas_z500,z500,ecmwf,4,11.0,77.0,35,-5.991482478408241,8.685345942860309,0.24577961732718556
jjas_z500,z500,ecmwf,4,11.0,78.5,35,-5.848763719897579,8.551587791604774,0.24538054170088391
jjas_z500,z500,ecmwf,4,12.5,75.5,35,-5.8136433045440885,9.13565444720953,0.23482953004134946
jjas_z500,z500,ecmwf,4,12.5,77.0,35,-5.835863733514088,9.005417058344829,0.2582656883252436
jjas_z500,z500,ecmwf,4,12.5,78.5,35,-5.672316109603577,8.921564882013085,0.2743057875530436
jjas_z500,z500,ecmwf,4,12.5,80.0,35,-5.600478129619816,9.000195413914607,0.28384635891976695
jjas_z500,z500,ecmwf,4,14.0,75.5,35,-5.455694122266583,9.636794562029074,0.2754508617520327
jjas_z500,z500,ecmwf,4,14.0,77.0,35,-5.485869052482121,9.574915652951912,0.30245618176404554
jjas_z500,z500,ecmwf,4,14.0,78.5,35,-5.271407447527522,9.583898854244495,0.33100986130696847
jjas_z500,z500,ecmwf,4,14.0,80.0,35,-5.214361881905565,9.721476578658004,0.3418320731803052
jjas_z500,z500,ecmwf,4,15.5,74.0,35,-4.355638197118943,10.52396692009969,0.2733076172343984
jjas_z500,z500,ecmwf,4,15.5,75.5,35,-4.8471393678997625,10.403441572583281,0.2993792568154003
jjas_z500,z500,ecmwf,4,15.5,77.0,35,-4.946964176295764,10.51447116595886,0.3241799804424567
jjas_z500,z500,ecmwf,4,15.5,78.5,35,-4.757725208138644,10.690057582637023,0.35181036870740223
jjas_z500,z500,ecmwf,4,15.5,80.0,35,-4.750665813200248,10.986395564731982,0.36399355038668046
jjas_z500,z500,ecmwf,4,17.0,74.0,35,-3.698826514112807,11.295814805866838,0.2705074997416464
jjas_z500,z500,ecmwf,4,17.0,75.5,35,-4.24893334938141,11.335407007826184,0.28228528834982064
jjas_z500,z500,ecmwf,4,17.0,77.0,35,-4.358234613289694,11.637672467720321,0.30549631744726036
jjas_z500,z500,ecmwf,4,17.0,78.5,35,-4.222600324852439,11.98001479382415,0.3232007504817986
jjas_z500,z500,ecmwf,4,17.0,80.0,35,-4.221129645434589,12.453185503025043,0.3327502915543343
jjas_z500,z500,ecmwf,4,17.0,81.5,35,-4.374245527204247,12.958351144702048,0.3419057153985868
jjas_z500,z500,ecmwf,4,18.5,74.0,35,-3.273983104526737,11.813997874851575,0.24110893722036023
jjas_z500,z500,ecmwf,4,18.5,75.5,35,-3.7259700277683545,12.080814280999544,0.2380163379137861
jjas_z500,z500,ecmwf,4,18.5,77.0,35,-3.8110977377060147,12.507200464276675,0.24331334879621694
jjas_z500,z500,ecmwf,4,18.5,78.5,35,-3.713593336640172,12.976473972349016,0.2540070521579147
jjas_z500,z500,ecmwf,4,18.5,80.0,35,-3.730275139569676,13.554720681483376,0.2594897013008719
jjas_z500,z500,ecmwf,4,18.5,81.5,35,-3.7767924009881035,14.148317371076448,0.2705911263434658
jjas_z500,z500,ecmwf,4,18.5,83.0,35,-3.7001800546609176,14.608586547036255,0.26282616796356584
jjas_z500,z500,ecmwf,4,20.0,74.0,35,-2.877742642195829,11.911554711536382,0.19763877005337416
jjas_z500,z500,ecmwf,4,20.0,75.5,35,-3.2615253523282393,12.372169600431631,0.17132071365403348
jjas_z500,z500,ecmwf,4,20.0,77.0,35,-3.3894985945765645,12.907389003500574,0.156988254283572
jjas_z500,z500,ecmwf,4,20.0,78.5,35,-3.376084005650903,13.473846712154653,0.16114047937638773
jjas_z500,z500,ecmwf,4,20.0,80.0,35,-3.429097550478764,14.086518388533396,0.17552589289643386
jjas_z500,z500,ecmwf,4,20.0,81.5,35,-3.426655323587563,14.690739210483223,0.18930060665890322
jjas_z500,z500,ecmwf,4,20.0,83.0,35,-3.192708637274622,15.108808985277811,0.18311659604585348
jjas_z500,z500,ecmwf,4,20.0,84.5,35,-2.917593139686661,15.394919205661811,0.16020642532061038
jjas_z500,z500,ecmwf,4,20.0,86.0,35,-2.7295230375131725,15.567376643517715,0.12593590896040965
jjas_z500,z500,ecmwf,4,21.5,71.0,35,-1.1388335108349827,10.574928455502086,0.1993939108821959
jjas_z500,z500,ecmwf,4,21.5,74.0,35,-2.3275390321058307,11.631817405826084,0.16606997722185132
jjas_z500,z500,ecmwf,4,21.5,75.5,35,-2.6729762087126283,12.18742554472783,0.12064151662715425
jjas_z500,z500,ecmwf,4,21.5,77.0,35,-2.9486545138890508,12.773676097146623,0.09066592401770572
jjas_z500,z500,ecmwf,4,21.5,78.5,35,-3.117562137702277,13.347361450104074,0.08855263082249855
jjas_z500,z500,ecmwf,4,21.5,80.0,35,-3.2467612652697166,13.894062088033863,0.11000372785412155
jjas_z500,z500,ecmwf,4,21.5,81.5,35,-3.2897400757180675,14.412455549971018,0.136361930814778
jjas_z500,z500,ecmwf,4,21.5,83.0,35,-3.105938430059645,14.804945966265896,0.14098694173833573
jjas_z500,z500,ecmwf,4,21.5,84.5,35,-2.8386619361289247,15.059241333720811,0.12348864780152631
jjas_z500,z500,ecmwf,4,21.5,86.0,35,-2.681373035325357,15.093064429980295,0.09527882247587
jjas_z500,z500,ecmwf,4,23.0,69.5,35,-1.0558704384536604,10.554828095149853,0.1461565391045884
jjas_z500,z500,ecmwf,4,23.0,71.0,35,-1.1476315092008267,10.52516016667635,0.17352684468479068
jjas_z500,z500,ecmwf,4,23.0,72.5,35,-1.513179581728478,10.679492919417038,0.1827329459802842
jjas_z500,z500,ecmwf,4,23.0,74.0,35,-1.7825896808377106,11.090897176288857,0.15657678959199128
jjas_z500,z500,ecmwf,4,23.0,75.5,35,-2.0647542393691505,11.58478173424196,0.1135041298805426
jjas_z500,z500,ecmwf,4,23.0,77.0,35,-2.471756250243171,12.097551619150577,0.08431399401903342
jjas_z500,z500,ecmwf,4,23.0,78.5,35,-2.8233453450826085,12.570210533117761,0.0877180612501883
jjas_z500,z500,ecmwf,4,23.0,80.0,35,-3.0707094165796143,12.993324078437347,0.11467855235471376
jjas_z500,z500,ecmwf,4,23.0,81.5,35,-3.2476634534023887,13.406578612216554,0.14587971388035748
jjas_z500,z500,ecmwf,4,23.0,83.0,35,-3.234976590462585,13.738109875966643,0.1611290092036622
jjas_z500,z500,ecmwf,4,23.0,84.5,35,-3.0386415720806066,13.874855537447155,0.1515629804811323
jjas_z500,z500,ecmwf,4,23.0,86.0,35,-2.9498170578995997,13.74223482646512,0.12933288497790843
jjas_z500,z500,ecmwf,4,23.0,87.5,35,-2.989409813404927,13.442863458924991,0.09793867813790924
jjas_z500,z500,ecmwf,4,24.5,72.5,35,-1.7164980705823056,10.60299322209282,0.19533144441580708
jjas_z500,z500,ecmwf,4,24.5,74.0,35,-1.653841814504059,10.548727649241616,0.19022822030421468
jjas_z500,z500,ecmwf,4,24.5,75.5,35,-1.872865452604492,10.760786734414923,0.16602809340784838
jjas_z500,z500,ecmwf,4,24.5,77.0,35,-2.3593784649272234,11.075710056074405,0.15173376040196254
jjas_z500,z500,ecmwf,4,24.5,78.5,35,-2.783998173922633,11.363362993556112,0.1660595505759167
jjas_z500,z500,ecmwf,4,24.5,80.0,35,-3.03764455434978,11.684298186793107,0.1922748676726459
jjas_z500,z500,ecmwf,4,24.5,81.5,35,-3.1629797405071907,12.080424303517074,0.21510810523812118
jjas_z500,z500,ecmwf,4,24.5,83.0,35,-3.0815565853076414,12.371107566137331,0.23065608540218854
jjas_z500,z500,ecmwf,4,24.5,84.5,35,-2.9091723929155444,12.395255310463654,0.21884369099859066
jjas_z500,z500,ecmwf,4,24.5,86.0,35,-2.887453557812218,12.186251646064989,0.193686935804035
jjas_z500,z500,ecmwf,4,24.5,87.5,35,-2.884884891456386,11.914236198715273,0.1656168017081882
jjas_z500,z500,ecmwf,4,24.5,93.5,35,-2.5095080045906273,9.38283504221073,0.14302279131505305
jjas_z500,z500,ecmwf,4,26.0,71.0,35,-2.7225405700470997,11.818463876987705,0.22226191472171772
jjas_z500,z500,ecmwf,4,26.0,72.5,35,-2.277876984127241,11.098504643293818,0.24481459379782466
jjas_z500,z500,ecmwf,4,26.0,74.0,35,-2.022826092242134,10.516754996763508,0.2698947772317614
jjas_z500,z500,ecmwf,4,26.0,75.5,35,-2.1365798793477944,10.249697297757947,0.28026213881985584
jjas_z500,z500,ecmwf,4,26.0,77.0,35,-2.5022031772778845,10.170231576308016,0.2926690396374445
jjas_z500,z500,ecmwf,4,26.0,78.5,35,-2.8256532300419295,10.20270079564251,0.3120284572259158
jjas_z500,z500,ecmwf,4,26.0,80.0,35,-2.9445200953646107,10.400194542818808,0.32477495906281045
jjas_z500,z500,ecmwf,4,26.0,81.5,35,-2.8707012405655146,10.883821573300684,0.32365615770096157
jjas_z500,z500,ecmwf,4,26.0,83.0,35,-2.587389395862452,11.408076659485697,0.31608418439515784
jjas_z500,z500,ecmwf,4,26.0,84.5,35,-2.3458878299581816,11.542432385154621,0.2991451535031587
jjas_z500,z500,ecmwf,4,26.0,86.0,35,-2.24464082073794,11.267834013265308,0.2759437417589878
jjas_z500,z500,ecmwf,4,26.0,87.5,35,-2.2202704041683057,10.95400213557921,0.2569329028372865
jjas_z500,z500,ecmwf,4,26.0,90.5,35,-1.8822330972322172,10.25226927205884,0.2314120369950334
jjas_z500,z500,ecmwf,4,26.0,92.0,35,-1.6174105623152304,9.751507220607191,0.22725290878927865
jjas_z500,z500,ecmwf,4,26.0,93.5,35,-1.3011802333782336,9.116237320932191,0.22974671511626815
jjas_z500,z500,ecmwf,4,26.0,95.0,35,-0.9948961311955957,8.512185565144351,0.21750703940265764
jjas_z500,z500,ecmwf,4,27.5,71.0,35,-3.3420589329478387,13.211549400665941,0.268704332667436
jjas_z500,z500,ecmwf,4,27.5,72.5,35,-2.784304394501071,12.25471290762517,0.29609936823025296
jjas_z500,z500,ecmwf,4,27.5,74.0,35,-2.436448850373381,11.353928376691469,0.3450948112342551
jjas_z500,z500,ecmwf,4,27.5,75.5,35,-2.3475913585921653,10.618601373034261,0.3966963180926317
jjas_z500,z500,ecmwf,4,27.5,77.0,35,-2.4504488600993812,10.093315866131203,0.4387279503216853
jjas_z500,z500,ecmwf,4,27.5,78.5,35,-2.597320364778326,9.900763836079625,0.46705201972261096
jjas_z500,z500,ecmwf,4,27.5,80.0,35,-2.5983388407448467,10.085089249207874,0.46631869757784433
jjas_z500,z500,ecmwf,4,27.5,81.5,35,-2.484708788028703,10.6020875000007,0.4354764402314022
jjas_z500,z500,ecmwf,4,27.5,92.0,35,0.5089678102144065,10.65179316551235,0.3003080151626207
jjas_z500,z500,ecmwf,4,27.5,93.5,35,0.6950912005424732,10.151916270883346,0.31538279015317167
jjas_z500,z500,ecmwf,4,27.5,95.0,35,0.8455000620042221,9.567425787633125,0.2966384741081981
jjas_z500,z500,ecmwf,4,27.5,96.5,35,1.155487655131245,9.283589233097583,0.2663440994441437
jjas_z500,z500,ecmwf,4,29.0,74.0,35,-2.555504767010955,12.906834624898138,0.38803487803076464
jjas_z500,z500,ecmwf,4,29.0,75.5,35,-2.247677920994829,11.996066132013166,0.4585535182819404
jjas_z500,z500,ecmwf,4,29.0,77.0,35,-2.196728834762897,11.325399621144088,0.5244177665395061
jjas_z500,z500,ecmwf,4,29.0,78.5,35,-2.2306223010038333,11.101135248928232,0.5472961510771059
jjas_z500,z500,ecmwf,4,29.0,80.0,35,-2.1004669445904907,11.325964734252858,0.522674873600926
jjas_z500,z500,ecmwf,4,29.0,95.0,35,2.9253457329108383,11.628733659276294,0.3338037342691293
jjas_z500,z500,ecmwf,4,30.5,74.0,35,-2.3833326950567164,14.707375725431184,0.3894085344953177
jjas_z500,z500,ecmwf,4,30.5,75.5,35,-2.01237179767738,13.87686316551623,0.46813937917045273
jjas_z500,z500,ecmwf,4,30.5,77.0,35,-1.9703506445977836,13.265196539581632,0.5309873741326261
jjas_z500,z500,ecmwf,4,30.5,78.5,35,-1.6007273308627188,13.038729767313852,0.5296034434570124
jjas_z500,z500,ecmwf,4,30.5,80.0,35,-0.6436123451120044,13.204425892411095,0.47825618451045704
jjas_z500,z500,ecmwf,4,32.0,75.5,35,-2.030062624007977,15.507544150694182,0.4268052872385143
jjas_z500,z500,ecmwf,4,32.0,77.0,35,-1.5975823011495385,14.997319486812366,0.4632427760490151
jjas_z500,z500,ecmwf,4,32.0,78.5,35,-0.13889542362124171,14.88446552757421,0.45638612496189945
jjas_z500,z500,ecmwf,4,33.5,74.0,35,-2.6288425743564274,17.662885587999295,0.315239066461016
jjas_z500,z500,ecmwf,4,33.5,75.5,35,-1.9853543891515073,16.87241906222695,0.3566341348115042
jjas_z500,z500,ecmwf,4,33.5,77.0,35,-0.7639060615565021,16.445451755363862,0.39191222244568885
jjas_z500,z500,ecmwf,4,33.5,78.5,35,1.6131653268948607,16.632001505230534,0.3362688374520697
jjas_z500,z500,ecmwf,4,35.0,75.5,35,-1.6531873079090604,18.438680592658667,0.3005100610883151
jjas_z500,z500,ecmwf,4,35.0,77.0,35,-0.054957916326020394,18.102915833269574,0.28185285929924325
jjas_z500,z500,ecmwf,4,35.0,78.5,35,2.488099189328646,18.503043067503153,0.2731216390075083
jjas_z500,z500,ecmwf,4,35.0,80.0,35,4.764716277135786,19.18019718005624,0.246274711739647
jjas_z500,z500,ecmwf,4,36.5,74.0,35,-2.4299770950045323,21.336079482762475,0.27551695715326163
jjas_z500,z500,ecmwf,4,36.5,75.5,35,-1.0172625430381232,20.67311460998907,0.28301032493957384
jjas_z500,z500,ecmwf,5,9.5,77.0,35,-3.7675452385812345,7.086727477965619,0.27897322343894526
jjas_z500,z500,ecmwf,5,9.5,78.5,35,-3.71390928333198,6.904977343177188,0.30424416384378244
jjas_z500,z500,ecmwf,5,11.0,77.0,35,-4.084543109778757,7.492417530854523,0.2570915796266026
jjas_z500,z500,ecmwf,5,11.0,78.5,35,-4.113012930866534,7.354079436144816,0.2851028218511936
jjas_z500,z500,ecmwf,5,12.5,75.5,35,-4.020569421345058,8.18553810165619,0.24900719806591992
jjas_z500,z500,ecmwf,5,12.5,77.0,35,-4.248868062850124,8.05171536326642,0.2766378331598772
jjas_z500,z500,ecmwf,5,12.5,78.5,35,-4.276272053960383,8.005359234469909,0.3124855050430394
jjas_z500,z500,ecmwf,5,12.5,80.0,35,-4.3633766266926095,8.1221231655109,0.3301891069661274
jjas_z500,z500,ecmwf,5,14.0,75.5,35,-4.0126553138619006,8.988330844246006,0.29140378585787124
jjas_z500,z500,ecmwf,5,14.0,77.0,35,-4.29597706704218,8.962449420987982,0.3208343703934796
jjas_z500,z500,ecmwf,5,14.0,78.5,35,-4.293772339664689,9.034937576871483,0.35917499263441865
jjas_z500,z500,ecmwf,5,14.0,80.0,35,-4.419847591814661,9.21780064688677,0.375545646558783
jjas_z500,z500,ecmwf,5,15.5,74.0,35,-3.0199391388499603,10.279194425368381,0.2884984663200851
jjas_z500,z500,ecmwf,5,15.5,75.5,35,-3.8276621890078917,10.024887754437948,0.32451497427946097
jjas_z500,z500,ecmwf,5,15.5,77.0,35,-4.21537218185887,10.169251386449723,0.3513126917179163
jjas_z500,z500,ecmwf,5,15.5,78.5,35,-4.270273109243031,10.419587393521219,0.37700464837598197
jjas_z500,z500,ecmwf,5,15.5,80.0,35,-4.468405330882524,10.757694073000637,0.3930506996555592
jjas_z500,z500,ecmwf,5,17.0,74.0,35,-2.8463346232590734,11.1403546616205,0.30486157380927453
jjas_z500,z500,ecmwf,5,17.0,75.5,35,-3.683269840053955,11.052208690517835,0.3328159462218826
jjas_z500,z500,ecmwf,5,17.0,77.0,35,-4.073328476355684,11.37362858379188,0.35523037130726726
jjas_z500,z500,ecmwf,5,17.0,78.5,35,-4.221760566205817,11.766244808738456,0.3690525758091889
jjas_z500,z500,ecmwf,5,17.0,80.0,35,-4.454364745030242,12.272098021014328,0.3811669339068773
jjas_z500,z500,ecmwf,5,17.0,81.5,35,-4.82749213400644,12.846801903161246,0.3867938349254572
jjas_z500,z500,ecmwf,5,18.5,74.0,35,-2.9059393722767193,11.559380637503414,0.3125418993388072
jjas_z500,z500,ecmwf,5,18.5,75.5,35,-3.5805486257000925,11.749696725003853,0.32600047905274804
jjas_z500,z500,ecmwf,5,18.5,77.0,35,-3.9144232475976293,12.169992021616713,0.33530681965531767
jjas_z500,z500,ecmwf,5,18.5,78.5,35,-4.10299491324292,12.666748157839663,0.34351495788266573
jjas_z500,z500,ecmwf,5,18.5,80.0,35,-4.3788935452651065,13.277800693402673,0.34696122701978277
jjas_z500,z500,ecmwf,5,18.5,81.5,35,-4.683723775968688,13.94466795802569,0.3516192613199505
jjas_z500,z500,ecmwf,5,18.5,83.0,35,-4.872224197838685,14.481347566017863,0.3384912186541199
jjas_z500,z500,ecmwf,5,20.0,74.0,35,-2.8755378236364257,11.54924661934146,0.2961299399590269
jjas_z500,z500,ecmwf,5,20.0,75.5,35,-3.4380141466309526,11.941280305833192,0.29900001925793956
jjas_z500,z500,ecmwf,5,20.0,77.0,35,-3.771210129017215,12.421796723296719,0.30757875976460414
jjas_z500,z500,ecmwf,5,20.0,78.5,35,-4.016835870632817,12.998359503047448,0.3140847377447875
jjas_z500,z500,ecmwf,5,20.0,80.0,35,-4.333011338216108,13.6720095727753,0.3152464384438896
jjas_z500,z500,ecmwf,5,20.0,81.5,35,-4.592194369067615,14.383477831207193,0.31164849683540946
jjas_z500,z500,ecmwf,5,20.0,83.0,35,-4.650251967105968,14.882611249775932,0.29596774097362105
jjas_z500,z500,ecmwf,5,20.0,84.5,35,-4.674709553960461,15.176155301441135,0.2794207492008017
jjas_z500,z500,ecmwf,5,20.0,86.0,35,-4.714218725684934,15.312192397365887,0.26051010171101635
jjas_z500,z500,ecmwf,5,21.5,71.0,35,-1.1913999888147373,10.222765231233158,0.24646677640813214
jjas_z500,z500,ecmwf,5,21.5,74.0,35,-2.5921959799541323,11.235392145227728,0.2644243719963403
jjas_z500,z500,ecmwf,5,21.5,75.5,35,-3.0860467060086845,11.695611640804845,0.262065609864475
jjas_z500,z500,ecmwf,5,21.5,77.0,35,-3.5044363231402325,12.192278761545442,0.2705734685074663
jjas_z500,z500,ecmwf,5,21.5,78.5,35,-3.8658582139451028,12.755030886977329,0.2817812470744478
jjas_z500,z500,ecmwf,5,21.5,80.0,35,-4.224979879104337,13.376721061949597,0.29042998060648556
jjas_z500,z500,ecmwf,5,21.5,81.5,35,-4.494996887644057,14.02613751823105,0.28885583522538816
jjas_z500,z500,ecmwf,5,21.5,83.0,35,-4.580189215442858,14.51759264245643,0.2758100584398261
jjas_z500,z500,ecmwf,5,21.5,84.5,35,-4.601551011029577,14.799175737466514,0.2593129101424349
jjas_z500,z500,ecmwf,5,21.5,86.0,35,-4.611726834831098,14.804086519888275,0.24699663402099076
jjas_z500,z500,ecmwf,5,23.0,69.5,35,-1.399909000057882,10.082576111636673,0.17327715700811824
jjas_z500,z500,ecmwf,5,23.0,71.0,35,-1.557485915372854,10.152050410854011,0.2023439235442125
jjas_z500,z500,ecmwf,5,23.0,72.5,35,-1.940494700484669,10.387419216419561,0.21657641493112484
jjas_z500,z500,ecmwf,5,23.0,74.0,35,-2.266784383024294,10.75554515985289,0.21764455157685217
jjas_z500,z500,ecmwf,5,23.0,75.5,35,-2.6363575464909186,11.149136599867678,0.21828473295889736
jjas_z500,z500,ecmwf,5,23.0,77.0,35,-3.1112563645249924,11.583033863544808,0.22958309151619705
jjas_z500,z500,ecmwf,5,23.0,78.5,35,-3.5548318719847884,12.053399008502739,0.2494604624527039
jjas_z500,z500,ecmwf,5,23.0,80.0,35,-3.960008139540774,12.561069338122088,0.26391163080729163
jjas_z500,z500,ecmwf,5,23.0,81.5,35,-4.301045010018321,13.10756544214154,0.26842995677415876
jjas_z500,z500,ecmwf,5,23.0,83.0,35,-4.4810995491947585,13.557234516451697,0.2642668653989135
jjas_z500,z500,ecmwf,5,23.0,84.5,35,-4.5211202232631225,13.754511443788026,0.253265906355148
jjas_z500,z500,ecmwf,5,23.0,86.0,35,-4.550296768012829,13.613936951915337,0.24579921598979912
jjas_z500,z500,ecmwf,5,23.0,87.5,35,-4.564642419467548,13.237518746987373,0.24313761440658516
jjas_z500,z500,ecmwf,5,24.5,72.5,35,-2.421104631088435,10.43871300798936,0.19334159757087646
jjas_z500,z500,ecmwf,5,24.5,74.0,35,-2.3557343640583763,10.409932811286629,0.1888151950005788
jjas_z500,z500,ecmwf,5,24.5,75.5,35,-2.565985474050441,10.591091111260797,0.18314645762796364
jjas_z500,z500,ecmwf,5,24.5,77.0,35,-3.0252887439699925,10.881139423208708,0.1924440464283804
jjas_z500,z500,ecmwf,5,24.5,78.5,35,-3.449061035004213,11.209405738394038,0.2125152222017281
jjas_z500,z500,ecmwf,5,24.5,80.0,35,-3.7670496323527396,11.631294106184889,0.22286971549799495
jjas_z500,z500,ecmwf,5,24.5,81.5,35,-3.979168733465589,12.145351340785906,0.22284468288898737
jjas_z500,z500,ecmwf,5,24.5,83.0,35,-4.004401917016835,12.537704123109704,0.2218005670492609
jjas_z500,z500,ecmwf,5,24.5,84.5,35,-3.977718478884708,12.599782693338868,0.2086913287975378
jjas_z500,z500,ecmwf,5,24.5,86.0,35,-4.0228387665833,12.338051904507315,0.20465182810060648
jjas_z500,z500,ecmwf,5,24.5,87.5,35,-3.966763380699844,11.953989910323061,0.20848627637581163
jjas_z500,z500,ecmwf,5,24.5,93.5,35,-2.9738401610643845,9.185929673226095,0.208224121323873
jjas_z500,z500,ecmwf,5,26.0,71.0,35,-3.6759239807033475,11.931663768936886,0.18180858501977765
jjas_z500,z500,ecmwf,5,26.0,72.5,35,-3.2185842001726215,11.223412208478372,0.2011144195092396
jjas_z500,z500,ecmwf,5,26.0,74.0,35,-2.915585426879157,10.75501692089117,0.20114995163862415
jjas_z500,z500,ecmwf,5,26.0,75.5,35,-2.9504214446194186,10.588086400593546,0.18835926350684665
jjas_z500,z500,ecmwf,5,26.0,77.0,35,-3.2200819607355307,10.577114812975529,0.1869620934313463
jjas_z500,z500,ecmwf,5,26.0,78.5,35,-3.475670402709407,10.694697560879598,0.18647840239341448
jjas_z500,z500,ecmwf,5,26.0,80.0,35,-3.571338604885828,10.970569481301835,0.17837571287695472
jjas_z500,z500,ecmwf,5,26.0,81.5,35,-3.505489205230879,11.506584751818734,0.1615429903142541
jjas_z500,z500,ecmwf,5,26.0,83.0,35,-3.2374588767799652,12.084427231594697,0.13686769164987705
jjas_z500,z500,ecmwf,5,26.0,84.5,35,-3.0270519362258965,12.191226176452249,0.12632850405224
jjas_z500,z500,ecmwf,5,26.0,86.0,35,-2.919064366198368,11.772607573900231,0.14338713993894173
jjas_z500,z500,ecmwf,5,26.0,87.5,35,-2.80695116154111,11.291078006758708,0.16873159964616433
jjas_z500,z500,ecmwf,5,26.0,90.5,35,-2.23631037484434,10.375378973058654,0.18820685540116772
jjas_z500,z500,ecmwf,5,26.0,92.0,35,-1.8395795948586966,9.828507707709578,0.18811038238473807
jjas_z500,z500,ecmwf,5,26.0,93.5,35,-1.4212841994436531,9.173291743507455,0.19105918807900044
jjas_z500,z500,ecmwf,5,26.0,95.0,35,-1.0678437086646486,8.537993301969298,0.1838636051553926
jjas_z500,z500,ecmwf,5,27.5,71.0,35,-4.465396861869755,13.818443199827893,0.13143960049944592
jjas_z500,z500,ecmwf,5,27.5,72.5,35,-3.8914265228660954,12.868301528434815,0.15782192240646067
jjas_z500,z500,ecmwf,5,27.5,74.0,35,-3.4735892577518044,12.132397701108742,0.1737857173672996
jjas_z500,z500,ecmwf,5,27.5,75.5,35,-3.2831180823025403,11.596984778501344,0.17965877584227283
jjas_z500,z500,ecmwf,5,27.5,77.0,35,-3.274022100159735,11.228544965531487,0.17547753241731381
jjas_z500,z500,ecmwf,5,27.5,78.5,35,-3.3257426494903743,11.140816402345127,0.16516778082575692
jjas_z500,z500,ecmwf,5,27.5,80.0,35,-3.2445928284510437,11.314166576713422,0.15562353635732837
jjas_z500,z500,ecmwf,5,27.5,81.5,35,-3.060511800206041,11.746867919248373,0.13168798049756852
jjas_z500,z500,ecmwf,5,27.5,92.0,35,0.4745239675732072,11.004937287670975,0.17793239073742198
jjas_z500,z500,ecmwf,5,27.5,93.5,35,0.7403602065829548,10.506478628614852,0.2034749569909563
jjas_z500,z500,ecmwf,5,27.5,95.0,35,0.9117371992201827,9.869492483969418,0.1992082181141101
jjas_z500,z500,ecmwf,5,27.5,96.5,35,1.2285127679544787,9.545011369418315,0.17935304083376183
jjas_z500,z500,ecmwf,5,29.0,74.0,35,-3.7048416588856656,14.222442621511972,0.07001147270844871
jjas_z500,z500,ecmwf,5,29.0,75.5,35,-3.300269656473444,13.529021259460283,0.08880706574938395
jjas_z500,z500,ecmwf,5,29.0,77.0,35,-3.148128088040773,13.032699840252981,0.10778406942159707
jjas_z500,z500,ecmwf,5,29.0,78.5,35,-3.081907880340103,12.828337642388268,0.109012058044848
jjas_z500,z500,ecmwf,5,29.0,80.0,35,-2.846531151523309,12.896782607045209,0.10613537128816573
jjas_z500,z500,ecmwf,5,29.0,95.0,35,3.016621257878432,12.146342898935204,0.1916255929125027
jjas_z500,z500,ecmwf,5,30.5,74.0,35,-3.5966202366365905,16.39856178948335,-0.08645940672743341
jjas_z500,z500,ecmwf,5,30.5,75.5,35,-3.1358937628870733,15.730588964639509,-0.046850264378780364
jjas_z500,z500,ecmwf,5,30.5,77.0,35,-3.0165050308324033,15.221718356110934,-0.01584800506746329
jjas_z500,z500,ecmwf,5,30.5,78.5,35,-2.581373187295971,14.910158745459919,-0.032691806689220185
jjas_z500,z500,ecmwf,5,30.5,80.0,35,-1.5647676431687745,14.849542747947694,-0.05118015914679386
jjas_z500,z500,ecmwf,5,32.0,75.5,35,-3.2261851876165957,17.483983370533316,-0.1977675216017203
jjas_z500,z500,ecmwf,5,32.0,77.0,35,-2.751441501079249,16.976367926279075,-0.17896727335018978
jjas_z500,z500,ecmwf,5,32.0,78.5,35,-1.2897622026238813,16.735127594043817,-0.15798636120052326
jjas_z500,z500,ecmwf,5,33.5,74.0,35,-3.9702997344773134,19.60914972663281,-0.3136857820566491
jjas_z500,z500,ecmwf,5,33.5,75.5,35,-3.281421909041377,18.836396983759816,-0.27937211046947347
jjas_z500,z500,ecmwf,5,33.5,77.0,35,-2.045795249523248,18.359303687796046,-0.25697563980092925
jjas_z500,z500,ecmwf,5,33.5,78.5,35,0.31020497174576983,18.35376559792672,-0.20788681707502102
jjas_z500,z500,ecmwf,5,35.0,75.5,35,-2.9728468210203833,20.306249710245723,-0.2854678017210047
jjas_z500,z500,ecmwf,5,35.0,77.0,35,-1.3697356807308094,19.898846688597857,-0.22837852254489596
jjas_z500,z500,ecmwf,5,35.0,78.5,35,1.1773251792034773,20.096446141088467,-0.19896416550535895
jjas_z500,z500,ecmwf,5,35.0,80.0,35,3.4638904085939948,20.505274770346468,-0.1442222329022653
jjas_z500,z500,ecmwf,5,36.5,74.0,35,-3.6084111422347114,23.04421779247633,-0.23902023828974134
jjas_z500,z500,ecmwf,5,36.5,75.5,35,-2.233018389647597,22.389248658430574,-0.257082776884975
jjas_z500,z500,ecmwf,6,9.5,77.0,35,-1.5797776185126557,5.705616613679455,0.419899121083022
jjas_z500,z500,ecmwf,6,9.5,78.5,35,-1.430397779771712,5.526849125623383,0.4188024590808292
jjas_z500,z500,ecmwf,6,11.0,77.0,35,-1.8431186841056841,6.184568264694955,0.3527586475198806
jjas_z500,z500,ecmwf,6,11.0,78.5,35,-1.7855692450593519,6.056533537546288,0.3488948488112688
jjas_z500,z500,ecmwf,6,12.5,75.5,35,-1.8804108796294323,7.178688117450456,0.31759744248327443
jjas_z500,z500,ecmwf,6,12.5,77.0,35,-1.9966337012238,7.015757781574276,0.29136160834815517
jjas_z500,z500,ecmwf,6,12.5,78.5,35,-1.9503639085841704,7.041759417830686,0.28889045668689284
jjas_z500,z500,ecmwf,6,12.5,80.0,35,-1.9207718460646253,7.201194189788309,0.28855790451536906
jjas_z500,z500,ecmwf,6,14.0,75.5,35,-1.9040330541938086,8.346234656109482,0.2676371828867144
jjas_z500,z500,ecmwf,6,14.0,77.0,35,-2.0882422543668717,8.332356902000909,0.24759757874128469
jjas_z500,z500,ecmwf,6,14.0,78.5,35,-2.0180526073277827,8.528633483575678,0.24964637165378703
jjas_z500,z500,ecmwf,6,14.0,80.0,35,-2.0199099605123982,8.784286223885337,0.23965910927895015
jjas_z500,z500,ecmwf,6,15.5,74.0,35,-1.0637363712851375,10.098507822817407,0.23352380609170467
jjas_z500,z500,ecmwf,6,15.5,75.5,35,-1.8067635995372517,9.784469859921527,0.21538042047232922
jjas_z500,z500,ecmwf,6,15.5,77.0,35,-2.1272669441042518,9.947928634648937,0.2024092914004438
jjas_z500,z500,ecmwf,6,15.5,78.5,35,-2.1276501833372876,10.303462216363076,0.2001181938328156
jjas_z500,z500,ecmwf,6,15.5,80.0,35,-2.2084507761437897,10.72898038162485,0.18269687812783283
jjas_z500,z500,ecmwf,6,17.0,74.0,35,-0.9890434732919727,11.223017689672751,0.1839131448266307
jjas_z500,z500,ecmwf,6,17.0,75.5,35,-1.8154462826798408,11.096746680766906,0.1620971791302069
jjas_z500,z500,ecmwf,6,17.0,77.0,35,-2.182375068082521,11.427111326771731,0.1614954593599282
jjas_z500,z500,ecmwf,6,17.0,78.5,35,-2.2953422862204076,11.877375357798948,0.1543890308653601
jjas_z500,z500,ecmwf,6,17.0,80.0,35,-2.4389246627471426,12.464691641249152,0.13235659043423406
jjas_z500,z500,ecmwf,6,17.0,81.5,35,-2.6044426147193267,13.094024056632554,0.10548407860359112
jjas_z500,z500,ecmwf,6,18.5,74.0,35,-1.1892324942128,11.762972657888964,0.16310037220371493
jjas_z500,z500,ecmwf,6,18.5,75.5,35,-1.924286346482976,11.920381249477098,0.13649734060105612
jjas_z500,z500,ecmwf,6,18.5,77.0,35,-2.289976420256088,12.333259108380133,0.1272236847489469
jjas_z500,z500,ecmwf,6,18.5,78.5,35,-2.4751633379047107,12.842398364838722,0.12321728324089976
jjas_z500,z500,ecmwf,6,18.5,80.0,35,-2.6896230888184487,13.484164725669775,0.10212819598717886
jjas_z500,z500,ecmwf,6,18.5,81.5,35,-2.8420219433257445,14.191384781661457,0.0831967131411629
jjas_z500,z500,ecmwf,6,18.5,83.0,35,-2.7871546318183653,14.772814511421208,0.06223665868510211
jjas_z500,z500,ecmwf,6,20.0,74.0,35,-1.301084795897519,11.77615145596123,0.15439426858228902
jjas_z500,z500,ecmwf,6,20.0,75.5,35,-2.001193211659561,12.09052035492296,0.12877743719053708
jjas_z500,z500,ecmwf,6,20.0,77.0,35,-2.453837802481861,12.532638297444507,0.12027662756318504
jjas_z500,z500,ecmwf,6,20.0,78.5,35,-2.7448333977686037,13.08180421392237,0.11868220784459493
jjas_z500,z500,ecmwf,6,20.0,80.0,35,-3.035632859915053,13.730922918681223,0.1083207895412408
jjas_z500,z500,ecmwf,6,20.0,81.5,35,-3.2022083442750695,14.42695936120621,0.09691202849226561
jjas_z500,z500,ecmwf,6,20.0,83.0,35,-3.098604819531959,14.921697727663215,0.08199058922460142
jjas_z500,z500,ecmwf,6,20.0,84.5,35,-2.886868896864403,15.257002094411806,0.07446203772299176
jjas_z500,z500,ecmwf,6,20.0,86.0,35,-2.6125306372550767,15.560542989112934,0.06606322181428512
jjas_z500,z500,ecmwf,6,21.5,71.0,35,0.6406494064640615,10.779082432601852,0.2106854133407303
jjas_z500,z500,ecmwf,6,21.5,74.0,35,-1.1419072663783874,11.43453578181372,0.16410026810026784
jjas_z500,z500,ecmwf,6,21.5,75.5,35,-1.8641028025793016,11.719719123154311,0.14895007926907422
jjas_z500,z500,ecmwf,6,21.5,77.0,35,-2.4926970571215343,12.097232385789669,0.1442821230985947
jjas_z500,z500,ecmwf,6,21.5,78.5,35,-2.965594210774439,12.599059460188,0.14290773554584535
jjas_z500,z500,ecmwf,6,21.5,80.0,35,-3.3561389095568823,13.164056574061894,0.1433692936674803
jjas_z500,z500,ecmwf,6,21.5,81.5,35,-3.612448086873909,13.726345310586465,0.14749041545872818
jjas_z500,z500,ecmwf,6,21.5,83.0,35,-3.6245509575358614,14.12097454791178,0.14794181398571707
jjas_z500,z500,ecmwf,6,21.5,84.5,35,-3.495403226394514,14.342300080193208,0.15328185878048645
jjas_z500,z500,ecmwf,6,21.5,86.0,35,-3.277733858300235,14.39140493806388,0.16953693405913606
jjas_z500,z500,ecmwf,6,23.0,69.5,35,0.6559516514938878,10.55788135984879,0.29948592760056947
jjas_z500,z500,ecmwf,6,23.0,71.0,35,0.3660969292230743,10.668371018974938,0.2518908973470131
jjas_z500,z500,ecmwf,6,23.0,72.5,35,-0.2588259001514284,10.746298522107882,0.22185852680938942
jjas_z500,z500,ecmwf,6,23.0,74.0,35,-0.9006779708413367,10.846150661850624,0.21075069118186565
jjas_z500,z500,ecmwf,6,23.0,75.5,35,-1.5932214161700227,10.939773923975087,0.20641366213920215
jjas_z500,z500,ecmwf,6,23.0,77.0,35,-2.3472095174871357,11.131752329816221,0.2087212431310245
jjas_z500,z500,ecmwf,6,23.0,78.5,35,-2.9666052097922666,11.499947002749133,0.2048360579943544
jjas_z500,z500,ecmwf,6,23.0,80.0,35,-3.4790695879046845,11.936433948834118,0.20369320289897033
jjas_z500,z500,ecmwf,6,23.0,81.5,35,-3.9126850088994356,12.340594027860723,0.21650651435404245
jjas_z500,z500,ecmwf,6,23.0,83.0,35,-4.114763479176249,12.606015188482653,0.23490481650352535
jjas_z500,z500,ecmwf,6,23.0,84.5,35,-4.042931669195813,12.679751758816032,0.2566304598788797
jjas_z500,z500,ecmwf,6,23.0,86.0,35,-3.8910381166355625,12.523751772107882,0.2831501100193692
jjas_z500,z500,ecmwf,6,23.0,87.5,35,-3.734638121741643,12.22040537000486,0.30448582828710424
jjas_z500,z500,ecmwf,6,24.5,72.5,35,-0.6777992360132755,10.700243552135044,0.3192292907461879
jjas_z500,z500,ecmwf,6,24.5,74.0,35,-0.9940749433455234,10.376935282278868,0.29893187868922233
jjas_z500,z500,ecmwf,6,24.5,75.5,35,-1.5804110316003321,10.145170731158894,0.29220323124237163
jjas_z500,z500,ecmwf,6,24.5,77.0,35,-2.3530198971950087,10.069918113513008,0.2927250836336042
jjas_z500,z500,ecmwf,6,24.5,78.5,35,-3.020775614933648,10.200795012359805,0.2869697624012715
jjas_z500,z500,ecmwf,6,24.5,80.0,35,-3.5522785850450287,10.49227324635173,0.2789351155270489
jjas_z500,z500,ecmwf,6,24.5,81.5,35,-3.965768855285205,10.811539621994841,0.2890130816071447
jjas_z500,z500,ecmwf,6,24.5,83.0,35,-4.1063274745661795,10.962450679838442,0.3093137850005816
jjas_z500,z500,ecmwf,6,24.5,84.5,35,-4.008841735478849,10.933665813236367,0.32410268417040466
jjas_z500,z500,ecmwf,6,24.5,86.0,35,-3.8551643226735126,10.749110796288734,0.3443628805855585
jjas_z500,z500,ecmwf,6,24.5,87.5,35,-3.6079406415346447,10.468101752120868,0.36384251718835925
jjas_z500,z500,ecmwf,6,24.5,93.5,35,-2.0625947080220484,8.258233164863492,0.36525111200768484
jjas_z500,z500,ecmwf,6,26.0,71.0,35,-1.508281997694758,12.422613173818005,0.43189707652044584
jjas_z500,z500,ecmwf,6,26.0,72.5,35,-1.4053017951971665,11.544930741264903,0.4145951297199353
jjas_z500,z500,ecmwf,6,26.0,74.0,35,-1.5089670199679468,10.725627933019632,0.3919860206798794
jjas_z500,z500,ecmwf,6,26.0,75.5,35,-1.918535083304206,10.104694924101954,0.37216537331986865
jjas_z500,z500,ecmwf,6,26.0,77.0,35,-2.508652410616664,9.656585273718173,0.3658852537881571
jjas_z500,z500,ecmwf,6,26.0,78.5,35,-3.061765435340463,9.43284059065109,0.3599806174456753
jjas_z500,z500,ecmwf,6,26.0,80.0,35,-3.4288680446136435,9.489843631230766,0.3481072519186694
jjas_z500,z500,ecmwf,6,26.0,81.5,35,-3.607182278293346,9.787895801575662,0.34354800178746475
jjas_z500,z500,ecmwf,6,26.0,83.0,35,-3.5204661421860823,10.098035714391813,0.3357260287064428
jjas_z500,z500,ecmwf,6,26.0,84.5,35,-3.2861731150791718,10.218718352867208,0.3285971159276127
jjas_z500,z500,ecmwf,6,26.0,86.0,35,-2.966581502392728,10.05254956601994,0.33135727553448424
jjas_z500,z500,ecmwf,6,26.0,87.5,35,-2.6252306912349535,9.831929104214476,0.33910997346829924
jjas_z500,z500,ecmwf,6,26.0,90.5,35,-1.7607586307094607,9.32610712089531,0.3222815868040999
jjas_z500,z500,ecmwf,6,26.0,92.0,35,-1.2664107787212613,8.935634456609245,0.3146146094888953
jjas_z500,z500,ecmwf,6,26.0,93.5,35,-0.7663727253054146,8.403782532810718,0.31888540635481305
jjas_z500,z500,ecmwf,6,26.0,95.0,35,-0.36685182753696743,7.838760228159619,0.3275241938102082
jjas_z500,z500,ecmwf,6,27.5,71.0,35,-2.049027449521392,14.779044189303603,0.4352023790773589
jjas_z500,z500,ecmwf,6,27.5,72.5,35,-1.9085297096268863,13.543030677649362,0.4169901313692897
jjas_z500,z500,ecmwf,6,27.5,74.0,35,-1.943059689153415,12.358494438854288,0.3941946060646104
jjas_z500,z500,ecmwf,6,27.5,75.5,35,-2.1528176548394184,11.346112630520068,0.3690891446567733
jjas_z500,z500,ecmwf,6,27.5,77.0,35,-2.4900625267471956,10.521395164993143,0.35071567019858463
jjas_z500,z500,ecmwf,6,27.5,78.5,35,-2.858129388908336,10.017841685655513,0.344079496067255
jjas_z500,z500,ecmwf,6,27.5,80.0,35,-3.0372185810087884,9.937239789801485,0.3375548807246747
jjas_z500,z500,ecmwf,6,27.5,81.5,35,-3.038005849040798,10.194431977220685,0.3195236618076879
jjas_z500,z500,ecmwf,6,27.5,92.0,35,0.8030292889732404,10.300168465414597,0.2609767242911664
jjas_z500,z500,ecmwf,6,27.5,93.5,35,1.0863959646354748,9.835397458405629,0.2857618996114131
jjas_z500,z500,ecmwf,6,27.5,95.0,35,1.2765336863911476,9.2081660725711,0.3007528126558296
jjas_z500,z500,ecmwf,6,27.5,96.5,35,1.5879948767700884,8.857703840146172,0.30738093520155063
jjas_z500,z500,ecmwf,6,29.0,74.0,35,-1.9476040025383294,14.91772414523064,0.29765551002666774
jjas_z500,z500,ecmwf,6,29.0,75.5,35,-2.04418275122563,13.633538255480948,0.26837980831317293
jjas_z500,z500,ecmwf,6,29.0,77.0,35,-2.297261795343002,12.643380356730903,0.24970216532304745
jjas_z500,z500,ecmwf,6,29.0,78.5,35,-2.5445018892976283,12.044804393188093,0.2386553776858129
jjas_z500,z500,ecmwf,6,29.0,80.0,35,-2.524806328781077,11.871702201716715,0.23076994074555315
jjas_z500,z500,ecmwf,6,29.0,95.0,35,3.0016498526488378,11.256572279743132,0.2905772517706292
jjas_z500,z500,ecmwf,6,30.5,74.0,35,-1.5636043089108556,17.65030782906231,0.1549022015006511
jjas_z500,z500,ecmwf,6,30.5,75.5,35,-1.7156914415072346,16.216230356562914,0.12510733232349197
jjas_z500,z500,ecmwf,6,30.5,77.0,35,-2.047357172035455,15.127562379063736,0.11184283574627772
jjas_z500,z500,ecmwf,6,30.5,78.5,35,-1.9048095931082052,14.453145360234815,0.08544857577092024
jjas_z500,z500,ecmwf,6,30.5,80.0,35,-1.0887959437249395,14.165481604751859,0.08496553986553673
jjas_z500,z500,ecmwf,6,32.0,75.5,35,-1.560354571516265,18.33465775234114,-0.007320737311361436
jjas_z500,z500,ecmwf,6,32.0,77.0,35,-1.5257427102784276,17.226940679459716,-0.021668194853479428
jjas_z500,z500,ecmwf,6,32.0,78.5,35,-0.3529295355295939,16.624271623898405,-0.0014242399971433172
jjas_z500,z500,ecmwf,6,33.5,74.0,35,-1.5204929801780704,21.401386665452485,-0.06792349365461578
jjas_z500,z500,ecmwf,6,33.5,75.5,35,-1.3328942905287218,20.027828647719705,-0.06551966237935668
jjas_z500,z500,ecmwf,6,33.5,77.0,35,-0.4678584194092246,19.06976945835558,-0.09380570618040117
jjas_z500,z500,ecmwf,6,33.5,78.5,35,1.5601268892972386,18.64915185990298,-0.013050556460504322
jjas_z500,z500,ecmwf,6,35.0,75.5,35,-0.7700046989284857,21.685626095290505,-0.09220798841754499
jjas_z500,z500,ecmwf,6,35.0,77.0,35,0.5077612251500145,20.894536875910333,-0.029145095554907362
jjas_z500,z500,ecmwf,6,35.0,78.5,35,2.734698180487482,20.711920896222168,-0.02265845009113477
jjas_z500,z500,ecmwf,6,35.0,80.0,35,4.73059218044847,20.8212119497525,0.034237835336164146
jjas_z500,z500,ecmwf,6,36.5,74.0,35,-0.9894921814213635,24.495862801577058,-0.08481132136700366
jjas_z500,z500,ecmwf,6,36.5,75.5,35,0.13207945504577157,23.683357141169303,-0.13477240587491915
jjas_z500,z500,fuxi,1,9.5,77.0,35,0.5931436752496145,7.277430840088648,0.4808120591742786
jjas_z500,z500,fuxi,1,9.5,78.5,35,1.052658267003426,7.7542342866508,0.4230245174119096
jjas_z500,z500,fuxi,1,11.0,77.0,35,0.8608676615047703,7.300067592419395,0.5094503512849311
jjas_z500,z500,fuxi,1,11.0,78.5,35,1.2212142759899767,7.551080105443753,0.48794237055171613
jjas_z500,z500,fuxi,1,12.5,75.5,35,1.0248192193262315,7.616963490743796,0.506301560889439
jjas_z500,z500,fuxi,1,12.5,77.0,35,1.1844240555388232,7.347508544772874,0.5669120796672323
jjas_z500,z500,fuxi,1,12.5,78.5,35,1.5344360990524364,7.5347781680098365,0.5727907896140129
jjas_z500,z500,fuxi,1,12.5,80.0,35,1.535538281717501,7.967296200103978,0.5517028444473722
jjas_z500,z500,fuxi,1,14.0,75.5,35,1.412791749122568,7.606509737566843,0.6030754055392173
jjas_z500,z500,fuxi,1,14.0,77.0,35,1.5311179800564787,7.480196425830739,0.6507235401336097
jjas_z500,z500,fuxi,1,14.0,78.5,35,1.9805573187092316,7.840211441018528,0.6589066689125899
jjas_z500,z500,fuxi,1,14.0,80.0,35,2.010504270115286,8.287322245129419,0.6427545207718997
jjas_z500,z500,fuxi,1,15.5,74.0,35,2.419867647434668,7.8248778896228135,0.6716661882266193
jjas_z500,z500,fuxi,1,15.5,75.5,35,1.8975870069718959,7.570431929237221,0.7008999040303052
jjas_z500,z500,fuxi,1,15.5,77.0,35,1.9691615201420323,7.643536849784506,0.7286132298349051
jjas_z500,z500,fuxi,1,15.5,78.5,35,2.4653224647700753,8.198469161804246,0.7291431990013707
jjas_z500,z500,fuxi,1,15.5,80.0,35,2.404749083927345,8.804731957471281,0.709502244904763
jjas_z500,z500,fuxi,1,17.0,74.0,35,2.843953864245902,8.076269756813915,0.7298943380599457
jjas_z500,z500,fuxi,1,17.0,75.5,35,2.5743233910906254,8.133813577895234,0.7379066180968389
jjas_z500,z500,fuxi,1,17.0,77.0,35,2.645382338716445,8.369799901449271,0.760239976074408
jjas_z500,z500,fuxi,1,17.0,78.5,35,3.23439612897338,9.124247097181527,0.7529248798733547
jjas_z500,z500,fuxi,1,17.0,80.0,35,3.00880125475352,9.603032099046237,0.7451554417262645
jjas_z500,z500,fuxi,1,17.0,81.5,35,3.5193757362264866,10.454143876797096,0.728725947146197
jjas_z500,z500,fuxi,1,18.5,74.0,35,3.3035761250869005,8.847661143861378,0.7289371709706527
jjas_z500,z500,fuxi,1,18.5,75.5,35,3.010882253636763,8.749710878648646,0.749163284241355
jjas_z500,z500,fuxi,1,18.5,77.0,35,2.934521352863625,8.889702507357415,0.7717119140297626
jjas_z500,z500,fuxi,1,18.5,78.5,35,3.3103791714444015,9.725336864375192,0.7598520991636574
jjas_z500,z500,fuxi,1,18.5,80.0,35,2.9746431520348517,10.158718171787129,0.7550890002819574
jjas_z500,z500,fuxi,1,18.5,81.5,35,3.2142378009012518,10.622422672056206,0.7563289163362953
jjas_z500,z500,fuxi,1,18.5,83.0,35,3.315699762125327,10.778236945804052,0.7578821282977481
jjas_z500,z500,fuxi,1,20.0,74.0,35,3.537069827450406,9.593261131591255,0.6994570885283603
jjas_z500,z500,fuxi,1,20.0,75.5,35,3.3595742691032293,9.463192715627065,0.725821465886257
jjas_z500,z500,fuxi,1,20.0,77.0,35,3.0449167676832594,9.660137513180322,0.7407832147464416
jjas_z500,z500,fuxi,1,20.0,78.5,35,3.3056097340578554,10.484677503570326,0.728399008320959
jjas_z500,z500,fuxi,1,20.0,80.0,35,3.0353259165718294,10.862759929402042,0.7328853526077459
jjas_z500,z500,fuxi,1,20.0,81.5,35,3.116024108850901,11.123685495832646,0.7456406623493195
jjas_z500,z500,fuxi,1,20.0,83.0,35,3.294713874187463,11.178578278980387,0.7544514619676941
jjas_z500,z500,fuxi,1,20.0,84.5,35,3.858686788271838,11.755387146298471,0.7406480956978988
jjas_z500,z500,fuxi,1,20.0,86.0,35,3.642887228020144,11.939505037848372,0.7259198929006246
jjas_z500,z500,fuxi,1,21.5,71.0,35,4.300608387706338,10.073787780151534,0.6355414845378822
jjas_z500,z500,fuxi,1,21.5,74.0,35,3.6194662987302113,10.172229375137146,0.6582091778282423
jjas_z500,z500,fuxi,1,21.5,75.5,35,3.1858296263667527,10.056069098082949,0.6812296361898176
jjas_z500,z500,fuxi,1,21.5,77.0,35,2.823309009996982,10.488501684481642,0.6761886704198093
jjas_z500,z500,fuxi,1,21.5,78.5,35,2.9631944857260484,10.964301369847565,0.6778156110009053
jjas_z500,z500,fuxi,1,21.5,80.0,35,2.6552683223701545,11.057697093167002,0.6990847163402475
jjas_z500,z500,fuxi,1,21.5,81.5,35,2.6057106656298594,11.077232609562401,0.7232571783395335
jjas_z500,z500,fuxi,1,21.5,83.0,35,2.476972545998511,10.893133656637717,0.7445068966621143
jjas_z500,z500,fuxi,1,21.5,84.5,35,2.45338352719921,11.236283010382836,0.7316119968258855
jjas_z500,z500,fuxi,1,21.5,86.0,35,2.442345195524831,11.46081099607848,0.7172721676812895
jjas_z500,z500,fuxi,1,23.0,69.5,35,3.7267406066778808,9.650114066671915,0.618955818893299
jjas_z500,z500,fuxi,1,23.0,71.0,35,3.8105747060846364,9.438940318801409,0.6565635094414324
jjas_z500,z500,fuxi,1,23.0,72.5,35,4.129116161620732,10.17342156106663,0.6275180714760116
jjas_z500,z500,fuxi,1,23.0,74.0,35,3.8625819205058827,10.494203868487611,0.6170617664759585
jjas_z500,z500,fuxi,1,23.0,75.5,35,3.6772154115789037,10.662723561293806,0.6225244472505745
jjas_z500,z500,fuxi,1,23.0,77.0,35,3.209473350085552,11.048911365186187,0.6081823670206726
jjas_z500,z500,fuxi,1,23.0,78.5,35,2.9644770438913577,11.227186985386767,0.617244331531454
jjas_z500,z500,fuxi,1,23.0,80.0,35,2.4986551612562313,11.117425281436747,0.6428650379483761
jjas_z500,z500,fuxi,1,23.0,81.5,35,2.237159653405771,10.977544537440698,0.6693259098847214
jjas_z500,z500,fuxi,1,23.0,83.0,35,1.8855319343916823,10.922166459329535,0.6856553127704549
jjas_z500,z500,fuxi,1,23.0,84.5,35,1.6260228869026312,10.834622080741896,0.6939541468392625
jjas_z500,z500,fuxi,1,23.0,86.0,35,1.5402106647864586,10.944101881955946,0.6809053169539241
jjas_z500,z500,fuxi,1,23.0,87.5,35,2.1588891540609567,11.683458185226202,0.6288878292848251
jjas_z500,z500,fuxi,1,24.5,72.5,35,3.319873064742491,9.754745492632875,0.6224745982977742
jjas_z500,z500,fuxi,1,24.5,74.0,35,3.499455670797423,10.611883759108611,0.5635841217962972
jjas_z500,z500,fuxi,1,24.5,75.5,35,3.6542642782279864,10.98997557489423,0.5439380448631218
jjas_z500,z500,fuxi,1,24.5,77.0,35,2.9383815871793297,10.930424688832458,0.5470613436965335
jjas_z500,z500,fuxi,1,24.5,78.5,35,2.365553212299502,10.809088313270781,0.5630743049759177
jjas_z500,z500,fuxi,1,24.5,80.0,35,1.5734505112362966,10.590085592910173,0.5917864508414193
jjas_z500,z500,fuxi,1,24.5,81.5,35,1.3293887225270478,10.595500034779723,0.6124345338295738
jjas_z500,z500,fuxi,1,24.5,83.0,35,0.8547700708400953,10.637991444243832,0.6256721687212097
jjas_z500,z500,fuxi,1,24.5,84.5,35,0.6746817237530455,10.595991015362717,0.6300391316179836
jjas_z500,z500,fuxi,1,24.5,86.0,35,0.38970627272652303,10.629218766919225,0.6174954445814244
jjas_z500,z500,fuxi,1,24.5,87.5,35,0.733830035849834,11.292425682838855,0.561474662538745
jjas_z500,z500,fuxi,1,24.5,93.5,35,1.1182840867023383,10.39701149446023,0.4431676709309812
jjas_z500,z500,fuxi,1,26.0,71.0,35,2.911939429305338,9.15237255303058,0.6941342885579145
jjas_z500,z500,fuxi,1,26.0,72.5,35,3.131657345106058,10.119645922278021,0.6194354519890375
jjas_z500,z500,fuxi,1,26.0,74.0,35,3.2836688503681737,10.903718709247457,0.5405671949945928
jjas_z500,z500,fuxi,1,26.0,75.5,35,3.4146863896080895,11.108086011819308,0.5110300608967768
jjas_z500,z500,fuxi,1,26.0,77.0,35,2.7425682001810596,10.834614691681356,0.5219640781065498
jjas_z500,z500,fuxi,1,26.0,78.5,35,2.0645935906017256,10.445367081635185,0.5468946528599353
jjas_z500,z500,fuxi,1,26.0,80.0,35,1.1279701613434163,10.47656393646386,0.5459594823120677
jjas_z500,z500,fuxi,1,26.0,81.5,35,0.8027949180974508,10.511030391731795,0.5703967792466312
jjas_z500,z500,fuxi,1,26.0,83.0,35,0.2545078083712724,10.568309922627874,0.5967746327546581
jjas_z500,z500,fuxi,1,26.0,84.5,35,-0.08735960385256486,11.08072481821988,0.5696015608137318
jjas_z500,z500,fuxi,1,26.0,86.0,35,-0.6057201757507366,11.157247438349767,0.5533642963073202
jjas_z500,z500,fuxi,1,26.0,87.5,35,-0.0873522018521596,11.546580587007728,0.515870959836544
jjas_z500,z500,fuxi,1,26.0,90.5,35,0.024878621652273124,11.49031024443843,0.46428804057788575
jjas_z500,z500,fuxi,1,26.0,92.0,35,-0.16680994506142655,11.054142981820746,0.45428009665534436
jjas_z500,z500,fuxi,1,26.0,93.5,35,0.29945244479170297,10.690209401427731,0.4365813056800224
jjas_z500,z500,fuxi,1,26.0,95.0,35,0.58195827487338,10.200588796182702,0.4070356208453151
jjas_z500,z500,fuxi,1,27.5,71.0,35,2.600663920548037,9.16761316622489,0.7612628752754271
jjas_z500,z500,fuxi,1,27.5,72.5,35,2.739411903277765,9.715796721645683,0.7125657526008643
jjas_z500,z500,fuxi,1,27.5,74.0,35,2.437799482628049,10.35303360705069,0.6478434141305868
jjas_z500,z500,fuxi,1,27.5,75.5,35,2.176521432350819,10.516384132408456,0.624741059181614
jjas_z500,z500,fuxi,1,27.5,77.0,35,1.560546684107352,10.572933497484378,0.6077995704836266
jjas_z500,z500,fuxi,1,27.5,78.5,35,1.2157187768053128,10.39982033403112,0.6144018922543825
jjas_z500,z500,fuxi,1,27.5,80.0,35,0.5001594256460521,10.770450735515968,0.5895390015965781
jjas_z500,z500,fuxi,1,27.5,81.5,35,-0.1898311489980188,11.204500330155359,0.5681783494671389
jjas_z500,z500,fuxi,1,27.5,92.0,35,-1.0531748403034726,12.211379307927691,0.46339039854967806
jjas_z500,z500,fuxi,1,27.5,93.5,35,-0.408725085860143,11.657794575427557,0.4748260292772788
jjas_z500,z500,fuxi,1,27.5,95.0,35,-0.18270178721042102,10.843262617496169,0.45962067048365457
jjas_z500,z500,fuxi,1,27.5,96.5,35,-0.3178733314298369,10.417575659016709,0.44533014002462684
jjas_z500,z500,fuxi,1,29.0,74.0,35,2.8737878703852404,10.476806848265031,0.7487838609809685
jjas_z500,z500,fuxi,1,29.0,75.5,35,2.2679398916109546,10.721080131343511,0.7277327739425076
jjas_z500,z500,fuxi,1,29.0,77.0,35,1.6055761310915322,11.345391670558548,0.6868675589892363
jjas_z500,z500,fuxi,1,29.0,78.5,35,1.2822499640103031,11.508480794269476,0.6742444362268419
jjas_z500,z500,fuxi,1,29.0,80.0,35,0.9951232242347292,11.90525269490046,0.6510985223052305
jjas_z500,z500,fuxi,1,29.0,95.0,35,0.1795050603863793,12.325738035942049,0.48988742212885183
jjas_z500,z500,fuxi,1,30.5,74.0,35,3.5722917804198264,11.521839786237463,0.7797128797681947
jjas_z500,z500,fuxi,1,30.5,75.5,35,2.962287000579766,11.828885745462562,0.7619408302412568
jjas_z500,z500,fuxi,1,30.5,77.0,35,2.344821363243682,12.504181118745507,0.7204558883728794
jjas_z500,z500,fuxi,1,30.5,78.5,35,1.7826280357073692,12.64287553693448,0.6977224525055384
jjas_z500,z500,fuxi,1,30.5,80.0,35,1.5803353998759382,12.927788677090101,0.6810397388639082
jjas_z500,z500,fuxi,1,32.0,75.5,35,3.591467553855572,13.329931830967485,0.7559289361727548
jjas_z500,z500,fuxi,1,32.0,77.0,35,3.380429108025133,13.683231315751192,0.7294846786584416
jjas_z500,z500,fuxi,1,32.0,78.5,35,2.934303981139887,13.685744529214682,0.7146530535895523
jjas_z500,z500,fuxi,1,33.5,74.0,35,2.6840306571298633,14.153504528278757,0.7462878988980324
jjas_z500,z500,fuxi,1,33.5,75.5,35,2.7448819284534434,13.833370270587626,0.751178248387775
jjas_z500,z500,fuxi,1,33.5,77.0,35,2.616120407112742,14.072102290898728,0.7387178280196716
jjas_z500,z500,fuxi,1,33.5,78.5,35,2.4232579291293534,14.064667134413535,0.7335595364112749
jjas_z500,z500,fuxi,1,35.0,75.5,35,3.1718088777275106,14.393254792653279,0.7629739831520683
jjas_z500,z500,fuxi,1,35.0,77.0,35,1.586294687417337,14.303483797846077,0.7521542868213464
jjas_z500,z500,fuxi,1,35.0,78.5,35,1.2340808601272724,14.541717644898714,0.7508961261673146
jjas_z500,z500,fuxi,1,35.0,80.0,35,1.0410687679852344,14.734448721993191,0.7422067892895436
jjas_z500,z500,fuxi,1,36.5,74.0,35,-0.3781411453984611,15.150599682644517,0.7810298701803166
jjas_z500,z500,fuxi,1,36.5,75.5,35,1.9055991573248585,15.3803522952941,0.7774839165434583
jjas_z500,z500,fuxi,2,9.5,77.0,35,10.883037544310692,20.23265623936697,0.1586817640923717
jjas_z500,z500,fuxi,2,9.5,78.5,35,12.156001989512568,21.410408997341378,0.13801576704143384
jjas_z500,z500,fuxi,2,11.0,77.0,35,11.63706179413309,20.883820028567072,0.16289615275432096
jjas_z500,z500,fuxi,2,11.0,78.5,35,12.989529146168154,22.048213469060777,0.14075436837438549
jjas_z500,z500,fuxi,2,12.5,75.5,35,11.914620897586481,21.538280684407948,0.1768456022437965
jjas_z500,z500,fuxi,2,12.5,77.0,35,12.53926424652049,21.73035924555234,0.1805228108887379
jjas_z500,z500,fuxi,2,12.5,78.5,35,13.839006212858788,23.002853119026863,0.15441147512946282
jjas_z500,z500,fuxi,2,12.5,80.0,35,13.376326762202709,22.90932099960442,0.1372520308863488
jjas_z500,z500,fuxi,2,14.0,75.5,35,12.895751876902589,23.156352045979784,0.2000437910516865
jjas_z500,z500,fuxi,2,14.0,77.0,35,13.445371222571676,23.289189697535363,0.20699469562474335
jjas_z500,z500,fuxi,2,14.0,78.5,35,14.983837033903859,24.80535135851692,0.1900446108905397
jjas_z500,z500,fuxi,2,14.0,80.0,35,14.59134792665887,24.954376094995894,0.16085572060536987
jjas_z500,z500,fuxi,2,15.5,74.0,35,13.937587649360726,24.45413295372018,0.20387116724400495
jjas_z500,z500,fuxi,2,15.5,75.5,35,13.82203071206342,24.331563920109392,0.23008590708798976
jjas_z500,z500,fuxi,2,15.5,77.0,35,14.097623916680952,24.522496014054617,0.2435352474056148
jjas_z500,z500,fuxi,2,15.5,78.5,35,15.721096277148847,26.32120508332756,0.2279869640833278
jjas_z500,z500,fuxi,2,15.5,80.0,35,15.362912249432442,26.668004729741536,0.19665718774877183
jjas_z500,z500,fuxi,2,17.0,74.0,35,14.776439311559988,25.861390950173973,0.21456741347105418
jjas_z500,z500,fuxi,2,17.0,75.5,35,15.083123919398844,26.208179076655295,0.2385000272970031
jjas_z500,z500,fuxi,2,17.0,77.0,35,15.16396268323993,26.456351562516783,0.2562112821894745
jjas_z500,z500,fuxi,2,17.0,78.5,35,16.827791456909523,28.40495233940174,0.2335688839815162
jjas_z500,z500,fuxi,2,17.0,80.0,35,16.418270964048496,28.669155697108344,0.21568278113372946
jjas_z500,z500,fuxi,2,17.0,81.5,35,17.75302233018592,31.018559378889805,0.19096354799793686
jjas_z500,z500,fuxi,2,18.5,74.0,35,15.250682562549757,27.19409388461856,0.21192525345420207
jjas_z500,z500,fuxi,2,18.5,75.5,35,15.568985038017413,27.613166221641258,0.23279748973436334
jjas_z500,z500,fuxi,2,18.5,77.0,35,15.248961443340653,27.556358270963855,0.24672256802575226
jjas_z500,z500,fuxi,2,18.5,78.5,35,16.337783972990056,29.134914736157757,0.2325816279399091
jjas_z500,z500,fuxi,2,18.5,80.0,35,15.881517762875566,29.054471417154762,0.22724631529732295
jjas_z500,z500,fuxi,2,18.5,81.5,35,16.91474297449895,30.713351457467535,0.21756913645482867
jjas_z500,z500,fuxi,2,18.5,83.0,35,16.773444333539036,30.576646400915863,0.21420874816524982
jjas_z500,z500,fuxi,2,20.0,74.0,35,16.101082371207276,28.831423056077284,0.2135149521421929
jjas_z500,z500,fuxi,2,20.0,75.5,35,16.29829423790148,29.215056763569937,0.23305927039259486
jjas_z500,z500,fuxi,2,20.0,77.0,35,15.535147522941225,28.742624079023575,0.24286869016904436
jjas_z500,z500,fuxi,2,20.0,78.5,35,16.12616279586187,29.91016188117415,0.23602124530040558
jjas_z500,z500,fuxi,2,20.0,80.0,35,15.816549219316196,29.926517535984093,0.23483420510657863
jjas_z500,z500,fuxi,2,20.0,81.5,35,16.67318925366752,31.55997015811468,0.22404998852145971
jjas_z500,z500,fuxi,2,20.0,83.0,35,16.491519578314833,31.46020172735856,0.21869058888736104
jjas_z500,z500,fuxi,2,20.0,84.5,35,17.39298636092551,32.81569709092786,0.2015095009162698
jjas_z500,z500,fuxi,2,20.0,86.0,35,16.730102493701608,31.999908541911267,0.18704885989442682
jjas_z500,z500,fuxi,2,21.5,71.0,35,18.438972326377968,30.064807624602658,0.17301964350465815
jjas_z500,z500,fuxi,2,21.5,74.0,35,16.82743048280645,29.696604858664493,0.2174433162409667
jjas_z500,z500,fuxi,2,21.5,75.5,35,15.99590054097984,29.283802600266032,0.23958860616677022
jjas_z500,z500,fuxi,2,21.5,77.0,35,15.023476900242478,28.45230168761412,0.2509342588481333
jjas_z500,z500,fuxi,2,21.5,78.5,35,15.320713055277052,28.980882868036936,0.256561835782867
jjas_z500,z500,fuxi,2,21.5,80.0,35,14.796807185911582,28.78396229118621,0.25740164596305926
jjas_z500,z500,fuxi,2,21.5,81.5,35,15.205767081852718,29.988111534023407,0.24199667779492925
jjas_z500,z500,fuxi,2,21.5,83.0,35,14.682985064963681,29.73914083859872,0.23568779949690666
jjas_z500,z500,fuxi,2,21.5,84.5,35,14.963878654332698,30.59019944439779,0.21747865623501444
jjas_z500,z500,fuxi,2,21.5,86.0,35,14.687020744187482,30.19385935170078,0.2125789355440495
jjas_z500,z500,fuxi,2,23.0,69.5,35,19.36292560802984,30.834957671445725,0.1308589854760471
jjas_z500,z500,fuxi,2,23.0,71.0,35,18.97086034265389,30.82405274758316,0.15122058177270759
jjas_z500,z500,fuxi,2,23.0,72.5,35,19.112551596201072,31.553019006006938,0.17876355869752555
jjas_z500,z500,fuxi,2,23.0,74.0,35,18.218229523016166,30.98312057569538,0.20202128273152278
jjas_z500,z500,fuxi,2,23.0,75.5,35,17.19688878088343,30.197041981196765,0.23820889789177174
jjas_z500,z500,fuxi,2,23.0,77.0,35,16.007549826023258,29.118864060396653,0.2437647911636084
jjas_z500,z500,fuxi,2,23.0,78.5,35,15.742686664630856,29.06823679986903,0.2549605063242226
jjas_z500,z500,fuxi,2,23.0,80.0,35,14.867005722907301,28.26728931635837,0.25825042631582557
jjas_z500,z500,fuxi,2,23.0,81.5,35,14.664190541992632,28.45286088963151,0.242377525039065
jjas_z500,z500,fuxi,2,23.0,83.0,35,13.977337204539669,28.182631367468062,0.22875834027917724
jjas_z500,z500,fuxi,2,23.0,84.5,35,14.124351821839861,28.97787659333737,0.21149229771572106
jjas_z500,z500,fuxi,2,23.0,86.0,35,13.838445702912344,28.898818559369055,0.20637823326917526
jjas_z500,z500,fuxi,2,23.0,87.5,35,15.146825201068532,30.63785255651179,0.18222393422116712
jjas_z500,z500,fuxi,2,24.5,72.5,35,17.997666427345447,30.72154601606355,0.14156598134871828
jjas_z500,z500,fuxi,2,24.5,74.0,35,17.799250369303678,30.42929799377303,0.17870652412356988
jjas_z500,z500,fuxi,2,24.5,75.5,35,17.399118403264662,29.963662727767126,0.216995944090485
jjas_z500,z500,fuxi,2,24.5,77.0,35,15.837764359829972,28.318998377726835,0.22433482880916425
jjas_z500,z500,fuxi,2,24.5,78.5,35,14.937173030657167,27.51691447949074,0.24201762066946064
jjas_z500,z500,fuxi,2,24.5,80.0,35,13.511032563445301,26.102856713718264,0.2409614392655416
jjas_z500,z500,fuxi,2,24.5,81.5,35,13.222500888338358,25.772387373527877,0.237204205270646
jjas_z500,z500,fuxi,2,24.5,83.0,35,12.412910712237162,25.403888539349303,0.218109720423704
jjas_z500,z500,fuxi,2,24.5,84.5,35,12.691152603459548,26.211290407097287,0.1915891975361768
jjas_z500,z500,fuxi,2,24.5,86.0,35,12.017001079708695,26.077021242548387,0.17906076060647258
jjas_z500,z500,fuxi,2,24.5,87.5,35,12.68050407973707,27.258210729121885,0.16131249875124357
jjas_z500,z500,fuxi,2,24.5,93.5,35,13.324517914967068,26.032262870807283,0.12512333994509908
jjas_z500,z500,fuxi,2,26.0,71.0,35,17.61880828156336,30.807539004820388,0.07524208939574172
jjas_z500,z500,fuxi,2,26.0,72.5,35,17.865407756413774,31.679379600407803,0.08353650419686609
jjas_z500,z500,fuxi,2,26.0,74.0,35,17.849373469863973,31.211745119249567,0.11545137912589018
jjas_z500,z500,fuxi,2,26.0,75.5,35,17.640226274763492,30.679863584535376,0.15687892479557347
jjas_z500,z500,fuxi,2,26.0,77.0,35,16.04411978076662,28.728807263157247,0.17222396640927293
jjas_z500,z500,fuxi,2,26.0,78.5,35,14.816600812661767,27.09208524536622,0.19849816590687516
jjas_z500,z500,fuxi,2,26.0,80.0,35,13.095483670577986,25.25723503827051,0.19683706908287676
jjas_z500,z500,fuxi,2,26.0,81.5,35,12.544189526339272,24.37988680676152,0.2116341426232359
jjas_z500,z500,fuxi,2,26.0,83.0,35,11.658088740455709,23.744965471077613,0.19771668848651924
jjas_z500,z500,fuxi,2,26.0,84.5,35,11.680463082231238,24.17357877380516,0.18336969237788542
jjas_z500,z500,fuxi,2,26.0,86.0,35,10.751433105378315,23.661293654170233,0.16873309125879343
jjas_z500,z500,fuxi,2,26.0,87.5,35,11.59391707614416,24.667440487547605,0.1529523871322894
jjas_z500,z500,fuxi,2,26.0,90.5,35,11.760368396135345,24.619415376004486,0.13132779030898262
jjas_z500,z500,fuxi,2,26.0,92.0,35,11.626226202623625,24.587206097988474,0.12267979801817808
jjas_z500,z500,fuxi,2,26.0,93.5,35,12.792114959012283,25.62833801993695,0.10972431656828442
jjas_z500,z500,fuxi,2,26.0,95.0,35,12.705536687336618,25.20561201419534,0.11533464902719416
jjas_z500,z500,fuxi,2,27.5,71.0,35,16.44149423609514,31.049216317148677,0.05493210783604763
jjas_z500,z500,fuxi,2,27.5,72.5,35,16.802482529783163,31.791539484267012,0.054497743806550786
jjas_z500,z500,fuxi,2,27.5,74.0,35,16.35303634915095,30.764214785596106,0.0719692203736771
jjas_z500,z500,fuxi,2,27.5,75.5,35,15.914722198068896,29.978023107869106,0.1078109525530744
jjas_z500,z500,fuxi,2,27.5,77.0,35,14.245146804805673,28.05851370753246,0.12482912372256298
jjas_z500,z500,fuxi,2,27.5,78.5,35,13.242985432735493,26.256713178435465,0.15503906489610875
jjas_z500,z500,fuxi,2,27.5,80.0,35,11.873565365355976,24.476901157043496,0.1631819155836391
jjas_z500,z500,fuxi,2,27.5,81.5,35,10.741512951045816,23.141865275543424,0.17160462935999835
jjas_z500,z500,fuxi,2,27.5,92.0,35,9.951008858634019,22.633231665779753,0.12359735956411587
jjas_z500,z500,fuxi,2,27.5,93.5,35,11.369456498138138,24.195815118226967,0.12670625331317045
jjas_z500,z500,fuxi,2,27.5,95.0,35,11.137993741310051,23.51177757113283,0.1253358292604478
jjas_z500,z500,fuxi,2,27.5,96.5,35,11.584585115892878,24.638925556411,0.09459227910198438
jjas_z500,z500,fuxi,2,29.0,74.0,35,17.33367507225877,32.651675722749985,0.08960814470762156
jjas_z500,z500,fuxi,2,29.0,75.5,35,16.730842603515104,31.759480396389385,0.10809439222621721
jjas_z500,z500,fuxi,2,29.0,77.0,35,14.997479215472257,29.638749001268458,0.12228199345993399
jjas_z500,z500,fuxi,2,29.0,78.5,35,13.738319241560852,27.65125475279584,0.15038684300614072
jjas_z500,z500,fuxi,2,29.0,80.0,35,12.989160268489208,26.146520929939843,0.16645434371323986
jjas_z500,z500,fuxi,2,29.0,95.0,35,11.849356510468558,24.84850294153984,0.11843488916753211
jjas_z500,z500,fuxi,2,30.5,74.0,35,18.954111969204234,35.90573413911434,0.08863954882881812
jjas_z500,z500,fuxi,2,30.5,75.5,35,18.399125164138006,34.75942949586293,0.11106832753836773
jjas_z500,z500,fuxi,2,30.5,77.0,35,16.979315114306676,32.36444877478438,0.13056796798346315
jjas_z500,z500,fuxi,2,30.5,78.5,35,15.022013531398859,29.568499758983563,0.15558429719546354
jjas_z500,z500,fuxi,2,30.5,80.0,35,14.26674350727735,28.233839476088516,0.171881492401665
jjas_z500,z500,fuxi,2,32.0,75.5,35,20.74885046501583,38.84928396368236,0.09860854915830165
jjas_z500,z500,fuxi,2,32.0,77.0,35,19.91524027808659,36.378167536437374,0.12977399809813145
jjas_z500,z500,fuxi,2,32.0,78.5,35,17.758860530650782,33.313420047451764,0.16791704755630132
jjas_z500,z500,fuxi,2,33.5,74.0,35,18.99190530804647,38.72289987921221,0.08308414232462481
jjas_z500,z500,fuxi,2,33.5,75.5,35,19.68421079675024,37.82090301788259,0.10528811529843707
jjas_z500,z500,fuxi,2,33.5,77.0,35,18.514146702214045,35.42072534964834,0.1419288621109509
jjas_z500,z500,fuxi,2,33.5,78.5,35,16.819486172357106,33.073402643402446,0.18416861534528647
jjas_z500,z500,fuxi,2,35.0,75.5,35,20.647189409662417,38.751463193582474,0.12647924157211238
jjas_z500,z500,fuxi,2,35.0,77.0,35,17.39469903616365,35.36081772975624,0.15311596953916246
jjas_z500,z500,fuxi,2,35.0,78.5,35,15.575007697547672,33.472698519947365,0.20778624789999547
jjas_z500,z500,fuxi,2,35.0,80.0,35,14.720969688686116,31.97137319733119,0.22699675674969952
jjas_z500,z500,fuxi,2,36.5,74.0,35,16.00759946295566,37.855897519179585,0.13702413364851368
jjas_z500,z500,fuxi,2,36.5,75.5,35,19.131180939704556,39.517989738433194,0.1492381328816331
jjas_z500,z500,fuxi,3,9.5,77.0,35,15.509985527541955,25.275405185552415,0.1464895677228038
jjas_z500,z500,fuxi,3,9.5,78.5,35,17.29357934756806,26.825555330218968,0.1517252795418352
jjas_z500,z500,fuxi,3,11.0,77.0,35,16.51198112296149,26.204200379217742,0.14012629421083853
jjas_z500,z500,fuxi,3,11.0,78.5,35,18.493732516120325,27.93631054066972,0.14379613145006828
jjas_z500,z500,fuxi,3,12.5,75.5,35,16.91481234493388,27.12285061804603,0.1266581128584548
jjas_z500,z500,fuxi,3,12.5,77.0,35,17.68001743803036,27.388366164426962,0.13530338964686003
jjas_z500,z500,fuxi,3,12.5,78.5,35,19.46760953111131,29.232216220961426,0.13059075095557154
jjas_z500,z500,fuxi,3,12.5,80.0,35,18.218119388289153,28.711213905609945,0.12704161820163734
jjas_z500,z500,fuxi,3,14.0,75.5,35,18.33298236161567,29.663359549548105,0.0985013300108775
jjas_z500,z500,fuxi,3,14.0,77.0,35,18.928226836969692,29.765296810603836,0.11175521885501864
jjas_z500,z500,fuxi,3,14.0,78.5,35,20.905035963822048,31.82304390276761,0.0976667900127814
jjas_z500,z500,fuxi,3,14.0,80.0,35,19.798138354718738,31.58615507354631,0.08473871053550683
jjas_z500,z500,fuxi,3,15.5,74.0,35,20.114282872154998,31.874066368388405,0.08448167797245852
jjas_z500,z500,fuxi,3,15.5,75.5,35,19.603039748982024,31.6016495364433,0.07642798043600145
jjas_z500,z500,fuxi,3,15.5,77.0,35,19.741572072312945,31.846444996345287,0.08036664180332101
jjas_z500,z500,fuxi,3,15.5,78.5,35,21.77626996153701,34.150116377747864,0.067286962100643
jjas_z500,z500,fuxi,3,15.5,80.0,35,20.846215695718456,34.08439843771508,0.054890128395790175
jjas_z500,z500,fuxi,3,17.0,74.0,35,21.410308044641404,34.14214972145926,0.064674709521213
jjas_z500,z500,fuxi,3,17.0,75.5,35,21.488359843947624,34.60373415269221,0.05301098449057161
jjas_z500,z500,fuxi,3,17.0,77.0,35,21.310775316127703,34.94340342337817,0.05138824001718905
jjas_z500,z500,fuxi,3,17.0,78.5,35,23.35824662672499,37.336688220231814,0.03989708619746234
jjas_z500,z500,fuxi,3,17.0,80.0,35,22.44454438745831,37.3160437369999,0.0211581212775672
jjas_z500,z500,fuxi,3,17.0,81.5,35,23.708810603551708,39.80803195977148,0.01052820567010066
jjas_z500,z500,fuxi,3,18.5,74.0,35,21.935430014560268,36.02027527324271,0.03832695898053349
jjas_z500,z500,fuxi,3,18.5,75.5,35,22.23520980757138,36.70236599107556,0.019159364062304556
jjas_z500,z500,fuxi,3,18.5,77.0,35,21.591180850672416,36.70591596865437,0.008751881115315241
jjas_z500,z500,fuxi,3,18.5,78.5,35,22.859061184111876,38.80845399395428,-0.011185705865708708
jjas_z500,z500,fuxi,3,18.5,80.0,35,21.93722149036556,38.45922273278542,-0.029947357985115757
jjas_z500,z500,fuxi,3,18.5,81.5,35,22.879392300752677,40.127544698508515,-0.03084063338658966
jjas_z500,z500,fuxi,3,18.5,83.0,35,22.284324299395017,39.890193729517,-0.035179155111993446
jjas_z500,z500,fuxi,3,20.0,74.0,35,23.16612293065612,38.75311217012025,0.015143350083157182
jjas_z500,z500,fuxi,3,20.0,75.5,35,23.397619715711983,39.410000101421645,-0.01591638623591012
jjas_z500,z500,fuxi,3,20.0,77.0,35,22.311845294305826,38.94383367388738,-0.03470541218412394
jjas_z500,z500,fuxi,3,20.0,78.5,35,22.913169422956813,40.508776474762676,-0.0490024812843196
jjas_z500,z500,fuxi,3,20.0,80.0,35,22.23843846124151,40.44317552002687,-0.07119295695883679
jjas_z500,z500,fuxi,3,20.0,81.5,35,22.996989314431396,42.09108803571924,-0.0669542159168204
jjas_z500,z500,fuxi,3,20.0,83.0,35,22.242323247931328,41.74055929595963,-0.06513107075010109
jjas_z500,z500,fuxi,3,20.0,84.5,35,23.21049529034057,43.300290510487095,-0.060159056421092504
jjas_z500,z500,fuxi,3,20.0,86.0,35,22.113793383647835,42.24565639796671,-0.08518257195131296
jjas_z500,z500,fuxi,3,21.5,71.0,35,25.94934832282483,39.98329316773713,0.03892976010624391
jjas_z500,z500,fuxi,3,21.5,74.0,35,24.187327099939363,40.349725282641835,-0.008407847694362654
jjas_z500,z500,fuxi,3,21.5,75.5,35,23.001039321298673,39.94468913620562,-0.04751795207328331
jjas_z500,z500,fuxi,3,21.5,77.0,35,21.64165480982387,39.03971755735148,-0.07194746421741546
jjas_z500,z500,fuxi,3,21.5,78.5,35,21.85701305715733,39.72148296535685,-0.07087521476839266
jjas_z500,z500,fuxi,3,21.5,80.0,35,20.936798674645278,39.42225960218293,-0.08625307962539647
jjas_z500,z500,fuxi,3,21.5,81.5,35,21.114367945385624,40.60050408217224,-0.08358696915097641
jjas_z500,z500,fuxi,3,21.5,83.0,35,20.033619555135868,40.045300869729815,-0.08687460600479091
jjas_z500,z500,fuxi,3,21.5,84.5,35,20.272256646234357,40.977638312680234,-0.09064318531099834
jjas_z500,z500,fuxi,3,21.5,86.0,35,19.741306479511696,40.511706773945356,-0.10137034808920345
jjas_z500,z500,fuxi,3,23.0,69.5,35,27.650525925352536,41.70334028938607,0.01092024361874006
jjas_z500,z500,fuxi,3,23.0,71.0,35,27.332779107333668,41.89320194828475,0.016859025362233732
jjas_z500,z500,fuxi,3,23.0,72.5,35,27.240415355447087,43.016048143387245,0.012993218443410375
jjas_z500,z500,fuxi,3,23.0,74.0,35,26.231053119592747,42.54132417741132,-0.019002315906588168
jjas_z500,z500,fuxi,3,23.0,75.5,35,24.576023024916946,41.49433609380708,-0.05302351593331851
jjas_z500,z500,fuxi,3,23.0,77.0,35,22.985790788879005,40.19068293071254,-0.07513188089613172
jjas_z500,z500,fuxi,3,23.0,78.5,35,22.589887095346448,40.05680072336635,-0.062175168134607176
jjas_z500,z500,fuxi,3,23.0,80.0,35,21.257660801297217,39.01294538761927,-0.06757311838266059
jjas_z500,z500,fuxi,3,23.0,81.5,35,20.615071023403548,38.90376219781126,-0.0626279742100786
jjas_z500,z500,fuxi,3,23.0,83.0,35,19.457356625477743,38.32641218191572,-0.07357726330525129
jjas_z500,z500,fuxi,3,23.0,84.5,35,19.610177555326896,39.202949787568755,-0.07860150786399607
jjas_z500,z500,fuxi,3,23.0,86.0,35,19.14190573505818,39.07699252151724,-0.0873175277868344
jjas_z500,z500,fuxi,3,23.0,87.5,35,20.945089997251255,41.04254779484985,-0.07949952275689708
jjas_z500,z500,fuxi,3,24.5,72.5,35,26.113118683960316,42.3141897556938,-0.019311612022145815
jjas_z500,z500,fuxi,3,24.5,74.0,35,25.907064850601483,42.095016783672776,-0.031823380280600305
jjas_z500,z500,fuxi,3,24.5,75.5,35,25.03483986279563,41.39672186517031,-0.054622225457392565
jjas_z500,z500,fuxi,3,24.5,77.0,35,23.01870677392214,39.35831406152542,-0.07222099967354444
jjas_z500,z500,fuxi,3,24.5,78.5,35,21.903927368621616,38.30510055708915,-0.06358262913684049
jjas_z500,z500,fuxi,3,24.5,80.0,35,19.90507648929696,36.35704671166509,-0.06027040694695111
jjas_z500,z500,fuxi,3,24.5,81.5,35,19.151648647197465,35.605866163053484,-0.0503089445863005
jjas_z500,z500,fuxi,3,24.5,83.0,35,17.812349478988057,34.7772262640092,-0.04460501063645928
jjas_z500,z500,fuxi,3,24.5,84.5,35,18.091331573510537,35.36849013485996,-0.03727966003233988
jjas_z500,z500,fuxi,3,24.5,86.0,35,17.051723917849113,34.995813288541875,-0.055154420130711215
jjas_z500,z500,fuxi,3,24.5,87.5,35,17.77897745894999,36.196654537264095,-0.05998891299945132
jjas_z500,z500,fuxi,3,24.5,93.5,35,17.98528290715772,34.01491163609657,0.03446131227753072
jjas_z500,z500,fuxi,3,26.0,71.0,35,26.10336618786922,42.5897677266828,-0.026314097882544234
jjas_z500,z500,fuxi,3,26.0,72.5,35,26.317350440039498,43.73611951005118,-0.03409468260245562
jjas_z500,z500,fuxi,3,26.0,74.0,35,26.36972309011656,43.19220317178135,-0.03569565647259393
jjas_z500,z500,fuxi,3,26.0,75.5,35,25.788216864267167,42.391629565161836,-0.0471188591663549
jjas_z500,z500,fuxi,3,26.0,77.0,35,23.62555604709635,39.79986566791427,-0.050467821710929346
jjas_z500,z500,fuxi,3,26.0,78.5,35,21.99739520210725,37.54912134840991,-0.03944541045468439
jjas_z500,z500,fuxi,3,26.0,80.0,35,19.717387814239398,34.994395773119514,-0.03370055905829963
jjas_z500,z500,fuxi,3,26.0,81.5,35,18.75375026619643,33.60711796231543,-0.021362140048993065
jjas_z500,z500,fuxi,3,26.0,83.0,35,17.359495143764253,32.43372180709501,-0.006038406455866936
jjas_z500,z500,fuxi,3,26.0,84.5,35,17.255329332010582,32.5149435630051,0.011396221906025291
jjas_z500,z500,fuxi,3,26.0,86.0,35,15.980476057800843,31.663305263766976,-0.005135029345385852
jjas_z500,z500,fuxi,3,26.0,87.5,35,16.745552050328325,32.45894909374846,-0.003169632927708807
jjas_z500,z500,fuxi,3,26.0,90.5,35,16.56469087366409,31.99724209001997,0.0181706695946094
jjas_z500,z500,fuxi,3,26.0,92.0,35,16.500529346675364,32.00732425309238,0.03573345198608662
jjas_z500,z500,fuxi,3,26.0,93.5,35,18.223875495853722,33.61342377746473,0.0716817505354225
jjas_z500,z500,fuxi,3,26.0,95.0,35,18.004607734423164,32.87847332307868,0.1001497948821753
jjas_z500,z500,fuxi,3,27.5,71.0,35,24.53278419577777,42.54768752020377,-0.04021699113598939
jjas_z500,z500,fuxi,3,27.5,72.5,35,25.03036086638731,43.80756370216986,-0.045448441590051736
jjas_z500,z500,fuxi,3,27.5,74.0,35,24.6097804951184,42.534592361992836,-0.04359438287788315
jjas_z500,z500,fuxi,3,27.5,75.5,35,23.84941103165077,41.2868313693214,-0.037921835549811114
jjas_z500,z500,fuxi,3,27.5,77.0,35,21.34237715378071,38.251947063905035,-0.024086355709238647
jjas_z500,z500,fuxi,3,27.5,78.5,35,19.612937701165666,35.26277175186157,1.9412309618951686e-05
jjas_z500,z500,fuxi,3,27.5,80.0,35,17.87905565637206,32.95169216959933,0.0023666499434888263
jjas_z500,z500,fuxi,3,27.5,81.5,35,16.5043295029332,31.194130806955272,0.007144773897445475
jjas_z500,z500,fuxi,3,27.5,92.0,35,15.288595330748727,29.453754620228814,0.060951285817467955
jjas_z500,z500,fuxi,3,27.5,93.5,35,17.24828306298171,31.736269336239296,0.10218577558786628
jjas_z500,z500,fuxi,3,27.5,95.0,35,16.891456160977082,30.8659195151569,0.11067158803273155
jjas_z500,z500,fuxi,3,27.5,96.5,35,17.733228956083153,32.26206891413501,0.1357049175688225
jjas_z500,z500,fuxi,3,29.0,74.0,35,25.96966075941473,45.055829867969095,-0.039046554029814544
jjas_z500,z500,fuxi,3,29.0,75.5,35,24.954147838492855,43.31492257811928,-0.0272576236439149
jjas_z500,z500,fuxi,3,29.0,77.0,35,22.351393401548037,39.80451600179946,-0.008134365153213134
jjas_z500,z500,fuxi,3,29.0,78.5,35,20.084933421806767,36.28630188928511,0.025027645950861217
jjas_z500,z500,fuxi,3,29.0,80.0,35,19.157951735877838,34.617514360160996,0.023060733751873074
jjas_z500,z500,fuxi,3,29.0,95.0,35,18.55607987364474,33.323710590881966,0.08191197119367095
jjas_z500,z500,fuxi,3,30.5,74.0,35,27.670743940034793,48.62018260325971,-0.04914172073938686
jjas_z500,z500,fuxi,3,30.5,75.5,35,26.295554314621484,46.33944655198189,-0.0302687375838845
jjas_z500,z500,fuxi,3,30.5,77.0,35,24.426263972216812,42.934577906031315,-0.017917692286532744
jjas_z500,z500,fuxi,3,30.5,78.5,35,21.51524369290754,38.757292328135556,0.011819410779171135
jjas_z500,z500,fuxi,3,30.5,80.0,35,20.477927927515392,37.18646703797544,0.011654217647409653
jjas_z500,z500,fuxi,3,32.0,75.5,35,29.04379762951903,51.5870121339656,-0.042615357161717694
jjas_z500,z500,fuxi,3,32.0,77.0,35,28.03123861667396,48.540058987864526,-0.03655007669999884
jjas_z500,z500,fuxi,3,32.0,78.5,35,24.987362414469214,44.27485845762477,-0.005703992196155301
jjas_z500,z500,fuxi,3,33.5,74.0,35,27.700659159706657,52.401615761311405,-0.08249574845118082
jjas_z500,z500,fuxi,3,33.5,75.5,35,28.116943600461205,50.97628429086966,-0.05262153221622279
jjas_z500,z500,fuxi,3,33.5,77.0,35,26.480750321120702,47.92226302356103,-0.041835202869903935
jjas_z500,z500,fuxi,3,33.5,78.5,35,24.00060301957814,44.831278065629995,-0.01716450937361989
jjas_z500,z500,fuxi,3,35.0,75.5,35,30.00057238291608,53.68814074356341,-0.07070373663448343
jjas_z500,z500,fuxi,3,35.0,77.0,35,25.874313241330206,49.3536552530199,-0.07039346282191439
jjas_z500,z500,fuxi,3,35.0,78.5,35,23.241203373530542,47.0031989072552,-0.041901491799742556
jjas_z500,z500,fuxi,3,35.0,80.0,35,22.18547957567615,45.188382424261434,-0.05233440937962036
jjas_z500,z500,fuxi,3,36.5,74.0,35,25.69377842444137,53.25904991120638,-0.1023585295090505
jjas_z500,z500,fuxi,3,36.5,75.5,35,28.754323269191808,55.41584281670739,-0.09878371776650746
jjas_z500,z500,fuxi,4,9.5,77.0,35,14.030648583392628,24.909498765782157,0.1682734779544258
jjas_z500,z500,fuxi,4,9.5,78.5,35,16.341019589854398,26.574039697746674,0.1553956064509105
jjas_z500,z500,fuxi,4,11.0,77.0,35,15.038815027280569,25.92538588155533,0.15328036962238634
jjas_z500,z500,fuxi,4,11.0,78.5,35,17.540846997256242,27.895908618062297,0.1439786760086025
jjas_z500,z500,fuxi,4,12.5,75.5,35,15.474702665197896,27.018582348306897,0.1341849446161846
jjas_z500,z500,fuxi,4,12.5,77.0,35,16.28259592383378,27.16074397403944,0.14610330530331755
jjas_z500,z500,fuxi,4,12.5,78.5,35,18.459977022300414,29.33941491091019,0.12280264971702835
jjas_z500,z500,fuxi,4,12.5,80.0,35,16.881467284811983,28.891238433992044,0.09688268741205283
jjas_z500,z500,fuxi,4,14.0,75.5,35,17.27515394590633,30.14646123263353,0.10867553250793563
jjas_z500,z500,fuxi,4,14.0,77.0,35,17.76899579679965,30.06974019052331,0.1081009012502141
jjas_z500,z500,fuxi,4,14.0,78.5,35,20.054295883031564,32.36788353678947,0.07842665401013821
jjas_z500,z500,fuxi,4,14.0,80.0,35,18.728581291519497,32.15260902462339,0.06219443996541344
jjas_z500,z500,fuxi,4,15.5,74.0,35,20.461026875792623,33.33158795755033,0.11068490885640796
jjas_z500,z500,fuxi,4,15.5,75.5,35,19.128958623653176,32.51755300967217,0.08507673623221243
jjas_z500,z500,fuxi,4,15.5,77.0,35,18.986223264670038,32.51933497392149,0.07689226283667235
jjas_z500,z500,fuxi,4,15.5,78.5,35,21.2548075950618,35.00496443458726,0.05500701324282569
jjas_z500,z500,fuxi,4,15.5,80.0,35,20.1116609493507,34.832471624076284,0.05057968825612533
jjas_z500,z500,fuxi,4,17.0,74.0,35,22.411362712088494,36.0934918766001,0.1006384484364954
jjas_z500,z500,fuxi,4,17.0,75.5,35,21.942048323366283,36.09625822898669,0.06953865693292251
jjas_z500,z500,fuxi,4,17.0,77.0,35,21.36639708395526,36.12719787578148,0.06361573763957847
jjas_z500,z500,fuxi,4,17.0,78.5,35,23.54032771563707,38.60398083542185,0.05084820310627057
jjas_z500,z500,fuxi,4,17.0,80.0,35,22.365033673831853,38.296969346873794,0.04447308078983984
jjas_z500,z500,fuxi,4,17.0,81.5,35,23.561958287241836,40.84293331223201,0.02952054653358946
jjas_z500,z500,fuxi,4,18.5,74.0,35,23.302257358152357,38.06013511234504,0.0871940138152749
jjas_z500,z500,fuxi,4,18.5,75.5,35,23.245093619397917,38.354227253124435,0.05485546903303419
jjas_z500,z500,fuxi,4,18.5,77.0,35,22.134767412885257,37.87754778856625,0.05072713256590332
jjas_z500,z500,fuxi,4,18.5,78.5,35,23.290348196300485,39.79545360236646,0.04391843318460347
jjas_z500,z500,fuxi,4,18.5,80.0,35,22.05746184006743,38.992588545136,0.03323042801855392
jjas_z500,z500,fuxi,4,18.5,81.5,35,22.868036989576105,40.55863785322364,0.0242342821033867
jjas_z500,z500,fuxi,4,18.5,83.0,35,22.30562996643231,40.34057678856101,0.012281522234910941
jjas_z500,z500,fuxi,4,20.0,74.0,35,25.09821789016348,41.32437013847168,0.06105427465516701
jjas_z500,z500,fuxi,4,20.0,75.5,35,25.06351432429523,41.51772941629802,0.031426766197106853
jjas_z500,z500,fuxi,4,20.0,77.0,35,23.542840241889905,40.43758713649356,0.029121657928727333
jjas_z500,z500,fuxi,4,20.0,78.5,35,23.89068729069352,41.6201784852581,0.03149099939401832
jjas_z500,z500,fuxi,4,20.0,80.0,35,22.919296292117387,41.005712535716434,0.025305879307561074
jjas_z500,z500,fuxi,4,20.0,81.5,35,23.436501314589155,42.4510823682176,0.024938232476387264
jjas_z500,z500,fuxi,4,20.0,83.0,35,22.694232443091565,42.02929547552744,0.015349324743222531
jjas_z500,z500,fuxi,4,20.0,84.5,35,24.32189949547171,44.05174736379141,-0.0011576679733885655
jjas_z500,z500,fuxi,4,20.0,86.0,35,23.24147071473339,42.607583903931506,-0.011717116417963124
jjas_z500,z500,fuxi,4,21.5,71.0,35,28.782862433844326,43.09820697669057,0.10842209543909985
jjas_z500,z500,fuxi,4,21.5,74.0,35,26.524805110030737,42.939342460062676,0.054384749330079835
jjas_z500,z500,fuxi,4,21.5,75.5,35,24.84523357993855,41.769398288645036,0.040834100055899325
jjas_z500,z500,fuxi,4,21.5,77.0,35,23.070498432587996,40.20043566658029,0.035052479345450985
jjas_z500,z500,fuxi,4,21.5,78.5,35,23.022187017530683,40.539971797759065,0.036463902107191457
jjas_z500,z500,fuxi,4,21.5,80.0,35,21.825241962414164,39.73765608318598,0.030114621975192386
jjas_z500,z500,fuxi,4,21.5,81.5,35,21.817096310265775,40.627860183870894,0.031097317536637015
jjas_z500,z500,fuxi,4,21.5,83.0,35,20.67961460928826,39.80928469381793,0.018670015297548626
jjas_z500,z500,fuxi,4,21.5,84.5,35,21.329073308552065,40.81724142864347,0.0033848784199162463
jjas_z500,z500,fuxi,4,21.5,86.0,35,20.935079692477796,40.30898184931262,-0.012059640697562834
jjas_z500,z500,fuxi,4,23.0,69.5,35,30.9596045678852,45.4109529540466,0.11398927509492295
jjas_z500,z500,fuxi,4,23.0,71.0,35,30.739890919492712,45.56053288394632,0.11177689286630106
jjas_z500,z500,fuxi,4,23.0,72.5,35,30.42241772468434,46.624158119281695,0.07632188268755877
jjas_z500,z500,fuxi,4,23.0,74.0,35,29.248971633760917,45.72799195099316,0.0555009890079988
jjas_z500,z500,fuxi,4,23.0,75.5,35,26.95079307972241,43.769781288071115,0.05199844910002073
jjas_z500,z500,fuxi,4,23.0,77.0,35,25.005269528317253,41.90775761007753,0.0386232682801475
jjas_z500,z500,fuxi,4,23.0,78.5,35,24.39578478349049,41.578524497946276,0.03655353687875331
jjas_z500,z500,fuxi,4,23.0,80.0,35,22.846805456560315,40.07732382609955,0.03254798242458996
jjas_z500,z500,fuxi,4,23.0,81.5,35,22.024982122823193,39.63070513330574,0.028160071989278432
jjas_z500,z500,fuxi,4,23.0,83.0,35,20.74636164368798,38.70714133095501,0.011607434235976696
jjas_z500,z500,fuxi,4,23.0,84.5,35,21.068522324479506,39.400871533484725,0.0066867494723235246
jjas_z500,z500,fuxi,4,23.0,86.0,35,20.712514238250645,39.24628886568571,-0.008618241207767661
jjas_z500,z500,fuxi,4,23.0,87.5,35,23.101551414816093,41.9630508942367,-0.03696016817115054
jjas_z500,z500,fuxi,4,24.5,72.5,35,29.224137371894827,45.69784520963495,0.09495014248882028
jjas_z500,z500,fuxi,4,24.5,74.0,35,29.065397093131235,45.316375249306894,0.07553601997507577
jjas_z500,z500,fuxi,4,24.5,75.5,35,27.776673976237,44.0606654239507,0.05983801151444734
jjas_z500,z500,fuxi,4,24.5,77.0,35,25.460204370901867,41.49828722712521,0.043511866749195716
jjas_z500,z500,fuxi,4,24.5,78.5,35,24.245471104168946,40.18424080975636,0.03885061692639989
jjas_z500,z500,fuxi,4,24.5,80.0,35,22.02407076922144,37.85575118240387,0.0284761670181097
jjas_z500,z500,fuxi,4,24.5,81.5,35,21.217706528377416,36.79172236424431,0.03132237803472166
jjas_z500,z500,fuxi,4,24.5,83.0,35,19.566137997579037,35.693547239373686,0.019293565154058313
jjas_z500,z500,fuxi,4,24.5,84.5,35,19.85875069121734,36.033294397586914,0.017837972665140832
jjas_z500,z500,fuxi,4,24.5,86.0,35,18.596487359109364,35.40302881501185,0.0019251068290918963
jjas_z500,z500,fuxi,4,24.5,87.5,35,19.300636183689544,36.69181812508282,-0.008695584484707973
jjas_z500,z500,fuxi,4,24.5,93.5,35,19.189257796050565,36.568698942610645,-0.04323460274710387
jjas_z500,z500,fuxi,4,26.0,71.0,35,29.61551686407217,46.40106560312058,0.11858328068517804
jjas_z500,z500,fuxi,4,26.0,72.5,35,29.6564789059508,47.4342774839526,0.10058569537911713
jjas_z500,z500,fuxi,4,26.0,74.0,35,29.92718911693251,46.8828932629951,0.08638993773160679
jjas_z500,z500,fuxi,4,26.0,75.5,35,29.10076142156104,45.81746407832042,0.06150340324923046
jjas_z500,z500,fuxi,4,26.0,77.0,35,26.64175001853442,42.709472348531584,0.05333712184522469
jjas_z500,z500,fuxi,4,26.0,78.5,35,24.87747281502265,40.084557317162734,0.048492459284990255
jjas_z500,z500,fuxi,4,26.0,80.0,35,22.433479933031908,37.38471620894063,0.021641364189292998
jjas_z500,z500,fuxi,4,26.0,81.5,35,21.51505120428735,35.94142978934936,0.011430272736821522
jjas_z500,z500,fuxi,4,26.0,83.0,35,19.725521551064073,34.48863205685855,0.014015484083890336
jjas_z500,z500,fuxi,4,26.0,84.5,35,19.466504703445754,34.117988961678016,0.036233881737071316
jjas_z500,z500,fuxi,4,26.0,86.0,35,17.86679774250572,33.0790888453824,0.020181159472436764
jjas_z500,z500,fuxi,4,26.0,87.5,35,18.338740735107187,33.858072183412105,0.01623495116374318
jjas_z500,z500,fuxi,4,26.0,90.5,35,17.718014365199686,34.278600409833594,-0.015624378125496148
jjas_z500,z500,fuxi,4,26.0,92.0,35,17.788452766467554,34.71359092163319,-0.020964876178739406
jjas_z500,z500,fuxi,4,26.0,93.5,35,19.91609186382284,37.14278854151871,-0.015496308501428857
jjas_z500,z500,fuxi,4,26.0,95.0,35,19.51080643989426,36.57049369122786,-0.04105412563344223
jjas_z500,z500,fuxi,4,27.5,71.0,35,27.75911538605963,45.889542587881415,0.12423866156700418
jjas_z500,z500,fuxi,4,27.5,72.5,35,28.37487506836847,47.276813834492394,0.11738091193855044
jjas_z500,z500,fuxi,4,27.5,74.0,35,28.22581944286989,46.0369082429451,0.1085873267024997
jjas_z500,z500,fuxi,4,27.5,75.5,35,27.394604843143654,44.76182227273293,0.08700674789172744
jjas_z500,z500,fuxi,4,27.5,77.0,35,24.292573946800726,41.10925108406871,0.08335261329659593
jjas_z500,z500,fuxi,4,27.5,78.5,35,21.91267261816291,37.53398140816854,0.06515238890269297
jjas_z500,z500,fuxi,4,27.5,80.0,35,20.037208577331928,35.304403406725186,0.02846412779380568
jjas_z500,z500,fuxi,4,27.5,81.5,35,18.553975331743068,33.66633692231328,0.0018295623947300252
jjas_z500,z500,fuxi,4,27.5,92.0,35,17.214781267793608,32.924395544388744,0.02255544417985585
jjas_z500,z500,fuxi,4,27.5,93.5,35,19.356579975388012,36.010872989176654,0.016813388466139747
jjas_z500,z500,fuxi,4,27.5,95.0,35,18.836832694011303,35.252826269425185,-0.014838655634826708
jjas_z500,z500,fuxi,4,27.5,96.5,35,19.83148968212286,37.1613448111323,-0.020409533329164557
jjas_z500,z500,fuxi,4,29.0,74.0,35,30.150024190939334,48.76620776508505,0.13543746338323312
jjas_z500,z500,fuxi,4,29.0,75.5,35,28.93639236941165,46.993742628554024,0.11376717170588256
jjas_z500,z500,fuxi,4,29.0,77.0,35,25.64091036235269,42.857960299957384,0.11027291880673706
jjas_z500,z500,fuxi,4,29.0,78.5,35,22.361008415990778,38.74795754872444,0.0780224774450031
jjas_z500,z500,fuxi,4,29.0,80.0,35,21.280306231825023,37.242614127193605,0.048155168440201485
jjas_z500,z500,fuxi,4,29.0,95.0,35,21.39103620542558,38.44865713812251,0.03430395100745566
jjas_z500,z500,fuxi,4,30.5,74.0,35,31.709458163114714,51.96508537532901,0.13089649644614948
jjas_z500,z500,fuxi,4,30.5,75.5,35,29.382026087820098,48.99020399936759,0.12613754222544213
jjas_z500,z500,fuxi,4,30.5,77.0,35,27.254704783104586,45.33381009165508,0.12185378626407645
jjas_z500,z500,fuxi,4,30.5,78.5,35,23.625334316538233,41.09099433452038,0.08444835376103522
jjas_z500,z500,fuxi,4,30.5,80.0,35,22.450838513866206,39.64613563251242,0.0707456442680659
jjas_z500,z500,fuxi,4,32.0,75.5,35,31.837870066775732,53.97455373390882,0.13397030413183192
jjas_z500,z500,fuxi,4,32.0,77.0,35,30.895645227712937,50.907978408439014,0.13113483980233645
jjas_z500,z500,fuxi,4,32.0,78.5,35,27.422792574351348,46.83866719470017,0.10815400974656626
jjas_z500,z500,fuxi,4,33.5,74.0,35,31.313468181904863,54.97372420979955,0.130765387262931
jjas_z500,z500,fuxi,4,33.5,75.5,35,31.547204337764715,53.7922873562429,0.12413817000899383
jjas_z500,z500,fuxi,4,33.5,77.0,35,29.74638687925357,50.629121923521936,0.12695714365487837
jjas_z500,z500,fuxi,4,33.5,78.5,35,26.97466584107463,47.90878804542838,0.1178241761243029
jjas_z500,z500,fuxi,4,35.0,75.5,35,34.68729919713387,57.725180918638536,0.10944667641455144
jjas_z500,z500,fuxi,4,35.0,77.0,35,30.109694646055555,53.05491313454526,0.1078926434936246
jjas_z500,z500,fuxi,4,35.0,78.5,35,27.224486359556536,51.339088450475366,0.09824314451875181
jjas_z500,z500,fuxi,4,35.0,80.0,35,26.17178618907843,49.05314638865094,0.10670239016104524
jjas_z500,z500,fuxi,4,36.5,74.0,35,30.343737402299745,56.92745183072092,0.10015832921624818
jjas_z500,z500,fuxi,4,36.5,75.5,35,33.71097185439526,59.737537960184376,0.08318988950162808
jjas_z500,z500,fuxi,5,9.5,77.0,35,12.561542208994226,24.356560228043865,-0.10640050164244302
jjas_z500,z500,fuxi,5,9.5,78.5,35,15.329530117435363,25.707647428702668,-0.07470763550594382
jjas_z500,z500,fuxi,5,11.0,77.0,35,13.584124743171483,24.972481623549974,-0.07135598023004551
jjas_z500,z500,fuxi,5,11.0,78.5,35,16.61386812325704,26.823831241249376,-0.044727476707687196
jjas_z500,z500,fuxi,5,12.5,75.5,35,13.912838975604219,25.700062350158163,-0.03041738919456277
jjas_z500,z500,fuxi,5,12.5,77.0,35,14.824813534368852,25.701703824639633,-0.02307027844414215
jjas_z500,z500,fuxi,5,12.5,78.5,35,17.44725864970764,27.791905126446142,-0.005136827492046249
jjas_z500,z500,fuxi,5,12.5,80.0,35,15.573858304821416,27.087872041243607,0.0012497948885103808
jjas_z500,z500,fuxi,5,14.0,75.5,35,15.825714504757448,28.519830459317664,0.016143908201357426
jjas_z500,z500,fuxi,5,14.0,77.0,35,16.29306092073288,28.174125540972867,0.020917332819075294
jjas_z500,z500,fuxi,5,14.0,78.5,35,18.955303094065545,30.28591992118074,0.02886866299968801
jjas_z500,z500,fuxi,5,14.0,80.0,35,17.459048484669125,29.86311412211047,0.03135707338451206
jjas_z500,z500,fuxi,5,15.5,74.0,35,19.86525303102005,32.26652221405189,0.01723511670072357
jjas_z500,z500,fuxi,5,15.5,75.5,35,17.92952801725839,30.62243780068664,0.0375226966988094
jjas_z500,z500,fuxi,5,15.5,77.0,35,17.683884120967637,30.279059838292362,0.04260224809089749
jjas_z500,z500,fuxi,5,15.5,78.5,35,20.263507162356785,32.53426599935284,0.05369123044622824
jjas_z500,z500,fuxi,5,15.5,80.0,35,18.895832066718505,32.03058196091768,0.064098120376698
jjas_z500,z500,fuxi,5,17.0,74.0,35,21.881297973484394,35.067592121888154,0.03758057791761063
jjas_z500,z500,fuxi,5,17.0,75.5,35,21.228894195303862,34.39547138382145,0.044030945625083626
jjas_z500,z500,fuxi,5,17.0,77.0,35,20.511424673131582,34.15990048836383,0.04182065379095401
jjas_z500,z500,fuxi,5,17.0,78.5,35,22.890369056523223,36.416451079665784,0.05662676543738951
jjas_z500,z500,fuxi,5,17.0,80.0,35,21.445772100838802,35.600099891396546,0.07294808090922485
jjas_z500,z500,fuxi,5,17.0,81.5,35,22.397807511754685,37.891191183460215,0.06595925591704198
jjas_z500,z500,fuxi,5,18.5,74.0,35,22.533994227428906,36.95590289080048,0.029589784238968343
jjas_z500,z500,fuxi,5,18.5,75.5,35,22.51848134725673,36.58980626152325,0.04224971079757435
jjas_z500,z500,fuxi,5,18.5,77.0,35,21.18634871866733,35.90229645638005,0.032364207904013884
jjas_z500,z500,fuxi,5,18.5,78.5,35,22.337357336691536,37.617743924825156,0.04235667667813215
jjas_z500,z500,fuxi,5,18.5,80.0,35,20.839015395883767,36.25495612060959,0.05671101705976135
jjas_z500,z500,fuxi,5,18.5,81.5,35,21.43598415825527,37.54224589426593,0.05742109519794583
jjas_z500,z500,fuxi,5,18.5,83.0,35,20.766727193940486,37.27595373575679,0.04390810766906644
jjas_z500,z500,fuxi,5,20.0,74.0,35,24.388686198979354,40.41920669403824,0.016468351865898512
jjas_z500,z500,fuxi,5,20.0,75.5,35,24.441133813748223,40.0693259344191,0.023161491039048177
jjas_z500,z500,fuxi,5,20.0,77.0,35,22.682903216681837,38.74169937657249,0.017918203414442606
jjas_z500,z500,fuxi,5,20.0,78.5,35,22.863885269557823,39.751212273683734,0.025865933146044864
jjas_z500,z500,fuxi,5,20.0,80.0,35,21.607429366676115,38.74959027228086,0.036234660737203106
jjas_z500,z500,fuxi,5,20.0,81.5,35,21.77558201610986,40.06669579055647,0.03804670415433661
jjas_z500,z500,fuxi,5,20.0,83.0,35,20.883018243559544,39.423870514390444,0.03340930301642919
jjas_z500,z500,fuxi,5,20.0,84.5,35,22.850500918323295,41.317267466628756,0.037957279538418556
jjas_z500,z500,fuxi,5,20.0,86.0,35,21.87535314822079,39.85692231748155,0.041159935242218386
jjas_z500,z500,fuxi,5,21.5,71.0,35,28.489213587235568,42.627583400352606,0.011634648072531315
jjas_z500,z500,fuxi,5,21.5,74.0,35,25.92000637984997,42.091467468905364,0.008897721916680049
jjas_z500,z500,fuxi,5,21.5,75.5,35,24.10426991788037,40.70472227506178,0.01054876356054734
jjas_z500,z500,fuxi,5,21.5,77.0,35,22.032465414428277,38.903373574269985,0.0014196092662698806
jjas_z500,z500,fuxi,5,21.5,78.5,35,21.730846739365187,39.06777022022823,0.004778673087920357
jjas_z500,z500,fuxi,5,21.5,80.0,35,20.229292847296712,37.93636126369359,0.015263382262115323
jjas_z500,z500,fuxi,5,21.5,81.5,35,19.91660545680731,38.682018545893,0.02626763182074743
jjas_z500,z500,fuxi,5,21.5,83.0,35,18.596693087316922,37.57502570765017,0.02570502480621283
jjas_z500,z500,fuxi,5,21.5,84.5,35,19.400674350479754,38.357593654108335,0.030224734978646504
jjas_z500,z500,fuxi,5,21.5,86.0,35,19.11614181961312,37.74453443264223,0.03470705673677892
jjas_z500,z500,fuxi,5,23.0,69.5,35,30.876903133845605,45.36669960082756,0.01680733772662732
jjas_z500,z500,fuxi,5,23.0,71.0,35,30.78688383648397,45.63115584317727,0.0094619014218756
jjas_z500,z500,fuxi,5,23.0,72.5,35,30.2256955061039,46.27561038693786,0.025285240595855733
jjas_z500,z500,fuxi,5,23.0,74.0,35,29.07106865909913,45.389877544043564,0.011819888261159229
jjas_z500,z500,fuxi,5,23.0,75.5,35,26.490498072727757,43.44006521461906,0.005176753449577619
jjas_z500,z500,fuxi,5,23.0,77.0,35,24.25184965305143,41.325851154771456,-0.004678220003417918
jjas_z500,z500,fuxi,5,23.0,78.5,35,23.37942200689335,40.91964562351407,-0.01131878779836286
jjas_z500,z500,fuxi,5,23.0,80.0,35,21.552134749768943,39.066007144848804,0.005310337919085598
jjas_z500,z500,fuxi,5,23.0,81.5,35,20.432736804894635,38.22124526249953,0.02836060056342487
jjas_z500,z500,fuxi,5,23.0,83.0,35,18.926910116979005,37.07061847513022,0.023577132001976545
jjas_z500,z500,fuxi,5,23.0,84.5,35,19.184278982337048,37.692104342970985,0.024751605254256133
jjas_z500,z500,fuxi,5,23.0,86.0,35,18.838188601559807,37.3676596124093,0.03205368256000307
jjas_z500,z500,fuxi,5,23.0,87.5,35,21.66874305965617,40.295984852094286,0.03288558850829563
jjas_z500,z500,fuxi,5,24.5,72.5,35,28.819982988710866,45.54332997896965,0.029604406725289148
jjas_z500,z500,fuxi,5,24.5,74.0,35,28.833166465165597,45.34766130387998,0.011340350778725585
jjas_z500,z500,fuxi,5,24.5,75.5,35,27.412161272594442,44.222992179616206,0.0030796670833979894
jjas_z500,z500,fuxi,5,24.5,77.0,35,24.879892754964903,41.40089579577773,0.0006848649314942732
jjas_z500,z500,fuxi,5,24.5,78.5,35,23.552388713066208,40.082499017882796,-0.004267802999835129
jjas_z500,z500,fuxi,5,24.5,80.0,35,21.0536288681359,37.45421874126128,0.005429572473684814
jjas_z500,z500,fuxi,5,24.5,81.5,35,20.166856337255116,36.22290160952109,0.01801408956215755
jjas_z500,z500,fuxi,5,24.5,83.0,35,18.10719410381137,34.914822233073586,0.014810371625983549
jjas_z500,z500,fuxi,5,24.5,84.5,35,18.222835378330092,35.03672743693124,0.016908956173763184
jjas_z500,z500,fuxi,5,24.5,86.0,35,16.601257253548127,34.19355542223968,0.027379830759382006
jjas_z500,z500,fuxi,5,24.5,87.5,35,17.0784929872036,35.377951228375004,0.04732404848365413
jjas_z500,z500,fuxi,5,24.5,93.5,35,17.389282537787558,36.93345884276169,-0.017252239505434603
jjas_z500,z500,fuxi,5,26.0,71.0,35,29.834829567773443,47.172303420957896,0.052762135160873025
jjas_z500,z500,fuxi,5,26.0,72.5,35,29.3090210786918,47.82786433631652,0.03941470602627948
jjas_z500,z500,fuxi,5,26.0,74.0,35,29.922512025813194,47.56262420472773,0.02000099093335855
jjas_z500,z500,fuxi,5,26.0,75.5,35,29.09301999622889,46.6444471402532,0.0075488483031412
jjas_z500,z500,fuxi,5,26.0,77.0,35,26.439024353583175,43.351953469023755,0.006005093733921178
jjas_z500,z500,fuxi,5,26.0,78.5,35,24.600513249359704,40.6356400811142,0.0073450647319785334
jjas_z500,z500,fuxi,5,26.0,80.0,35,21.964159211456717,37.69699091244401,0.00767092505094027
jjas_z500,z500,fuxi,5,26.0,81.5,35,21.114973701751687,36.240105701969895,0.006731876021524167
jjas_z500,z500,fuxi,5,26.0,83.0,35,18.898990284616307,34.55934895847302,0.019815467390914974
jjas_z500,z500,fuxi,5,26.0,84.5,35,18.41169191531496,34.001441029798364,0.035620200805089465
jjas_z500,z500,fuxi,5,26.0,86.0,35,16.356853718871882,32.84150579716862,0.04315817895859787
jjas_z500,z500,fuxi,5,26.0,87.5,35,16.328432459802727,33.39439754338714,0.06318012540443955
jjas_z500,z500,fuxi,5,26.0,90.5,35,15.669212385239112,34.67321967588138,0.038647567423349474
jjas_z500,z500,fuxi,5,26.0,92.0,35,15.935476687233702,35.30492401371954,0.03468115015135141
jjas_z500,z500,fuxi,5,26.0,93.5,35,18.24599049958025,38.35373306570514,0.013149022101977402
jjas_z500,z500,fuxi,5,26.0,95.0,35,17.798468654810105,37.82569571322421,-0.02609693887263555
jjas_z500,z500,fuxi,5,27.5,71.0,35,27.550209621746035,46.80909973283302,0.07493331556798123
jjas_z500,z500,fuxi,5,27.5,72.5,35,27.955889558951405,48.267733370659656,0.05754790847452134
jjas_z500,z500,fuxi,5,27.5,74.0,35,28.232213241115513,47.373869493494894,0.03843151494474374
jjas_z500,z500,fuxi,5,27.5,75.5,35,27.598282377918363,46.42163574786195,0.016997297412509108
jjas_z500,z500,fuxi,5,27.5,77.0,35,24.058048024074896,42.41176483487029,0.014709227944448728
jjas_z500,z500,fuxi,5,27.5,78.5,35,21.243928518397713,38.17791608677474,0.018470513325280487
jjas_z500,z500,fuxi,5,27.5,80.0,35,19.12211008983265,35.74374722948435,0.012821555652907685
jjas_z500,z500,fuxi,5,27.5,81.5,35,17.342638497128533,34.05305038919852,-0.001563577423396637
jjas_z500,z500,fuxi,5,27.5,92.0,35,16.115570844958736,34.17916967882236,0.08226152412897313
jjas_z500,z500,fuxi,5,27.5,93.5,35,18.04529130303854,37.822812916776826,0.0387316854596689
jjas_z500,z500,fuxi,5,27.5,95.0,35,17.44006047077598,37.09738003043658,-0.00118047841016714
jjas_z500,z500,fuxi,5,27.5,96.5,35,18.54864358059632,39.45398396001869,-0.04376152495368983
jjas_z500,z500,fuxi,5,29.0,74.0,35,30.475605126096966,50.82381592016252,0.06906605042684368
jjas_z500,z500,fuxi,5,29.0,75.5,35,29.328489066377784,49.18323390157316,0.05008388283923022
jjas_z500,z500,fuxi,5,29.0,77.0,35,25.62287042164592,44.65663112209085,0.04518282914857477
jjas_z500,z500,fuxi,5,29.0,78.5,35,21.765873492416723,39.644708521163544,0.03581040916684569
jjas_z500,z500,fuxi,5,29.0,80.0,35,20.369670764763004,37.98592055993358,0.028323115777225325
jjas_z500,z500,fuxi,5,29.0,95.0,35,20.705894135008176,41.2697884676975,0.024214533996530802
jjas_z500,z500,fuxi,5,30.5,74.0,35,31.706890080620514,53.834769291204886,0.08441625743778591
jjas_z500,z500,fuxi,5,30.5,75.5,35,28.636429098511066,50.28770897462986,0.0702918932059913
jjas_z500,z500,fuxi,5,30.5,77.0,35,26.62018161376132,46.54526431320809,0.06791457428069032
jjas_z500,z500,fuxi,5,30.5,78.5,35,22.824452252102127,41.72225690149408,0.06220395302298871
jjas_z500,z500,fuxi,5,30.5,80.0,35,21.519132564143522,40.23117270549581,0.06747782219912617
jjas_z500,z500,fuxi,5,32.0,75.5,35,30.40254905288665,55.03520260573481,0.08089981533396731
jjas_z500,z500,fuxi,5,32.0,77.0,35,29.934661063641606,51.96547112077832,0.08764424251593066
jjas_z500,z500,fuxi,5,32.0,78.5,35,26.520739572155072,47.465382925332186,0.09826507167856194
jjas_z500,z500,fuxi,5,33.5,74.0,35,30.555837981283833,56.76052307253082,0.10880686096698144
jjas_z500,z500,fuxi,5,33.5,75.5,35,30.785714008583664,55.1862889776102,0.1022828984533116
jjas_z500,z500,fuxi,5,33.5,77.0,35,29.136953027780873,51.988924098451044,0.11725898813033472
jjas_z500,z500,fuxi,5,33.5,78.5,35,26.363084371475555,49.12966850156254,0.1319276772432878
jjas_z500,z500,fuxi,5,35.0,75.5,35,34.94547310221065,59.813393591147545,0.12287328827466022
jjas_z500,z500,fuxi,5,35.0,77.0,35,30.246672384858098,55.13310724079337,0.1328746492483838
jjas_z500,z500,fuxi,5,35.0,78.5,35,27.36674204303402,53.658094772314676,0.13984738642624953
jjas_z500,z500,fuxi,5,35.0,80.0,35,26.56325023304671,51.64106674736913,0.13093007696371056
jjas_z500,z500,fuxi,5,36.5,74.0,35,30.154416675310234,59.378725416982114,0.1166811789681136
jjas_z500,z500,fuxi,5,36.5,75.5,35,34.00635418795157,62.23458739981262,0.11060958539044433
jjas_z500,z500,fuxi,6,9.5,77.0,35,10.180310269125298,22.21419363569099,0.01846342695545223
jjas_z500,z500,fuxi,6,9.5,78.5,35,13.106166804579775,23.49012032982542,0.056718284897614685
jjas_z500,z500,fuxi,6,11.0,77.0,35,11.08549668586155,22.962950309886274,0.011853197480455763
jjas_z500,z500,fuxi,6,11.0,78.5,35,14.378972207823503,24.676610530521682,0.0760386417380413
jjas_z500,z500,fuxi,6,12.5,75.5,35,11.15251564692062,23.90026522956371,0.013177890435600678
jjas_z500,z500,fuxi,6,12.5,77.0,35,12.153287859620624,23.664461871827893,0.0468578965219102
jjas_z500,z500,fuxi,6,12.5,78.5,35,15.106709252155685,25.617138938981373,0.10376542703772801
jjas_z500,z500,fuxi,6,12.5,80.0,35,12.939719637232832,25.019511425160218,0.1122419712796154
jjas_z500,z500,fuxi,6,14.0,75.5,35,12.944615827981657,26.95333798653876,0.04589712423958586
jjas_z500,z500,fuxi,6,14.0,77.0,35,13.43533596254235,26.299634298618393,0.06433323872286527
jjas_z500,z500,fuxi,6,14.0,78.5,35,16.52610490427313,28.145439864555595,0.10474379386099344
jjas_z500,z500,fuxi,6,14.0,80.0,35,14.808708312651365,27.78805291660683,0.11750679069710829
jjas_z500,z500,fuxi,6,15.5,74.0,35,17.131645648687897,30.19668016573981,0.052005294555180395
jjas_z500,z500,fuxi,6,15.5,75.5,35,15.005992447008923,28.636944282925104,0.078610387575338
jjas_z500,z500,fuxi,6,15.5,77.0,35,14.703127487419625,28.0775548969284,0.09271871942257333
jjas_z500,z500,fuxi,6,15.5,78.5,35,17.698824711063,30.24745117600056,0.11678626636989213
jjas_z500,z500,fuxi,6,15.5,80.0,35,16.091376849044693,29.840955954620544,0.12232020801344928
jjas_z500,z500,fuxi,6,17.0,74.0,35,19.319194203741947,32.98614938156755,0.0750013839085282
jjas_z500,z500,fuxi,6,17.0,75.5,35,18.607458774463236,32.052922936143325,0.10491756929003412
jjas_z500,z500,fuxi,6,17.0,77.0,35,17.797998580869276,31.58399856615557,0.11994963445180844
jjas_z500,z500,fuxi,6,17.0,78.5,35,20.56311165627602,34.07071534385987,0.12572027079813733
jjas_z500,z500,fuxi,6,17.0,80.0,35,18.84767710564278,33.29581983312512,0.13018919559219863
jjas_z500,z500,fuxi,6,17.0,81.5,35,19.710985891942542,35.579237366762065,0.13263544646615677
jjas_z500,z500,fuxi,6,18.5,74.0,35,20.2377297525548,34.71397004301763,0.09477588279478812
jjas_z500,z500,fuxi,6,18.5,75.5,35,20.123827478172124,34.12046182611392,0.10812446115455153
jjas_z500,z500,fuxi,6,18.5,77.0,35,18.639024412930382,33.12496037537986,0.11952775994920349
jjas_z500,z500,fuxi,6,18.5,78.5,35,20.01077853431746,34.927056776182624,0.13130463626413877
jjas_z500,z500,fuxi,6,18.5,80.0,35,18.375394439667772,33.607352397725315,0.1323454222032739
jjas_z500,z500,fuxi,6,18.5,81.5,35,19.100168325648365,34.894921894130874,0.14067460468801485
jjas_z500,z500,fuxi,6,18.5,83.0,35,18.490570808607767,34.60336293730588,0.13812670795196016
jjas_z500,z500,fuxi,6,20.0,74.0,35,22.570067376212762,38.357785007326974,0.09465181280145563
jjas_z500,z500,fuxi,6,20.0,75.5,35,22.43148076407415,37.695303229633424,0.09953737240226739
jjas_z500,z500,fuxi,6,20.0,77.0,35,20.515916222849775,36.10323655262082,0.1057820659847946
jjas_z500,z500,fuxi,6,20.0,78.5,35,20.805877261200763,37.08859251308727,0.12044101076214016
jjas_z500,z500,fuxi,6,20.0,80.0,35,19.504559503844913,36.16126737432173,0.11875062365808858
jjas_z500,z500,fuxi,6,20.0,81.5,35,19.790681937098867,37.65032137921505,0.11650368211996671
jjas_z500,z500,fuxi,6,20.0,83.0,35,18.802573069120392,36.94179766944555,0.10925659924042755
jjas_z500,z500,fuxi,6,20.0,84.5,35,21.13576813019312,39.159688499779726,0.1013779607722059
jjas_z500,z500,fuxi,6,20.0,86.0,35,20.60626474509367,38.094939883996254,0.1021665019784594
jjas_z500,z500,fuxi,6,21.5,71.0,35,27.250180721153786,40.550369233071784,0.09914878755201158
jjas_z500,z500,fuxi,6,21.5,74.0,35,24.257009866213256,40.05178424679964,0.07660178432976346
jjas_z500,z500,fuxi,6,21.5,75.5,35,22.219939314450492,38.267545878362085,0.09971262387999762
jjas_z500,z500,fuxi,6,21.5,77.0,35,19.9425276776026,36.15953118864766,0.10032686060538343
jjas_z500,z500,fuxi,6,21.5,78.5,35,19.757871799374204,36.250867252594574,0.11180964702951653
jjas_z500,z500,fuxi,6,21.5,80.0,35,18.17310830698238,35.25593884586259,0.10062806608379303
jjas_z500,z500,fuxi,6,21.5,81.5,35,17.890853069217908,36.30707214192543,0.09421375704795391
jjas_z500,z500,fuxi,6,21.5,83.0,35,16.52870482828304,35.14511202823091,0.0880013505336831
jjas_z500,z500,fuxi,6,21.5,84.5,35,17.732077202881996,36.007064940703785,0.09560205656074651
jjas_z500,z500,fuxi,6,21.5,86.0,35,17.83601051548516,35.64264751936017,0.10144137528311904
jjas_z500,z500,fuxi,6,23.0,69.5,35,30.45051904615123,43.7321374328981,0.11328840972368762
jjas_z500,z500,fuxi,6,23.0,71.0,35,30.236660776991034,44.13884517106005,0.08690616503122377
jjas_z500,z500,fuxi,6,23.0,72.5,35,29.13653029008227,45.038717529755324,0.04918250014077538
jjas_z500,z500,fuxi,6,23.0,74.0,35,27.895409329002177,43.86152168982429,0.0592833410760638
jjas_z500,z500,fuxi,6,23.0,75.5,35,25.04997094273188,41.464279684991645,0.08767901191693649
jjas_z500,z500,fuxi,6,23.0,77.0,35,22.57467054771462,39.0189774122941,0.087081704296663
jjas_z500,z500,fuxi,6,23.0,78.5,35,21.80894801767798,38.561418005200274,0.08947351293600611
jjas_z500,z500,fuxi,6,23.0,80.0,35,19.885495535938258,36.86915539357967,0.07347749626312593
jjas_z500,z500,fuxi,6,23.0,81.5,35,18.726178783582274,36.313350092091405,0.06651259889784202
jjas_z500,z500,fuxi,6,23.0,83.0,35,17.189074124972805,35.18638062227904,0.04747216684521722
jjas_z500,z500,fuxi,6,23.0,84.5,35,17.777799944591372,35.8957861317035,0.05582315103325873
jjas_z500,z500,fuxi,6,23.0,86.0,35,17.653369006643178,35.64600192822115,0.07156566611166756
jjas_z500,z500,fuxi,6,23.0,87.5,35,21.11932384066032,39.09961605491167,0.08340593401541241
jjas_z500,z500,fuxi,6,24.5,72.5,35,28.062048688205376,44.59410437285173,0.04761634996871438
jjas_z500,z500,fuxi,6,24.5,74.0,35,28.07960642035258,44.209723933039776,0.04586160343927445
jjas_z500,z500,fuxi,6,24.5,75.5,35,26.42191781903387,42.97466020928733,0.04678473378611349
jjas_z500,z500,fuxi,6,24.5,77.0,35,23.658522637279123,39.92355574970377,0.04679858284759791
jjas_z500,z500,fuxi,6,24.5,78.5,35,22.455892712596558,38.71750959732122,0.041369475732175254
jjas_z500,z500,fuxi,6,24.5,80.0,35,19.78662998474065,36.20023644781001,0.019126415407547503
jjas_z500,z500,fuxi,6,24.5,81.5,35,18.94898476903992,35.21092502248689,0.005148230625570297
jjas_z500,z500,fuxi,6,24.5,83.0,35,16.62779451844677,33.90726553185395,-0.02099224919546674
jjas_z500,z500,fuxi,6,24.5,84.5,35,16.875455016778478,34.08591600786642,-0.013950688400750996
jjas_z500,z500,fuxi,6,24.5,86.0,35,15.248262619958794,33.16417083910659,0.02367235260846034
jjas_z500,z500,fuxi,6,24.5,87.5,35,15.869934976295683,34.45870251646385,0.06795375949144004
jjas_z500,z500,fuxi,6,24.5,93.5,35,16.646624755790747,37.60479932007834,0.01048087772465882
jjas_z500,z500,fuxi,6,26.0,71.0,35,30.26770667038288,47.19593855103821,0.0833890585294372
jjas_z500,z500,fuxi,6,26.0,72.5,35,29.013204722882072,47.67419871924157,0.038630403407348794
jjas_z500,z500,fuxi,6,26.0,74.0,35,29.732869801998252,47.31808815202618,0.026002390303093596
jjas_z500,z500,fuxi,6,26.0,75.5,35,28.737703485073144,46.51776111724058,6.605038286622251e-05
jjas_z500,z500,fuxi,6,26.0,77.0,35,25.858402757984603,42.98353952718565,-0.00020544213522664026
jjas_z500,z500,fuxi,6,26.0,78.5,35,24.134326051783916,40.387937782831294,-0.007774556321943106
jjas_z500,z500,fuxi,6,26.0,80.0,35,21.373272644756124,37.50238856947624,-0.025007986530258992
jjas_z500,z500,fuxi,6,26.0,81.5,35,20.69282464650088,36.26236417904033,-0.036473666918852926
jjas_z500,z500,fuxi,6,26.0,83.0,35,18.063387901823887,34.52716642151636,-0.045473456183548935
jjas_z500,z500,fuxi,6,26.0,84.5,35,17.474734199514128,33.91309813702487,-0.01580806252841708
jjas_z500,z500,fuxi,6,26.0,86.0,35,15.371434263909604,32.662426472905594,0.025639060348910895
jjas_z500,z500,fuxi,6,26.0,87.5,35,15.279307905121044,33.126668505790185,0.07966905115330955
jjas_z500,z500,fuxi,6,26.0,90.5,35,14.771269994878978,35.54523424968699,0.04058141752880759
jjas_z500,z500,fuxi,6,26.0,92.0,35,15.256785530118135,36.446103706915835,0.035481258894843805
jjas_z500,z500,fuxi,6,26.0,93.5,35,17.88532450088135,39.912215334923545,0.015584176520715202
jjas_z500,z500,fuxi,6,26.0,95.0,35,17.244587225569116,39.10346601073927,0.008834483973005436
jjas_z500,z500,fuxi,6,27.5,71.0,35,28.334080996791688,47.70586733301541,0.08016646009899786
jjas_z500,z500,fuxi,6,27.5,72.5,35,28.058031838837397,48.95464540960105,0.05145735620028761
jjas_z500,z500,fuxi,6,27.5,74.0,35,28.408229329882072,48.05609167237979,0.027559881820792907
jjas_z500,z500,fuxi,6,27.5,75.5,35,27.67294150200809,47.39474050391605,-0.021576143419483856
jjas_z500,z500,fuxi,6,27.5,77.0,35,23.73598387110508,42.994241064936894,-0.028075400672689838
jjas_z500,z500,fuxi,6,27.5,78.5,35,20.850320582423983,38.611557681721195,-0.04154594898675531
jjas_z500,z500,fuxi,6,27.5,80.0,35,18.625317704105406,36.07964321268246,-0.04620230956610493
jjas_z500,z500,fuxi,6,27.5,81.5,35,16.84522169719447,34.34540708753945,-0.04570646540479926
jjas_z500,z500,fuxi,6,27.5,92.0,35,15.736930650629438,35.772865949276195,0.0703752806304207
jjas_z500,z500,fuxi,6,27.5,93.5,35,17.7677075449778,39.67545555924936,0.04472805703753788
jjas_z500,z500,fuxi,6,27.5,95.0,35,16.932411457954522,38.62745667813721,0.03262796183802669
jjas_z500,z500,fuxi,6,27.5,96.5,35,17.973054269650103,40.94007219403082,0.010523128343121713
jjas_z500,z500,fuxi,6,29.0,74.0,35,31.404493413291128,52.562421685607916,0.049849263611428926
jjas_z500,z500,fuxi,6,29.0,75.5,35,29.941370347444067,51.11845526683163,-0.002952473641106058
jjas_z500,z500,fuxi,6,29.0,77.0,35,25.810412813712016,46.06580345070795,-0.012555658386719805
jjas_z500,z500,fuxi,6,29.0,78.5,35,21.762041749492994,40.64647582872562,-0.03587303739675813
jjas_z500,z500,fuxi,6,29.0,80.0,35,20.15093707857081,38.61800721599729,-0.029977590738114197
jjas_z500,z500,fuxi,6,29.0,95.0,35,20.278950091907298,43.00895537500802,0.05446400986644116
jjas_z500,z500,fuxi,6,30.5,74.0,35,32.982740705078506,55.802627804461686,0.07175648742170017
jjas_z500,z500,fuxi,6,30.5,75.5,35,29.06379146516847,51.527439113957335,0.04691979201272516
jjas_z500,z500,fuxi,6,30.5,77.0,35,26.842263589020487,47.27420712394102,0.043094214169005315
jjas_z500,z500,fuxi,6,30.5,78.5,35,22.80420193593873,42.215111286395555,0.016090321406940777
jjas_z500,z500,fuxi,6,30.5,80.0,35,21.157040110959677,40.372624787727936,0.028952225008522642
jjas_z500,z500,fuxi,6,32.0,75.5,35,30.72601208708641,55.66316429541399,0.09058596028765217
jjas_z500,z500,fuxi,6,32.0,77.0,35,30.193668734984175,52.19605094089833,0.08808791261600281
jjas_z500,z500,fuxi,6,32.0,78.5,35,26.369870174400525,47.60185257993066,0.06144937987462611
jjas_z500,z500,fuxi,6,33.5,74.0,35,32.08928243776024,58.698074135477015,0.11594791520928577
jjas_z500,z500,fuxi,6,33.5,75.5,35,31.2743204233524,56.084665113619685,0.1112780169069057
jjas_z500,z500,fuxi,6,33.5,77.0,35,29.397776524474907,52.690345359965995,0.1072311823619719
jjas_z500,z500,fuxi,6,33.5,78.5,35,26.272741379133446,50.05706256576399,0.08877447738449144
jjas_z500,z500,fuxi,6,35.0,75.5,35,35.7686664304998,61.230123769810284,0.12228248213904218
jjas_z500,z500,fuxi,6,35.0,77.0,35,30.77221383900708,56.512649051914885,0.12306217638976276
jjas_z500,z500,fuxi,6,35.0,78.5,35,27.76648046854877,55.68444241803662,0.09875770334403011
jjas_z500,z500,fuxi,6,35.0,80.0,35,27.0330890741627,53.73655183076735,0.07813364072803569
jjas_z500,z500,fuxi,6,36.5,74.0,35,31.61964196401797,61.8136121195208,0.10602475945463326
jjas_z500,z500,fuxi,6,36.5,75.5,35,35.00820307914601,63.960848266575155,0.10992286411336351
jjas_z500,z500,mme,1,9.5,77.0,35,-11.190287386689851,11.499675567684916,0.9124864120416386
jjas_z500,z500,mme,1,9.5,78.5,35,-10.905341703419591,11.271196760343203,0.8989469248506843
jjas_z500,z500,mme,1,11.0,77.0,35,-10.7011799333483,11.032742609118147,0.921927748623875
jjas_z500,z500,mme,1,11.0,78.5,35,-10.46111683040677,10.848288111745854,0.9133262312999066
jjas_z500,z500,mme,1,12.5,75.5,35,-10.212969981714533,10.573089026728454,0.9287793433479767
jjas_z500,z500,mme,1,12.5,77.0,35,-10.075042636886922,10.444006127341828,0.9329401407547443
jjas_z500,z500,mme,1,12.5,78.5,35,-9.875918724596184,10.29420019475681,0.9300986430775303
jjas_z500,z500,mme,1,12.5,80.0,35,-9.842345855958879,10.305728301493186,0.9291370164063453
jjas_z500,z500,mme,1,14.0,75.5,35,-9.548646968094156,9.985051462472978,0.9360828825914056
jjas_z500,z500,mme,1,14.0,77.0,35,-9.408628372521862,9.838881384160603,0.9436975736386969
jjas_z500,z500,mme,1,14.0,78.5,35,-9.173913840093363,9.657718652240098,0.9443794419710029
jjas_z500,z500,mme,1,14.0,80.0,35,-9.141143835858955,9.684722598934913,0.9429161684483598
jjas_z500,z500,mme,1,15.5,74.0,35,-8.666564882214905,9.2771318646293,0.9316228540467798
jjas_z500,z500,mme,1,15.5,75.5,35,-8.707633849057986,9.267385048413455,0.9427344864901438
jjas_z500,z500,mme,1,15.5,77.0,35,-8.568285160876908,9.142424612089373,0.949110762335259
jjas_z500,z500,mme,1,15.5,78.5,35,-8.422613534397845,9.066024779785492,0.950498960739554
jjas_z500,z500,mme,1,15.5,80.0,35,-8.535223666548648,9.232070854945944,0.9500969138536964
jjas_z500,z500,mme,1,17.0,74.0,35,-7.821200322268383,8.638387332377958,0.9354515271245049
jjas_z500,z500,mme,1,17.0,75.5,35,-7.849947484241446,8.672580295209176,0.9408831888580581
jjas_z500,z500,mme,1,17.0,77.0,35,-7.740364097810535,8.636499570264236,0.945168444958273
jjas_z500,z500,mme,1,17.0,78.5,35,-7.53443775495416,8.53862092149954,0.9472412817526477
jjas_z500,z500,mme,1,17.0,80.0,35,-7.628936272619285,8.69885903472673,0.9487690027467965
jjas_z500,z500,mme,1,17.0,81.5,35,-7.555836317861966,8.735582775074771,0.9476655632056323
jjas_z500,z500,mme,1,18.5,74.0,35,-7.269704338555961,8.330092690552423,0.9342618282214807
jjas_z500,z500,mme,1,18.5,75.5,35,-7.160226860569128,8.262428933822218,0.9397544244809195
jjas_z500,z500,mme,1,18.5,77.0,35,-7.03386416738527,8.24603576411688,0.943196904520943
jjas_z500,z500,mme,1,18.5,78.5,35,-6.898139487803123,8.29901130327831,0.9432269135468626
jjas_z500,z500,mme,1,18.5,80.0,35,-7.095633549178456,8.609392317625769,0.9434151005644259
jjas_z500,z500,mme,1,18.5,81.5,35,-7.032382550476255,8.643692961727337,0.9451527183728592
jjas_z500,z500,mme,1,18.5,83.0,35,-6.712384530373207,8.461894960991327,0.9446496514546927
jjas_z500,z500,mme,1,20.0,74.0,35,-6.545146176605522,7.756050454687213,0.936184722773816
jjas_z500,z500,mme,1,20.0,75.5,35,-6.519988649024812,7.751111668866113,0.9433307669082466
jjas_z500,z500,mme,1,20.0,77.0,35,-6.505302273706391,7.879627310513038,0.9450095191466754
jjas_z500,z500,mme,1,20.0,78.5,35,-6.35378759117162,8.015895971806646,0.9419770715349517
jjas_z500,z500,mme,1,20.0,80.0,35,-6.462654529065211,8.30824807220138,0.9405567076049283
jjas_z500,z500,mme,1,20.0,81.5,35,-6.381113826325028,8.30877445435974,0.9438594130599621
jjas_z500,z500,mme,1,20.0,83.0,35,-6.099024731792711,8.11895540311086,0.9455670977418483
jjas_z500,z500,mme,1,20.0,84.5,35,-5.575791482832834,7.774005063046593,0.9439967871681272
jjas_z500,z500,mme,1,20.0,86.0,35,-5.20173352696238,7.548559679966645,0.9407033524035118
jjas_z500,z500,mme,1,21.5,71.0,35,-5.818195190244166,7.528953404414916,0.8899282194104413
jjas_z500,z500,mme,1,21.5,74.0,35,-6.133505857623614,7.3397770322170315,0.9395617997606823
jjas_z500,z500,mme,1,21.5,75.5,35,-6.0567589699517805,7.350986919794977,0.9435875292681681
jjas_z500,z500,mme,1,21.5,77.0,35,-6.017167774911572,7.506382954750065,0.9426037080568623
jjas_z500,z500,mme,1,21.5,78.5,35,-6.003201104109835,7.69473442736905,0.9420247607467409
jjas_z500,z500,mme,1,21.5,80.0,35,-6.18156573663764,7.999418180746858,0.9421966862696879
jjas_z500,z500,mme,1,21.5,81.5,35,-6.163605619313603,8.059976788968314,0.9452050421311924
jjas_z500,z500,mme,1,21.5,83.0,35,-5.939610338226183,7.913719545663996,0.9468532006394839
jjas_z500,z500,mme,1,21.5,84.5,35,-5.529828455806325,7.69584348798428,0.9440197421177203
jjas_z500,z500,mme,1,21.5,86.0,35,-5.2598324759962845,7.471735406925498,0.9426275742309991
jjas_z500,z500,mme,1,23.0,69.5,35,-6.132696958935724,7.697158307388355,0.8800375090873516
jjas_z500,z500,mme,1,23.0,71.0,35,-5.772102678048188,7.239763857595253,0.9001044722417032
jjas_z500,z500,mme,1,23.0,72.5,35,-5.568498608368463,6.837991840692026,0.9253287400571429
jjas_z500,z500,mme,1,23.0,74.0,35,-5.5022554117162406,6.723409899750682,0.939032096716524
jjas_z500,z500,mme,1,23.0,75.5,35,-5.433146703879564,6.75037732287585,0.943210567526458
jjas_z500,z500,mme,1,23.0,77.0,35,-5.553039471354064,7.01233386120649,0.9422275276398007
jjas_z500,z500,mme,1,23.0,78.5,35,-5.643012741980056,7.221371529113512,0.943048154327229
jjas_z500,z500,mme,1,23.0,80.0,35,-5.818891116118539,7.4797825163339935,0.9438577794251644
jjas_z500,z500,mme,1,23.0,81.5,35,-5.959098620990127,7.705996888090766,0.9439976014367326
jjas_z500,z500,mme,1,23.0,83.0,35,-5.959954844909148,7.78994518067596,0.9433294969030308
jjas_z500,z500,mme,1,23.0,84.5,35,-5.824453684063779,7.744300196032957,0.9411251091755859
jjas_z500,z500,mme,1,23.0,86.0,35,-5.748212159305434,7.638066516155086,0.9390824559353075
jjas_z500,z500,mme,1,23.0,87.5,35,-5.514227599816721,7.402599072889029,0.9352075990298656
jjas_z500,z500,mme,1,24.5,72.5,35,-5.862199631518134,6.991379061137577,0.9267960044355149
jjas_z500,z500,mme,1,24.5,74.0,35,-5.637432637003726,6.794005083265238,0.9333929202014777
jjas_z500,z500,mme,1,24.5,75.5,35,-5.314691421183592,6.571472202271221,0.9382316569841755
jjas_z500,z500,mme,1,24.5,77.0,35,-5.34213034137899,6.673026253030566,0.9396410435561962
jjas_z500,z500,mme,1,24.5,78.5,35,-5.579002507329226,6.937385159962223,0.9407317298743516
jjas_z500,z500,mme,1,24.5,80.0,35,-6.069968693149843,7.391839233826669,0.9433353708807397
jjas_z500,z500,mme,1,24.5,81.5,35,-6.220660885658981,7.651038611640497,0.9418322761740748
jjas_z500,z500,mme,1,24.5,83.0,35,-6.032095843750124,7.647057530195275,0.9384694587601757
jjas_z500,z500,mme,1,24.5,84.5,35,-5.73871385748046,7.481612083154111,0.9346216916872716
jjas_z500,z500,mme,1,24.5,86.0,35,-5.796949054517556,7.462315961161648,0.9321342933396038
jjas_z500,z500,mme,1,24.5,87.5,35,-5.8139276322955995,7.503898090806911,0.9236070721061492
jjas_z500,z500,mme,1,24.5,93.5,35,-4.949345696243056,6.415523815895917,0.904052044153173
jjas_z500,z500,mme,1,26.0,71.0,35,-6.161151675582603,7.174223556108515,0.9415271760249689
jjas_z500,z500,mme,1,26.0,72.5,35,-5.760116464232747,6.8792171289095485,0.9355074705180905
jjas_z500,z500,mme,1,26.0,74.0,35,-5.4885922076991065,6.6844872556063955,0.9330671817544108
jjas_z500,z500,mme,1,26.0,75.5,35,-5.326438644190732,6.54117732980069,0.9359202557529024
jjas_z500,z500,mme,1,26.0,77.0,35,-5.38127866239946,6.615794070564292,0.935371986314065
jjas_z500,z500,mme,1,26.0,78.5,35,-5.526701088267587,6.73687417799475,0.9368998301641359
jjas_z500,z500,mme,1,26.0,80.0,35,-5.923106829191836,7.072914480152058,0.9399808690902691
jjas_z500,z500,mme,1,26.0,81.5,35,-6.079215622555447,7.311489091558433,0.9397658608605249
jjas_z500,z500,mme,1,26.0,83.0,35,-6.0838065238609484,7.535898858029183,0.9341942202805245
jjas_z500,z500,mme,1,26.0,84.5,35,-5.999183547907862,7.652749201168879,0.924967293581404
jjas_z500,z500,mme,1,26.0,86.0,35,-6.229338836442288,7.8080890593038275,0.9204295726394903
jjas_z500,z500,mme,1,26.0,87.5,35,-6.299602183663696,7.874620540839996,0.9133646069720163
jjas_z500,z500,mme,1,26.0,90.5,35,-6.097111707717445,7.606506869242971,0.9086926842383267
jjas_z500,z500,mme,1,26.0,92.0,35,-5.7387885448096965,7.20919744275229,0.9080403021448111
jjas_z500,z500,mme,1,26.0,93.5,35,-5.238036238809218,6.702776525981717,0.9052309832917164
jjas_z500,z500,mme,1,26.0,95.0,35,-4.86192158618695,6.235916897362407,0.9050616749600843
jjas_z500,z500,mme,1,27.5,71.0,35,-5.7317309417040505,6.9288632854582675,0.9529504952269474
jjas_z500,z500,mme,1,27.5,72.5,35,-5.735491383848109,6.936325272466673,0.9481384732085268
jjas_z500,z500,mme,1,27.5,74.0,35,-5.878184625619048,7.052840261089824,0.9447168321270264
jjas_z500,z500,mme,1,27.5,75.5,35,-5.685008015944004,6.845856182290157,0.9440726025639222
jjas_z500,z500,mme,1,27.5,77.0,35,-5.395490162782335,6.69989614395738,0.9370078343035555
jjas_z500,z500,mme,1,27.5,78.5,35,-5.497257384498543,6.801261583223962,0.9367206147366935
jjas_z500,z500,mme,1,27.5,80.0,35,-6.108626651845017,7.3119678539810655,0.938643169921086
jjas_z500,z500,mme,1,27.5,81.5,35,-6.329214100275463,7.590321998709568,0.9367538258282692
jjas_z500,z500,mme,1,27.5,92.0,35,-5.348965640659299,7.167721535733615,0.9118982515031195
jjas_z500,z500,mme,1,27.5,93.5,35,-4.652796345511057,6.491483845162088,0.914290845691228
jjas_z500,z500,mme,1,27.5,95.0,35,-4.479000464974368,6.106304985297814,0.9175291575116314
jjas_z500,z500,mme,1,27.5,96.5,35,-4.694316961585693,6.099130770567504,0.919234331808123
jjas_z500,z500,mme,1,29.0,74.0,35,-5.130708722715385,6.655001989237118,0.9525919161192682
jjas_z500,z500,mme,1,29.0,75.5,35,-5.275663064231049,6.748310261459446,0.949642887544314
jjas_z500,z500,mme,1,29.0,77.0,35,-5.354958543997262,7.018543970893554,0.939526417435362
jjas_z500,z500,mme,1,29.0,78.5,35,-5.5284154650480035,7.215631603464856,0.936931036308119
jjas_z500,z500,mme,1,29.0,80.0,35,-5.7064400648418605,7.396469719630366,0.9361707705390205
jjas_z500,z500,mme,1,29.0,95.0,35,-4.220767824774053,6.42532536088983,0.9173380088430958
jjas_z500,z500,mme,1,30.5,74.0,35,-4.6605649686651045,6.783142307910024,0.9515074053952176
jjas_z500,z500,mme,1,30.5,75.5,35,-4.7899326977279735,6.87504510651388,0.9489737602908549
jjas_z500,z500,mme,1,30.5,77.0,35,-4.642669001080815,6.981825178164192,0.9411001891363723
jjas_z500,z500,mme,1,30.5,78.5,35,-4.963048704872043,7.286743793929218,0.9367502751589397
jjas_z500,z500,mme,1,30.5,80.0,35,-5.12125928382858,7.470048724448188,0.9338979442725696
jjas_z500,z500,mme,1,32.0,75.5,35,-3.8982231653281945,6.88258989473731,0.9443804754389257
jjas_z500,z500,mme,1,32.0,77.0,35,-4.112903892617188,7.1377998249309975,0.9397209067367479
jjas_z500,z500,mme,1,32.0,78.5,35,-3.6111054685412456,6.9440280613446905,0.9381288475429181
jjas_z500,z500,mme,1,33.5,74.0,35,-3.7656732764043874,7.504217641988641,0.9397670192097408
jjas_z500,z500,mme,1,33.5,75.5,35,-3.921622938661598,7.441158912654954,0.9402858643304673
jjas_z500,z500,mme,1,33.5,77.0,35,-3.0999516452717994,7.145096336953125,0.9380377706456953
jjas_z500,z500,mme,1,33.5,78.5,35,-2.2116720738365205,6.776398890704869,0.9391998664738878
jjas_z500,z500,mme,1,35.0,75.5,35,-3.3005144761928285,7.455542869866557,0.9443239278491277
jjas_z500,z500,mme,1,35.0,77.0,35,-3.4030230093338365,7.512037912763259,0.9425869707956701
jjas_z500,z500,mme,1,35.0,78.5,35,-2.3294538940183753,7.05463474956518,0.9451182762366922
jjas_z500,z500,mme,1,35.0,80.0,35,-1.4489557320636908,6.851198782671484,0.9449538516223354
jjas_z500,z500,mme,1,36.5,74.0,35,-4.5916132011745505,8.589132578708437,0.9496719056924975
jjas_z500,z500,mme,1,36.5,75.5,35,-3.38907174942251,7.934471165791975,0.9491852824632588
jjas_z500,z500,mme,2,9.5,77.0,35,-9.269270669320004,10.854176641762486,0.5937361913193923
jjas_z500,z500,mme,2,9.5,78.5,35,-8.65378642370558,10.432874805291155,0.5687335776256324
jjas_z500,z500,mme,2,11.0,77.0,35,-8.304779794265544,10.17360697324807,0.589822743426006
jjas_z500,z500,mme,2,11.0,78.5,35,-7.690319705536681,9.7818575054271,0.5718627131197143
jjas_z500,z500,mme,2,12.5,75.5,35,-7.450896449110223,9.649968432337927,0.6064368883334916
jjas_z500,z500,mme,2,12.5,77.0,35,-7.120710979983467,9.41966647789644,0.6124525916108671
jjas_z500,z500,mme,2,12.5,78.5,35,-6.566489314497474,9.162515127507081,0.6024460326708619
jjas_z500,z500,mme,2,12.5,80.0,35,-6.482146277239502,9.222634423762976,0.601652301612619
jjas_z500,z500,mme,2,14.0,75.5,35,-6.241559079677868,9.04415162030498,0.6394042698019663
jjas_z500,z500,mme,2,14.0,77.0,35,-5.933784688307242,8.912510953324219,0.6507108611782506
jjas_z500,z500,mme,2,14.0,78.5,35,-5.285512077549174,8.75992412640873,0.6475310058376403
jjas_z500,z500,mme,2,14.0,80.0,35,-5.167739153642573,8.985379527759113,0.6330535043907263
jjas_z500,z500,mme,2,15.5,74.0,35,-5.099699861949038,8.63247007879449,0.660759266023432
jjas_z500,z500,mme,2,15.5,75.5,35,-5.022060322044048,8.630773188324017,0.6792097742482462
jjas_z500,z500,mme,2,15.5,77.0,35,-4.775872638339569,8.707503482115651,0.6893435994024235
jjas_z500,z500,mme,2,15.5,78.5,35,-4.204452204848661,8.846929218123742,0.6825865457274105
jjas_z500,z500,mme,2,15.5,80.0,35,-4.224256067076671,9.326684565413307,0.6642953128179722
jjas_z500,z500,mme,2,17.0,74.0,35,-3.9598547331946974,8.514189420939589,0.6839955511364232
jjas_z500,z500,mme,2,17.0,75.5,35,-3.9041672570946893,8.62744961905756,0.6979527404739941
jjas_z500,z500,mme,2,17.0,77.0,35,-3.73898480238461,8.938550007230274,0.7050358281696689
jjas_z500,z500,mme,2,17.0,78.5,35,-3.1338751984639592,9.308048304405842,0.6922564097186531
jjas_z500,z500,mme,2,17.0,80.0,35,-3.15473199654238,9.918167294492052,0.6766366711794145
jjas_z500,z500,mme,2,17.0,81.5,35,-2.8968018182350925,10.548108119899085,0.6516659195990326
jjas_z500,z500,mme,2,18.5,74.0,35,-3.365818801743314,8.819869958883816,0.6835510839772891
jjas_z500,z500,mme,2,18.5,75.5,35,-3.210559099971241,8.935532640029873,0.699455560563292
jjas_z500,z500,mme,2,18.5,77.0,35,-3.107248616667649,9.353922083520297,0.7032614678576914
jjas_z500,z500,mme,2,18.5,78.5,35,-2.6791875182218843,9.946032067853604,0.6886160577605968
jjas_z500,z500,mme,2,18.5,80.0,35,-2.8497365846814966,10.637402590471575,0.6759000700383179
jjas_z500,z500,mme,2,18.5,81.5,35,-2.675242247656258,11.23767369457155,0.6619225434756282
jjas_z500,z500,mme,2,18.5,83.0,35,-2.6270969768195886,11.576690994877735,0.6577531156038028
jjas_z500,z500,mme,2,20.0,74.0,35,-2.5793668846799847,9.062070610860209,0.6628861633405894
jjas_z500,z500,mme,2,20.0,75.5,35,-2.6018448026692047,9.216823775358558,0.6821109274757722
jjas_z500,z500,mme,2,20.0,77.0,35,-2.7020504407790473,9.673069551964081,0.6877920459803282
jjas_z500,z500,mme,2,20.0,78.5,35,-2.410741395553565,10.311056290299089,0.6765410531730377
jjas_z500,z500,mme,2,20.0,80.0,35,-2.5402874608590666,11.015337861053776,0.665803976990755
jjas_z500,z500,mme,2,20.0,81.5,35,-2.399026942945654,11.604743480202167,0.6561508803552268
jjas_z500,z500,mme,2,20.0,83.0,35,-2.4218324572537573,11.920435022749798,0.6546951201793471
jjas_z500,z500,mme,2,20.0,84.5,35,-2.077731417413114,12.213160853426574,0.6416911497930933
jjas_z500,z500,mme,2,20.0,86.0,35,-2.1851617128074525,12.380670813477723,0.6305387866492785
jjas_z500,z500,mme,2,21.5,71.0,35,-1.0620767379131524,9.322555449480864,0.5499168598342403
jjas_z500,z500,mme,2,21.5,74.0,35,-2.1559389478498425,9.274162919030534,0.6328135051485403
jjas_z500,z500,mme,2,21.5,75.5,35,-2.3460246683332504,9.38275421603128,0.6577155745651556
jjas_z500,z500,mme,2,21.5,77.0,35,-2.527290807751186,9.704911475109105,0.6693622479531421
jjas_z500,z500,mme,2,21.5,78.5,35,-2.5036422627500934,10.193587648550274,0.6692775673111379
jjas_z500,z500,mme,2,21.5,80.0,35,-2.8352248345531343,10.818580229273923,0.6647371989198714
jjas_z500,z500,mme,2,21.5,81.5,35,-2.8796096667675686,11.391930299238044,0.6572667168721084
jjas_z500,z500,mme,2,21.5,83.0,35,-2.9702584140329105,11.713796821992245,0.6574731670428423
jjas_z500,z500,mme,2,21.5,84.5,35,-2.731775591270629,11.998236032891471,0.6443112649866053
jjas_z500,z500,mme,2,21.5,86.0,35,-2.844431075241534,12.128359574336292,0.633095275261928
jjas_z500,z500,mme,2,23.0,69.5,35,-1.0150606609794393,10.419783274905946,0.39935801556195766
jjas_z500,z500,mme,2,23.0,71.0,35,-1.031542768723505,9.956935162739542,0.46746628283196917
jjas_z500,z500,mme,2,23.0,72.5,35,-1.0976023431321924,9.728162208450602,0.523057035536817
jjas_z500,z500,mme,2,23.0,74.0,35,-1.387607517906872,9.589461215084365,0.5667884802117046
jjas_z500,z500,mme,2,23.0,75.5,35,-1.7100573483021435,9.468472379690814,0.6099994743694929
jjas_z500,z500,mme,2,23.0,77.0,35,-2.1644639140933317,9.655864151260468,0.6277867128108423
jjas_z500,z500,mme,2,23.0,78.5,35,-2.3888681528895437,9.963516625775867,0.6389137513836127
jjas_z500,z500,mme,2,23.0,80.0,35,-2.854783208044734,10.337117390834273,0.6476816400618789
jjas_z500,z500,mme,2,23.0,81.5,35,-3.218357752905104,10.831809975571998,0.6452235879919165
jjas_z500,z500,mme,2,23.0,83.0,35,-3.545617574933567,11.254533493490797,0.6414827463932968
jjas_z500,z500,mme,2,23.0,84.5,35,-3.5244303013084,11.521190552765216,0.6297662695813644
jjas_z500,z500,mme,2,23.0,86.0,35,-3.724104601169269,11.67058723184668,0.6125733988723167
jjas_z500,z500,mme,2,23.0,87.5,35,-3.561068175191368,11.802652837748894,0.5729748760324441
jjas_z500,z500,mme,2,24.5,72.5,35,-1.7725303431268655,10.760182806918719,0.3970641766945303
jjas_z500,z500,mme,2,24.5,74.0,35,-1.787798111067111,10.33096757429732,0.4566304292475785
jjas_z500,z500,mme,2,24.5,75.5,35,-1.7815393937956157,9.964585788752482,0.5119810616825513
jjas_z500,z500,mme,2,24.5,77.0,35,-2.2482144833937645,9.839144813295393,0.544851488711537
jjas_z500,z500,mme,2,24.5,78.5,35,-2.7925534129430942,9.886412218536524,0.5756590322253772
jjas_z500,z500,mme,2,24.5,80.0,35,-3.678828234465696,10.201318935828928,0.5971506708733405
jjas_z500,z500,mme,2,24.5,81.5,35,-4.0943182420360245,10.60800613437712,0.6050420778505244
jjas_z500,z500,mme,2,24.5,83.0,35,-4.217463132580061,10.983410027974793,0.6002379185309595
jjas_z500,z500,mme,2,24.5,84.5,35,-3.9882219544712956,11.103395469500947,0.5857795025975395
jjas_z500,z500,mme,2,24.5,86.0,35,-4.302776116066707,11.23799984917768,0.5665473945220916
jjas_z500,z500,mme,2,24.5,87.5,35,-4.364517416501205,11.344765971361952,0.5344059407077492
jjas_z500,z500,mme,2,24.5,93.5,35,-3.8086725653261704,9.67973424966878,0.4742917808307612
jjas_z500,z500,mme,2,26.0,71.0,35,-2.544517276568201,12.851465948504138,0.2300251558501098
jjas_z500,z500,mme,2,26.0,72.5,35,-2.175739515533912,12.359179635802198,0.2581768449183301
jjas_z500,z500,mme,2,26.0,74.0,35,-2.029838538119397,11.637028643178144,0.31260598010342683
jjas_z500,z500,mme,2,26.0,75.5,35,-2.1247483682307573,11.027845019533434,0.37494879151003346
jjas_z500,z500,mme,2,26.0,77.0,35,-2.6665601409322854,10.560487051816162,0.42595185620691045
jjas_z500,z500,mme,2,26.0,78.5,35,-3.193403878959959,10.2169490175486,0.4807800063161605
jjas_z500,z500,mme,2,26.0,80.0,35,-4.005133246480468,10.30603653068615,0.5140131949271277
jjas_z500,z500,mme,2,26.0,81.5,35,-4.41537545846599,10.614717575232062,0.5376714678817732
jjas_z500,z500,mme,2,26.0,83.0,35,-4.676306202244164,11.140514284143553,0.5381349847535916
jjas_z500,z500,mme,2,26.0,84.5,35,-4.681963506587557,11.354279163439008,0.5308229354964111
jjas_z500,z500,mme,2,26.0,86.0,35,-5.147119010332972,11.405562637273057,0.5258709416290824
jjas_z500,z500,mme,2,26.0,87.5,35,-5.188536706312906,11.321360850060472,0.5141043782859684
jjas_z500,z500,mme,2,26.0,90.5,35,-5.089785835687612,10.927794239669243,0.5020469750124789
jjas_z500,z500,mme,2,26.0,92.0,35,-4.75424068436223,10.502883859746388,0.49604431410832833
jjas_z500,z500,mme,2,26.0,93.5,35,-4.120392984473022,9.944805173052044,0.4838494336152267
jjas_z500,z500,mme,2,26.0,95.0,35,-3.8878261380086507,9.271865422499236,0.49722681703104654
jjas_z500,z500,mme,2,27.5,71.0,35,-3.1570990310050546,14.908218296233311,0.16237387494967923
jjas_z500,z500,mme,2,27.5,72.5,35,-3.0557116348904465,14.295221025528953,0.1774420003613573
jjas_z500,z500,mme,2,27.5,74.0,35,-3.249580833226277,13.364981127267631,0.22908518099539998
jjas_z500,z500,mme,2,27.5,75.5,35,-3.2314662483918646,12.387728214697615,0.30346247761234507
jjas_z500,z500,mme,2,27.5,77.0,35,-3.3946548437786466,11.617268482321034,0.36613979548423475
jjas_z500,z500,mme,2,27.5,78.5,35,-3.834768175211814,11.09921732081756,0.4306945372252827
jjas_z500,z500,mme,2,27.5,80.0,35,-4.780846995285303,11.16692276324653,0.4726821585528245
jjas_z500,z500,mme,2,27.5,81.5,35,-5.269557875545772,11.429728153830615,0.49777215538031433
jjas_z500,z500,mme,2,27.5,92.0,35,-4.590941397253379,10.888167056368816,0.5429732166567406
jjas_z500,z500,mme,2,27.5,93.5,35,-3.722841313855627,10.345468576639535,0.534516618238865
jjas_z500,z500,mme,2,27.5,95.0,35,-3.7099795779779017,9.73062197061503,0.5428584437505025
jjas_z500,z500,mme,2,27.5,96.5,35,-3.7998761659883584,9.581633683947562,0.5216901080296672
jjas_z500,z500,mme,2,29.0,74.0,35,-3.135810934924874,15.089521757476998,0.22980400940878265
jjas_z500,z500,mme,2,29.0,75.5,35,-3.317366486977958,13.980400560226101,0.3089842345665712
jjas_z500,z500,mme,2,29.0,77.0,35,-3.70541693809911,13.091406728805357,0.38451917499807486
jjas_z500,z500,mme,2,29.0,78.5,35,-4.1732290309196935,12.538788472968703,0.4471137583333927
jjas_z500,z500,mme,2,29.0,80.0,35,-4.562735094065335,12.372489379472578,0.48483037414893315
jjas_z500,z500,mme,2,29.0,95.0,35,-3.261615327144084,10.84290368142432,0.5500098983490094
jjas_z500,z500,mme,2,30.5,74.0,35,-3.1321517444371114,17.053624904998877,0.2352118918709235
jjas_z500,z500,mme,2,30.5,75.5,35,-3.185838473296488,15.824410573429176,0.32582001788680265
jjas_z500,z500,mme,2,30.5,77.0,35,-3.124121590267116,14.69295911595118,0.40497042081861345
jjas_z500,z500,mme,2,30.5,78.5,35,-3.7222219318584915,14.079037450548734,0.456741774815341
jjas_z500,z500,mme,2,30.5,80.0,35,-4.012587023408014,13.929950687938119,0.4780874770575953
jjas_z500,z500,mme,2,32.0,75.5,35,-2.2753285900750204,17.393694415686316,0.3140799924582982
jjas_z500,z500,mme,2,32.0,77.0,35,-2.4398795027291533,16.28978326651867,0.3864880374495621
jjas_z500,z500,mme,2,32.0,78.5,35,-2.1968601642990637,15.594257923845927,0.4407499387914651
jjas_z500,z500,mme,2,33.5,74.0,35,-2.7282257639999443,19.65918968016592,0.26103530635208216
jjas_z500,z500,mme,2,33.5,75.5,35,-2.533865518167191,18.416703495280654,0.3223533346416859
jjas_z500,z500,mme,2,33.5,77.0,35,-1.7411171766557998,17.42618628572882,0.3892427260332714
jjas_z500,z500,mme,2,33.5,78.5,35,-1.031189047800217,16.891786041463597,0.42874563927156645
jjas_z500,z500,mme,2,35.0,75.5,35,-1.651473959187933,19.301506589460164,0.36404406147099794
jjas_z500,z500,mme,2,35.0,77.0,35,-1.9667050868806528,18.592737029596414,0.40279000961127104
jjas_z500,z500,mme,2,35.0,78.5,35,-1.0666017139352855,18.0799698916745,0.45724357018675005
jjas_z500,z500,mme,2,35.0,80.0,35,-0.14060736244448754,17.7713688505735,0.47851435130627445
jjas_z500,z500,mme,2,36.5,74.0,35,-2.9490686162040998,21.37081677207513,0.41506554555548353
jjas_z500,z500,mme,2,36.5,75.5,35,-1.3643849361061127,20.47740522703734,0.4378673393863847
jjas_z500,z500,mme,3,9.5,77.0,35,-9.360306881441934,11.669302770070354,0.36626999002748056
jjas_z500,z500,mme,3,9.5,78.5,35,-8.753584061831836,11.240199256593925,0.3546690569539634
jjas_z500,z500,mme,3,11.0,77.0,35,-8.5988534761369,11.386036986972158,0.30603565856419984
jjas_z500,z500,mme,3,11.0,78.5,35,-7.965059752728121,10.963863901423856,0.3042253147678463
jjas_z500,z500,mme,3,12.5,75.5,35,-7.8183496451781265,11.384177505554606,0.25976415583076357
jjas_z500,z500,mme,3,12.5,77.0,35,-7.57495738068171,11.116258787931587,0.2722392014063575
jjas_z500,z500,mme,3,12.5,78.5,35,-7.01837813255861,10.861551887811855,0.27759823886130613
jjas_z500,z500,mme,3,12.5,80.0,35,-7.252426173250881,11.110549678837115,0.2915003965180784
jjas_z500,z500,mme,3,14.0,75.5,35,-6.621165455766692,11.425573493959039,0.23924422502884082
jjas_z500,z500,mme,3,14.0,77.0,35,-6.426330353264685,11.29980154411862,0.25810054602029486
jjas_z500,z500,mme,3,14.0,78.5,35,-5.769450447469327,11.200584303101909,0.26283135855849865
jjas_z500,z500,mme,3,14.0,80.0,35,-5.940026749771823,11.48013059462904,0.2669765228164693
jjas_z500,z500,mme,3,15.5,74.0,35,-5.186756488147616,11.565693627262602,0.24001974464738887
jjas_z500,z500,mme,3,15.5,75.5,35,-5.336694196629625,11.709175436042598,0.2439651949309742
jjas_z500,z500,mme,3,15.5,77.0,35,-5.232577136224375,11.908578688006596,0.25584721716877157
jjas_z500,z500,mme,3,15.5,78.5,35,-4.645162946527931,12.102604603872287,0.25851431502157357
jjas_z500,z500,mme,3,15.5,80.0,35,-4.925961044215936,12.52525488184514,0.2619410122610496
jjas_z500,z500,mme,3,17.0,74.0,35,-3.881028651427914,12.100962233010277,0.2419161781682594
jjas_z500,z500,mme,3,17.0,75.5,35,-4.017166724556747,12.391315846307275,0.24268861342303436
jjas_z500,z500,mme,3,17.0,77.0,35,-3.9964750176517034,12.834743865607027,0.2507089370890467
jjas_z500,z500,mme,3,17.0,78.5,35,-3.3575568713126422,13.213998715165353,0.24917519892144535
jjas_z500,z500,mme,3,17.0,80.0,35,-3.6121544381538375,13.787464690197925,0.24578162269155318
jjas_z500,z500,mme,3,17.0,81.5,35,-3.505789698612768,14.413894891496906,0.24126934587186374
jjas_z500,z500,mme,3,18.5,74.0,35,-3.184077646629833,12.92784402108575,0.2224949316975272
jjas_z500,z500,mme,3,18.5,75.5,35,-3.1618341280701188,13.293783818423591,0.21925866880076245
jjas_z500,z500,mme,3,18.5,77.0,35,-3.216607405407688,13.799362032348217,0.22089713139241815
jjas_z500,z500,mme,3,18.5,78.5,35,-2.7799809162588907,14.427328067114802,0.209374985015475
jjas_z500,z500,mme,3,18.5,80.0,35,-3.1175028124337194,15.022481494485294,0.2045209251759978
jjas_z500,z500,mme,3,18.5,81.5,35,-3.0726913566951097,15.581663921683479,0.21177984281785095
jjas_z500,z500,mme,3,18.5,83.0,35,-3.26097717271228,15.936960380626148,0.22473831122428053
jjas_z500,z500,mme,3,20.0,74.0,35,-2.194672444081776,13.607292991963826,0.18442877277583444
jjas_z500,z500,mme,3,20.0,75.5,35,-2.336739791411258,14.097788317455,0.16867799081709006
jjas_z500,z500,mme,3,20.0,77.0,35,-2.611443308583434,14.634866757183168,0.16348698556993424
jjas_z500,z500,mme,3,20.0,78.5,35,-2.3590216912447173,15.308497159287732,0.15557926155575932
jjas_z500,z500,mme,3,20.0,80.0,35,-2.585296576333037,15.906173991483598,0.14901181316883952
jjas_z500,z500,mme,3,20.0,81.5,35,-2.531794161678018,16.442893868530902,0.1610181481804151
jjas_z500,z500,mme,3,20.0,83.0,35,-2.7967418011038587,16.7724590992016,0.1747555329477592
jjas_z500,z500,mme,3,20.0,84.5,35,-2.5210787329811866,17.123088562777724,0.17631329056516828
jjas_z500,z500,mme,3,20.0,86.0,35,-2.8314972216705168,17.30976834063795,0.1613164611654571
jjas_z500,z500,mme,3,21.5,71.0,35,-0.30510047394605594,12.830407278001386,0.18638640499634104
jjas_z500,z500,mme,3,21.5,74.0,35,-1.6360763999495507,14.003413223696292,0.14090232842757935
jjas_z500,z500,mme,3,21.5,75.5,35,-2.0558647902050193,14.538486644993167,0.11306057276539519
jjas_z500,z500,mme,3,21.5,77.0,35,-2.4440138187423663,15.003318021050113,0.09892077591830362
jjas_z500,z500,mme,3,21.5,78.5,35,-2.5052423434023305,15.493245113824926,0.10299375889563042
jjas_z500,z500,mme,3,21.5,80.0,35,-2.937615821111623,15.997902113307465,0.10413701615449877
jjas_z500,z500,mme,3,21.5,81.5,35,-3.056698954642057,16.4844610698643,0.11892792725749576
jjas_z500,z500,mme,3,21.5,83.0,35,-3.3286860355712635,16.826357670816904,0.1284492805670488
jjas_z500,z500,mme,3,21.5,84.5,35,-3.1736792848842277,17.169733429487795,0.12238258977184398
jjas_z500,z500,mme,3,21.5,86.0,35,-3.4471519562692525,17.265282954274443,0.11552967631146972
jjas_z500,z500,mme,3,23.0,69.5,35,0.09794435926996796,13.353961173893447,0.12346028281818469
jjas_z500,z500,mme,3,23.0,71.0,35,0.03451774233965677,13.3867448674895,0.1351127987698891
jjas_z500,z500,mme,3,23.0,72.5,35,-0.24208059807767443,13.757680236893297,0.12693531734432528
jjas_z500,z500,mme,3,23.0,74.0,35,-0.7350536582107973,14.185104753976647,0.0938029875526626
jjas_z500,z500,mme,3,23.0,75.5,35,-1.3654662636440793,14.634555183695372,0.06204877975933982
jjas_z500,z500,mme,3,23.0,77.0,35,-2.0431308599653804,14.960889794103117,0.04466625934505727
jjas_z500,z500,mme,3,23.0,78.5,35,-2.389060439010609,15.234982709283685,0.0578973816107949
jjas_z500,z500,mme,3,23.0,80.0,35,-2.9789532786589654,15.499585230284922,0.06909567836858987
jjas_z500,z500,mme,3,23.0,81.5,35,-3.434788058795389,15.806899852256414,0.09058619270715688
jjas_z500,z500,mme,3,23.0,83.0,35,-3.88988236690254,16.172252503049013,0.09485370874446279
jjas_z500,z500,mme,3,23.0,84.5,35,-3.9486183774358454,16.460772636649956,0.0901240528177432
jjas_z500,z500,mme,3,23.0,86.0,35,-4.286769812145784,16.50718945865238,0.0835073620077268
jjas_z500,z500,mme,3,23.0,87.5,35,-4.063793963565201,16.359721607730208,0.08139012696225416
jjas_z500,z500,mme,3,24.5,72.5,35,-0.9970311666425132,14.14511209299895,0.054344169954454014
jjas_z500,z500,mme,3,24.5,74.0,35,-1.1933598926690527,14.230034720240193,0.03876308117308794
jjas_z500,z500,mme,3,24.5,75.5,35,-1.4831781694922808,14.457094644289725,0.012092190677664975
jjas_z500,z500,mme,3,24.5,77.0,35,-2.2244417947349056,14.535301738313757,-0.004502831895963164
jjas_z500,z500,mme,3,24.5,78.5,35,-2.9376711486090374,14.641651627196207,0.008149966574184988
jjas_z500,z500,mme,3,24.5,80.0,35,-3.980952674000556,14.831962354757422,0.027512204107352133
jjas_z500,z500,mme,3,24.5,81.5,35,-4.457698749394616,15.047117579981855,0.05419544927540672
jjas_z500,z500,mme,3,24.5,83.0,35,-4.698621532468808,15.251867158509237,0.07513992204469859
jjas_z500,z500,mme,3,24.5,84.5,35,-4.568580225689532,15.24781179485222,0.08705643026580125
jjas_z500,z500,mme,3,24.5,86.0,35,-5.076823444171376,15.31262987389809,0.07566351399728168
jjas_z500,z500,mme,3,24.5,87.5,35,-5.174790543952622,15.265453390106659,0.0679498137047011
jjas_z500,z500,mme,3,24.5,93.5,35,-4.803249726188395,12.502678114684837,0.15283729394247422
jjas_z500,z500,mme,3,26.0,71.0,35,-1.6498855018003136,15.183323386966066,0.001813206388862365
jjas_z500,z500,mme,3,26.0,72.5,35,-1.4268948369212533,15.063933681963315,-0.004711945727662326
jjas_z500,z500,mme,3,26.0,74.0,35,-1.4411744403213431,14.673109894155282,-0.004056817706897747
jjas_z500,z500,mme,3,26.0,75.5,35,-1.8263585678293959,14.500205081311108,-0.015357816791923376
jjas_z500,z500,mme,3,26.0,77.0,35,-2.7003738084391182,14.248238467296938,-0.019221719056532877
jjas_z500,z500,mme,3,26.0,78.5,35,-3.472869670398359,14.052139376589079,-0.004148846306386537
jjas_z500,z500,mme,3,26.0,80.0,35,-4.454375909636032,14.105796112772142,0.015280619801857877
jjas_z500,z500,mme,3,26.0,81.5,35,-4.901183070795378,14.335263782654762,0.042502260674653757
jjas_z500,z500,mme,3,26.0,83.0,35,-5.25382529111539,14.697113489684373,0.07168025004828045
jjas_z500,z500,mme,3,26.0,84.5,35,-5.37213900370633,14.758356250742679,0.09861456532130405
jjas_z500,z500,mme,3,26.0,86.0,35,-6.019672152328504,14.799208446801362,0.09408352223336457
jjas_z500,z500,mme,3,26.0,87.5,35,-6.132123927512969,14.629592833720022,0.0986028655680894
jjas_z500,z500,mme,3,26.0,90.5,35,-6.066416340292147,13.932011653429834,0.122945986768295
jjas_z500,z500,mme,3,26.0,92.0,35,-5.663458617833489,13.341361451858383,0.1397880394407017
jjas_z500,z500,mme,3,26.0,93.5,35,-4.825974238839418,12.5286012394165,0.17383200961109127
jjas_z500,z500,mme,3,26.0,95.0,35,-4.496129208058197,11.707242233708467,0.20944376957496708
jjas_z500,z500,mme,3,27.5,71.0,35,-2.543078052818575,16.650388402131455,-0.042343738495569716
jjas_z500,z500,mme,3,27.5,72.5,35,-2.501770161940554,16.39541265469697,-0.04734635209870273
jjas_z500,z500,mme,3,27.5,74.0,35,-2.8411558268681154,15.72795843925819,-0.03516625378420927
jjas_z500,z500,mme,3,27.5,75.5,35,-3.0726216247032947,15.079243609889263,-0.016044263721023033
jjas_z500,z500,mme,3,27.5,77.0,35,-3.6324631073783427,14.447925315255768,0.007029436115958027
jjas_z500,z500,mme,3,27.5,78.5,35,-4.4164796784762075,14.063547830632164,0.03521815138297492
jjas_z500,z500,mme,3,27.5,80.0,35,-5.506605171138705,14.251037626152904,0.04854814536577082
jjas_z500,z500,mme,3,27.5,81.5,35,-6.012841733271151,14.544529302446099,0.06370558114567904
jjas_z500,z500,mme,3,27.5,92.0,35,-5.3629709800084,13.694185162636417,0.1640186153879379
jjas_z500,z500,mme,3,27.5,93.5,35,-4.21236401793376,12.919479932665842,0.2099224430110184
jjas_z500,z500,mme,3,27.5,95.0,35,-4.064726587369738,12.177424799434311,0.22721072885940563
jjas_z500,z500,mme,3,27.5,96.5,35,-3.8631555162745954,11.777895595763955,0.24825695619804092
jjas_z500,z500,mme,3,29.0,74.0,35,-2.7125630795978264,17.25110325106299,-0.051293513681350975
jjas_z500,z500,mme,3,29.0,75.5,35,-3.1118718776177308,16.432360204892554,-0.013946351267963213
jjas_z500,z500,mme,3,29.0,77.0,35,-3.879301134664794,15.662554101189446,0.02806037902380956
jjas_z500,z500,mme,3,29.0,78.5,35,-4.7546229010184105,15.227963930316717,0.06634580806732461
jjas_z500,z500,mme,3,29.0,80.0,35,-5.256253506120551,15.312119158873774,0.0691108208996585
jjas_z500,z500,mme,3,29.0,95.0,35,-3.361586855536033,13.601353574945982,0.19890794218532362
jjas_z500,z500,mme,3,30.5,74.0,35,-2.72816641065066,19.253264919265707,-0.08127435404553109
jjas_z500,z500,mme,3,30.5,75.5,35,-3.0701186409317027,18.392774205683146,-0.034575614137693424
jjas_z500,z500,mme,3,30.5,77.0,35,-3.2689041424419494,17.514391801732383,-0.0007495642784625977
jjas_z500,z500,mme,3,30.5,78.5,35,-4.283361284455584,17.05201938190862,0.022691610641063707
jjas_z500,z500,mme,3,30.5,80.0,35,-4.770273138919506,17.116718277614254,0.007886528017571462
jjas_z500,z500,mme,3,32.0,75.5,35,-2.111800413713068,20.38029090022041,-0.07980006041721978
jjas_z500,z500,mme,3,32.0,77.0,35,-2.472215883810869,19.632224372543593,-0.07128924605742994
jjas_z500,z500,mme,3,32.0,78.5,35,-2.6830791548133544,19.04431682055308,-0.05184461514895092
jjas_z500,z500,mme,3,33.5,74.0,35,-2.5243638046735475,22.569150278362297,-0.1507765037275413
jjas_z500,z500,mme,3,33.5,75.5,35,-2.458101060222179,21.69846245350316,-0.12900190655222266
jjas_z500,z500,mme,3,33.5,77.0,35,-1.9015153482599998,21.003243005806688,-0.11465167459613891
jjas_z500,z500,mme,3,33.5,78.5,35,-1.595964650903131,20.575009486284596,-0.11243010740789323
jjas_z500,z500,mme,3,35.0,75.5,35,-1.36836737785057,23.094129078649253,-0.14471671333188085
jjas_z500,z500,mme,3,35.0,77.0,35,-1.94493111579034,22.554571633446102,-0.15201763387435563
jjas_z500,z500,mme,3,35.0,78.5,35,-1.2851867366184313,22.294334888011335,-0.1201745671444701
jjas_z500,z500,mme,3,35.0,80.0,35,-0.4003623506821896,22.220694134474417,-0.1397943374148419
jjas_z500,z500,mme,3,36.5,74.0,35,-2.323555213443641,25.50398767417466,-0.11884128751833924
jjas_z500,z500,mme,3,36.5,75.5,35,-0.7341937208485305,25.10444686869158,-0.11972817428113913
jjas_z500,z500,mme,4,9.5,77.0,35,-9.630653013521961,11.91507133435057,0.330922970406081
jjas_z500,z500,mme,4,9.5,78.5,35,-8.89225829965565,11.324457803366945,0.3221601944618143
jjas_z500,z500,mme,4,11.0,77.0,35,-8.9939064926182,11.608264356638854,0.30370707796948204
jjas_z500,z500,mme,4,11.0,78.5,35,-8.244716941658252,11.076306613895028,0.2947961908488838
jjas_z500,z500,mme,4,12.5,75.5,35,-8.221004695930658,11.619336144234563,0.2624520143510324
jjas_z500,z500,mme,4,12.5,77.0,35,-8.027112811136197,11.334891859276235,0.27605668730434113
jjas_z500,z500,mme,4,12.5,78.5,35,-7.3927991127625186,11.089164163294807,0.25293154545195495
jjas_z500,z500,mme,4,12.5,80.0,35,-7.769605471153513,11.528439300768952,0.23237864694542143
jjas_z500,z500,mme,4,14.0,75.5,35,-6.9075213055607625,11.808540527177097,0.2099095891384868
jjas_z500,z500,mme,4,14.0,77.0,35,-6.834681081506356,11.722410249686622,0.2077951142822708
jjas_z500,z500,mme,4,14.0,78.5,35,-6.1310550798642,11.68640158742883,0.18063893984467513
jjas_z500,z500,mme,4,14.0,80.0,35,-6.4195195368574005,12.11117067661593,0.1654633492401485
jjas_z500,z500,mme,4,15.5,74.0,35,-4.796704089205975,12.249555978705814,0.18776002841672196
jjas_z500,z500,mme,4,15.5,75.5,35,-5.385139397216049,12.377577142500602,0.15611787202766567
jjas_z500,z500,mme,4,15.5,77.0,35,-5.504742427535946,12.63527640070506,0.1385332522214596
jjas_z500,z500,mme,4,15.5,78.5,35,-4.934613360904872,12.926614405940532,0.11647721561325261
jjas_z500,z500,mme,4,15.5,80.0,35,-5.324601892968193,13.451686853380206,0.11287209150117376
jjas_z500,z500,mme,4,17.0,74.0,35,-3.228319861212627,13.102401449297355,0.14443852312663066
jjas_z500,z500,mme,4,17.0,75.5,35,-3.743443823622952,13.364610012827642,0.10015289371768504
jjas_z500,z500,mme,4,17.0,77.0,35,-4.014478862236554,13.875509213250565,0.07993686845176663
jjas_z500,z500,mme,4,17.0,78.5,35,-3.4725109836764596,14.364822954887236,0.0626551419496335
jjas_z500,z500,mme,4,17.0,80.0,35,-3.858328322909152,14.982272441971272,0.057391788609623025
jjas_z500,z500,mme,4,17.0,81.5,35,-3.895174635821604,15.707197299330327,0.04339977957078172
jjas_z500,z500,mme,4,18.5,74.0,35,-2.4285299250531223,14.008791942538826,0.09554863713499452
jjas_z500,z500,mme,4,18.5,75.5,35,-2.68939613020362,14.439546509865515,0.045290172554766986
jjas_z500,z500,mme,4,18.5,77.0,35,-3.0615591747073005,15.021294824580519,0.0201628231646623
jjas_z500,z500,mme,4,18.5,78.5,35,-2.829759881857691,15.724455736444478,0.002272657300738186
jjas_z500,z500,mme,4,18.5,80.0,35,-3.350771926453516,16.378324855103113,-0.013542497177350577
jjas_z500,z500,mme,4,18.5,81.5,35,-3.425641320998407,17.06046885804899,-0.02164960459344203
jjas_z500,z500,mme,4,18.5,83.0,35,-3.675294045261996,17.575933151359166,-0.038032622938663496
jjas_z500,z500,mme,4,20.0,74.0,35,-1.3298135939943936,14.724405811670959,0.043180677674378616
jjas_z500,z500,mme,4,20.0,75.5,35,-1.659587024276256,15.292615939111128,-0.009191863447420418
jjas_z500,z500,mme,4,20.0,77.0,35,-2.220986473053563,15.895693387089425,-0.040118171087051575
jjas_z500,z500,mme,4,20.0,78.5,35,-2.2364469754671257,16.663136118575025,-0.05648144342306413
jjas_z500,z500,mme,4,20.0,80.0,35,-2.688562297632442,17.313247538772007,-0.07310236232751496
jjas_z500,z500,mme,4,20.0,81.5,35,-2.760188643889965,17.981707423936378,-0.07113120292107071
jjas_z500,z500,mme,4,20.0,83.0,35,-3.0257093495750658,18.447937596357534,-0.08328182312690782
jjas_z500,z500,mme,4,20.0,84.5,35,-2.608561177089489,18.891202857518156,-0.10044421050055397
jjas_z500,z500,mme,4,20.0,86.0,35,-2.966204398783053,18.92575691616569,-0.11406950076666293
jjas_z500,z500,mme,4,21.5,71.0,35,0.6122777308143798,13.371669017102516,0.1357324690082723
jjas_z500,z500,mme,4,21.5,74.0,35,-0.7084047426482615,14.907188833029561,0.021494484348555856
jjas_z500,z500,mme,4,21.5,75.5,35,-1.2919536092799586,15.484853989669173,-0.024650334809905968
jjas_z500,z500,mme,4,21.5,77.0,35,-1.9202385752530193,16.040982344964455,-0.06571872749342467
jjas_z500,z500,mme,4,21.5,78.5,35,-2.2595034005398182,16.73918042084478,-0.0903404527203434
jjas_z500,z500,mme,4,21.5,80.0,35,-2.9452528338364052,17.39192166258693,-0.11145656528173693
jjas_z500,z500,mme,4,21.5,81.5,35,-3.1898640014526403,18.008583289317617,-0.10742324175095959
jjas_z500,z500,mme,4,21.5,83.0,35,-3.479211628555978,18.395959852625747,-0.11686751810936567
jjas_z500,z500,mme,4,21.5,84.5,35,-3.2028174033213612,18.665070214513047,-0.12634593317927875
jjas_z500,z500,mme,4,21.5,86.0,35,-3.4431473306662674,18.629585897107567,-0.1363858873236436
jjas_z500,z500,mme,4,23.0,69.5,35,0.6375950013480958,13.180402074453369,0.16540750724903208
jjas_z500,z500,mme,4,23.0,71.0,35,0.8367644840369133,13.481899626307872,0.1481660115157366
jjas_z500,z500,mme,4,23.0,72.5,35,0.7130447477924983,14.24865694934236,0.087933167772338
jjas_z500,z500,mme,4,23.0,74.0,35,0.2929787337896932,14.83270756586979,0.028848505264127553
jjas_z500,z500,mme,4,23.0,75.5,35,-0.4811434300251027,15.34396031641593,-0.018065590655897835
jjas_z500,z500,mme,4,23.0,77.0,35,-1.3343915091567136,15.838877337852434,-0.06697855097518027
jjas_z500,z500,mme,4,23.0,78.5,35,-1.8957978726804088,16.409062597392214,-0.09521189392860603
jjas_z500,z500,mme,4,23.0,80.0,35,-2.6992088139368207,16.857873610959544,-0.11646194227699104
jjas_z500,z500,mme,4,23.0,81.5,35,-3.29466189138571,17.343143705099088,-0.12228283348868778
jjas_z500,z500,mme,4,23.0,83.0,35,-3.815855271873157,17.68442568782962,-0.13138244011286862
jjas_z500,z500,mme,4,23.0,84.5,35,-3.8066865288677687,17.741516522885284,-0.12381284506771949
jjas_z500,z500,mme,4,23.0,86.0,35,-4.097230644109628,17.565482891398215,-0.12224605217551572
jjas_z500,z500,mme,4,23.0,87.5,35,-3.7550788603661984,17.356294073990373,-0.12335367095632703
jjas_z500,z500,mme,4,24.5,72.5,35,-0.3425480613828248,13.966786017031401,0.1283173913032196
jjas_z500,z500,mme,4,24.5,74.0,35,-0.3278831442802456,14.310336900449547,0.0760468705328693
jjas_z500,z500,mme,4,24.5,75.5,35,-0.6424780400291379,14.756532227079935,0.018688527555732852
jjas_z500,z500,mme,4,24.5,77.0,35,-1.5046581950016844,15.088730641059106,-0.035353215482853695
jjas_z500,z500,mme,4,24.5,78.5,35,-2.3318263785184175,15.4980475341231,-0.0673612280628173
jjas_z500,z500,mme,4,24.5,80.0,35,-3.5223839054214166,15.936045462962692,-0.09436591894659781
jjas_z500,z500,mme,4,24.5,81.5,35,-4.082757337630808,16.284632727772284,-0.09592817756727028
jjas_z500,z500,mme,4,24.5,83.0,35,-4.424663154457734,16.50538391108165,-0.0965175976338203
jjas_z500,z500,mme,4,24.5,84.5,35,-4.26481872488821,16.292863912874832,-0.0805594797488462
jjas_z500,z500,mme,4,24.5,86.0,35,-4.840268836265854,16.074948237190483,-0.0727350419807011
jjas_z500,z500,mme,4,24.5,87.5,35,-5.005531030604626,15.840142618808136,-0.06056879036259508
jjas_z500,z500,mme,4,24.5,93.5,35,-4.869447593871545,13.337047403125416,-0.030465851586081744
jjas_z500,z500,mme,4,26.0,71.0,35,-1.6170329776625294,14.594727079836705,0.16709127777089106
jjas_z500,z500,mme,4,26.0,72.5,35,-1.1092051491169128,14.534822629934943,0.14904510497433843
jjas_z500,z500,mme,4,26.0,74.0,35,-0.7963672022305088,14.350453209559173,0.12293570404987349
jjas_z500,z500,mme,4,26.0,75.5,35,-1.1267897410509509,14.45265705054264,0.07573966818006067
jjas_z500,z500,mme,4,26.0,77.0,35,-2.1063429010371175,14.48503334795861,0.03462502867532134
jjas_z500,z500,mme,4,26.0,78.5,35,-2.9735752018373334,14.628861648418004,0.00019793638015983377
jjas_z500,z500,mme,4,26.0,80.0,35,-4.031264475804502,15.042900921447972,-0.03735949800388189
jjas_z500,z500,mme,4,26.0,81.5,35,-4.475872929223936,15.41440339936827,-0.04715441296267632
jjas_z500,z500,mme,4,26.0,83.0,35,-4.907898868247945,15.71870171059379,-0.03553139250773676
jjas_z500,z500,mme,4,26.0,84.5,35,-5.036117439420352,15.508208302366615,-0.0006051714001497452
jjas_z500,z500,mme,4,26.0,86.0,35,-5.786808656385333,15.30982294512131,0.008029180415272853
jjas_z500,z500,mme,4,26.0,87.5,35,-6.048039868592215,15.027364077455266,0.026963136810177184
jjas_z500,z500,mme,4,26.0,90.5,35,-6.1991279145386216,14.424185722445356,0.036317084706275135
jjas_z500,z500,mme,4,26.0,92.0,35,-5.76341066032567,13.879128048737822,0.04427575214642129
jjas_z500,z500,mme,4,26.0,93.5,35,-4.802542752304907,13.252470616477629,0.053052555219718855
jjas_z500,z500,mme,4,26.0,95.0,35,-4.493332128771518,12.689317823692793,0.03484442315083392
jjas_z500,z500,mme,4,27.5,71.0,35,-2.9997691237554527,16.093724880292555,0.15449030628675176
jjas_z500,z500,mme,4,27.5,72.5,35,-2.5752128903826557,15.72410838231899,0.1536265289214567
jjas_z500,z500,mme,4,27.5,74.0,35,-2.559155004444437,15.143381296291988,0.15128226499891365
jjas_z500,z500,mme,4,27.5,75.5,35,-2.691251181309729,14.760433248551308,0.13319460022273769
jjas_z500,z500,mme,4,27.5,77.0,35,-3.4216605104737283,14.455792707648792,0.11792383962337492
jjas_z500,z500,mme,4,27.5,78.5,35,-4.427965200969058,14.511872775011335,0.08392767180088012
jjas_z500,z500,mme,4,27.5,80.0,35,-5.581168273163322,15.08254378039468,0.04225443373864452
jjas_z500,z500,mme,4,27.5,81.5,35,-6.101837649320467,15.545578774201946,0.017523471414543947
jjas_z500,z500,mme,4,27.5,92.0,35,-5.336780001122004,13.978170816002551,0.13183312396467642
jjas_z500,z500,mme,4,27.5,93.5,35,-4.033077427836594,13.497433995767759,0.12776514125676128
jjas_z500,z500,mme,4,27.5,95.0,35,-3.8263653196068064,12.949030978988098,0.10389566650719038
jjas_z500,z500,mme,4,27.5,96.5,35,-3.4741632342395734,12.848106401735283,0.08910574237333799
jjas_z500,z500,mme,4,29.0,74.0,35,-2.654797510244316,16.5965567981135,0.15141918183811606
jjas_z500,z500,mme,4,29.0,75.5,35,-3.0006493840437805,16.043636539368517,0.1501749448497477
jjas_z500,z500,mme,4,29.0,77.0,35,-3.955996505658524,15.552855661120068,0.15814596575318074
jjas_z500,z500,mme,4,29.0,78.5,35,-5.140700420851759,15.605860863470673,0.1287192821327447
jjas_z500,z500,mme,4,29.0,80.0,35,-5.7220045123462375,15.96865394326465,0.09277128352839958
jjas_z500,z500,mme,4,29.0,95.0,35,-2.7715101924606125,14.126497676872027,0.1549256051623331
jjas_z500,z500,mme,4,30.5,74.0,35,-3.0006429765185074,18.634992641136385,0.11456435803311771
jjas_z500,z500,mme,4,30.5,75.5,35,-3.492880733174882,17.97397586423708,0.13231454791322342
jjas_z500,z500,mme,4,30.5,77.0,35,-3.7734698178890547,17.225713308590706,0.1492804304228801
jjas_z500,z500,mme,4,30.5,78.5,35,-5.064285609228344,17.181685062700176,0.12412264948952337
jjas_z500,z500,mme,4,30.5,80.0,35,-5.6912072575697366,17.389990192126675,0.11348019157562114
jjas_z500,z500,mme,4,32.0,75.5,35,-2.886187119265352,19.694666700628275,0.11311301350401527
jjas_z500,z500,mme,4,32.0,77.0,35,-3.269501151845829,18.947143672431533,0.12620074510948412
jjas_z500,z500,mme,4,32.0,78.5,35,-3.7071251599009494,18.61755699443507,0.12356082339378757
jjas_z500,z500,mme,4,33.5,74.0,35,-3.3891557057440616,21.439613458673474,0.08902842518443065
jjas_z500,z500,mme,4,33.5,75.5,35,-3.316094384049003,20.767059167417656,0.09597090754387064
jjas_z500,z500,mme,4,33.5,77.0,35,-2.8240437970405243,20.010662622993387,0.11035139273003529
jjas_z500,z500,mme,4,33.5,78.5,35,-2.6759823925855537,19.711490148258477,0.11531701990167502
jjas_z500,z500,mme,4,35.0,75.5,35,-2.0781605023188345,21.94151169112035,0.09402953753387992
jjas_z500,z500,mme,4,35.0,77.0,35,-2.7610087041622786,21.422479656879265,0.10469697710745132
jjas_z500,z500,mme,4,35.0,78.5,35,-2.1827746429745147,21.329342816593403,0.10851433652883882
jjas_z500,z500,mme,4,35.0,80.0,35,-1.2812475649863444,20.987880750870357,0.12945007776488662
jjas_z500,z500,mme,4,36.5,74.0,35,-3.1534875345119873,24.282228169610754,0.0987625705115918
jjas_z500,z500,mme,4,36.5,75.5,35,-1.4376999866527127,23.951796187533017,0.0859787325016559
jjas_z500,z500,mme,5,9.5,77.0,35,-9.73865215461735,12.77518750485113,0.053184787638600434
jjas_z500,z500,mme,5,9.5,78.5,35,-8.98433324420382,12.049036023448757,0.08821645569539768
jjas_z500,z500,mme,5,11.0,77.0,35,-9.3354447706108,12.482447975786982,0.08832727505231057
jjas_z500,z500,mme,5,11.0,78.5,35,-8.565620465295433,11.833890166968967,0.114868639861493
jjas_z500,z500,mme,5,12.5,75.5,35,-8.717007665301182,12.410248768077954,0.12963284809997752
jjas_z500,z500,mme,5,12.5,77.0,35,-8.641736758244198,12.131294851419193,0.1472559184380086
jjas_z500,z500,mme,5,12.5,78.5,35,-8.03333992216628,11.77606770340087,0.16079231508324257
jjas_z500,z500,mme,5,12.5,80.0,35,-8.567788816346338,12.241961782671043,0.1692150436238655
jjas_z500,z500,mme,5,14.0,75.5,35,-7.6335920564271875,12.290777888494354,0.18489296495389632
jjas_z500,z500,mme,5,14.0,77.0,35,-7.743579809495635,12.1979378336195,0.19559127832790255
jjas_z500,z500,mme,5,14.0,78.5,35,-7.096531446560662,11.981771616052207,0.2016467912034577
jjas_z500,z500,mme,5,14.0,80.0,35,-7.522085438562499,12.398938049990008,0.206565524668574
jjas_z500,z500,mme,5,15.5,74.0,35,-5.384357891509821,12.427585538481729,0.19974927320746924
jjas_z500,z500,mme,5,15.5,75.5,35,-6.3447899002817785,12.41077489069297,0.2163368405983387
jjas_z500,z500,mme,5,15.5,77.0,35,-6.6840788885564635,12.614356551914744,0.2172564938952352
jjas_z500,z500,mme,5,15.5,78.5,35,-6.175993602994485,12.652894185452615,0.22370369608394958
jjas_z500,z500,mme,5,15.5,80.0,35,-6.718235232079938,13.145588828034283,0.23444621161041948
jjas_z500,z500,mme,5,17.0,74.0,35,-4.10413297855552,12.878558257984743,0.21300657418140406
jjas_z500,z500,mme,5,17.0,75.5,35,-4.87365967414636,12.925965811481895,0.2091903165490157
jjas_z500,z500,mme,5,17.0,77.0,35,-5.362504967694362,13.387100700323149,0.19998682059172748
jjas_z500,z500,mme,5,17.0,78.5,35,-4.91006325983022,13.60198697716215,0.20689015401092858
jjas_z500,z500,mme,5,17.0,80.0,35,-5.451893751015476,14.102837654038582,0.22229540805094625
jjas_z500,z500,mme,5,17.0,81.5,35,-5.577239198136314,14.7966633205638,0.2096326947059109
jjas_z500,z500,mme,5,18.5,74.0,35,-3.6484544549245195,13.56072313695987,0.18554488022015994
jjas_z500,z500,mme,5,18.5,75.5,35,-4.071718524332547,13.694300555918442,0.18080351250694593
jjas_z500,z500,mme,5,18.5,77.0,35,-4.648411415745639,14.255055183616044,0.16231689246701114
jjas_z500,z500,mme,5,18.5,78.5,35,-4.548174390378881,14.759826140786869,0.16135578363241063
jjas_z500,z500,mme,5,18.5,80.0,35,-5.23339810005452,15.265549698163383,0.17465641497529505
jjas_z500,z500,mme,5,18.5,81.5,35,-5.414252932469571,15.909032037622554,0.1730419661683082
jjas_z500,z500,mme,5,18.5,83.0,35,-5.723609164634087,16.42503365432915,0.16294235002097815
jjas_z500,z500,mme,5,20.0,74.0,35,-2.7074654599526182,14.091886793975172,0.1392777678640011
jjas_z500,z500,mme,5,20.0,75.5,35,-3.1804528868076365,14.414709372302529,0.12634187008172673
jjas_z500,z500,mme,5,20.0,77.0,35,-3.9292354253027693,14.9631533283755,0.10824536173518286
jjas_z500,z500,mme,5,20.0,78.5,35,-4.092889449546367,15.601295806431366,0.10337985343573268
jjas_z500,z500,mme,5,20.0,80.0,35,-4.715240019872389,16.14693094221233,0.10836751895225778
jjas_z500,z500,mme,5,20.0,81.5,35,-4.955631907102647,16.88563704788463,0.10528799163347774
jjas_z500,z500,mme,5,20.0,83.0,35,-5.342029053600085,17.325039301396917,0.10156215905276898
jjas_z500,z500,mme,5,20.0,84.5,35,-4.948719874799281,17.514196251473486,0.10213051239220401
jjas_z500,z500,mme,5,20.0,86.0,35,-5.356496983636212,17.564813950113173,0.10163800793019052
jjas_z500,z500,mme,5,21.5,71.0,35,-0.3404325905981488,12.928795767307546,0.15251179995385
jjas_z500,z500,mme,5,21.5,74.0,35,-2.11749600067399,14.311359003206444,0.0993662179906981
jjas_z500,z500,mme,5,21.5,75.5,35,-2.9056781457546355,14.803667042853261,0.0803551143376863
jjas_z500,z500,mme,5,21.5,77.0,35,-3.7218137217216283,15.308960407376246,0.05513075213672757
jjas_z500,z500,mme,5,21.5,78.5,35,-4.218678759370699,15.943241453747465,0.04249317068601777
jjas_z500,z500,mme,5,21.5,80.0,35,-5.070185897763077,16.554236267240203,0.039677444387630996
jjas_z500,z500,mme,5,21.5,81.5,35,-5.470427766292103,17.225941697662417,0.042434654526666435
jjas_z500,z500,mme,5,21.5,83.0,35,-5.9038267917891325,17.58745241891567,0.04347110896538754
jjas_z500,z500,mme,5,21.5,84.5,35,-5.68586444721672,17.684140275834704,0.049033871996777285
jjas_z500,z500,mme,5,21.5,86.0,35,-5.906075247635012,17.61657012709166,0.053092290140594536
jjas_z500,z500,mme,5,23.0,69.5,35,-0.15918522693851364,13.04485094150791,0.1348670742781439
jjas_z500,z500,mme,5,23.0,71.0,35,-0.08516857837803375,13.395252141795567,0.11362966668437838
jjas_z500,z500,mme,5,23.0,72.5,35,-0.40371307131969997,13.91098257550308,0.10427036353104675
jjas_z500,z500,mme,5,23.0,74.0,35,-0.9768519578988547,14.416889614924093,0.07102077890090704
jjas_z500,z500,mme,5,23.0,75.5,35,-1.9746722465254216,14.93155665177704,0.041693078707557986
jjas_z500,z500,mme,5,23.0,77.0,35,-3.005648714659998,15.381778068181822,0.011736735516187207
jjas_z500,z500,mme,5,23.0,78.5,35,-3.718851860765296,15.995798745526821,-0.012872990206417636
jjas_z500,z500,mme,5,23.0,80.0,35,-4.670809488432159,16.384429829355412,-0.01552852514728002
jjas_z500,z500,mme,5,23.0,81.5,35,-5.405673044080816,16.83179120870733,-0.006196942602651203
jjas_z500,z500,mme,5,23.0,83.0,35,-6.0556938530859306,17.24927890508613,-0.010855349563462144
jjas_z500,z500,mme,5,23.0,84.5,35,-6.126340916746579,17.35992571213233,-0.004660127859451256
jjas_z500,z500,mme,5,23.0,86.0,35,-6.373015328676099,17.15939052954,0.009295888613402786
jjas_z500,z500,mme,5,23.0,87.5,35,-5.828348929269539,16.773913843856896,0.018113421072348028
jjas_z500,z500,mme,5,24.5,72.5,35,-1.5401945932270922,14.08672909595151,0.0956716607906946
jjas_z500,z500,mme,5,24.5,74.0,35,-1.5774872564150428,14.387389527570456,0.0554169931321029
jjas_z500,z500,mme,5,24.5,75.5,35,-2.011597917380979,14.771718913445648,0.02100821328529887
jjas_z500,z500,mme,5,24.5,77.0,35,-2.9953954004399357,15.003636946215714,-0.006654302812407176
jjas_z500,z500,mme,5,24.5,78.5,35,-3.921492778796424,15.47667766738406,-0.033461320670091124
jjas_z500,z500,mme,5,24.5,80.0,35,-5.247539291492934,15.923189028210485,-0.046031851566423546
jjas_z500,z500,mme,5,24.5,81.5,35,-5.877208348075952,16.319520562061204,-0.04907678193917421
jjas_z500,z500,mme,5,24.5,83.0,35,-6.347796806971954,16.677829790690485,-0.05438954295336031
jjas_z500,z500,mme,5,24.5,84.5,35,-6.2278562751232,16.536659610003788,-0.04567211660068511
jjas_z500,z500,mme,5,24.5,86.0,35,-6.8281773316162795,16.35129892233309,-0.02132972234222569
jjas_z500,z500,mme,5,24.5,87.5,35,-6.962011329772836,16.027809558778504,0.013789245560554622
jjas_z500,z500,mme,5,24.5,93.5,35,-6.221911452105087,13.77616650570562,-0.0072170434033874
jjas_z500,z500,mme,5,26.0,71.0,35,-2.641560587630816,14.857530444354694,0.12540996455863176
jjas_z500,z500,mme,5,26.0,72.5,35,-2.3451934275521125,14.935297949998729,0.09608535720429111
jjas_z500,z500,mme,5,26.0,74.0,35,-1.9689412483319757,14.828062528354062,0.05712619796914675
jjas_z500,z500,mme,5,26.0,75.5,35,-2.3196943533318386,14.93905314547603,0.020679536103068094
jjas_z500,z500,mme,5,26.0,77.0,35,-3.387087798016572,14.940755807292122,-0.005647443913530361
jjas_z500,z500,mme,5,26.0,78.5,35,-4.320422971799469,15.087056068931906,-0.02890491909574027
jjas_z500,z500,mme,5,26.0,80.0,35,-5.464112663260104,15.452325279299869,-0.04715157835950507
jjas_z500,z500,mme,5,26.0,81.5,35,-5.917856193074191,15.842953106332336,-0.05724873647068362
jjas_z500,z500,mme,5,26.0,83.0,35,-6.4435159042800345,16.26112026930444,-0.04959634572615415
jjas_z500,z500,mme,5,26.0,84.5,35,-6.559222288756375,16.127739171410035,-0.025038671818362834
jjas_z500,z500,mme,5,26.0,86.0,35,-7.327248354105983,15.929611411719703,0.006224358590582251
jjas_z500,z500,mme,5,26.0,87.5,35,-7.605793877443518,15.559898869526322,0.05203692945267269
jjas_z500,z500,mme,5,26.0,90.5,35,-7.542208355636909,14.908873542739807,0.07179869708193516
jjas_z500,z500,mme,5,26.0,92.0,35,-6.950582277431749,14.261135033105248,0.08083074028224738
jjas_z500,z500,mme,5,26.0,93.5,35,-5.863538240620359,13.6898886173805,0.06597911907428279
jjas_z500,z500,mme,5,26.0,95.0,35,-5.53215166741941,13.193720045112526,0.03263050778188301
jjas_z500,z500,mme,5,27.5,71.0,35,-4.143347252196665,16.403238117419455,0.11945132967280622
jjas_z500,z500,mme,5,27.5,72.5,35,-3.8631094965512864,16.300673915923024,0.09148996149809271
jjas_z500,z500,mme,5,27.5,74.0,35,-3.752152698665382,15.956242192051292,0.05962130770186757
jjas_z500,z500,mme,5,27.5,75.5,35,-3.824506205090542,15.763929085991702,0.026001924219703768
jjas_z500,z500,mme,5,27.5,77.0,35,-4.682713878217926,15.488390998362652,0.008959516146291901
jjas_z500,z500,mme,5,27.5,78.5,35,-5.827949860975683,15.454997812118917,-0.005168991912218315
jjas_z500,z500,mme,5,27.5,80.0,35,-7.05396716476693,15.954172904359194,-0.019988843057710624
jjas_z500,z500,mme,5,27.5,81.5,35,-7.638437902166022,16.434239581567006,-0.035070706485503006
jjas_z500,z500,mme,5,27.5,92.0,35,-6.218541113296514,14.183045833659502,0.16175427341424733
jjas_z500,z500,mme,5,27.5,93.5,35,-4.897460452362715,13.866044907542747,0.12508180540895014
jjas_z500,z500,mme,5,27.5,95.0,35,-4.693506212848921,13.387491107157736,0.09197582391193976
jjas_z500,z500,mme,5,27.5,96.5,35,-4.347001728911944,13.519892239472144,0.04414196328671061
jjas_z500,z500,mme,5,29.0,74.0,35,-3.7983819907663667,17.39980594390801,0.056841560853273874
jjas_z500,z500,mme,5,29.0,75.5,35,-4.149763355764376,17.091741471472698,0.03554008615282666
jjas_z500,z500,mme,5,29.0,77.0,35,-5.228290560571883,16.729949279388695,0.029707138040758654
jjas_z500,z500,mme,5,29.0,78.5,35,-6.585211173633278,16.687469055603348,0.017424141158554257
jjas_z500,z500,mme,5,29.0,80.0,35,-7.249812965110089,16.92465894624329,0.007354715709341859
jjas_z500,z500,mme,5,29.0,95.0,35,-3.4519201106930266,14.66808948816426,0.11823075928539886
jjas_z500,z500,mme,5,30.5,74.0,35,-4.198735978674163,19.1767004712647,0.03892243665137741
jjas_z500,z500,mme,5,30.5,75.5,35,-4.9623264448017705,18.841188800611338,0.02779622765949057
jjas_z500,z500,mme,5,30.5,77.0,35,-5.264695221556161,18.19725215907842,0.031170215767552023
jjas_z500,z500,mme,5,30.5,78.5,35,-6.631507470010521,18.037447498199132,0.026053559443052536
jjas_z500,z500,mme,5,30.5,80.0,35,-7.303316452629302,18.153885246999504,0.03539060266742085
jjas_z500,z500,mme,5,32.0,75.5,35,-4.505755840284317,20.30514833315163,0.019296948605996758
jjas_z500,z500,mme,5,32.0,77.0,35,-4.866688206573833,19.598689700508324,0.02888371371913621
jjas_z500,z500,mme,5,32.0,78.5,35,-5.336105663236334,19.117782815979567,0.04666856920347441
jjas_z500,z500,mme,5,33.5,74.0,35,-4.578271824900912,21.41881568674267,0.04619794039648356
jjas_z500,z500,mme,5,33.5,75.5,35,-4.7135724335173235,20.909851963319632,0.03625090693279339
jjas_z500,z500,mme,5,33.5,77.0,35,-4.272426658641234,20.148771023666228,0.052494031691216955
jjas_z500,z500,mme,5,33.5,78.5,35,-4.18190698199591,19.759007746607335,0.07452525565981359
jjas_z500,z500,mme,5,35.0,75.5,35,-3.0653447308169106,21.553277772694607,0.08070432433631808
jjas_z500,z500,mme,5,35.0,77.0,35,-3.8759674192139104,21.077478555413443,0.09536179970046575
jjas_z500,z500,mme,5,35.0,78.5,35,-3.3605591706154363,20.933801980022572,0.1125671493171617
jjas_z500,z500,mme,5,35.0,80.0,35,-2.471296993878943,20.733115081185105,0.11636601497598786
jjas_z500,z500,mme,5,36.5,74.0,35,-3.8354729926224276,23.601924753494956,0.12008542228634891
jjas_z500,z500,mme,5,36.5,75.5,35,-2.195031393305804,23.28017563118508,0.10507224035673517
jjas_z500,z500,mme,6,9.5,77.0,35,-9.864790780760476,12.418701660541904,0.08989763005650758
jjas_z500,z500,mme,6,9.5,78.5,35,-9.057284138693442,11.624454733778395,0.13333747418163855
jjas_z500,z500,mme,6,11.0,77.0,35,-9.5858340467693,12.332917423138412,0.10135387011859123
jjas_z500,z500,mme,6,11.0,78.5,35,-8.752984403352041,11.510156936339358,0.16712440750339744
jjas_z500,z500,mme,6,12.5,75.5,35,-9.202500924256414,12.602301142977327,0.11037929346484346
jjas_z500,z500,mme,6,12.5,77.0,35,-9.112524106691541,12.256569599741676,0.1463982934741086
jjas_z500,z500,mme,6,12.5,78.5,35,-8.446822438831182,11.710587097756282,0.19914555393691524
jjas_z500,z500,mme,6,12.5,80.0,35,-9.073297492505818,12.301332571678222,0.2112105847965899
jjas_z500,z500,mme,6,14.0,75.5,35,-8.344322540176368,12.81449470101531,0.1372134423174301
jjas_z500,z500,mme,6,14.0,77.0,35,-8.501303427843725,12.71005329936933,0.15916408845687932
jjas_z500,z500,mme,6,14.0,78.5,35,-7.81084003351885,12.307236801457735,0.19646404501234943
jjas_z500,z500,mme,6,14.0,80.0,35,-8.32443885229425,12.828498936944058,0.20536721380944875
jjas_z500,z500,mme,6,15.5,74.0,35,-6.200327721765747,13.012876958403345,0.13786012996103528
jjas_z500,z500,mme,6,15.5,75.5,35,-7.282948661070467,13.09272060696548,0.16185671300846768
jjas_z500,z500,mme,6,15.5,77.0,35,-7.739636025582929,13.319941202982497,0.17592448912526523
jjas_z500,z500,mme,6,15.5,78.5,35,-7.232430236302389,13.248449205614255,0.1973249425745261
jjas_z500,z500,mme,6,15.5,80.0,35,-7.883345412229444,13.912272263788479,0.19806208230773945
jjas_z500,z500,mme,6,17.0,74.0,35,-5.062719377120525,13.50086970811747,0.14847681783404923
jjas_z500,z500,mme,6,17.0,75.5,35,-5.954240790977097,13.46381582142089,0.17338890289095327
jjas_z500,z500,mme,6,17.0,77.0,35,-6.593762699936088,13.8740019757542,0.1885342630199018
jjas_z500,z500,mme,6,17.0,78.5,35,-6.165357607495389,14.044830999397346,0.19377336639655016
jjas_z500,z500,mme,6,17.0,80.0,35,-6.841006009168502,14.733964677921035,0.19509742824555132
jjas_z500,z500,mme,6,17.0,81.5,35,-6.927780461773597,15.348891534595825,0.19207552152308893
jjas_z500,z500,mme,6,18.5,74.0,35,-4.688302810406587,13.920265606272144,0.15818644686153818
jjas_z500,z500,mme,6,18.5,75.5,35,-5.267372407507433,13.991380496532832,0.166715838414452
jjas_z500,z500,mme,6,18.5,77.0,35,-6.0201262832750215,14.445708789252773,0.17696477289696141
jjas_z500,z500,mme,6,18.5,78.5,35,-5.994955124430401,14.851599503580708,0.1850182847729597
jjas_z500,z500,mme,6,18.5,80.0,35,-6.791446019205536,15.54951595154154,0.18407100321371575
jjas_z500,z500,mme,6,18.5,81.5,35,-6.916701754454854,16.13508190641534,0.18595165741203343
jjas_z500,z500,mme,6,18.5,83.0,35,-7.1133013648739505,16.65743027908026,0.17737504561825404
jjas_z500,z500,mme,6,20.0,74.0,35,-3.7265524564369894,14.035184438216218,0.15481467617279823
jjas_z500,z500,mme,6,20.0,75.5,35,-4.3989768450777,14.237729921948405,0.15510885945913883
jjas_z500,z500,mme,6,20.0,77.0,35,-5.348711274434312,14.710253062681913,0.15675442605583986
jjas_z500,z500,mme,6,20.0,78.5,35,-5.631184123815105,15.243086309510245,0.1631133380182481
jjas_z500,z500,mme,6,20.0,80.0,35,-6.3649991642903325,15.943003915649056,0.15691930089565653
jjas_z500,z500,mme,6,20.0,81.5,35,-6.596718407349701,16.709430585586432,0.14720804646426586
jjas_z500,z500,mme,6,20.0,83.0,35,-6.977284120716182,17.28036553795919,0.130480396828584
jjas_z500,z500,mme,6,20.0,84.5,35,-6.395530459098674,17.510878969823896,0.11524002091032873
jjas_z500,z500,mme,6,20.0,86.0,35,-6.513670907099134,17.7167438855441,0.11256295162013573
jjas_z500,z500,mme,6,21.5,71.0,35,-0.9342839725830345,12.859981617197185,0.1931192991002477
jjas_z500,z500,mme,6,21.5,74.0,35,-3.185419553065419,14.006052050235873,0.14190629243471084
jjas_z500,z500,mme,6,21.5,75.5,35,-4.219675602780081,14.224087779825583,0.15574416705501307
jjas_z500,z500,mme,6,21.5,77.0,35,-5.277033277768143,14.619434381080392,0.15066180553314654
jjas_z500,z500,mme,6,21.5,78.5,35,-5.911704026786642,15.152029268423815,0.15021955617205066
jjas_z500,z500,mme,6,21.5,80.0,35,-6.927171404092587,15.99193052445353,0.12973773740166808
jjas_z500,z500,mme,6,21.5,81.5,35,-7.405635701609832,16.805743841297065,0.1138710082132736
jjas_z500,z500,mme,6,21.5,83.0,35,-7.876753018780827,17.30691974861256,0.09890006703135644
jjas_z500,z500,mme,6,21.5,84.5,35,-7.533640983184601,17.37762506158554,0.09796899604503756
jjas_z500,z500,mme,6,21.5,86.0,35,-7.5587026446309595,17.397785004411944,0.10254112500265576
jjas_z500,z500,mme,6,23.0,69.5,35,-0.3342919964639023,12.995050164729749,0.22258850479241032
jjas_z500,z500,mme,6,23.0,71.0,35,-0.452640428744858,13.289876861050645,0.18592727997994307
jjas_z500,z500,mme,6,23.0,72.5,35,-1.1390373473027335,13.859054267317667,0.1391073901492665
jjas_z500,z500,mme,6,23.0,74.0,35,-2.000566476478499,13.903049926243323,0.13776254539075988
jjas_z500,z500,mme,6,23.0,75.5,35,-3.315118624412649,13.985302887757532,0.1510791741962196
jjas_z500,z500,mme,6,23.0,77.0,35,-4.620722415085324,14.220912398584646,0.14503386520721664
jjas_z500,z500,mme,6,23.0,78.5,35,-5.494837586525397,14.701499711308694,0.13388970371398382
jjas_z500,z500,mme,6,23.0,80.0,35,-6.656936133938039,15.38705234076964,0.10537761927665805
jjas_z500,z500,mme,6,23.0,81.5,35,-7.5569226785624,16.1328212903494,0.08383662323610608
jjas_z500,z500,mme,6,23.0,83.0,35,-8.316529009596577,16.73400382261369,0.05700695087215219
jjas_z500,z500,mme,6,23.0,84.5,35,-8.3257326265566,16.866715431084284,0.05772861950769636
jjas_z500,z500,mme,6,23.0,86.0,35,-8.462981100895481,16.791091477146622,0.0718395743627383
jjas_z500,z500,mme,6,23.0,87.5,35,-7.647746562271823,16.33612124801287,0.09051775454100068
jjas_z500,z500,mme,6,24.5,72.5,35,-2.156808541783643,14.138690830938874,0.15511466069175636
jjas_z500,z500,mme,6,24.5,74.0,35,-2.524215284967587,13.881779215856227,0.1462465128139895
jjas_z500,z500,mme,6,24.5,75.5,35,-3.3122749755049363,13.867595786903385,0.13599077684965222
jjas_z500,z500,mme,6,24.5,77.0,35,-4.584435578774953,13.83300035989599,0.12922198890273345
jjas_z500,z500,mme,6,24.5,78.5,35,-5.695142064831349,14.218838846990367,0.1088053174897029
jjas_z500,z500,mme,6,24.5,80.0,35,-7.289948977526858,14.966016067450452,0.06992237136115358
jjas_z500,z500,mme,6,24.5,81.5,35,-8.126311698683535,15.605839359841994,0.035651171774091946
jjas_z500,z500,mme,6,24.5,83.0,35,-8.846398026976281,16.18776387511221,-0.003513636108861918
jjas_z500,z500,mme,6,24.5,84.5,35,-8.761145456452999,16.14897762778685,-0.007142077279286824
jjas_z500,z500,mme,6,24.5,86.0,35,-9.306652561327791,16.203238113426053,0.029897629228247968
jjas_z500,z500,mme,6,24.5,87.5,35,-9.301015737288798,16.001550432544523,0.07933284125485886
jjas_z500,z500,mme,6,24.5,93.5,35,-7.958433570724758,14.228077028957465,0.07860083627608809
jjas_z500,z500,mme,6,26.0,71.0,35,-2.5538557817365604,15.589399433683003,0.18889633031155664
jjas_z500,z500,mme,6,26.0,72.5,35,-2.779632704299989,15.361840562182374,0.15044417040222968
jjas_z500,z500,mme,6,26.0,74.0,35,-2.7384624032183376,14.613451646722256,0.1364008923204916
jjas_z500,z500,mme,6,26.0,75.5,35,-3.443395034315758,14.384667155993732,0.1053813237278709
jjas_z500,z500,mme,6,26.0,77.0,35,-4.8184898229809345,14.059037262117432,0.10069482275347302
jjas_z500,z500,mme,6,26.0,78.5,35,-5.965599862281514,14.102897253495492,0.0816547268061384
jjas_z500,z500,mme,6,26.0,80.0,35,-7.376396791238897,14.632394138144921,0.04583302829917682
jjas_z500,z500,mme,6,26.0,81.5,35,-8.037939533699916,15.14100721864997,0.01243382383618406
jjas_z500,z500,mme,6,26.0,83.0,35,-8.923919557377824,15.830732458606711,-0.01576740969956289
jjas_z500,z500,mme,6,26.0,84.5,35,-9.178664714785217,15.923742474144015,0.0008206144662196587
jjas_z500,z500,mme,6,26.0,86.0,35,-9.893282625321548,16.060643350598756,0.045426585476311884
jjas_z500,z500,mme,6,26.0,87.5,35,-10.060023070427738,15.868152602541445,0.11128548415678496
jjas_z500,z500,mme,6,26.0,90.5,35,-9.772026196190849,15.6689499099998,0.11047473109212869
jjas_z500,z500,mme,6,26.0,92.0,35,-9.049799505471388,15.04083470155362,0.11958770677415838
jjas_z500,z500,mme,6,26.0,93.5,35,-7.776390663961814,14.405226225430084,0.10404237558972153
jjas_z500,z500,mme,6,26.0,95.0,35,-7.3782737475281985,13.83010120251634,0.10419352924904336
jjas_z500,z500,mme,6,27.5,71.0,35,-3.747695367948992,17.933147280488598,0.16719509494073312
jjas_z500,z500,mme,6,27.5,72.5,35,-4.0367302299974,17.325213165318335,0.1413162325297196
jjas_z500,z500,mme,6,27.5,74.0,35,-4.296526062543723,16.36804266515102,0.1186350060022469
jjas_z500,z500,mme,6,27.5,75.5,35,-4.7407413121647295,15.87474295398164,0.07093469474727095
jjas_z500,z500,mme,6,27.5,77.0,35,-5.9938516903164,15.221226870652522,0.06777965881785214
jjas_z500,z500,mme,6,27.5,78.5,35,-7.420969739056038,15.064100969554984,0.05562277575122909
jjas_z500,z500,mme,6,27.5,80.0,35,-8.905345393573485,15.633271978819222,0.039537708553718506
jjas_z500,z500,mme,6,27.5,81.5,35,-9.719378482700371,16.194294692826336,0.02027869633079605
jjas_z500,z500,mme,6,27.5,92.0,35,-8.386404145261155,14.878517320463398,0.17003530844185513
jjas_z500,z500,mme,6,27.5,93.5,35,-6.985754997666247,14.386336682959339,0.14165600188418273
jjas_z500,z500,mme,6,27.5,95.0,35,-6.7460578297369596,13.855682157933979,0.13717893312498086
jjas_z500,z500,mme,6,27.5,96.5,35,-6.331478581373059,13.91370170389467,0.11559735539757762
jjas_z500,z500,mme,6,29.0,74.0,35,-3.8931309304218824,18.380808757475272,0.10267274109769281
jjas_z500,z500,mme,6,29.0,75.5,35,-4.757909512155726,17.711553417873745,0.055802477450651096
jjas_z500,z500,mme,6,29.0,77.0,35,-6.322627021922199,16.88478620521473,0.056434092136905215
jjas_z500,z500,mme,6,29.0,78.5,35,-8.034458777200728,16.653528282642558,0.04520798748929168
jjas_z500,z500,mme,6,29.0,80.0,35,-8.997050076224436,16.794962923455447,0.04591028326024891
jjas_z500,z500,mme,6,29.0,95.0,35,-5.6901928086123,14.717003701116466,0.16008588983485755
jjas_z500,z500,mme,6,30.5,74.0,35,-3.8738124459808336,20.554725047389613,0.09550745975106446
jjas_z500,z500,mme,6,30.5,75.5,35,-5.391995152156155,19.49379312017643,0.07830775093408938
jjas_z500,z500,mme,6,30.5,77.0,35,-6.20466234858416,18.271754834579788,0.08850314137887835
jjas_z500,z500,mme,6,30.5,78.5,35,-7.967002897442867,18.002299878904395,0.0767678545962091
jjas_z500,z500,mme,6,30.5,80.0,35,-8.98386313218216,18.0434657337807,0.10594455713922794
jjas_z500,z500,mme,6,32.0,75.5,35,-4.694808896428211,20.93267267167926,0.10751846365499017
jjas_z500,z500,mme,6,32.0,77.0,35,-5.529387410652842,19.648673615153832,0.11878578999087382
jjas_z500,z500,mme,6,32.0,78.5,35,-6.401351325161184,19.12023050668477,0.11557108621368124
jjas_z500,z500,mme,6,33.5,74.0,35,-3.6713148261659234,23.209694585827407,0.12740718058240572
jjas_z500,z500,mme,6,33.5,75.5,35,-4.560402831331028,21.888142511250315,0.13595046546062373
jjas_z500,z500,mme,6,33.5,77.0,35,-4.520679479034854,20.733702954474794,0.13339673171692237
jjas_z500,z500,mme,6,33.5,78.5,35,-4.8160436566725755,20.281915110293834,0.1411535462020891
jjas_z500,z500,mme,6,35.0,75.5,35,-2.542115069184209,23.031343878359134,0.1520826283702133
jjas_z500,z500,mme,6,35.0,77.0,35,-3.727355370555545,22.237724008367515,0.16767683484474227
jjas_z500,z500,mme,6,35.0,78.5,35,-3.5206733843833455,22.109944219113792,0.14508464949139052
jjas_z500,z500,mme,6,35.0,80.0,35,-2.8721440920003136,21.71785777270635,0.14426849393636018
jjas_z500,z500,mme,6,36.5,74.0,35,-2.784563805862152,25.898500742728285,0.13461436818745104
jjas_z500,z500,mme,6,36.5,75.5,35,-1.4953864422674088,25.119536473392998,0.13060833762415908
jjas_z500,z500,ncep,1,9.5,77.0,35,-22.266218591115024,22.50652754113163,0.8923335185604013
jjas_z500,z500,ncep,1,9.5,78.5,35,-22.020181807260634,22.278010649842358,0.8857881384818045
jjas_z500,z500,ncep,1,11.0,77.0,35,-21.31010974702385,21.618345346181663,0.8803333188899987
jjas_z500,z500,ncep,1,11.0,78.5,35,-21.04489261687746,21.37223932545336,0.8775349773902107
jjas_z500,z500,ncep,1,12.5,75.5,35,-20.01260918511312,20.429682632290195,0.8611082037434071
jjas_z500,z500,ncep,1,12.5,77.0,35,-19.901982673766177,20.292391804416784,0.8744154454576036
jjas_z500,z500,ncep,1,12.5,78.5,35,-19.836103748139873,20.238761951576127,0.8771821545616443
jjas_z500,z500,ncep,1,12.5,80.0,35,-19.77652897910471,20.180132188747546,0.8856460982067962
jjas_z500,z500,ncep,1,14.0,75.5,35,-18.47314249674468,19.048576768905896,0.8476664718118136
jjas_z500,z500,ncep,1,14.0,77.0,35,-18.39792538597454,18.9379789881574,0.8683306897384495
jjas_z500,z500,ncep,1,14.0,78.5,35,-18.265580822172808,18.80248773390388,0.8823395816921128
jjas_z500,z500,ncep,1,14.0,80.0,35,-18.128603399367705,18.66024851572859,0.8932592941249955
jjas_z500,z500,ncep,1,15.5,74.0,35,-16.802209182012927,17.740828606890055,0.7997264376091074
jjas_z500,z500,ncep,1,15.5,75.5,35,-16.60726483057437,17.459702066845633,0.8365233545985744
jjas_z500,z500,ncep,1,15.5,77.0,35,-16.49259507921015,17.325661719385835,0.8595773414855024
jjas_z500,z500,ncep,1,15.5,78.5,35,-16.6809354267423,17.487579024748467,0.8788934859039953
jjas_z500,z500,ncep,1,15.5,80.0,35,-16.870169115823384,17.65357540129224,0.8908655649857196
jjas_z500,z500,ncep,1,17.0,74.0,35,-14.742573862226969,16.075770841576404,0.7974689868802416
jjas_z500,z500,ncep,1,17.0,75.5,35,-14.750905257936315,16.00814527157658,0.8273214951703156
jjas_z500,z500,ncep,1,17.0,77.0,35,-14.748846144903524,16.020211934047065,0.8489147572729906
jjas_z500,z500,ncep,1,17.0,78.5,35,-14.78699815538187,16.074774665941224,0.8649245801443408
jjas_z500,z500,ncep,1,17.0,80.0,35,-14.70909326946946,16.043543857288103,0.8740351348669414
jjas_z500,z500,ncep,1,17.0,81.5,35,-14.520311337425664,15.979949567515913,0.8726416316276979
jjas_z500,z500,ncep,1,18.5,74.0,35,-13.654229833209502,15.275957842159142,0.802320622003627
jjas_z500,z500,ncep,1,18.5,75.5,35,-13.106628999255918,14.803245175178116,0.8215247139082894
jjas_z500,z500,ncep,1,18.5,77.0,35,-12.908060418991901,14.72999557536202,0.8351247288750744
jjas_z500,z500,ncep,1,18.5,78.5,35,-12.99388272724448,14.939980936136598,0.8438572586867077
jjas_z500,z500,ncep,1,18.5,80.0,35,-13.212945944165273,15.283282332284159,0.8474951623661788
jjas_z500,z500,ncep,1,18.5,81.5,35,-12.96160239567819,15.266128384836659,0.8447149681693833
jjas_z500,z500,ncep,1,18.5,83.0,35,-12.04210660419758,14.730917336116331,0.8334816781357254
jjas_z500,z500,ncep,1,20.0,74.0,35,-11.709351845392822,13.675321407490243,0.8011412232681008
jjas_z500,z500,ncep,1,20.0,75.5,35,-11.53540591285338,13.634834906327796,0.8126092938746114
jjas_z500,z500,ncep,1,20.0,77.0,35,-11.38045295836447,13.713842412541643,0.8193464984992072
jjas_z500,z500,ncep,1,20.0,78.5,35,-11.15669022817461,13.77807809819875,0.8227872413128667
jjas_z500,z500,ncep,1,20.0,80.0,35,-11.127076067243486,14.006236900929887,0.8239187618004096
jjas_z500,z500,ncep,1,20.0,81.5,35,-10.793867323133911,14.00633714639991,0.8215178928856304
jjas_z500,z500,ncep,1,20.0,83.0,35,-10.233129689050344,13.815353999752928,0.8132619440235714
jjas_z500,z500,ncep,1,20.0,84.5,35,-9.347702365451473,13.393600911239071,0.8005879760011076
jjas_z500,z500,ncep,1,20.0,86.0,35,-8.4516973586311,12.89091373483955,0.7891973046453334
jjas_z500,z500,ncep,1,21.5,71.0,35,-11.343641977461552,13.376528041397842,0.7350307305165829
jjas_z500,z500,ncep,1,21.5,74.0,35,-11.037183004712356,13.168847660332334,0.7883206605043761
jjas_z500,z500,ncep,1,21.5,75.5,35,-10.357444254557127,12.796459106872152,0.7945368926884986
jjas_z500,z500,ncep,1,21.5,77.0,35,-9.717183430989461,12.53894022575866,0.7985717458553229
jjas_z500,z500,ncep,1,21.5,78.5,35,-9.694401041666683,12.796011174886175,0.8012167281273832
jjas_z500,z500,ncep,1,21.5,80.0,35,-9.969381568545266,13.274088179218426,0.8026199858889871
jjas_z500,z500,ncep,1,21.5,81.5,35,-9.717831178695398,13.35174603791667,0.8021674001792358
jjas_z500,z500,ncep,1,21.5,83.0,35,-8.88347642686627,12.972246063794504,0.7973405019967947
jjas_z500,z500,ncep,1,21.5,84.5,35,-7.748653351314559,12.3735285209931,0.7895068353040692
jjas_z500,z500,ncep,1,21.5,86.0,35,-7.28214479476688,12.026229837609888,0.7874146880631431
jjas_z500,z500,ncep,1,23.0,69.5,35,-12.504965839688806,14.243955693267244,0.7141100366100686
jjas_z500,z500,ncep,1,23.0,71.0,35,-11.125551641554999,13.091495168877309,0.7225530857146335
jjas_z500,z500,ncep,1,23.0,72.5,35,-10.19685397677952,12.379663638925749,0.742146237280602
jjas_z500,z500,ncep,1,23.0,74.0,35,-9.65103033156647,12.13511062940124,0.7518348499594637
jjas_z500,z500,ncep,1,23.0,75.5,35,-9.24071180555563,12.043590225746755,0.7584715856614501
jjas_z500,z500,ncep,1,23.0,77.0,35,-8.913182237412963,12.028002439004023,0.763466964416727
jjas_z500,z500,ncep,1,23.0,78.5,35,-8.692185562375588,12.078306261303048,0.7705754239471362
jjas_z500,z500,ncep,1,23.0,80.0,35,-8.652289399646673,12.221703256217877,0.7779767162117756
jjas_z500,z500,ncep,1,23.0,81.5,35,-8.650710332961275,12.415294204474938,0.7797910796815538
jjas_z500,z500,ncep,1,23.0,83.0,35,-8.342004394531536,12.364322040222339,0.7781535037530115
jjas_z500,z500,ncep,1,23.0,84.5,35,-7.982980685763972,12.157951573339474,0.7778019281252736
jjas_z500,z500,ncep,1,23.0,86.0,35,-7.94964454287557,11.942284129247891,0.7824751252695107
jjas_z500,z500,ncep,1,23.0,87.5,35,-7.968804640996885,11.629565308707567,0.7910081526630162
jjas_z500,z500,ncep,1,24.5,72.5,35,-10.916682167658811,13.027355634226732,0.7148006259668147
jjas_z500,z500,ncep,1,24.5,74.0,35,-10.512473357669842,12.922943649359587,0.7045183966611479
jjas_z500,z500,ncep,1,24.5,75.5,35,-9.358371117001427,12.261475945812562,0.7018769614337269
jjas_z500,z500,ncep,1,24.5,77.0,35,-8.356864033048051,11.717774088909959,0.7078645109137421
jjas_z500,z500,ncep,1,24.5,78.5,35,-8.297054423983198,11.75283988845764,0.7235087073640121
jjas_z500,z500,ncep,1,24.5,80.0,35,-9.019591219463214,12.265971570211821,0.7461609319444935
jjas_z500,z500,ncep,1,24.5,81.5,35,-9.040161520337435,12.320222085606222,0.7618622708271274
jjas_z500,z500,ncep,1,24.5,83.0,35,-7.9330585782488665,11.596205690190706,0.769220845084329
jjas_z500,z500,ncep,1,24.5,84.5,35,-7.094689069475629,10.955458671094545,0.773647501234494
jjas_z500,z500,ncep,1,24.5,86.0,35,-7.41004038008445,10.906093764256838,0.7799784522663118
jjas_z500,z500,ncep,1,24.5,87.5,35,-8.169372171069023,11.179717067986836,0.7857730726179252
jjas_z500,z500,ncep,1,24.5,93.5,35,-8.8445326063367,10.07768577491208,0.862979344533637
jjas_z500,z500,ncep,1,26.0,71.0,35,-11.57771993970091,13.328939383916062,0.7997750964655432
jjas_z500,z500,ncep,1,26.0,72.5,35,-10.736677866133505,12.834980880984906,0.7502743886274325
jjas_z500,z500,ncep,1,26.0,74.0,35,-10.13772738017729,12.636007684957015,0.7039175719079732
jjas_z500,z500,ncep,1,26.0,75.5,35,-9.601110355437648,12.508584749602704,0.6759856436938103
jjas_z500,z500,ncep,1,26.0,77.0,35,-8.969501313709042,12.18132417881843,0.674979134864578
jjas_z500,z500,ncep,1,26.0,78.5,35,-8.619302125961127,11.846920070976614,0.6997303511061383
jjas_z500,z500,ncep,1,26.0,80.0,35,-8.899973454551114,11.841950584251713,0.7376528768218507
jjas_z500,z500,ncep,1,26.0,81.5,35,-8.940257626488268,11.769127238305357,0.7673725405847412
jjas_z500,z500,ncep,1,26.0,83.0,35,-8.750091940259127,11.72063385525893,0.7777233820679677
jjas_z500,z500,ncep,1,26.0,84.5,35,-8.868635389539719,11.769208796517788,0.7828606897952787
jjas_z500,z500,ncep,1,26.0,86.0,35,-9.810122341579856,12.231063188483565,0.7942490007821755
jjas_z500,z500,ncep,1,26.0,87.5,35,-10.863896930028593,12.832321762067174,0.8086941710754942
jjas_z500,z500,ncep,1,26.0,90.5,35,-11.279985409691134,12.685612080015696,0.8460818602266859
jjas_z500,z500,ncep,1,26.0,92.0,35,-10.621931578620934,11.84082901111775,0.8638236301184193
jjas_z500,z500,ncep,1,26.0,93.5,35,-10.108140733507,11.118545369163506,0.8803827567743424
jjas_z500,z500,ncep,1,26.0,95.0,35,-9.892075602213586,10.713086387806166,0.8919506733296365
jjas_z500,z500,ncep,1,27.5,71.0,35,-10.800852070157582,12.9004347238115,0.8453140843395851
jjas_z500,z500,ncep,1,27.5,72.5,35,-11.313739498077823,13.469283333768626,0.8041591671417635
jjas_z500,z500,ncep,1,27.5,74.0,35,-11.645325966486753,13.91332470710436,0.7626621979437974
jjas_z500,z500,ncep,1,27.5,75.5,35,-10.619183930896595,13.211771499733956,0.7366011613696235
jjas_z500,z500,ncep,1,27.5,77.0,35,-8.904626367962582,11.935290670865811,0.7312108140731792
jjas_z500,z500,ncep,1,27.5,78.5,35,-8.935276188926244,11.83726235373012,0.7492417230091134
jjas_z500,z500,ncep,1,27.5,80.0,35,-10.498407563709147,12.810085621309334,0.7823481909337224
jjas_z500,z500,ncep,1,27.5,81.5,35,-10.518574741908509,12.657750597725178,0.8088959173807362
jjas_z500,z500,ncep,1,27.5,92.0,35,-10.679202125186228,11.879172177067947,0.8938614687391706
jjas_z500,z500,ncep,1,27.5,93.5,35,-8.798336743551667,10.031657647218266,0.9013903956699034
jjas_z500,z500,ncep,1,27.5,95.0,35,-8.889788043309741,9.874896232371729,0.9106606525889336
jjas_z500,z500,ncep,1,27.5,96.5,35,-9.865483456566368,10.642387862269317,0.9148177661145731
jjas_z500,z500,ncep,1,29.0,74.0,35,-10.827552141461924,13.474894735639992,0.8158409321356425
jjas_z500,z500,ncep,1,29.0,75.5,35,-10.704582480778923,13.340583708214139,0.8050527434448733
jjas_z500,z500,ncep,1,29.0,77.0,35,-10.225451757037444,12.897141812259466,0.8045853366758243
jjas_z500,z500,ncep,1,29.0,78.5,35,-10.477900332496315,13.001139657074571,0.811447206190139
jjas_z500,z500,ncep,1,29.0,80.0,35,-10.82267523871529,13.133204455627018,0.8268969563112012
jjas_z500,z500,ncep,1,29.0,95.0,35,-10.187190270802654,11.342612737967167,0.912054666543998
jjas_z500,z500,ncep,1,30.5,74.0,35,-12.140662589905721,14.97983803923927,0.8377561043534523
jjas_z500,z500,ncep,1,30.5,75.5,35,-11.594747101314377,14.437137013987234,0.8365303536949111
jjas_z500,z500,ncep,1,30.5,77.0,35,-9.648358832465446,12.877850043264251,0.8338563431586624
jjas_z500,z500,ncep,1,30.5,78.5,35,-10.490646798270244,13.474811442279524,0.8320456391904087
jjas_z500,z500,ncep,1,30.5,80.0,35,-12.185380433097842,14.757203024772531,0.837435689628269
jjas_z500,z500,ncep,1,32.0,75.5,35,-10.282869756789323,13.967977825270541,0.8389611378149683
jjas_z500,z500,ncep,1,32.0,77.0,35,-10.374605402870683,14.044329527794174,0.833712946934137
jjas_z500,z500,ncep,1,32.0,78.5,35,-9.933663020058287,13.659617859606115,0.8378867047664801
jjas_z500,z500,ncep,1,33.5,74.0,35,-10.813909233941013,14.982291899246375,0.8391576596300259
jjas_z500,z500,ncep,1,33.5,75.5,35,-10.732883707682205,14.993340559176248,0.826176729615166
jjas_z500,z500,ncep,1,33.5,77.0,35,-8.226391989087045,13.234293921972242,0.8301228892658634
jjas_z500,z500,ncep,1,33.5,78.5,35,-8.416113862537246,13.060131485268867,0.8449100404522387
jjas_z500,z500,ncep,1,35.0,75.5,35,-9.066676936074016,14.052779096754792,0.8501643256530801
jjas_z500,z500,ncep,1,35.0,77.0,35,-9.654994128999428,14.109952760476645,0.8600626641287796
jjas_z500,z500,ncep,1,35.0,78.5,35,-8.744010997953826,13.157507291717563,0.8782923794080141
jjas_z500,z500,ncep,1,35.0,80.0,35,-8.06948416573671,12.61519423804957,0.8818204489540008
jjas_z500,z500,ncep,1,36.5,74.0,35,-7.818563213045854,13.213249903898662,0.8959335916989876
jjas_z500,z500,ncep,1,36.5,75.5,35,-6.966182938833039,12.626922617868376,0.894333849208651
jjas_z500,z500,ncep,2,9.5,77.0,35,-24.90364873976931,25.678654296544398,0.5432798171050123
jjas_z500,z500,ncep,2,9.5,78.5,35,-24.31587689112127,25.139940289482325,0.5142835131115966
jjas_z500,z500,ncep,2,11.0,77.0,35,-23.07308620876733,24.066012098665325,0.4875083703603476
jjas_z500,z500,ncep,2,11.0,78.5,35,-22.420119415767736,23.467130972823277,0.4720338654387223
jjas_z500,z500,ncep,2,12.5,75.5,35,-21.083308725508452,22.367833142963224,0.46323546525792186
jjas_z500,z500,ncep,2,12.5,77.0,35,-20.646723962208462,21.962092858877796,0.46754518545537765
jjas_z500,z500,ncep,2,12.5,78.5,35,-20.1990385509673,21.57268203536417,0.46583658031691244
jjas_z500,z500,ncep,2,12.5,80.0,35,-19.714249965122768,21.179583262070768,0.4580196835872898
jjas_z500,z500,ncep,2,14.0,75.5,35,-18.569158741784513,20.30375384902827,0.46443066705047237
jjas_z500,z500,ncep,2,14.0,77.0,35,-18.10744415767622,19.912689052772453,0.4776362960569991
jjas_z500,z500,ncep,2,14.0,78.5,35,-17.550658307756827,19.46913664099928,0.48998501401544164
jjas_z500,z500,ncep,2,14.0,80.0,35,-17.008564394996498,19.086026929265657,0.4862398252595623
jjas_z500,z500,ncep,2,15.5,74.0,35,-16.687294999379862,19.041432572609864,0.45595704233663725
jjas_z500,z500,ncep,2,15.5,75.5,35,-16.038826012990025,18.462547336569028,0.4807132312911404
jjas_z500,z500,ncep,2,15.5,77.0,35,-15.446250600663292,18.044239233678503,0.49806350751447404
jjas_z500,z500,ncep,2,15.5,78.5,35,-15.15288473462294,17.929584980180305,0.5119867268373012
jjas_z500,z500,ncep,2,15.5,80.0,35,-14.970600721571255,17.971077621931794,0.5074652195675556
jjas_z500,z500,ncep,2,17.0,74.0,35,-14.345089673238935,17.59108791996775,0.4662165824334982
jjas_z500,z500,ncep,2,17.0,75.5,35,-13.968626767112983,17.31170536260543,0.4896119479875792
jjas_z500,z500,ncep,2,17.0,77.0,35,-13.436697339254819,17.06721127683091,0.5067728664901374
jjas_z500,z500,ncep,2,17.0,78.5,35,-12.966748531280947,16.941648778228917,0.513278785730795
jjas_z500,z500,ncep,2,17.0,80.0,35,-12.576075187561894,16.98518917521703,0.5038766574523811
jjas_z500,z500,ncep,2,17.0,81.5,35,-12.370165240575782,17.178999040320566,0.4888822160141101
jjas_z500,z500,ncep,2,18.5,74.0,35,-13.314231073288648,17.44331015874137,0.4489842693893946
jjas_z500,z500,ncep,2,18.5,75.5,35,-12.46896643260157,16.859034404063713,0.47318488124534014
jjas_z500,z500,ncep,2,18.5,77.0,35,-11.75447126116074,16.56301911115977,0.48765763443556326
jjas_z500,z500,ncep,2,18.5,78.5,35,-11.359717281281025,16.649102302911153,0.48627155530019317
jjas_z500,z500,ncep,2,18.5,80.0,35,-11.36242976112956,17.14190848235203,0.4669765938416885
jjas_z500,z500,ncep,2,18.5,81.5,35,-11.197085813491816,17.515349820469396,0.44819331467227524
jjas_z500,z500,ncep,2,18.5,83.0,35,-10.588548448350698,17.51671887747683,0.4318721310327582
jjas_z500,z500,ncep,2,20.0,74.0,35,-11.714532858227903,16.902747430115888,0.40889100324688893
jjas_z500,z500,ncep,2,20.0,75.5,35,-11.342853945777565,16.766062677858244,0.42493054943600395
jjas_z500,z500,ncep,2,20.0,77.0,35,-10.801954578217972,16.68901363080533,0.43383508368859197
jjas_z500,z500,ncep,2,20.0,78.5,35,-10.223795088510684,16.759800769714676,0.42729601600191874
jjas_z500,z500,ncep,2,20.0,80.0,35,-10.040977744450668,17.189408822874064,0.4079477244432607
jjas_z500,z500,ncep,2,20.0,81.5,35,-9.804099624875978,17.576120686372875,0.39075145000606554
jjas_z500,z500,ncep,2,20.0,83.0,35,-9.56556948707239,17.87349023261826,0.37166310068154434
jjas_z500,z500,ncep,2,20.0,84.5,35,-9.25840705992671,18.161395623500347,0.339496135644731
jjas_z500,z500,ncep,2,20.0,86.0,35,-9.19647284613706,18.575533071265014,0.29104749781524514
jjas_z500,z500,ncep,2,21.5,71.0,35,-11.490923006572354,16.893323189661714,0.3277081835614316
jjas_z500,z500,ncep,2,21.5,74.0,35,-11.516941421751133,17.298667626296393,0.34846784558621985
jjas_z500,z500,ncep,2,21.5,75.5,35,-10.747903490823514,17.00264142843903,0.35667243556035355
jjas_z500,z500,ncep,2,21.5,77.0,35,-9.922047254774172,16.782117624659385,0.35966724925520427
jjas_z500,z500,ncep,2,21.5,78.5,35,-9.75305282350564,17.079579335669177,0.35252044742233524
jjas_z500,z500,ncep,2,21.5,80.0,35,-9.996420627170222,17.662949337367877,0.3378296180668982
jjas_z500,z500,ncep,2,21.5,81.5,35,-9.862474423363087,18.036866792826206,0.32320543718867095
jjas_z500,z500,ncep,2,21.5,83.0,35,-9.321431090339683,18.157258315452516,0.30320367790603775
jjas_z500,z500,ncep,2,21.5,84.5,35,-8.698412020244385,18.258470837175462,0.2702999568743297
jjas_z500,z500,ncep,2,21.5,86.0,35,-8.983589874751903,18.722437306536424,0.22560990058434216
jjas_z500,z500,ncep,2,23.0,69.5,35,-12.81654391818577,18.376927401267597,0.2027087145705685
jjas_z500,z500,ncep,2,23.0,71.0,35,-11.683631630549437,17.56906121409761,0.230551522383907
jjas_z500,z500,ncep,2,23.0,72.5,35,-11.028941999162972,17.226219480365554,0.2519982882317835
jjas_z500,z500,ncep,2,23.0,74.0,35,-10.637347993396777,17.21716938337235,0.2582841788349814
jjas_z500,z500,ncep,2,23.0,75.5,35,-10.286010742187395,17.25137119786522,0.2614073929608697
jjas_z500,z500,ncep,2,23.0,77.0,35,-10.006430780319976,17.331225602494136,0.2619949744496178
jjas_z500,z500,ncep,2,23.0,78.5,35,-9.873521011594832,17.5124631745714,0.2590973876424618
jjas_z500,z500,ncep,2,23.0,80.0,35,-9.99561331612731,17.813332014715524,0.2560853795769545
jjas_z500,z500,ncep,2,23.0,81.5,35,-10.21894376240073,18.21497820904237,0.24635854768284735
jjas_z500,z500,ncep,2,23.0,83.0,35,-10.193798246837988,18.497390657561482,0.22623339145821061
jjas_z500,z500,ncep,2,23.0,84.5,35,-10.22672245086178,18.74023531960717,0.1982711707342505
jjas_z500,z500,ncep,2,23.0,86.0,35,-10.736191813150851,19.089349378829713,0.1596520300560815
jjas_z500,z500,ncep,2,23.0,87.5,35,-11.348767283606035,19.34869780992367,0.12011425974806635
jjas_z500,z500,ncep,2,24.5,72.5,35,-12.336579337952623,18.906227554067968,0.10659353627035617
jjas_z500,z500,ncep,2,24.5,74.0,35,-12.138810511997795,18.85492911423855,0.11708336712193179
jjas_z500,z500,ncep,2,24.5,75.5,35,-11.192354910714338,18.366214850083797,0.12386186529743387
jjas_z500,z500,ncep,2,24.5,77.0,35,-10.446234033978232,17.99852330558014,0.13088923169479375
jjas_z500,z500,ncep,2,24.5,78.5,35,-10.684582907056054,18.168423928927666,0.1397650528960098
jjas_z500,z500,ncep,2,24.5,80.0,35,-11.730764818948384,18.809877006701885,0.1532910668337941
jjas_z500,z500,ncep,2,24.5,81.5,35,-12.06473504929306,19.094264665973572,0.1573601556182169
jjas_z500,z500,ncep,2,24.5,83.0,35,-11.229073079427144,18.674629795496994,0.14850716242039327
jjas_z500,z500,ncep,2,24.5,84.5,35,-10.67485942537847,18.31481940247302,0.13039415339578656
jjas_z500,z500,ncep,2,24.5,86.0,35,-11.335753619481693,18.55447175423127,0.10191860138827823
jjas_z500,z500,ncep,2,24.5,87.5,35,-12.4132507324219,19.019135200730624,0.0781061221891643
jjas_z500,z500,ncep,2,24.5,93.5,35,-13.418595280722782,17.05696278449691,0.22269397615998301
jjas_z500,z500,ncep,2,26.0,71.0,35,-13.900082445901353,21.186432137121233,-0.030442205427476943
jjas_z500,z500,ncep,2,26.0,72.5,35,-13.08313918340778,20.526212212763575,-0.032217912559406474
jjas_z500,z500,ncep,2,26.0,74.0,35,-12.685556175595151,20.11305108711708,-0.025524528774001177
jjas_z500,z500,ncep,2,26.0,75.5,35,-12.473164876302222,19.830428677769618,-0.01170280436513358
jjas_z500,z500,ncep,2,26.0,77.0,35,-12.240105426122161,19.489416218123914,0.007108007600404939
jjas_z500,z500,ncep,2,26.0,78.5,35,-12.27217765686993,19.239683866645905,0.03431470753800819
jjas_z500,z500,ncep,2,26.0,80.0,35,-12.898250809926633,19.390333386473998,0.06473950976699097
jjas_z500,z500,ncep,2,26.0,81.5,35,-13.24216599237326,19.537445673354565,0.08483513353352432
jjas_z500,z500,ncep,2,26.0,83.0,35,-13.27890014648448,19.623002167488792,0.09249453417311702
jjas_z500,z500,ncep,2,26.0,84.5,35,-13.611234440879057,19.7479551050463,0.0938992756016591
jjas_z500,z500,ncep,2,26.0,86.0,35,-14.76112138051836,20.248520486376805,0.09443238013711375
jjas_z500,z500,ncep,2,26.0,87.5,35,-15.927677893260105,20.75889086589379,0.11014145344179936
jjas_z500,z500,ncep,2,26.0,90.5,35,-16.320582120380536,20.168240069014796,0.20580838539511917
jjas_z500,z500,ncep,2,26.0,92.0,35,-15.65679989769347,19.071921713304647,0.2685955014112592
jjas_z500,z500,ncep,2,26.0,93.5,35,-15.109401448567665,18.033407980409624,0.3315305895998355
jjas_z500,z500,ncep,2,26.0,95.0,35,-14.790121702163924,17.19440621333474,0.4009786027277521
jjas_z500,z500,ncep,2,27.5,71.0,35,-14.469044712611478,22.992728758656305,-0.09074581877389737
jjas_z500,z500,ncep,2,27.5,72.5,35,-14.838569568452424,22.930443521670746,-0.10158692349744695
jjas_z500,z500,ncep,2,27.5,74.0,35,-15.319942704458194,22.85522286721782,-0.08483958043538219
jjas_z500,z500,ncep,2,27.5,75.5,35,-14.638843451605862,21.942815725250266,-0.05043235590069372
jjas_z500,z500,ncep,2,27.5,77.0,35,-13.314418732173882,20.563818489185884,-0.010892582880505665
jjas_z500,z500,ncep,2,27.5,78.5,35,-13.684309895833367,20.324298418209526,0.027569295765920168
jjas_z500,z500,ncep,2,27.5,80.0,35,-15.554784090556884,21.264971678605555,0.062063088288022865
jjas_z500,z500,ncep,2,27.5,81.5,35,-15.811062089223846,21.250562485477396,0.0903301210670449
jjas_z500,z500,ncep,2,27.5,92.0,35,-15.996496582031172,19.29474472114351,0.41745292366592684
jjas_z500,z500,ncep,2,27.5,93.5,35,-14.104756770058312,17.252821923589867,0.47214378719314676
jjas_z500,z500,ncep,2,27.5,95.0,35,-14.164140683128686,16.750946364050876,0.5216228884920459
jjas_z500,z500,ncep,2,27.5,96.5,35,-15.131272573319698,17.183992159528046,0.570003114332007
jjas_z500,z500,ncep,2,29.0,74.0,35,-15.498438565693089,24.15264378299469,-0.08266704269104515
jjas_z500,z500,ncep,2,29.0,75.5,35,-15.628556411985379,23.524419086062597,-0.020261356361010466
jjas_z500,z500,ncep,2,29.0,77.0,35,-15.390536741226347,22.63980742582693,0.04442142700860644
jjas_z500,z500,ncep,2,29.0,78.5,35,-15.881663876488112,22.4341070141029,0.08751599406178238
jjas_z500,z500,ncep,2,29.0,80.0,35,-16.46509699745779,22.518656654462262,0.11283346651883143
jjas_z500,z500,ncep,2,29.0,95.0,35,-15.787003096323575,18.61335855473466,0.5942021107210642
jjas_z500,z500,ncep,2,30.5,74.0,35,-17.60982026599704,26.822487269316262,-0.06087882617786124
jjas_z500,z500,ncep,2,30.5,75.5,35,-17.179709879557493,25.716393423413294,0.015990338909637438
jjas_z500,z500,ncep,2,30.5,77.0,35,-15.300079926990371,23.67422048450311,0.08216117425553143
jjas_z500,z500,ncep,2,30.5,78.5,35,-16.308235483321212,23.810478466760216,0.11386257400616871
jjas_z500,z500,ncep,2,30.5,80.0,35,-18.16620037744924,24.890531056654076,0.12934430390307664
jjas_z500,z500,ncep,2,32.0,75.5,35,-16.347540864490163,26.274637392746314,0.027393804986764487
jjas_z500,z500,ncep,2,32.0,77.0,35,-16.444491431826673,25.67570412122363,0.06792556351008713
jjas_z500,z500,ncep,2,32.0,78.5,35,-16.076078190879265,24.979474634779113,0.10281139083023125
jjas_z500,z500,ncep,2,33.5,74.0,35,-17.397060915023577,28.474768996884148,0.02301150681304178
jjas_z500,z500,ncep,2,33.5,75.5,35,-17.192037237257942,27.78517988061404,0.03803500017461121
jjas_z500,z500,ncep,2,33.5,77.0,35,-14.580319940476148,25.629246448101206,0.06926555112110318
jjas_z500,z500,ncep,2,33.5,78.5,35,-14.754641675192241,25.36821774847221,0.10609679652001772
jjas_z500,z500,ncep,2,35.0,75.5,35,-15.772422863188252,27.51716512511396,0.11496191998530247
jjas_z500,z500,ncep,2,35.0,77.0,35,-16.244937182229453,27.311658050739172,0.14519546549866325
jjas_z500,z500,ncep,2,35.0,78.5,35,-15.286002313522996,26.520824326218182,0.18795193391710002
jjas_z500,z500,ncep,2,35.0,80.0,35,-14.502612982856096,25.97751307493699,0.20488176455789398
jjas_z500,z500,ncep,2,36.5,74.0,35,-14.625838894314308,27.64015719956396,0.258341749076481
jjas_z500,z500,ncep,2,36.5,75.5,35,-13.57355666387635,26.748504247277154,0.25515974188609086
jjas_z500,z500,ncep,3,9.5,77.0,35,-28.260343327598147,28.915872435695018,0.47381994388596793
jjas_z500,z500,ncep,3,9.5,78.5,35,-27.722248283265124,28.397626645985905,0.44425642610929345
jjas_z500,z500,ncep,3,11.0,77.0,35,-26.612326873294972,27.482615206996005,0.3308787780087443
jjas_z500,z500,ncep,3,11.0,78.5,35,-26.03212474035837,26.922244120496753,0.30580057081356093
jjas_z500,z500,ncep,3,12.5,75.5,35,-24.747808159722055,26.057393628087734,0.18046754702382065
jjas_z500,z500,ncep,3,12.5,77.0,35,-24.40442950536295,25.72281859438184,0.1636386159165775
jjas_z500,z500,ncep,3,12.5,78.5,35,-24.048174564422073,25.41056073337295,0.1462659458058701
jjas_z500,z500,ncep,3,12.5,80.0,35,-23.645144411117354,25.091728346183835,0.13241682144703731
jjas_z500,z500,ncep,3,14.0,75.5,35,-22.43204801044781,24.45678328224344,0.047598452338579164
jjas_z500,z500,ncep,3,14.0,77.0,35,-22.067895895337173,24.194948901756852,0.029400780199685474
jjas_z500,z500,ncep,3,14.0,78.5,35,-21.579188174293293,23.83806866981245,0.02639696532491602
jjas_z500,z500,ncep,3,14.0,80.0,35,-21.094831775483648,23.485321433030443,0.032205100657040894
jjas_z500,z500,ncep,3,15.5,74.0,35,-20.586894298735103,23.538358802561575,0.004690474730840298
jjas_z500,z500,ncep,3,15.5,75.5,35,-20.08203076559395,23.20735288807966,-0.018899094407949277
jjas_z500,z500,ncep,3,15.5,77.0,35,-19.567479596819354,22.952297719073293,-0.030555763937847875
jjas_z500,z500,ncep,3,15.5,78.5,35,-19.28975190662204,22.887065969163434,-0.024243589169294866
jjas_z500,z500,ncep,3,15.5,80.0,35,-19.151179431733624,22.909013499004455,-0.004606739836139065
jjas_z500,z500,ncep,3,17.0,74.0,35,-18.42352856832835,22.706485072306712,-0.035363657034524626
jjas_z500,z500,ncep,3,17.0,75.5,35,-18.206646147228405,22.71945715895503,-0.04837437040576106
jjas_z500,z500,ncep,3,17.0,77.0,35,-17.714196971106166,22.619390156078754,-0.05295125877776645
jjas_z500,z500,ncep,3,17.0,78.5,35,-17.225312926277443,22.46414741066316,-0.043428767400198326
jjas_z500,z500,ncep,3,17.0,80.0,35,-16.853487723214364,22.39309198664583,-0.02274721359893686
jjas_z500,z500,ncep,3,17.0,81.5,35,-16.64482693142363,22.446480247594472,0.0002463912813446803
jjas_z500,z500,ncep,3,18.5,74.0,35,-17.62472156343005,23.172995685907054,-0.07243950153917038
jjas_z500,z500,ncep,3,18.5,75.5,35,-16.913798789372645,22.84858083408353,-0.07775259207960641
jjas_z500,z500,ncep,3,18.5,77.0,35,-16.22550756060872,22.636341200692385,-0.07704178683839599
jjas_z500,z500,ncep,3,18.5,78.5,35,-15.800958348834294,22.596610573223998,-0.0681813357046745
jjas_z500,z500,ncep,3,18.5,80.0,35,-15.768010602678338,22.829602892850545,-0.054632461877541415
jjas_z500,z500,ncep,3,18.5,81.5,35,-15.55308498806423,22.95340523453386,-0.0362239329232194
jjas_z500,z500,ncep,3,18.5,83.0,35,-14.877651832217088,22.735135242637696,-0.015775238586879112
jjas_z500,z500,ncep,3,20.0,74.0,35,-16.248092602926434,23.054942218822934,-0.09795414589465912
jjas_z500,z500,ncep,3,20.0,75.5,35,-15.992755805121565,23.10152574740234,-0.11064663193152816
jjas_z500,z500,ncep,3,20.0,77.0,35,-15.521971687437976,23.070785652103858,-0.11626850857282091
jjas_z500,z500,ncep,3,20.0,78.5,35,-14.950426277281595,22.977889950524673,-0.1152554400987791
jjas_z500,z500,ncep,3,20.0,80.0,35,-14.705629572792844,23.071223487096848,-0.10670066448869735
jjas_z500,z500,ncep,3,20.0,81.5,35,-14.393879917689862,23.115616457767764,-0.08742734616717092
jjas_z500,z500,ncep,3,20.0,83.0,35,-14.103368462456716,23.134481666543174,-0.0703016064560839
jjas_z500,z500,ncep,3,20.0,84.5,35,-13.728740776909477,23.089670499985147,-0.06362612226241536
jjas_z500,z500,ncep,3,20.0,86.0,35,-13.607294766865015,23.11977953467062,-0.06412523887862476
jjas_z500,z500,ncep,3,21.5,71.0,35,-16.101783679780315,22.769787448830375,0.00033799737627048356
jjas_z500,z500,ncep,3,21.5,74.0,35,-16.280362955729156,23.75156790066985,-0.11343464210320044
jjas_z500,z500,ncep,3,21.5,75.5,35,-15.625444490947407,23.55981233601963,-0.14344293628383098
jjas_z500,z500,ncep,3,21.5,77.0,35,-14.918922254774198,23.344919492783745,-0.16620763315083256
jjas_z500,z500,ncep,3,21.5,78.5,35,-14.796475365048563,23.513349138845783,-0.17584125647440357
jjas_z500,z500,ncep,3,21.5,80.0,35,-14.979700772724442,23.814677496575012,-0.17267267653933846
jjas_z500,z500,ncep,3,21.5,81.5,35,-14.746634831504187,23.800896919541128,-0.15629529766290837
jjas_z500,z500,ncep,3,21.5,83.0,35,-14.132560124472963,23.514878887736412,-0.1400266458008586
jjas_z500,z500,ncep,3,21.5,84.5,35,-13.424710809616876,23.183760929144643,-0.13264842866787932
jjas_z500,z500,ncep,3,21.5,86.0,35,-13.567429896763185,23.25214020126207,-0.13241874440691145
jjas_z500,z500,ncep,3,23.0,69.5,35,-17.25676066080723,23.827283160230653,0.045770386250821714
jjas_z500,z500,ncep,3,23.0,71.0,35,-16.386546204582036,23.412550852725648,0.008210835460377017
jjas_z500,z500,ncep,3,23.0,72.5,35,-15.902253166077623,23.430346889594688,-0.05417595656876674
jjas_z500,z500,ncep,3,23.0,74.0,35,-15.616584705171409,23.692977648362437,-0.12508046600850498
jjas_z500,z500,ncep,3,23.0,75.5,35,-15.37352236793122,23.874125632018696,-0.18143642420510195
jjas_z500,z500,ncep,3,23.0,77.0,35,-15.217327105809611,23.967433302892978,-0.21648989562104023
jjas_z500,z500,ncep,3,23.0,78.5,35,-15.125092812189827,24.01722527722061,-0.23381305981832315
jjas_z500,z500,ncep,3,23.0,80.0,35,-15.166275460379126,24.068756030741678,-0.23520746790122676
jjas_z500,z500,ncep,3,23.0,81.5,35,-15.262826005239601,24.141868351223536,-0.22720755287965536
jjas_z500,z500,ncep,3,23.0,83.0,35,-15.132574753534442,24.054621578155924,-0.21700249691579157
jjas_z500,z500,ncep,3,23.0,84.5,35,-15.046777343749948,23.935331587533234,-0.20804773931370898
jjas_z500,z500,ncep,3,23.0,86.0,35,-15.350860886346501,23.894290489787203,-0.20249880406771448
jjas_z500,z500,ncep,3,23.0,87.5,35,-15.701672072637432,23.75304469129342,-0.20005285825176353
jjas_z500,z500,ncep,3,24.5,72.5,35,-17.246594238281222,24.642026558008393,-0.06911854671561211
jjas_z500,z500,ncep,3,24.5,74.0,35,-17.161826288132268,24.923725767307754,-0.13874439613048448
jjas_z500,z500,ncep,3,24.5,75.5,35,-16.345051695808383,24.670766018412195,-0.20802527171949442
jjas_z500,z500,ncep,3,24.5,77.0,35,-15.743002464657652,24.391769372980946,-0.25698294078059525
jjas_z500,z500,ncep,3,24.5,78.5,35,-16.011578078497042,24.558782048915166,-0.28243902842481466
jjas_z500,z500,ncep,3,24.5,80.0,35,-16.929104275173632,25.11749763353709,-0.2884719043127336
jjas_z500,z500,ncep,3,24.5,81.5,35,-17.069802129836432,25.163383868563997,-0.2850006998322674
jjas_z500,z500,ncep,3,24.5,83.0,35,-16.058019922650107,24.380314547121138,-0.27813903614794594
jjas_z500,z500,ncep,3,24.5,84.5,35,-15.33196808345739,23.668185089481238,-0.26808911901352317
jjas_z500,z500,ncep,3,24.5,86.0,35,-15.758511982266931,23.591526559201622,-0.2623776452607808
jjas_z500,z500,ncep,3,24.5,87.5,35,-16.557699342758003,23.749520453813798,-0.26026752393612573
jjas_z500,z500,ncep,3,24.5,93.5,35,-17.083134242466336,21.44616922065789,-0.13667679269346633
jjas_z500,z500,ncep,3,26.0,71.0,35,-18.443523879278292,25.83578338898252,-0.06652044374049339
jjas_z500,z500,ncep,3,26.0,72.5,35,-17.841209871806807,25.418683709918415,-0.10217693203130421
jjas_z500,z500,ncep,3,26.0,74.0,35,-17.57139863513764,25.313079911591792,-0.15326253024094308
jjas_z500,z500,ncep,3,26.0,75.5,35,-17.485907273065642,25.40827724151125,-0.21501293163383142
jjas_z500,z500,ncep,3,26.0,77.0,35,-17.39408569335922,25.424990627247446,-0.275612809610448
jjas_z500,z500,ncep,3,26.0,78.5,35,-17.469542003813228,25.441087198161217,-0.31492316080218274
jjas_z500,z500,ncep,3,26.0,80.0,35,-17.962892368861738,25.68363560732741,-0.32823382394519524
jjas_z500,z500,ncep,3,26.0,81.5,35,-18.053064739893358,25.705932639789996,-0.32478593050583016
jjas_z500,z500,ncep,3,26.0,83.0,35,-17.815279230995603,25.551747655549075,-0.3140458026889599
jjas_z500,z500,ncep,3,26.0,84.5,35,-17.920070200117777,25.467562268901652,-0.3065909934166524
jjas_z500,z500,ncep,3,26.0,86.0,35,-18.867648170107948,25.780799497929582,-0.3027688145426092
jjas_z500,z500,ncep,3,26.0,87.5,35,-19.841257440476173,26.07160899045854,-0.29053640043106116
jjas_z500,z500,ncep,3,26.0,90.5,35,-19.976972307477627,25.197661894166917,-0.22820961355339267
jjas_z500,z500,ncep,3,26.0,92.0,35,-19.224644639756946,24.022937296728518,-0.18216071426049696
jjas_z500,z500,ncep,3,26.0,93.5,35,-18.58798401847723,22.839732597214848,-0.12705206133107
jjas_z500,z500,ncep,3,26.0,95.0,35,-18.177355666387744,21.852145491918492,-0.056035794909644665
jjas_z500,z500,ncep,3,27.5,71.0,35,-18.88728724888398,26.804004542719746,-0.11989621717794662
jjas_z500,z500,ncep,3,27.5,72.5,35,-19.450065104166683,27.113220611018775,-0.15251482900742738
jjas_z500,z500,ncep,3,27.5,74.0,35,-20.056210181826593,27.445812143464675,-0.1837858721322275
jjas_z500,z500,ncep,3,27.5,75.5,35,-19.464528401692743,26.912920716398585,-0.22003499739672694
jjas_z500,z500,ncep,3,27.5,77.0,35,-18.22750815739712,25.926791379400925,-0.26282450206775887
jjas_z500,z500,ncep,3,27.5,78.5,35,-18.61535392640131,26.16597010618277,-0.3041071706204069
jjas_z500,z500,ncep,3,27.5,80.0,35,-20.358643740699517,27.427285327310788,-0.3247987552005099
jjas_z500,z500,ncep,3,27.5,81.5,35,-20.358749341207737,27.452975682106825,-0.32870779562917923
jjas_z500,z500,ncep,3,27.5,92.0,35,-19.431808132595403,24.62378344750293,-0.1582374478661855
jjas_z500,z500,ncep,3,27.5,93.5,35,-17.326720997643886,22.314055556365872,-0.11060518482878133
jjas_z500,z500,ncep,3,27.5,95.0,35,-17.209675331721154,21.49543145522168,-0.04314445212343452
jjas_z500,z500,ncep,3,27.5,96.5,35,-17.976204427083342,21.62050321174443,0.0234670778748366
jjas_z500,z500,ncep,3,29.0,74.0,35,-20.252114625960946,28.29099413190283,-0.24367367358626082
jjas_z500,z500,ncep,3,29.0,75.5,35,-20.39436141725569,28.154652789971095,-0.24855711907199274
jjas_z500,z500,ncep,3,29.0,77.0,35,-20.111856611948472,27.744176004938492,-0.25776627083937054
jjas_z500,z500,ncep,3,29.0,78.5,35,-20.509408036489393,28.011009031102386,-0.28503662818599224
jjas_z500,z500,ncep,3,29.0,80.0,35,-20.97206110878594,28.422317253079775,-0.31369467242783705
jjas_z500,z500,ncep,3,29.0,95.0,35,-18.5517465742808,23.234198665773953,-0.020930973839842958
jjas_z500,z500,ncep,3,30.5,74.0,35,-22.46390836201016,30.925554218511685,-0.311142660822954
jjas_z500,z500,ncep,3,30.5,75.5,35,-21.979530939980215,30.314087182028054,-0.29397255882299855
jjas_z500,z500,ncep,3,30.5,77.0,35,-19.94353463309144,28.626867573450987,-0.2881015590606459
jjas_z500,z500,ncep,3,30.5,78.5,35,-20.857967800564204,29.23216880182854,-0.3084051732645756
jjas_z500,z500,ncep,3,30.5,80.0,35,-22.748982747396024,30.67489824859028,-0.31718004404263855
jjas_z500,z500,ncep,3,32.0,75.5,35,-21.144841851128696,30.783199200935375,-0.347777659895612
jjas_z500,z500,ncep,3,32.0,77.0,35,-21.133738587394433,30.628661635521823,-0.35113249547772196
jjas_z500,z500,ncep,3,32.0,78.5,35,-20.80251309833831,30.21867214947092,-0.35276964511276854
jjas_z500,z500,ncep,3,33.5,74.0,35,-22.139375329395964,32.47226069756219,-0.382336538722816
jjas_z500,z500,ncep,3,33.5,75.5,35,-21.978786117311625,32.22042597490297,-0.38330226615138746
jjas_z500,z500,ncep,3,33.5,77.0,35,-19.347379363529424,30.132010088964186,-0.39049928318707877
jjas_z500,z500,ncep,3,33.5,78.5,35,-19.600237165178363,30.098722407632824,-0.37746723844887464
jjas_z500,z500,ncep,3,35.0,75.5,35,-20.433540659102203,31.7684145527029,-0.37087279664458606
jjas_z500,z500,ncep,3,35.0,77.0,35,-20.871188306051565,31.72009081323263,-0.35400568827702855
jjas_z500,z500,ncep,3,35.0,78.5,35,-19.825297134641655,30.938762680821576,-0.336250790055232
jjas_z500,z500,ncep,3,35.0,80.0,35,-18.94476143973217,30.33846566258099,-0.3131377452792344
jjas_z500,z500,ncep,3,36.5,74.0,35,-18.825312248108872,31.771317081958333,-0.27199415268066907
jjas_z500,z500,ncep,3,36.5,75.5,35,-17.76246047247023,30.85760224015002,-0.2854561605091182
jjas_z500,z500,ncep,4,9.5,77.0,35,-31.407997155567735,32.14946949061541,0.23952344844567192
jjas_z500,z500,ncep,4,9.5,78.5,35,-30.943648856026943,31.674659103000618,0.22131297641383463
jjas_z500,z500,ncep,4,11.0,77.0,35,-30.072371031746012,30.881145503206454,0.18529923558572498
jjas_z500,z500,ncep,4,11.0,78.5,35,-29.550647457062276,30.368493912700014,0.15238537558788298
jjas_z500,z500,ncep,4,12.5,75.5,35,-28.31022648887026,29.41817882823679,0.11483701394259876
jjas_z500,z500,ncep,4,12.5,77.0,35,-28.049246167379483,29.167147657875503,0.07276042998586114
jjas_z500,z500,ncep,4,12.5,78.5,35,-27.721309310670897,28.905942748452585,0.018934867739099182
jjas_z500,z500,ncep,4,12.5,80.0,35,-27.408463541666503,28.689319749604444,-0.02945054181009005
jjas_z500,z500,ncep,4,14.0,75.5,35,-25.957676866319446,27.736793095080564,-0.01728886024264611
jjas_z500,z500,ncep,4,14.0,77.0,35,-25.69689486064604,27.585683092217725,-0.08449823294660752
jjas_z500,z500,ncep,4,14.0,78.5,35,-25.233445715525963,27.292037048445867,-0.1347358047001641
jjas_z500,z500,ncep,4,14.0,80.0,35,-24.836879185267883,27.05946258525008,-0.15645306944366585
jjas_z500,z500,ncep,4,15.5,74.0,35,-23.652864680214563,26.528833823781678,-0.021202927103447455
jjas_z500,z500,ncep,4,15.5,75.5,35,-23.396958705357196,26.410436290240174,-0.1263157187275985
jjas_z500,z500,ncep,4,15.5,77.0,35,-23.024595133463688,26.31862900021428,-0.20293029096124718
jjas_z500,z500,ncep,4,15.5,78.5,35,-22.805763075086595,26.36448455177442,-0.23926548283234328
jjas_z500,z500,ncep,4,15.5,80.0,35,-22.742158629402184,26.52056639744152,-0.24227031591642684
jjas_z500,z500,ncep,4,17.0,74.0,35,-21.236792282831082,25.708125963679038,-0.10457726739218472
jjas_z500,z500,ncep,4,17.0,75.5,35,-21.273917643229314,25.963964050277397,-0.1946124870395016
jjas_z500,z500,ncep,4,17.0,77.0,35,-20.941702222067267,26.077052234514085,-0.26797407000482476
jjas_z500,z500,ncep,4,17.0,78.5,35,-20.52369859483507,26.071179560665268,-0.2998743307435282
jjas_z500,z500,ncep,4,17.0,80.0,35,-20.191093033079127,26.11558480202211,-0.304761929966701
jjas_z500,z500,ncep,4,17.0,81.5,35,-20.088272724454537,26.364197096443316,-0.3213895338703001
jjas_z500,z500,ncep,4,18.5,74.0,35,-20.276462809244602,26.31946183882126,-0.15713053167619656
jjas_z500,z500,ncep,4,18.5,75.5,35,-19.769997345455003,26.2186086064475,-0.22780270269501107
jjas_z500,z500,ncep,4,18.5,77.0,35,-19.217998201884804,26.23858373486378,-0.2947518344784787
jjas_z500,z500,ncep,4,18.5,78.5,35,-18.853427463107696,26.39055415794316,-0.33581195233666317
jjas_z500,z500,ncep,4,18.5,80.0,35,-18.83828105623748,26.755602708910295,-0.3519949043694774
jjas_z500,z500,ncep,4,18.5,81.5,35,-18.642398507254438,27.02593026063391,-0.37210429913093224
jjas_z500,z500,ncep,4,18.5,83.0,35,-17.9411030118428,26.948824156271197,-0.39388168131747764
jjas_z500,z500,ncep,4,20.0,74.0,35,-18.777903917100645,26.381570899614356,-0.1647878417070728
jjas_z500,z500,ncep,4,20.0,75.5,35,-18.63788442460313,26.592691857935108,-0.2226575468788906
jjas_z500,z500,ncep,4,20.0,77.0,35,-18.247713119264464,26.762333983697552,-0.28868650872356694
jjas_z500,z500,ncep,4,20.0,78.5,35,-17.7067767430865,26.858133877612506,-0.34131406834077765
jjas_z500,z500,ncep,4,20.0,80.0,35,-17.453356352306713,27.0990939164385,-0.37197961563979576
jjas_z500,z500,ncep,4,20.0,81.5,35,-17.06745673285581,27.241881082846636,-0.38853163841610705
jjas_z500,z500,ncep,4,20.0,83.0,35,-16.59311988467237,27.28176338829334,-0.4021490588878757
jjas_z500,z500,ncep,4,20.0,84.5,35,-16.08727223229772,27.24791990689055,-0.4198170642624603
jjas_z500,z500,ncep,4,20.0,86.0,35,-15.955659896608553,27.29806714801713,-0.434080664855798
jjas_z500,z500,ncep,4,21.5,71.0,35,-18.582836914062344,26.244992006365568,-0.0006724267075417278
jjas_z500,z500,ncep,4,21.5,74.0,35,-18.732943580264042,27.295321525636844,-0.1376360049408233
jjas_z500,z500,ncep,4,21.5,75.5,35,-18.076973470052092,27.15334132142781,-0.19680414253620893
jjas_z500,z500,ncep,4,21.5,77.0,35,-17.377639722067293,27.046936800649863,-0.26322784831185747
jjas_z500,z500,ncep,4,21.5,78.5,35,-17.266839793371894,27.38262361249801,-0.3218093194251453
jjas_z500,z500,ncep,4,21.5,80.0,35,-17.426987614707155,27.860271648355965,-0.3653040857401513
jjas_z500,z500,ncep,4,21.5,81.5,35,-17.07498769608779,27.924126792304765,-0.38838214706634394
jjas_z500,z500,ncep,4,21.5,83.0,35,-16.21890462239561,27.565093122477126,-0.3985227287348214
jjas_z500,z500,ncep,4,21.5,84.5,35,-15.268366253565365,27.08160945383561,-0.40744628404536376
jjas_z500,z500,ncep,4,21.5,86.0,35,-15.273827059306885,26.98153401813988,-0.41931564547039746
jjas_z500,z500,ncep,4,23.0,69.5,35,-20.01797853500146,27.420346709286708,0.10072232280104768
jjas_z500,z500,ncep,4,23.0,71.0,35,-19.008628045944896,27.047974099825826,0.05753790579636687
jjas_z500,z500,ncep,4,23.0,72.5,35,-18.402696010044668,27.108252633338612,-0.009697591629129582
jjas_z500,z500,ncep,4,23.0,74.0,35,-18.043957035125434,27.383730916750608,-0.08484306503753097
jjas_z500,z500,ncep,4,23.0,75.5,35,-17.743236723400305,27.55682493668621,-0.15733720608508056
jjas_z500,z500,ncep,4,23.0,77.0,35,-17.53811839270215,27.67128755790267,-0.22029437784730127
jjas_z500,z500,ncep,4,23.0,78.5,35,-17.399834720672203,27.808535440133983,-0.2775739394464746
jjas_z500,z500,ncep,4,23.0,80.0,35,-17.37488907102566,27.974059647414638,-0.3252254696339233
jjas_z500,z500,ncep,4,23.0,81.5,35,-17.345324028862603,28.07337130242446,-0.3568437662349409
jjas_z500,z500,ncep,4,23.0,83.0,35,-17.002561054532556,27.862351801888366,-0.37277050972044845
jjas_z500,z500,ncep,4,23.0,84.5,35,-16.647844005766558,27.469324501831935,-0.38142862159194657
jjas_z500,z500,ncep,4,23.0,86.0,35,-16.740379987444094,27.09170652987096,-0.3850294298187176
jjas_z500,z500,ncep,4,23.0,87.5,35,-17.028603108724045,26.627913286903944,-0.386381189222366
jjas_z500,z500,ncep,4,24.5,72.5,35,-19.92017948211157,28.363343595914554,0.050711627074625606
jjas_z500,z500,ncep,4,24.5,74.0,35,-19.71830696227054,28.66811391964057,-0.01912173032917711
jjas_z500,z500,ncep,4,24.5,75.5,35,-18.803748818049254,28.37377186218961,-0.09542623071647578
jjas_z500,z500,ncep,4,24.5,77.0,35,-18.105696517702174,28.04173635844337,-0.16266371287214126
jjas_z500,z500,ncep,4,24.5,78.5,35,-18.26954326326894,28.208535925027917,-0.21922830198813495
jjas_z500,z500,ncep,4,24.5,80.0,35,-19.08254820808509,28.770531038823865,-0.26492153378385064
jjas_z500,z500,ncep,4,24.5,81.5,35,-19.08642926897324,28.740791323982233,-0.29563220296474635
jjas_z500,z500,ncep,4,24.5,83.0,35,-17.86665843176462,27.763888495703167,-0.31637964849418865
jjas_z500,z500,ncep,4,24.5,84.5,35,-16.89036090184774,26.72342837711896,-0.3255329548843235
jjas_z500,z500,ncep,4,24.5,86.0,35,-17.152104356553927,26.28615556426489,-0.32727409048530326
jjas_z500,z500,ncep,4,24.5,87.5,35,-17.94207114567853,26.180761813063558,-0.32970821815849466
jjas_z500,z500,ncep,4,24.5,93.5,35,-18.953431241474494,23.742814217388293,-0.2903577098869939
jjas_z500,z500,ncep,4,26.0,71.0,35,-21.541254534040153,29.504053083184452,0.10646910849636664
jjas_z500,z500,ncep,4,26.0,72.5,35,-20.750439646887312,29.058426120802693,0.0774536914780648
jjas_z500,z500,ncep,4,26.0,74.0,35,-20.368371485150107,28.968968586977763,0.028186411781100228
jjas_z500,z500,ncep,4,26.0,75.5,35,-20.22377726236973,29.060560838035165,-0.03493203587107565
jjas_z500,z500,ncep,4,26.0,77.0,35,-20.069610595703125,29.0331370801733,-0.1045427380957275
jjas_z500,z500,ncep,4,26.0,78.5,35,-20.04618200877347,29.003613046108523,-0.16743094772905281
jjas_z500,z500,ncep,4,26.0,80.0,35,-20.411651514446852,29.170304183119853,-0.2137249141933298
jjas_z500,z500,ncep,4,26.0,81.5,35,-20.343895903087805,29.030009732324434,-0.24268249528843758
jjas_z500,z500,ncep,4,26.0,83.0,35,-19.916091870504715,28.618424312233465,-0.2593533891778734
jjas_z500,z500,ncep,4,26.0,84.5,35,-19.831247190445044,28.205595053919904,-0.2686223053926716
jjas_z500,z500,ncep,4,26.0,86.0,35,-20.672045704675163,28.228662705460753,-0.2727026734157235
jjas_z500,z500,ncep,4,26.0,87.5,35,-21.674437701513153,28.384385833976847,-0.2649437554913801
jjas_z500,z500,ncep,4,26.0,90.5,35,-22.03702072870149,27.55526982853568,-0.22431214013536813
jjas_z500,z500,ncep,4,26.0,92.0,35,-21.354565332806228,26.396418923623784,-0.18216525701771294
jjas_z500,z500,ncep,4,26.0,93.5,35,-20.711310783265358,25.166043190512614,-0.14336427978827615
jjas_z500,z500,ncep,4,26.0,95.0,35,-20.249247039310674,24.117358880109627,-0.09962341551697927
jjas_z500,z500,ncep,4,27.5,71.0,35,-22.120663888113864,30.245246677913862,0.08812493639318532
jjas_z500,z500,ncep,4,27.5,72.5,35,-22.509763009207667,30.506857704659485,0.06476234410065393
jjas_z500,z500,ncep,4,27.5,74.0,35,-23.056354728577546,30.882063142840764,0.03181123941269771
jjas_z500,z500,ncep,4,27.5,75.5,35,-22.479865277002865,30.404376864651724,-0.01114590779898352
jjas_z500,z500,ncep,4,27.5,77.0,35,-21.261912512400833,29.431264829924448,-0.06741363323152347
jjas_z500,z500,ncep,4,27.5,78.5,35,-21.63168083069826,29.670993932359863,-0.13151530176238638
jjas_z500,z500,ncep,4,27.5,80.0,35,-23.286769903273722,30.878906931659586,-0.18299463420453455
jjas_z500,z500,ncep,4,27.5,81.5,35,-23.14401390438982,30.73077664713617,-0.2200225051823898
jjas_z500,z500,ncep,4,27.5,92.0,35,-21.829534524584624,26.969943255864393,-0.08343187097185996
jjas_z500,z500,ncep,4,27.5,93.5,35,-19.561257595486055,24.412674767291968,-0.05668130038947469
jjas_z500,z500,ncep,4,27.5,95.0,35,-19.26122029622368,23.4044778067327,0.0010359237236842623
jjas_z500,z500,ncep,4,27.5,96.5,35,-19.834466940259258,23.35393783391966,0.06214197752628482
jjas_z500,z500,ncep,4,29.0,74.0,35,-23.215432787698358,31.254090772316125,-0.01607803358307909
jjas_z500,z500,ncep,4,29.0,75.5,35,-23.45947992234009,31.27594331661269,-0.04324389324353937
jjas_z500,z500,ncep,4,29.0,77.0,35,-23.301357111855317,31.013934857835007,-0.07988851575169496
jjas_z500,z500,ncep,4,29.0,78.5,35,-23.761002701047826,31.340844341150962,-0.13385474040315082
jjas_z500,z500,ncep,4,29.0,80.0,35,-24.207704186817864,31.703420330739306,-0.1932259651055107
jjas_z500,z500,ncep,4,29.0,95.0,35,-20.395527479383965,24.789047049754465,0.06098406148428237
jjas_z500,z500,ncep,4,30.5,74.0,35,-25.218949575272745,33.413128410471245,-0.08663815212703216
jjas_z500,z500,ncep,4,30.5,75.5,35,-24.873283652653715,32.97015639805139,-0.10656419472047525
jjas_z500,z500,ncep,4,30.5,77.0,35,-22.996107604011662,31.340107747437628,-0.12874365593401854
jjas_z500,z500,ncep,4,30.5,78.5,35,-24.05018281482527,32.021421953094915,-0.16439731676194608
jjas_z500,z500,ncep,4,30.5,80.0,35,-26.043700396825365,33.540936843130254,-0.1737310194226246
jjas_z500,z500,ncep,4,32.0,75.5,35,-23.834301176525383,32.84035111092605,-0.15784820652253445
jjas_z500,z500,ncep,4,32.0,77.0,35,-24.010373554532272,32.76427183377141,-0.17391786748441043
jjas_z500,z500,ncep,4,32.0,78.5,35,-23.77921869187129,32.300935027526016,-0.1717810504362408
jjas_z500,z500,ncep,4,33.5,74.0,35,-24.470360068669702,33.81345229683006,-0.14467393330831144
jjas_z500,z500,ncep,4,33.5,75.5,35,-24.500686112661242,33.65702997782602,-0.15501088475139024
jjas_z500,z500,ncep,4,33.5,77.0,35,-21.960393124534885,31.479384244692866,-0.17734453036074158
jjas_z500,z500,ncep,4,33.5,78.5,35,-22.179124717106735,31.39434933213782,-0.1468620952596147
jjas_z500,z500,ncep,4,35.0,75.5,35,-22.71857076977927,32.54443800165148,-0.10838460296085725
jjas_z500,z500,ncep,4,35.0,77.0,35,-23.135783652653664,32.54669194316432,-0.08581017304729904
jjas_z500,z500,ncep,4,35.0,78.5,35,-21.94308306981641,31.55196340361595,-0.0706170368611989
jjas_z500,z500,ncep,4,35.0,80.0,35,-20.9292498876178,30.72687250005219,-0.03429744611072481
jjas_z500,z500,ncep,4,36.5,74.0,35,-20.75213884626116,31.99809482345398,-0.017198533386154312
jjas_z500,z500,ncep,4,36.5,75.5,35,-19.632196044921876,30.97181178241484,-0.03277783839031473
jjas_z500,z500,ncep,5,9.5,77.0,35,-32.38396373930422,33.13710729353621,0.22610000069142364
jjas_z500,z500,ncep,5,9.5,78.5,35,-31.94396439809656,32.66949293673181,0.23586096368126747
jjas_z500,z500,ncep,5,11.0,77.0,35,-31.21396193731416,32.02680201237926,0.22518766718492442
jjas_z500,z500,ncep,5,11.0,78.5,35,-30.725551060267936,31.521088922055192,0.2178463522466586
jjas_z500,z500,ncep,5,12.5,75.5,35,-29.633900475880285,30.70233867966892,0.22400046722937314
jjas_z500,z500,ncep,5,12.5,77.0,35,-29.401229325551764,30.435582636805634,0.20325981022002446
jjas_z500,z500,ncep,5,12.5,78.5,35,-29.138456992497517,30.19995346408804,0.16921953904440265
jjas_z500,z500,ncep,5,12.5,80.0,35,-28.855185663132396,29.968576489037073,0.14135095399376266
jjas_z500,z500,ncep,5,14.0,75.5,35,-27.517637610056926,29.04133236165429,0.1924514738725147
jjas_z500,z500,ncep,5,14.0,77.0,35,-27.335953872923035,28.914920161543613,0.13780025347991862
jjas_z500,z500,ncep,5,14.0,78.5,35,-26.94465787372901,28.63760472798202,0.090926706603894
jjas_z500,z500,ncep,5,14.0,80.0,35,-26.57110275995188,28.36201632766723,0.07463905403929269
jjas_z500,z500,ncep,5,15.5,74.0,35,-25.44025103856636,27.796299398280016,0.21451562704021143
jjas_z500,z500,ncep,5,15.5,75.5,35,-25.299415418836958,27.707084009629778,0.1292593843511504
jjas_z500,z500,ncep,5,15.5,77.0,35,-25.04349006773934,27.64608592820052,0.05389958458668339
jjas_z500,z500,ncep,5,15.5,78.5,35,-24.89886823381704,27.698143404625686,0.006914768463691009
jjas_z500,z500,ncep,5,15.5,80.0,35,-24.854932706318113,27.815615505772833,-0.00883560457362815
jjas_z500,z500,ncep,5,17.0,74.0,35,-23.32188991970488,26.825079318102823,0.14703089273807773
jjas_z500,z500,ncep,5,17.0,75.5,35,-23.511344788566124,27.175507899950237,0.0599232842272215
jjas_z500,z500,ncep,5,17.0,77.0,35,-23.33359171549481,27.32846206614698,-0.016631568234571032
jjas_z500,z500,ncep,5,17.0,78.5,35,-23.036942739335455,27.3472600808772,-0.06178352450692819
jjas_z500,z500,ncep,5,17.0,80.0,35,-22.74738575768853,27.37626753571551,-0.08436505890070267
jjas_z500,z500,ncep,5,17.0,81.5,35,-22.627137296161944,27.570527678870025,-0.1135529009951985
jjas_z500,z500,ncep,5,18.5,74.0,35,-22.613635447668482,27.36085225613697,0.07130052931147927
jjas_z500,z500,ncep,5,18.5,75.5,35,-22.253076753162194,27.368722133374945,-0.004871635166317136
jjas_z500,z500,ncep,5,18.5,77.0,35,-21.90316530257925,27.4535737064111,-0.07171012816212541
jjas_z500,z500,ncep,5,18.5,78.5,35,-21.72940024724069,27.692377411307117,-0.12028913447241038
jjas_z500,z500,ncep,5,18.5,80.0,35,-21.814141845702892,28.1438060448969,-0.15139256892722483
jjas_z500,z500,ncep,5,18.5,81.5,35,-21.618635486420835,28.425391099462104,-0.1867022386688544
jjas_z500,z500,ncep,5,18.5,83.0,35,-20.890828450521,28.27889541787205,-0.22089141131667167
jjas_z500,z500,ncep,5,20.0,74.0,35,-21.17378627232143,27.33964558478112,0.014875238951723602
jjas_z500,z500,ncep,5,20.0,75.5,35,-21.232546464223457,27.780911051051906,-0.04869958874471114
jjas_z500,z500,ncep,5,20.0,77.0,35,-21.103640214223457,28.11775439907182,-0.11136243292460701
jjas_z500,z500,ncep,5,20.0,78.5,35,-20.813472105964788,28.37717054206465,-0.1650694388920256
jjas_z500,z500,ncep,5,20.0,80.0,35,-20.717805408296513,28.801391547540177,-0.2079479923734929
jjas_z500,z500,ncep,5,20.0,81.5,35,-20.37053619869161,29.06958646994756,-0.24296080335792566
jjas_z500,z500,ncep,5,20.0,83.0,35,-19.922489711216205,29.181849258578232,-0.2711452027018489
jjas_z500,z500,ncep,5,20.0,84.5,35,-19.48506237211667,29.205398774666712,-0.30165976732303135
jjas_z500,z500,ncep,5,20.0,86.0,35,-19.346892244853656,29.29250115924066,-0.3308921073806863
jjas_z500,z500,ncep,5,21.5,71.0,35,-20.52599167596722,26.71505519888915,0.13134033766239606
jjas_z500,z500,ncep,5,21.5,74.0,35,-21.04477170913932,28.32369684287753,-0.017524564500163497
jjas_z500,z500,ncep,5,21.5,75.5,35,-20.665116179935364,28.467918341144642,-0.07582335892078472
jjas_z500,z500,ncep,5,21.5,77.0,35,-20.265702504960455,28.620543740928554,-0.1377597499888698
jjas_z500,z500,ncep,5,21.5,78.5,35,-20.445638892764066,29.27685759957542,-0.1979144801804132
jjas_z500,z500,ncep,5,21.5,80.0,35,-20.817212204706085,30.105724740981213,-0.2529979122110153
jjas_z500,z500,ncep,5,21.5,81.5,35,-20.54814579070571,30.41367190757299,-0.29231984988571397
jjas_z500,z500,ncep,5,21.5,83.0,35,-19.75032348632781,30.19998874948437,-0.3148863990573505
jjas_z500,z500,ncep,5,21.5,84.5,35,-18.878889489552368,29.810725422724957,-0.33179113394043963
jjas_z500,z500,ncep,5,21.5,86.0,35,-18.854077535962226,29.79191065216121,-0.3496485507438911
jjas_z500,z500,ncep,5,23.0,69.5,35,-21.90817173549084,28.091474159321237,0.16102755853221418
jjas_z500,z500,ncep,5,23.0,71.0,35,-20.898769221230264,27.805188563761746,0.11252027317824013
jjas_z500,z500,ncep,5,23.0,72.5,35,-20.360149662078324,27.990928914632963,0.04869992054180069
jjas_z500,z500,ncep,5,23.0,74.0,35,-20.21528407505601,28.508725913145078,-0.019369322504911857
jjas_z500,z500,ncep,5,23.0,75.5,35,-20.226871551029294,29.030484473492276,-0.08711376681040084
jjas_z500,z500,ncep,5,23.0,77.0,35,-20.355281091114765,29.56632084980217,-0.14992750818887782
jjas_z500,z500,ncep,5,23.0,78.5,35,-20.514790562220906,30.14362821359966,-0.21198404629802736
jjas_z500,z500,ncep,5,23.0,80.0,35,-20.735002693297194,30.74012575558156,-0.2678693732396845
jjas_z500,z500,ncep,5,23.0,81.5,35,-20.857368299696283,31.19552602562741,-0.30988341880081005
jjas_z500,z500,ncep,5,23.0,83.0,35,-20.617588878813176,31.26683147268148,-0.3346812693332749
jjas_z500,z500,ncep,5,23.0,84.5,35,-20.344246322389647,31.098058508815754,-0.3474712085187459
jjas_z500,z500,ncep,5,23.0,86.0,35,-20.395030575706837,30.85777875764654,-0.35226188375144224
jjas_z500,z500,ncep,5,23.0,87.5,35,-20.54415457589304,30.447018330567868,-0.3561382580514089
jjas_z500,z500,ncep,5,24.5,72.5,35,-21.94653862847221,29.631380699626927,0.0632915003153951
jjas_z500,z500,ncep,5,24.5,74.0,35,-21.867368183438753,30.146501915143457,-0.0027682202972364764
jjas_z500,z500,ncep,5,24.5,75.5,35,-21.193830798920942,30.13695808878003,-0.07379545082654877
jjas_z500,z500,ncep,5,24.5,77.0,35,-20.805999755859375,30.21269458634398,-0.1390443288076091
jjas_z500,z500,ncep,5,24.5,78.5,35,-21.290102519686194,30.910594905211635,-0.1995870795175717
jjas_z500,z500,ncep,5,24.5,80.0,35,-22.396598597935423,32.029739412006826,-0.25232832621780177
jjas_z500,z500,ncep,5,24.5,81.5,35,-22.609111289372464,32.444442166331164,-0.29018054333607834
jjas_z500,z500,ncep,5,24.5,83.0,35,-21.51114986359119,31.786851640463915,-0.3166295058918027
jjas_z500,z500,ncep,5,24.5,84.5,35,-20.58248097253236,30.98523778236864,-0.32691899341906483
jjas_z500,z500,ncep,5,24.5,86.0,35,-20.811315917968646,30.708997179607415,-0.3226755805624842
jjas_z500,z500,ncep,5,24.5,87.5,35,-21.51170092385907,30.664971076916856,-0.3157258710898556
jjas_z500,z500,ncep,5,24.5,93.5,35,-21.948969959077502,27.775977970811223,-0.23324374378516502
jjas_z500,z500,ncep,5,26.0,71.0,35,-23.932793414403648,31.150071346882594,0.10268624485195946
jjas_z500,z500,ncep,5,26.0,72.5,35,-23.06608441065208,30.77483946227323,0.06535633366291864
jjas_z500,z500,ncep,5,26.0,74.0,35,-22.65476810515894,30.83629256939567,0.008910710298462266
jjas_z500,z500,ncep,5,26.0,75.5,35,-22.636007738870312,31.196623385046724,-0.05561184439988505
jjas_z500,z500,ncep,5,26.0,77.0,35,-22.755591498480708,31.559162432080857,-0.1202446539460705
jjas_z500,z500,ncep,5,26.0,78.5,35,-23.07728087410092,32.04826385753015,-0.1789202347971793
jjas_z500,z500,ncep,5,26.0,80.0,35,-23.769660101996486,32.7849325809938,-0.2253593379939628
jjas_z500,z500,ncep,5,26.0,81.5,35,-23.943981255425413,33.12114278184552,-0.25488138782661285
jjas_z500,z500,ncep,5,26.0,83.0,35,-23.638529362754213,33.04639329949328,-0.27232609624621157
jjas_z500,z500,ncep,5,26.0,84.5,35,-23.555962650359497,32.80502444133276,-0.2762146716446074
jjas_z500,z500,ncep,5,26.0,86.0,35,-24.34848981584824,32.884174122245085,-0.2653548430828884
jjas_z500,z500,ncep,5,26.0,87.5,35,-25.270231894841164,33.00206594243904,-0.23781327913941294
jjas_z500,z500,ncep,5,26.0,90.5,35,-25.43398873465376,31.998924630724616,-0.16893626692120214
jjas_z500,z500,ncep,5,26.0,92.0,35,-24.62218763563368,30.73574801358519,-0.117613295818377
jjas_z500,z500,ncep,5,26.0,93.5,35,-23.816098070901507,29.365652836422,-0.07495179616255737
jjas_z500,z500,ncep,5,26.0,95.0,35,-23.19496295262904,28.170041639065694,-0.02906795758242981
jjas_z500,z500,ncep,5,27.5,71.0,35,-24.83265342106892,32.34922687551161,0.07328131667945455
jjas_z500,z500,ncep,5,27.5,72.5,35,-25.197317456442267,32.77081543082049,0.03679252585829444
jjas_z500,z500,ncep,5,27.5,74.0,35,-25.674945359002855,33.307495219495166,-0.00926212451522265
jjas_z500,z500,ncep,5,27.5,75.5,35,-25.134414624410862,33.02561794598312,-0.05876400839679899
jjas_z500,z500,ncep,5,27.5,77.0,35,-24.11329219757554,32.319111384607886,-0.10863578752183295
jjas_z500,z500,ncep,5,27.5,78.5,35,-24.799133300781275,32.98415914180789,-0.15837038264030917
jjas_z500,z500,ncep,5,27.5,80.0,35,-26.778372822110732,34.71749113389641,-0.19566027695545035
jjas_z500,z500,ncep,5,27.5,81.5,35,-26.87472224159857,34.996923408601056,-0.22165670987274233
jjas_z500,z500,ncep,5,27.5,92.0,35,-25.030598086402332,30.96789672140406,-0.025129151886988912
jjas_z500,z500,ncep,5,27.5,93.5,35,-22.556645662822458,28.27607758001272,-0.00966140848983989
jjas_z500,z500,ncep,5,27.5,95.0,35,-22.04518674820174,27.124083109710817,0.045425768964725735
jjas_z500,z500,ncep,5,27.5,96.5,35,-22.46456802610371,26.923695379280883,0.10666972447602446
jjas_z500,z500,ncep,5,29.0,74.0,35,-26.232022240048433,34.11273805996731,-0.06471905629419357
jjas_z500,z500,ncep,5,29.0,75.5,35,-26.583724345858197,34.40678446023753,-0.09993133259157679
jjas_z500,z500,ncep,5,29.0,77.0,35,-26.61652677021336,34.39833586279439,-0.12711697144002643
jjas_z500,z500,ncep,5,29.0,78.5,35,-27.343155343191913,35.01942462750018,-0.1560643593110298
jjas_z500,z500,ncep,5,29.0,80.0,35,-28.043997918991824,35.713227971938736,-0.1913105928058246
jjas_z500,z500,ncep,5,29.0,95.0,35,-22.903418646918414,27.924154615310076,0.0891532091538083
jjas_z500,z500,ncep,5,30.5,74.0,35,-28.55153459821434,36.52051439213843,-0.1205706430734233
jjas_z500,z500,ncep,5,30.5,75.5,35,-28.47057330419146,36.442244894995824,-0.14647847654264243
jjas_z500,z500,ncep,5,30.5,77.0,35,-26.80550062391498,34.989402101803854,-0.15375160174041616
jjas_z500,z500,ncep,5,30.5,78.5,35,-28.052278355190122,35.85438982676059,-0.16033024113233296
jjas_z500,z500,ncep,5,30.5,80.0,35,-30.19865906730525,37.583958484016385,-0.1431395805350765
jjas_z500,z500,ncep,5,32.0,75.5,35,-27.732005964006436,36.22814309705083,-0.1533195970110253
jjas_z500,z500,ncep,5,32.0,77.0,35,-28.130115618024554,36.35003975524571,-0.15060001242110937
jjas_z500,z500,ncep,5,32.0,78.5,35,-28.012097071087478,35.936254576651685,-0.1244714963695059
jjas_z500,z500,ncep,5,33.5,74.0,35,-28.170553637307837,36.546899185782635,-0.08071737144552285
jjas_z500,z500,ncep,5,33.5,75.5,35,-28.527672467912737,36.75229722468996,-0.0913674317917571
jjas_z500,z500,ncep,5,33.5,77.0,35,-26.083834790426643,34.52709397232446,-0.10534589489330597
jjas_z500,z500,ncep,5,33.5,78.5,35,-26.394143337673423,34.445606105133,-0.05499737366184784
jjas_z500,z500,ncep,5,35.0,75.5,35,-26.74021722702733,35.097720000283786,0.005638813807383545
jjas_z500,z500,ncep,5,35.0,77.0,35,-27.28471418108246,35.28367188658574,0.027349932726753033
jjas_z500,z500,ncep,5,35.0,78.5,35,-26.173772515190805,34.1974344106558,0.04780502048954387
jjas_z500,z500,ncep,5,35.0,80.0,35,-25.23613659086677,33.25882246024047,0.0924795507985283
jjas_z500,z500,ncep,5,36.5,74.0,35,-24.448374236576118,33.58411010367318,0.13845469316526346
jjas_z500,z500,ncep,5,36.5,75.5,35,-23.609244791666605,32.87089151468524,0.10701645796764796
jjas_z500,z500,ncep,6,9.5,77.0,35,-32.45158759223065,33.068325034144436,0.23170560258078549
jjas_z500,z500,ncep,6,9.5,78.5,35,-32.145194595579206,32.71512881813088,0.2755392926200466
jjas_z500,z500,ncep,6,11.0,77.0,35,-31.82982497442338,32.53312225703514,0.23439865984829675
jjas_z500,z500,ncep,6,11.0,78.5,35,-31.512138536241324,32.17394552157091,0.26163193447491223
jjas_z500,z500,ncep,6,12.5,75.5,35,-30.793257552858396,31.81745545546398,0.1923130215538623
jjas_z500,z500,ncep,6,12.5,77.0,35,-30.67955060686415,31.638290574285662,0.19295600060914653
jjas_z500,z500,ncep,6,12.5,78.5,35,-30.613826303633555,31.57014000000617,0.19089574712172971
jjas_z500,z500,ncep,6,12.5,80.0,35,-30.566306753007197,31.555727743985287,0.19583960158504563
jjas_z500,z500,ncep,6,14.0,75.5,35,-29.32090454101565,30.812546821887562,0.13729440762575024
jjas_z500,z500,ncep,6,14.0,77.0,35,-29.32123955620661,30.802845263120556,0.11649983395016911
jjas_z500,z500,ncep,6,14.0,78.5,35,-29.166446068173382,30.70682675743578,0.10511102880237791
jjas_z500,z500,ncep,6,14.0,80.0,35,-29.047867935422904,30.65153258991224,0.11468372075596814
jjas_z500,z500,ncep,6,15.5,74.0,35,-27.60412839859247,29.932126896212505,0.1380695844645361
jjas_z500,z500,ncep,6,15.5,75.5,35,-27.653139144655245,29.92040517607464,0.07949256206204287
jjas_z500,z500,ncep,6,15.5,77.0,35,-27.64276820591531,29.982232820718334,0.04019093727913258
jjas_z500,z500,ncep,6,15.5,78.5,35,-27.785943603515573,30.21998997506281,0.028514845543029164
jjas_z500,z500,ncep,6,15.5,80.0,35,-28.012620810856788,30.546071726118146,0.032491097490319615
jjas_z500,z500,ncep,6,17.0,74.0,35,-25.914953710162315,29.143364407710386,0.0959775484437613
jjas_z500,z500,ncep,6,17.0,75.5,35,-26.28605201357867,29.51879633032652,0.033333373573758575
jjas_z500,z500,ncep,6,17.0,77.0,35,-26.350612773592598,29.749972583301297,-0.015649214961027134
jjas_z500,z500,ncep,6,17.0,78.5,35,-26.332044232080833,29.903098047463423,-0.0347424523360161
jjas_z500,z500,ncep,6,17.0,80.0,35,-26.302758885943643,30.089579554341462,-0.04392688224247399
jjas_z500,z500,ncep,6,17.0,81.5,35,-26.31042887369801,30.316862252019,-0.05451068530090091
jjas_z500,z500,ncep,6,18.5,74.0,35,-25.483532036675335,29.520181772156995,0.06408025742251014
jjas_z500,z500,ncep,6,18.5,75.5,35,-25.299642895895314,29.521201516139005,0.0037451223105228436
jjas_z500,z500,ncep,6,18.5,77.0,35,-25.144652254619125,29.635788905526443,-0.05004029313892848
jjas_z500,z500,ncep,6,18.5,78.5,35,-25.213098532056055,29.970114683902093,-0.08677740761502288
jjas_z500,z500,ncep,6,18.5,80.0,35,-25.536839948381438,30.54765931547673,-0.10919066250818134
jjas_z500,z500,ncep,6,18.5,81.5,35,-25.500535462394406,30.851006518587113,-0.13263480760501065
jjas_z500,z500,ncep,6,18.5,83.0,35,-24.796538240947537,30.554266057566505,-0.14645664945322193
jjas_z500,z500,ncep,6,20.0,74.0,35,-24.174397205171072,29.063446890003362,0.06032554749897862
jjas_z500,z500,ncep,6,20.0,75.5,35,-24.43337886749744,29.527716166960534,0.005103920496488602
jjas_z500,z500,ncep,6,20.0,77.0,35,-24.48339146205357,29.90025790865048,-0.05634425150832504
jjas_z500,z500,ncep,6,20.0,78.5,35,-24.398230755518462,30.216217890842675,-0.10982178243800525
jjas_z500,z500,ncep,6,20.0,80.0,35,-24.519619605654928,30.70818657572887,-0.1498241824159462
jjas_z500,z500,ncep,6,20.0,81.5,35,-24.350812251984358,30.963382639007296,-0.17565018032185922
jjas_z500,z500,ncep,6,20.0,83.0,35,-23.998465595547998,30.99077800685002,-0.1900912890937697
jjas_z500,z500,ncep,6,20.0,84.5,35,-23.484195672897943,30.79270554104662,-0.19571279924685409
jjas_z500,z500,ncep,6,20.0,86.0,35,-23.031904529389873,30.53269254509145,-0.18299993541398188
jjas_z500,z500,ncep,6,21.5,71.0,35,-22.841747174944274,27.82039553832222,0.20855221791663445
jjas_z500,z500,ncep,6,21.5,74.0,35,-24.09962787930942,29.68980290833069,0.07387859799768802
jjas_z500,z500,ncep,6,21.5,75.5,35,-23.981971958705227,29.848487711066884,0.01926203452088611
jjas_z500,z500,ncep,6,21.5,77.0,35,-23.771268233041855,29.989090259198576,-0.04441980459703472
jjas_z500,z500,ncep,6,21.5,78.5,35,-24.131971377418242,30.694098506855866,-0.10895668813644681
jjas_z500,z500,ncep,6,21.5,80.0,35,-24.705897836836655,31.604237183948122,-0.16740930581411673
jjas_z500,z500,ncep,6,21.5,81.5,35,-24.614186023530447,31.905216184116505,-0.20518323804626404
jjas_z500,z500,ncep,6,21.5,83.0,35,-23.91878739614323,31.599744961747287,-0.22292351326026372
jjas_z500,z500,ncep,6,21.5,84.5,35,-23.017945498512095,31.041448549052937,-0.22641182336932655
jjas_z500,z500,ncep,6,21.5,86.0,35,-22.761562868148626,30.8186731005357,-0.21452181307203927
jjas_z500,z500,ncep,6,23.0,69.5,35,-23.46314009409094,28.5064932173928,0.27976691419137223
jjas_z500,z500,ncep,6,23.0,71.0,35,-22.893568444630624,28.45130490126499,0.2327168570384747
jjas_z500,z500,ncep,6,23.0,72.5,35,-22.84322877914183,28.844664631464113,0.17400437532701163
jjas_z500,z500,ncep,6,23.0,74.0,35,-23.193580457899433,29.520126379800995,0.1123978371019603
jjas_z500,z500,ncep,6,23.0,75.5,35,-23.585035051618252,30.126291132072424,0.04703634005210013
jjas_z500,z500,ncep,6,23.0,77.0,35,-23.96175973074782,30.68135630695285,-0.016346874799664846
jjas_z500,z500,ncep,6,23.0,78.5,35,-24.298852442181307,31.287902097545665,-0.08600789345422662
jjas_z500,z500,ncep,6,23.0,80.0,35,-24.690056597997398,31.95120014187361,-0.152239612579286
jjas_z500,z500,ncep,6,23.0,81.5,35,-24.966534811352954,32.44537009763943,-0.20203745034027668
jjas_z500,z500,ncep,6,23.0,83.0,35,-24.804838344028912,32.48125781402393,-0.23047087031750624
jjas_z500,z500,ncep,6,23.0,84.5,35,-24.47947126116066,32.26841248791213,-0.240733535322647
jjas_z500,z500,ncep,6,23.0,86.0,35,-24.339776514447113,31.982244284191744,-0.23039308283792537
jjas_z500,z500,ncep,6,23.0,87.5,35,-24.162522863963282,31.45315433774466,-0.20721937464920392
jjas_z500,z500,ncep,6,24.5,72.5,35,-24.161842854817586,30.293349847951962,0.21362342379051807
jjas_z500,z500,ncep,6,24.5,74.0,35,-24.68711886935754,31.052968823282196,0.1582083154391357
jjas_z500,z500,ncep,6,24.5,75.5,35,-24.475443619016602,31.136862997759962,0.09387831245795085
jjas_z500,z500,ncep,6,24.5,77.0,35,-24.370884874131765,31.213579687752556,0.028955572793922708
jjas_z500,z500,ncep,6,24.5,78.5,35,-25.042204454210175,31.98088224998393,-0.041732804952941925
jjas_z500,z500,ncep,6,24.5,80.0,35,-26.304565139044175,33.25047285418623,-0.11045815450199957
jjas_z500,z500,ncep,6,24.5,81.5,35,-26.63844837007078,33.72492290718344,-0.16498668007694137
jjas_z500,z500,ncep,6,24.5,83.0,35,-25.58930547805043,32.97343700959527,-0.2058471944261821
jjas_z500,z500,ncep,6,24.5,84.5,35,-24.570882452102055,32.11640948254402,-0.22176032620654576
jjas_z500,z500,ncep,6,24.5,86.0,35,-24.582587154327822,31.893274520362645,-0.2088502436150163
jjas_z500,z500,ncep,6,24.5,87.5,35,-24.992583744109627,31.882895607084677,-0.1852156929825252
jjas_z500,z500,ncep,6,24.5,93.5,35,-24.10361502511158,28.839765428724803,-0.06476286572200646
jjas_z500,z500,ncep,6,26.0,71.0,35,-25.07902764214401,31.3448395633935,0.25821602416186773
jjas_z500,z500,ncep,6,26.0,72.5,35,-24.932309783451092,31.249418291406307,0.23049288584417477
jjas_z500,z500,ncep,6,26.0,74.0,35,-25.184145779080012,31.58561658733901,0.18227935078012386
jjas_z500,z500,ncep,6,26.0,75.5,35,-25.675483146546505,32.16453309067825,0.12455687564501133
jjas_z500,z500,ncep,6,26.0,77.0,35,-26.11588977632057,32.646411831540476,0.06337839221806953
jjas_z500,z500,ncep,6,26.0,78.5,35,-26.639061628069143,33.22301217636748,-0.002135599153022342
jjas_z500,z500,ncep,6,26.0,80.0,35,-27.438629925440235,34.06708684838287,-0.06669311874394897
jjas_z500,z500,ncep,6,26.0,81.5,35,-27.675613936166805,34.46025635857163,-0.11912620325435602
jjas_z500,z500,ncep,6,26.0,83.0,35,-27.426953318762155,34.41760494442919,-0.15756983018170534
jjas_z500,z500,ncep,6,26.0,84.5,35,-27.255511377727945,34.25613187717966,-0.1730699512484271
jjas_z500,z500,ncep,6,26.0,86.0,35,-27.781881762307783,34.42671477986115,-0.1619523210607463
jjas_z500,z500,ncep,6,26.0,87.5,35,-28.374899824838757,34.5680687922081,-0.12780749893515891
jjas_z500,z500,ncep,6,26.0,90.5,35,-28.016980174230905,33.50818427951073,-0.04965723557231798
jjas_z500,z500,ncep,6,26.0,92.0,35,-27.030353945777488,32.22693072814677,0.004037157802001076
jjas_z500,z500,ncep,6,26.0,93.5,35,-26.02917557973698,30.819092087717415,0.04331060321187581
jjas_z500,z500,ncep,6,26.0,95.0,35,-25.18250519283239,29.54318959541355,0.08541116665944984
jjas_z500,z500,ncep,6,27.5,71.0,35,-25.31252586728047,32.327028220094746,0.2468811470767216
jjas_z500,z500,ncep,6,27.5,72.5,35,-26.522478666759785,33.067995285481665,0.21797451420587155
jjas_z500,z500,ncep,6,27.5,74.0,35,-27.733543468656794,33.96588194342703,0.17086432952083533
jjas_z500,z500,ncep,6,27.5,75.5,35,-27.74441722082715,33.94474513415343,0.11949798379411515
jjas_z500,z500,ncep,6,27.5,77.0,35,-27.081317332434367,33.34306704602278,0.0725244891404221
jjas_z500,z500,ncep,6,27.5,78.5,35,-27.9919749426465,34.159499267018866,0.018563889455669922
jjas_z500,z500,ncep,6,27.5,80.0,35,-30.05980466812385,36.10726690187053,-0.03734691425401919
jjas_z500,z500,ncep,6,27.5,81.5,35,-30.16298459976424,36.47497760964743,-0.08945197112408501
jjas_z500,z500,ncep,6,27.5,92.0,35,-27.24173545231897,32.54869069429626,0.0383569766518911
jjas_z500,z500,ncep,6,27.5,93.5,35,-24.664335801866116,29.790437763642803,0.04269812236741525
jjas_z500,z500,ncep,6,27.5,95.0,35,-23.993010215153664,28.59693948608339,0.09555019171913066
jjas_z500,z500,ncep,6,27.5,96.5,35,-24.249024793836856,28.392358917717804,0.1514467694755209
jjas_z500,z500,ncep,6,29.0,74.0,35,-27.595692661830356,34.4270532379113,0.1355161943111157
jjas_z500,z500,ncep,6,29.0,75.5,35,-28.59183097718238,35.031324615818555,0.0871927709914712
jjas_z500,z500,ncep,6,29.0,77.0,35,-29.091823323567795,35.276106366433915,0.05003528667210097
jjas_z500,z500,ncep,6,29.0,78.5,35,-30.12554098462323,36.13482638259412,0.011642294101847157
jjas_z500,z500,ncep,6,29.0,80.0,35,-30.982087053571274,37.03758484326909,-0.04218712174789207
jjas_z500,z500,ncep,6,29.0,95.0,35,-24.68299754309277,29.25542620505111,0.11520540906598671
jjas_z500,z500,ncep,6,30.5,74.0,35,-29.198386056082537,36.580310361953025,0.1069750732146601
jjas_z500,z500,ncep,6,30.5,75.5,35,-29.90191892593653,36.80949216141027,0.05956834520988173
jjas_z500,z500,ncep,6,30.5,77.0,35,-28.818911791604634,35.60705313739103,0.0318261271495147
jjas_z500,z500,ncep,6,30.5,78.5,35,-30.407953752790178,36.760729384777875,0.013962618425216903
jjas_z500,z500,ncep,6,30.5,80.0,35,-32.78196430509054,38.81044712988771,0.02435926885663417
jjas_z500,z500,ncep,6,32.0,75.5,35,-28.675557163783328,36.46737611433817,0.06408693681441555
jjas_z500,z500,ncep,6,32.0,77.0,35,-29.652387637183736,36.83676611674786,0.05067578738257313
jjas_z500,z500,ncep,6,32.0,78.5,35,-29.78109857468379,36.590997495098044,0.06352853103857782
jjas_z500,z500,ncep,6,33.5,74.0,35,-27.89350615001861,36.722265521958214,0.11952175776382117
jjas_z500,z500,ncep,6,33.5,75.5,35,-28.9740887354291,37.04396200282114,0.11279145669981484
jjas_z500,z500,ncep,6,33.5,77.0,35,-26.901899646577345,34.88990908943147,0.08108331842955059
jjas_z500,z500,ncep,6,33.5,78.5,35,-27.44131721617697,35.00000492438724,0.11583347726067962
jjas_z500,z500,ncep,6,35.0,75.5,35,-26.659481956845333,35.62497715851878,0.14403167036557135
jjas_z500,z500,ncep,6,35.0,77.0,35,-27.537081473214077,35.958506490254685,0.15654187773380887
jjas_z500,z500,ncep,6,35.0,78.5,35,-26.660317654079595,35.10594096202186,0.13682907590654736
jjas_z500,z500,ncep,6,35.0,80.0,35,-25.924613153366746,34.33018791747201,0.1600725095430052
jjas_z500,z500,ncep,6,36.5,74.0,35,-23.746934969462824,34.70005736258661,0.1602053865448525
jjas_z500,z500,ncep,6,36.5,75.5,35,-23.215746876550032,34.0403495661916,0.12379041294404325
jjas_z500,z500,ukmo,1,9.5,77.0,35,-15.684399801587382,15.9724215629238,0.9167016253123977
jjas_z500,z500,ukmo,1,9.5,78.5,35,-15.489755394345359,15.815411299078988,0.9141018609492325
jjas_z500,z500,ukmo,1,11.0,77.0,35,-15.36207101004454,15.722320609257574,0.9277954819341611
jjas_z500,z500,ukmo,1,11.0,78.5,35,-15.217302594866046,15.63998664632924,0.9235791576496128
jjas_z500,z500,ukmo,1,12.5,75.5,35,-15.329779730902867,15.758572385134146,0.937612261804794
jjas_z500,z500,ukmo,1,12.5,77.0,35,-15.168625992063452,15.664940246698418,0.9316572908755327
jjas_z500,z500,ukmo,1,12.5,78.5,35,-15.012300424727073,15.594428531196764,0.9283256244714856
jjas_z500,z500,ukmo,1,12.5,80.0,35,-15.182828776041529,15.898012865959805,0.9301071311426852
jjas_z500,z500,ukmo,1,14.0,75.5,35,-15.13918069506435,15.735400208305617,0.9319322970556307
jjas_z500,z500,ukmo,1,14.0,77.0,35,-15.012549603174557,15.671596025050706,0.9294426354016895
jjas_z500,z500,ukmo,1,14.0,78.5,35,-14.965564546130866,15.717079827553016,0.9293719958460729
jjas_z500,z500,ukmo,1,14.0,80.0,35,-15.197726779513921,16.0979242148219,0.9310923753145265
jjas_z500,z500,ukmo,1,15.5,74.0,35,-14.982259114583394,15.680844575702432,0.9279573218935149
jjas_z500,z500,ukmo,1,15.5,75.5,35,-14.829500713045698,15.575252850030731,0.926078655085558
jjas_z500,z500,ukmo,1,15.5,77.0,35,-14.773332480778715,15.566277444195602,0.9281350377820282
jjas_z500,z500,ukmo,1,15.5,78.5,35,-14.894714936756126,15.750234418632012,0.9323413557080669
jjas_z500,z500,ukmo,1,15.5,80.0,35,-15.282674541170724,16.225823887555283,0.9360547229795425
jjas_z500,z500,ukmo,1,17.0,74.0,35,-14.711379278273748,15.537810632696296,0.9222041574914319
jjas_z500,z500,ukmo,1,17.0,75.5,35,-14.62169596354145,15.512661248735773,0.9214536681975073
jjas_z500,z500,ukmo,1,17.0,77.0,35,-14.639339967758028,15.572453743595936,0.9259711802574726
jjas_z500,z500,ukmo,1,17.0,78.5,35,-14.826879882812525,15.760540257872426,0.9339192781969493
jjas_z500,z500,ukmo,1,17.0,80.0,35,-15.31837255084343,16.25656317145544,0.9409666432731962
jjas_z500,z500,ukmo,1,17.0,81.5,35,-15.937680974082417,16.955689499263876,0.9432162799620735
jjas_z500,z500,ukmo,1,18.5,74.0,35,-14.514615110367075,15.45515096398256,0.9192438434154286
jjas_z500,z500,ukmo,1,18.5,75.5,35,-14.459146360366946,15.507372492256035,0.9158040050434243
jjas_z500,z500,ukmo,1,18.5,77.0,35,-14.48229709201387,15.591211670536808,0.9202024603811173
jjas_z500,z500,ukmo,1,18.5,78.5,35,-14.727021716889872,15.803235823235115,0.929978689580535
jjas_z500,z500,ukmo,1,18.5,80.0,35,-15.267609514508617,16.305326653491157,0.9387686013583108
jjas_z500,z500,ukmo,1,18.5,81.5,35,-15.779861886160454,16.83453737270482,0.943780739716642
jjas_z500,z500,ukmo,1,18.5,83.0,35,-15.93533451140855,17.132631955725415,0.9425797129448719
jjas_z500,z500,ukmo,1,20.0,74.0,35,-14.114982096354131,15.241264161712182,0.909597965912693
jjas_z500,z500,ukmo,1,20.0,75.5,35,-14.080359080481088,15.282151688315746,0.9090325770475914
jjas_z500,z500,ukmo,1,20.0,77.0,35,-14.18412155877964,15.41712230516871,0.9159412580339592
jjas_z500,z500,ukmo,1,20.0,78.5,35,-14.522488064236105,15.702054972033928,0.9269509578516052
jjas_z500,z500,ukmo,1,20.0,80.0,35,-15.046478174603102,16.16120497086466,0.9373938615395115
jjas_z500,z500,ukmo,1,20.0,81.5,35,-15.465257626488087,16.54744116349083,0.9453787404412974
jjas_z500,z500,ukmo,1,20.0,83.0,35,-15.617801339285792,16.779143969705967,0.9475680978695985
jjas_z500,z500,ukmo,1,20.0,84.5,35,-15.625684368799558,16.957885168019512,0.946015645318098
jjas_z500,z500,ukmo,1,20.0,86.0,35,-15.43198513454876,17.014390248799693,0.9392776963785263
jjas_z500,z500,ukmo,1,21.5,71.0,35,-13.439555044022823,14.714702545293926,0.8915241132353339
jjas_z500,z500,ukmo,1,21.5,74.0,35,-13.424588448660714,14.881140157138923,0.887201304538038
jjas_z500,z500,ukmo,1,21.5,75.5,35,-13.373099190848189,14.796562233611642,0.8957952461412008
jjas_z500,z500,ukmo,1,21.5,77.0,35,-13.636553664434464,14.955716026932222,0.9120106082220546
jjas_z500,z500,ukmo,1,21.5,78.5,35,-14.051554749503962,15.245593174775218,0.9276753378691861
jjas_z500,z500,ukmo,1,21.5,80.0,35,-14.51145252046138,15.628986487480594,0.938635720130457
jjas_z500,z500,ukmo,1,21.5,81.5,35,-14.992683531746193,16.07208923927706,0.9464238348735866
jjas_z500,z500,ukmo,1,21.5,83.0,35,-15.327695622519734,16.45342947440043,0.948894613115525
jjas_z500,z500,ukmo,1,21.5,84.5,35,-15.413778056795568,16.651895393503228,0.9471571253665473
jjas_z500,z500,ukmo,1,21.5,86.0,35,-15.289833674355084,16.647577987495723,0.9436008748897461
jjas_z500,z500,ukmo,1,23.0,69.5,35,-13.221717664930448,14.590842622743729,0.8635354023019586
jjas_z500,z500,ukmo,1,23.0,71.0,35,-12.932213386656725,14.613454802405494,0.8489000604517143
jjas_z500,z500,ukmo,1,23.0,72.5,35,-12.871129789806556,14.648431266428089,0.853308482980896
jjas_z500,z500,ukmo,1,23.0,74.0,35,-12.671406094990068,14.438427363298427,0.8624304764358058
jjas_z500,z500,ukmo,1,23.0,75.5,35,-12.566610475570346,14.196452910060389,0.881309881511538
jjas_z500,z500,ukmo,1,23.0,77.0,35,-12.874038163442387,14.266610396977171,0.9065151429660091
jjas_z500,z500,ukmo,1,23.0,78.5,35,-13.296415783109946,14.504261273346684,0.9259639839536461
jjas_z500,z500,ukmo,1,23.0,80.0,35,-13.768525235615042,14.903171509317241,0.9365211010985449
jjas_z500,z500,ukmo,1,23.0,81.5,35,-14.35297037760395,15.471851809264045,0.9422991019643479
jjas_z500,z500,ukmo,1,23.0,83.0,35,-14.779468936011835,15.929757870407672,0.9439688120744201
jjas_z500,z500,ukmo,1,23.0,84.5,35,-14.923485553075443,16.1215113509375,0.9428732118064357
jjas_z500,z500,ukmo,1,23.0,86.0,35,-14.962806919642805,16.203250488060664,0.9405596772724686
jjas_z500,z500,ukmo,1,23.0,87.5,35,-14.839378332713256,16.106265117750613,0.9371221271378304
jjas_z500,z500,ukmo,1,24.5,72.5,35,-12.449711294022798,14.247360080815755,0.8519303656013602
jjas_z500,z500,ukmo,1,24.5,74.0,35,-12.024793449280773,13.819758041880583,0.8592212165201432
jjas_z500,z500,ukmo,1,24.5,75.5,35,-11.895535326761014,13.537492473361942,0.8789754527702323
jjas_z500,z500,ukmo,1,24.5,77.0,35,-12.096418495783603,13.505848593936623,0.9041664431355589
jjas_z500,z500,ukmo,1,24.5,78.5,35,-12.451214115203506,13.704032948792186,0.9216070983200602
jjas_z500,z500,ukmo,1,24.5,80.0,35,-12.967056516617127,14.141414914990525,0.9329343902827375
jjas_z500,z500,ukmo,1,24.5,81.5,35,-13.563668774801695,14.699791806678268,0.9400066608961342
jjas_z500,z500,ukmo,1,24.5,83.0,35,-13.960568188864038,15.094526650198015,0.9420262835013529
jjas_z500,z500,ukmo,1,24.5,84.5,35,-14.08257378472234,15.21831867863742,0.9414427553173873
jjas_z500,z500,ukmo,1,24.5,86.0,35,-14.172183469742205,15.29980600792668,0.9410214078553607
jjas_z500,z500,ukmo,1,24.5,87.5,35,-14.15328504774295,15.289661586642774,0.9391926092546344
jjas_z500,z500,ukmo,1,24.5,93.5,35,-11.291761222718222,12.61453106715864,0.9128553084500051
jjas_z500,z500,ukmo,1,26.0,71.0,35,-12.473775421626774,13.988455436347298,0.8921983939560432
jjas_z500,z500,ukmo,1,26.0,72.5,35,-11.894487459697432,13.491423789733615,0.8853234725705273
jjas_z500,z500,ukmo,1,26.0,74.0,35,-11.46498597160215,13.055821751454209,0.8868825926654907
jjas_z500,z500,ukmo,1,26.0,75.5,35,-11.31073792472723,12.782880865647297,0.900237647401815
jjas_z500,z500,ukmo,1,26.0,77.0,35,-11.300005425347315,12.631403196877473,0.9180592680206437
jjas_z500,z500,ukmo,1,26.0,78.5,35,-11.493347361731113,12.736152256039404,0.9314189795650417
jjas_z500,z500,ukmo,1,26.0,80.0,35,-11.944211542038778,13.121069802426858,0.9429923967345587
jjas_z500,z500,ukmo,1,26.0,81.5,35,-12.477234080481034,13.605371862664521,0.9508713489588942
jjas_z500,z500,ukmo,1,26.0,83.0,35,-12.750131758432534,13.867400866215622,0.950988577127366
jjas_z500,z500,ukmo,1,26.0,84.5,35,-12.690357995411613,13.80098168995419,0.9492047938286431
jjas_z500,z500,ukmo,1,26.0,86.0,35,-12.751838805183667,13.829839036308787,0.9493292474082503
jjas_z500,z500,ukmo,1,26.0,87.5,35,-12.907943095858354,13.992716335168979,0.9481913424772973
jjas_z500,z500,ukmo,1,26.0,90.5,35,-12.384119621155671,13.495775853227522,0.9433965393991776
jjas_z500,z500,ukmo,1,26.0,92.0,35,-11.71328628782238,12.815706130009534,0.9408753816890486
jjas_z500,z500,ukmo,1,26.0,93.5,35,-11.111982266865171,12.210288593952829,0.935170622632247
jjas_z500,z500,ukmo,1,26.0,95.0,35,-10.495410543774623,11.583835068567065,0.9260091121279113
jjas_z500,z500,ukmo,1,27.5,71.0,35,-11.345009068080357,12.974976788424192,0.9099158260725864
jjas_z500,z500,ukmo,1,27.5,72.5,35,-10.867846292162852,12.485176708714997,0.9074443929722077
jjas_z500,z500,ukmo,1,27.5,74.0,35,-10.61394585503466,12.144811203754331,0.9122182982723139
jjas_z500,z500,ukmo,1,27.5,75.5,35,-10.485272894965238,11.8947650302339,0.9234845710893304
jjas_z500,z500,ukmo,1,27.5,77.0,35,-10.400521995907678,11.719021704958221,0.9362897537087638
jjas_z500,z500,ukmo,1,27.5,78.5,35,-10.526001751612005,11.787279290058962,0.9489113994239123
jjas_z500,z500,ukmo,1,27.5,80.0,35,-10.879270135788778,12.07898904772001,0.961961586026097
jjas_z500,z500,ukmo,1,27.5,81.5,35,-11.324520631820452,12.484493226759533,0.9680719848496915
jjas_z500,z500,ukmo,1,27.5,92.0,35,-10.772114877852255,11.76780015696253,0.9561793932511284
jjas_z500,z500,ukmo,1,27.5,93.5,35,-10.680390469990067,11.636522245504464,0.9534479494223512
jjas_z500,z500,ukmo,1,27.5,95.0,35,-10.32561151413681,11.287208894984039,0.9460964837727133
jjas_z500,z500,ukmo,1,27.5,96.5,35,-10.296216207837253,11.22572737940862,0.9368832977679055
jjas_z500,z500,ukmo,1,29.0,74.0,35,-9.158707294767035,10.896563478985662,0.9264151993181816
jjas_z500,z500,ukmo,1,29.0,75.5,35,-9.181826636905056,10.802610114388598,0.9343758064881166
jjas_z500,z500,ukmo,1,29.0,77.0,35,-9.381762695312448,10.94198830812791,0.9425313140955119
jjas_z500,z500,ukmo,1,29.0,78.5,35,-9.725576249379914,11.18640655498002,0.9540488758003869
jjas_z500,z500,ukmo,1,29.0,80.0,35,-10.153487335689638,11.513712562774725,0.9630538974412305
jjas_z500,z500,ukmo,1,29.0,95.0,35,-9.848233274429601,10.883961016532963,0.9526900690903484
jjas_z500,z500,ukmo,1,30.5,74.0,35,-7.279983568948357,9.590447676238949,0.9307126319907851
jjas_z500,z500,ukmo,1,30.5,75.5,35,-7.62813701326886,9.765339154754487,0.9375496017556827
jjas_z500,z500,ukmo,1,30.5,77.0,35,-8.369824218749974,10.333586975395052,0.9436480031919616
jjas_z500,z500,ukmo,1,30.5,78.5,35,-8.89761788504472,10.677675530245017,0.9498903821070496
jjas_z500,z500,ukmo,1,30.5,80.0,35,-8.870379541790758,10.51680529972211,0.9529509250558372
jjas_z500,z500,ukmo,1,32.0,75.5,35,-6.45710139198896,9.118954160490109,0.9382909653704962
jjas_z500,z500,ukmo,1,32.0,77.0,35,-7.324541945684385,9.676183538495405,0.942269552650799
jjas_z500,z500,ukmo,1,32.0,78.5,35,-7.103460208953324,9.294527687071941,0.9467843337327785
jjas_z500,z500,ukmo,1,33.5,74.0,35,-4.914211697048605,8.23278902222318,0.9397405551510358
jjas_z500,z500,ukmo,1,33.5,75.5,35,-5.700631665426513,8.634677700393727,0.9412243381600319
jjas_z500,z500,ukmo,1,33.5,77.0,35,-5.867860630580383,8.609290039300184,0.945124933162095
jjas_z500,z500,ukmo,1,33.5,78.5,35,-4.666237289186366,7.621588709500902,0.9490453282788327
jjas_z500,z500,ukmo,1,35.0,75.5,35,-5.549507068452346,8.240050712417828,0.955357055665622
jjas_z500,z500,ukmo,1,35.0,77.0,35,-5.2874457465278155,8.026713468725006,0.955778746530234
jjas_z500,z500,ukmo,1,35.0,78.5,35,-4.193555075024908,7.350566084091861,0.9574528215738921
jjas_z500,z500,ukmo,1,35.0,80.0,35,-3.2626639229911234,6.813613175261172,0.9581602026118925
jjas_z500,z500,ukmo,1,36.5,74.0,35,-7.081312003968352,9.58435634667148,0.9630127130199895
jjas_z500,z500,ukmo,1,36.5,75.5,35,-6.536542038690407,9.05329384777577,0.9645325688921312
jjas_z500,z500,ukmo,2,9.5,77.0,35,-16.198118179563476,17.13521560575956,0.6552543868621022
jjas_z500,z500,ukmo,2,9.5,78.5,35,-16.047115265377112,17.019863542493503,0.6593173700948062
jjas_z500,z500,ukmo,2,11.0,77.0,35,-15.583073304191359,16.75733451035075,0.6526664833767599
jjas_z500,z500,ukmo,2,11.0,78.5,35,-15.539289202008746,16.737400323020935,0.6629447886706996
jjas_z500,z500,ukmo,2,12.5,75.5,35,-15.04431539868583,16.40225932107658,0.6752185794309853
jjas_z500,z500,ukmo,2,12.5,77.0,35,-15.02758905319944,16.42971004778365,0.6845065013198467
jjas_z500,z500,ukmo,2,12.5,78.5,35,-15.001668681795698,16.45372650055879,0.6988901128302291
jjas_z500,z500,ukmo,2,12.5,80.0,35,-15.131903754340081,16.72050795023727,0.7061090052308259
jjas_z500,z500,ukmo,2,14.0,75.5,35,-14.517024739583395,15.965721220405149,0.7361243101186412
jjas_z500,z500,ukmo,2,14.0,77.0,35,-14.647338092138073,16.20219779142449,0.738883637033249
jjas_z500,z500,ukmo,2,14.0,78.5,35,-14.672549680679548,16.36053126468271,0.7443985700025666
jjas_z500,z500,ukmo,2,14.0,80.0,35,-14.76385478670649,16.661543913332043,0.7372041472480436
jjas_z500,z500,ukmo,2,15.5,74.0,35,-13.737978980654797,15.093909470672278,0.7973068990131305
jjas_z500,z500,ukmo,2,15.5,75.5,35,-14.024838789682534,15.507790338911914,0.7870154770244068
jjas_z500,z500,ukmo,2,15.5,77.0,35,-14.308535233754837,15.96521425736825,0.7823567800134393
jjas_z500,z500,ukmo,2,15.5,78.5,35,-14.50243636842749,16.371934527545292,0.7771527795361904
jjas_z500,z500,ukmo,2,15.5,80.0,35,-14.786227756076316,16.90060368641061,0.7652576022070513
jjas_z500,z500,ukmo,2,17.0,74.0,35,-13.200122070312267,14.447683753700725,0.842448244453954
jjas_z500,z500,ukmo,2,17.0,75.5,35,-13.718602353050352,15.148576155899054,0.8275241946234767
jjas_z500,z500,ukmo,2,17.0,77.0,35,-14.093675595238112,15.781741103911836,0.8162300317035239
jjas_z500,z500,ukmo,2,17.0,78.5,35,-14.378973679315616,16.37466869425319,0.8013896210655025
jjas_z500,z500,ukmo,2,17.0,80.0,35,-14.84824645027285,17.142788153209683,0.7852815716334177
jjas_z500,z500,ukmo,2,17.0,81.5,35,-15.602357700893013,18.130708593389592,0.7704819672376724
jjas_z500,z500,ukmo,2,18.5,74.0,35,-12.922997271825391,14.098254101165296,0.8673924652747389
jjas_z500,z500,ukmo,2,18.5,75.5,35,-13.529569692460063,14.890651944478579,0.8547659980763448
jjas_z500,z500,ukmo,2,18.5,77.0,35,-13.926431904141905,15.602352382690999,0.8383280089775564
jjas_z500,z500,ukmo,2,18.5,78.5,35,-14.264279901413724,16.31300945442225,0.8197616264918577
jjas_z500,z500,ukmo,2,18.5,80.0,35,-14.869525049603206,17.266024976383783,0.7994078020910601
jjas_z500,z500,ukmo,2,18.5,81.5,35,-15.640464952256714,18.260893995633612,0.7860614345403187
jjas_z500,z500,ukmo,2,18.5,83.0,35,-16.24413713727671,19.029270964969182,0.7769022185477961
jjas_z500,z500,ukmo,2,20.0,74.0,35,-12.641166759672473,13.977596424961563,0.8555815473164884
jjas_z500,z500,ukmo,2,20.0,75.5,35,-13.290355282738165,14.703442189694508,0.8561565313231644
jjas_z500,z500,ukmo,2,20.0,77.0,35,-13.78175804501469,15.458799875372154,0.8445305037342513
jjas_z500,z500,ukmo,2,20.0,78.5,35,-14.262924727182456,16.292747474940015,0.8271393766871851
jjas_z500,z500,ukmo,2,20.0,80.0,35,-14.981314329117128,17.356129304051592,0.8075233526686546
jjas_z500,z500,ukmo,2,20.0,81.5,35,-15.790732731894865,18.361163562372184,0.7977704837260132
jjas_z500,z500,ukmo,2,20.0,83.0,35,-16.40336487785228,19.100397259632764,0.7918879918126293
jjas_z500,z500,ukmo,2,20.0,84.5,35,-16.772528366815354,19.672946185373327,0.7815154444216459
jjas_z500,z500,ukmo,2,20.0,86.0,35,-17.046981956845205,20.24879419032005,0.7606317390625595
jjas_z500,z500,ukmo,2,21.5,71.0,35,-10.577268957713281,13.457610568245943,0.6768906113724817
jjas_z500,z500,ukmo,2,21.5,74.0,35,-12.169920324900835,14.043109532678182,0.7969565365221531
jjas_z500,z500,ukmo,2,21.5,75.5,35,-12.801718672494957,14.576139863246304,0.8184737537349495
jjas_z500,z500,ukmo,2,21.5,77.0,35,-13.480252511160481,15.318840197928221,0.8245228304302534
jjas_z500,z500,ukmo,2,21.5,78.5,35,-14.12523484002972,16.15341927759186,0.8186096420711175
jjas_z500,z500,ukmo,2,21.5,80.0,35,-14.938637385292505,17.22319129807199,0.8042866214731256
jjas_z500,z500,ukmo,2,21.5,81.5,35,-15.89628324962796,18.33383297175022,0.7969341492051647
jjas_z500,z500,ukmo,2,21.5,83.0,35,-16.698059663318574,19.225132370132794,0.7933457311260298
jjas_z500,z500,ukmo,2,21.5,84.5,35,-17.16875193762392,19.86045370953224,0.7837909773453339
jjas_z500,z500,ukmo,2,21.5,86.0,35,-17.449397011408706,20.4002247622518,0.7632973261041827
jjas_z500,z500,ukmo,2,23.0,69.5,35,-10.056174045138972,14.30107319899415,0.4674192589989802
jjas_z500,z500,ukmo,2,23.0,71.0,35,-10.379890562996037,14.147625101982362,0.5451108503995725
jjas_z500,z500,ukmo,2,23.0,72.5,35,-10.94633866567461,14.197713015687064,0.6162544038958037
jjas_z500,z500,ukmo,2,23.0,74.0,35,-11.457044038318678,14.290433669714528,0.6806375966902876
jjas_z500,z500,ukmo,2,23.0,75.5,35,-12.025442165798632,14.572184671111112,0.7287540093380519
jjas_z500,z500,ukmo,2,23.0,77.0,35,-12.84645531063969,15.218278038151015,0.7567109823774266
jjas_z500,z500,ukmo,2,23.0,78.5,35,-13.634791201636835,15.928448908764524,0.7727688615633764
jjas_z500,z500,ukmo,2,23.0,80.0,35,-14.581427098834371,16.887615619171484,0.7768067865172295
jjas_z500,z500,ukmo,2,23.0,81.5,35,-15.72951040116568,18.058608950685212,0.7759783289973557
jjas_z500,z500,ukmo,2,23.0,83.0,35,-16.698607235863218,19.060581740861693,0.7743825771287142
jjas_z500,z500,ukmo,2,23.0,84.5,35,-17.216589549231138,19.693071269858454,0.7666863847046674
jjas_z500,z500,ukmo,2,23.0,86.0,35,-17.550948660714155,20.277290481448535,0.7409247363972272
jjas_z500,z500,ukmo,2,23.0,87.5,35,-17.76483638702882,20.849598373190386,0.697250700218631
jjas_z500,z500,ukmo,2,24.5,72.5,35,-10.636694335937344,15.007772955959025,0.4676748173189716
jjas_z500,z500,ukmo,2,24.5,74.0,35,-10.81888214595726,14.781819111197054,0.5326806048236394
jjas_z500,z500,ukmo,2,24.5,75.5,35,-11.340928819444343,14.916966696050928,0.5912806573252845
jjas_z500,z500,ukmo,2,24.5,77.0,35,-12.21222524491563,15.435502063192567,0.6324245505962386
jjas_z500,z500,ukmo,2,24.5,78.5,35,-13.10176750062006,15.98585801982096,0.6696543448123303
jjas_z500,z500,ukmo,2,24.5,80.0,35,-14.139813523065614,16.77258172968619,0.697049063505802
jjas_z500,z500,ukmo,2,24.5,81.5,35,-15.32725074404768,17.857310461757983,0.7060550513452556
jjas_z500,z500,ukmo,2,24.5,83.0,35,-16.245742652529824,18.769921220640153,0.7077193845300305
jjas_z500,z500,ukmo,2,24.5,84.5,35,-16.66155405195945,19.210322463706092,0.7060688924387092
jjas_z500,z500,ukmo,2,24.5,86.0,35,-16.935272894965237,19.62311504521862,0.6865685238581264
jjas_z500,z500,ukmo,2,24.5,87.5,35,-17.05471462673608,20.0065384470909,0.6507849856032623
jjas_z500,z500,ukmo,2,24.5,93.5,35,-15.24174455915163,17.888154957868583,0.5656893949771495
jjas_z500,z500,ukmo,2,26.0,71.0,35,-10.895407056051512,16.921166859121353,0.3113743012168813
jjas_z500,z500,ukmo,2,26.0,72.5,35,-10.618004789806426,16.20995730085295,0.35782257545368795
jjas_z500,z500,ukmo,2,26.0,74.0,35,-10.623738606770765,15.664964876145381,0.41418238125542495
jjas_z500,z500,ukmo,2,26.0,75.5,35,-11.103984917534763,15.579489066514753,0.469725748572457
jjas_z500,z500,ukmo,2,26.0,77.0,35,-11.870009455605162,15.822245431793544,0.5174811911082169
jjas_z500,z500,ukmo,2,26.0,78.5,35,-12.663601345486079,16.149633522833852,0.5616671902186664
jjas_z500,z500,ukmo,2,26.0,80.0,35,-13.607040163070321,16.749511609587692,0.59409291889675
jjas_z500,z500,ukmo,2,26.0,81.5,35,-14.602119373139898,17.64195772596336,0.6046584408648926
jjas_z500,z500,ukmo,2,26.0,83.0,35,-15.264429098462383,18.375877379594744,0.6048801398049828
jjas_z500,z500,ukmo,2,26.0,84.5,35,-15.53965541294635,18.643049407837353,0.6107143339482315
jjas_z500,z500,ukmo,2,26.0,86.0,35,-15.758302718874049,18.798180660451326,0.6126747764110232
jjas_z500,z500,ukmo,2,26.0,87.5,35,-15.951006789434619,19.04027880924387,0.600885311620337
jjas_z500,z500,ukmo,2,26.0,90.5,35,-15.856320917038724,19.093352599794073,0.5639940402691741
jjas_z500,z500,ukmo,2,26.0,92.0,35,-15.34691336495546,18.400554967539495,0.5653208375478256
jjas_z500,z500,ukmo,2,26.0,93.5,35,-14.86554710751469,17.56756612325607,0.5790944889917872
jjas_z500,z500,ukmo,2,26.0,95.0,35,-14.422708178323461,16.8110678722909,0.5861614113155046
jjas_z500,z500,ukmo,2,27.5,71.0,35,-11.099609762524778,19.096527203078054,0.218566511190103
jjas_z500,z500,ukmo,2,27.5,72.5,35,-10.832481166294668,18.186916984075193,0.2595296242547151
jjas_z500,z500,ukmo,2,27.5,74.0,35,-10.8808349609375,17.26634055856338,0.32735200854458935
jjas_z500,z500,ukmo,2,27.5,75.5,35,-11.300730096726147,16.671853498747254,0.4058463873163995
jjas_z500,z500,ukmo,2,27.5,77.0,35,-11.854455760168614,16.467701843598533,0.4689367024404685
jjas_z500,z500,ukmo,2,27.5,78.5,35,-12.461344401041606,16.586149200922428,0.5144186958518633
jjas_z500,z500,ukmo,2,27.5,80.0,35,-13.215898204985102,17.055837085907363,0.5419359127042611
jjas_z500,z500,ukmo,2,27.5,81.5,35,-14.039229135664781,17.798318711445447,0.5477107782036427
jjas_z500,z500,ukmo,2,27.5,92.0,35,-14.306017097594303,17.811957016687977,0.5779720276822332
jjas_z500,z500,ukmo,2,27.5,93.5,35,-14.23347943018359,17.437745235993944,0.5898184808335989
jjas_z500,z500,ukmo,2,27.5,95.0,35,-13.980509827628936,16.855405750695084,0.5941025068734335
jjas_z500,z500,ukmo,2,27.5,96.5,35,-13.974827551463386,16.607956473976184,0.5883072826913225
jjas_z500,z500,ukmo,2,29.0,74.0,35,-11.322071862599245,19.43773987629685,0.26904294740717377
jjas_z500,z500,ukmo,2,29.0,75.5,35,-11.723166620163777,18.359066500079738,0.37534904076888587
jjas_z500,z500,ukmo,2,29.0,77.0,35,-12.21636362227187,17.804879996491668,0.4609624452284855
jjas_z500,z500,ukmo,2,29.0,78.5,35,-12.777705698164572,17.77279661568073,0.5106292867368548
jjas_z500,z500,ukmo,2,29.0,80.0,35,-13.417970300099219,18.137649317960356,0.5339004623852077
jjas_z500,z500,ukmo,2,29.0,95.0,35,-13.065264989459424,16.952253397001233,0.575508129785516
jjas_z500,z500,ukmo,2,30.5,74.0,35,-11.417976112971155,21.56883863437768,0.22967806691514867
jjas_z500,z500,ukmo,2,30.5,75.5,35,-11.966680230034658,20.272064536693875,0.3533924037119131
jjas_z500,z500,ukmo,2,30.5,77.0,35,-12.657053338913595,19.55801802259765,0.44879554953438133
jjas_z500,z500,ukmo,2,30.5,78.5,35,-13.049386160714441,19.287562780513717,0.49006494943228573
jjas_z500,z500,ukmo,2,30.5,80.0,35,-12.96386835007457,19.15720503980286,0.4934055433456719
jjas_z500,z500,ukmo,2,32.0,75.5,35,-12.067304920014976,22.01970370858081,0.3165418774287577
jjas_z500,z500,ukmo,2,32.0,77.0,35,-12.642754061259854,21.17084741334471,0.4004867085296008
jjas_z500,z500,ukmo,2,32.0,78.5,35,-12.064711604042765,20.52696598559289,0.4229794701843009
jjas_z500,z500,ukmo,2,33.5,74.0,35,-11.068204752604053,24.787733537731757,0.19471907858815435
jjas_z500,z500,ukmo,2,33.5,75.5,35,-11.821435934399805,23.500411187010126,0.27812593808576697
jjas_z500,z500,ukmo,2,33.5,77.0,35,-11.669357638888817,22.539861213505414,0.33995455372266586
jjas_z500,z500,ukmo,2,33.5,78.5,35,-10.072651599702372,21.864339764308017,0.3358261633607897
jjas_z500,z500,ukmo,2,35.0,75.5,35,-11.264624023437396,24.936212059986442,0.28083311565981844
jjas_z500,z500,ukmo,2,35.0,77.0,35,-10.736390128968248,24.14498782966452,0.3074017493372505
jjas_z500,z500,ukmo,2,35.0,78.5,35,-9.268110196552671,23.59124705384617,0.326445796601254
jjas_z500,z500,ukmo,2,35.0,80.0,35,-7.8973865327380866,23.06967744138214,0.33200572966980685
jjas_z500,z500,ukmo,2,36.5,74.0,35,-11.840142919146663,27.78407254423295,0.3159585951731131
jjas_z500,z500,ukmo,2,36.5,75.5,35,-11.20596749441954,26.738614530293912,0.3377815792147486
jjas_z500,z500,ukmo,3,9.5,77.0,35,-17.570627557663776,18.686894441062762,0.3728297097881048
jjas_z500,z500,ukmo,3,9.5,78.5,35,-17.76969323536728,18.941656443782563,0.34618826966870814
jjas_z500,z500,ukmo,3,11.0,77.0,35,-17.41846516927074,18.81526445947641,0.33136620647921844
jjas_z500,z500,ukmo,3,11.0,78.5,35,-17.681374395461276,19.103594480795085,0.3336296765108422
jjas_z500,z500,ukmo,3,12.5,75.5,35,-16.886003766741098,18.6758764965993,0.3374516797064396
jjas_z500,z500,ukmo,3,12.5,77.0,35,-17.124023825024725,18.854780512055694,0.3578085047146194
jjas_z500,z500,ukmo,3,12.5,78.5,35,-17.285720873635885,19.048151209586152,0.38222493291647797
jjas_z500,z500,ukmo,3,12.5,80.0,35,-17.573837813119983,19.424923657589698,0.411489499465922
jjas_z500,z500,ukmo,3,14.0,75.5,35,-16.287267485119212,18.342790604070903,0.4258065945739204
jjas_z500,z500,ukmo,3,14.0,77.0,35,-16.639138454861104,18.722713705769042,0.43999706956404755
jjas_z500,z500,ukmo,3,14.0,78.5,35,-16.786456395709372,18.979994214138824,0.458942873237434
jjas_z500,z500,ukmo,3,14.0,80.0,35,-17.00716804625515,19.353579746430572,0.4651975303277156
jjas_z500,z500,ukmo,3,15.5,74.0,35,-14.935301571800483,17.348384689269846,0.4902918168202193
jjas_z500,z500,ukmo,3,15.5,75.5,35,-15.424611312623945,17.789239906570426,0.5093290976336435
jjas_z500,z500,ukmo,3,15.5,77.0,35,-15.832416449652815,18.325341619074774,0.5160821377739986
jjas_z500,z500,ukmo,3,15.5,78.5,35,-16.117353360615095,18.807920315508877,0.5210906953489343
jjas_z500,z500,ukmo,3,15.5,80.0,35,-16.532260277157757,19.439774552221586,0.5151991891818061
jjas_z500,z500,ukmo,3,17.0,74.0,35,-13.90142531622023,16.585919806959602,0.5579070863873009
jjas_z500,z500,ukmo,3,17.0,75.5,35,-14.581905691964105,17.2519615689877,0.5714193752975488
jjas_z500,z500,ukmo,3,17.0,77.0,35,-14.988888501364142,17.881891259024684,0.5730301770550887
jjas_z500,z500,ukmo,3,17.0,78.5,35,-15.273605298239168,18.490421651136806,0.5625774698980496
jjas_z500,z500,ukmo,3,17.0,80.0,35,-15.834276181175639,19.35479571631814,0.5487634043934013
jjas_z500,z500,ukmo,3,17.0,81.5,35,-16.809643554687707,20.434257836103004,0.5493222009088775
jjas_z500,z500,ukmo,3,18.5,74.0,35,-13.022425285218196,16.010971863384206,0.5855381995621721
jjas_z500,z500,ukmo,3,18.5,75.5,35,-13.79685058593737,16.76922604350598,0.6012926982009895
jjas_z500,z500,ukmo,3,18.5,77.0,35,-14.232870241195608,17.45702351068012,0.5995255932044601
jjas_z500,z500,ukmo,3,18.5,78.5,35,-14.472048223586276,18.12631721119064,0.5818789048647872
jjas_z500,z500,ukmo,3,18.5,80.0,35,-15.042204163566254,19.099434435338505,0.5590483637258554
jjas_z500,z500,ukmo,3,18.5,81.5,35,-16.04100438678067,20.211985597101933,0.5600707395796783
jjas_z500,z500,ukmo,3,18.5,83.0,35,-17.005438135540732,21.167456195188375,0.5714930768365013
jjas_z500,z500,ukmo,3,20.0,74.0,35,-12.23617195250494,15.654518499558328,0.5532024579822776
jjas_z500,z500,ukmo,3,20.0,75.5,35,-13.090885029141958,16.44463422543443,0.5748395603262503
jjas_z500,z500,ukmo,3,20.0,77.0,35,-13.6526723710317,17.190299159174483,0.5812195594452227
jjas_z500,z500,ukmo,3,20.0,78.5,35,-14.0322114490326,17.92492388875505,0.5733461842190324
jjas_z500,z500,ukmo,3,20.0,80.0,35,-14.612577892485362,18.859867936881578,0.5592890737725572
jjas_z500,z500,ukmo,3,20.0,81.5,35,-15.541161721850118,19.89297315697583,0.563761432625974
jjas_z500,z500,ukmo,3,20.0,83.0,35,-16.36302625868063,20.747568179826978,0.5700880167275914
jjas_z500,z500,ukmo,3,20.0,84.5,35,-16.898166620163675,21.397182719080682,0.5654144221917674
jjas_z500,z500,ukmo,3,20.0,86.0,35,-17.388950505332314,21.940561368164932,0.5572177153700208
jjas_z500,z500,ukmo,3,21.5,71.0,35,-9.3486308748759,14.039991903200166,0.3826619910429043
jjas_z500,z500,ukmo,3,21.5,74.0,35,-11.630318390376877,15.578443548816049,0.46551488214769526
jjas_z500,z500,ukmo,3,21.5,75.5,35,-12.524942258804678,16.325825947548708,0.49742701502233216
jjas_z500,z500,ukmo,3,21.5,77.0,35,-13.303622194320399,17.14690682210043,0.5147453743855798
jjas_z500,z500,ukmo,3,21.5,78.5,35,-13.914946444072458,17.9067560188898,0.5250259065204357
jjas_z500,z500,ukmo,3,21.5,80.0,35,-14.570885261656779,18.706881105056727,0.5345305475329057
jjas_z500,z500,ukmo,3,21.5,81.5,35,-15.481189933655774,19.62826055240919,0.5526120499114636
jjas_z500,z500,ukmo,3,21.5,83.0,35,-16.255465262276786,20.44577471031413,0.5597804937098659
jjas_z500,z500,ukmo,3,21.5,84.5,35,-16.79580814422131,21.102609426229833,0.5513583217082717
jjas_z500,z500,ukmo,3,21.5,86.0,35,-17.328847346230134,21.610679245856748,0.545773767715408
jjas_z500,z500,ukmo,3,23.0,69.5,35,-8.646022832961119,14.588231412123898,0.1748269564456819
jjas_z500,z500,ukmo,3,23.0,71.0,35,-9.250725833953558,14.741914484974219,0.21370725137869975
jjas_z500,z500,ukmo,3,23.0,72.5,35,-10.308900669642883,15.243026308066199,0.26147871628083125
jjas_z500,z500,ukmo,3,23.0,74.0,35,-11.302107359871272,15.817949559340232,0.3144618992130425
jjas_z500,z500,ukmo,3,23.0,75.5,35,-12.179964967758004,16.44216355355485,0.3612660135908253
jjas_z500,z500,ukmo,3,23.0,77.0,35,-13.167033652653767,17.294075234127675,0.3910967587002312
jjas_z500,z500,ukmo,3,23.0,78.5,35,-14.045476422991072,18.067154443949992,0.42350152725830004
jjas_z500,z500,ukmo,3,23.0,80.0,35,-14.88029320126495,18.80571591671455,0.4617991082763939
jjas_z500,z500,ukmo,3,23.0,81.5,35,-15.81923828125,19.60788363467265,0.5052259702963657
jjas_z500,z500,ukmo,3,23.0,83.0,35,-16.598371620783784,20.31818575799325,0.5337030310463623
jjas_z500,z500,ukmo,3,23.0,84.5,35,-17.197565956721284,20.922229530437242,0.5375617928730856
jjas_z500,z500,ukmo,3,23.0,86.0,35,-17.803680710565406,21.418292131704032,0.5340867774158893
jjas_z500,z500,ukmo,3,23.0,87.5,35,-18.321334402901837,21.751694030756145,0.5273326022594877
jjas_z500,z500,ukmo,3,24.5,72.5,35,-10.784475756448384,16.302611883882605,0.07676299768099391
jjas_z500,z500,ukmo,3,24.5,74.0,35,-11.463381231398827,16.43950599882108,0.13023227902815887
jjas_z500,z500,ukmo,3,24.5,75.5,35,-12.377191840277659,16.92840775107531,0.18078451020279918
jjas_z500,z500,ukmo,3,24.5,77.0,35,-13.536005316840159,17.701672082815392,0.2291885207705568
jjas_z500,z500,ukmo,3,24.5,78.5,35,-14.656418960813582,18.44654515950736,0.2929129371066609
jjas_z500,z500,ukmo,3,24.5,80.0,35,-15.669346013144864,19.19197310967957,0.3653082409996799
jjas_z500,z500,ukmo,3,24.5,81.5,35,-16.54198443700404,19.88736127254243,0.438273066105306
jjas_z500,z500,ukmo,3,24.5,83.0,35,-17.212864660838335,20.438559480584942,0.49913417227449264
jjas_z500,z500,ukmo,3,24.5,84.5,35,-17.79160272507444,20.90506451529669,0.5274533352837154
jjas_z500,z500,ukmo,3,24.5,86.0,35,-18.355052548363243,21.294126133925996,0.5339556758507668
jjas_z500,z500,ukmo,3,24.5,87.5,35,-18.72969912574421,21.537420513226593,0.5243704639418683
jjas_z500,z500,ukmo,3,24.5,93.5,35,-17.67715463789682,20.050492121157344,0.39961673976338813
jjas_z500,z500,ukmo,3,26.0,71.0,35,-11.617152622767728,18.240962427264375,-0.05230958665233471
jjas_z500,z500,ukmo,3,26.0,72.5,35,-11.797426835317415,17.844159152041993,-0.043021738692518796
jjas_z500,z500,ukmo,3,26.0,74.0,35,-12.31737273685498,17.636924041471772,-0.004705019805737606
jjas_z500,z500,ukmo,3,26.0,75.5,35,-13.257557121155878,17.848246804894192,0.05114796772666386
jjas_z500,z500,ukmo,3,26.0,77.0,35,-14.401474531870086,18.31080035683729,0.1310591968714338
jjas_z500,z500,ukmo,3,26.0,78.5,35,-15.50753580729171,18.876210102044062,0.22677273828961442
jjas_z500,z500,ukmo,3,26.0,80.0,35,-16.507005673363114,19.51951952348716,0.3263622421370379
jjas_z500,z500,ukmo,3,26.0,81.5,35,-17.256654575892885,20.16919087028372,0.4114350427892404
jjas_z500,z500,ukmo,3,26.0,83.0,35,-17.73112211681546,20.69382279264666,0.47528689476262936
jjas_z500,z500,ukmo,3,26.0,84.5,35,-18.165904017857066,21.072481458179517,0.5101843584957444
jjas_z500,z500,ukmo,3,26.0,86.0,35,-18.616323707217425,21.372654779114907,0.5105812149580956
jjas_z500,z500,ukmo,3,26.0,87.5,35,-18.949813600570348,21.631446157117374,0.4867027787479984
jjas_z500,z500,ukmo,3,26.0,90.5,35,-18.84750434027792,21.59721470886106,0.40598901651710567
jjas_z500,z500,ukmo,3,26.0,92.0,35,-18.261777266245034,21.032413225631235,0.3685324467310297
jjas_z500,z500,ukmo,3,26.0,93.5,35,-17.635635230654614,20.329205931756363,0.34123773365859
jjas_z500,z500,ukmo,3,26.0,95.0,35,-16.848456101190486,19.453174757042248,0.3144801761048614
jjas_z500,z500,ukmo,3,27.5,71.0,35,-12.92286047557045,20.39832573859728,-0.10190295715061261
jjas_z500,z500,ukmo,3,27.5,72.5,35,-13.019802904886065,19.782643710455535,-0.10135399760242156
jjas_z500,z500,ukmo,3,27.5,74.0,35,-13.540382409474088,19.342908992986068,-0.057415245430773115
jjas_z500,z500,ukmo,3,27.5,75.5,35,-14.376818653893784,19.14917963972841,0.030550802437710967
jjas_z500,z500,ukmo,3,27.5,77.0,35,-15.333767361111079,19.22522248004971,0.1440118072255513
jjas_z500,z500,ukmo,3,27.5,78.5,35,-16.273138330853076,19.59583606154782,0.25363784691093966
jjas_z500,z500,ukmo,3,27.5,80.0,35,-17.144661458333395,20.16482129457437,0.34583696674963116
jjas_z500,z500,ukmo,3,27.5,81.5,35,-17.852416604662643,20.815993932917927,0.4086306619185276
jjas_z500,z500,ukmo,3,27.5,92.0,35,-17.845536489335377,21.466212155274402,0.318665869067364
jjas_z500,z500,ukmo,3,27.5,93.5,35,-17.42756347656258,20.98290132768958,0.3113123353166666
jjas_z500,z500,ukmo,3,27.5,95.0,35,-16.707306005084266,20.139455434646045,0.28696185963009724
jjas_z500,z500,ukmo,3,27.5,96.5,35,-16.220771716889978,19.546112683807998,0.2648228678164476
jjas_z500,z500,ukmo,3,29.0,74.0,35,-14.468705047123018,21.261198527322367,-0.0755849620451877
jjas_z500,z500,ukmo,3,29.0,75.5,35,-15.201409815228102,20.765619106909547,0.04574853936303464
jjas_z500,z500,ukmo,3,29.0,77.0,35,-16.105462162078453,20.710520045863063,0.1796799645672376
jjas_z500,z500,ukmo,3,29.0,78.5,35,-17.011983429439326,21.101616055405028,0.2686483901253529
jjas_z500,z500,ukmo,3,29.0,80.0,35,-17.799601236979186,21.686520296522932,0.3251409744515504
jjas_z500,z500,ukmo,3,29.0,95.0,35,-16.26686430431556,20.840901937577485,0.2627445245570572
jjas_z500,z500,ukmo,3,30.5,74.0,35,-14.681149243551564,23.03557303073206,-0.10167378565076923
jjas_z500,z500,ukmo,3,30.5,75.5,35,-15.52090270027277,22.583431633554255,0.024791727071526746
jjas_z500,z500,ukmo,3,30.5,77.0,35,-16.650930447048527,22.68539510531376,0.1424852882956329
jjas_z500,z500,ukmo,3,30.5,78.5,35,-17.42208348834338,23.041678724705022,0.18981447775702837
jjas_z500,z500,ukmo,3,30.5,80.0,35,-17.52768205915181,23.19087564931899,0.19142394879323602
jjas_z500,z500,ukmo,3,32.0,75.5,35,-15.780476112971181,24.514944335047613,-0.04508736898254427
jjas_z500,z500,ukmo,3,32.0,77.0,35,-16.780585007440433,24.635125578597524,0.023132221083632193
jjas_z500,z500,ukmo,3,32.0,78.5,35,-16.59774073040683,24.48553212464225,0.032276242866601815
jjas_z500,z500,ukmo,3,33.5,74.0,35,-14.952535187252034,26.483417307327162,-0.16595431904097865
jjas_z500,z500,ukmo,3,33.5,75.5,35,-15.892245241195374,26.31511698828267,-0.13617415052903314
jjas_z500,z500,ukmo,3,33.5,77.0,35,-15.978341238839338,26.002910691886537,-0.09776900446116836
jjas_z500,z500,ukmo,3,33.5,78.5,35,-14.624798487103128,25.38329987726668,-0.12550548156144492
jjas_z500,z500,ukmo,3,35.0,75.5,35,-15.530445498511966,27.698060530636955,-0.15680608622884215
jjas_z500,z500,ukmo,3,35.0,77.0,35,-14.95270647321426,27.10200717928086,-0.15784698878720782
jjas_z500,z500,ukmo,3,35.0,78.5,35,-13.413913302951265,26.490730203626875,-0.14366187954974097
jjas_z500,z500,ukmo,3,35.0,80.0,35,-12.032867916046676,26.065958364969635,-0.1555467753000275
jjas_z500,z500,ukmo,3,36.5,74.0,35,-15.927955264136939,30.206570149624525,-0.10398123900704014
jjas_z500,z500,ukmo,3,36.5,75.5,35,-15.111406017485153,29.289857691325427,-0.09489575046565239
jjas_z500,z500,ukmo,4,9.5,77.0,35,-15.215722268725273,16.37702004440339,0.448924254490714
jjas_z500,z500,ukmo,4,9.5,78.5,35,-15.235897584945581,16.3771785358311,0.4661389873620794
jjas_z500,z500,ukmo,4,11.0,77.0,35,-14.95058748759927,16.333289033378392,0.4322314901187995
jjas_z500,z500,ukmo,4,11.0,78.5,35,-15.120303586929419,16.481449203574225,0.44652584087862485
jjas_z500,z500,ukmo,4,12.5,75.5,35,-14.23485165550584,16.18721309698648,0.3736589979234027
jjas_z500,z500,ukmo,4,12.5,77.0,35,-14.505937267485102,16.343773115254926,0.39507356481823996
jjas_z500,z500,ukmo,4,12.5,78.5,35,-14.637548053075522,16.511105744165274,0.4020191491076275
jjas_z500,z500,ukmo,4,12.5,80.0,35,-14.950947498139872,16.889391611669854,0.40865671055830505
jjas_z500,z500,ukmo,4,14.0,75.5,35,-13.491868179563452,16.197433559075808,0.3304722251527353
jjas_z500,z500,ukmo,4,14.0,77.0,35,-13.924956209697406,16.547416680235784,0.3455802237314701
jjas_z500,z500,ukmo,4,14.0,78.5,35,-14.073663039434592,16.859712805433205,0.3426019184648115
jjas_z500,z500,ukmo,4,14.0,80.0,35,-14.355418371775963,17.34121344146755,0.3287262430977515
jjas_z500,z500,ukmo,4,15.5,74.0,35,-11.639340355282833,15.85443173793219,0.26758729505988765
jjas_z500,z500,ukmo,4,15.5,75.5,35,-12.425418139260909,16.210335875744533,0.29116310607641577
jjas_z500,z500,ukmo,4,15.5,77.0,35,-13.033633665054497,16.834703867334696,0.29109099320698956
jjas_z500,z500,ukmo,4,15.5,78.5,35,-13.42977275545636,17.518767117188585,0.27702059311869154
jjas_z500,z500,ukmo,4,15.5,80.0,35,-13.917244078620959,18.32917266307369,0.25698581287192607
jjas_z500,z500,ukmo,4,17.0,74.0,35,-10.389023359994903,15.783029256640539,0.23842281774664284
jjas_z500,z500,ukmo,4,17.0,75.5,35,-11.39297262524794,16.402827377015036,0.24508863027409178
jjas_z500,z500,ukmo,4,17.0,77.0,35,-12.124375697544616,17.29857811459901,0.23299317278407936
jjas_z500,z500,ukmo,4,17.0,78.5,35,-12.684072730654849,18.275067897984126,0.20948742920509397
jjas_z500,z500,ukmo,4,17.0,80.0,35,-13.38612428695425,19.377623353132687,0.19103622195896847
jjas_z500,z500,ukmo,4,17.0,81.5,35,-14.680138578869133,20.682131495762736,0.18549533713115718
jjas_z500,z500,ukmo,4,18.5,74.0,35,-9.465931144593274,15.769420349230925,0.2004167372891855
jjas_z500,z500,ukmo,4,18.5,75.5,35,-10.506710766988986,16.641628553676615,0.186135884880258
jjas_z500,z500,ukmo,4,18.5,77.0,35,-11.351908172123096,17.749205409724976,0.16025671736422833
jjas_z500,z500,ukmo,4,18.5,78.5,35,-12.042366923983199,18.980771652272857,0.1275509965956437
jjas_z500,z500,ukmo,4,18.5,80.0,35,-12.891993350074284,20.29581429587047,0.10335373091720396
jjas_z500,z500,ukmo,4,18.5,81.5,35,-14.151411365327242,21.617033864757527,0.10038263196292875
jjas_z500,z500,ukmo,4,18.5,83.0,35,-15.365523080977203,22.860440322335155,0.09712649330459647
jjas_z500,z500,ukmo,4,20.0,74.0,35,-8.761825706845125,15.677402824541325,0.13726297001961107
jjas_z500,z500,ukmo,4,20.0,75.5,35,-9.802452644469147,16.729612511254288,0.10591539813117758
jjas_z500,z500,ukmo,4,20.0,77.0,35,-10.789574420262891,18.023823814985636,0.0683959739857109
jjas_z500,z500,ukmo,4,20.0,78.5,35,-11.75361444382444,19.502550511041274,0.03198417038123905
jjas_z500,z500,ukmo,4,20.0,80.0,35,-12.79109157986134,20.985748930359602,0.008240768281666293
jjas_z500,z500,ukmo,4,20.0,81.5,35,-13.983143833705306,22.313040068617497,0.008820096713059765
jjas_z500,z500,ukmo,4,20.0,83.0,35,-15.011241319444343,23.417254353784397,0.00888429931694565
jjas_z500,z500,ukmo,4,20.0,84.5,35,-15.751278831845177,24.216253971293316,0.01197305633841644
jjas_z500,z500,ukmo,4,20.0,86.0,35,-16.421105375744055,24.612352337022614,0.034145676133924704
jjas_z500,z500,ukmo,4,21.5,71.0,35,-6.61208108568943,13.689128851478298,0.1362557630888704
jjas_z500,z500,ukmo,4,21.5,74.0,35,-8.297941468253859,15.494499436606707,0.06193282045193968
jjas_z500,z500,ukmo,4,21.5,75.5,35,-9.263098338293664,16.62599146935275,0.014946266862171756
jjas_z500,z500,ukmo,4,21.5,77.0,35,-10.42515849764386,18.055296535629957,-0.031833062230875446
jjas_z500,z500,ukmo,4,21.5,78.5,35,-11.675798688615942,19.64992634065373,-0.06846309833533337
jjas_z500,z500,ukmo,4,21.5,80.0,35,-12.932504417782729,21.179981306496913,-0.08348044220588162
jjas_z500,z500,ukmo,4,21.5,81.5,35,-14.211824544270842,22.523930785594864,-0.07508241889392905
jjas_z500,z500,ukmo,4,21.5,83.0,35,-15.271618071056478,23.572037445097262,-0.06300356297281526
jjas_z500,z500,ukmo,4,21.5,84.5,35,-16.033314732142806,24.236725874114526,-0.0463496258803469
jjas_z500,z500,ukmo,4,21.5,86.0,35,-16.752468920510882,24.494317492397748,-0.00939719140786072
jjas_z500,z500,ukmo,4,23.0,69.5,35,-7.335375589037669,13.870291147894108,0.0961143771181287
jjas_z500,z500,ukmo,4,23.0,71.0,35,-7.236573428199388,13.914162199244492,0.0924411505134204
jjas_z500,z500,ukmo,4,23.0,72.5,35,-7.654363141741201,14.407827731995228,0.06055081051781171
jjas_z500,z500,ukmo,4,23.0,74.0,35,-8.250509982638999,15.238738041765474,0.007489273623979709
jjas_z500,z500,ukmo,4,23.0,75.5,35,-9.067375837053598,16.351206355029284,-0.052856311476317724
jjas_z500,z500,ukmo,4,23.0,77.0,35,-10.332960921998867,17.813775151857687,-0.10397831719661306
jjas_z500,z500,ukmo,4,23.0,78.5,35,-11.755796208457312,19.374321371825893,-0.13643078412738616
jjas_z500,z500,ukmo,4,23.0,80.0,35,-13.198042224702347,20.87185602418013,-0.1455941736760824
jjas_z500,z500,ukmo,4,23.0,81.5,35,-14.610642206101199,22.187341342958174,-0.13264476839360048
jjas_z500,z500,ukmo,4,23.0,83.0,35,-15.77224508618557,23.134430736151536,-0.1046603418001082
jjas_z500,z500,ukmo,4,23.0,84.5,35,-16.608782862103155,23.593858893614403,-0.061447012128417584
jjas_z500,z500,ukmo,4,23.0,86.0,35,-17.411239769345176,23.73444264108641,-0.003638208747311225
jjas_z500,z500,ukmo,4,23.0,87.5,35,-18.103853934151786,23.62530082165889,0.0677590059482295
jjas_z500,z500,ukmo,4,24.5,72.5,35,-8.957652064732143,15.04066418888333,0.06180756919310391
jjas_z500,z500,ukmo,4,24.5,74.0,35,-9.004780893477255,15.246726412864476,0.02432594303277858
jjas_z500,z500,ukmo,4,24.5,75.5,35,-9.669971865699491,16.121096266386104,-0.033048907392519214
jjas_z500,z500,ukmo,4,24.5,77.0,35,-11.013762168278689,17.551543534625534,-0.08967799009881351
jjas_z500,z500,ukmo,4,24.5,78.5,35,-12.519235181051512,19.06170027319743,-0.12283475140297519
jjas_z500,z500,ukmo,4,24.5,80.0,35,-13.993413628472133,20.487373672230326,-0.13261612870548917
jjas_z500,z500,ukmo,4,24.5,81.5,35,-15.29932686941985,21.655489766971964,-0.11430966950552814
jjas_z500,z500,ukmo,4,24.5,83.0,35,-16.31657559833815,22.375379337668917,-0.06774025426309578
jjas_z500,z500,ukmo,4,24.5,84.5,35,-17.11849229600695,22.615347797568333,0.0018893573728460489
jjas_z500,z500,ukmo,4,24.5,86.0,35,-17.91800478980661,22.666479002260125,0.08404562344726209
jjas_z500,z500,ukmo,4,24.5,87.5,35,-18.49580426897332,22.579410072966365,0.16232564563932017
jjas_z500,z500,ukmo,4,24.5,93.5,35,-17.204108925471182,19.335615543907956,0.35136940034636854
jjas_z500,z500,ukmo,4,26.0,71.0,35,-11.819853670634933,18.064947041499128,0.01608420322591612
jjas_z500,z500,ukmo,4,26.0,72.5,35,-11.064982871403792,16.946626361058595,0.058952081563894435
jjas_z500,z500,ukmo,4,26.0,74.0,35,-10.7214603484622,16.317525907251422,0.08284289829671523
jjas_z500,z500,ukmo,4,26.0,75.5,35,-11.24756324404755,16.622599669040103,0.07269736463677384
jjas_z500,z500,ukmo,4,26.0,77.0,35,-12.49530784970232,17.7167569066942,0.03531918220199689
jjas_z500,z500,ukmo,4,26.0,78.5,35,-13.899938383556426,19.038041434985704,0.003981883832043829
jjas_z500,z500,ukmo,4,26.0,80.0,35,-15.202366226438503,20.231058862500834,0.0029819193402633036
jjas_z500,z500,ukmo,4,26.0,81.5,35,-16.20394577752977,21.15431539310368,0.03367258178289385
jjas_z500,z500,ukmo,4,26.0,83.0,35,-16.853635757688505,21.666391196274258,0.09202733201862057
jjas_z500,z500,ukmo,4,26.0,84.5,35,-17.43383944072406,21.77165807276285,0.17588092972759642
jjas_z500,z500,ukmo,4,26.0,86.0,35,-18.097345842633878,21.744804826205698,0.2632607797548611
jjas_z500,z500,ukmo,4,26.0,87.5,35,-18.636192103794695,21.72438818129264,0.33516913807086296
jjas_z500,z500,ukmo,4,26.0,90.5,35,-18.595272197420595,21.027533690853932,0.41791603260169746
jjas_z500,z500,ukmo,4,26.0,92.0,35,-17.870119512648852,20.15095430995686,0.42172713331338657
jjas_z500,z500,ukmo,4,26.0,93.5,35,-17.11377185639888,19.276601320172627,0.4027060122440379
jjas_z500,z500,ukmo,4,26.0,95.0,35,-16.23999178447427,18.32368221342307,0.36547413326269723
jjas_z500,z500,ukmo,4,27.5,71.0,35,-14.295469060019787,21.484343273307154,-0.05725294221623729
jjas_z500,z500,ukmo,4,27.5,72.5,35,-13.38165922619046,19.917749686878967,0.009211338498361157
jjas_z500,z500,ukmo,4,27.5,74.0,35,-12.969635881696377,18.763468142818493,0.08708660079795125
jjas_z500,z500,ukmo,4,27.5,75.5,35,-13.332152932787748,18.4052730294958,0.14860597109340004
jjas_z500,z500,ukmo,4,27.5,77.0,35,-14.266854616195529,18.779734185882727,0.17842675423300572
jjas_z500,z500,ukmo,4,27.5,78.5,35,-15.395532226562421,19.619445622686595,0.18571270868121936
jjas_z500,z500,ukmo,4,27.5,80.0,35,-16.47677292596727,20.5398105949762,0.20381007638507992
jjas_z500,z500,ukmo,4,27.5,81.5,35,-17.332603236607117,21.270457556355826,0.24165740308586522
jjas_z500,z500,ukmo,4,27.5,92.0,35,-17.24133455791177,20.20863128873672,0.42357535136877766
jjas_z500,z500,ukmo,4,27.5,93.5,35,-16.622723291790653,19.559746231045978,0.403615942771014
jjas_z500,z500,ukmo,4,27.5,95.0,35,-15.726573738219251,18.62628094864016,0.35737591203740776
jjas_z500,z500,ukmo,4,27.5,96.5,35,-15.04916333395335,17.97871794199968,0.29839502060849926
jjas_z500,z500,ukmo,4,29.0,74.0,35,-14.998276677207338,21.910457485507916,0.030000157869110207
jjas_z500,z500,ukmo,4,29.0,75.5,35,-15.231832062251904,21.050247085827714,0.14106557989189458
jjas_z500,z500,ukmo,4,29.0,77.0,35,-15.966810438368105,20.860732817045513,0.23345190956820178
jjas_z500,z500,ukmo,4,29.0,78.5,35,-16.932185097346284,21.285428523983235,0.2834419003355495
jjas_z500,z500,ukmo,4,29.0,80.0,35,-17.860153149801487,21.931858429120698,0.31862953849396597
jjas_z500,z500,ukmo,4,29.0,95.0,35,-15.00689522879472,19.102657771554224,0.34107554617106817
jjas_z500,z500,ukmo,4,30.5,74.0,35,-16.10974779885915,24.691419320905755,-0.032208031636042564
jjas_z500,z500,ukmo,4,30.5,75.5,35,-16.46789357018866,23.728837797170172,0.08449183855139539
jjas_z500,z500,ukmo,4,30.5,77.0,35,-17.382125806051512,23.391407736846226,0.19827032019855614
jjas_z500,z500,ukmo,4,30.5,78.5,35,-18.23156660776302,23.486460174074917,0.26810815964010076
jjas_z500,z500,ukmo,4,30.5,80.0,35,-18.528354802207364,23.53811067832932,0.30425163695867835
jjas_z500,z500,ukmo,4,32.0,75.5,35,-17.518254743303544,26.051153337435327,0.02947382773997575
jjas_z500,z500,ukmo,4,32.0,77.0,35,-18.365693979414573,25.643209742126267,0.12307910359811791
jjas_z500,z500,ukmo,4,32.0,78.5,35,-18.333179098462487,25.123611359297588,0.1886927498964901
jjas_z500,z500,ukmo,4,33.5,74.0,35,-17.77088836185524,28.611084386160538,-0.06193998784279566
jjas_z500,z500,ukmo,4,33.5,75.5,35,-18.325541372147875,27.816861421018857,0.005476764891899389
jjas_z500,z500,ukmo,4,33.5,77.0,35,-18.31826288132444,27.070054505092223,0.0633217918188573
jjas_z500,z500,ukmo,4,33.5,78.5,35,-17.112636021205226,26.083728535489435,0.0916562987449967
jjas_z500,z500,ukmo,4,35.0,75.5,35,-18.62818312872049,29.31508096018938,-0.0017046811646834576
jjas_z500,z500,ukmo,4,35.0,77.0,35,-17.962987893725067,28.368654020939204,0.03361153558311967
jjas_z500,z500,ukmo,4,35.0,78.5,35,-16.50060105096722,27.47569705786128,0.05136725618008106
jjas_z500,z500,ukmo,4,35.0,80.0,35,-15.132242838541632,26.772135219073895,0.07069216402344372
jjas_z500,z500,ukmo,4,36.5,74.0,35,-19.775571599082234,32.78048145866936,-0.043415755146629
jjas_z500,z500,ukmo,4,36.5,75.5,35,-18.812313213045385,31.502655176142024,-0.021170310890169436
jjas_z500,z500,ukmo,5,9.5,77.0,35,-15.364641849578272,16.786223346061217,0.29139803923574487
jjas_z500,z500,ukmo,5,9.5,78.5,35,-15.60898941282264,16.927596609750363,0.3155140774254291
jjas_z500,z500,ukmo,5,11.0,77.0,35,-15.62739877852169,17.143129870014004,0.31069428164588525
jjas_z500,z500,ukmo,5,11.0,78.5,35,-16.03778599330365,17.42136010331605,0.3417529879047721
jjas_z500,z500,ukmo,5,12.5,75.5,35,-15.126399739583238,17.093402964483094,0.30852784463595845
jjas_z500,z500,ukmo,5,12.5,77.0,35,-15.741663178943496,17.463388070107815,0.3525788860352134
jjas_z500,z500,ukmo,5,12.5,78.5,35,-16.165889291914755,17.77313468029502,0.3879420797618366
jjas_z500,z500,ukmo,5,12.5,80.0,35,-16.62645128038187,18.151765768379736,0.4215701394080927
jjas_z500,z500,ukmo,5,14.0,75.5,35,-14.829789806547732,17.09480390511173,0.38083861796997404
jjas_z500,z500,ukmo,5,14.0,77.0,35,-15.635449218750026,17.65441895218949,0.42304906762894523
jjas_z500,z500,ukmo,5,14.0,78.5,35,-16.102998666914782,18.032909618610002,0.45807563626119135
jjas_z500,z500,ukmo,5,14.0,80.0,35,-16.556439887152866,18.411386236650923,0.4847137803278718
jjas_z500,z500,ukmo,5,15.5,74.0,35,-12.942494419642728,16.17124350631126,0.4128907064269442
jjas_z500,z500,ukmo,5,15.5,75.5,35,-14.181610010540785,16.843827938375057,0.4563879676739314
jjas_z500,z500,ukmo,5,15.5,77.0,35,-15.161337425595333,17.6077956258535,0.48796588638838184
jjas_z500,z500,ukmo,5,15.5,78.5,35,-15.798340231274674,18.169070591764623,0.5192447018602823
jjas_z500,z500,ukmo,5,15.5,80.0,35,-16.44543495783738,18.787197695457905,0.5369513487535172
jjas_z500,z500,ukmo,5,17.0,74.0,35,-12.129605344741945,15.823211867737985,0.46693718100531584
jjas_z500,z500,ukmo,5,17.0,75.5,35,-13.528918263268809,16.683938529666626,0.49604178237623225
jjas_z500,z500,ukmo,5,17.0,77.0,35,-14.554524352058538,17.558427622205308,0.5208401057560824
jjas_z500,z500,ukmo,5,17.0,78.5,35,-15.271918790302673,18.245495118380617,0.5425751052589773
jjas_z500,z500,ukmo,5,17.0,80.0,35,-16.051596602182507,19.06074915796858,0.5550041578107557
jjas_z500,z500,ukmo,5,17.0,81.5,35,-17.252134874132,20.201423893220596,0.5737605224380992
jjas_z500,z500,ukmo,5,18.5,74.0,35,-11.608237227182508,15.665769731607263,0.47574705534530093
jjas_z500,z500,ukmo,5,18.5,75.5,35,-12.971730065724088,16.6817741796153,0.48882055376949535
jjas_z500,z500,ukmo,5,18.5,77.0,35,-13.962405831473136,17.596325722017,0.5026111813137121
jjas_z500,z500,ukmo,5,18.5,78.5,35,-14.697659737723189,18.363121377370316,0.5174646218976122
jjas_z500,z500,ukmo,5,18.5,80.0,35,-15.579572405133746,19.287033884501216,0.5297217776822348
jjas_z500,z500,ukmo,5,18.5,81.5,35,-16.790636625743875,20.471519584174267,0.5479744910104014
jjas_z500,z500,ukmo,5,18.5,83.0,35,-17.898111204117022,21.55507446392514,0.5581525360380079
jjas_z500,z500,ukmo,5,20.0,74.0,35,-11.169223942832183,15.543148058250145,0.4432682605696674
jjas_z500,z500,ukmo,5,20.0,75.5,35,-12.492384750124023,16.695207618021474,0.4421741969739441
jjas_z500,z500,ukmo,5,20.0,77.0,35,-13.52499457465253,17.69826010991501,0.44867492368848655
jjas_z500,z500,ukmo,5,20.0,78.5,35,-14.405135091145713,18.60486023032699,0.4640131632513085
jjas_z500,z500,ukmo,5,20.0,80.0,35,-15.417572699652894,19.6453268171363,0.4790465440572776
jjas_z500,z500,ukmo,5,20.0,81.5,35,-16.63537907676091,20.86811070842865,0.49391968749229564
jjas_z500,z500,ukmo,5,20.0,83.0,35,-17.678392779637814,21.884501474815554,0.5058687928502636
jjas_z500,z500,ukmo,5,20.0,84.5,35,-18.485608491443497,22.631534793216808,0.5156640073912709
jjas_z500,z500,ukmo,5,20.0,86.0,35,-19.2402301122271,23.225269606346725,0.5263872371750368
jjas_z500,z500,ukmo,5,21.5,71.0,35,-8.133552284846129,13.357724947360808,0.33593284914608684
jjas_z500,z500,ukmo,5,21.5,74.0,35,-10.75302269345219,15.457687581119536,0.3757709108829499
jjas_z500,z500,ukmo,5,21.5,75.5,35,-11.97581961495533,16.546206587215153,0.37803826207048646
jjas_z500,z500,ukmo,5,21.5,77.0,35,-13.149581473214155,17.65433201847382,0.3813684128539804
jjas_z500,z500,ukmo,5,21.5,78.5,35,-14.294064670138921,18.755625902243082,0.39549582406066713
jjas_z500,z500,ukmo,5,21.5,80.0,35,-15.467844354538776,19.925097481896977,0.4095527099922768
jjas_z500,z500,ukmo,5,21.5,81.5,35,-16.75517384362603,21.20342433416191,0.4228832138992925
jjas_z500,z500,ukmo,5,21.5,83.0,35,-17.881487552703245,22.286249890258087,0.43787326988050546
jjas_z500,z500,ukmo,5,21.5,84.5,35,-18.663691638764845,22.992529936793186,0.45185925022073586
jjas_z500,z500,ukmo,5,21.5,86.0,35,-19.274638439360025,23.381997723334205,0.46945273776959023
jjas_z500,z500,ukmo,5,23.0,69.5,35,-8.20556330605146,13.92972841992559,0.201657263333104
jjas_z500,z500,ukmo,5,23.0,71.0,35,-8.671303013392857,14.239546388644614,0.21654944227381698
jjas_z500,z500,ukmo,5,23.0,72.5,35,-9.53990342881963,14.756111525685668,0.25159393485252196
jjas_z500,z500,ukmo,5,23.0,74.0,35,-10.496408032614195,15.460736765422407,0.27968006679018903
jjas_z500,z500,ukmo,5,23.0,75.5,35,-11.52595796130954,16.311715051502137,0.29483237605593693
jjas_z500,z500,ukmo,5,23.0,77.0,35,-12.80790705605159,17.456952710647514,0.29714670731127624
jjas_z500,z500,ukmo,5,23.0,78.5,35,-14.18520701574897,18.709802050019086,0.30651430300393684
jjas_z500,z500,ukmo,5,23.0,80.0,35,-15.540361870659762,19.977525621539623,0.3186573410658551
jjas_z500,z500,ukmo,5,23.0,81.5,35,-16.897015671503038,21.271228868153152,0.33323292393709397
jjas_z500,z500,ukmo,5,23.0,83.0,35,-18.050997101314586,22.366347972412232,0.3521047879572959
jjas_z500,z500,ukmo,5,23.0,84.5,35,-18.824276103670698,23.019357278230803,0.3731921315537584
jjas_z500,z500,ukmo,5,23.0,86.0,35,-19.384922572544774,23.302982311254368,0.39656675874173797
jjas_z500,z500,ukmo,5,23.0,87.5,35,-19.87334178137397,23.44047579444885,0.41442604996417093
jjas_z500,z500,ukmo,5,24.5,72.5,35,-10.613118102058433,15.955493040220757,0.16043091475889085
jjas_z500,z500,ukmo,5,24.5,74.0,35,-10.920012943328429,15.983683057516663,0.18265942376716557
jjas_z500,z500,ukmo,5,24.5,75.5,35,-11.698736669146871,16.452603555348635,0.20504057195166697
jjas_z500,z500,ukmo,5,24.5,77.0,35,-13.030185856894864,17.503008663036052,0.21136329047611016
jjas_z500,z500,ukmo,5,24.5,78.5,35,-14.499196273561575,18.748388879271612,0.21768912315964575
jjas_z500,z500,ukmo,5,24.5,80.0,35,-15.880137803819602,19.969293324082532,0.23233959645618213
jjas_z500,z500,ukmo,5,24.5,81.5,35,-17.08740970672131,21.143961844313615,0.24764278085830443
jjas_z500,z500,ukmo,5,24.5,83.0,35,-17.982829551091214,22.042729921604707,0.26934963217963953
jjas_z500,z500,ukmo,5,24.5,84.5,35,-18.574061027405698,22.476272336412933,0.29942898579608074
jjas_z500,z500,ukmo,5,24.5,86.0,35,-19.079811895461248,22.67621329729533,0.3320579119782079
jjas_z500,z500,ukmo,5,24.5,87.5,35,-19.44807400173613,22.76444592748172,0.3582047394120205
jjas_z500,z500,ukmo,5,24.5,93.5,35,-17.35411822606646,20.232676479408315,0.28391415020981714
jjas_z500,z500,ukmo,5,26.0,71.0,35,-12.792354523189456,18.630007747293853,0.1215009412436653
jjas_z500,z500,ukmo,5,26.0,72.5,35,-12.405126178075417,17.942691990710504,0.1166644948664621
jjas_z500,z500,ukmo,5,26.0,74.0,35,-12.227923487103155,17.386043640906767,0.12572350654017767
jjas_z500,z500,ukmo,5,26.0,75.5,35,-12.785368226066437,17.426046980800162,0.14643506836275733
jjas_z500,z500,ukmo,5,26.0,77.0,35,-14.011702086433303,18.143778357761892,0.16744351408571032
jjas_z500,z500,ukmo,5,26.0,78.5,35,-15.329253859746911,19.104756624767653,0.18363364906834628
jjas_z500,z500,ukmo,5,26.0,80.0,35,-16.479611157614062,20.021064948440568,0.21128177484842828
jjas_z500,z500,ukmo,5,26.0,81.5,35,-17.33692801339291,20.869983786326774,0.24223027434134276
jjas_z500,z500,ukmo,5,26.0,83.0,35,-17.79706566220237,21.470408675816422,0.269743096716548
jjas_z500,z500,ukmo,5,26.0,84.5,35,-18.065566483754914,21.64776270229594,0.3124873753829203
jjas_z500,z500,ukmo,5,26.0,86.0,35,-18.398292953249126,21.685546551780753,0.3536094746968594
jjas_z500,z500,ukmo,5,26.0,87.5,35,-18.67442491319437,21.772230210591726,0.37135776097535333
jjas_z500,z500,ukmo,5,26.0,90.5,35,-18.167746698288674,21.300187548879123,0.34418569499443324
jjas_z500,z500,ukmo,5,26.0,92.0,35,-17.276038566468223,20.526324485051088,0.3028127629375194
jjas_z500,z500,ukmo,5,26.0,93.5,35,-16.46276119171619,19.755272044641362,0.25534863143111824
jjas_z500,z500,ukmo,5,26.0,95.0,35,-15.664268663194395,18.96208492628227,0.19299664918164328
jjas_z500,z500,ukmo,5,27.5,71.0,35,-14.825548347594252,21.488260330405012,0.07321644923848475
jjas_z500,z500,ukmo,5,27.5,72.5,35,-14.319583565848344,20.440885789472237,0.08353711829707675
jjas_z500,z500,ukmo,5,27.5,74.0,35,-14.092289419022745,19.608788601867126,0.09981736648729982
jjas_z500,z500,ukmo,5,27.5,75.5,35,-14.478774491567544,19.263863666567392,0.13407862442504406
jjas_z500,z500,ukmo,5,27.5,77.0,35,-15.401589239211274,19.473763880286477,0.17783726141559483
jjas_z500,z500,ukmo,5,27.5,78.5,35,-16.430852012028872,20.006726408375,0.221676756996357
jjas_z500,z500,ukmo,5,27.5,80.0,35,-17.31501309833836,20.608583302510134,0.2728956593349419
jjas_z500,z500,ukmo,5,27.5,81.5,35,-17.961156063988035,21.168482132955265,0.3250464031386273
jjas_z500,z500,ukmo,5,27.5,92.0,35,-16.43366117931551,20.412191835168098,0.29774180960017055
jjas_z500,z500,ukmo,5,27.5,93.5,35,-15.81884765625,19.910794455836985,0.2726709379119896
jjas_z500,z500,ukmo,5,27.5,95.0,35,-15.080635773189352,19.21932430138607,0.20592094551339007
jjas_z500,z500,ukmo,5,27.5,96.5,35,-14.700595238095177,18.91797065599935,0.11551206788565747
jjas_z500,z500,ukmo,5,29.0,74.0,35,-15.732269190228207,22.08109884980243,0.07277257051788505
jjas_z500,z500,ukmo,5,29.0,75.5,35,-16.043548487103312,21.494734200200828,0.12789808885031784
jjas_z500,z500,ukmo,5,29.0,77.0,35,-16.77137780567968,21.40809749837596,0.19061953212904345
jjas_z500,z500,ukmo,5,29.0,78.5,35,-17.68165496341761,21.710511898945168,0.25417756335687264
jjas_z500,z500,ukmo,5,29.0,80.0,35,-18.478393554687603,22.166463042424233,0.31890997412820665
jjas_z500,z500,ukmo,5,29.0,95.0,35,-14.626777188740197,19.763829671017525,0.20469832169510663
jjas_z500,z500,ukmo,5,30.5,74.0,35,-16.353679160466267,24.006424280855207,0.02836660259086995
jjas_z500,z500,ukmo,5,30.5,75.5,35,-16.879267810639924,23.506702695123654,0.09228013822067843
jjas_z500,z500,ukmo,5,30.5,77.0,35,-17.856956845238113,23.55394807283244,0.15140752904758406
jjas_z500,z500,ukmo,5,30.5,78.5,35,-18.71683058965783,23.784834917001792,0.19797730638622174
jjas_z500,z500,ukmo,5,30.5,80.0,35,-18.968971664186626,23.853589447988135,0.21525751189533518
jjas_z500,z500,ukmo,5,32.0,75.5,35,-17.467381262400703,25.300927680888194,0.01195553679373782
jjas_z500,z500,ukmo,5,32.0,77.0,35,-18.51985677083316,25.457935718433294,0.04713034396083344
jjas_z500,z500,ukmo,5,32.0,78.5,35,-18.563302951388792,25.25248428712986,0.06124196833899357
jjas_z500,z500,ukmo,5,33.5,74.0,35,-16.7280719091021,26.782873680345254,-0.07514541641989776
jjas_z500,z500,ukmo,5,33.5,75.5,35,-17.830909365699362,26.80325466179031,-0.0699207315952235
jjas_z500,z500,ukmo,5,33.5,77.0,35,-18.09702962239579,26.57432947753571,-0.03908179699534112
jjas_z500,z500,ukmo,5,33.5,78.5,35,-17.006773933531623,25.82945107850361,-0.059799134515216755
jjas_z500,z500,ukmo,5,35.0,75.5,35,-17.49378797743071,27.943726685643707,-0.08665803925927927
jjas_z500,z500,ukmo,5,35.0,77.0,35,-17.096092199900678,27.376543325756582,-0.08445178287060819
jjas_z500,z500,ukmo,5,35.0,78.5,35,-15.812531389508928,26.689725179892278,-0.0674859178536319
jjas_z500,z500,ukmo,5,35.0,80.0,35,-14.676192026289547,26.141466862751578,-0.0705283945921909
jjas_z500,z500,ukmo,5,36.5,74.0,35,-17.439523266989195,30.16883689036673,-0.045823814864048955
jjas_z500,z500,ukmo,5,36.5,75.5,35,-16.944216579860974,29.458919395238404,-0.04115860559923919
jjas_z500,z500,ukmo,6,9.5,77.0,35,-15.608108181423631,17.2914177517863,-0.0134209446514521
jjas_z500,z500,ukmo,6,9.5,78.5,35,-15.759710984003089,17.428911389517626,-0.010597940369930513
jjas_z500,z500,ukmo,6,11.0,77.0,35,-15.755889214409814,17.43795201079625,0.0748827960151837
jjas_z500,z500,ukmo,6,11.0,78.5,35,-16.09320203993063,17.728328211021395,0.09437564400164132
jjas_z500,z500,ukmo,6,12.5,75.5,35,-15.288850911458264,17.28809688720159,0.14609186952925568
jjas_z500,z500,ukmo,6,12.5,77.0,35,-15.92719997829858,17.72932401366878,0.1739399013230318
jjas_z500,z500,ukmo,6,12.5,78.5,35,-16.32980879526302,18.094214128166357,0.1999445741323111
jjas_z500,z500,ukmo,6,12.5,80.0,35,-16.745831008184464,18.545674005363363,0.21655410850252238
jjas_z500,z500,ukmo,6,14.0,75.5,35,-15.096968393477281,17.473897137251203,0.22155554088033177
jjas_z500,z500,ukmo,6,14.0,77.0,35,-16.0310678633433,18.17609618927981,0.2615760579130734
jjas_z500,z500,ukmo,6,14.0,78.5,35,-16.58496636284726,18.733900666873236,0.2815847849937828
jjas_z500,z500,ukmo,6,14.0,80.0,35,-17.038685825892962,19.281513912951183,0.268105894038572
jjas_z500,z500,ukmo,6,15.5,74.0,35,-13.265091765873096,16.944697982562765,0.20306893283633648
jjas_z500,z500,ukmo,6,15.5,75.5,35,-14.677884347098189,17.66269347063946,0.27347114724379235
jjas_z500,z500,ukmo,6,15.5,77.0,35,-15.891636439732142,18.602447203190312,0.32289624012775825
jjas_z500,z500,ukmo,6,15.5,78.5,35,-16.71495186941959,19.45186620379645,0.33601855008466375
jjas_z500,z500,ukmo,6,15.5,80.0,35,-17.403686910962122,20.286399902044575,0.3153234534742544
jjas_z500,z500,ukmo,6,17.0,74.0,35,-12.666074528769709,17.04160123285773,0.22918685305759
jjas_z500,z500,ukmo,6,17.0,75.5,35,-14.322923642112956,17.934806408834916,0.3043167257714398
jjas_z500,z500,ukmo,6,17.0,77.0,35,-15.640061538938607,18.968324353898563,0.3627252657691843
jjas_z500,z500,ukmo,6,17.0,78.5,35,-16.59715556795631,19.929092710595004,0.3790016915540845
jjas_z500,z500,ukmo,6,17.0,80.0,35,-17.470017593626082,20.94742638965351,0.37119940705845933
jjas_z500,z500,ukmo,6,17.0,81.5,35,-18.50723625062006,22.126127314171356,0.3616832174911884
jjas_z500,z500,ukmo,6,18.5,74.0,35,-12.318176463293561,17.080895277829608,0.2428451547408463
jjas_z500,z500,ukmo,6,18.5,75.5,35,-13.969387865823357,18.066389420317964,0.31586761098354926
jjas_z500,z500,ukmo,6,18.5,77.0,35,-15.284900871155644,19.072438370760704,0.3771895865168201
jjas_z500,z500,ukmo,6,18.5,78.5,35,-16.302337162078402,20.0382957187038,0.40617789104707513
jjas_z500,z500,ukmo,6,18.5,80.0,35,-17.31471547929055,21.129794068157917,0.4126838064232262
jjas_z500,z500,ukmo,6,18.5,81.5,35,-18.42441793774789,22.40651121867648,0.40426829832836736
jjas_z500,z500,ukmo,6,18.5,83.0,35,-19.360083395337252,23.58594855049032,0.375656675742473
jjas_z500,z500,ukmo,6,20.0,74.0,35,-12.00079520089278,16.943489245266942,0.23545546005048384
jjas_z500,z500,ukmo,6,20.0,75.5,35,-13.592816065228257,17.930283173743376,0.3089167824964206
jjas_z500,z500,ukmo,6,20.0,77.0,35,-14.973532056051615,18.95495682960027,0.3722790056231958
jjas_z500,z500,ukmo,6,20.0,78.5,35,-16.187549603174634,20.029033705317524,0.4122954429289387
jjas_z500,z500,ukmo,6,20.0,80.0,35,-17.409303695436627,21.238750851410188,0.43123581017735313
jjas_z500,z500,ukmo,6,20.0,81.5,35,-18.624534970238113,22.609410062058867,0.4214906306415345
jjas_z500,z500,ukmo,6,20.0,83.0,35,-19.614639136904668,23.83054638272667,0.38663234631516535
jjas_z500,z500,ukmo,6,20.0,84.5,35,-20.346825396825366,24.756243179807438,0.3546330845403493
jjas_z500,z500,ukmo,6,20.0,86.0,35,-21.016513206845204,25.60560986726505,0.32319090240369075
jjas_z500,z500,ukmo,6,21.5,71.0,35,-8.78621884300584,15.048170010789697,0.09015441130860698
jjas_z500,z500,ukmo,6,21.5,74.0,35,-11.757152932787514,16.799713548195776,0.2070575526173862
jjas_z500,z500,ukmo,6,21.5,75.5,35,-13.252566964285844,17.667839322693304,0.2866196681054448
jjas_z500,z500,ukmo,6,21.5,77.0,35,-14.78669549851199,18.743874754377142,0.3521376836820087
jjas_z500,z500,ukmo,6,21.5,78.5,35,-16.307122318328297,19.993357929027933,0.39805425182204474
jjas_z500,z500,ukmo,6,21.5,80.0,35,-17.819757176959474,21.373943403909596,0.4242310893348862
jjas_z500,z500,ukmo,6,21.5,81.5,35,-19.28676176525309,22.86385709392507,0.4229786160794197
jjas_z500,z500,ukmo,6,21.5,83.0,35,-20.492378549727047,24.182016965401495,0.397673307782864
jjas_z500,z500,ukmo,6,21.5,84.5,35,-21.353292410714182,25.14116523004021,0.3703894120899242
jjas_z500,z500,ukmo,6,21.5,86.0,35,-22.03152436755954,25.856975570005122,0.34819213345533984
jjas_z500,z500,ukmo,6,23.0,69.5,35,-8.980498589409606,15.885261959066527,-0.01616339403252513
jjas_z500,z500,ukmo,6,23.0,71.0,35,-9.5197509765625,16.02540272495709,0.015014062160714173
jjas_z500,z500,ukmo,6,23.0,72.5,35,-10.590625000000077,16.413788888607527,0.07543046247503674
jjas_z500,z500,ukmo,6,23.0,74.0,35,-11.803416806175665,16.901407506189855,0.15639662248677857
jjas_z500,z500,ukmo,6,23.0,75.5,35,-13.132188972594278,17.53147044665345,0.24154228479605905
jjas_z500,z500,ukmo,6,23.0,77.0,35,-14.748590959821403,18.562068769798277,0.3155123805606068
jjas_z500,z500,ukmo,6,23.0,78.5,35,-16.522840711805525,19.937208468077582,0.3665421149877753
jjas_z500,z500,ukmo,6,23.0,80.0,35,-18.344113885788726,21.51317697853626,0.3937296797652045
jjas_z500,z500,ukmo,6,23.0,81.5,35,-20.074649677579355,23.13433584875247,0.396028056258836
jjas_z500,z500,ukmo,6,23.0,83.0,35,-21.53558834015374,24.559893074505116,0.3834380728889071
jjas_z500,z500,ukmo,6,23.0,84.5,35,-22.558327520461276,25.557639072772684,0.36747912884571754
jjas_z500,z500,ukmo,6,23.0,86.0,35,-23.27447877914193,26.220665994005916,0.34581215253740294
jjas_z500,z500,ukmo,6,23.0,87.5,35,-23.813149104042715,26.690317152825514,0.32212919590332356
jjas_z500,z500,ukmo,6,24.5,72.5,35,-11.849640764508903,17.832115404140023,0.01384137454564629
jjas_z500,z500,ukmo,6,24.5,74.0,35,-12.495273747519917,17.617074478939106,0.09950601369047954
jjas_z500,z500,ukmo,6,24.5,75.5,35,-13.615163070436575,17.888779559265235,0.19098698263387626
jjas_z500,z500,ukmo,6,24.5,77.0,35,-15.27236018105159,18.83785785530253,0.26925348042499425
jjas_z500,z500,ukmo,6,24.5,78.5,35,-17.173480902777868,20.243544444527306,0.32264619225236085
jjas_z500,z500,ukmo,6,24.5,80.0,35,-19.089582170758955,21.879122585344692,0.34488725704574413
jjas_z500,z500,ukmo,6,24.5,81.5,35,-20.850014338417818,23.528137489670865,0.3392406616976042
jjas_z500,z500,ukmo,6,24.5,83.0,35,-22.317753673734945,24.919700290556737,0.3271184560454857
jjas_z500,z500,ukmo,6,24.5,84.5,35,-23.340312655009907,25.85087109799336,0.3146449120183133
jjas_z500,z500,ukmo,6,24.5,86.0,35,-24.03712138826891,26.45375371803854,0.3022628165423665
jjas_z500,z500,ukmo,6,24.5,87.5,35,-24.47347353980653,26.839651912251163,0.28577231938221076
jjas_z500,z500,ukmo,6,24.5,93.5,35,-22.314149305555578,24.270848334670962,0.2579119493302687
jjas_z500,z500,ukmo,6,26.0,71.0,35,-13.895820157490016,21.351486355129207,-0.10746164789605449
jjas_z500,z500,ukmo,6,26.0,72.5,35,-13.794123961433485,20.234867730512104,-0.038137490150442266
jjas_z500,z500,ukmo,6,26.0,74.0,35,-13.993606615823488,19.352188144737145,0.04492424616603993
jjas_z500,z500,ukmo,6,26.0,75.5,35,-14.917265392485284,19.23791008875816,0.1333341785212945
jjas_z500,z500,ukmo,6,26.0,77.0,35,-16.507819862971182,19.962584347790294,0.21681109117862946
jjas_z500,z500,ukmo,6,26.0,78.5,35,-18.29589843749979,21.17003726308982,0.27307916106516567
jjas_z500,z500,ukmo,6,26.0,80.0,35,-20.01136183965773,22.591756852406274,0.2945003880155517
jjas_z500,z500,ukmo,6,26.0,81.5,35,-21.56178656684034,24.07031631222695,0.2894132818347104
jjas_z500,z500,ukmo,6,26.0,83.0,35,-22.811646670386835,25.317284561646353,0.2792052188552741
jjas_z500,z500,ukmo,6,26.0,84.5,35,-23.64770856584806,26.101081309053477,0.2771258873685224
jjas_z500,z500,ukmo,6,26.0,86.0,35,-24.196101500495907,26.538504903405137,0.2813287164016781
jjas_z500,z500,ukmo,6,26.0,87.5,35,-24.519269670758824,26.795743322524395,0.27826978773510225
jjas_z500,z500,ukmo,6,26.0,90.5,35,-24.081635974702397,26.30710866045056,0.2638785110696193
jjas_z500,z500,ukmo,6,26.0,92.0,35,-23.15921882750476,25.38546226332731,0.23450749267211
jjas_z500,z500,ukmo,6,26.0,93.5,35,-22.1953388516866,24.385786550303532,0.19724455509156502
jjas_z500,z500,ukmo,6,26.0,95.0,35,-21.208325195312604,23.349938549409625,0.14862125778798027
jjas_z500,z500,ukmo,6,27.5,71.0,35,-15.963309151785792,24.850788199351236,-0.1644895273454565
jjas_z500,z500,ukmo,6,27.5,72.5,35,-15.773944382440536,23.31587483283752,-0.09988313502710434
jjas_z500,z500,ukmo,6,27.5,74.0,35,-15.91773042224699,22.072365883749903,-0.019043771602278686
jjas_z500,z500,ukmo,6,27.5,75.5,35,-16.73867187500008,21.594905053304707,0.07268857531416802
jjas_z500,z500,ukmo,6,27.5,77.0,35,-18.14001077318943,21.937955704752227,0.1610312755154976
jjas_z500,z500,ukmo,6,27.5,78.5,35,-19.684095207093197,22.78670899182822,0.22994846812269124
jjas_z500,z500,ukmo,6,27.5,80.0,35,-21.14967602926593,23.900448307135825,0.2725374519259499
jjas_z500,z500,ukmo,6,27.5,81.5,35,-22.521745179191306,25.144431133630334,0.2915002622826835
jjas_z500,z500,ukmo,6,27.5,92.0,35,-22.843841068328455,25.583743424084464,0.23704648727284927
jjas_z500,z500,ukmo,6,27.5,93.5,35,-22.13278769841267,24.825385898927014,0.22611935641279454
jjas_z500,z500,ukmo,6,27.5,95.0,35,-21.20016624813982,23.820036360880525,0.1720648020009407
jjas_z500,z500,ukmo,6,27.5,96.5,35,-20.63793867807539,23.23628991397848,0.10954894192520137
jjas_z500,z500,ukmo,6,29.0,74.0,35,-17.43372047061005,25.043512947097184,-0.06772042529054097
jjas_z500,z500,ukmo,6,29.0,75.5,35,-18.336994667658708,24.273764416176903,0.03715522000587968
jjas_z500,z500,ukmo,6,29.0,77.0,35,-19.711835782489963,24.367672267035033,0.1340959617061818
jjas_z500,z500,ukmo,6,29.0,78.5,35,-21.229833984375077,25.038740356187144,0.2116616891771984
jjas_z500,z500,ukmo,6,29.0,80.0,35,-22.632244001116174,25.970694679090155,0.27235913712160265
jjas_z500,z500,ukmo,6,29.0,95.0,35,-21.358373635912827,24.576779636089086,0.19931960267913995
jjas_z500,z500,ukmo,6,30.5,74.0,35,-17.716000124007977,27.30806608891661,-0.08449956967175731
jjas_z500,z500,ukmo,6,30.5,75.5,35,-19.014161706349192,26.478847599781012,0.02321225062131276
jjas_z500,z500,ukmo,6,30.5,77.0,35,-20.794644019717243,26.64358791917412,0.11790327362495742
jjas_z500,z500,ukmo,6,30.5,78.5,35,-22.359450179811653,27.228391481855926,0.18247374494868765
jjas_z500,z500,ukmo,6,30.5,80.0,35,-23.22173239087294,27.596502731089334,0.2264861664371743
jjas_z500,z500,ukmo,6,32.0,75.5,35,-19.269335937499974,28.16983908209652,0.00912836489898159
jjas_z500,z500,ukmo,6,32.0,77.0,35,-21.133088030133774,28.313624966048856,0.08250379454554811
jjas_z500,z500,ukmo,6,32.0,78.5,35,-21.841247364831492,28.21235001833462,0.13287194713258968
jjas_z500,z500,ukmo,6,33.5,74.0,35,-17.360542612227178,29.758008677926814,-0.052664914329766305
jjas_z500,z500,ukmo,6,33.5,75.5,35,-19.208948722718198,29.355339191834297,0.004643293529462885
jjas_z500,z500,ukmo,6,33.5,77.0,35,-20.11073637462791,28.9644973606269,0.054668366303663486
jjas_z500,z500,ukmo,6,33.5,78.5,35,-19.65572567894342,28.04446253174486,0.08668000027702483
jjas_z500,z500,ukmo,6,35.0,75.5,35,-18.50764005146341,30.106832030537703,0.018756488198651628
jjas_z500,z500,ukmo,6,35.0,77.0,35,-18.652315073164704,29.40110133681094,0.04300920254320242
jjas_z500,z500,ukmo,6,35.0,78.5,35,-17.923554532490016,28.519277593704228,0.0662531379043321
jjas_z500,z500,ukmo,6,35.0,80.0,35,-17.327644469245985,27.779491027408987,0.08738731293110649
jjas_z500,z500,ukmo,6,36.5,74.0,35,-18.02147003658234,32.338913772373665,0.0118025404415577
jjas_z500,z500,ukmo,6,36.5,75.5,35,-17.9060814267113,31.4225540764331,0.031506740531209346
