provider,phase,initialization,forecast_type,variable,temperature_semantics,native_members,status,target,request_hash
ecmwf,forecast,2020-06-01,cf,tp,not_applicable,all_returned_cycle_dependent,planned,/storage/raj.ayush/s2s_final_data/final_iteration/raw/ecmwf/forecast/jjas2020/tp/20200601_cf.grib,f5eb1b69010c13bf31f63a31fdacded2482035101f0ec2859048907bb495e877
ecmwf,forecast,2020-06-01,pf,tp,not_applicable,all_returned_cycle_dependent,planned,/storage/raj.ayush/s2s_final_data/final_iteration/raw/ecmwf/forecast/jjas2020/tp/20200601_pf.grib,0db85ffac9c3db5cfc29688acc298f258ac59eaf1df74fbd3df159ad6135c0c9
ecmwf,forecast,2020-06-01,cf,t2m,daily_mean_t2m,all_returned_cycle_dependent,planned,/storage/raj.ayush/s2s_final_data/final_iteration/raw/ecmwf/forecast/jjas2020/t2m/20200601_cf.grib,b6bf84267bacc97fe25bc8ec05350dc6d2730042dd1e87b910f2da430d1a1300
ecmwf,forecast,2020-06-01,pf,t2m,daily_mean_t2m,all_returned_cycle_dependent,planned,/storage/raj.ayush/s2s_final_data/final_iteration/raw/ecmwf/forecast/jjas2020/t2m/20200601_pf.grib,50d64ce61236bee658251bef906938fac0b110b83cf316b6d1f17f8ae7bb8ba2
ecmwf,forecast,2020-06-04,cf,tp,not_applicable,all_returned_cycle_dependent,planned,/storage/raj.ayush/s2s_final_data/final_iteration/raw/ecmwf/forecast/jjas2020/tp/20200604_cf.grib,28593970faf15e37857b28d411d83b939ca6adfe6491b0ea070ec3a42c9de060
ecmwf,forecast,2020-06-04,pf,tp,not_applicable,all_returned_cycle_dependent,planned,/storage/raj.ayush/s2s_final_data/final_iteration/raw/ecmwf/forecast/jjas2020/tp/20200604_pf.grib,cb41c3fd7c55dfd256985492360828d7fa2ecd4d2a66bfcdb92d1ee7e6d742fc
ecmwf,forecast,2020-06-04,cf,t2m,daily_mean_t2m,all_returned_cycle_dependent,planned,/storage/raj.ayush/s2s_final_data/final_iteration/raw/ecmwf/forecast/jjas2020/t2m/20200604_cf.grib,5069b4182913b9e891e041cbf999b0f7be220790426ea761731638352ad9cdec
ecmwf,forecast,2020-06-04,pf,t2m,daily_mean_t2m,all_returned_cycle_dependent,planned,/storage/raj.ayush/s2s_final_data/final_iteration/raw/ecmwf/forecast/jjas2020/t2m/20200604_pf.grib,427e088853ee7d8a204d53a749dcc240d899770e8d590b19c5f8209b9815d071
ecmwf,forecast,2020-06-08,cf,tp,not_applicable,all_returned_cycle_dependent,planned,/storage/raj.ayush/s2s_final_data/final_iteration/raw/ecmwf/forecast/jjas2020/tp/20200608_cf.grib,41038e351ec8ae7b60685a8a25e7bc85953b0e543eec537e1df0c1fcdf3120be
ecmwf,forecast,2020-06-08,pf,tp,not_applicable,all_returned_cycle_dependent,planned,/storage/raj.ayush/s2s_final_data/final_iteration/raw/ecmwf/forecast/jjas2020/tp/20200608_pf.grib,abf14a3580325e92d6979e39693f5b1efd32a34760743b4f3f0e28ef65edfa53
ecmwf,forecast,2020-06-08,cf,t2m,daily_mean_t2m,all_returned_cycle_dependent,planned,/storage/raj.ayush/s2s_final_data/final_iteration/raw/ecmwf/forecast/jjas2020/t2m/20200608_cf.grib,0d4b61c8f3e8625f9dea05f5397afbf6bd30130af603b306b335a6676ac99708
ecmwf,forecast,2020-06-08,pf,t2m,daily_mean_t2m,all_returned_cycle_dependent,planned,/storage/raj.ayush/s2s_final_data/final_iteration/raw/ecmwf/forecast/jjas2020/t2m/20200608_pf.grib,5d387cf44973c439767202da91fd896e404bd31521c6654b4a722fc3ce137056
ecmwf,forecast,2020-06-11,cf,tp,not_applicable,all_returned_cycle_dependent,planned,/storage/raj.ayush/s2s_final_data/final_iteration/raw/ecmwf/forecast/jjas2020/tp/20200611_cf.grib,81670ff97a878f2079bd67d3740e4937d6e051790586524ee6733195db1510dc
ecmwf,forecast,2020-06-11,pf,tp,not_applicable,all_returned_cycle_dependent,planned,/storage/raj.ayush/s2s_final_data/final_iteration/raw/ecmwf/forecast/jjas2020/tp/20200611_pf.grib,fe3a9553ddf674e33d65c107637a2e232b4491135e0760277e7b32d2b554e3da
ecmwf,forecast,2020-06-11,cf,t2m,daily_mean_t2m,all_returned_cycle_dependent,planned,/storage/raj.ayush/s2s_final_data/final_iteration/raw/ecmwf/forecast/jjas2020/t2m/20200611_cf.grib,4980e89de6a6d9c1da874580a4b2bd8236a58493bdc65a8c663fa8816b32a839
ecmwf,forecast,2020-06-11,pf,t2m,daily_mean_t2m,all_returned_cycle_dependent,planned,/storage/raj.ayush/s2s_final_data/final_iteration/raw/ecmwf/forecast/jjas2020/t2m/20200611_pf.grib,0d052819ccd993ab7cad051637500724f9ad6b8acb0f19943c5934fc00895d2f
ecmwf,forecast,2020-06-15,cf,tp,not_applicable,all_returned_cycle_dependent,planned,/storage/raj.ayush/s2s_final_data/final_iteration/raw/ecmwf/forecast/jjas2020/tp/20200615_cf.grib,a138908bd63535871859783923deb1efb579334d22181e1b5834edd49ec2e030
ecmwf,forecast,2020-06-15,pf,tp,not_applicable,all_returned_cycle_dependent,planned,/storage/raj.ayush/s2s_final_data/final_iteration/raw/ecmwf/forecast/jjas2020/tp/20200615_pf.grib,5920710ce68e3459f48592016dd90be9ad95c035a79f98397b5fb7cffb820cfa
ecmwf,forecast,2020-06-15,cf,t2m,daily_mean_t2m,all_returned_cycle_dependent,planned,/storage/raj.ayush/s2s_final_data/final_iteration/raw/ecmwf/forecast/jjas2020/t2m/20200615_cf.grib,d2336f287285195bb0fc0b4cf64787be19dfd1802c507e58522b7a9efb168154
ecmwf,forecast,2020-06-15,pf,t2m,daily_mean_t2m,all_returned_cycle_dependent,planned,/storage/raj.ayush/s2s_final_data/final_iteration/raw/ecmwf/forecast/jjas2020/t2m/20200615_pf.grib,e70a166683bdef731424a599215558a242e0ea2f932d95d0bbcf1f2745ed4b2c
ecmwf,forecast,2020-06-18,cf,tp,not_applicable,all_returned_cycle_dependent,planned,/storage/raj.ayush/s2s_final_data/final_iteration/raw/ecmwf/forecast/jjas2020/tp/20200618_cf.grib,2150cd09e03a704909769c7de704433be2f4338a397e68da88b806192b36bf73
ecmwf,forecast,2020-06-18,pf,tp,not_applicable,all_returned_cycle_dependent,planned,/storage/raj.ayush/s2s_final_data/final_iteration/raw/ecmwf/forecast/jjas2020/tp/20200618_pf.grib,43500aba034faae5448c5c4a916313ed65d33e7ab00dc2cf2ee8e099ca565d7c
ecmwf,forecast,2020-06-18,cf,t2m,daily_mean_t2m,all_returned_cycle_dependent,planned,/storage/raj.ayush/s2s_final_data/final_iteration/raw/ecmwf/forecast/jjas2020/t2m/20200618_cf.grib,8617ab57fb81150bb0d6ada582ee542147bce1267e533898845dff5e76aa7f68
ecmwf,forecast,2020-06-18,pf,t2m,daily_mean_t2m,all_returned_cycle_dependent,planned,/storage/raj.ayush/s2s_final_data/final_iteration/raw/ecmwf/forecast/jjas2020/t2m/20200618_pf.grib,c8bc0192c4621625069250fbc6dfd82308b7a74b7226e0def6a108c7b16cfcf7
ecmwf,forecast,2020-06-22,cf,tp,not_applicable,all_returned_cycle_dependent,planned,/storage/raj.ayush/s2s_final_data/final_iteration/raw/ecmwf/forecast/jjas2020/tp/20200622_cf.grib,139feae3fb5c4d604c9af806820682e4fe2987eae129f9b18a06b0f307fa26ef
ecmwf,forecast,2020-06-22,pf,tp,not_applicable,all_returned_cycle_dependent,planned,/storage/raj.ayush/s2s_final_data/final_iteration/raw/ecmwf/forecast/jjas2020/tp/20200622_pf.grib,a12012f96935a2cf5da33783d59312b55a3ce63817146ffad3b08075cd373dae
ecmwf,forecast,2020-06-22,cf,t2m,daily_mean_t2m,all_returned_cycle_dependent,planned,/storage/raj.ayush/s2s_final_data/final_iteration/raw/ecmwf/forecast/jjas2020/t2m/20200622_cf.grib,aa9abe7db8558d1f550cc25afcc77359c277129b6924ef89ad281730a3d974ad
ecmwf,forecast,2020-06-22,pf,t2m,daily_mean_t2m,all_returned_cycle_dependent,planned,/storage/raj.ayush/s2s_final_data/final_iteration/raw/ecmwf/forecast/jjas2020/t2m/20200622_pf.grib,79e7eb35128acadd4876d72e254fbf800b60265dcb33bf90243e232ad15d94cc
ecmwf,forecast,2020-06-25,cf,tp,not_applicable,all_returned_cycle_dependent,planned,/storage/raj.ayush/s2s_final_data/final_iteration/raw/ecmwf/forecast/jjas2020/tp/20200625_cf.grib,1d3dee5a05784b64de954ee5a82ec356054130527e4c98c632ce58ab6a9b2cd6
ecmwf,forecast,2020-06-25,pf,tp,not_applicable,all_returned_cycle_dependent,planned,/storage/raj.ayush/s2s_final_data/final_iteration/raw/ecmwf/forecast/jjas2020/tp/20200625_pf.grib,016d80323bb62ec4472eede33be311ad0af7cc056c35ba955c487a7950c69363
ecmwf,forecast,2020-06-25,cf,t2m,daily_mean_t2m,all_returned_cycle_dependent,planned,/storage/raj.ayush/s2s_final_data/final_iteration/raw/ecmwf/forecast/jjas2020/t2m/20200625_cf.grib,ac04ed29123dfc1362ee84417619a922d8436a778a17d32b5e50fa6c2c271eef
ecmwf,forecast,2020-06-25,pf,t2m,daily_mean_t2m,all_returned_cycle_dependent,planned,/storage/raj.ayush/s2s_final_data/final_iteration/raw/ecmwf/forecast/jjas2020/t2m/20200625_pf.grib,38f93c962022f78980c3b2175aa5ce37645e044b62fbdca2a7990852c053134b
ecmwf,forecast,2020-06-29,cf,tp,not_applicable,all_returned_cycle_dependent,planned,/storage/raj.ayush/s2s_final_data/final_iteration/raw/ecmwf/forecast/jjas2020/tp/20200629_cf.grib,0f62d9af22eed636d5e83eb5a2a635343b753c1279cdde85a6bbe12ec77f1b27
ecmwf,forecast,2020-06-29,pf,tp,not_applicable,all_returned_cycle_dependent,planned,/storage/raj.ayush/s2s_final_data/final_iteration/raw/ecmwf/forecast/jjas2020/tp/20200629_pf.grib,121f2265b6704a79e3bd9a6ebe3592cab888a5fe3a113d1a5f699f663655383a
ecmwf,forecast,2020-06-29,cf,t2m,daily_mean_t2m,all_returned_cycle_dependent,planned,/storage/raj.ayush/s2s_final_data/final_iteration/raw/ecmwf/forecast/jjas2020/t2m/20200629_cf.grib,5325611fe3b8a0bd0028a6f5c14ba674e7a8618d3e5eb115e60bf9730577b080
ecmwf,forecast,2020-06-29,pf,t2m,daily_mean_t2m,all_returned_cycle_dependent,planned,/storage/raj.ayush/s2s_final_data/final_iteration/raw/ecmwf/forecast/jjas2020/t2m/20200629_pf.grib,47d8e9d9febb87edaa5a062acd7e00548dd15c6921d7dfb084326edef9f05115
ecmwf,forecast,2020-07-02,cf,tp,not_applicable,all_returned_cycle_dependent,planned,/storage/raj.ayush/s2s_final_data/final_iteration/raw/ecmwf/forecast/jjas2020/tp/20200702_cf.grib,651ec00f512187fc945784156c326cf81904be28bfb18284cc7dac1f168b639e
ecmwf,forecast,2020-07-02,pf,tp,not_applicable,all_returned_cycle_dependent,planned,/storage/raj.ayush/s2s_final_data/final_iteration/raw/ecmwf/forecast/jjas2020/tp/20200702_pf.grib,9dc43b4c8851731a3ae94744c614d96c1db601b5cdc11f78beee396c4ff85a4e
ecmwf,forecast,2020-07-02,cf,t2m,daily_mean_t2m,all_returned_cycle_dependent,planned,/storage/raj.ayush/s2s_final_data/final_iteration/raw/ecmwf/forecast/jjas2020/t2m/20200702_cf.grib,e3c57312a3b0260b8e55b575eb3cfe41b36c12cc14a828550827716e97e1fcf6
ecmwf,forecast,2020-07-02,pf,t2m,daily_mean_t2m,all_returned_cycle_dependent,planned,/storage/raj.ayush/s2s_final_data/final_iteration/raw/ecmwf/forecast/jjas2020/t2m/20200702_pf.grib,e9130f077988d386d3143e5a4ebf8ca221afc9c3de2e28d0fab9701f5d5fa3a5
ecmwf,forecast,2020-07-06,cf,tp,not_applicable,all_returned_cycle_dependent,planned,/storage/raj.ayush/s2s_final_data/final_iteration/raw/ecmwf/forecast/jjas2020/tp/20200706_cf.grib,5fa9a65d876e2ce2456f7402670b283c3497acc3b8ccc797b468265b90c99c07
ecmwf,forecast,2020-07-06,pf,tp,not_applicable,all_returned_cycle_dependent,planned,/storage/raj.ayush/s2s_final_data/final_iteration/raw/ecmwf/forecast/jjas2020/tp/20200706_pf.grib,6f3995240f0bbdb2f61fa170c7145d6f3e39ab9e9b9f5bcd78b8c30ac9a1579f
ecmwf,forecast,2020-07-06,cf,t2m,daily_mean_t2m,all_returned_cycle_dependent,planned,/storage/raj.ayush/s2s_final_data/final_iteration/raw/ecmwf/forecast/jjas2020/t2m/20200706_cf.grib,97d0a24148ef5e4b3f2164baa6f3ecd323852918b351b8d5bad5d4b40a35dbc5
ecmwf,forecast,2020-07-06,pf,t2m,daily_mean_t2m,all_returned_cycle_dependent,planned,/storage/raj.ayush/s2s_final_data/final_iteration/raw/ecmwf/forecast/jjas2020/t2m/20200706_pf.grib,6880f6bf7b013bad7023f88eda32c17c56329f898c287093aa55bba9deb15745
ecmwf,forecast,2020-07-09,cf,tp,not_applicable,all_returned_cycle_dependent,planned,/storage/raj.ayush/s2s_final_data/final_iteration/raw/ecmwf/forecast/jjas2020/tp/20200709_cf.grib,4dab64c7a8d8db044edec3d30f0e5935966559156c159865c6cd199cf3bf6165
ecmwf,forecast,2020-07-09,pf,tp,not_applicable,all_returned_cycle_dependent,planned,/storage/raj.ayush/s2s_final_data/final_iteration/raw/ecmwf/forecast/jjas2020/tp/20200709_pf.grib,2db416b3222bb854731e973383e912a8b4d3858b622a444346eb9319231a8e70
ecmwf,forecast,2020-07-09,cf,t2m,daily_mean_t2m,all_returned_cycle_dependent,planned,/storage/raj.ayush/s2s_final_data/final_iteration/raw/ecmwf/forecast/jjas2020/t2m/20200709_cf.grib,501ae0946a0ad6df01de7f95517ebcfa6da58bb7f8f814717337ff1545757f27
ecmwf,forecast,2020-07-09,pf,t2m,daily_mean_t2m,all_returned_cycle_dependent,planned,/storage/raj.ayush/s2s_final_data/final_iteration/raw/ecmwf/forecast/jjas2020/t2m/20200709_pf.grib,e197ff22f9234105d7bcafdf20de8c679163c6e22e9a0180675313643aea940f
ecmwf,forecast,2020-07-13,cf,tp,not_applicable,all_returned_cycle_dependent,planned,/storage/raj.ayush/s2s_final_data/final_iteration/raw/ecmwf/forecast/jjas2020/tp/20200713_cf.grib,c9cd2d8818304e1e83ff3a647e0cc40d5cad759565158d6edf5915b2c11d901c
ecmwf,forecast,2020-07-13,pf,tp,not_applicable,all_returned_cycle_dependent,planned,/storage/raj.ayush/s2s_final_data/final_iteration/raw/ecmwf/forecast/jjas2020/tp/20200713_pf.grib,249d413d6516b654728ea81e653fa29b917a00c550d33219da392e64347428a2
ecmwf,forecast,2020-07-13,cf,t2m,daily_mean_t2m,all_returned_cycle_dependent,planned,/storage/raj.ayush/s2s_final_data/final_iteration/raw/ecmwf/forecast/jjas2020/t2m/20200713_cf.grib,f2cc192db338bb42d13ae8dc921603cf9a16330a0aa4ec388a5c8405eb446195
ecmwf,forecast,2020-07-13,pf,t2m,daily_mean_t2m,all_returned_cycle_dependent,planned,/storage/raj.ayush/s2s_final_data/final_iteration/raw/ecmwf/forecast/jjas2020/t2m/20200713_pf.grib,ca8c3c72193762bdc1943b164673227113595f6e4db10d2a14843b4fbbb9a634
ecmwf,forecast,2020-07-16,cf,tp,not_applicable,all_returned_cycle_dependent,planned,/storage/raj.ayush/s2s_final_data/final_iteration/raw/ecmwf/forecast/jjas2020/tp/20200716_cf.grib,20e3b0d41fe66604dadfbe088371b809881c360229e1ea159335300eb9a3d2d8
ecmwf,forecast,2020-07-16,pf,tp,not_applicable,all_returned_cycle_dependent,planned,/storage/raj.ayush/s2s_final_data/final_iteration/raw/ecmwf/forecast/jjas2020/tp/20200716_pf.grib,74b6ffb1b08df03ed70146c43353029b743aa1db3b19353b249868ee852d1002
ecmwf,forecast,2020-07-16,cf,t2m,daily_mean_t2m,all_returned_cycle_dependent,planned,/storage/raj.ayush/s2s_final_data/final_iteration/raw/ecmwf/forecast/jjas2020/t2m/20200716_cf.grib,d2d03011015956b0868e74e5d56c571b040bc6b2be0e039fd6a2ac9e4114f3be
ecmwf,forecast,2020-07-16,pf,t2m,daily_mean_t2m,all_returned_cycle_dependent,planned,/storage/raj.ayush/s2s_final_data/final_iteration/raw/ecmwf/forecast/jjas2020/t2m/20200716_pf.grib,0323a41ed023d5d645a5b6895bf9f8264de15fc452ec798906c1046feb172434
ecmwf,forecast,2020-07-20,cf,tp,not_applicable,all_returned_cycle_dependent,planned,/storage/raj.ayush/s2s_final_data/final_iteration/raw/ecmwf/forecast/jjas2020/tp/20200720_cf.grib,7c15cd4e5a7e42a3f5710ba3c045b5c6d9210734a2f037c07492045e737b825b
ecmwf,forecast,2020-07-20,pf,tp,not_applicable,all_returned_cycle_dependent,planned,/storage/raj.ayush/s2s_final_data/final_iteration/raw/ecmwf/forecast/jjas2020/tp/20200720_pf.grib,384d2c835d775e039316caca85b9e581d5356afdcd13f50839194544939295f3
ecmwf,forecast,2020-07-20,cf,t2m,daily_mean_t2m,all_returned_cycle_dependent,planned,/storage/raj.ayush/s2s_final_data/final_iteration/raw/ecmwf/forecast/jjas2020/t2m/20200720_cf.grib,8dfcccf3358647d484ca4802021edcdf617d55a16ad0689ce5d737f0f3cb6ed2
ecmwf,forecast,2020-07-20,pf,t2m,daily_mean_t2m,all_returned_cycle_dependent,planned,/storage/raj.ayush/s2s_final_data/final_iteration/raw/ecmwf/forecast/jjas2020/t2m/20200720_pf.grib,2945e2e1580638bce7aefccb2060256936bbff1c0073d6537156d3e7d4a207a0
ecmwf,forecast,2020-07-23,cf,tp,not_applicable,all_returned_cycle_dependent,planned,/storage/raj.ayush/s2s_final_data/final_iteration/raw/ecmwf/forecast/jjas2020/tp/20200723_cf.grib,993539f8757c165d67f40c44ef3771969f77041b6f60db3c8ea0e939a67a8452
ecmwf,forecast,2020-07-23,pf,tp,not_applicable,all_returned_cycle_dependent,planned,/storage/raj.ayush/s2s_final_data/final_iteration/raw/ecmwf/forecast/jjas2020/tp/20200723_pf.grib,869368ae32737d17eac1b65a77c09ec45b9c71cff910d96cab56bfaf086dc270
ecmwf,forecast,2020-07-23,cf,t2m,daily_mean_t2m,all_returned_cycle_dependent,planned,/storage/raj.ayush/s2s_final_data/final_iteration/raw/ecmwf/forecast/jjas2020/t2m/20200723_cf.grib,8df30a48de5412d48bf5112606fca2d5cb61a82669c52e2c24642f2ab2cb762c
ecmwf,forecast,2020-07-23,pf,t2m,daily_mean_t2m,all_returned_cycle_dependent,planned,/storage/raj.ayush/s2s_final_data/final_iteration/raw/ecmwf/forecast/jjas2020/t2m/20200723_pf.grib,e7871377ad228b797e04f7fbbaae87b88972bc97259787c8ddae14337192251b
ecmwf,forecast,2020-07-27,cf,tp,not_applicable,all_returned_cycle_dependent,planned,/storage/raj.ayush/s2s_final_data/final_iteration/raw/ecmwf/forecast/jjas2020/tp/20200727_cf.grib,8b6fcd112b729c2625b6c1b369964c10456599f06cda83a7b8782ccde1e10645
ecmwf,forecast,2020-07-27,pf,tp,not_applicable,all_returned_cycle_dependent,planned,/storage/raj.ayush/s2s_final_data/final_iteration/raw/ecmwf/forecast/jjas2020/tp/20200727_pf.grib,1b1d06c898bcc921e6c1d7b86e4715c9c7d8e92bf51c0e890b1addef304e183f
ecmwf,forecast,2020-07-27,cf,t2m,daily_mean_t2m,all_returned_cycle_dependent,planned,/storage/raj.ayush/s2s_final_data/final_iteration/raw/ecmwf/forecast/jjas2020/t2m/20200727_cf.grib,9e6e2b548368bf25c215640e45de2b7a1e3d362b185456b780204c7ad49281b6
ecmwf,forecast,2020-07-27,pf,t2m,daily_mean_t2m,all_returned_cycle_dependent,planned,/storage/raj.ayush/s2s_final_data/final_iteration/raw/ecmwf/forecast/jjas2020/t2m/20200727_pf.grib,e68346d4dea441cbc464dc7a648eb70cb641bab88692fa69db90314ea6620ab6
ecmwf,forecast,2020-07-30,cf,tp,not_applicable,all_returned_cycle_dependent,planned,/storage/raj.ayush/s2s_final_data/final_iteration/raw/ecmwf/forecast/jjas2020/tp/20200730_cf.grib,db4ae9d16410d7b3fc5ba6a7d1ea55053e4478ddabe6785b52cea3d34fae3dc3
ecmwf,forecast,2020-07-30,pf,tp,not_applicable,all_returned_cycle_dependent,planned,/storage/raj.ayush/s2s_final_data/final_iteration/raw/ecmwf/forecast/jjas2020/tp/20200730_pf.grib,c7f6aaa224266bf8dd3c8124136213c53b8cc7d88ae02eb1db3b4e639ffa7d30
ecmwf,forecast,2020-07-30,cf,t2m,daily_mean_t2m,all_returned_cycle_dependent,planned,/storage/raj.ayush/s2s_final_data/final_iteration/raw/ecmwf/forecast/jjas2020/t2m/20200730_cf.grib,04df45938372154bab8e8f3fc4122560274c3d6ba99405b8819831cb869a9e52
ecmwf,forecast,2020-07-30,pf,t2m,daily_mean_t2m,all_returned_cycle_dependent,planned,/storage/raj.ayush/s2s_final_data/final_iteration/raw/ecmwf/forecast/jjas2020/t2m/20200730_pf.grib,80649e858329d2625c2a1feac2971390c8e6559ce5dcfaa6f2903436a26916c1
ecmwf,forecast,2020-08-03,cf,tp,not_applicable,all_returned_cycle_dependent,planned,/storage/raj.ayush/s2s_final_data/final_iteration/raw/ecmwf/forecast/jjas2020/tp/20200803_cf.grib,8c19fe912b9c32ab827d1d6f7d44c0e124bc9e91aa0560dc53535222c1f4203b
ecmwf,forecast,2020-08-03,pf,tp,not_applicable,all_returned_cycle_dependent,planned,/storage/raj.ayush/s2s_final_data/final_iteration/raw/ecmwf/forecast/jjas2020/tp/20200803_pf.grib,538cf38cb85f799751211985b3f30d91e23aba75be6800dfb3d82a706d3e25d8
ecmwf,forecast,2020-08-03,cf,t2m,daily_mean_t2m,all_returned_cycle_dependent,planned,/storage/raj.ayush/s2s_final_data/final_iteration/raw/ecmwf/forecast/jjas2020/t2m/20200803_cf.grib,7aea687fec8cd94c3087d0561a55d2d88fc5e9259ab35b70e6d46b8fdc73c3cc
ecmwf,forecast,2020-08-03,pf,t2m,daily_mean_t2m,all_returned_cycle_dependent,planned,/storage/raj.ayush/s2s_final_data/final_iteration/raw/ecmwf/forecast/jjas2020/t2m/20200803_pf.grib,d585887dc857cb06f0684acc520ce2186fbcf7e8a95b361a9e9466df4fa57a57
ecmwf,forecast,2020-08-06,cf,tp,not_applicable,all_returned_cycle_dependent,planned,/storage/raj.ayush/s2s_final_data/final_iteration/raw/ecmwf/forecast/jjas2020/tp/20200806_cf.grib,ae34355daa51953c976cacef4e4a90e72eebd1af91466dd7a6992b2e11262714
ecmwf,forecast,2020-08-06,pf,tp,not_applicable,all_returned_cycle_dependent,planned,/storage/raj.ayush/s2s_final_data/final_iteration/raw/ecmwf/forecast/jjas2020/tp/20200806_pf.grib,738967a94c151bc681f34a0c89d5fec904961ac0900e3c6cf2319d9e05cc334c
ecmwf,forecast,2020-08-06,cf,t2m,daily_mean_t2m,all_returned_cycle_dependent,planned,/storage/raj.ayush/s2s_final_data/final_iteration/raw/ecmwf/forecast/jjas2020/t2m/20200806_cf.grib,e4f45cfd1c3ee8e594a31512bd9d0f79e52131c847c77d48b78771198aa9b293
ecmwf,forecast,2020-08-06,pf,t2m,daily_mean_t2m,all_returned_cycle_dependent,planned,/storage/raj.ayush/s2s_final_data/final_iteration/raw/ecmwf/forecast/jjas2020/t2m/20200806_pf.grib,0bf9b799c782bae1dba68725529998d587506ac05e0c37eb51f37230bfa8210b
ecmwf,forecast,2020-08-10,cf,tp,not_applicable,all_returned_cycle_dependent,planned,/storage/raj.ayush/s2s_final_data/final_iteration/raw/ecmwf/forecast/jjas2020/tp/20200810_cf.grib,e288267c7b2eb9a272ce1e57012660a3a42655f5703bffe7773df6379df5af12
ecmwf,forecast,2020-08-10,pf,tp,not_applicable,all_returned_cycle_dependent,planned,/storage/raj.ayush/s2s_final_data/final_iteration/raw/ecmwf/forecast/jjas2020/tp/20200810_pf.grib,4874dadb8c0fc7d1d46a9fd23ad86fa064dc1fa2191f987ef32c302ac3f588cb
ecmwf,forecast,2020-08-10,cf,t2m,daily_mean_t2m,all_returned_cycle_dependent,planned,/storage/raj.ayush/s2s_final_data/final_iteration/raw/ecmwf/forecast/jjas2020/t2m/20200810_cf.grib,b07299ed81f1f2988630847c1d6fd59973e801d96f9c08bfb212c319105d7bb4
ecmwf,forecast,2020-08-10,pf,t2m,daily_mean_t2m,all_returned_cycle_dependent,planned,/storage/raj.ayush/s2s_final_data/final_iteration/raw/ecmwf/forecast/jjas2020/t2m/20200810_pf.grib,c67ccc1db4a7ae025481b4d4bb0f04257c89f4df3c8f4ff2b0cceda52f97a348
ecmwf,forecast,2020-08-13,cf,tp,not_applicable,all_returned_cycle_dependent,planned,/storage/raj.ayush/s2s_final_data/final_iteration/raw/ecmwf/forecast/jjas2020/tp/20200813_cf.grib,bd7c4b8f9eb5a70f912f2f345ec58f060e5d5fd3aebda48482e87a96af7b5351
ecmwf,forecast,2020-08-13,pf,tp,not_applicable,all_returned_cycle_dependent,planned,/storage/raj.ayush/s2s_final_data/final_iteration/raw/ecmwf/forecast/jjas2020/tp/20200813_pf.grib,46b8f2860a0bae334cd4c44a64033087a4de782cd4065c533fda9b7d28cb6136
ecmwf,forecast,2020-08-13,cf,t2m,daily_mean_t2m,all_returned_cycle_dependent,planned,/storage/raj.ayush/s2s_final_data/final_iteration/raw/ecmwf/forecast/jjas2020/t2m/20200813_cf.grib,4f49b3869f0dd75c6fad3aa43fd5fbfe6587555400a44c1d87d085155d849da2
ecmwf,forecast,2020-08-13,pf,t2m,daily_mean_t2m,all_returned_cycle_dependent,planned,/storage/raj.ayush/s2s_final_data/final_iteration/raw/ecmwf/forecast/jjas2020/t2m/20200813_pf.grib,f5fd69590b3a420aa4acc7d83aa8c5e6931374ac6ade5fb23483eb2d5af06971
ecmwf,forecast,2020-08-17,cf,tp,not_applicable,all_returned_cycle_dependent,planned,/storage/raj.ayush/s2s_final_data/final_iteration/raw/ecmwf/forecast/jjas2020/tp/20200817_cf.grib,3a999545fd4ff70466f736ef35a13ac6ed143ee58ee7d139239169b6ff296a31
ecmwf,forecast,2020-08-17,pf,tp,not_applicable,all_returned_cycle_dependent,planned,/storage/raj.ayush/s2s_final_data/final_iteration/raw/ecmwf/forecast/jjas2020/tp/20200817_pf.grib,b3c088db634c6ddc4c84b696fcc9e1e468ccf9fbf82a9170c266561a1ad0e17f
ecmwf,forecast,2020-08-17,cf,t2m,daily_mean_t2m,all_returned_cycle_dependent,planned,/storage/raj.ayush/s2s_final_data/final_iteration/raw/ecmwf/forecast/jjas2020/t2m/20200817_cf.grib,118dca09813557ea08764c06c591914cf39d17f27cf90ddad967ca3c02b0501a
ecmwf,forecast,2020-08-17,pf,t2m,daily_mean_t2m,all_returned_cycle_dependent,planned,/storage/raj.ayush/s2s_final_data/final_iteration/raw/ecmwf/forecast/jjas2020/t2m/20200817_pf.grib,265e4a808b9e76fa1e3738cc00ad32ecbd0294c042332d6a8bf0cbb573bc7338
ecmwf,forecast,2020-08-20,cf,tp,not_applicable,all_returned_cycle_dependent,planned,/storage/raj.ayush/s2s_final_data/final_iteration/raw/ecmwf/forecast/jjas2020/tp/20200820_cf.grib,ec966348e4f718f5857d53fded77f50087068804b5e6b453e53bc6c1f1c502d6
ecmwf,forecast,2020-08-20,pf,tp,not_applicable,all_returned_cycle_dependent,planned,/storage/raj.ayush/s2s_final_data/final_iteration/raw/ecmwf/forecast/jjas2020/tp/20200820_pf.grib,c518878df83f5b7c9cc4cc65c27affa92dd2c1bd8e704343807ff9a7c920e99c
ecmwf,forecast,2020-08-20,cf,t2m,daily_mean_t2m,all_returned_cycle_dependent,planned,/storage/raj.ayush/s2s_final_data/final_iteration/raw/ecmwf/forecast/jjas2020/t2m/20200820_cf.grib,cbb793bac3724240dd069a11f4e75e2fe39cee1ab65b46112811b5506a77749f
ecmwf,forecast,2020-08-20,pf,t2m,daily_mean_t2m,all_returned_cycle_dependent,planned,/storage/raj.ayush/s2s_final_data/final_iteration/raw/ecmwf/forecast/jjas2020/t2m/20200820_pf.grib,094d0c4500dbabaec07b8bb8ca846297476c5f6b7223d7088c905730fdb733af
ecmwf,forecast,2020-08-24,cf,tp,not_applicable,all_returned_cycle_dependent,planned,/storage/raj.ayush/s2s_final_data/final_iteration/raw/ecmwf/forecast/jjas2020/tp/20200824_cf.grib,d188daa4894d0601d74f9a99fcc32ea99435d3976706ed544264f674b4e95ffa
ecmwf,forecast,2020-08-24,pf,tp,not_applicable,all_returned_cycle_dependent,planned,/storage/raj.ayush/s2s_final_data/final_iteration/raw/ecmwf/forecast/jjas2020/tp/20200824_pf.grib,ac4ccbe82cf31469371cae65db599df91324352fd2401b309ceb1aa2c688035a
ecmwf,forecast,2020-08-24,cf,t2m,daily_mean_t2m,all_returned_cycle_dependent,planned,/storage/raj.ayush/s2s_final_data/final_iteration/raw/ecmwf/forecast/jjas2020/t2m/20200824_cf.grib,d56296847a8232ce4c3cf6540d9d511dab807fdf7a6b5e52455159f766970586
ecmwf,forecast,2020-08-24,pf,t2m,daily_mean_t2m,all_returned_cycle_dependent,planned,/storage/raj.ayush/s2s_final_data/final_iteration/raw/ecmwf/forecast/jjas2020/t2m/20200824_pf.grib,dc0dc12fb16b833bc216a23d1e0cdc58628ae719e801a565be1236215958533d
ecmwf,forecast,2020-08-27,cf,tp,not_applicable,all_returned_cycle_dependent,planned,/storage/raj.ayush/s2s_final_data/final_iteration/raw/ecmwf/forecast/jjas2020/tp/20200827_cf.grib,0291bf9ff31f0dd780de2adf391fe86be2552687dfe2e45e97bcddf75b00f9d2
ecmwf,forecast,2020-08-27,pf,tp,not_applicable,all_returned_cycle_dependent,planned,/storage/raj.ayush/s2s_final_data/final_iteration/raw/ecmwf/forecast/jjas2020/tp/20200827_pf.grib,723f33e98aa77b9bd7a39d29d6985feb2a0246f90442d4a083c8bcd341d59048
ecmwf,forecast,2020-08-27,cf,t2m,daily_mean_t2m,all_returned_cycle_dependent,planned,/storage/raj.ayush/s2s_final_data/final_iteration/raw/ecmwf/forecast/jjas2020/t2m/20200827_cf.grib,fa586f019ba94543bdbb3cdeddd099d4cdf4ce83208331de6203a27a9f50c0a3
ecmwf,forecast,2020-08-27,pf,t2m,daily_mean_t2m,all_returned_cycle_dependent,planned,/storage/raj.ayush/s2s_final_data/final_iteration/raw/ecmwf/forecast/jjas2020/t2m/20200827_pf.grib,b8da82c196d17eeb1ccf4108ecf250ff1acc0fab1a825ce05fdc1577a33eba44
ecmwf,forecast,2020-08-31,cf,tp,not_applicable,all_returned_cycle_dependent,planned,/storage/raj.ayush/s2s_final_data/final_iteration/raw/ecmwf/forecast/jjas2020/tp/20200831_cf.grib,af0a0b4f472fe3e0abdc02aae5661506c5aa6ff66df4a514fcd09b9087c973ec
ecmwf,forecast,2020-08-31,pf,tp,not_applicable,all_returned_cycle_dependent,planned,/storage/raj.ayush/s2s_final_data/final_iteration/raw/ecmwf/forecast/jjas2020/tp/20200831_pf.grib,e1526aac582cd3a28a65c3a0634aceb07835710722941572a03b3e178a4b658b
ecmwf,forecast,2020-08-31,cf,t2m,daily_mean_t2m,all_returned_cycle_dependent,planned,/storage/raj.ayush/s2s_final_data/final_iteration/raw/ecmwf/forecast/jjas2020/t2m/20200831_cf.grib,170c6e3867c64d2ae9049614d84bd99a9d18decfe04c1f29e1c19fc0460687eb
ecmwf,forecast,2020-08-31,pf,t2m,daily_mean_t2m,all_returned_cycle_dependent,planned,/storage/raj.ayush/s2s_final_data/final_iteration/raw/ecmwf/forecast/jjas2020/t2m/20200831_pf.grib,5cea346293b7493e46137be586da75f51f1b93887eceef89015d720903da0120
ecmwf,forecast,2020-09-03,cf,tp,not_applicable,all_returned_cycle_dependent,planned,/storage/raj.ayush/s2s_final_data/final_iteration/raw/ecmwf/forecast/jjas2020/tp/20200903_cf.grib,706bf816992c51d97aa64bcbfbe2acdfafcc5d08445a10a400078a004ac5c5af
ecmwf,forecast,2020-09-03,pf,tp,not_applicable,all_returned_cycle_dependent,planned,/storage/raj.ayush/s2s_final_data/final_iteration/raw/ecmwf/forecast/jjas2020/tp/20200903_pf.grib,04efca5a6a4ad6128f13aa31acf91dcb777addf415d9418f684ef4c9bffc4359
ecmwf,forecast,2020-09-03,cf,t2m,daily_mean_t2m,all_returned_cycle_dependent,planned,/storage/raj.ayush/s2s_final_data/final_iteration/raw/ecmwf/forecast/jjas2020/t2m/20200903_cf.grib,a5174df8d55089d477c4cb45af3b88789fbcb8252c86bf8b37aa4d377e16e2ab
ecmwf,forecast,2020-09-03,pf,t2m,daily_mean_t2m,all_returned_cycle_dependent,planned,/storage/raj.ayush/s2s_final_data/final_iteration/raw/ecmwf/forecast/jjas2020/t2m/20200903_pf.grib,96901f91fd8d5c88abfcd98db172d87c51389fb258d55927a9bef1dc5919c201
ecmwf,forecast,2020-09-07,cf,tp,not_applicable,all_returned_cycle_dependent,planned,/storage/raj.ayush/s2s_final_data/final_iteration/raw/ecmwf/forecast/jjas2020/tp/20200907_cf.grib,5af8c2bc29f24b969a20d12fcbbaf198086b91067c6aec364ae674f756e791a5
ecmwf,forecast,2020-09-07,pf,tp,not_applicable,all_returned_cycle_dependent,planned,/storage/raj.ayush/s2s_final_data/final_iteration/raw/ecmwf/forecast/jjas2020/tp/20200907_pf.grib,e01634c79abf8be56ae8240f769e9da5404e07a683a2b2cb2f7a385275ce33f1
ecmwf,forecast,2020-09-07,cf,t2m,daily_mean_t2m,all_returned_cycle_dependent,planned,/storage/raj.ayush/s2s_final_data/final_iteration/raw/ecmwf/forecast/jjas2020/t2m/20200907_cf.grib,fec3f3e90e463b1fa5d1105d3055a9bfedfa35c16ebb1e626d67571a4031503b
ecmwf,forecast,2020-09-07,pf,t2m,daily_mean_t2m,all_returned_cycle_dependent,planned,/storage/raj.ayush/s2s_final_data/final_iteration/raw/ecmwf/forecast/jjas2020/t2m/20200907_pf.grib,d0d9373459fb8b20180ca7d4d949603b0fcc34333e6c32ff9399e696290ff17c
ecmwf,forecast,2020-09-10,cf,tp,not_applicable,all_returned_cycle_dependent,planned,/storage/raj.ayush/s2s_final_data/final_iteration/raw/ecmwf/forecast/jjas2020/tp/20200910_cf.grib,f97bc723baff8406d3bb4ef5cd00b8871280341e90838dee7537af088614acd7
ecmwf,forecast,2020-09-10,pf,tp,not_applicable,all_returned_cycle_dependent,planned,/storage/raj.ayush/s2s_final_data/final_iteration/raw/ecmwf/forecast/jjas2020/tp/20200910_pf.grib,180e9d73020ce050a0b7ca8f372927447de09d24df6cf107851446f1ba8efc3e
ecmwf,forecast,2020-09-10,cf,t2m,daily_mean_t2m,all_returned_cycle_dependent,planned,/storage/raj.ayush/s2s_final_data/final_iteration/raw/ecmwf/forecast/jjas2020/t2m/20200910_cf.grib,daeda03ceb3b333bf27590b6d80aa721c9b2904fdf192b82abcccfa5f28e1e78
ecmwf,forecast,2020-09-10,pf,t2m,daily_mean_t2m,all_returned_cycle_dependent,planned,/storage/raj.ayush/s2s_final_data/final_iteration/raw/ecmwf/forecast/jjas2020/t2m/20200910_pf.grib,6188f1b760c1d8999e704df7941b504e4de956a3497f3f27bb5c0000891fdcb8
ecmwf,forecast,2020-09-14,cf,tp,not_applicable,all_returned_cycle_dependent,planned,/storage/raj.ayush/s2s_final_data/final_iteration/raw/ecmwf/forecast/jjas2020/tp/20200914_cf.grib,18a677a1fb1c8fcb6d881ae0b3ef0cf1a307bd338b1242e6aa56d0febd82a88f
ecmwf,forecast,2020-09-14,pf,tp,not_applicable,all_returned_cycle_dependent,planned,/storage/raj.ayush/s2s_final_data/final_iteration/raw/ecmwf/forecast/jjas2020/tp/20200914_pf.grib,5638e31c1da0a011dfe5b09554f21ab556695866ff91b460d890ce85e78262e4
ecmwf,forecast,2020-09-14,cf,t2m,daily_mean_t2m,all_returned_cycle_dependent,planned,/storage/raj.ayush/s2s_final_data/final_iteration/raw/ecmwf/forecast/jjas2020/t2m/20200914_cf.grib,131b01182fd06d79b5f5d6f92c46ed55572f7fa5119c465c370e50fcd4cfe303
ecmwf,forecast,2020-09-14,pf,t2m,daily_mean_t2m,all_returned_cycle_dependent,planned,/storage/raj.ayush/s2s_final_data/final_iteration/raw/ecmwf/forecast/jjas2020/t2m/20200914_pf.grib,c86a9d37ba3f73ec18c2068b32ae13bd280481cd033dcd69ef240f25423c5365
ecmwf,forecast,2020-09-17,cf,tp,not_applicable,all_returned_cycle_dependent,planned,/storage/raj.ayush/s2s_final_data/final_iteration/raw/ecmwf/forecast/jjas2020/tp/20200917_cf.grib,652e293255a95d1b3c95ada7b473be09a4d3eb3dedb9192d9f4b93b1b9caa41b
ecmwf,forecast,2020-09-17,pf,tp,not_applicable,all_returned_cycle_dependent,planned,/storage/raj.ayush/s2s_final_data/final_iteration/raw/ecmwf/forecast/jjas2020/tp/20200917_pf.grib,4ce0fb9f54e23075a6ea28c989cf8ded2fc45cb5433e24c6681fba6f06f75f80
ecmwf,forecast,2020-09-17,cf,t2m,daily_mean_t2m,all_returned_cycle_dependent,planned,/storage/raj.ayush/s2s_final_data/final_iteration/raw/ecmwf/forecast/jjas2020/t2m/20200917_cf.grib,732e4da2ffdccea3e5374138ee3fb14d8ebdb253110102369a966996c4245b02
ecmwf,forecast,2020-09-17,pf,t2m,daily_mean_t2m,all_returned_cycle_dependent,planned,/storage/raj.ayush/s2s_final_data/final_iteration/raw/ecmwf/forecast/jjas2020/t2m/20200917_pf.grib,b6a106b64ed21df381dc287181d49e77a5cfc59b1f402b6456bd0f71e338ee5f
ecmwf,forecast,2020-09-21,cf,tp,not_applicable,all_returned_cycle_dependent,planned,/storage/raj.ayush/s2s_final_data/final_iteration/raw/ecmwf/forecast/jjas2020/tp/20200921_cf.grib,e7f60f745b0e0577ac2e776933adfe7502ee2d4cbf1dd35fb4a7687bd98b7ae1
ecmwf,forecast,2020-09-21,pf,tp,not_applicable,all_returned_cycle_dependent,planned,/storage/raj.ayush/s2s_final_data/final_iteration/raw/ecmwf/forecast/jjas2020/tp/20200921_pf.grib,11d28145ce3a928932de6d1e6039999dfcabb35b31c7f9d0ff70457d8a759ede
ecmwf,forecast,2020-09-21,cf,t2m,daily_mean_t2m,all_returned_cycle_dependent,planned,/storage/raj.ayush/s2s_final_data/final_iteration/raw/ecmwf/forecast/jjas2020/t2m/20200921_cf.grib,3357403c0e2bcb61f10e1558a8acaecb9cc54559257a0e57de6ba2405c37cbeb
ecmwf,forecast,2020-09-21,pf,t2m,daily_mean_t2m,all_returned_cycle_dependent,planned,/storage/raj.ayush/s2s_final_data/final_iteration/raw/ecmwf/forecast/jjas2020/t2m/20200921_pf.grib,f6280469feded52a9e2c319f9f371797e981e6c9a07ef8499918b07e04b7321e
ecmwf,forecast,2020-09-24,cf,tp,not_applicable,all_returned_cycle_dependent,planned,/storage/raj.ayush/s2s_final_data/final_iteration/raw/ecmwf/forecast/jjas2020/tp/20200924_cf.grib,6476db6cfa76f4a5978d055dad8498a32339ace5f2fe0447573ddb1497fba7ae
ecmwf,forecast,2020-09-24,pf,tp,not_applicable,all_returned_cycle_dependent,planned,/storage/raj.ayush/s2s_final_data/final_iteration/raw/ecmwf/forecast/jjas2020/tp/20200924_pf.grib,6d4c7f1954a116e7d36c601e3d5fd385a124edf65d4ba901e20d35458c6b859a
ecmwf,forecast,2020-09-24,cf,t2m,daily_mean_t2m,all_returned_cycle_dependent,planned,/storage/raj.ayush/s2s_final_data/final_iteration/raw/ecmwf/forecast/jjas2020/t2m/20200924_cf.grib,519b74ffa85b6258cb357436e63f71400339a3f886e0a8b4f1452fd40e8069c5
ecmwf,forecast,2020-09-24,pf,t2m,daily_mean_t2m,all_returned_cycle_dependent,planned,/storage/raj.ayush/s2s_final_data/final_iteration/raw/ecmwf/forecast/jjas2020/t2m/20200924_pf.grib,5f1e6b1da0b6b33a0160d91c77160797d80440c4aa8bbf8456ef0006b1417005
ecmwf,forecast,2020-09-28,cf,tp,not_applicable,all_returned_cycle_dependent,planned,/storage/raj.ayush/s2s_final_data/final_iteration/raw/ecmwf/forecast/jjas2020/tp/20200928_cf.grib,c391955ec7056bd4b92ef2a5b3ecf2e5c2e34b72659cb106d4b0a3f1cc07255e
ecmwf,forecast,2020-09-28,pf,tp,not_applicable,all_returned_cycle_dependent,planned,/storage/raj.ayush/s2s_final_data/final_iteration/raw/ecmwf/forecast/jjas2020/tp/20200928_pf.grib,793eb07aad7bca5dd7b996f029d74d99d37a8621dfa48e3084020a6b60a515c7
ecmwf,forecast,2020-09-28,cf,t2m,daily_mean_t2m,all_returned_cycle_dependent,planned,/storage/raj.ayush/s2s_final_data/final_iteration/raw/ecmwf/forecast/jjas2020/t2m/20200928_cf.grib,8ccf8110053ad4fc8e8462cd08f7d68a0ab89425fcabfbd9ac0eef6254dad380
ecmwf,forecast,2020-09-28,pf,t2m,daily_mean_t2m,all_returned_cycle_dependent,planned,/storage/raj.ayush/s2s_final_data/final_iteration/raw/ecmwf/forecast/jjas2020/t2m/20200928_pf.grib,ccdcc65ab9720000e53809daec053436da9c3ff789ae20561b64f337e92ff79c
ecmwf,forecast,2021-05-31,cf,tp,not_applicable,all_returned_cycle_dependent,planned,/storage/raj.ayush/s2s_final_data/final_iteration/raw/ecmwf/forecast/jjas2021/tp/20210531_cf.grib,3d502be692968cd6fee9a7751171aa0517375fe6dabaebe5c1b634675dde7d00
ecmwf,forecast,2021-05-31,pf,tp,not_applicable,all_returned_cycle_dependent,planned,/storage/raj.ayush/s2s_final_data/final_iteration/raw/ecmwf/forecast/jjas2021/tp/20210531_pf.grib,0d4aa022f87f77c3d587d198fbf6bdde478241f6c561a1ade47c2e739a3affaa
ecmwf,forecast,2021-05-31,cf,t2m,daily_mean_t2m,all_returned_cycle_dependent,planned,/storage/raj.ayush/s2s_final_data/final_iteration/raw/ecmwf/forecast/jjas2021/t2m/20210531_cf.grib,98918882e2baecbfb0c9601a81d56b00224a579bc325ad8c3729f3b3b1ace0d9
ecmwf,forecast,2021-05-31,pf,t2m,daily_mean_t2m,all_returned_cycle_dependent,planned,/storage/raj.ayush/s2s_final_data/final_iteration/raw/ecmwf/forecast/jjas2021/t2m/20210531_pf.grib,157a1ee2e0f3130d81748c77d9c298323041446f55e95ee69d268859aefb57c5
ecmwf,forecast,2021-06-03,cf,tp,not_applicable,all_returned_cycle_dependent,planned,/storage/raj.ayush/s2s_final_data/final_iteration/raw/ecmwf/forecast/jjas2021/tp/20210603_cf.grib,26571ac830a259083eebc2a4cd99320b8c8f0383659857173328429ae0735eef
ecmwf,forecast,2021-06-03,pf,tp,not_applicable,all_returned_cycle_dependent,planned,/storage/raj.ayush/s2s_final_data/final_iteration/raw/ecmwf/forecast/jjas2021/tp/20210603_pf.grib,22ab0640c717e6223a137f3956c235263ae9498ba970febb7810d10954b52582
ecmwf,forecast,2021-06-03,cf,t2m,daily_mean_t2m,all_returned_cycle_dependent,planned,/storage/raj.ayush/s2s_final_data/final_iteration/raw/ecmwf/forecast/jjas2021/t2m/20210603_cf.grib,3f8b49ae51765cff5a07eb7cfbb2e9ad9f8434075a4ddf93c34a39010876b229
ecmwf,forecast,2021-06-03,pf,t2m,daily_mean_t2m,all_returned_cycle_dependent,planned,/storage/raj.ayush/s2s_final_data/final_iteration/raw/ecmwf/forecast/jjas2021/t2m/20210603_pf.grib,adfe3056cb1a5ca939cc2b5ff2cd0f7fa2be0304b13cd6bd0cda881862c9da45
ecmwf,forecast,2021-06-07,cf,tp,not_applicable,all_returned_cycle_dependent,planned,/storage/raj.ayush/s2s_final_data/final_iteration/raw/ecmwf/forecast/jjas2021/tp/20210607_cf.grib,f32f20408dd3d1e6ed66398c71a755330284f037049a0e5c31be639c0e77014b
ecmwf,forecast,2021-06-07,pf,tp,not_applicable,all_returned_cycle_dependent,planned,/storage/raj.ayush/s2s_final_data/final_iteration/raw/ecmwf/forecast/jjas2021/tp/20210607_pf.grib,aa9dd6bd2d91eafc426e9ffa3bd591a4fe3423827f6d6a848df8f6461adfd0ab
ecmwf,forecast,2021-06-07,cf,t2m,daily_mean_t2m,all_returned_cycle_dependent,planned,/storage/raj.ayush/s2s_final_data/final_iteration/raw/ecmwf/forecast/jjas2021/t2m/20210607_cf.grib,dc05c4c103f93b8094255a89f1f152fff56b70016b141ed8c8e6ff9a929f00dc
ecmwf,forecast,2021-06-07,pf,t2m,daily_mean_t2m,all_returned_cycle_dependent,planned,/storage/raj.ayush/s2s_final_data/final_iteration/raw/ecmwf/forecast/jjas2021/t2m/20210607_pf.grib,f0ac598cd6e8e7a32fd41b0f500af69c21be00df8352dff4641e3712424408c8
ecmwf,forecast,2021-06-10,cf,tp,not_applicable,all_returned_cycle_dependent,planned,/storage/raj.ayush/s2s_final_data/final_iteration/raw/ecmwf/forecast/jjas2021/tp/20210610_cf.grib,6c643ae7fb814b41d8d0396ed442049aa5fce643420670631facddac07f35dea
ecmwf,forecast,2021-06-10,pf,tp,not_applicable,all_returned_cycle_dependent,planned,/storage/raj.ayush/s2s_final_data/final_iteration/raw/ecmwf/forecast/jjas2021/tp/20210610_pf.grib,b9436da79d130f3d027e712eea50bae08e6d62ff08555999af30a3df21f48d76
ecmwf,forecast,2021-06-10,cf,t2m,daily_mean_t2m,all_returned_cycle_dependent,planned,/storage/raj.ayush/s2s_final_data/final_iteration/raw/ecmwf/forecast/jjas2021/t2m/20210610_cf.grib,3d869d62360f99e79df0281379ff8db44dfdebeacfc1508c23544e17f24118ba
ecmwf,forecast,2021-06-10,pf,t2m,daily_mean_t2m,all_returned_cycle_dependent,planned,/storage/raj.ayush/s2s_final_data/final_iteration/raw/ecmwf/forecast/jjas2021/t2m/20210610_pf.grib,dea072c2e0ebb0e593463d2497f43897d1a17a0db3753789d40981c7536dfeee
ecmwf,forecast,2021-06-14,cf,tp,not_applicable,all_returned_cycle_dependent,planned,/storage/raj.ayush/s2s_final_data/final_iteration/raw/ecmwf/forecast/jjas2021/tp/20210614_cf.grib,e26b1d866fce4ccd26aa3485601f451886294495d02c9b6ebf267be763fe1ba6
ecmwf,forecast,2021-06-14,pf,tp,not_applicable,all_returned_cycle_dependent,planned,/storage/raj.ayush/s2s_final_data/final_iteration/raw/ecmwf/forecast/jjas2021/tp/20210614_pf.grib,4c37669db0c8494b7cd9c018abbe76c6186a241a4802deebe19474a223d7dce0
ecmwf,forecast,2021-06-14,cf,t2m,daily_mean_t2m,all_returned_cycle_dependent,planned,/storage/raj.ayush/s2s_final_data/final_iteration/raw/ecmwf/forecast/jjas2021/t2m/20210614_cf.grib,e88ede8e1249a286ce24b0a61efa4aedd382156e1d033a9de2d5006a69d4e86d
ecmwf,forecast,2021-06-14,pf,t2m,daily_mean_t2m,all_returned_cycle_dependent,planned,/storage/raj.ayush/s2s_final_data/final_iteration/raw/ecmwf/forecast/jjas2021/t2m/20210614_pf.grib,67763d19afee6f8efa250ebf7f71043dec3899f64a10300c222e4120842f0ee3
ecmwf,forecast,2021-06-17,cf,tp,not_applicable,all_returned_cycle_dependent,planned,/storage/raj.ayush/s2s_final_data/final_iteration/raw/ecmwf/forecast/jjas2021/tp/20210617_cf.grib,194a5085fab58b273f92d93e851b618eb9b4d126026634042a12cb4396f6eb8a
ecmwf,forecast,2021-06-17,pf,tp,not_applicable,all_returned_cycle_dependent,planned,/storage/raj.ayush/s2s_final_data/final_iteration/raw/ecmwf/forecast/jjas2021/tp/20210617_pf.grib,9d813a71d672e91f6219ce152b99cb2e4640c41ad4c3ecd9435be61c32227393
ecmwf,forecast,2021-06-17,cf,t2m,daily_mean_t2m,all_returned_cycle_dependent,planned,/storage/raj.ayush/s2s_final_data/final_iteration/raw/ecmwf/forecast/jjas2021/t2m/20210617_cf.grib,b7d865edf3efd89dc763443162e94ac88c749cab5dc525a1aa859b347333d8f6
ecmwf,forecast,2021-06-17,pf,t2m,daily_mean_t2m,all_returned_cycle_dependent,planned,/storage/raj.ayush/s2s_final_data/final_iteration/raw/ecmwf/forecast/jjas2021/t2m/20210617_pf.grib,f51d7afa77c59a7065edcebbae409313d537d5643ad4edcf0820253bec404a44
ecmwf,forecast,2021-06-21,cf,tp,not_applicable,all_returned_cycle_dependent,planned,/storage/raj.ayush/s2s_final_data/final_iteration/raw/ecmwf/forecast/jjas2021/tp/20210621_cf.grib,1c462edb78d25877d1b68950379c937c6500af98f4a4f798db35947cb4c2cbf8
ecmwf,forecast,2021-06-21,pf,tp,not_applicable,all_returned_cycle_dependent,planned,/storage/raj.ayush/s2s_final_data/final_iteration/raw/ecmwf/forecast/jjas2021/tp/20210621_pf.grib,667b4c42dc59877fdd7e7dc1b2bfd6f33771729a9714931595adad4988e8c16f
ecmwf,forecast,2021-06-21,cf,t2m,daily_mean_t2m,all_returned_cycle_dependent,planned,/storage/raj.ayush/s2s_final_data/final_iteration/raw/ecmwf/forecast/jjas2021/t2m/20210621_cf.grib,7a8a92d0ba07bf43b4cf33609bc5d68abbdc50ff808f6e725826f001fcbf4d17
ecmwf,forecast,2021-06-21,pf,t2m,daily_mean_t2m,all_returned_cycle_dependent,planned,/storage/raj.ayush/s2s_final_data/final_iteration/raw/ecmwf/forecast/jjas2021/t2m/20210621_pf.grib,a12ca6d418792bbeb604f12548fefa740154a2c8219bad0c5f08543342e70ef2
ecmwf,forecast,2021-06-24,cf,tp,not_applicable,all_returned_cycle_dependent,planned,/storage/raj.ayush/s2s_final_data/final_iteration/raw/ecmwf/forecast/jjas2021/tp/20210624_cf.grib,497d711664c68e89147feebb378a4bfb528c73b05e8158f8dc40c60d2fb9950f
ecmwf,forecast,2021-06-24,pf,tp,not_applicable,all_returned_cycle_dependent,planned,/storage/raj.ayush/s2s_final_data/final_iteration/raw/ecmwf/forecast/jjas2021/tp/20210624_pf.grib,3556ea5e80ddec3db925f127c2fd7bc170f009130d42df6a5b892405aa14a286
ecmwf,forecast,2021-06-24,cf,t2m,daily_mean_t2m,all_returned_cycle_dependent,planned,/storage/raj.ayush/s2s_final_data/final_iteration/raw/ecmwf/forecast/jjas2021/t2m/20210624_cf.grib,981a34baa5ba5c9722ad987f653961e538ab6fcf292f554a728cf29aff436600
ecmwf,forecast,2021-06-24,pf,t2m,daily_mean_t2m,all_returned_cycle_dependent,planned,/storage/raj.ayush/s2s_final_data/final_iteration/raw/ecmwf/forecast/jjas2021/t2m/20210624_pf.grib,61c28144327785c5d72d1622d2dce11b49b3e1ec72f5c617202c03e50c3f41df
ecmwf,forecast,2021-06-28,cf,tp,not_applicable,all_returned_cycle_dependent,planned,/storage/raj.ayush/s2s_final_data/final_iteration/raw/ecmwf/forecast/jjas2021/tp/20210628_cf.grib,a9206ce5d2e2351422fbcae6ff0a2c47cea2736ca3df756407f634242e70af1f
ecmwf,forecast,2021-06-28,pf,tp,not_applicable,all_returned_cycle_dependent,planned,/storage/raj.ayush/s2s_final_data/final_iteration/raw/ecmwf/forecast/jjas2021/tp/20210628_pf.grib,0577c1cfb376f1cab142fd5a23bcbd39d2fd8f6835d79a273cbba0b04c6e84b3
ecmwf,forecast,2021-06-28,cf,t2m,daily_mean_t2m,all_returned_cycle_dependent,planned,/storage/raj.ayush/s2s_final_data/final_iteration/raw/ecmwf/forecast/jjas2021/t2m/20210628_cf.grib,fe2c04f5e893d48ea89657dd2a9973f06af3c2c11f0ae2d1fc9e35269bfbe922
ecmwf,forecast,2021-06-28,pf,t2m,daily_mean_t2m,all_returned_cycle_dependent,planned,/storage/raj.ayush/s2s_final_data/final_iteration/raw/ecmwf/forecast/jjas2021/t2m/20210628_pf.grib,2da7f7c101ae9c6a8ced6f8edc9f08c10fda3b359e8eb112610e87daa52bc068
ecmwf,forecast,2021-07-01,cf,tp,not_applicable,all_returned_cycle_dependent,planned,/storage/raj.ayush/s2s_final_data/final_iteration/raw/ecmwf/forecast/jjas2021/tp/20210701_cf.grib,8101785ff8c2eae8fccaa1248e581369a48bfa48500da6d264cc84eb438d1dd2
ecmwf,forecast,2021-07-01,pf,tp,not_applicable,all_returned_cycle_dependent,planned,/storage/raj.ayush/s2s_final_data/final_iteration/raw/ecmwf/forecast/jjas2021/tp/20210701_pf.grib,c6807b680e9133175234e0f0623cce9f0429dfe9445dedf412f25f131566a42a
ecmwf,forecast,2021-07-01,cf,t2m,daily_mean_t2m,all_returned_cycle_dependent,planned,/storage/raj.ayush/s2s_final_data/final_iteration/raw/ecmwf/forecast/jjas2021/t2m/20210701_cf.grib,79a665ba2fcbddcb050dedbe27aac88203e1c5993b496c4df2589b95bc507443
ecmwf,forecast,2021-07-01,pf,t2m,daily_mean_t2m,all_returned_cycle_dependent,planned,/storage/raj.ayush/s2s_final_data/final_iteration/raw/ecmwf/forecast/jjas2021/t2m/20210701_pf.grib,f8a0b2fc46e99462fd7bf38bdfc64168633495963c4e55094b060e371488b930
ecmwf,forecast,2021-07-05,cf,tp,not_applicable,all_returned_cycle_dependent,planned,/storage/raj.ayush/s2s_final_data/final_iteration/raw/ecmwf/forecast/jjas2021/tp/20210705_cf.grib,3cc61daced1c2158ec5490c0c4bb285f34852e67dbd99b146a976bdbf1063a05
ecmwf,forecast,2021-07-05,pf,tp,not_applicable,all_returned_cycle_dependent,planned,/storage/raj.ayush/s2s_final_data/final_iteration/raw/ecmwf/forecast/jjas2021/tp/20210705_pf.grib,c64002edb50cb68fb2ee9d455f8ace0aa65385c4881b1fbeef6a32653348c949
ecmwf,forecast,2021-07-05,cf,t2m,daily_mean_t2m,all_returned_cycle_dependent,planned,/storage/raj.ayush/s2s_final_data/final_iteration/raw/ecmwf/forecast/jjas2021/t2m/20210705_cf.grib,eda643e75f5332b53d4a18cd4c8cdb3b8506b8a2ad7883c684a4544d9446363d
ecmwf,forecast,2021-07-05,pf,t2m,daily_mean_t2m,all_returned_cycle_dependent,planned,/storage/raj.ayush/s2s_final_data/final_iteration/raw/ecmwf/forecast/jjas2021/t2m/20210705_pf.grib,9d8f9aad495b2a4c551118fe9abaf63f0a5d4f8a0309508c408ac9110cf8a4e8
ecmwf,forecast,2021-07-08,cf,tp,not_applicable,all_returned_cycle_dependent,planned,/storage/raj.ayush/s2s_final_data/final_iteration/raw/ecmwf/forecast/jjas2021/tp/20210708_cf.grib,a2ceb8ad7999b8b125b6618123d267eb873f18982c190a5bb40efa21db4e5ac4
ecmwf,forecast,2021-07-08,pf,tp,not_applicable,all_returned_cycle_dependent,planned,/storage/raj.ayush/s2s_final_data/final_iteration/raw/ecmwf/forecast/jjas2021/tp/20210708_pf.grib,8def5a1b6f4268ee6ada1d6b32b27c4fe544e5a1c1cf7517cb2f0b74cf2d63e8
ecmwf,forecast,2021-07-08,cf,t2m,daily_mean_t2m,all_returned_cycle_dependent,planned,/storage/raj.ayush/s2s_final_data/final_iteration/raw/ecmwf/forecast/jjas2021/t2m/20210708_cf.grib,d81eb3c92cb2356ac61c253526b2d57cc5e48d7f07b2b1c39225e9559a2f15d3
ecmwf,forecast,2021-07-08,pf,t2m,daily_mean_t2m,all_returned_cycle_dependent,planned,/storage/raj.ayush/s2s_final_data/final_iteration/raw/ecmwf/forecast/jjas2021/t2m/20210708_pf.grib,fa4a49c1551814ad0da917422cdf5ac3b2f94bad4f59a9faf37ca0e8a39dfcd1
ecmwf,forecast,2021-07-12,cf,tp,not_applicable,all_returned_cycle_dependent,planned,/storage/raj.ayush/s2s_final_data/final_iteration/raw/ecmwf/forecast/jjas2021/tp/20210712_cf.grib,3b072557f5be7ed8b4580e4e84fc25c90c84232f8b6f2b1254b39f2b91a2521f
ecmwf,forecast,2021-07-12,pf,tp,not_applicable,all_returned_cycle_dependent,planned,/storage/raj.ayush/s2s_final_data/final_iteration/raw/ecmwf/forecast/jjas2021/tp/20210712_pf.grib,236fa659e3599c70cb7aa4688005ebb9fd6661e6517179a74a3d64f7d458a865
ecmwf,forecast,2021-07-12,cf,t2m,daily_mean_t2m,all_returned_cycle_dependent,planned,/storage/raj.ayush/s2s_final_data/final_iteration/raw/ecmwf/forecast/jjas2021/t2m/20210712_cf.grib,60be8c805ac7eb2b2f2bd6376854aec0b88b118e8ac8534f028ec5e0c163d477
ecmwf,forecast,2021-07-12,pf,t2m,daily_mean_t2m,all_returned_cycle_dependent,planned,/storage/raj.ayush/s2s_final_data/final_iteration/raw/ecmwf/forecast/jjas2021/t2m/20210712_pf.grib,7f6ef556db0c5a637d9a7a3bdaeba6fb9867f2ca487338e6536862e69572873e
ecmwf,forecast,2021-07-15,cf,tp,not_applicable,all_returned_cycle_dependent,planned,/storage/raj.ayush/s2s_final_data/final_iteration/raw/ecmwf/forecast/jjas2021/tp/20210715_cf.grib,e2d66be0964d7aab9d7c51acd06c5990f73aad4164a82c2c36aef2e126f64f38
ecmwf,forecast,2021-07-15,pf,tp,not_applicable,all_returned_cycle_dependent,planned,/storage/raj.ayush/s2s_final_data/final_iteration/raw/ecmwf/forecast/jjas2021/tp/20210715_pf.grib,03bb562900abbbc4ca2a1df71655e8667c7bf796f41364e21221d3fef831c479
ecmwf,forecast,2021-07-15,cf,t2m,daily_mean_t2m,all_returned_cycle_dependent,planned,/storage/raj.ayush/s2s_final_data/final_iteration/raw/ecmwf/forecast/jjas2021/t2m/20210715_cf.grib,e96b1e7a20b189d03906bb2011d76dc6899cf234c594b465549c54bed6db160a
ecmwf,forecast,2021-07-15,pf,t2m,daily_mean_t2m,all_returned_cycle_dependent,planned,/storage/raj.ayush/s2s_final_data/final_iteration/raw/ecmwf/forecast/jjas2021/t2m/20210715_pf.grib,9524a480ab23bf154d6bf534733a02e6190b14c6a63334b9263f1c93c5367dcb
ecmwf,forecast,2021-07-19,cf,tp,not_applicable,all_returned_cycle_dependent,planned,/storage/raj.ayush/s2s_final_data/final_iteration/raw/ecmwf/forecast/jjas2021/tp/20210719_cf.grib,2ab3726529ba7d3838bb19585291a29fe5ae1b061049c3663edac8d7020c274d
ecmwf,forecast,2021-07-19,pf,tp,not_applicable,all_returned_cycle_dependent,planned,/storage/raj.ayush/s2s_final_data/final_iteration/raw/ecmwf/forecast/jjas2021/tp/20210719_pf.grib,fb033b9cf8850f17c4ea72aa29c9d1f28ca425fc332fbd7ba21820cbf75fa0dc
ecmwf,forecast,2021-07-19,cf,t2m,daily_mean_t2m,all_returned_cycle_dependent,planned,/storage/raj.ayush/s2s_final_data/final_iteration/raw/ecmwf/forecast/jjas2021/t2m/20210719_cf.grib,33db52a6f22be83cff4286fa0f2097fa3ac2cce6ffc23f7baf02e62a50566d77
ecmwf,forecast,2021-07-19,pf,t2m,daily_mean_t2m,all_returned_cycle_dependent,planned,/storage/raj.ayush/s2s_final_data/final_iteration/raw/ecmwf/forecast/jjas2021/t2m/20210719_pf.grib,4ea538a310336d596ece451a4434c1e722b7bf7233e2a65df94bf007e89dec95
ecmwf,forecast,2021-07-22,cf,tp,not_applicable,all_returned_cycle_dependent,planned,/storage/raj.ayush/s2s_final_data/final_iteration/raw/ecmwf/forecast/jjas2021/tp/20210722_cf.grib,b2ee8215f489f21fb415a58d477f5b5581936b6748d2774ffa3ddef6f7bfb451
ecmwf,forecast,2021-07-22,pf,tp,not_applicable,all_returned_cycle_dependent,planned,/storage/raj.ayush/s2s_final_data/final_iteration/raw/ecmwf/forecast/jjas2021/tp/20210722_pf.grib,3f557ddca1e228a716e6a0c684fde5c5f3cce3414d74628574779b26de7d612c
ecmwf,forecast,2021-07-22,cf,t2m,daily_mean_t2m,all_returned_cycle_dependent,planned,/storage/raj.ayush/s2s_final_data/final_iteration/raw/ecmwf/forecast/jjas2021/t2m/20210722_cf.grib,83769d042f4b22d096e38988d47db21bf50c1018df59ebc5d681ff860eb5991f
ecmwf,forecast,2021-07-22,pf,t2m,daily_mean_t2m,all_returned_cycle_dependent,planned,/storage/raj.ayush/s2s_final_data/final_iteration/raw/ecmwf/forecast/jjas2021/t2m/20210722_pf.grib,5a362598714d524a4781a6b6823358e33e32f097849593b5c6523c98407e835c
ecmwf,forecast,2021-07-26,cf,tp,not_applicable,all_returned_cycle_dependent,planned,/storage/raj.ayush/s2s_final_data/final_iteration/raw/ecmwf/forecast/jjas2021/tp/20210726_cf.grib,1418b9ba342a0a4c6cf63736eaf7d578d303169a42b7d35c8f6b8d3a0f0ea868
ecmwf,forecast,2021-07-26,pf,tp,not_applicable,all_returned_cycle_dependent,planned,/storage/raj.ayush/s2s_final_data/final_iteration/raw/ecmwf/forecast/jjas2021/tp/20210726_pf.grib,00bd1a5550b557a0fa19dd110cd7f54a2463ae833e8219593d844ee3e3c04a6b
ecmwf,forecast,2021-07-26,cf,t2m,daily_mean_t2m,all_returned_cycle_dependent,planned,/storage/raj.ayush/s2s_final_data/final_iteration/raw/ecmwf/forecast/jjas2021/t2m/20210726_cf.grib,6fbf6c4001036d877dfb9f1f8a5243fb1da133f6aa0870330b0dd095615a53cb
ecmwf,forecast,2021-07-26,pf,t2m,daily_mean_t2m,all_returned_cycle_dependent,planned,/storage/raj.ayush/s2s_final_data/final_iteration/raw/ecmwf/forecast/jjas2021/t2m/20210726_pf.grib,7c230536c2af95d113069e052c5653caf5d3fd1d7b06e835759e2366b3faa753
ecmwf,forecast,2021-07-29,cf,tp,not_applicable,all_returned_cycle_dependent,planned,/storage/raj.ayush/s2s_final_data/final_iteration/raw/ecmwf/forecast/jjas2021/tp/20210729_cf.grib,6b0f94098b0495ea7574c7cd3ecc4b752f43918ad925258785ba52de02cae3d2
ecmwf,forecast,2021-07-29,pf,tp,not_applicable,all_returned_cycle_dependent,planned,/storage/raj.ayush/s2s_final_data/final_iteration/raw/ecmwf/forecast/jjas2021/tp/20210729_pf.grib,962be74e312b81c505e6d7884cc2b14d192320562579761ebaa54fab4e1f9a77
ecmwf,forecast,2021-07-29,cf,t2m,daily_mean_t2m,all_returned_cycle_dependent,planned,/storage/raj.ayush/s2s_final_data/final_iteration/raw/ecmwf/forecast/jjas2021/t2m/20210729_cf.grib,8ea997c96b8cdf559b7a0775c2eb10096a407d8da1def5541c5bb4bbefdeac23
ecmwf,forecast,2021-07-29,pf,t2m,daily_mean_t2m,all_returned_cycle_dependent,planned,/storage/raj.ayush/s2s_final_data/final_iteration/raw/ecmwf/forecast/jjas2021/t2m/20210729_pf.grib,2c28135307e578d1650eef40ae0af5f461996f256074e5c57a901c4b1f15082c
ecmwf,forecast,2021-08-02,cf,tp,not_applicable,all_returned_cycle_dependent,planned,/storage/raj.ayush/s2s_final_data/final_iteration/raw/ecmwf/forecast/jjas2021/tp/20210802_cf.grib,7fe39dbd93fca2f43bbe23bc94328e0d71aacd5853f2ff6c1e17280444c241e2
ecmwf,forecast,2021-08-02,pf,tp,not_applicable,all_returned_cycle_dependent,planned,/storage/raj.ayush/s2s_final_data/final_iteration/raw/ecmwf/forecast/jjas2021/tp/20210802_pf.grib,eaf3e168fb82a1a4a9f194c044abb80c2f7cc964bc0c2ffacab49a1fc66a25aa
ecmwf,forecast,2021-08-02,cf,t2m,daily_mean_t2m,all_returned_cycle_dependent,planned,/storage/raj.ayush/s2s_final_data/final_iteration/raw/ecmwf/forecast/jjas2021/t2m/20210802_cf.grib,250778e62d30c4611b57945612c4b2afca2eef394e15b81b7648e851a7e415b0
ecmwf,forecast,2021-08-02,pf,t2m,daily_mean_t2m,all_returned_cycle_dependent,planned,/storage/raj.ayush/s2s_final_data/final_iteration/raw/ecmwf/forecast/jjas2021/t2m/20210802_pf.grib,7d4bc0a6ae354b17094850b1d063cc91f944d14f319efd5446b38dcc3468b754
ecmwf,forecast,2021-08-05,cf,tp,not_applicable,all_returned_cycle_dependent,planned,/storage/raj.ayush/s2s_final_data/final_iteration/raw/ecmwf/forecast/jjas2021/tp/20210805_cf.grib,6a3bb2a59506ec120ba0160249fcae9941be094dd48c6e5f5d4e33f215d71dd6
ecmwf,forecast,2021-08-05,pf,tp,not_applicable,all_returned_cycle_dependent,planned,/storage/raj.ayush/s2s_final_data/final_iteration/raw/ecmwf/forecast/jjas2021/tp/20210805_pf.grib,91369b178988f5d0089225a9d4e82fb8d440e695717630fec7c7721f93e25284
ecmwf,forecast,2021-08-05,cf,t2m,daily_mean_t2m,all_returned_cycle_dependent,planned,/storage/raj.ayush/s2s_final_data/final_iteration/raw/ecmwf/forecast/jjas2021/t2m/20210805_cf.grib,2d3eb3789b138d191860f340e884a3fb029b880b167cb63f0932e9e5fc1a6fd9
ecmwf,forecast,2021-08-05,pf,t2m,daily_mean_t2m,all_returned_cycle_dependent,planned,/storage/raj.ayush/s2s_final_data/final_iteration/raw/ecmwf/forecast/jjas2021/t2m/20210805_pf.grib,3f10f6a43c1054d2e0ee57f905ffda50f07e3adc7c836e836cd5c14b209af688
ecmwf,forecast,2021-08-09,cf,tp,not_applicable,all_returned_cycle_dependent,planned,/storage/raj.ayush/s2s_final_data/final_iteration/raw/ecmwf/forecast/jjas2021/tp/20210809_cf.grib,fe729488c574e39701e9c5d85762b8c5ac5097d6e388c44dc31131891cf3f63c
ecmwf,forecast,2021-08-09,pf,tp,not_applicable,all_returned_cycle_dependent,planned,/storage/raj.ayush/s2s_final_data/final_iteration/raw/ecmwf/forecast/jjas2021/tp/20210809_pf.grib,3a857d08faa8029cfa8264d34c2084b9471fdf5fa69ccbf53954b7ebdc81e750
ecmwf,forecast,2021-08-09,cf,t2m,daily_mean_t2m,all_returned_cycle_dependent,planned,/storage/raj.ayush/s2s_final_data/final_iteration/raw/ecmwf/forecast/jjas2021/t2m/20210809_cf.grib,c53915f1f12c4c9bc9c2bf27a6ba7440096c5b6504f7333c4fffd0ae2e7d6333
ecmwf,forecast,2021-08-09,pf,t2m,daily_mean_t2m,all_returned_cycle_dependent,planned,/storage/raj.ayush/s2s_final_data/final_iteration/raw/ecmwf/forecast/jjas2021/t2m/20210809_pf.grib,a28f43449f28050a73a0546ab7fb52e7dd70933c1d1b09c293063b35aa2be6e3
ecmwf,forecast,2021-08-12,cf,tp,not_applicable,all_returned_cycle_dependent,planned,/storage/raj.ayush/s2s_final_data/final_iteration/raw/ecmwf/forecast/jjas2021/tp/20210812_cf.grib,67d486f504749462dc24fea05aa5b2622516c5be01794f3e5ce4b16c7bc9214c
ecmwf,forecast,2021-08-12,pf,tp,not_applicable,all_returned_cycle_dependent,planned,/storage/raj.ayush/s2s_final_data/final_iteration/raw/ecmwf/forecast/jjas2021/tp/20210812_pf.grib,e131f5d0a3d744d2d1c01281b1471d9d2223fe6820c8442d37f8927725d7958c
ecmwf,forecast,2021-08-12,cf,t2m,daily_mean_t2m,all_returned_cycle_dependent,planned,/storage/raj.ayush/s2s_final_data/final_iteration/raw/ecmwf/forecast/jjas2021/t2m/20210812_cf.grib,c1b4faf64430579277e454851d3d1774e88d88c3b8bec68c16dfc0ab0355a1de
ecmwf,forecast,2021-08-12,pf,t2m,daily_mean_t2m,all_returned_cycle_dependent,planned,/storage/raj.ayush/s2s_final_data/final_iteration/raw/ecmwf/forecast/jjas2021/t2m/20210812_pf.grib,c6168d069a1da8c6854feddbdeecbb33dc8794bcbfeaae5624f871c070741625
ecmwf,forecast,2021-08-16,cf,tp,not_applicable,all_returned_cycle_dependent,planned,/storage/raj.ayush/s2s_final_data/final_iteration/raw/ecmwf/forecast/jjas2021/tp/20210816_cf.grib,1eb5dfbf07dbb27ba7b9e970201a02fe589a214172e334fc7e891e12b8768f22
ecmwf,forecast,2021-08-16,pf,tp,not_applicable,all_returned_cycle_dependent,planned,/storage/raj.ayush/s2s_final_data/final_iteration/raw/ecmwf/forecast/jjas2021/tp/20210816_pf.grib,ad054542cfba3bf4c38c15a5681d8cccaa8f0cf9b0a40fb45a0eed160961844e
ecmwf,forecast,2021-08-16,cf,t2m,daily_mean_t2m,all_returned_cycle_dependent,planned,/storage/raj.ayush/s2s_final_data/final_iteration/raw/ecmwf/forecast/jjas2021/t2m/20210816_cf.grib,b9c22d6bdae9232ca374092207358c9d0b53edc7dcfa8734749a055756a5ac79
ecmwf,forecast,2021-08-16,pf,t2m,daily_mean_t2m,all_returned_cycle_dependent,planned,/storage/raj.ayush/s2s_final_data/final_iteration/raw/ecmwf/forecast/jjas2021/t2m/20210816_pf.grib,6ed3c4f9b4b9ad4096032882d7f767c37ec6123a498f993e78d20b0dad60d6ce
ecmwf,forecast,2021-08-19,cf,tp,not_applicable,all_returned_cycle_dependent,planned,/storage/raj.ayush/s2s_final_data/final_iteration/raw/ecmwf/forecast/jjas2021/tp/20210819_cf.grib,f679aeae50e5eef306c388c3a37dcd179b190236373694c9dd234335dcc60490
ecmwf,forecast,2021-08-19,pf,tp,not_applicable,all_returned_cycle_dependent,planned,/storage/raj.ayush/s2s_final_data/final_iteration/raw/ecmwf/forecast/jjas2021/tp/20210819_pf.grib,fc6cec8975597a2c46bdcab0fcb101de5560a837a4bd435edf29247fb4f93644
ecmwf,forecast,2021-08-19,cf,t2m,daily_mean_t2m,all_returned_cycle_dependent,planned,/storage/raj.ayush/s2s_final_data/final_iteration/raw/ecmwf/forecast/jjas2021/t2m/20210819_cf.grib,334ff99ccb62322fa2399215ae63579a1e7a99c6cc05072f1cb278151d28efa3
ecmwf,forecast,2021-08-19,pf,t2m,daily_mean_t2m,all_returned_cycle_dependent,planned,/storage/raj.ayush/s2s_final_data/final_iteration/raw/ecmwf/forecast/jjas2021/t2m/20210819_pf.grib,365ddc068de8fa94b6bd2bb85691732965f41637e6c11df67f4c7b29d5d690c1
ecmwf,forecast,2021-08-23,cf,tp,not_applicable,all_returned_cycle_dependent,planned,/storage/raj.ayush/s2s_final_data/final_iteration/raw/ecmwf/forecast/jjas2021/tp/20210823_cf.grib,4e2780874e07d8a090a917a7e3c18ab419f78d555b6154ea2a24e0271eb00946
ecmwf,forecast,2021-08-23,pf,tp,not_applicable,all_returned_cycle_dependent,planned,/storage/raj.ayush/s2s_final_data/final_iteration/raw/ecmwf/forecast/jjas2021/tp/20210823_pf.grib,71f7ff7b460168631d98ba3ac4d936583dac4b21404042fc52539be9341b97a3
ecmwf,forecast,2021-08-23,cf,t2m,daily_mean_t2m,all_returned_cycle_dependent,planned,/storage/raj.ayush/s2s_final_data/final_iteration/raw/ecmwf/forecast/jjas2021/t2m/20210823_cf.grib,6a6a714131556081061bcf602d118a38cb62558db36e3ab744b7e8feeab14b56
ecmwf,forecast,2021-08-23,pf,t2m,daily_mean_t2m,all_returned_cycle_dependent,planned,/storage/raj.ayush/s2s_final_data/final_iteration/raw/ecmwf/forecast/jjas2021/t2m/20210823_pf.grib,03670f227dd51a5632130485ce2363057ba88089e57c98691513f6bb4053313f
ecmwf,forecast,2021-08-26,cf,tp,not_applicable,all_returned_cycle_dependent,planned,/storage/raj.ayush/s2s_final_data/final_iteration/raw/ecmwf/forecast/jjas2021/tp/20210826_cf.grib,b884626aec8a5b010b0e22c0387f52140bf34ebc633e2cf754cd54fbbac2a03a
ecmwf,forecast,2021-08-26,pf,tp,not_applicable,all_returned_cycle_dependent,planned,/storage/raj.ayush/s2s_final_data/final_iteration/raw/ecmwf/forecast/jjas2021/tp/20210826_pf.grib,2146cb86f3442f466e4fe3ba6ad329148f4ceed9aacf588750eca72063fb467f
ecmwf,forecast,2021-08-26,cf,t2m,daily_mean_t2m,all_returned_cycle_dependent,planned,/storage/raj.ayush/s2s_final_data/final_iteration/raw/ecmwf/forecast/jjas2021/t2m/20210826_cf.grib,aabcd32fce560ad0e32a648eb7f5c9644279ace6123b7bf4661e9f586a001e1d
ecmwf,forecast,2021-08-26,pf,t2m,daily_mean_t2m,all_returned_cycle_dependent,planned,/storage/raj.ayush/s2s_final_data/final_iteration/raw/ecmwf/forecast/jjas2021/t2m/20210826_pf.grib,f43db7bad39b46d8923d8af8fdc40b63c2a667aa9d575e4820cd12a26721071b
ecmwf,forecast,2021-08-30,cf,tp,not_applicable,all_returned_cycle_dependent,planned,/storage/raj.ayush/s2s_final_data/final_iteration/raw/ecmwf/forecast/jjas2021/tp/20210830_cf.grib,6d265dba347945096c95518132a63bf877db09409adc9608e77fc0bff0125384
ecmwf,forecast,2021-08-30,pf,tp,not_applicable,all_returned_cycle_dependent,planned,/storage/raj.ayush/s2s_final_data/final_iteration/raw/ecmwf/forecast/jjas2021/tp/20210830_pf.grib,5f75e23fab7888b2203dc620c9a4c648d66ad7474dc86b7a911eec53b55ac021
ecmwf,forecast,2021-08-30,cf,t2m,daily_mean_t2m,all_returned_cycle_dependent,planned,/storage/raj.ayush/s2s_final_data/final_iteration/raw/ecmwf/forecast/jjas2021/t2m/20210830_cf.grib,bad6647c4020e00b6ccebc6245f4df5dc67a435e483dfd0850eda9bcbdbf904e
ecmwf,forecast,2021-08-30,pf,t2m,daily_mean_t2m,all_returned_cycle_dependent,planned,/storage/raj.ayush/s2s_final_data/final_iteration/raw/ecmwf/forecast/jjas2021/t2m/20210830_pf.grib,78ab7828c981410ef745ad3de3e2a62c076cfb16a69b973df9c9b678e7e732ce
ecmwf,forecast,2021-09-02,cf,tp,not_applicable,all_returned_cycle_dependent,planned,/storage/raj.ayush/s2s_final_data/final_iteration/raw/ecmwf/forecast/jjas2021/tp/20210902_cf.grib,a9677abcecb23dc8e8555b66f46aec6f255bb48d89edc6b4f44db9fb358896d4
ecmwf,forecast,2021-09-02,pf,tp,not_applicable,all_returned_cycle_dependent,planned,/storage/raj.ayush/s2s_final_data/final_iteration/raw/ecmwf/forecast/jjas2021/tp/20210902_pf.grib,288e222842c01baa5ae830b2c042dc8d89dd322e52fa5dc94fb042ae388f11d5
ecmwf,forecast,2021-09-02,cf,t2m,daily_mean_t2m,all_returned_cycle_dependent,planned,/storage/raj.ayush/s2s_final_data/final_iteration/raw/ecmwf/forecast/jjas2021/t2m/20210902_cf.grib,338b820a7fb147933e2d75cdd836c4ef59ce32a0ba90ff0b89a389a5e5f57d3b
ecmwf,forecast,2021-09-02,pf,t2m,daily_mean_t2m,all_returned_cycle_dependent,planned,/storage/raj.ayush/s2s_final_data/final_iteration/raw/ecmwf/forecast/jjas2021/t2m/20210902_pf.grib,f983e39cbf825beaf367b2ef2872d52ea9cdb58270ee14055447e9a7ee0571d9
ecmwf,forecast,2021-09-06,cf,tp,not_applicable,all_returned_cycle_dependent,planned,/storage/raj.ayush/s2s_final_data/final_iteration/raw/ecmwf/forecast/jjas2021/tp/20210906_cf.grib,a782b055dae79e43881eb5795c0f7fce1abe72729f9ee42fe095c43169e39927
ecmwf,forecast,2021-09-06,pf,tp,not_applicable,all_returned_cycle_dependent,planned,/storage/raj.ayush/s2s_final_data/final_iteration/raw/ecmwf/forecast/jjas2021/tp/20210906_pf.grib,8ff6d608b5b6e8306fc87f864ad2a6aa7945ce6de78c812eaff85fd0d608da41
ecmwf,forecast,2021-09-06,cf,t2m,daily_mean_t2m,all_returned_cycle_dependent,planned,/storage/raj.ayush/s2s_final_data/final_iteration/raw/ecmwf/forecast/jjas2021/t2m/20210906_cf.grib,20c5fae72a654a2acd24ec887a36e06e8f8caf68925db46a795646f78ac1b625
ecmwf,forecast,2021-09-06,pf,t2m,daily_mean_t2m,all_returned_cycle_dependent,planned,/storage/raj.ayush/s2s_final_data/final_iteration/raw/ecmwf/forecast/jjas2021/t2m/20210906_pf.grib,289f8c4917e27ff4da9d786990353f29df6443cdbc05745e15ea1fdd541d06d8
ecmwf,forecast,2021-09-09,cf,tp,not_applicable,all_returned_cycle_dependent,planned,/storage/raj.ayush/s2s_final_data/final_iteration/raw/ecmwf/forecast/jjas2021/tp/20210909_cf.grib,675638333703293b158060c28eb31ce46e49a2083f54089c12e3c1d235e60e3a
ecmwf,forecast,2021-09-09,pf,tp,not_applicable,all_returned_cycle_dependent,planned,/storage/raj.ayush/s2s_final_data/final_iteration/raw/ecmwf/forecast/jjas2021/tp/20210909_pf.grib,993576bf60e0a726ff4be55137ddcef55194f2b070684a545f89b38a9de512bc
ecmwf,forecast,2021-09-09,cf,t2m,daily_mean_t2m,all_returned_cycle_dependent,planned,/storage/raj.ayush/s2s_final_data/final_iteration/raw/ecmwf/forecast/jjas2021/t2m/20210909_cf.grib,e853a09208e45c3b6b63dc7320604466440e22ff4901ee1a45278cb9bbe6d312
ecmwf,forecast,2021-09-09,pf,t2m,daily_mean_t2m,all_returned_cycle_dependent,planned,/storage/raj.ayush/s2s_final_data/final_iteration/raw/ecmwf/forecast/jjas2021/t2m/20210909_pf.grib,21ac1039b6de71e53306e8b93f7a11d349f3ab0f8caffb2a811e6ebd0a6a24de
ecmwf,forecast,2021-09-13,cf,tp,not_applicable,all_returned_cycle_dependent,planned,/storage/raj.ayush/s2s_final_data/final_iteration/raw/ecmwf/forecast/jjas2021/tp/20210913_cf.grib,b07691d96d893385478ac1bfa41d4da00d87fc54e20adf5b4d1481e44cd817b6
ecmwf,forecast,2021-09-13,pf,tp,not_applicable,all_returned_cycle_dependent,planned,/storage/raj.ayush/s2s_final_data/final_iteration/raw/ecmwf/forecast/jjas2021/tp/20210913_pf.grib,3e8df1820c3216339aea52626dc6f850590423d5f7e354cde7bc9f7ddc119023
ecmwf,forecast,2021-09-13,cf,t2m,daily_mean_t2m,all_returned_cycle_dependent,planned,/storage/raj.ayush/s2s_final_data/final_iteration/raw/ecmwf/forecast/jjas2021/t2m/20210913_cf.grib,ed3613af6122ade475e9796a241a4db9dfb215ff8083b41fdf6777046255b9c1
ecmwf,forecast,2021-09-13,pf,t2m,daily_mean_t2m,all_returned_cycle_dependent,planned,/storage/raj.ayush/s2s_final_data/final_iteration/raw/ecmwf/forecast/jjas2021/t2m/20210913_pf.grib,e4d081cf3c3b4c563df4d096f5046c176a7043b15e1eb75985ffb883718b8b2a
ecmwf,forecast,2021-09-16,cf,tp,not_applicable,all_returned_cycle_dependent,planned,/storage/raj.ayush/s2s_final_data/final_iteration/raw/ecmwf/forecast/jjas2021/tp/20210916_cf.grib,43b7fbee39dfc5ef70713c94a8ec2e1f01eac76938cd9dd1466de57509805e02
ecmwf,forecast,2021-09-16,pf,tp,not_applicable,all_returned_cycle_dependent,planned,/storage/raj.ayush/s2s_final_data/final_iteration/raw/ecmwf/forecast/jjas2021/tp/20210916_pf.grib,a9ab5d9007866f9a4abf03689411e016e393266bbe52f524e9193e4df0133094
ecmwf,forecast,2021-09-16,cf,t2m,daily_mean_t2m,all_returned_cycle_dependent,planned,/storage/raj.ayush/s2s_final_data/final_iteration/raw/ecmwf/forecast/jjas2021/t2m/20210916_cf.grib,c6d729749cee02444a75f54ad79440a5dda124d131ec96a3133b855595557f44
ecmwf,forecast,2021-09-16,pf,t2m,daily_mean_t2m,all_returned_cycle_dependent,planned,/storage/raj.ayush/s2s_final_data/final_iteration/raw/ecmwf/forecast/jjas2021/t2m/20210916_pf.grib,1c4b168987fc23dcd12bfbc7f219b41c356ae23f1d6690bf06665f136ef17360
ecmwf,forecast,2021-09-20,cf,tp,not_applicable,all_returned_cycle_dependent,planned,/storage/raj.ayush/s2s_final_data/final_iteration/raw/ecmwf/forecast/jjas2021/tp/20210920_cf.grib,99abd6d930a1acc126c5657fec441fdfb18f9ba6c598a95c0457f9c930ce88d9
ecmwf,forecast,2021-09-20,pf,tp,not_applicable,all_returned_cycle_dependent,planned,/storage/raj.ayush/s2s_final_data/final_iteration/raw/ecmwf/forecast/jjas2021/tp/20210920_pf.grib,9fbf3facfab49f9f9d6997203fc30264802b99c7930345faf2c5741dc834493d
ecmwf,forecast,2021-09-20,cf,t2m,daily_mean_t2m,all_returned_cycle_dependent,planned,/storage/raj.ayush/s2s_final_data/final_iteration/raw/ecmwf/forecast/jjas2021/t2m/20210920_cf.grib,afc2a36386eb25111f9a722ded07163cc35efa334783bfef32d2e98856b34ba3
ecmwf,forecast,2021-09-20,pf,t2m,daily_mean_t2m,all_returned_cycle_dependent,planned,/storage/raj.ayush/s2s_final_data/final_iteration/raw/ecmwf/forecast/jjas2021/t2m/20210920_pf.grib,775bd1ab39bbe87e9bcb3d46fd88a9a42fa9273a782511b7896a3518f916988e
ecmwf,forecast,2021-09-23,cf,tp,not_applicable,all_returned_cycle_dependent,planned,/storage/raj.ayush/s2s_final_data/final_iteration/raw/ecmwf/forecast/jjas2021/tp/20210923_cf.grib,49dfdfa850dbdc1b8f67390058cd7dd91563f87fe96becf242eb25e360c92ead
ecmwf,forecast,2021-09-23,pf,tp,not_applicable,all_returned_cycle_dependent,planned,/storage/raj.ayush/s2s_final_data/final_iteration/raw/ecmwf/forecast/jjas2021/tp/20210923_pf.grib,c59109a394418d5f6712d591bac01e23a17f851a5bccf4800b3e12b96b02b924
ecmwf,forecast,2021-09-23,cf,t2m,daily_mean_t2m,all_returned_cycle_dependent,planned,/storage/raj.ayush/s2s_final_data/final_iteration/raw/ecmwf/forecast/jjas2021/t2m/20210923_cf.grib,465d51097a2a1cf59f63c988dd280853559258cce8877fbfc9e538d2831802b9
ecmwf,forecast,2021-09-23,pf,t2m,daily_mean_t2m,all_returned_cycle_dependent,planned,/storage/raj.ayush/s2s_final_data/final_iteration/raw/ecmwf/forecast/jjas2021/t2m/20210923_pf.grib,69a3f988a8e78c73f26d5dc0c9dba549cec745a491a6e7c3ecaecf49687bb235
ecmwf,forecast,2021-09-27,cf,tp,not_applicable,all_returned_cycle_dependent,planned,/storage/raj.ayush/s2s_final_data/final_iteration/raw/ecmwf/forecast/jjas2021/tp/20210927_cf.grib,89d0900662037ebf2b80b34720bab6376e395d63334b2c1eb26888d265d1e8a7
ecmwf,forecast,2021-09-27,pf,tp,not_applicable,all_returned_cycle_dependent,planned,/storage/raj.ayush/s2s_final_data/final_iteration/raw/ecmwf/forecast/jjas2021/tp/20210927_pf.grib,ef00b16bf60ea2416230f3ee87149aafd628034516c96bb5d0c785dbf7ae9970
ecmwf,forecast,2021-09-27,cf,t2m,daily_mean_t2m,all_returned_cycle_dependent,planned,/storage/raj.ayush/s2s_final_data/final_iteration/raw/ecmwf/forecast/jjas2021/t2m/20210927_cf.grib,e354f4a7cf6108bccfa68d50dfc7de135f142e896309ba3edac0403fec7237bf
ecmwf,forecast,2021-09-27,pf,t2m,daily_mean_t2m,all_returned_cycle_dependent,planned,/storage/raj.ayush/s2s_final_data/final_iteration/raw/ecmwf/forecast/jjas2021/t2m/20210927_pf.grib,473f25b30853122d45326dc5051ce02bfe24e71e019b8f0a0cf719bff2e36ebb
ecmwf,forecast,2022-06-02,cf,tp,not_applicable,all_returned_cycle_dependent,planned,/storage/raj.ayush/s2s_final_data/final_iteration/raw/ecmwf/forecast/jjas2022/tp/20220602_cf.grib,d84ba523371d566a70833115b5ca77ab816a40b7678abfa264ebd847e8881171
ecmwf,forecast,2022-06-02,pf,tp,not_applicable,all_returned_cycle_dependent,planned,/storage/raj.ayush/s2s_final_data/final_iteration/raw/ecmwf/forecast/jjas2022/tp/20220602_pf.grib,fdf229a2fad39b4a2724d8ff269f6774c31caa7427c0e4e9908b3875c6d940cc
ecmwf,forecast,2022-06-02,cf,t2m,daily_mean_t2m,all_returned_cycle_dependent,planned,/storage/raj.ayush/s2s_final_data/final_iteration/raw/ecmwf/forecast/jjas2022/t2m/20220602_cf.grib,4e7be959a5f6f671452c6266bfae1bb923a55c4f60cd29312ab42a71b96b5e09
ecmwf,forecast,2022-06-02,pf,t2m,daily_mean_t2m,all_returned_cycle_dependent,planned,/storage/raj.ayush/s2s_final_data/final_iteration/raw/ecmwf/forecast/jjas2022/t2m/20220602_pf.grib,f4de0c80589a6dc80ee36fb9711c03c35ae67fb508ccd65c2ce953076d786666
ecmwf,forecast,2022-06-06,cf,tp,not_applicable,all_returned_cycle_dependent,planned,/storage/raj.ayush/s2s_final_data/final_iteration/raw/ecmwf/forecast/jjas2022/tp/20220606_cf.grib,bf2160bd48d1006d17f6c362641368afd97ac5c3b3c3fe2ff6bfa3a2948bf131
ecmwf,forecast,2022-06-06,pf,tp,not_applicable,all_returned_cycle_dependent,planned,/storage/raj.ayush/s2s_final_data/final_iteration/raw/ecmwf/forecast/jjas2022/tp/20220606_pf.grib,f312e819dab2d6de23e6edaa40a9b092b9b2c17488b47d9020e7e204972a8def
ecmwf,forecast,2022-06-06,cf,t2m,daily_mean_t2m,all_returned_cycle_dependent,planned,/storage/raj.ayush/s2s_final_data/final_iteration/raw/ecmwf/forecast/jjas2022/t2m/20220606_cf.grib,18078214580b9674472944408cdb10fec637e76b82c81e5c54ca1ea51fdb0ee2
ecmwf,forecast,2022-06-06,pf,t2m,daily_mean_t2m,all_returned_cycle_dependent,planned,/storage/raj.ayush/s2s_final_data/final_iteration/raw/ecmwf/forecast/jjas2022/t2m/20220606_pf.grib,27da80dd16b934a91b57284ed65182db2ca19912cb904fb087861767d577f752
ecmwf,forecast,2022-06-09,cf,tp,not_applicable,all_returned_cycle_dependent,planned,/storage/raj.ayush/s2s_final_data/final_iteration/raw/ecmwf/forecast/jjas2022/tp/20220609_cf.grib,3514760c93e1213d59e4ba752479fbfdab0efde5562cc86676b1a5c6badfda5f
ecmwf,forecast,2022-06-09,pf,tp,not_applicable,all_returned_cycle_dependent,planned,/storage/raj.ayush/s2s_final_data/final_iteration/raw/ecmwf/forecast/jjas2022/tp/20220609_pf.grib,043f9cb8bdcc2a78d1892122452ef4d13d18fd7a95bbd30a1d437490a1491643
ecmwf,forecast,2022-06-09,cf,t2m,daily_mean_t2m,all_returned_cycle_dependent,planned,/storage/raj.ayush/s2s_final_data/final_iteration/raw/ecmwf/forecast/jjas2022/t2m/20220609_cf.grib,611d46cadff28d4257517c24c36308849a2b67e35948dc13d45e03f16c63846e
ecmwf,forecast,2022-06-09,pf,t2m,daily_mean_t2m,all_returned_cycle_dependent,planned,/storage/raj.ayush/s2s_final_data/final_iteration/raw/ecmwf/forecast/jjas2022/t2m/20220609_pf.grib,f3e4bcd8e4c9fb42cbed421c86ac116657952885360af1a06d3de4b0dd25420a
ecmwf,forecast,2022-06-13,cf,tp,not_applicable,all_returned_cycle_dependent,planned,/storage/raj.ayush/s2s_final_data/final_iteration/raw/ecmwf/forecast/jjas2022/tp/20220613_cf.grib,015038aba79269fea3ac811b292b16a8acc1cf12a6f2d7c4a3be02e71480ed0a
ecmwf,forecast,2022-06-13,pf,tp,not_applicable,all_returned_cycle_dependent,planned,/storage/raj.ayush/s2s_final_data/final_iteration/raw/ecmwf/forecast/jjas2022/tp/20220613_pf.grib,39f3aec47f3c2f48133ab5e2eb3a02d3e618322bc3433db3e9089b19013f1ee6
ecmwf,forecast,2022-06-13,cf,t2m,daily_mean_t2m,all_returned_cycle_dependent,planned,/storage/raj.ayush/s2s_final_data/final_iteration/raw/ecmwf/forecast/jjas2022/t2m/20220613_cf.grib,760460cfaad40b8d2961f485690077d512539c993fd5b2d1b58425c1c6335c4e
ecmwf,forecast,2022-06-13,pf,t2m,daily_mean_t2m,all_returned_cycle_dependent,planned,/storage/raj.ayush/s2s_final_data/final_iteration/raw/ecmwf/forecast/jjas2022/t2m/20220613_pf.grib,c658a8bac36d4b7bb2dfd82b35a80398bec78ac99471b1af10e2bafc872cb22b
ecmwf,forecast,2022-06-16,cf,tp,not_applicable,all_returned_cycle_dependent,planned,/storage/raj.ayush/s2s_final_data/final_iteration/raw/ecmwf/forecast/jjas2022/tp/20220616_cf.grib,54e2364a81c5d952968796f7ae29960a88414da139189452401fab34fa7a92ca
ecmwf,forecast,2022-06-16,pf,tp,not_applicable,all_returned_cycle_dependent,planned,/storage/raj.ayush/s2s_final_data/final_iteration/raw/ecmwf/forecast/jjas2022/tp/20220616_pf.grib,25d6968dadabc1d08d2c8f47d63c802015727daeece765a1b96ed9d0e4d3abfe
ecmwf,forecast,2022-06-16,cf,t2m,daily_mean_t2m,all_returned_cycle_dependent,planned,/storage/raj.ayush/s2s_final_data/final_iteration/raw/ecmwf/forecast/jjas2022/t2m/20220616_cf.grib,40c21ad080a27b2ad52102298c737b016fc633dd7aae922610e15e53d14a9092
ecmwf,forecast,2022-06-16,pf,t2m,daily_mean_t2m,all_returned_cycle_dependent,planned,/storage/raj.ayush/s2s_final_data/final_iteration/raw/ecmwf/forecast/jjas2022/t2m/20220616_pf.grib,3a71f4ed6d20fa14bc149a7286218300afd03dc12c25925ac31a59aa9de9f0d9
ecmwf,forecast,2022-06-20,cf,tp,not_applicable,all_returned_cycle_dependent,planned,/storage/raj.ayush/s2s_final_data/final_iteration/raw/ecmwf/forecast/jjas2022/tp/20220620_cf.grib,f59dc978ec882c645dab4a642480434187009d85dadb3d2bd8093cc06a6eaf75
ecmwf,forecast,2022-06-20,pf,tp,not_applicable,all_returned_cycle_dependent,planned,/storage/raj.ayush/s2s_final_data/final_iteration/raw/ecmwf/forecast/jjas2022/tp/20220620_pf.grib,7b025d427a18decbda40151eae5f51934ed6a8b83e4098c8b32a1ba9317d5773
ecmwf,forecast,2022-06-20,cf,t2m,daily_mean_t2m,all_returned_cycle_dependent,planned,/storage/raj.ayush/s2s_final_data/final_iteration/raw/ecmwf/forecast/jjas2022/t2m/20220620_cf.grib,f2db4b1f227b8c124aa014de5d5c1f60c9d13c8d2c07b11618330cb8ff673001
ecmwf,forecast,2022-06-20,pf,t2m,daily_mean_t2m,all_returned_cycle_dependent,planned,/storage/raj.ayush/s2s_final_data/final_iteration/raw/ecmwf/forecast/jjas2022/t2m/20220620_pf.grib,cf074b2c5bbf56c8ad41f1eefcfa975f4954ef9a9737ea0e50c7eb25dd2e9e6f
ecmwf,forecast,2022-06-23,cf,tp,not_applicable,all_returned_cycle_dependent,planned,/storage/raj.ayush/s2s_final_data/final_iteration/raw/ecmwf/forecast/jjas2022/tp/20220623_cf.grib,9926e4433c3b3a4d2443dc8c9627dbf19299e07331588012064d245664d8fc91
ecmwf,forecast,2022-06-23,pf,tp,not_applicable,all_returned_cycle_dependent,planned,/storage/raj.ayush/s2s_final_data/final_iteration/raw/ecmwf/forecast/jjas2022/tp/20220623_pf.grib,1a23d861907d4a09918787a1d96abc34ba36e2acf7eafdd3c0ec0690acae701c
ecmwf,forecast,2022-06-23,cf,t2m,daily_mean_t2m,all_returned_cycle_dependent,planned,/storage/raj.ayush/s2s_final_data/final_iteration/raw/ecmwf/forecast/jjas2022/t2m/20220623_cf.grib,f337d2ba12beeb41029b890e8d5665884d793d4f8888424e3f6355ec58470db6
ecmwf,forecast,2022-06-23,pf,t2m,daily_mean_t2m,all_returned_cycle_dependent,planned,/storage/raj.ayush/s2s_final_data/final_iteration/raw/ecmwf/forecast/jjas2022/t2m/20220623_pf.grib,67d209a878c9fda6e77d5fd7d6c29c9343c3a12f349930113f27cc64aa52f7db
ecmwf,forecast,2022-06-27,cf,tp,not_applicable,all_returned_cycle_dependent,planned,/storage/raj.ayush/s2s_final_data/final_iteration/raw/ecmwf/forecast/jjas2022/tp/20220627_cf.grib,f65fc12bfb278261aba96c921a29f449d6ab71caa5a7c51f897311c3a91865bf
ecmwf,forecast,2022-06-27,pf,tp,not_applicable,all_returned_cycle_dependent,planned,/storage/raj.ayush/s2s_final_data/final_iteration/raw/ecmwf/forecast/jjas2022/tp/20220627_pf.grib,8e25af2df21a0940a1947fc22f9b453b7ead22424aeb8ad1143b7e014688ca08
ecmwf,forecast,2022-06-27,cf,t2m,daily_mean_t2m,all_returned_cycle_dependent,planned,/storage/raj.ayush/s2s_final_data/final_iteration/raw/ecmwf/forecast/jjas2022/t2m/20220627_cf.grib,61f5d0ce7f76bb7962495de132e036812028f0ef416462778154fd0a4d9d969f
ecmwf,forecast,2022-06-27,pf,t2m,daily_mean_t2m,all_returned_cycle_dependent,planned,/storage/raj.ayush/s2s_final_data/final_iteration/raw/ecmwf/forecast/jjas2022/t2m/20220627_pf.grib,fa6969c7a0bf52b165fa14c67842b058396f371b666743fde93e3ada1cca86cd
ecmwf,forecast,2022-06-30,cf,tp,not_applicable,all_returned_cycle_dependent,planned,/storage/raj.ayush/s2s_final_data/final_iteration/raw/ecmwf/forecast/jjas2022/tp/20220630_cf.grib,7c1d4f35e750b5c7bc1c80c59f066bc7de4cc00dec86b346944e54e70b2be559
ecmwf,forecast,2022-06-30,pf,tp,not_applicable,all_returned_cycle_dependent,planned,/storage/raj.ayush/s2s_final_data/final_iteration/raw/ecmwf/forecast/jjas2022/tp/20220630_pf.grib,2101635382fc67fbbf4500b4ed921494be347980d4e03d5eec758eaea249558d
ecmwf,forecast,2022-06-30,cf,t2m,daily_mean_t2m,all_returned_cycle_dependent,planned,/storage/raj.ayush/s2s_final_data/final_iteration/raw/ecmwf/forecast/jjas2022/t2m/20220630_cf.grib,963a41cc92aec4bff6b69a16ec5de03ab333ac0b4589d7c62803bae3b5d6792f
ecmwf,forecast,2022-06-30,pf,t2m,daily_mean_t2m,all_returned_cycle_dependent,planned,/storage/raj.ayush/s2s_final_data/final_iteration/raw/ecmwf/forecast/jjas2022/t2m/20220630_pf.grib,07bd6c7b9ca9c57843b636e7678225a99ff53b57858e9173e3d578dd02f55a6d
ecmwf,forecast,2022-07-04,cf,tp,not_applicable,all_returned_cycle_dependent,planned,/storage/raj.ayush/s2s_final_data/final_iteration/raw/ecmwf/forecast/jjas2022/tp/20220704_cf.grib,d6fd5087ece1be342e46398da406345de53bbf33014e94b15d08b47411b96d46
ecmwf,forecast,2022-07-04,pf,tp,not_applicable,all_returned_cycle_dependent,planned,/storage/raj.ayush/s2s_final_data/final_iteration/raw/ecmwf/forecast/jjas2022/tp/20220704_pf.grib,63e353f6cf0738ad44166e7ec7fd93f146dca3970d77027ba34102673ea09be8
ecmwf,forecast,2022-07-04,cf,t2m,daily_mean_t2m,all_returned_cycle_dependent,planned,/storage/raj.ayush/s2s_final_data/final_iteration/raw/ecmwf/forecast/jjas2022/t2m/20220704_cf.grib,5aba5df15d37cfaed95c78ccbb00d6c2ee2f6c780824dffed5152b1ea90597d5
ecmwf,forecast,2022-07-04,pf,t2m,daily_mean_t2m,all_returned_cycle_dependent,planned,/storage/raj.ayush/s2s_final_data/final_iteration/raw/ecmwf/forecast/jjas2022/t2m/20220704_pf.grib,4e27164341cff51f7cfe9661d0d2aef1a5704993f39d1212fd65aab45b836c8a
ecmwf,forecast,2022-07-07,cf,tp,not_applicable,all_returned_cycle_dependent,planned,/storage/raj.ayush/s2s_final_data/final_iteration/raw/ecmwf/forecast/jjas2022/tp/20220707_cf.grib,aa9e61669786584b7a8735a637ed203e47d4e324942858070d4207431a45d963
ecmwf,forecast,2022-07-07,pf,tp,not_applicable,all_returned_cycle_dependent,planned,/storage/raj.ayush/s2s_final_data/final_iteration/raw/ecmwf/forecast/jjas2022/tp/20220707_pf.grib,0d40065544d50fd716e969f853b636edba6a6861c5fe26520d1d7da364a33bec
ecmwf,forecast,2022-07-07,cf,t2m,daily_mean_t2m,all_returned_cycle_dependent,planned,/storage/raj.ayush/s2s_final_data/final_iteration/raw/ecmwf/forecast/jjas2022/t2m/20220707_cf.grib,dff69c4920bab68581331e0c45aca892eeebb285579236b3b7424225ade97f2a
ecmwf,forecast,2022-07-07,pf,t2m,daily_mean_t2m,all_returned_cycle_dependent,planned,/storage/raj.ayush/s2s_final_data/final_iteration/raw/ecmwf/forecast/jjas2022/t2m/20220707_pf.grib,6960d1384c21cf5de7414fe61b26af7b10262e88217d3756740d0e51cf9cf68f
ecmwf,forecast,2022-07-11,cf,tp,not_applicable,all_returned_cycle_dependent,planned,/storage/raj.ayush/s2s_final_data/final_iteration/raw/ecmwf/forecast/jjas2022/tp/20220711_cf.grib,3bfba0c41468c6a0d3ed637705f269cf333b37cc4e5471c938eb089e6be6ae33
ecmwf,forecast,2022-07-11,pf,tp,not_applicable,all_returned_cycle_dependent,planned,/storage/raj.ayush/s2s_final_data/final_iteration/raw/ecmwf/forecast/jjas2022/tp/20220711_pf.grib,ba0f34ac325b019386e6452cd14854e637d16f5f071d501bd1ff5e2a8441ff4f
ecmwf,forecast,2022-07-11,cf,t2m,daily_mean_t2m,all_returned_cycle_dependent,planned,/storage/raj.ayush/s2s_final_data/final_iteration/raw/ecmwf/forecast/jjas2022/t2m/20220711_cf.grib,04af70f5d8c1bc535bd9056b1a38f15c59448671cba66101af985ea9c1c3ce34
ecmwf,forecast,2022-07-11,pf,t2m,daily_mean_t2m,all_returned_cycle_dependent,planned,/storage/raj.ayush/s2s_final_data/final_iteration/raw/ecmwf/forecast/jjas2022/t2m/20220711_pf.grib,8af4bb8ab89b3d81c53c3afb17c72297802e56232189e146fee5b358699088e5
ecmwf,forecast,2022-07-14,cf,tp,not_applicable,all_returned_cycle_dependent,planned,/storage/raj.ayush/s2s_final_data/final_iteration/raw/ecmwf/forecast/jjas2022/tp/20220714_cf.grib,e92a48c470c156f698f486a073b96e7e3166ddc305a62fa538d75680f05ff635
ecmwf,forecast,2022-07-14,pf,tp,not_applicable,all_returned_cycle_dependent,planned,/storage/raj.ayush/s2s_final_data/final_iteration/raw/ecmwf/forecast/jjas2022/tp/20220714_pf.grib,28fc222f1bcc235f586be52cdc4c5dc32781f010e0fd4003ca9ed2b97342138b
ecmwf,forecast,2022-07-14,cf,t2m,daily_mean_t2m,all_returned_cycle_dependent,planned,/storage/raj.ayush/s2s_final_data/final_iteration/raw/ecmwf/forecast/jjas2022/t2m/20220714_cf.grib,e89b1243fd34c71f0f1942c84adccefc3fdfd33897a1cab7d3a864303c631b99
ecmwf,forecast,2022-07-14,pf,t2m,daily_mean_t2m,all_returned_cycle_dependent,planned,/storage/raj.ayush/s2s_final_data/final_iteration/raw/ecmwf/forecast/jjas2022/t2m/20220714_pf.grib,07271d97b7a1ccc3b288edb530ef3b6fd2b95b70ce312afedf31b89b13fbbbf0
ecmwf,forecast,2022-07-18,cf,tp,not_applicable,all_returned_cycle_dependent,planned,/storage/raj.ayush/s2s_final_data/final_iteration/raw/ecmwf/forecast/jjas2022/tp/20220718_cf.grib,694fe712d9f1b2600a59fde3fbc5f2112ae2a5ac236a2829608421e46e597e3c
ecmwf,forecast,2022-07-18,pf,tp,not_applicable,all_returned_cycle_dependent,planned,/storage/raj.ayush/s2s_final_data/final_iteration/raw/ecmwf/forecast/jjas2022/tp/20220718_pf.grib,f0bdfa7092037e8ea733bce67f2b755f21d265e1ded132a2e4e04e9f5bdb7e7b
ecmwf,forecast,2022-07-18,cf,t2m,daily_mean_t2m,all_returned_cycle_dependent,planned,/storage/raj.ayush/s2s_final_data/final_iteration/raw/ecmwf/forecast/jjas2022/t2m/20220718_cf.grib,c5561f2c5a3bd4ba8e2bc7d8844662dd21ff04a22fdda204712b13fec6d19451
ecmwf,forecast,2022-07-18,pf,t2m,daily_mean_t2m,all_returned_cycle_dependent,planned,/storage/raj.ayush/s2s_final_data/final_iteration/raw/ecmwf/forecast/jjas2022/t2m/20220718_pf.grib,4e02f0e9e8c9ee7772e9368fab01781ab8757e1299fb6c022164bfeca034e082
ecmwf,forecast,2022-07-21,cf,tp,not_applicable,all_returned_cycle_dependent,planned,/storage/raj.ayush/s2s_final_data/final_iteration/raw/ecmwf/forecast/jjas2022/tp/20220721_cf.grib,2eb24856358fc8a633d89210c6f788c4d2e0716349dab4fbed5251e2fa3b4dfd
ecmwf,forecast,2022-07-21,pf,tp,not_applicable,all_returned_cycle_dependent,planned,/storage/raj.ayush/s2s_final_data/final_iteration/raw/ecmwf/forecast/jjas2022/tp/20220721_pf.grib,423000f887650623a46304df934da082d87a0c09790fbfd0e015ac8f578f55d7
ecmwf,forecast,2022-07-21,cf,t2m,daily_mean_t2m,all_returned_cycle_dependent,planned,/storage/raj.ayush/s2s_final_data/final_iteration/raw/ecmwf/forecast/jjas2022/t2m/20220721_cf.grib,16986aee725c7cce5d1dedd86d3e4fd782b0d852fd3ca74c37f0424669e99073
ecmwf,forecast,2022-07-21,pf,t2m,daily_mean_t2m,all_returned_cycle_dependent,planned,/storage/raj.ayush/s2s_final_data/final_iteration/raw/ecmwf/forecast/jjas2022/t2m/20220721_pf.grib,9876d89d7793a2e0a5e1a753e3aa438ecd1e7f1b80e9fc25efcef493a8de5f60
ecmwf,forecast,2022-07-25,cf,tp,not_applicable,all_returned_cycle_dependent,planned,/storage/raj.ayush/s2s_final_data/final_iteration/raw/ecmwf/forecast/jjas2022/tp/20220725_cf.grib,d8f9baa5040013dbbaf44aa38af9891ffa5a7b68b4fcd6ff8d1331267cca3f08
ecmwf,forecast,2022-07-25,pf,tp,not_applicable,all_returned_cycle_dependent,planned,/storage/raj.ayush/s2s_final_data/final_iteration/raw/ecmwf/forecast/jjas2022/tp/20220725_pf.grib,472a91ccb466a42c780d8b2a0bdc3c8c4ee59513aff900e833b7137625b01405
ecmwf,forecast,2022-07-25,cf,t2m,daily_mean_t2m,all_returned_cycle_dependent,planned,/storage/raj.ayush/s2s_final_data/final_iteration/raw/ecmwf/forecast/jjas2022/t2m/20220725_cf.grib,07dab6a8404ee14fc4600477a0b2c082d18b2293f17dd0b370be8987f0ff58f5
ecmwf,forecast,2022-07-25,pf,t2m,daily_mean_t2m,all_returned_cycle_dependent,planned,/storage/raj.ayush/s2s_final_data/final_iteration/raw/ecmwf/forecast/jjas2022/t2m/20220725_pf.grib,82116d5c6d8e2a9149512007a06d40951b65a614f1168e67f04e519afe84b607
ecmwf,forecast,2022-07-28,cf,tp,not_applicable,all_returned_cycle_dependent,planned,/storage/raj.ayush/s2s_final_data/final_iteration/raw/ecmwf/forecast/jjas2022/tp/20220728_cf.grib,7ed7eaeae6c1b1a2ed06a1c457e0b3f78928c94d7582efd908b83526201f9ca8
ecmwf,forecast,2022-07-28,pf,tp,not_applicable,all_returned_cycle_dependent,planned,/storage/raj.ayush/s2s_final_data/final_iteration/raw/ecmwf/forecast/jjas2022/tp/20220728_pf.grib,19554f80121ccaf8b23c42210df92e17ef9d02d85e0c07d8ca31ce48a9319405
ecmwf,forecast,2022-07-28,cf,t2m,daily_mean_t2m,all_returned_cycle_dependent,planned,/storage/raj.ayush/s2s_final_data/final_iteration/raw/ecmwf/forecast/jjas2022/t2m/20220728_cf.grib,d26ebb5b2a35f6efeb70b5504e6bd8b777708a962bea4c6844cfe526b1676d8b
ecmwf,forecast,2022-07-28,pf,t2m,daily_mean_t2m,all_returned_cycle_dependent,planned,/storage/raj.ayush/s2s_final_data/final_iteration/raw/ecmwf/forecast/jjas2022/t2m/20220728_pf.grib,ea955f18fb129690d235f5d46994f006767510e544fd212aefb6ae921087bdf4
ecmwf,forecast,2022-08-01,cf,tp,not_applicable,all_returned_cycle_dependent,planned,/storage/raj.ayush/s2s_final_data/final_iteration/raw/ecmwf/forecast/jjas2022/tp/20220801_cf.grib,e509df636fdc78e1143c7f398fe34f1187c1b98c0de6e55ccb0ef73bb144480d
ecmwf,forecast,2022-08-01,pf,tp,not_applicable,all_returned_cycle_dependent,planned,/storage/raj.ayush/s2s_final_data/final_iteration/raw/ecmwf/forecast/jjas2022/tp/20220801_pf.grib,3562465b0985024bddbe84c5110c56abf555ab232cdc89e5018923f420ed9e80
ecmwf,forecast,2022-08-01,cf,t2m,daily_mean_t2m,all_returned_cycle_dependent,planned,/storage/raj.ayush/s2s_final_data/final_iteration/raw/ecmwf/forecast/jjas2022/t2m/20220801_cf.grib,57e6a360823d737177dfe362571114956b59b3a5bfa4974d77607de3e105b5e5
ecmwf,forecast,2022-08-01,pf,t2m,daily_mean_t2m,all_returned_cycle_dependent,planned,/storage/raj.ayush/s2s_final_data/final_iteration/raw/ecmwf/forecast/jjas2022/t2m/20220801_pf.grib,205ff79ab37db713f395cad80db638fb7b5ef6f83a12f6432fdd26d8d56e90a7
ecmwf,forecast,2022-08-04,cf,tp,not_applicable,all_returned_cycle_dependent,planned,/storage/raj.ayush/s2s_final_data/final_iteration/raw/ecmwf/forecast/jjas2022/tp/20220804_cf.grib,3458a10eea4955a284a2b21786592d9e97e51369a2571ab777ace73197457dc8
ecmwf,forecast,2022-08-04,pf,tp,not_applicable,all_returned_cycle_dependent,planned,/storage/raj.ayush/s2s_final_data/final_iteration/raw/ecmwf/forecast/jjas2022/tp/20220804_pf.grib,7687fa77567088a4f130f2c16cda1516b377b8873402ee984a2f8586cb098341
ecmwf,forecast,2022-08-04,cf,t2m,daily_mean_t2m,all_returned_cycle_dependent,planned,/storage/raj.ayush/s2s_final_data/final_iteration/raw/ecmwf/forecast/jjas2022/t2m/20220804_cf.grib,938c2e3181fe4548e60d8a167bc03d1a1697fbaab654442b6abe136e82c319e6
ecmwf,forecast,2022-08-04,pf,t2m,daily_mean_t2m,all_returned_cycle_dependent,planned,/storage/raj.ayush/s2s_final_data/final_iteration/raw/ecmwf/forecast/jjas2022/t2m/20220804_pf.grib,8b41b0e443d0ba852d5a562aa0d530d59952d2b5084576406811375bac994138
ecmwf,forecast,2022-08-08,cf,tp,not_applicable,all_returned_cycle_dependent,planned,/storage/raj.ayush/s2s_final_data/final_iteration/raw/ecmwf/forecast/jjas2022/tp/20220808_cf.grib,e00605efef8b592fe335650fb115c127f68e0f615bb52ce834de43eed30b13f8
ecmwf,forecast,2022-08-08,pf,tp,not_applicable,all_returned_cycle_dependent,planned,/storage/raj.ayush/s2s_final_data/final_iteration/raw/ecmwf/forecast/jjas2022/tp/20220808_pf.grib,2e76cfeb2646e4c2781ffa77cc974dc9cbd6fea074f25cfcf926c9daff864511
ecmwf,forecast,2022-08-08,cf,t2m,daily_mean_t2m,all_returned_cycle_dependent,planned,/storage/raj.ayush/s2s_final_data/final_iteration/raw/ecmwf/forecast/jjas2022/t2m/20220808_cf.grib,6a77ea4991f657ad2a2a6738756da57ed003b45743d370c90d9e42e23c7012be
ecmwf,forecast,2022-08-08,pf,t2m,daily_mean_t2m,all_returned_cycle_dependent,planned,/storage/raj.ayush/s2s_final_data/final_iteration/raw/ecmwf/forecast/jjas2022/t2m/20220808_pf.grib,5b141784bd4f63d019f04f52d522d4bdea9ec0cf949babbfaa6a805678d27f99
ecmwf,forecast,2022-08-11,cf,tp,not_applicable,all_returned_cycle_dependent,planned,/storage/raj.ayush/s2s_final_data/final_iteration/raw/ecmwf/forecast/jjas2022/tp/20220811_cf.grib,9c532e512d503100db7689b6d3ed5a3f59b3036d71e943fa998ac65f7785bef8
ecmwf,forecast,2022-08-11,pf,tp,not_applicable,all_returned_cycle_dependent,planned,/storage/raj.ayush/s2s_final_data/final_iteration/raw/ecmwf/forecast/jjas2022/tp/20220811_pf.grib,66c0f307adfa0551dc98ece7a6ebc1ea286a33bc5158f43078b571d60c0f9c01
ecmwf,forecast,2022-08-11,cf,t2m,daily_mean_t2m,all_returned_cycle_dependent,planned,/storage/raj.ayush/s2s_final_data/final_iteration/raw/ecmwf/forecast/jjas2022/t2m/20220811_cf.grib,a25447d1c40ea791cf7bee0e23cea7a344d48edb2025073f2f192e9c5e31a75f
ecmwf,forecast,2022-08-11,pf,t2m,daily_mean_t2m,all_returned_cycle_dependent,planned,/storage/raj.ayush/s2s_final_data/final_iteration/raw/ecmwf/forecast/jjas2022/t2m/20220811_pf.grib,231cfe673476279b9e8fb25e16810bc45bb15b4dd2039601d3398d912628d77d
ecmwf,forecast,2022-08-15,cf,tp,not_applicable,all_returned_cycle_dependent,planned,/storage/raj.ayush/s2s_final_data/final_iteration/raw/ecmwf/forecast/jjas2022/tp/20220815_cf.grib,33759ae7d8484386c059f48f14c15e3866c9ec04df2f417a0832ce854c7041bb
ecmwf,forecast,2022-08-15,pf,tp,not_applicable,all_returned_cycle_dependent,planned,/storage/raj.ayush/s2s_final_data/final_iteration/raw/ecmwf/forecast/jjas2022/tp/20220815_pf.grib,3a4a8f58a538b366ab6d65d49da0807f4919d86ff03eb9efece9dfd07b36424a
ecmwf,forecast,2022-08-15,cf,t2m,daily_mean_t2m,all_returned_cycle_dependent,planned,/storage/raj.ayush/s2s_final_data/final_iteration/raw/ecmwf/forecast/jjas2022/t2m/20220815_cf.grib,59aa78215a0bc4c8642bc3367571cfc23876d523bf9ac5b523d1cf4706a61f90
ecmwf,forecast,2022-08-15,pf,t2m,daily_mean_t2m,all_returned_cycle_dependent,planned,/storage/raj.ayush/s2s_final_data/final_iteration/raw/ecmwf/forecast/jjas2022/t2m/20220815_pf.grib,ec67f3a1147f2a084ca8f7135e4d1aea9f327d92e69d8346fd374a6156ccf810
ecmwf,forecast,2022-08-18,cf,tp,not_applicable,all_returned_cycle_dependent,planned,/storage/raj.ayush/s2s_final_data/final_iteration/raw/ecmwf/forecast/jjas2022/tp/20220818_cf.grib,d7f9d6b1b133fee69dbcf0c4397bd0158e20eec676d50a2a91d7795a85fd388c
ecmwf,forecast,2022-08-18,pf,tp,not_applicable,all_returned_cycle_dependent,planned,/storage/raj.ayush/s2s_final_data/final_iteration/raw/ecmwf/forecast/jjas2022/tp/20220818_pf.grib,018198e84d42dcd8cc402cdb0e0866f87712ad7ce7bbae003fc88526637aeaa3
ecmwf,forecast,2022-08-18,cf,t2m,daily_mean_t2m,all_returned_cycle_dependent,planned,/storage/raj.ayush/s2s_final_data/final_iteration/raw/ecmwf/forecast/jjas2022/t2m/20220818_cf.grib,cec2aff0ebc69f3948104a5b92475e1fe2ad64917fcb2dbcf0ecc2738c545d98
ecmwf,forecast,2022-08-18,pf,t2m,daily_mean_t2m,all_returned_cycle_dependent,planned,/storage/raj.ayush/s2s_final_data/final_iteration/raw/ecmwf/forecast/jjas2022/t2m/20220818_pf.grib,65fc92f13a3722ef1df76fec6383f9803b2687498f44c45443629f703c565170
ecmwf,forecast,2022-08-22,cf,tp,not_applicable,all_returned_cycle_dependent,planned,/storage/raj.ayush/s2s_final_data/final_iteration/raw/ecmwf/forecast/jjas2022/tp/20220822_cf.grib,f4799899f3b819e78e8a9db363fc5e1457488756cc98a92dc70ceb2d69e8edab
ecmwf,forecast,2022-08-22,pf,tp,not_applicable,all_returned_cycle_dependent,planned,/storage/raj.ayush/s2s_final_data/final_iteration/raw/ecmwf/forecast/jjas2022/tp/20220822_pf.grib,642d3baf10ac088bd22f8c43a116c0e79e24106cba6d60b65d2b3cf25f570801
ecmwf,forecast,2022-08-22,cf,t2m,daily_mean_t2m,all_returned_cycle_dependent,planned,/storage/raj.ayush/s2s_final_data/final_iteration/raw/ecmwf/forecast/jjas2022/t2m/20220822_cf.grib,4334f5e0b5ddbe696d41ac47e5e65a2fd976e3e0a823639b936115914be62a7c
ecmwf,forecast,2022-08-22,pf,t2m,daily_mean_t2m,all_returned_cycle_dependent,planned,/storage/raj.ayush/s2s_final_data/final_iteration/raw/ecmwf/forecast/jjas2022/t2m/20220822_pf.grib,ebba611bfad2fb416c9a032a113455f702f74767166870f3f582fa1a501ca7b7
ecmwf,forecast,2022-08-25,cf,tp,not_applicable,all_returned_cycle_dependent,planned,/storage/raj.ayush/s2s_final_data/final_iteration/raw/ecmwf/forecast/jjas2022/tp/20220825_cf.grib,4186f4f2c80eaa26095586918baa764e824aae6c9d6873d2d5c20c7f95ff9515
ecmwf,forecast,2022-08-25,pf,tp,not_applicable,all_returned_cycle_dependent,planned,/storage/raj.ayush/s2s_final_data/final_iteration/raw/ecmwf/forecast/jjas2022/tp/20220825_pf.grib,475c5a08e4e631e84c95f8a2990ed3ef7e2eb5c961a346881078fdb33d5185ce
ecmwf,forecast,2022-08-25,cf,t2m,daily_mean_t2m,all_returned_cycle_dependent,planned,/storage/raj.ayush/s2s_final_data/final_iteration/raw/ecmwf/forecast/jjas2022/t2m/20220825_cf.grib,4cbc4d253d21e6b5cef9c9d9e381900280024aa3be24a13ba527fd393d7a8b3b
ecmwf,forecast,2022-08-25,pf,t2m,daily_mean_t2m,all_returned_cycle_dependent,planned,/storage/raj.ayush/s2s_final_data/final_iteration/raw/ecmwf/forecast/jjas2022/t2m/20220825_pf.grib,b64a497667f2a0fa95b0385fbd65db36e91f4610fdfa19d4ac76770b951f5b69
ecmwf,forecast,2022-08-29,cf,tp,not_applicable,all_returned_cycle_dependent,planned,/storage/raj.ayush/s2s_final_data/final_iteration/raw/ecmwf/forecast/jjas2022/tp/20220829_cf.grib,5e0058a76edfe9ff20fdf2f69a2804d61cba0c07c92f1f32dd1d4bb5336760ec
ecmwf,forecast,2022-08-29,pf,tp,not_applicable,all_returned_cycle_dependent,planned,/storage/raj.ayush/s2s_final_data/final_iteration/raw/ecmwf/forecast/jjas2022/tp/20220829_pf.grib,e252acb28a944baa2505ae131df0abbd3c262349e7efca0847554e9e56360302
ecmwf,forecast,2022-08-29,cf,t2m,daily_mean_t2m,all_returned_cycle_dependent,planned,/storage/raj.ayush/s2s_final_data/final_iteration/raw/ecmwf/forecast/jjas2022/t2m/20220829_cf.grib,6d48cecfe482efcaf7b5cb1898d5bea6ad4f9e01ef1df6a0e997a06626ff1129
ecmwf,forecast,2022-08-29,pf,t2m,daily_mean_t2m,all_returned_cycle_dependent,planned,/storage/raj.ayush/s2s_final_data/final_iteration/raw/ecmwf/forecast/jjas2022/t2m/20220829_pf.grib,f9a2c79ab0b6b72bb35eb8bd410b51c007ada4bfef3571c237eb97042e0ae98f
ecmwf,forecast,2022-09-01,cf,tp,not_applicable,all_returned_cycle_dependent,planned,/storage/raj.ayush/s2s_final_data/final_iteration/raw/ecmwf/forecast/jjas2022/tp/20220901_cf.grib,c13d7a51df2a6a5b1958a3200c34ea8dbbb82669ec8bca282e83bbf85a110aaf
ecmwf,forecast,2022-09-01,pf,tp,not_applicable,all_returned_cycle_dependent,planned,/storage/raj.ayush/s2s_final_data/final_iteration/raw/ecmwf/forecast/jjas2022/tp/20220901_pf.grib,03ae5c9f0ee5b2856c5286413761bfb21eb343c7394f70acadfb4c09ab53170d
ecmwf,forecast,2022-09-01,cf,t2m,daily_mean_t2m,all_returned_cycle_dependent,planned,/storage/raj.ayush/s2s_final_data/final_iteration/raw/ecmwf/forecast/jjas2022/t2m/20220901_cf.grib,c2ad91168361b86130f692e4c71f7aa7e25a56eb9772de96fc4723ebdea801aa
ecmwf,forecast,2022-09-01,pf,t2m,daily_mean_t2m,all_returned_cycle_dependent,planned,/storage/raj.ayush/s2s_final_data/final_iteration/raw/ecmwf/forecast/jjas2022/t2m/20220901_pf.grib,6f9f193740bcdaaaf38e5bce9c66f9c01c86b7c9bb64dc21544e7a0e56486d4d
ecmwf,forecast,2022-09-05,cf,tp,not_applicable,all_returned_cycle_dependent,planned,/storage/raj.ayush/s2s_final_data/final_iteration/raw/ecmwf/forecast/jjas2022/tp/20220905_cf.grib,3484b5672169d609dbafb4e331728d0b4fe0514adcffc4cb6b0c7b5ed2f81d73
ecmwf,forecast,2022-09-05,pf,tp,not_applicable,all_returned_cycle_dependent,planned,/storage/raj.ayush/s2s_final_data/final_iteration/raw/ecmwf/forecast/jjas2022/tp/20220905_pf.grib,0763c93ebb0c36d7bef575c16c209151d4b5cb37772ca7c9624398410dddf650
ecmwf,forecast,2022-09-05,cf,t2m,daily_mean_t2m,all_returned_cycle_dependent,planned,/storage/raj.ayush/s2s_final_data/final_iteration/raw/ecmwf/forecast/jjas2022/t2m/20220905_cf.grib,afa8a97924aa6a2d9d1fa07a8f48d7432db5a12e435c11770d39ee991451d639
ecmwf,forecast,2022-09-05,pf,t2m,daily_mean_t2m,all_returned_cycle_dependent,planned,/storage/raj.ayush/s2s_final_data/final_iteration/raw/ecmwf/forecast/jjas2022/t2m/20220905_pf.grib,1e89c37eb5bc425ad23e64cba60d090a980fab9c038df47e1e68a9ddda6729dd
ecmwf,forecast,2022-09-08,cf,tp,not_applicable,all_returned_cycle_dependent,planned,/storage/raj.ayush/s2s_final_data/final_iteration/raw/ecmwf/forecast/jjas2022/tp/20220908_cf.grib,404836a6212217fd5df40a9febb9f84acacb396f30ffe73209ac1e06a070269d
ecmwf,forecast,2022-09-08,pf,tp,not_applicable,all_returned_cycle_dependent,planned,/storage/raj.ayush/s2s_final_data/final_iteration/raw/ecmwf/forecast/jjas2022/tp/20220908_pf.grib,714f4d23c31f559c3c47f8bd077bb0561b8d87015fedddcdfcdc389117153792
ecmwf,forecast,2022-09-08,cf,t2m,daily_mean_t2m,all_returned_cycle_dependent,planned,/storage/raj.ayush/s2s_final_data/final_iteration/raw/ecmwf/forecast/jjas2022/t2m/20220908_cf.grib,c3d98e93b9081fe1f782e6b7b3d8ea4616782ea98b6afb3101b0d88516a7f569
ecmwf,forecast,2022-09-08,pf,t2m,daily_mean_t2m,all_returned_cycle_dependent,planned,/storage/raj.ayush/s2s_final_data/final_iteration/raw/ecmwf/forecast/jjas2022/t2m/20220908_pf.grib,05f9642b1b5387264407cabddbb7b7f9d1f95b72965fe30bdfd11f1214ad2891
ecmwf,forecast,2022-09-12,cf,tp,not_applicable,all_returned_cycle_dependent,planned,/storage/raj.ayush/s2s_final_data/final_iteration/raw/ecmwf/forecast/jjas2022/tp/20220912_cf.grib,d2e313c660f7f14fa736ff97536b31d6ba079bd79a154cecbd1d3a2fc745b904
ecmwf,forecast,2022-09-12,pf,tp,not_applicable,all_returned_cycle_dependent,planned,/storage/raj.ayush/s2s_final_data/final_iteration/raw/ecmwf/forecast/jjas2022/tp/20220912_pf.grib,be43c1f7306d373717d442386ad0aad5795a29381663e31e09cb06687fccf27b
ecmwf,forecast,2022-09-12,cf,t2m,daily_mean_t2m,all_returned_cycle_dependent,planned,/storage/raj.ayush/s2s_final_data/final_iteration/raw/ecmwf/forecast/jjas2022/t2m/20220912_cf.grib,8619c6f2cf7bcfbd85f9981e0ff2e2565f682915a8c5236a22a289cdf438707f
ecmwf,forecast,2022-09-12,pf,t2m,daily_mean_t2m,all_returned_cycle_dependent,planned,/storage/raj.ayush/s2s_final_data/final_iteration/raw/ecmwf/forecast/jjas2022/t2m/20220912_pf.grib,4214441f2ac9358280f55bd259027d0ac7eaa98a497c6fa395c1687c21d8bf67
ecmwf,forecast,2022-09-15,cf,tp,not_applicable,all_returned_cycle_dependent,planned,/storage/raj.ayush/s2s_final_data/final_iteration/raw/ecmwf/forecast/jjas2022/tp/20220915_cf.grib,c742d9b8ecc8fe9774e76344b6a91d65a103e9670f71bcca8794f87023a8ea90
ecmwf,forecast,2022-09-15,pf,tp,not_applicable,all_returned_cycle_dependent,planned,/storage/raj.ayush/s2s_final_data/final_iteration/raw/ecmwf/forecast/jjas2022/tp/20220915_pf.grib,e40fc37590eebd539aca82a35c20d636a0bec6e0a8884b70cc3174ffa8212a47
ecmwf,forecast,2022-09-15,cf,t2m,daily_mean_t2m,all_returned_cycle_dependent,planned,/storage/raj.ayush/s2s_final_data/final_iteration/raw/ecmwf/forecast/jjas2022/t2m/20220915_cf.grib,718a5da59bfb3b5fe7ee11558a43103a72835a97098b15050fb3fda980c6fae2
ecmwf,forecast,2022-09-15,pf,t2m,daily_mean_t2m,all_returned_cycle_dependent,planned,/storage/raj.ayush/s2s_final_data/final_iteration/raw/ecmwf/forecast/jjas2022/t2m/20220915_pf.grib,e2a4fc28a9c52c67e12efcf26d2651a5f964d8db4b02bc147d2060225b1db3f3
ecmwf,forecast,2022-09-19,cf,tp,not_applicable,all_returned_cycle_dependent,planned,/storage/raj.ayush/s2s_final_data/final_iteration/raw/ecmwf/forecast/jjas2022/tp/20220919_cf.grib,27ce1c006654d600cf83e9e440038187bc4ac5853e86701c07f9636eca1bdce9
ecmwf,forecast,2022-09-19,pf,tp,not_applicable,all_returned_cycle_dependent,planned,/storage/raj.ayush/s2s_final_data/final_iteration/raw/ecmwf/forecast/jjas2022/tp/20220919_pf.grib,b8405423d976fc05f013e9297c0c0f4069bf90166f328df8950e7f98654d4175
ecmwf,forecast,2022-09-19,cf,t2m,daily_mean_t2m,all_returned_cycle_dependent,planned,/storage/raj.ayush/s2s_final_data/final_iteration/raw/ecmwf/forecast/jjas2022/t2m/20220919_cf.grib,e4a75d49070c362e2ecc2c23b1d00e20cade221788f67eb7e0c501863ae834df
ecmwf,forecast,2022-09-19,pf,t2m,daily_mean_t2m,all_returned_cycle_dependent,planned,/storage/raj.ayush/s2s_final_data/final_iteration/raw/ecmwf/forecast/jjas2022/t2m/20220919_pf.grib,1d23dc2b6b28d64bae2f78808c2d3f564a528593f80b7f98495ffc31016cbe31
ecmwf,forecast,2022-09-22,cf,tp,not_applicable,all_returned_cycle_dependent,planned,/storage/raj.ayush/s2s_final_data/final_iteration/raw/ecmwf/forecast/jjas2022/tp/20220922_cf.grib,e1c85e2bb99b41a096ee9c0625295c2f57444e58b3a88c1dac5f7e196bc560b8
ecmwf,forecast,2022-09-22,pf,tp,not_applicable,all_returned_cycle_dependent,planned,/storage/raj.ayush/s2s_final_data/final_iteration/raw/ecmwf/forecast/jjas2022/tp/20220922_pf.grib,0d756ff2338fbe81f570e5a1ad07a323a4629c0bc1dc0ae8162366bfe0eda7bc
ecmwf,forecast,2022-09-22,cf,t2m,daily_mean_t2m,all_returned_cycle_dependent,planned,/storage/raj.ayush/s2s_final_data/final_iteration/raw/ecmwf/forecast/jjas2022/t2m/20220922_cf.grib,74405da97c463b86fef107c5305de4eb62c26c072b2ad3dbb3fadae64adcef2c
ecmwf,forecast,2022-09-22,pf,t2m,daily_mean_t2m,all_returned_cycle_dependent,planned,/storage/raj.ayush/s2s_final_data/final_iteration/raw/ecmwf/forecast/jjas2022/t2m/20220922_pf.grib,7b8927b4b7bcdfb77226e93d832e945a08eda5fee5000fdc24a3a340979c55ef
ecmwf,forecast,2022-09-26,cf,tp,not_applicable,all_returned_cycle_dependent,planned,/storage/raj.ayush/s2s_final_data/final_iteration/raw/ecmwf/forecast/jjas2022/tp/20220926_cf.grib,e337333afc357d21ae4d1ae46e94cca7e7d083ebce0bff03b4681fd587823e07
ecmwf,forecast,2022-09-26,pf,tp,not_applicable,all_returned_cycle_dependent,planned,/storage/raj.ayush/s2s_final_data/final_iteration/raw/ecmwf/forecast/jjas2022/tp/20220926_pf.grib,8203a5b80ac3095606964a27b6f7d9a48bdae01f4bec0d4f1247604d8bb8f80e
ecmwf,forecast,2022-09-26,cf,t2m,daily_mean_t2m,all_returned_cycle_dependent,planned,/storage/raj.ayush/s2s_final_data/final_iteration/raw/ecmwf/forecast/jjas2022/t2m/20220926_cf.grib,54bc0c939f7d04b5d5184704ec93c6c278bce6c3d10ae30310978b7dbd5a350a
ecmwf,forecast,2022-09-26,pf,t2m,daily_mean_t2m,all_returned_cycle_dependent,planned,/storage/raj.ayush/s2s_final_data/final_iteration/raw/ecmwf/forecast/jjas2022/t2m/20220926_pf.grib,dc3e5e8f32dae9656abfeac940a808f7ac96abfddd37452cced757f9f78597cf
ecmwf,forecast,2022-09-29,cf,tp,not_applicable,all_returned_cycle_dependent,planned,/storage/raj.ayush/s2s_final_data/final_iteration/raw/ecmwf/forecast/jjas2022/tp/20220929_cf.grib,7d8ef91801c433de5c16b118e2cbfc5ac7a3b4dfb3aab3540d0082fe00d9d0ff
ecmwf,forecast,2022-09-29,pf,tp,not_applicable,all_returned_cycle_dependent,planned,/storage/raj.ayush/s2s_final_data/final_iteration/raw/ecmwf/forecast/jjas2022/tp/20220929_pf.grib,ebdfcf10a379fec4456952ff7605de116c8314fc94525c40621a1e11d98e690a
ecmwf,forecast,2022-09-29,cf,t2m,daily_mean_t2m,all_returned_cycle_dependent,planned,/storage/raj.ayush/s2s_final_data/final_iteration/raw/ecmwf/forecast/jjas2022/t2m/20220929_cf.grib,56b707f0c46a8c275419d30d384afcc3b77a5c8e3ccabe0944d7b7ae4cd8fc5c
ecmwf,forecast,2022-09-29,pf,t2m,daily_mean_t2m,all_returned_cycle_dependent,planned,/storage/raj.ayush/s2s_final_data/final_iteration/raw/ecmwf/forecast/jjas2022/t2m/20220929_pf.grib,bae048bb5f0d3791ab40da19d48897f1d076656cff821738e092412ea899b2bd
ecmwf,forecast,2023-06-01,cf,tp,not_applicable,all_returned_cycle_dependent,planned,/storage/raj.ayush/s2s_final_data/final_iteration/raw/ecmwf/forecast/jjas2023/tp/20230601_cf.grib,86a25c6e23737cb8b497b9552e7510a81ca0a845ec05ac8b877cab9c6eb2575b
ecmwf,forecast,2023-06-01,pf,tp,not_applicable,all_returned_cycle_dependent,planned,/storage/raj.ayush/s2s_final_data/final_iteration/raw/ecmwf/forecast/jjas2023/tp/20230601_pf.grib,a63d4aea41d26e60fac40cc012b62fb472fd04ee0a16f2f12c96e1002c4d6326
ecmwf,forecast,2023-06-01,cf,t2m,daily_mean_t2m,all_returned_cycle_dependent,planned,/storage/raj.ayush/s2s_final_data/final_iteration/raw/ecmwf/forecast/jjas2023/t2m/20230601_cf.grib,fe204d0609748467b4b495c354b8d7db8583c3e2e6aec5f748209781559cf56b
ecmwf,forecast,2023-06-01,pf,t2m,daily_mean_t2m,all_returned_cycle_dependent,planned,/storage/raj.ayush/s2s_final_data/final_iteration/raw/ecmwf/forecast/jjas2023/t2m/20230601_pf.grib,5dff7e81434ac1f409064f891df5ec46a4752bd61150762b198a24a730495ff9
ecmwf,forecast,2023-06-05,cf,tp,not_applicable,all_returned_cycle_dependent,planned,/storage/raj.ayush/s2s_final_data/final_iteration/raw/ecmwf/forecast/jjas2023/tp/20230605_cf.grib,2fe41490c38c78b1f3fdb7797bd5578a0fcaa47639e14deb5c83bf043a04dbac
ecmwf,forecast,2023-06-05,pf,tp,not_applicable,all_returned_cycle_dependent,planned,/storage/raj.ayush/s2s_final_data/final_iteration/raw/ecmwf/forecast/jjas2023/tp/20230605_pf.grib,3b145e681055c5762109da211c1b8e82c02eb9a2459c9228dda9bf6b2386809b
ecmwf,forecast,2023-06-05,cf,t2m,daily_mean_t2m,all_returned_cycle_dependent,planned,/storage/raj.ayush/s2s_final_data/final_iteration/raw/ecmwf/forecast/jjas2023/t2m/20230605_cf.grib,e56c21f3a2547f885e3443cf2d0b4415c73dd8c141b9697e6dc734053f976cb3
ecmwf,forecast,2023-06-05,pf,t2m,daily_mean_t2m,all_returned_cycle_dependent,planned,/storage/raj.ayush/s2s_final_data/final_iteration/raw/ecmwf/forecast/jjas2023/t2m/20230605_pf.grib,479aefb61d14a7af05094b7423e07bf7a08662490e427b26399e4fe6fa8b5553
ecmwf,forecast,2023-06-08,cf,tp,not_applicable,all_returned_cycle_dependent,planned,/storage/raj.ayush/s2s_final_data/final_iteration/raw/ecmwf/forecast/jjas2023/tp/20230608_cf.grib,ee04aa9aa34fcd51a47a70a6732c89a06305311f4ad7909374d6c961412c41e0
ecmwf,forecast,2023-06-08,pf,tp,not_applicable,all_returned_cycle_dependent,planned,/storage/raj.ayush/s2s_final_data/final_iteration/raw/ecmwf/forecast/jjas2023/tp/20230608_pf.grib,879a1743105d75f12b03f95fb8192f9016405dede1f3a547fcf3ba6cbd9c469a
ecmwf,forecast,2023-06-08,cf,t2m,daily_mean_t2m,all_returned_cycle_dependent,planned,/storage/raj.ayush/s2s_final_data/final_iteration/raw/ecmwf/forecast/jjas2023/t2m/20230608_cf.grib,6fe6403c1b91b13c426be0d8175fc9504cbcf566454540777855ca4800c3cee0
ecmwf,forecast,2023-06-08,pf,t2m,daily_mean_t2m,all_returned_cycle_dependent,planned,/storage/raj.ayush/s2s_final_data/final_iteration/raw/ecmwf/forecast/jjas2023/t2m/20230608_pf.grib,bb43f85dd2133c5d4925f2a47d143f1fac56c20abb883a3f77e74e7c9b154595
ecmwf,forecast,2023-06-12,cf,tp,not_applicable,all_returned_cycle_dependent,planned,/storage/raj.ayush/s2s_final_data/final_iteration/raw/ecmwf/forecast/jjas2023/tp/20230612_cf.grib,e8e79ca523fcac586270cfa312ebfa20d6a1fe46ee4e485abc60775ddc721b07
ecmwf,forecast,2023-06-12,pf,tp,not_applicable,all_returned_cycle_dependent,planned,/storage/raj.ayush/s2s_final_data/final_iteration/raw/ecmwf/forecast/jjas2023/tp/20230612_pf.grib,5bb1bf6a218ebb48206479969a2721b33c3af8bb0da636e11ea744321b49fd0f
ecmwf,forecast,2023-06-12,cf,t2m,daily_mean_t2m,all_returned_cycle_dependent,planned,/storage/raj.ayush/s2s_final_data/final_iteration/raw/ecmwf/forecast/jjas2023/t2m/20230612_cf.grib,0ab6effd568e8d357837d753076db5310180ccfa9baf4d59ecae9bbb692aaf41
ecmwf,forecast,2023-06-12,pf,t2m,daily_mean_t2m,all_returned_cycle_dependent,planned,/storage/raj.ayush/s2s_final_data/final_iteration/raw/ecmwf/forecast/jjas2023/t2m/20230612_pf.grib,669963b88da022d26d1d047993f637f72261dc5df50d1a3dbe2c273631a834d1
ecmwf,forecast,2023-06-15,cf,tp,not_applicable,all_returned_cycle_dependent,planned,/storage/raj.ayush/s2s_final_data/final_iteration/raw/ecmwf/forecast/jjas2023/tp/20230615_cf.grib,34e779fb16b3fa9a56b6249f382576b79e4d8a9d8080f14bb6657d5e8b69d100
ecmwf,forecast,2023-06-15,pf,tp,not_applicable,all_returned_cycle_dependent,planned,/storage/raj.ayush/s2s_final_data/final_iteration/raw/ecmwf/forecast/jjas2023/tp/20230615_pf.grib,1f9d54a6f6a3f4e88b28e506969ee9803c556a40731e91846b5e7e41759a1bd7
ecmwf,forecast,2023-06-15,cf,t2m,daily_mean_t2m,all_returned_cycle_dependent,planned,/storage/raj.ayush/s2s_final_data/final_iteration/raw/ecmwf/forecast/jjas2023/t2m/20230615_cf.grib,f97f1261158fdd2aa9a7675d681e4b43f5d204c3d58e298c5c48722d18899d79
ecmwf,forecast,2023-06-15,pf,t2m,daily_mean_t2m,all_returned_cycle_dependent,planned,/storage/raj.ayush/s2s_final_data/final_iteration/raw/ecmwf/forecast/jjas2023/t2m/20230615_pf.grib,262533f25b9c3d26f66983d7c329505498e083e169e2a1992d921584f8b06174
ecmwf,forecast,2023-06-19,cf,tp,not_applicable,all_returned_cycle_dependent,planned,/storage/raj.ayush/s2s_final_data/final_iteration/raw/ecmwf/forecast/jjas2023/tp/20230619_cf.grib,b23957639d2f0dccc94582734b58dfd2f13d7a7e6371a552b0cbf9e99be1309b
ecmwf,forecast,2023-06-19,pf,tp,not_applicable,all_returned_cycle_dependent,planned,/storage/raj.ayush/s2s_final_data/final_iteration/raw/ecmwf/forecast/jjas2023/tp/20230619_pf.grib,de64bce97ef315e1db56630ebcf700898c9e59d182874ccb5cb8b3551094cd8e
ecmwf,forecast,2023-06-19,cf,t2m,daily_mean_t2m,all_returned_cycle_dependent,planned,/storage/raj.ayush/s2s_final_data/final_iteration/raw/ecmwf/forecast/jjas2023/t2m/20230619_cf.grib,df01542479f71ad57560334cece9cf7bfb32a8e2b1c228e564df77599e2f06a3
ecmwf,forecast,2023-06-19,pf,t2m,daily_mean_t2m,all_returned_cycle_dependent,planned,/storage/raj.ayush/s2s_final_data/final_iteration/raw/ecmwf/forecast/jjas2023/t2m/20230619_pf.grib,28af7b07b0eff053b8ab94828d2387d9447ea95c07684f30d8ac334e8fbef52f
ecmwf,forecast,2023-06-22,cf,tp,not_applicable,all_returned_cycle_dependent,planned,/storage/raj.ayush/s2s_final_data/final_iteration/raw/ecmwf/forecast/jjas2023/tp/20230622_cf.grib,3d313a0f8ec498bfdd54537f7e639dcfdabf689ff4fa6f58ef25e84be2081a7f
ecmwf,forecast,2023-06-22,pf,tp,not_applicable,all_returned_cycle_dependent,planned,/storage/raj.ayush/s2s_final_data/final_iteration/raw/ecmwf/forecast/jjas2023/tp/20230622_pf.grib,1d1b196620ba3eaced5c4d09c934e29c2831639b61fa5ce4203c3155466ee262
ecmwf,forecast,2023-06-22,cf,t2m,daily_mean_t2m,all_returned_cycle_dependent,planned,/storage/raj.ayush/s2s_final_data/final_iteration/raw/ecmwf/forecast/jjas2023/t2m/20230622_cf.grib,cfa17fec940fca54cf2bb66e227bbfa5fbb2be6d1cfb9f7d44dc1bbe56d928b6
ecmwf,forecast,2023-06-22,pf,t2m,daily_mean_t2m,all_returned_cycle_dependent,planned,/storage/raj.ayush/s2s_final_data/final_iteration/raw/ecmwf/forecast/jjas2023/t2m/20230622_pf.grib,ace40653cac83e2b4ee682873bc38e0e4e90cc013731f9ccd2933227ba2c4858
ecmwf,forecast,2023-06-26,cf,tp,not_applicable,all_returned_cycle_dependent,planned,/storage/raj.ayush/s2s_final_data/final_iteration/raw/ecmwf/forecast/jjas2023/tp/20230626_cf.grib,08e2d1445183affd2ea58933daea3366cc9c22203f293d0553db5b67fa9d7ccc
ecmwf,forecast,2023-06-26,pf,tp,not_applicable,all_returned_cycle_dependent,planned,/storage/raj.ayush/s2s_final_data/final_iteration/raw/ecmwf/forecast/jjas2023/tp/20230626_pf.grib,958bfc7678f01ba32e54a7a666bc317b98b10021ce8ecf4b33d4675b40ea8134
ecmwf,forecast,2023-06-26,cf,t2m,daily_mean_t2m,all_returned_cycle_dependent,planned,/storage/raj.ayush/s2s_final_data/final_iteration/raw/ecmwf/forecast/jjas2023/t2m/20230626_cf.grib,968be856c38976c0f37781be84d5b705774dadb8bf93d8174a5934692e61b653
ecmwf,forecast,2023-06-26,pf,t2m,daily_mean_t2m,all_returned_cycle_dependent,planned,/storage/raj.ayush/s2s_final_data/final_iteration/raw/ecmwf/forecast/jjas2023/t2m/20230626_pf.grib,3a3485dd39c1987db749f5ee40ed42257acd65cad40bbc45254c523885b969ae
ecmwf,forecast,2023-06-30,cf,tp,not_applicable,all_returned_cycle_dependent,planned,/storage/raj.ayush/s2s_final_data/final_iteration/raw/ecmwf/forecast/jjas2023/tp/20230630_cf.grib,e34af3e78ab6e7d049bb3987b706223d5553eccc13d17699f6564ceb7804fe29
ecmwf,forecast,2023-06-30,pf,tp,not_applicable,all_returned_cycle_dependent,planned,/storage/raj.ayush/s2s_final_data/final_iteration/raw/ecmwf/forecast/jjas2023/tp/20230630_pf.grib,7d128d6e5a9d9f8f396797e474f6a6c916cba014063e3ed2b49a7e791edfdd47
ecmwf,forecast,2023-06-30,cf,t2m,daily_mean_t2m,all_returned_cycle_dependent,planned,/storage/raj.ayush/s2s_final_data/final_iteration/raw/ecmwf/forecast/jjas2023/t2m/20230630_cf.grib,42dce503dc83f43b033cd85a51493b5eb615adf887314a502f463150e8a8bccd
ecmwf,forecast,2023-06-30,pf,t2m,daily_mean_t2m,all_returned_cycle_dependent,planned,/storage/raj.ayush/s2s_final_data/final_iteration/raw/ecmwf/forecast/jjas2023/t2m/20230630_pf.grib,ec3b4c2e84ad3d3373496e828b56b59a46525e953519570445de0d8fdbef371a
ecmwf,forecast,2023-07-04,cf,tp,not_applicable,all_returned_cycle_dependent,planned,/storage/raj.ayush/s2s_final_data/final_iteration/raw/ecmwf/forecast/jjas2023/tp/20230704_cf.grib,f03fd1ed623c0ffff6cfbed346c0bfa4dcda33bc382b89bce05e68d3b34043f9
ecmwf,forecast,2023-07-04,pf,tp,not_applicable,all_returned_cycle_dependent,planned,/storage/raj.ayush/s2s_final_data/final_iteration/raw/ecmwf/forecast/jjas2023/tp/20230704_pf.grib,d885d28a5afcffd0c1f3d1fa58eb70f4231e39cbbe7518d6b19ae1bd87bb25d6
ecmwf,forecast,2023-07-04,cf,t2m,daily_mean_t2m,all_returned_cycle_dependent,planned,/storage/raj.ayush/s2s_final_data/final_iteration/raw/ecmwf/forecast/jjas2023/t2m/20230704_cf.grib,5742d520dee5708362a48648765515b340db5883ba6335ac2627b0d68ec96b06
ecmwf,forecast,2023-07-04,pf,t2m,daily_mean_t2m,all_returned_cycle_dependent,planned,/storage/raj.ayush/s2s_final_data/final_iteration/raw/ecmwf/forecast/jjas2023/t2m/20230704_pf.grib,969c4180af47ccf8382414c071c96899771e6ce535c6b08b684f2aa040842ab7
ecmwf,forecast,2023-07-07,cf,tp,not_applicable,all_returned_cycle_dependent,planned,/storage/raj.ayush/s2s_final_data/final_iteration/raw/ecmwf/forecast/jjas2023/tp/20230707_cf.grib,32db45ec80edf9e2b1f5a0e69449cf9616a2dd46408b9605147204cf91436d20
ecmwf,forecast,2023-07-07,pf,tp,not_applicable,all_returned_cycle_dependent,planned,/storage/raj.ayush/s2s_final_data/final_iteration/raw/ecmwf/forecast/jjas2023/tp/20230707_pf.grib,a6c416800ba3068eaed07e88496e10dc31ff4da4584b2c166ed22729ee0f943f
ecmwf,forecast,2023-07-07,cf,t2m,daily_mean_t2m,all_returned_cycle_dependent,planned,/storage/raj.ayush/s2s_final_data/final_iteration/raw/ecmwf/forecast/jjas2023/t2m/20230707_cf.grib,03713758c7de2ec016c6a6e5ad2f05c26c909eef08fb1aec3879da31e94667fd
ecmwf,forecast,2023-07-07,pf,t2m,daily_mean_t2m,all_returned_cycle_dependent,planned,/storage/raj.ayush/s2s_final_data/final_iteration/raw/ecmwf/forecast/jjas2023/t2m/20230707_pf.grib,45ef4a5d5b3d87c83f1bd671ef5f43439ee8cf8afad7b4328d669c82b5291b7c
ecmwf,forecast,2023-07-11,cf,tp,not_applicable,all_returned_cycle_dependent,planned,/storage/raj.ayush/s2s_final_data/final_iteration/raw/ecmwf/forecast/jjas2023/tp/20230711_cf.grib,a4e44c8979609da720a18b5f24aa01ee9e83250a1e27de61cdc05894614c3834
ecmwf,forecast,2023-07-11,pf,tp,not_applicable,all_returned_cycle_dependent,planned,/storage/raj.ayush/s2s_final_data/final_iteration/raw/ecmwf/forecast/jjas2023/tp/20230711_pf.grib,84921a00e0af5cfee5edf80af1119218754859a9b60edc8ea3f7b4c5048573fa
ecmwf,forecast,2023-07-11,cf,t2m,daily_mean_t2m,all_returned_cycle_dependent,planned,/storage/raj.ayush/s2s_final_data/final_iteration/raw/ecmwf/forecast/jjas2023/t2m/20230711_cf.grib,9ab9b728b7e54e749367dc66fb94e4326b5b6ae8ff10f29b01466c0164620a55
ecmwf,forecast,2023-07-11,pf,t2m,daily_mean_t2m,all_returned_cycle_dependent,planned,/storage/raj.ayush/s2s_final_data/final_iteration/raw/ecmwf/forecast/jjas2023/t2m/20230711_pf.grib,8fb3731ae48fb556b9bb8f853115a69e3c0f4f782efcdc05ea9b142850f6b6db
ecmwf,forecast,2023-07-14,cf,tp,not_applicable,all_returned_cycle_dependent,planned,/storage/raj.ayush/s2s_final_data/final_iteration/raw/ecmwf/forecast/jjas2023/tp/20230714_cf.grib,f226fe46e1e5e23da565bd9b3a19bd8274a8f8991073fb3f126b2cb37a45e529
ecmwf,forecast,2023-07-14,pf,tp,not_applicable,all_returned_cycle_dependent,planned,/storage/raj.ayush/s2s_final_data/final_iteration/raw/ecmwf/forecast/jjas2023/tp/20230714_pf.grib,b4847fdf2a7e337a2e9a336d3dd85b5bcd7870c84549cd86b93a325372e72fc9
ecmwf,forecast,2023-07-14,cf,t2m,daily_mean_t2m,all_returned_cycle_dependent,planned,/storage/raj.ayush/s2s_final_data/final_iteration/raw/ecmwf/forecast/jjas2023/t2m/20230714_cf.grib,1bd32631463547ffdc116cd0f2b77d2b437f4ebfe6581fd282dba735e236f427
ecmwf,forecast,2023-07-14,pf,t2m,daily_mean_t2m,all_returned_cycle_dependent,planned,/storage/raj.ayush/s2s_final_data/final_iteration/raw/ecmwf/forecast/jjas2023/t2m/20230714_pf.grib,39ede8e42df5a6071f536979a754aeafcb045252f7854cd342f4397f39e0fbf1
ecmwf,forecast,2023-07-18,cf,tp,not_applicable,all_returned_cycle_dependent,planned,/storage/raj.ayush/s2s_final_data/final_iteration/raw/ecmwf/forecast/jjas2023/tp/20230718_cf.grib,9ad48627ea4ed76a505a7013515d852c8755774a35b9c33c8272f0e42ed6f391
ecmwf,forecast,2023-07-18,pf,tp,not_applicable,all_returned_cycle_dependent,planned,/storage/raj.ayush/s2s_final_data/final_iteration/raw/ecmwf/forecast/jjas2023/tp/20230718_pf.grib,780a1479baf1230602959df4817690b542952e571b27957c4e2c0800d7ad3fce
ecmwf,forecast,2023-07-18,cf,t2m,daily_mean_t2m,all_returned_cycle_dependent,planned,/storage/raj.ayush/s2s_final_data/final_iteration/raw/ecmwf/forecast/jjas2023/t2m/20230718_cf.grib,b74fc614d19541a06583aec963d5174b436675a61d718210d5babf13b6494912
ecmwf,forecast,2023-07-18,pf,t2m,daily_mean_t2m,all_returned_cycle_dependent,planned,/storage/raj.ayush/s2s_final_data/final_iteration/raw/ecmwf/forecast/jjas2023/t2m/20230718_pf.grib,884a096888e764ef6c2fd15c2dff9997d8362d65c0f7383d6b20f72b7585b842
ecmwf,forecast,2023-07-21,cf,tp,not_applicable,all_returned_cycle_dependent,planned,/storage/raj.ayush/s2s_final_data/final_iteration/raw/ecmwf/forecast/jjas2023/tp/20230721_cf.grib,b81f0bcd15968a4819629db29ae49b02bbe0d729ed3b7ea43e7c6e819d7648b3
ecmwf,forecast,2023-07-21,pf,tp,not_applicable,all_returned_cycle_dependent,planned,/storage/raj.ayush/s2s_final_data/final_iteration/raw/ecmwf/forecast/jjas2023/tp/20230721_pf.grib,d9a883c23aeee15db62b774956da1a1e48d848fdd8858081009692160f561dc0
ecmwf,forecast,2023-07-21,cf,t2m,daily_mean_t2m,all_returned_cycle_dependent,planned,/storage/raj.ayush/s2s_final_data/final_iteration/raw/ecmwf/forecast/jjas2023/t2m/20230721_cf.grib,ccce92d87f654e91731a15a8e680ca3970d7f01a959adb5b610f88d87e3b8c48
ecmwf,forecast,2023-07-21,pf,t2m,daily_mean_t2m,all_returned_cycle_dependent,planned,/storage/raj.ayush/s2s_final_data/final_iteration/raw/ecmwf/forecast/jjas2023/t2m/20230721_pf.grib,c6178bf29ec9d157e4a3c29bfe15e065fe02015cb6d69225c3db791dee9be57a
ecmwf,forecast,2023-07-25,cf,tp,not_applicable,all_returned_cycle_dependent,planned,/storage/raj.ayush/s2s_final_data/final_iteration/raw/ecmwf/forecast/jjas2023/tp/20230725_cf.grib,cdb9ec8517356ed97bf1c769622024e7e7508b65a039697ae58f7a28ed6389e8
ecmwf,forecast,2023-07-25,pf,tp,not_applicable,all_returned_cycle_dependent,planned,/storage/raj.ayush/s2s_final_data/final_iteration/raw/ecmwf/forecast/jjas2023/tp/20230725_pf.grib,667e9764adb84c2409dee8cf359c51fd10d363597309e47da6c5b0eed910315d
ecmwf,forecast,2023-07-25,cf,t2m,daily_mean_t2m,all_returned_cycle_dependent,planned,/storage/raj.ayush/s2s_final_data/final_iteration/raw/ecmwf/forecast/jjas2023/t2m/20230725_cf.grib,95f6f3b96fd6897aeddef4036ede356c7351fcecd30794edcd8c69adeda47d36
ecmwf,forecast,2023-07-25,pf,t2m,daily_mean_t2m,all_returned_cycle_dependent,planned,/storage/raj.ayush/s2s_final_data/final_iteration/raw/ecmwf/forecast/jjas2023/t2m/20230725_pf.grib,85a335e9548c11b974c8b761857e031702a13c66a35b6082d7ac1b46ad5cf6be
ecmwf,forecast,2023-07-28,cf,tp,not_applicable,all_returned_cycle_dependent,planned,/storage/raj.ayush/s2s_final_data/final_iteration/raw/ecmwf/forecast/jjas2023/tp/20230728_cf.grib,05404fd70ac9120885ee343f5558867c757011e6f6f8b2e35debe7a67ecf9504
ecmwf,forecast,2023-07-28,pf,tp,not_applicable,all_returned_cycle_dependent,planned,/storage/raj.ayush/s2s_final_data/final_iteration/raw/ecmwf/forecast/jjas2023/tp/20230728_pf.grib,0180b2f8ae73ffe263403d3517d1b72ca26b7f9069774af24e05894be30e2b17
ecmwf,forecast,2023-07-28,cf,t2m,daily_mean_t2m,all_returned_cycle_dependent,planned,/storage/raj.ayush/s2s_final_data/final_iteration/raw/ecmwf/forecast/jjas2023/t2m/20230728_cf.grib,922ba743aa68823d72dbb01cfaa61c0bcf620dc0f8361035127ca741219c2b4d
ecmwf,forecast,2023-07-28,pf,t2m,daily_mean_t2m,all_returned_cycle_dependent,planned,/storage/raj.ayush/s2s_final_data/final_iteration/raw/ecmwf/forecast/jjas2023/t2m/20230728_pf.grib,fa90fdd0c1b89072a84588cd76a34043fb5287030bd368a49bdf2248c55cf09b
ecmwf,forecast,2023-08-01,cf,tp,not_applicable,all_returned_cycle_dependent,planned,/storage/raj.ayush/s2s_final_data/final_iteration/raw/ecmwf/forecast/jjas2023/tp/20230801_cf.grib,341747455ab3095ad9184658a9ce969be8bc94026d8e8cb09440040d560b8637
ecmwf,forecast,2023-08-01,pf,tp,not_applicable,all_returned_cycle_dependent,planned,/storage/raj.ayush/s2s_final_data/final_iteration/raw/ecmwf/forecast/jjas2023/tp/20230801_pf.grib,04588ffe78263b9c4eb1f9c147b67a463d4d334455a223397e671d2fdd9fd672
ecmwf,forecast,2023-08-01,cf,t2m,daily_mean_t2m,all_returned_cycle_dependent,planned,/storage/raj.ayush/s2s_final_data/final_iteration/raw/ecmwf/forecast/jjas2023/t2m/20230801_cf.grib,fd69637430365f1977d97ced3e4d56456dc60eece93acc666003070a8063f3d4
ecmwf,forecast,2023-08-01,pf,t2m,daily_mean_t2m,all_returned_cycle_dependent,planned,/storage/raj.ayush/s2s_final_data/final_iteration/raw/ecmwf/forecast/jjas2023/t2m/20230801_pf.grib,4b87cae26d9a68db3a2ac5c9bd5c11cc89c19ef63d0ec208a57b0d0adda24536
ecmwf,forecast,2023-08-04,cf,tp,not_applicable,all_returned_cycle_dependent,planned,/storage/raj.ayush/s2s_final_data/final_iteration/raw/ecmwf/forecast/jjas2023/tp/20230804_cf.grib,6e03d214f648f5dfb8d6176497494acc3fce2acd80e821cd4820c538d838b0f6
ecmwf,forecast,2023-08-04,pf,tp,not_applicable,all_returned_cycle_dependent,planned,/storage/raj.ayush/s2s_final_data/final_iteration/raw/ecmwf/forecast/jjas2023/tp/20230804_pf.grib,88acc66ae81785b2a34c9b724e80e3ac7e6be5eb03270e24437243ee70d4d820
ecmwf,forecast,2023-08-04,cf,t2m,daily_mean_t2m,all_returned_cycle_dependent,planned,/storage/raj.ayush/s2s_final_data/final_iteration/raw/ecmwf/forecast/jjas2023/t2m/20230804_cf.grib,8e24ce080c1958a60b1434d9117f0f049b7651609b70056c9496b13e6d355c50
ecmwf,forecast,2023-08-04,pf,t2m,daily_mean_t2m,all_returned_cycle_dependent,planned,/storage/raj.ayush/s2s_final_data/final_iteration/raw/ecmwf/forecast/jjas2023/t2m/20230804_pf.grib,41c01c2ed7bb38d11a813ecea05aa12b878fdc26be47a65fe2111ab8b307c7a6
ecmwf,forecast,2023-08-08,cf,tp,not_applicable,all_returned_cycle_dependent,planned,/storage/raj.ayush/s2s_final_data/final_iteration/raw/ecmwf/forecast/jjas2023/tp/20230808_cf.grib,529b3be09269fad5ca3d12b4c35ea3125238101cb9ffb4f50d5617018c9d8c20
ecmwf,forecast,2023-08-08,pf,tp,not_applicable,all_returned_cycle_dependent,planned,/storage/raj.ayush/s2s_final_data/final_iteration/raw/ecmwf/forecast/jjas2023/tp/20230808_pf.grib,219d384431afbf86be1c9f21dbf94ae46a0cb02187e8d3b710359820298ee9e2
ecmwf,forecast,2023-08-08,cf,t2m,daily_mean_t2m,all_returned_cycle_dependent,planned,/storage/raj.ayush/s2s_final_data/final_iteration/raw/ecmwf/forecast/jjas2023/t2m/20230808_cf.grib,841755bdb67e0e6387b717667870db4cc69657a1ee12ca3c381842990871b02e
ecmwf,forecast,2023-08-08,pf,t2m,daily_mean_t2m,all_returned_cycle_dependent,planned,/storage/raj.ayush/s2s_final_data/final_iteration/raw/ecmwf/forecast/jjas2023/t2m/20230808_pf.grib,20ed7890b6dbfb85583e72e5883a51d58b1da74633045bae7ff4d69d1803484a
ecmwf,forecast,2023-08-11,cf,tp,not_applicable,all_returned_cycle_dependent,planned,/storage/raj.ayush/s2s_final_data/final_iteration/raw/ecmwf/forecast/jjas2023/tp/20230811_cf.grib,3342cbd431f85049ae50a913cbc63905e93e0fa035f7478393eb54c1ad221a38
ecmwf,forecast,2023-08-11,pf,tp,not_applicable,all_returned_cycle_dependent,planned,/storage/raj.ayush/s2s_final_data/final_iteration/raw/ecmwf/forecast/jjas2023/tp/20230811_pf.grib,e047e447ac4ea87a82012839a526be57fe21880220c491665ca7ebb17ebf306e
ecmwf,forecast,2023-08-11,cf,t2m,daily_mean_t2m,all_returned_cycle_dependent,planned,/storage/raj.ayush/s2s_final_data/final_iteration/raw/ecmwf/forecast/jjas2023/t2m/20230811_cf.grib,0899ec9853b41c9d840f8e0123835c84a53c8768a28ba7d8ca50be293a668b18
ecmwf,forecast,2023-08-11,pf,t2m,daily_mean_t2m,all_returned_cycle_dependent,planned,/storage/raj.ayush/s2s_final_data/final_iteration/raw/ecmwf/forecast/jjas2023/t2m/20230811_pf.grib,7f5ccbb5e1599e33c98c4381744cdfdf35075439b32597707eab479b2ff9ef4f
ecmwf,forecast,2023-08-15,cf,tp,not_applicable,all_returned_cycle_dependent,planned,/storage/raj.ayush/s2s_final_data/final_iteration/raw/ecmwf/forecast/jjas2023/tp/20230815_cf.grib,05d6306dc3fcfcbfe62607469fb33b3c7b92b6032b4b0b702acb2c8645382aba
ecmwf,forecast,2023-08-15,pf,tp,not_applicable,all_returned_cycle_dependent,planned,/storage/raj.ayush/s2s_final_data/final_iteration/raw/ecmwf/forecast/jjas2023/tp/20230815_pf.grib,0edc1635b94c29d10b653ded8fe11f6471382fc31fe029d1807802b146acc3b1
ecmwf,forecast,2023-08-15,cf,t2m,daily_mean_t2m,all_returned_cycle_dependent,planned,/storage/raj.ayush/s2s_final_data/final_iteration/raw/ecmwf/forecast/jjas2023/t2m/20230815_cf.grib,2b4f6ffd220a370d85582605b7800008d962aa652e6cc3dc6ebe5cffbe476279
ecmwf,forecast,2023-08-15,pf,t2m,daily_mean_t2m,all_returned_cycle_dependent,planned,/storage/raj.ayush/s2s_final_data/final_iteration/raw/ecmwf/forecast/jjas2023/t2m/20230815_pf.grib,833b50d348fbd050b0dce66b9a7f9857ce787a9a09ae2f0a571db8881adacf3e
ecmwf,forecast,2023-08-18,cf,tp,not_applicable,all_returned_cycle_dependent,planned,/storage/raj.ayush/s2s_final_data/final_iteration/raw/ecmwf/forecast/jjas2023/tp/20230818_cf.grib,777405040497f1786add52e0ac0dc24060a2a6939e5be412e40ec3265af84fe2
ecmwf,forecast,2023-08-18,pf,tp,not_applicable,all_returned_cycle_dependent,planned,/storage/raj.ayush/s2s_final_data/final_iteration/raw/ecmwf/forecast/jjas2023/tp/20230818_pf.grib,08ce933a9ffdd72292af43ee47d93b47e61fc45f8e893c83a28c8fb95ad84e2f
ecmwf,forecast,2023-08-18,cf,t2m,daily_mean_t2m,all_returned_cycle_dependent,planned,/storage/raj.ayush/s2s_final_data/final_iteration/raw/ecmwf/forecast/jjas2023/t2m/20230818_cf.grib,1db5bff33b4e96d8fefdf55a2a210abfa1d1140a767542cb6929fbc6245ef09e
ecmwf,forecast,2023-08-18,pf,t2m,daily_mean_t2m,all_returned_cycle_dependent,planned,/storage/raj.ayush/s2s_final_data/final_iteration/raw/ecmwf/forecast/jjas2023/t2m/20230818_pf.grib,d71042c28d1d4735ca5e0a15cd1b6c37f6fb3356da0e46ccef2c53578dd106ab
ecmwf,forecast,2023-08-22,cf,tp,not_applicable,all_returned_cycle_dependent,planned,/storage/raj.ayush/s2s_final_data/final_iteration/raw/ecmwf/forecast/jjas2023/tp/20230822_cf.grib,f8fdc2c0966ad3c8e2e2468ba2714e5e6ee081eeaa7946683f3da4b68b344c51
ecmwf,forecast,2023-08-22,pf,tp,not_applicable,all_returned_cycle_dependent,planned,/storage/raj.ayush/s2s_final_data/final_iteration/raw/ecmwf/forecast/jjas2023/tp/20230822_pf.grib,0199aad3c13ba9fa143892f8b33d70f70f7dbcf127e47a2c1c5bbf9a3ab40d02
ecmwf,forecast,2023-08-22,cf,t2m,daily_mean_t2m,all_returned_cycle_dependent,planned,/storage/raj.ayush/s2s_final_data/final_iteration/raw/ecmwf/forecast/jjas2023/t2m/20230822_cf.grib,35478895c6cda2cbe783b0af6703ad20eb05c9c220dd83bcb509830f41a888cd
ecmwf,forecast,2023-08-22,pf,t2m,daily_mean_t2m,all_returned_cycle_dependent,planned,/storage/raj.ayush/s2s_final_data/final_iteration/raw/ecmwf/forecast/jjas2023/t2m/20230822_pf.grib,57bd3832f16f7b53269aae438b5a1f16e35f5f3a48be474f56384e4084c419ae
ecmwf,forecast,2023-08-25,cf,tp,not_applicable,all_returned_cycle_dependent,planned,/storage/raj.ayush/s2s_final_data/final_iteration/raw/ecmwf/forecast/jjas2023/tp/20230825_cf.grib,3e72240efa03fa1a7da352f16b5a2e13531a6e1fedfa34250e94cb5d936cab8f
ecmwf,forecast,2023-08-25,pf,tp,not_applicable,all_returned_cycle_dependent,planned,/storage/raj.ayush/s2s_final_data/final_iteration/raw/ecmwf/forecast/jjas2023/tp/20230825_pf.grib,e89f4b6b64d8153f6343d6caa6ace0a0243f63182dbc8c9b43123692201658b3
ecmwf,forecast,2023-08-25,cf,t2m,daily_mean_t2m,all_returned_cycle_dependent,planned,/storage/raj.ayush/s2s_final_data/final_iteration/raw/ecmwf/forecast/jjas2023/t2m/20230825_cf.grib,a83562045f0d5056b435b93817903680d5c6947d4586745e301b1c450d0605f5
ecmwf,forecast,2023-08-25,pf,t2m,daily_mean_t2m,all_returned_cycle_dependent,planned,/storage/raj.ayush/s2s_final_data/final_iteration/raw/ecmwf/forecast/jjas2023/t2m/20230825_pf.grib,0a7341d8df913873cc2e49cbffb9f469043792af3909d5a892c1691248f7b6e4
ecmwf,forecast,2023-08-29,cf,tp,not_applicable,all_returned_cycle_dependent,planned,/storage/raj.ayush/s2s_final_data/final_iteration/raw/ecmwf/forecast/jjas2023/tp/20230829_cf.grib,ff590ae8033d9dbff106b5be8f5e7c75e0c2909ad9cab14440995b3b94feea67
ecmwf,forecast,2023-08-29,pf,tp,not_applicable,all_returned_cycle_dependent,planned,/storage/raj.ayush/s2s_final_data/final_iteration/raw/ecmwf/forecast/jjas2023/tp/20230829_pf.grib,8eec07755c24568db7da97072ac9023964daf303a145f1942da7ac472ad880d8
ecmwf,forecast,2023-08-29,cf,t2m,daily_mean_t2m,all_returned_cycle_dependent,planned,/storage/raj.ayush/s2s_final_data/final_iteration/raw/ecmwf/forecast/jjas2023/t2m/20230829_cf.grib,a7ccf017618914258ead024620019926fbbc26dc6e7a5772d2365b575f886d37
ecmwf,forecast,2023-08-29,pf,t2m,daily_mean_t2m,all_returned_cycle_dependent,planned,/storage/raj.ayush/s2s_final_data/final_iteration/raw/ecmwf/forecast/jjas2023/t2m/20230829_pf.grib,de91828803b9469d14d1be56df9b98c84d83114d29f8fff31fa55264cb0aeb4b
ecmwf,forecast,2023-09-01,cf,tp,not_applicable,all_returned_cycle_dependent,planned,/storage/raj.ayush/s2s_final_data/final_iteration/raw/ecmwf/forecast/jjas2023/tp/20230901_cf.grib,f7c538bf62b6819a29ee599005a54e26add1e0982e01b2da3dbfe9f39786e97a
ecmwf,forecast,2023-09-01,pf,tp,not_applicable,all_returned_cycle_dependent,planned,/storage/raj.ayush/s2s_final_data/final_iteration/raw/ecmwf/forecast/jjas2023/tp/20230901_pf.grib,ba362ddb2f92d61f50530bc8011b75bd7380e5b1899433c5f4c4844200cc3f4c
ecmwf,forecast,2023-09-01,cf,t2m,daily_mean_t2m,all_returned_cycle_dependent,planned,/storage/raj.ayush/s2s_final_data/final_iteration/raw/ecmwf/forecast/jjas2023/t2m/20230901_cf.grib,1a310286ab5c83899afe5122913b9775e0fa6d614d2763fe78d7a097d5c83dcd
ecmwf,forecast,2023-09-01,pf,t2m,daily_mean_t2m,all_returned_cycle_dependent,planned,/storage/raj.ayush/s2s_final_data/final_iteration/raw/ecmwf/forecast/jjas2023/t2m/20230901_pf.grib,cfb2d8cef3e50b72ed4b9367fd4474b6194a211f35bdd06019d8d60fb6134300
ecmwf,forecast,2023-09-05,cf,tp,not_applicable,all_returned_cycle_dependent,planned,/storage/raj.ayush/s2s_final_data/final_iteration/raw/ecmwf/forecast/jjas2023/tp/20230905_cf.grib,492f4921a2bfbaf7b102519fcbb83a02626d70f51210873b3f8a1082e75b0e1c
ecmwf,forecast,2023-09-05,pf,tp,not_applicable,all_returned_cycle_dependent,planned,/storage/raj.ayush/s2s_final_data/final_iteration/raw/ecmwf/forecast/jjas2023/tp/20230905_pf.grib,17bc36c8dfe7bb16c622920c226d1ff3c437789df08a08fd17edd26175b278b3
ecmwf,forecast,2023-09-05,cf,t2m,daily_mean_t2m,all_returned_cycle_dependent,planned,/storage/raj.ayush/s2s_final_data/final_iteration/raw/ecmwf/forecast/jjas2023/t2m/20230905_cf.grib,d64d8a04beb33f6bb6b8a9b7735763f44ef8013448d006217adc90d0432bbb06
ecmwf,forecast,2023-09-05,pf,t2m,daily_mean_t2m,all_returned_cycle_dependent,planned,/storage/raj.ayush/s2s_final_data/final_iteration/raw/ecmwf/forecast/jjas2023/t2m/20230905_pf.grib,5f4cac088872cd42f288b10b4e387d7848fcebbd526a092b3327eb608d493f5c
ecmwf,forecast,2023-09-08,cf,tp,not_applicable,all_returned_cycle_dependent,planned,/storage/raj.ayush/s2s_final_data/final_iteration/raw/ecmwf/forecast/jjas2023/tp/20230908_cf.grib,c4ebe0765dce7e57bcd6cfa4df2e053a4349ee82a0beb5ef5b66d6bc4a26efd0
ecmwf,forecast,2023-09-08,pf,tp,not_applicable,all_returned_cycle_dependent,planned,/storage/raj.ayush/s2s_final_data/final_iteration/raw/ecmwf/forecast/jjas2023/tp/20230908_pf.grib,99eee2354bec2c666e746a04e28554d8af7bd598925fbb48ced779f96b884da6
ecmwf,forecast,2023-09-08,cf,t2m,daily_mean_t2m,all_returned_cycle_dependent,planned,/storage/raj.ayush/s2s_final_data/final_iteration/raw/ecmwf/forecast/jjas2023/t2m/20230908_cf.grib,6b5c7d5145cd8c85b0d3029fb5139e86db58954e4917aee76b285611cf20258f
ecmwf,forecast,2023-09-08,pf,t2m,daily_mean_t2m,all_returned_cycle_dependent,planned,/storage/raj.ayush/s2s_final_data/final_iteration/raw/ecmwf/forecast/jjas2023/t2m/20230908_pf.grib,758aa7a49c2d48f90ad4a30b9619f647c4761f0fbd4b4f8de82dac284ad7e2aa
ecmwf,forecast,2023-09-12,cf,tp,not_applicable,all_returned_cycle_dependent,planned,/storage/raj.ayush/s2s_final_data/final_iteration/raw/ecmwf/forecast/jjas2023/tp/20230912_cf.grib,13d730a12f8ca735986475fa21a3e3924c081316c870e37da6542ff9efe5c6a3
ecmwf,forecast,2023-09-12,pf,tp,not_applicable,all_returned_cycle_dependent,planned,/storage/raj.ayush/s2s_final_data/final_iteration/raw/ecmwf/forecast/jjas2023/tp/20230912_pf.grib,00298d984a662f16863a50fbbc56da90c6a205a9d8b8414feaabc1651b239744
ecmwf,forecast,2023-09-12,cf,t2m,daily_mean_t2m,all_returned_cycle_dependent,planned,/storage/raj.ayush/s2s_final_data/final_iteration/raw/ecmwf/forecast/jjas2023/t2m/20230912_cf.grib,f3fb1e011838e50de21d311ff9855d2093ef5f188efbeea02467ad17cbc64273
ecmwf,forecast,2023-09-12,pf,t2m,daily_mean_t2m,all_returned_cycle_dependent,planned,/storage/raj.ayush/s2s_final_data/final_iteration/raw/ecmwf/forecast/jjas2023/t2m/20230912_pf.grib,517e5880a929e83e931839c7029e9cdab667aac6f13b627f4c8ab7597034cbbc
ecmwf,forecast,2023-09-15,cf,tp,not_applicable,all_returned_cycle_dependent,planned,/storage/raj.ayush/s2s_final_data/final_iteration/raw/ecmwf/forecast/jjas2023/tp/20230915_cf.grib,9f2cc8aa893393324db979888aa9145806a161c4168c3edad2d8ed0350dd2cc9
ecmwf,forecast,2023-09-15,pf,tp,not_applicable,all_returned_cycle_dependent,planned,/storage/raj.ayush/s2s_final_data/final_iteration/raw/ecmwf/forecast/jjas2023/tp/20230915_pf.grib,a5b5128ab5e4d96c807d407ef5757d35498515712dcde75893c8b8d597750c08
ecmwf,forecast,2023-09-15,cf,t2m,daily_mean_t2m,all_returned_cycle_dependent,planned,/storage/raj.ayush/s2s_final_data/final_iteration/raw/ecmwf/forecast/jjas2023/t2m/20230915_cf.grib,72b285ac1e35fa49f6125c35761ac53a6f5185ce8a1bb01bdc500df733da8471
ecmwf,forecast,2023-09-15,pf,t2m,daily_mean_t2m,all_returned_cycle_dependent,planned,/storage/raj.ayush/s2s_final_data/final_iteration/raw/ecmwf/forecast/jjas2023/t2m/20230915_pf.grib,97c5c6489422849221acab4c36fed90030adad5bc11c43f900020ef59291f433
ecmwf,forecast,2023-09-19,cf,tp,not_applicable,all_returned_cycle_dependent,planned,/storage/raj.ayush/s2s_final_data/final_iteration/raw/ecmwf/forecast/jjas2023/tp/20230919_cf.grib,c7fde4480e965d39f455e2571afa38c52319b49827feac8b2036ae5b7d287b30
ecmwf,forecast,2023-09-19,pf,tp,not_applicable,all_returned_cycle_dependent,planned,/storage/raj.ayush/s2s_final_data/final_iteration/raw/ecmwf/forecast/jjas2023/tp/20230919_pf.grib,1ce3673fa3102b445cd3e596a6016d7b41a4a76bdf0c84b578549c68f712e3b0
ecmwf,forecast,2023-09-19,cf,t2m,daily_mean_t2m,all_returned_cycle_dependent,planned,/storage/raj.ayush/s2s_final_data/final_iteration/raw/ecmwf/forecast/jjas2023/t2m/20230919_cf.grib,7ebdee91bbe8365962f2020dd2d692ad38fb5530cf74d850c969601d479db8c6
ecmwf,forecast,2023-09-19,pf,t2m,daily_mean_t2m,all_returned_cycle_dependent,planned,/storage/raj.ayush/s2s_final_data/final_iteration/raw/ecmwf/forecast/jjas2023/t2m/20230919_pf.grib,b16e32a61bd3fb6bae0a97427249d4eb90e993c5e9191087e1ce945719ea04e1
ecmwf,forecast,2023-09-22,cf,tp,not_applicable,all_returned_cycle_dependent,planned,/storage/raj.ayush/s2s_final_data/final_iteration/raw/ecmwf/forecast/jjas2023/tp/20230922_cf.grib,d48ce981cb096c346f5ffd3a798f773177f9fec8627eff3bccc2703a8f907179
ecmwf,forecast,2023-09-22,pf,tp,not_applicable,all_returned_cycle_dependent,planned,/storage/raj.ayush/s2s_final_data/final_iteration/raw/ecmwf/forecast/jjas2023/tp/20230922_pf.grib,7e7b4da20ee2bbd3d0f522a0db23218721d3fc9aae8c1b04670e9cbfb8ffd55f
ecmwf,forecast,2023-09-22,cf,t2m,daily_mean_t2m,all_returned_cycle_dependent,planned,/storage/raj.ayush/s2s_final_data/final_iteration/raw/ecmwf/forecast/jjas2023/t2m/20230922_cf.grib,0b70e21a8f9395797fe647e4e7f31c5251cb0820076779783f159524e66e1a1d
ecmwf,forecast,2023-09-22,pf,t2m,daily_mean_t2m,all_returned_cycle_dependent,planned,/storage/raj.ayush/s2s_final_data/final_iteration/raw/ecmwf/forecast/jjas2023/t2m/20230922_pf.grib,1d31a8d592755bbbe72bcdf583eedf3dee1aa1ff1639b9a4ce0effff6fe454fb
ecmwf,forecast,2023-09-26,cf,tp,not_applicable,all_returned_cycle_dependent,planned,/storage/raj.ayush/s2s_final_data/final_iteration/raw/ecmwf/forecast/jjas2023/tp/20230926_cf.grib,c86eff00b05ae6e70900d411e518b305c155ac129491e966d4cee4676ad4e86e
ecmwf,forecast,2023-09-26,pf,tp,not_applicable,all_returned_cycle_dependent,planned,/storage/raj.ayush/s2s_final_data/final_iteration/raw/ecmwf/forecast/jjas2023/tp/20230926_pf.grib,bbc548199677dab45e65caf72ab05b5137208384be42f1ed71656bb97f0a436c
ecmwf,forecast,2023-09-26,cf,t2m,daily_mean_t2m,all_returned_cycle_dependent,planned,/storage/raj.ayush/s2s_final_data/final_iteration/raw/ecmwf/forecast/jjas2023/t2m/20230926_cf.grib,f58e0230642c3dfb1edf574e3678fefe10cc5b52327260049f7e036d6ee09f42
ecmwf,forecast,2023-09-26,pf,t2m,daily_mean_t2m,all_returned_cycle_dependent,planned,/storage/raj.ayush/s2s_final_data/final_iteration/raw/ecmwf/forecast/jjas2023/t2m/20230926_pf.grib,d0da730afc92da468f0d825853278908d56df3752b351a7cb31adc19fcbda651
ecmwf,forecast,2023-09-29,cf,tp,not_applicable,all_returned_cycle_dependent,planned,/storage/raj.ayush/s2s_final_data/final_iteration/raw/ecmwf/forecast/jjas2023/tp/20230929_cf.grib,5b7aa1d83e401b08762d3e6d3639e9d29e872be39d7280adfe4fc458e2abeca8
ecmwf,forecast,2023-09-29,pf,tp,not_applicable,all_returned_cycle_dependent,planned,/storage/raj.ayush/s2s_final_data/final_iteration/raw/ecmwf/forecast/jjas2023/tp/20230929_pf.grib,64ea1578250ef1621c2a3fa5a60de1755e6d6e647cfec06aa239e22edc0325d6
ecmwf,forecast,2023-09-29,cf,t2m,daily_mean_t2m,all_returned_cycle_dependent,planned,/storage/raj.ayush/s2s_final_data/final_iteration/raw/ecmwf/forecast/jjas2023/t2m/20230929_cf.grib,6b6d193cd9e3fc186c91555dc4884a634d192f94dcaf2696ba230ba287e8036b
ecmwf,forecast,2023-09-29,pf,t2m,daily_mean_t2m,all_returned_cycle_dependent,planned,/storage/raj.ayush/s2s_final_data/final_iteration/raw/ecmwf/forecast/jjas2023/t2m/20230929_pf.grib,a0ee0a4301b0bba74495083175505b064dd13bb310e1fd6c16a0a21cf3910841
ecmwf,forecast,2024-06-02,cf,tp,not_applicable,all_returned_cycle_dependent,planned,/storage/raj.ayush/s2s_final_data/final_iteration/raw/ecmwf/forecast/jjas2024/tp/20240602_cf.grib,b2f891714a43920e1d2786bf5b9d5dde93d40ba38e3617c1ff0fd1985c46aa0b
ecmwf,forecast,2024-06-02,pf,tp,not_applicable,all_returned_cycle_dependent,planned,/storage/raj.ayush/s2s_final_data/final_iteration/raw/ecmwf/forecast/jjas2024/tp/20240602_pf.grib,4b77491ceabdcff015bc55b6b55adfa76c0cb6bae6a0a86e17491b50c4ad0219
ecmwf,forecast,2024-06-02,cf,t2m,daily_mean_t2m,all_returned_cycle_dependent,planned,/storage/raj.ayush/s2s_final_data/final_iteration/raw/ecmwf/forecast/jjas2024/t2m/20240602_cf.grib,847bc2cf1f215da7299047fe1b227c33f8260b144f66bfa7f8f011549dfd286f
ecmwf,forecast,2024-06-02,pf,t2m,daily_mean_t2m,all_returned_cycle_dependent,planned,/storage/raj.ayush/s2s_final_data/final_iteration/raw/ecmwf/forecast/jjas2024/t2m/20240602_pf.grib,56ebdc9c09d092461314b1ad5dd233a0cfe6a5853bb37793fe8a5cd2d6613705
ecmwf,forecast,2024-06-06,cf,tp,not_applicable,all_returned_cycle_dependent,planned,/storage/raj.ayush/s2s_final_data/final_iteration/raw/ecmwf/forecast/jjas2024/tp/20240606_cf.grib,9c9c8266957b4da84090245f21f4963e5a970d14d5756f7c72acd1c32dc4302f
ecmwf,forecast,2024-06-06,pf,tp,not_applicable,all_returned_cycle_dependent,planned,/storage/raj.ayush/s2s_final_data/final_iteration/raw/ecmwf/forecast/jjas2024/tp/20240606_pf.grib,200ceb87858c6e5e1536d3865778c933cf0efc604e3c19bc22cf2343cf3b16cc
ecmwf,forecast,2024-06-06,cf,t2m,daily_mean_t2m,all_returned_cycle_dependent,planned,/storage/raj.ayush/s2s_final_data/final_iteration/raw/ecmwf/forecast/jjas2024/t2m/20240606_cf.grib,0b78d839cf91b6a678c4ee54633bf3c14ce7bc13f9ce99f571b084c1ae96c8a1
ecmwf,forecast,2024-06-06,pf,t2m,daily_mean_t2m,all_returned_cycle_dependent,planned,/storage/raj.ayush/s2s_final_data/final_iteration/raw/ecmwf/forecast/jjas2024/t2m/20240606_pf.grib,d8b25a24d73174849b18f493ffaed8273d21b288430736fd87f8f7d7a8fd99f3
ecmwf,forecast,2024-06-09,cf,tp,not_applicable,all_returned_cycle_dependent,planned,/storage/raj.ayush/s2s_final_data/final_iteration/raw/ecmwf/forecast/jjas2024/tp/20240609_cf.grib,569b2cf152723c49543b66bd2b8e1c95ad9bb59ac096675cdf8f198561abdbc7
ecmwf,forecast,2024-06-09,pf,tp,not_applicable,all_returned_cycle_dependent,planned,/storage/raj.ayush/s2s_final_data/final_iteration/raw/ecmwf/forecast/jjas2024/tp/20240609_pf.grib,d3dcb528cb4fbd086c98f0c94fa912a8a9690fc73b1d2218834e6083aab0e98c
ecmwf,forecast,2024-06-09,cf,t2m,daily_mean_t2m,all_returned_cycle_dependent,planned,/storage/raj.ayush/s2s_final_data/final_iteration/raw/ecmwf/forecast/jjas2024/t2m/20240609_cf.grib,5a11a9d38e15d54f4f57a861996a5227192c36782f5924da7430d85296601213
ecmwf,forecast,2024-06-09,pf,t2m,daily_mean_t2m,all_returned_cycle_dependent,planned,/storage/raj.ayush/s2s_final_data/final_iteration/raw/ecmwf/forecast/jjas2024/t2m/20240609_pf.grib,3f8691a6f0949984c24d00043b2048384bda4fa015bca8aed9f9420289115c62
ecmwf,forecast,2024-06-13,cf,tp,not_applicable,all_returned_cycle_dependent,planned,/storage/raj.ayush/s2s_final_data/final_iteration/raw/ecmwf/forecast/jjas2024/tp/20240613_cf.grib,b16066fff1bfa7377eda82f48ae59fef6b9bc705b80789acaeddf4036e55b480
ecmwf,forecast,2024-06-13,pf,tp,not_applicable,all_returned_cycle_dependent,planned,/storage/raj.ayush/s2s_final_data/final_iteration/raw/ecmwf/forecast/jjas2024/tp/20240613_pf.grib,47b26fae93431a42d3972addfbf36c3dbed633a6924d9cfe714a4cfbf595f197
ecmwf,forecast,2024-06-13,cf,t2m,daily_mean_t2m,all_returned_cycle_dependent,planned,/storage/raj.ayush/s2s_final_data/final_iteration/raw/ecmwf/forecast/jjas2024/t2m/20240613_cf.grib,02ef1d8ab70e8df7e13f5e8d6dca67cd9f0fd673e05c609dd4ed6fd17a059532
ecmwf,forecast,2024-06-13,pf,t2m,daily_mean_t2m,all_returned_cycle_dependent,planned,/storage/raj.ayush/s2s_final_data/final_iteration/raw/ecmwf/forecast/jjas2024/t2m/20240613_pf.grib,88ee0b70def51ad2392944f307b4ae87e3100bf4278b165e2615486d52eec84c
ecmwf,forecast,2024-06-16,cf,tp,not_applicable,all_returned_cycle_dependent,planned,/storage/raj.ayush/s2s_final_data/final_iteration/raw/ecmwf/forecast/jjas2024/tp/20240616_cf.grib,d7f094cbb8bac14732d4f48ea3723e8a4781f5162dc4a7dedbfd2d632b135828
ecmwf,forecast,2024-06-16,pf,tp,not_applicable,all_returned_cycle_dependent,planned,/storage/raj.ayush/s2s_final_data/final_iteration/raw/ecmwf/forecast/jjas2024/tp/20240616_pf.grib,f0dd06b3a3cfd570d5182bf67368b99762814b887713d89e0a72c0368890c64a
ecmwf,forecast,2024-06-16,cf,t2m,daily_mean_t2m,all_returned_cycle_dependent,planned,/storage/raj.ayush/s2s_final_data/final_iteration/raw/ecmwf/forecast/jjas2024/t2m/20240616_cf.grib,b5a7b2f769545ce72c2b1ccd23b111059a01e7e1d9a0db61e7102cb76d7c76f5
ecmwf,forecast,2024-06-16,pf,t2m,daily_mean_t2m,all_returned_cycle_dependent,planned,/storage/raj.ayush/s2s_final_data/final_iteration/raw/ecmwf/forecast/jjas2024/t2m/20240616_pf.grib,685f7fea2761cac44c8a63c20f77ff9f8628e4cf19db9dcea029b72b46beccb1
ecmwf,forecast,2024-06-20,cf,tp,not_applicable,all_returned_cycle_dependent,planned,/storage/raj.ayush/s2s_final_data/final_iteration/raw/ecmwf/forecast/jjas2024/tp/20240620_cf.grib,2e2e0a817582bc49a401cd75fa28c1c8fa681ae0defcb5077d8b152a9902ca7d
ecmwf,forecast,2024-06-20,pf,tp,not_applicable,all_returned_cycle_dependent,planned,/storage/raj.ayush/s2s_final_data/final_iteration/raw/ecmwf/forecast/jjas2024/tp/20240620_pf.grib,cdec53b949fea65452456dde6d2b288918eab67399567a182e1452b7bbd1125b
ecmwf,forecast,2024-06-20,cf,t2m,daily_mean_t2m,all_returned_cycle_dependent,planned,/storage/raj.ayush/s2s_final_data/final_iteration/raw/ecmwf/forecast/jjas2024/t2m/20240620_cf.grib,9d6f1719bc8c13fa3c82ea2bed2f43ede0c0f70e8a9e235c5a68619961a8fd37
ecmwf,forecast,2024-06-20,pf,t2m,daily_mean_t2m,all_returned_cycle_dependent,planned,/storage/raj.ayush/s2s_final_data/final_iteration/raw/ecmwf/forecast/jjas2024/t2m/20240620_pf.grib,be52bbc26c0e5dfbbbb418bc870457fd90df7f6316f10e56d7bae721481455ab
ecmwf,forecast,2024-06-23,cf,tp,not_applicable,all_returned_cycle_dependent,planned,/storage/raj.ayush/s2s_final_data/final_iteration/raw/ecmwf/forecast/jjas2024/tp/20240623_cf.grib,39081f428768596125d1dd0b8d7b621b0b3c504ba18c5074a49a782635abfe5f
ecmwf,forecast,2024-06-23,pf,tp,not_applicable,all_returned_cycle_dependent,planned,/storage/raj.ayush/s2s_final_data/final_iteration/raw/ecmwf/forecast/jjas2024/tp/20240623_pf.grib,2cd2c84ec29d3d3d7bbbcd9d694f91edcc280fcca2db89021782c8361ce7d799
ecmwf,forecast,2024-06-23,cf,t2m,daily_mean_t2m,all_returned_cycle_dependent,planned,/storage/raj.ayush/s2s_final_data/final_iteration/raw/ecmwf/forecast/jjas2024/t2m/20240623_cf.grib,ea3ab674d3f5c9e71ea333ffb82dc027d5b9f2cf669bb6adc746f86c5e5b3e71
ecmwf,forecast,2024-06-23,pf,t2m,daily_mean_t2m,all_returned_cycle_dependent,planned,/storage/raj.ayush/s2s_final_data/final_iteration/raw/ecmwf/forecast/jjas2024/t2m/20240623_pf.grib,ea83078a125e2aa1b5a61de4e409ea4629ce0dd14a8aaf43e53f26cd1d7352ca
ecmwf,forecast,2024-06-27,cf,tp,not_applicable,all_returned_cycle_dependent,planned,/storage/raj.ayush/s2s_final_data/final_iteration/raw/ecmwf/forecast/jjas2024/tp/20240627_cf.grib,ed10c91e10d374faaf22a6f8fd3cdd1f3d7f2cd00ba6196d50596320b66ddfc9
ecmwf,forecast,2024-06-27,pf,tp,not_applicable,all_returned_cycle_dependent,planned,/storage/raj.ayush/s2s_final_data/final_iteration/raw/ecmwf/forecast/jjas2024/tp/20240627_pf.grib,77248e831f1d15bbce0a09d7fb78f6c5580c27602031fe6955102113e1606bdd
ecmwf,forecast,2024-06-27,cf,t2m,daily_mean_t2m,all_returned_cycle_dependent,planned,/storage/raj.ayush/s2s_final_data/final_iteration/raw/ecmwf/forecast/jjas2024/t2m/20240627_cf.grib,70bf446d69e1eaa8f4cdcee4fcc291967c1c64763e2ff6f02c7af8cc2e91e415
ecmwf,forecast,2024-06-27,pf,t2m,daily_mean_t2m,all_returned_cycle_dependent,planned,/storage/raj.ayush/s2s_final_data/final_iteration/raw/ecmwf/forecast/jjas2024/t2m/20240627_pf.grib,3dbb423040c3b07edd3dc5dc2d5cca77e20c2fad2efd63e1c1645c4afcbf13f4
ecmwf,forecast,2024-06-30,cf,tp,not_applicable,all_returned_cycle_dependent,planned,/storage/raj.ayush/s2s_final_data/final_iteration/raw/ecmwf/forecast/jjas2024/tp/20240630_cf.grib,31da50232d94803a622256d4d473270898f627cba23ddefd78bb80408bb17bbb
ecmwf,forecast,2024-06-30,pf,tp,not_applicable,all_returned_cycle_dependent,planned,/storage/raj.ayush/s2s_final_data/final_iteration/raw/ecmwf/forecast/jjas2024/tp/20240630_pf.grib,d3f8ace6171b13e42a0f56911b95a5df0a50ae816c04cc1f461dd55a5aab6051
ecmwf,forecast,2024-06-30,cf,t2m,daily_mean_t2m,all_returned_cycle_dependent,planned,/storage/raj.ayush/s2s_final_data/final_iteration/raw/ecmwf/forecast/jjas2024/t2m/20240630_cf.grib,356d1b7556fa9ba452753e3a002b5ef170218f94b67bcda89faecf6af71eaa49
ecmwf,forecast,2024-06-30,pf,t2m,daily_mean_t2m,all_returned_cycle_dependent,planned,/storage/raj.ayush/s2s_final_data/final_iteration/raw/ecmwf/forecast/jjas2024/t2m/20240630_pf.grib,536f98315d8ea48afd3c65951a084abb0cbc07406a6a551dcccb78a2ee5b41bd
ecmwf,forecast,2024-07-04,cf,tp,not_applicable,all_returned_cycle_dependent,planned,/storage/raj.ayush/s2s_final_data/final_iteration/raw/ecmwf/forecast/jjas2024/tp/20240704_cf.grib,f533a79359f80606cd8449a6923669e765c1b649aa80aba6c54f5ed1a1dc6a4e
ecmwf,forecast,2024-07-04,pf,tp,not_applicable,all_returned_cycle_dependent,planned,/storage/raj.ayush/s2s_final_data/final_iteration/raw/ecmwf/forecast/jjas2024/tp/20240704_pf.grib,507c9d50c9f080d226ad17353ffecc1231a0a32e719696b9bd5571396c731d6e
ecmwf,forecast,2024-07-04,cf,t2m,daily_mean_t2m,all_returned_cycle_dependent,planned,/storage/raj.ayush/s2s_final_data/final_iteration/raw/ecmwf/forecast/jjas2024/t2m/20240704_cf.grib,a1e7c0d785e7b48b4d1f8f0fc4e9f433509fbb632ece986059a42b5dfc00c269
ecmwf,forecast,2024-07-04,pf,t2m,daily_mean_t2m,all_returned_cycle_dependent,planned,/storage/raj.ayush/s2s_final_data/final_iteration/raw/ecmwf/forecast/jjas2024/t2m/20240704_pf.grib,3d206cb4c29b0d9f7f40494c5dbefc012780ad0ae4cc81191d54bfddfca043c8
ecmwf,forecast,2024-07-07,cf,tp,not_applicable,all_returned_cycle_dependent,planned,/storage/raj.ayush/s2s_final_data/final_iteration/raw/ecmwf/forecast/jjas2024/tp/20240707_cf.grib,8516b231d60b6962bd2b0daaf4b05ef560b3d8708ec9def0946c64717a225856
ecmwf,forecast,2024-07-07,pf,tp,not_applicable,all_returned_cycle_dependent,planned,/storage/raj.ayush/s2s_final_data/final_iteration/raw/ecmwf/forecast/jjas2024/tp/20240707_pf.grib,1ffe2be7a8fde24da952db19977494fdb01c3a03de9b9bb2faf7806c3f1ed5c5
ecmwf,forecast,2024-07-07,cf,t2m,daily_mean_t2m,all_returned_cycle_dependent,planned,/storage/raj.ayush/s2s_final_data/final_iteration/raw/ecmwf/forecast/jjas2024/t2m/20240707_cf.grib,30dc8707f6c55224223a6905dfc405bd9a6341b2510c5c825b094e469a4b6262
ecmwf,forecast,2024-07-07,pf,t2m,daily_mean_t2m,all_returned_cycle_dependent,planned,/storage/raj.ayush/s2s_final_data/final_iteration/raw/ecmwf/forecast/jjas2024/t2m/20240707_pf.grib,717163a70ec475a30acf3fea92f1c36357a0b37da967e09636ece1b969477591
ecmwf,forecast,2024-07-11,cf,tp,not_applicable,all_returned_cycle_dependent,planned,/storage/raj.ayush/s2s_final_data/final_iteration/raw/ecmwf/forecast/jjas2024/tp/20240711_cf.grib,ad24278ea22c006e1efcd00209070b753e58d8b53ea537e2487b12c0bd0abcac
ecmwf,forecast,2024-07-11,pf,tp,not_applicable,all_returned_cycle_dependent,planned,/storage/raj.ayush/s2s_final_data/final_iteration/raw/ecmwf/forecast/jjas2024/tp/20240711_pf.grib,ac3c6b3e357b571be7e4c4dc7252dc6885799389b36bfffa27f3a4bee8067799
ecmwf,forecast,2024-07-11,cf,t2m,daily_mean_t2m,all_returned_cycle_dependent,planned,/storage/raj.ayush/s2s_final_data/final_iteration/raw/ecmwf/forecast/jjas2024/t2m/20240711_cf.grib,09eeb6e8d67bf49adf802c74182aec1d2342d4173b01bd6c66bebf5651018968
ecmwf,forecast,2024-07-11,pf,t2m,daily_mean_t2m,all_returned_cycle_dependent,planned,/storage/raj.ayush/s2s_final_data/final_iteration/raw/ecmwf/forecast/jjas2024/t2m/20240711_pf.grib,6c57c0c440477c124f543844ade2ceb2ee1c30a1d5a08440c10283042afde328
ecmwf,forecast,2024-07-14,cf,tp,not_applicable,all_returned_cycle_dependent,planned,/storage/raj.ayush/s2s_final_data/final_iteration/raw/ecmwf/forecast/jjas2024/tp/20240714_cf.grib,17c36a3e8ca6ecc48169c38fdc0dd76c971b3db92764bd5aa28ac72ad8a788a7
ecmwf,forecast,2024-07-14,pf,tp,not_applicable,all_returned_cycle_dependent,planned,/storage/raj.ayush/s2s_final_data/final_iteration/raw/ecmwf/forecast/jjas2024/tp/20240714_pf.grib,4fdf71e491022a1b13c928f882cccbe312b5beac11fe74e0ae9c9514c282911c
ecmwf,forecast,2024-07-14,cf,t2m,daily_mean_t2m,all_returned_cycle_dependent,planned,/storage/raj.ayush/s2s_final_data/final_iteration/raw/ecmwf/forecast/jjas2024/t2m/20240714_cf.grib,de55f765b23719310cab0cbec388cdee6648d604d21a6933387a633c7465285d
ecmwf,forecast,2024-07-14,pf,t2m,daily_mean_t2m,all_returned_cycle_dependent,planned,/storage/raj.ayush/s2s_final_data/final_iteration/raw/ecmwf/forecast/jjas2024/t2m/20240714_pf.grib,ac7a94ca1bdfdd7be0e7d6b72246e42e2ab96e2bd02ce671d680ff0bf3e6246f
ecmwf,forecast,2024-07-18,cf,tp,not_applicable,all_returned_cycle_dependent,planned,/storage/raj.ayush/s2s_final_data/final_iteration/raw/ecmwf/forecast/jjas2024/tp/20240718_cf.grib,8e70b64aef8afe0f01e22c94d2976753bd33ae02fdd364d577671bacc358916d
ecmwf,forecast,2024-07-18,pf,tp,not_applicable,all_returned_cycle_dependent,planned,/storage/raj.ayush/s2s_final_data/final_iteration/raw/ecmwf/forecast/jjas2024/tp/20240718_pf.grib,ed95e617dd58b34f469106f88af7436100985bab1d64ecd2bb3bcee095dff5cf
ecmwf,forecast,2024-07-18,cf,t2m,daily_mean_t2m,all_returned_cycle_dependent,planned,/storage/raj.ayush/s2s_final_data/final_iteration/raw/ecmwf/forecast/jjas2024/t2m/20240718_cf.grib,83cc8cad20ca74bed46a97674791a46f1352e907de5b053271352db52ee8c449
ecmwf,forecast,2024-07-18,pf,t2m,daily_mean_t2m,all_returned_cycle_dependent,planned,/storage/raj.ayush/s2s_final_data/final_iteration/raw/ecmwf/forecast/jjas2024/t2m/20240718_pf.grib,5e750e829f444893b68717e686736662ae26375d3d369c5a1f938f3c408b61c2
ecmwf,forecast,2024-07-21,cf,tp,not_applicable,all_returned_cycle_dependent,planned,/storage/raj.ayush/s2s_final_data/final_iteration/raw/ecmwf/forecast/jjas2024/tp/20240721_cf.grib,b6e219ea11ec054db83e62d975fef0f589341022211b09c43d8a9f1beaa97da8
ecmwf,forecast,2024-07-21,pf,tp,not_applicable,all_returned_cycle_dependent,planned,/storage/raj.ayush/s2s_final_data/final_iteration/raw/ecmwf/forecast/jjas2024/tp/20240721_pf.grib,386ea10b27e85e952c77a645d5162d317bb7d5d2d9dee134d4a95f0b19d24f0a
ecmwf,forecast,2024-07-21,cf,t2m,daily_mean_t2m,all_returned_cycle_dependent,planned,/storage/raj.ayush/s2s_final_data/final_iteration/raw/ecmwf/forecast/jjas2024/t2m/20240721_cf.grib,d9e617c276606d49a8cf1b8366669676dcb09e8564d25d3a782049ebd5756342
ecmwf,forecast,2024-07-21,pf,t2m,daily_mean_t2m,all_returned_cycle_dependent,planned,/storage/raj.ayush/s2s_final_data/final_iteration/raw/ecmwf/forecast/jjas2024/t2m/20240721_pf.grib,9f37b6cb5caa9368c66c221cf18c6ee484d4eff7500a7ee13257231a740d4e1b
ecmwf,forecast,2024-07-25,cf,tp,not_applicable,all_returned_cycle_dependent,planned,/storage/raj.ayush/s2s_final_data/final_iteration/raw/ecmwf/forecast/jjas2024/tp/20240725_cf.grib,b78abb0f9bb8ae11294ca1f12c3912d1573483d9ac3c20eeaf283a07bdd11b2f
ecmwf,forecast,2024-07-25,pf,tp,not_applicable,all_returned_cycle_dependent,planned,/storage/raj.ayush/s2s_final_data/final_iteration/raw/ecmwf/forecast/jjas2024/tp/20240725_pf.grib,4c32b9e433708bd0b1fb590d8ecb16d8d21db9d2e8b3e946f18b914bab540869
ecmwf,forecast,2024-07-25,cf,t2m,daily_mean_t2m,all_returned_cycle_dependent,planned,/storage/raj.ayush/s2s_final_data/final_iteration/raw/ecmwf/forecast/jjas2024/t2m/20240725_cf.grib,118cf20beea899b3dbe6aa79886b9c6cdaa70b1fa1a6b06c50297d12eaee1acd
ecmwf,forecast,2024-07-25,pf,t2m,daily_mean_t2m,all_returned_cycle_dependent,planned,/storage/raj.ayush/s2s_final_data/final_iteration/raw/ecmwf/forecast/jjas2024/t2m/20240725_pf.grib,8e29c030891e1d1a83331bf95d12f7d1a03f1daa395845ca92b970de99bc75a0
ecmwf,forecast,2024-07-28,cf,tp,not_applicable,all_returned_cycle_dependent,planned,/storage/raj.ayush/s2s_final_data/final_iteration/raw/ecmwf/forecast/jjas2024/tp/20240728_cf.grib,e7efe98ba3e8674a017da56639f0626be953f96a1e0b21caea9017048663b707
ecmwf,forecast,2024-07-28,pf,tp,not_applicable,all_returned_cycle_dependent,planned,/storage/raj.ayush/s2s_final_data/final_iteration/raw/ecmwf/forecast/jjas2024/tp/20240728_pf.grib,8ae5c11dcc05dab297c5efd3fda29512710b38e1a2db830d515efb7991a0e754
ecmwf,forecast,2024-07-28,cf,t2m,daily_mean_t2m,all_returned_cycle_dependent,planned,/storage/raj.ayush/s2s_final_data/final_iteration/raw/ecmwf/forecast/jjas2024/t2m/20240728_cf.grib,462d5cdb232828de1a35047d59ead00a563682e3953698acc3624c378be834d6
ecmwf,forecast,2024-07-28,pf,t2m,daily_mean_t2m,all_returned_cycle_dependent,planned,/storage/raj.ayush/s2s_final_data/final_iteration/raw/ecmwf/forecast/jjas2024/t2m/20240728_pf.grib,5fec510446280db96f7807eb8678f6bdb5132a27b03f6b58719282e3805821aa
ecmwf,forecast,2024-08-01,cf,tp,not_applicable,all_returned_cycle_dependent,planned,/storage/raj.ayush/s2s_final_data/final_iteration/raw/ecmwf/forecast/jjas2024/tp/20240801_cf.grib,e0c6d56584dfb4806399e994964577137c1424158f92e923672ceafaf7b39429
ecmwf,forecast,2024-08-01,pf,tp,not_applicable,all_returned_cycle_dependent,planned,/storage/raj.ayush/s2s_final_data/final_iteration/raw/ecmwf/forecast/jjas2024/tp/20240801_pf.grib,a32f6a7211e9d023b126fff33af8e2b32a5789ca5e9d39eb0f2abdc8c9ae0d8e
ecmwf,forecast,2024-08-01,cf,t2m,daily_mean_t2m,all_returned_cycle_dependent,planned,/storage/raj.ayush/s2s_final_data/final_iteration/raw/ecmwf/forecast/jjas2024/t2m/20240801_cf.grib,06faa13a9b64e7b4ec4d060aa3e67d3ea027b3c5eeeb1f0461c6120652290deb
ecmwf,forecast,2024-08-01,pf,t2m,daily_mean_t2m,all_returned_cycle_dependent,planned,/storage/raj.ayush/s2s_final_data/final_iteration/raw/ecmwf/forecast/jjas2024/t2m/20240801_pf.grib,bf9bde607d54765ba08f0de6447c8a6d3d7f8fa7226dc6091ce4c7ad4c7f9593
ecmwf,forecast,2024-08-04,cf,tp,not_applicable,all_returned_cycle_dependent,planned,/storage/raj.ayush/s2s_final_data/final_iteration/raw/ecmwf/forecast/jjas2024/tp/20240804_cf.grib,430aa924a645d8988c1a89e2f6945118a28c19cd3fbcfaf67d8cb1fc3ec452ae
ecmwf,forecast,2024-08-04,pf,tp,not_applicable,all_returned_cycle_dependent,planned,/storage/raj.ayush/s2s_final_data/final_iteration/raw/ecmwf/forecast/jjas2024/tp/20240804_pf.grib,c2df97413122f90bffb44f3702c7b248284533e8aaed1e779f9efa46c34efdbc
ecmwf,forecast,2024-08-04,cf,t2m,daily_mean_t2m,all_returned_cycle_dependent,planned,/storage/raj.ayush/s2s_final_data/final_iteration/raw/ecmwf/forecast/jjas2024/t2m/20240804_cf.grib,d91cb9c83189e6de317249fc4e7258d2e4008357bb43818bc790e7d8be0b5e3e
ecmwf,forecast,2024-08-04,pf,t2m,daily_mean_t2m,all_returned_cycle_dependent,planned,/storage/raj.ayush/s2s_final_data/final_iteration/raw/ecmwf/forecast/jjas2024/t2m/20240804_pf.grib,45273097d9f69ced801306465a7de2cb5e0eb7caca99c8c7fd10ae09bdb23e05
ecmwf,forecast,2024-08-08,cf,tp,not_applicable,all_returned_cycle_dependent,planned,/storage/raj.ayush/s2s_final_data/final_iteration/raw/ecmwf/forecast/jjas2024/tp/20240808_cf.grib,3155eb539e2d21e1fbe31b22ddeb877c6a72d765239545681d30a60f76cdfaaf
ecmwf,forecast,2024-08-08,pf,tp,not_applicable,all_returned_cycle_dependent,planned,/storage/raj.ayush/s2s_final_data/final_iteration/raw/ecmwf/forecast/jjas2024/tp/20240808_pf.grib,5ddcd814100b7191f7549b6dab17f3df756db4463aac805d4d6ce05863a185b0
ecmwf,forecast,2024-08-08,cf,t2m,daily_mean_t2m,all_returned_cycle_dependent,planned,/storage/raj.ayush/s2s_final_data/final_iteration/raw/ecmwf/forecast/jjas2024/t2m/20240808_cf.grib,cf2a18dfa60d06e8b59ecc4be3c2e8512d419bd6e966d05f5d791a37d7d516c6
ecmwf,forecast,2024-08-08,pf,t2m,daily_mean_t2m,all_returned_cycle_dependent,planned,/storage/raj.ayush/s2s_final_data/final_iteration/raw/ecmwf/forecast/jjas2024/t2m/20240808_pf.grib,ad805cfa02f5bc40011e292c589fc0325ec65465596af67e5c6db59b183b05b5
ecmwf,forecast,2024-08-11,cf,tp,not_applicable,all_returned_cycle_dependent,planned,/storage/raj.ayush/s2s_final_data/final_iteration/raw/ecmwf/forecast/jjas2024/tp/20240811_cf.grib,3ca56677e3958e259062133f480a10d25e8dc85469668699d28937cb5d01c808
ecmwf,forecast,2024-08-11,pf,tp,not_applicable,all_returned_cycle_dependent,planned,/storage/raj.ayush/s2s_final_data/final_iteration/raw/ecmwf/forecast/jjas2024/tp/20240811_pf.grib,9e3d58d826bc2e5b3a32004b993b151fc7420ffd093d4aa84c9ef624b3841a59
ecmwf,forecast,2024-08-11,cf,t2m,daily_mean_t2m,all_returned_cycle_dependent,planned,/storage/raj.ayush/s2s_final_data/final_iteration/raw/ecmwf/forecast/jjas2024/t2m/20240811_cf.grib,607c062115f8e8fcf38a66cbccfc86566fe6e1f47254ed9e08a13423a2ad30a8
ecmwf,forecast,2024-08-11,pf,t2m,daily_mean_t2m,all_returned_cycle_dependent,planned,/storage/raj.ayush/s2s_final_data/final_iteration/raw/ecmwf/forecast/jjas2024/t2m/20240811_pf.grib,b888489d5ac00d2cfd902d6296f5032fee660272a126e94a573a5aff404bcc50
ecmwf,forecast,2024-08-15,cf,tp,not_applicable,all_returned_cycle_dependent,planned,/storage/raj.ayush/s2s_final_data/final_iteration/raw/ecmwf/forecast/jjas2024/tp/20240815_cf.grib,3468c86375ac3c7a6b677325d3592ebecbfcfba65236aea99156ca6fc2d505cf
ecmwf,forecast,2024-08-15,pf,tp,not_applicable,all_returned_cycle_dependent,planned,/storage/raj.ayush/s2s_final_data/final_iteration/raw/ecmwf/forecast/jjas2024/tp/20240815_pf.grib,662ee4b9ff8049bd0d44b906baffa24e1568c77c42a2f5c9092c83ab6c94a628
ecmwf,forecast,2024-08-15,cf,t2m,daily_mean_t2m,all_returned_cycle_dependent,planned,/storage/raj.ayush/s2s_final_data/final_iteration/raw/ecmwf/forecast/jjas2024/t2m/20240815_cf.grib,e4cb72a7df2d229d87ccf7099c0328aecbc0db9a6be671ca4b44691bdfe246a1
ecmwf,forecast,2024-08-15,pf,t2m,daily_mean_t2m,all_returned_cycle_dependent,planned,/storage/raj.ayush/s2s_final_data/final_iteration/raw/ecmwf/forecast/jjas2024/t2m/20240815_pf.grib,029c26faf79b5ab5e56952fb80c56c0648932118c97db822659309d189bf4672
ecmwf,forecast,2024-08-18,cf,tp,not_applicable,all_returned_cycle_dependent,planned,/storage/raj.ayush/s2s_final_data/final_iteration/raw/ecmwf/forecast/jjas2024/tp/20240818_cf.grib,0c4c20fcfc0f88c3df4ef5381418993666878bcecd4b0314f1e8cfc6856f83bf
ecmwf,forecast,2024-08-18,pf,tp,not_applicable,all_returned_cycle_dependent,planned,/storage/raj.ayush/s2s_final_data/final_iteration/raw/ecmwf/forecast/jjas2024/tp/20240818_pf.grib,e914cf59c702ac1e859a3efb87b24e2ef36f92c6eb49d4384bb364947957f495
ecmwf,forecast,2024-08-18,cf,t2m,daily_mean_t2m,all_returned_cycle_dependent,planned,/storage/raj.ayush/s2s_final_data/final_iteration/raw/ecmwf/forecast/jjas2024/t2m/20240818_cf.grib,6b080f09827bffc2e80ed32aee01de931ab330ed7f070e42b823191f36d859d1
ecmwf,forecast,2024-08-18,pf,t2m,daily_mean_t2m,all_returned_cycle_dependent,planned,/storage/raj.ayush/s2s_final_data/final_iteration/raw/ecmwf/forecast/jjas2024/t2m/20240818_pf.grib,1eda90ef20843ff2dce4e17cddd7c1f5e33302a92d3531302fa4db83d1b7caa8
ecmwf,forecast,2024-08-22,cf,tp,not_applicable,all_returned_cycle_dependent,planned,/storage/raj.ayush/s2s_final_data/final_iteration/raw/ecmwf/forecast/jjas2024/tp/20240822_cf.grib,12e60b789b4dbb8b86e7bcf06d8592497d3693d2d1b23dc69edb063a7b559f77
ecmwf,forecast,2024-08-22,pf,tp,not_applicable,all_returned_cycle_dependent,planned,/storage/raj.ayush/s2s_final_data/final_iteration/raw/ecmwf/forecast/jjas2024/tp/20240822_pf.grib,82a759320ec888897ef13ae0c464b7c39fcc5e97dfbfbdf6c1e981f40e4be1a5
ecmwf,forecast,2024-08-22,cf,t2m,daily_mean_t2m,all_returned_cycle_dependent,planned,/storage/raj.ayush/s2s_final_data/final_iteration/raw/ecmwf/forecast/jjas2024/t2m/20240822_cf.grib,e0b46ad64f4cd20072d35bc9be863548c3737ebafe09c137e197e8aa5de8a586
ecmwf,forecast,2024-08-22,pf,t2m,daily_mean_t2m,all_returned_cycle_dependent,planned,/storage/raj.ayush/s2s_final_data/final_iteration/raw/ecmwf/forecast/jjas2024/t2m/20240822_pf.grib,83efe2a1b338bb58e78c955a9efbbc11f9802ae2fbf5860d9682a73332fc6a14
ecmwf,forecast,2024-08-25,cf,tp,not_applicable,all_returned_cycle_dependent,planned,/storage/raj.ayush/s2s_final_data/final_iteration/raw/ecmwf/forecast/jjas2024/tp/20240825_cf.grib,fef9bf168e79024140c5764f547504bb0ec24a9af229d4612e30ea212b4700d6
ecmwf,forecast,2024-08-25,pf,tp,not_applicable,all_returned_cycle_dependent,planned,/storage/raj.ayush/s2s_final_data/final_iteration/raw/ecmwf/forecast/jjas2024/tp/20240825_pf.grib,b393a0236d66b2a7aa6830569ff12e9339e9816d4ede5a7dead8c77241dc5f2a
ecmwf,forecast,2024-08-25,cf,t2m,daily_mean_t2m,all_returned_cycle_dependent,planned,/storage/raj.ayush/s2s_final_data/final_iteration/raw/ecmwf/forecast/jjas2024/t2m/20240825_cf.grib,89e88a5bdc23b47994a224aa6c94b30997e5dace423aee40c541a3a465cc356a
ecmwf,forecast,2024-08-25,pf,t2m,daily_mean_t2m,all_returned_cycle_dependent,planned,/storage/raj.ayush/s2s_final_data/final_iteration/raw/ecmwf/forecast/jjas2024/t2m/20240825_pf.grib,20aff3aebdc461cc6a11c7f40fd6908cfef00a3205a170bcacabb9b2c231535b
ecmwf,forecast,2024-08-29,cf,tp,not_applicable,all_returned_cycle_dependent,planned,/storage/raj.ayush/s2s_final_data/final_iteration/raw/ecmwf/forecast/jjas2024/tp/20240829_cf.grib,8176c2ecb1ebf22e87bdd141474d699e726b48d4213daee5cfe2d512b1c09b86
ecmwf,forecast,2024-08-29,pf,tp,not_applicable,all_returned_cycle_dependent,planned,/storage/raj.ayush/s2s_final_data/final_iteration/raw/ecmwf/forecast/jjas2024/tp/20240829_pf.grib,1242fd50195a84564b48b3a2e9586df79f0844b2b5cb5d3aec35e8d29d6bfe4c
ecmwf,forecast,2024-08-29,cf,t2m,daily_mean_t2m,all_returned_cycle_dependent,planned,/storage/raj.ayush/s2s_final_data/final_iteration/raw/ecmwf/forecast/jjas2024/t2m/20240829_cf.grib,3cc8940414ee2c1e98b174012048fd0c174bf60f2c8b2d8fcfb3e6e2add121a8
ecmwf,forecast,2024-08-29,pf,t2m,daily_mean_t2m,all_returned_cycle_dependent,planned,/storage/raj.ayush/s2s_final_data/final_iteration/raw/ecmwf/forecast/jjas2024/t2m/20240829_pf.grib,332d3e88ad5b0dafbf44866b98740eee8cdc6d4c7b48a1759ae207f1b226ee90
ecmwf,forecast,2024-09-01,cf,tp,not_applicable,all_returned_cycle_dependent,planned,/storage/raj.ayush/s2s_final_data/final_iteration/raw/ecmwf/forecast/jjas2024/tp/20240901_cf.grib,e488d5e399537b4a9e50bbad89e1bd07af121339eb00aab6b5477dfa778bf29e
ecmwf,forecast,2024-09-01,pf,tp,not_applicable,all_returned_cycle_dependent,planned,/storage/raj.ayush/s2s_final_data/final_iteration/raw/ecmwf/forecast/jjas2024/tp/20240901_pf.grib,06b49149d2fefdfb93ac0e30229279c5d492f721705274a604f7458fb9d49391
ecmwf,forecast,2024-09-01,cf,t2m,daily_mean_t2m,all_returned_cycle_dependent,planned,/storage/raj.ayush/s2s_final_data/final_iteration/raw/ecmwf/forecast/jjas2024/t2m/20240901_cf.grib,f9f5b23cbe12bc942370c64afe902c9caec7796e57680f2e849e89b02f2d8f99
ecmwf,forecast,2024-09-01,pf,t2m,daily_mean_t2m,all_returned_cycle_dependent,planned,/storage/raj.ayush/s2s_final_data/final_iteration/raw/ecmwf/forecast/jjas2024/t2m/20240901_pf.grib,604c381029abc46e5375f99381b5ed3d99187a58a91613ab10d8b7b395ea0541
ecmwf,forecast,2024-09-05,cf,tp,not_applicable,all_returned_cycle_dependent,planned,/storage/raj.ayush/s2s_final_data/final_iteration/raw/ecmwf/forecast/jjas2024/tp/20240905_cf.grib,112cfc82bc574c7ad28195a022167f09eae85e2dfaee4e78cc187325223e1a6e
ecmwf,forecast,2024-09-05,pf,tp,not_applicable,all_returned_cycle_dependent,planned,/storage/raj.ayush/s2s_final_data/final_iteration/raw/ecmwf/forecast/jjas2024/tp/20240905_pf.grib,ac2f9dd9b4690eb73838a9c6513653fe61854385fcb46ce522ad1b32ab525560
ecmwf,forecast,2024-09-05,cf,t2m,daily_mean_t2m,all_returned_cycle_dependent,planned,/storage/raj.ayush/s2s_final_data/final_iteration/raw/ecmwf/forecast/jjas2024/t2m/20240905_cf.grib,b6622d6d4df4e6ef39977922656025e94731b3033edd016c248aede4fba843f0
ecmwf,forecast,2024-09-05,pf,t2m,daily_mean_t2m,all_returned_cycle_dependent,planned,/storage/raj.ayush/s2s_final_data/final_iteration/raw/ecmwf/forecast/jjas2024/t2m/20240905_pf.grib,c622ec392dc064755885ff7160fb737c6a8fdaf39e3cfa67b4a66fc90ef51ca5
ecmwf,forecast,2024-09-08,cf,tp,not_applicable,all_returned_cycle_dependent,planned,/storage/raj.ayush/s2s_final_data/final_iteration/raw/ecmwf/forecast/jjas2024/tp/20240908_cf.grib,48a7d097a1076129278c8a95d580f0f0217e4cb0624944e38beee58c6274e51d
ecmwf,forecast,2024-09-08,pf,tp,not_applicable,all_returned_cycle_dependent,planned,/storage/raj.ayush/s2s_final_data/final_iteration/raw/ecmwf/forecast/jjas2024/tp/20240908_pf.grib,86c6b6a93a236d0a19bb75e1ccc68901b60460d6d4cc3f4508c9d732d9c2cf82
ecmwf,forecast,2024-09-08,cf,t2m,daily_mean_t2m,all_returned_cycle_dependent,planned,/storage/raj.ayush/s2s_final_data/final_iteration/raw/ecmwf/forecast/jjas2024/t2m/20240908_cf.grib,9f2e00135f4d3cf1a0e70a15fe76b5cbe32f017d65a2e91cf87443ddcc4afb70
ecmwf,forecast,2024-09-08,pf,t2m,daily_mean_t2m,all_returned_cycle_dependent,planned,/storage/raj.ayush/s2s_final_data/final_iteration/raw/ecmwf/forecast/jjas2024/t2m/20240908_pf.grib,c5df159ace0168bf00294d1cc657b33844d28ddf85f4671d86a2fe1f00d693b8
ecmwf,forecast,2024-09-12,cf,tp,not_applicable,all_returned_cycle_dependent,planned,/storage/raj.ayush/s2s_final_data/final_iteration/raw/ecmwf/forecast/jjas2024/tp/20240912_cf.grib,f24ac6a1d7d1ce89bf91c430ee81f74603b29ced180782d945232926c0f53540
ecmwf,forecast,2024-09-12,pf,tp,not_applicable,all_returned_cycle_dependent,planned,/storage/raj.ayush/s2s_final_data/final_iteration/raw/ecmwf/forecast/jjas2024/tp/20240912_pf.grib,2ae1d141425c613c5baacc144a2729d7f0dd7ae78df6caf18ce0d827b0ed5fa2
ecmwf,forecast,2024-09-12,cf,t2m,daily_mean_t2m,all_returned_cycle_dependent,planned,/storage/raj.ayush/s2s_final_data/final_iteration/raw/ecmwf/forecast/jjas2024/t2m/20240912_cf.grib,8f0225a77cb606f2b23b199617c56ffa84b36365739d564ba046e13fb77c223c
ecmwf,forecast,2024-09-12,pf,t2m,daily_mean_t2m,all_returned_cycle_dependent,planned,/storage/raj.ayush/s2s_final_data/final_iteration/raw/ecmwf/forecast/jjas2024/t2m/20240912_pf.grib,b26daf5e8207d8b90e20872d0e0e30b386ced70599d4b2101b5a1bbd08faa3a3
ecmwf,forecast,2024-09-15,cf,tp,not_applicable,all_returned_cycle_dependent,planned,/storage/raj.ayush/s2s_final_data/final_iteration/raw/ecmwf/forecast/jjas2024/tp/20240915_cf.grib,692ed6d858431a776e7cfc5f8c1cbd8f47fd74f09e2ddf74ebaea894ab4a5979
ecmwf,forecast,2024-09-15,pf,tp,not_applicable,all_returned_cycle_dependent,planned,/storage/raj.ayush/s2s_final_data/final_iteration/raw/ecmwf/forecast/jjas2024/tp/20240915_pf.grib,302fc15d722fef607132ef709445b6e7a0aa8e3e0ebe84e2ebebaa98f5a70be8
ecmwf,forecast,2024-09-15,cf,t2m,daily_mean_t2m,all_returned_cycle_dependent,planned,/storage/raj.ayush/s2s_final_data/final_iteration/raw/ecmwf/forecast/jjas2024/t2m/20240915_cf.grib,08a6e7d509867b08b23513ecd0342878106f7ee072ffe184d824f870e6045ded
ecmwf,forecast,2024-09-15,pf,t2m,daily_mean_t2m,all_returned_cycle_dependent,planned,/storage/raj.ayush/s2s_final_data/final_iteration/raw/ecmwf/forecast/jjas2024/t2m/20240915_pf.grib,9123e50117fe0e892d857c5f2b15a491d189062595e6fee642ec5f1145f4b9c7
ecmwf,forecast,2024-09-19,cf,tp,not_applicable,all_returned_cycle_dependent,planned,/storage/raj.ayush/s2s_final_data/final_iteration/raw/ecmwf/forecast/jjas2024/tp/20240919_cf.grib,d29173492f870bb56fe55a6f961693e1c5316b9284ff6023d435decf694c4635
ecmwf,forecast,2024-09-19,pf,tp,not_applicable,all_returned_cycle_dependent,planned,/storage/raj.ayush/s2s_final_data/final_iteration/raw/ecmwf/forecast/jjas2024/tp/20240919_pf.grib,5e6ac9390066ef480ec1de271ce5f383bae2cd905da5fba65ba74c9e1d7cf145
ecmwf,forecast,2024-09-19,cf,t2m,daily_mean_t2m,all_returned_cycle_dependent,planned,/storage/raj.ayush/s2s_final_data/final_iteration/raw/ecmwf/forecast/jjas2024/t2m/20240919_cf.grib,7ac5983c68d435aa342dfe6b4df5eae12a811a31fd36c785467aa9bb5f7d7f77
ecmwf,forecast,2024-09-19,pf,t2m,daily_mean_t2m,all_returned_cycle_dependent,planned,/storage/raj.ayush/s2s_final_data/final_iteration/raw/ecmwf/forecast/jjas2024/t2m/20240919_pf.grib,12ceb2e3d7c5f30123c4ae0f65524c247e3b12af6825cfd9b6bfdf2e450afce8
ecmwf,forecast,2024-09-22,cf,tp,not_applicable,all_returned_cycle_dependent,planned,/storage/raj.ayush/s2s_final_data/final_iteration/raw/ecmwf/forecast/jjas2024/tp/20240922_cf.grib,ece1f3a56314a97f681358100edfdea8096f0da4c3cd1e85ab24f582a646a272
ecmwf,forecast,2024-09-22,pf,tp,not_applicable,all_returned_cycle_dependent,planned,/storage/raj.ayush/s2s_final_data/final_iteration/raw/ecmwf/forecast/jjas2024/tp/20240922_pf.grib,b09064ff4a861e100296f59f1ef8ecfc5724ecf802a9a59aa24a3d34c58063a5
ecmwf,forecast,2024-09-22,cf,t2m,daily_mean_t2m,all_returned_cycle_dependent,planned,/storage/raj.ayush/s2s_final_data/final_iteration/raw/ecmwf/forecast/jjas2024/t2m/20240922_cf.grib,0f9ecdc5e131f1095ce8a2a653e3c2bd78d7b64112bbbb05db472b228313a357
ecmwf,forecast,2024-09-22,pf,t2m,daily_mean_t2m,all_returned_cycle_dependent,planned,/storage/raj.ayush/s2s_final_data/final_iteration/raw/ecmwf/forecast/jjas2024/t2m/20240922_pf.grib,7ab6b36eb5dbd067485704e3a8d61dd36ac31497c82694ae562d3368a2836dee
ecmwf,forecast,2024-09-26,cf,tp,not_applicable,all_returned_cycle_dependent,planned,/storage/raj.ayush/s2s_final_data/final_iteration/raw/ecmwf/forecast/jjas2024/tp/20240926_cf.grib,f2d561a1cbcc66ccf520b1a4e4bed11bd89eb06d78e78e9047e8a3a5437e59ab
ecmwf,forecast,2024-09-26,pf,tp,not_applicable,all_returned_cycle_dependent,planned,/storage/raj.ayush/s2s_final_data/final_iteration/raw/ecmwf/forecast/jjas2024/tp/20240926_pf.grib,1ec55fce5d46dba72df5f9b51b202145e5d3e78b311ef47aacc6cee4df6458b3
ecmwf,forecast,2024-09-26,cf,t2m,daily_mean_t2m,all_returned_cycle_dependent,planned,/storage/raj.ayush/s2s_final_data/final_iteration/raw/ecmwf/forecast/jjas2024/t2m/20240926_cf.grib,fe2c7113bbebe05eb74293b34bfc119d70c98254f6f53785849b2de81131115f
ecmwf,forecast,2024-09-26,pf,t2m,daily_mean_t2m,all_returned_cycle_dependent,planned,/storage/raj.ayush/s2s_final_data/final_iteration/raw/ecmwf/forecast/jjas2024/t2m/20240926_pf.grib,4d13fbe6e390e4287422aceaae7867345f34222357fea99bc49011c3b6d36858
ecmwf,forecast,2024-09-29,cf,tp,not_applicable,all_returned_cycle_dependent,planned,/storage/raj.ayush/s2s_final_data/final_iteration/raw/ecmwf/forecast/jjas2024/tp/20240929_cf.grib,1d50c1d7bc3add99d47c7da48438e16d7cbc956a40bb028ca56cd5293609f922
ecmwf,forecast,2024-09-29,pf,tp,not_applicable,all_returned_cycle_dependent,planned,/storage/raj.ayush/s2s_final_data/final_iteration/raw/ecmwf/forecast/jjas2024/tp/20240929_pf.grib,5c4afd5170e3289b69d7f3b49f357992549038090943f4a0dacc9db406b58f87
ecmwf,forecast,2024-09-29,cf,t2m,daily_mean_t2m,all_returned_cycle_dependent,planned,/storage/raj.ayush/s2s_final_data/final_iteration/raw/ecmwf/forecast/jjas2024/t2m/20240929_cf.grib,ec89c26d8e274775094542c20283b4f65e6d796b4bafe24c27780a75a4f95684
ecmwf,forecast,2024-09-29,pf,t2m,daily_mean_t2m,all_returned_cycle_dependent,planned,/storage/raj.ayush/s2s_final_data/final_iteration/raw/ecmwf/forecast/jjas2024/t2m/20240929_pf.grib,4d0107389c8651e5ea29ab33859d6dab8c8473f8f99982947a7f36471ee458ec
ukmo,forecast,2020-06-02,cf,tp,not_applicable,4,planned,/storage/raj.ayush/s2s_final_data/final_iteration/raw/ukmo/forecast/jjas2020/tp/20200602_cf.grib,4f25d492a6421696186a05546faa5eb944425f3a9fd032a635cf5fe8f0010279
ukmo,forecast,2020-06-02,pf,tp,not_applicable,4,planned,/storage/raj.ayush/s2s_final_data/final_iteration/raw/ukmo/forecast/jjas2020/tp/20200602_pf.grib,24bdeaf4266b9a5f313a85693b3143c3c0118b086e238adf141389fd69e5b864
ukmo,forecast,2020-06-02,cf,t2m,daily_mean_t2m,4,planned,/storage/raj.ayush/s2s_final_data/final_iteration/raw/ukmo/forecast/jjas2020/t2m/20200602_cf.grib,fc377c3f185131ce9fece32dbc232ae348b68b432cc5a11109354b75eca6e410
ukmo,forecast,2020-06-02,pf,t2m,daily_mean_t2m,4,planned,/storage/raj.ayush/s2s_final_data/final_iteration/raw/ukmo/forecast/jjas2020/t2m/20200602_pf.grib,419241a911567556debd0d8fe238c42877c1eef4ed6ddcc3c2064a7443c31af9
ukmo,forecast,2020-06-06,cf,tp,not_applicable,4,planned,/storage/raj.ayush/s2s_final_data/final_iteration/raw/ukmo/forecast/jjas2020/tp/20200606_cf.grib,5ec9e71b5810cd7823b7e178d7c636a15bae766a61578fa386a5b1136fd8c21d
ukmo,forecast,2020-06-06,pf,tp,not_applicable,4,planned,/storage/raj.ayush/s2s_final_data/final_iteration/raw/ukmo/forecast/jjas2020/tp/20200606_pf.grib,298e932f704658880d1776454b7241d64f6975ea48069e8c3fc682616d76ee7d
ukmo,forecast,2020-06-06,cf,t2m,daily_mean_t2m,4,planned,/storage/raj.ayush/s2s_final_data/final_iteration/raw/ukmo/forecast/jjas2020/t2m/20200606_cf.grib,fa60e7fb6fe9bd880552e4f4222a14420d1a65580b236d54ff30a8619b27cc68
ukmo,forecast,2020-06-06,pf,t2m,daily_mean_t2m,4,planned,/storage/raj.ayush/s2s_final_data/final_iteration/raw/ukmo/forecast/jjas2020/t2m/20200606_pf.grib,3818cb52af6f8e7c247d41e32eb119d3d558f529181b20fae7d7d5d37a7a88bb
ukmo,forecast,2020-06-09,cf,tp,not_applicable,4,planned,/storage/raj.ayush/s2s_final_data/final_iteration/raw/ukmo/forecast/jjas2020/tp/20200609_cf.grib,3a072e724deacde6dbe12acb5d7f141bc4517bb731076bf5a5a32788d8185457
ukmo,forecast,2020-06-09,pf,tp,not_applicable,4,planned,/storage/raj.ayush/s2s_final_data/final_iteration/raw/ukmo/forecast/jjas2020/tp/20200609_pf.grib,a8af0d70100ff3d14d68f3b2abe61cd895bf5aead5edee6f70c31699d8a00556
ukmo,forecast,2020-06-09,cf,t2m,daily_mean_t2m,4,planned,/storage/raj.ayush/s2s_final_data/final_iteration/raw/ukmo/forecast/jjas2020/t2m/20200609_cf.grib,df941d65d028767a7c7e3ab034ebc4f747c7711e5bd6d4f8b3fc69eae1768415
ukmo,forecast,2020-06-09,pf,t2m,daily_mean_t2m,4,planned,/storage/raj.ayush/s2s_final_data/final_iteration/raw/ukmo/forecast/jjas2020/t2m/20200609_pf.grib,6efa045a670bc70c42e9671a32478ee52c2f43a66355870f8ed3e24ba1c52cde
ukmo,forecast,2020-06-13,cf,tp,not_applicable,4,planned,/storage/raj.ayush/s2s_final_data/final_iteration/raw/ukmo/forecast/jjas2020/tp/20200613_cf.grib,87182477542724d3b45647a8b56b8956981a58bed2f48561d2dada868ebe3f7a
ukmo,forecast,2020-06-13,pf,tp,not_applicable,4,planned,/storage/raj.ayush/s2s_final_data/final_iteration/raw/ukmo/forecast/jjas2020/tp/20200613_pf.grib,5bd59b822479a14a71cdbccd442eeb5b050beebf4ab22145494c384760e6cf44
ukmo,forecast,2020-06-13,cf,t2m,daily_mean_t2m,4,planned,/storage/raj.ayush/s2s_final_data/final_iteration/raw/ukmo/forecast/jjas2020/t2m/20200613_cf.grib,fed83580ab8321cee9611145d9658c00d43ae04a00b4e64a16ba74ee71399ad4
ukmo,forecast,2020-06-13,pf,t2m,daily_mean_t2m,4,planned,/storage/raj.ayush/s2s_final_data/final_iteration/raw/ukmo/forecast/jjas2020/t2m/20200613_pf.grib,86ee7ca9f161c541416ec8648744ee6f1671b0151dd0f5eb2b8907d5944ec99f
ukmo,forecast,2020-06-16,cf,tp,not_applicable,4,planned,/storage/raj.ayush/s2s_final_data/final_iteration/raw/ukmo/forecast/jjas2020/tp/20200616_cf.grib,68f89952c3e0a28469ffece0d9766d823bfb8434243bbd21d60a62a913af71f5
ukmo,forecast,2020-06-16,pf,tp,not_applicable,4,planned,/storage/raj.ayush/s2s_final_data/final_iteration/raw/ukmo/forecast/jjas2020/tp/20200616_pf.grib,f8ce103ee5fbadebbb29c97c2da040dbbfcbb201bea357b1a1a2aa0593542db7
ukmo,forecast,2020-06-16,cf,t2m,daily_mean_t2m,4,planned,/storage/raj.ayush/s2s_final_data/final_iteration/raw/ukmo/forecast/jjas2020/t2m/20200616_cf.grib,1a44ff594449a35bb4a99330f5e1027b16d747f83c01f0cb928207dfc498dd1e
ukmo,forecast,2020-06-16,pf,t2m,daily_mean_t2m,4,planned,/storage/raj.ayush/s2s_final_data/final_iteration/raw/ukmo/forecast/jjas2020/t2m/20200616_pf.grib,0a91bc67e474131725d7487c7e89edef0ab119ed37a12668e88dfa85885f86b2
ukmo,forecast,2020-06-20,cf,tp,not_applicable,4,planned,/storage/raj.ayush/s2s_final_data/final_iteration/raw/ukmo/forecast/jjas2020/tp/20200620_cf.grib,f0ccb965e3e7073fc36cd60a4fba557278c73e1240c9d0623f3950930c33d903
ukmo,forecast,2020-06-20,pf,tp,not_applicable,4,planned,/storage/raj.ayush/s2s_final_data/final_iteration/raw/ukmo/forecast/jjas2020/tp/20200620_pf.grib,02f5391c38df59c30a7b6f8e09c2ed957cb423ef9eb91b27111667c6914d3ee8
ukmo,forecast,2020-06-20,cf,t2m,daily_mean_t2m,4,planned,/storage/raj.ayush/s2s_final_data/final_iteration/raw/ukmo/forecast/jjas2020/t2m/20200620_cf.grib,f7fc1c2a1ac390475574a3172cf3c0fd13e1a582039997aa36f3a9d90767c1a4
ukmo,forecast,2020-06-20,pf,t2m,daily_mean_t2m,4,planned,/storage/raj.ayush/s2s_final_data/final_iteration/raw/ukmo/forecast/jjas2020/t2m/20200620_pf.grib,ac752643ddddd153a81ffbe48cb5589b4d14c5929c675df6bb63ac75e777d79d
ukmo,forecast,2020-06-23,cf,tp,not_applicable,4,planned,/storage/raj.ayush/s2s_final_data/final_iteration/raw/ukmo/forecast/jjas2020/tp/20200623_cf.grib,2273c4b92fdcdc944c34580d1f060422a393e49bc224352b4d08b42de4b99e02
ukmo,forecast,2020-06-23,pf,tp,not_applicable,4,planned,/storage/raj.ayush/s2s_final_data/final_iteration/raw/ukmo/forecast/jjas2020/tp/20200623_pf.grib,7bec41cd99214af2fab20f53949f4bf3af544dbf095f2775c4923f4dbe1f21fc
ukmo,forecast,2020-06-23,cf,t2m,daily_mean_t2m,4,planned,/storage/raj.ayush/s2s_final_data/final_iteration/raw/ukmo/forecast/jjas2020/t2m/20200623_cf.grib,7acbfab453c1a3e341ca5946bf66d066da35031b185b1bbd681cd77d07f1c814
ukmo,forecast,2020-06-23,pf,t2m,daily_mean_t2m,4,planned,/storage/raj.ayush/s2s_final_data/final_iteration/raw/ukmo/forecast/jjas2020/t2m/20200623_pf.grib,0863b6d8dc2b623b376aedb3011f4598726a41a36893e0f611fe84deb96e966c
ukmo,forecast,2020-06-27,cf,tp,not_applicable,4,planned,/storage/raj.ayush/s2s_final_data/final_iteration/raw/ukmo/forecast/jjas2020/tp/20200627_cf.grib,57821d4dade5b73bdb0498e90ef36ee7aeac44ab353598f72365f1555be4abae
ukmo,forecast,2020-06-27,pf,tp,not_applicable,4,planned,/storage/raj.ayush/s2s_final_data/final_iteration/raw/ukmo/forecast/jjas2020/tp/20200627_pf.grib,2e37cdaaeb1663381fcd74cedb79893c4571e50b2c8cbac1fa9f0309dda47fa7
ukmo,forecast,2020-06-27,cf,t2m,daily_mean_t2m,4,planned,/storage/raj.ayush/s2s_final_data/final_iteration/raw/ukmo/forecast/jjas2020/t2m/20200627_cf.grib,1c81d982038c822387f81582f16d2b42196f568fcbd08146f103858a946e1392
ukmo,forecast,2020-06-27,pf,t2m,daily_mean_t2m,4,planned,/storage/raj.ayush/s2s_final_data/final_iteration/raw/ukmo/forecast/jjas2020/t2m/20200627_pf.grib,aaef9ee310b7b04a069786d8fa60823c72e0725161f6009756423018f4b7bc54
ukmo,forecast,2020-06-30,cf,tp,not_applicable,4,planned,/storage/raj.ayush/s2s_final_data/final_iteration/raw/ukmo/forecast/jjas2020/tp/20200630_cf.grib,777516a0870fbd18627ce52db775af45976af3f965653564256146ca99e9e630
ukmo,forecast,2020-06-30,pf,tp,not_applicable,4,planned,/storage/raj.ayush/s2s_final_data/final_iteration/raw/ukmo/forecast/jjas2020/tp/20200630_pf.grib,403d1530f2b2b96cf6c5ba34379bc305bd0831fb4c937e6a49a1788f3b9f8304
ukmo,forecast,2020-06-30,cf,t2m,daily_mean_t2m,4,planned,/storage/raj.ayush/s2s_final_data/final_iteration/raw/ukmo/forecast/jjas2020/t2m/20200630_cf.grib,aa33b574c7ee55458e603a837477cd437be41e3eacdcc8a100862e72e0243cfa
ukmo,forecast,2020-06-30,pf,t2m,daily_mean_t2m,4,planned,/storage/raj.ayush/s2s_final_data/final_iteration/raw/ukmo/forecast/jjas2020/t2m/20200630_pf.grib,540f811b651d9883e02c57e3414c8b32b27216973e3253d836d39eb0c14f80da
ukmo,forecast,2020-07-04,cf,tp,not_applicable,4,planned,/storage/raj.ayush/s2s_final_data/final_iteration/raw/ukmo/forecast/jjas2020/tp/20200704_cf.grib,0db06b2d160f5d8aa9d1cae021e742ff39d5f8ef1c7bc780a4e0c4670b8afe14
ukmo,forecast,2020-07-04,pf,tp,not_applicable,4,planned,/storage/raj.ayush/s2s_final_data/final_iteration/raw/ukmo/forecast/jjas2020/tp/20200704_pf.grib,f6b31a8a106393a93da06822397cb2c70e9dfdde1f58c6000b7c8867d290cba0
ukmo,forecast,2020-07-04,cf,t2m,daily_mean_t2m,4,planned,/storage/raj.ayush/s2s_final_data/final_iteration/raw/ukmo/forecast/jjas2020/t2m/20200704_cf.grib,494802e35f8a84dde1c76ec995b86fecf162a365bdc885ed8d2a57fb01c5971d
ukmo,forecast,2020-07-04,pf,t2m,daily_mean_t2m,4,planned,/storage/raj.ayush/s2s_final_data/final_iteration/raw/ukmo/forecast/jjas2020/t2m/20200704_pf.grib,716b255640cfab66a6c1b7543e8a40f2250c284668c0a6231e9c7180dd042ec3
ukmo,forecast,2020-07-07,cf,tp,not_applicable,4,planned,/storage/raj.ayush/s2s_final_data/final_iteration/raw/ukmo/forecast/jjas2020/tp/20200707_cf.grib,9b8980cf7012bc1d33cacd177cf45bd49f987bdc49a610d0e220f965f95cfb85
ukmo,forecast,2020-07-07,pf,tp,not_applicable,4,planned,/storage/raj.ayush/s2s_final_data/final_iteration/raw/ukmo/forecast/jjas2020/tp/20200707_pf.grib,434e3f33afaecbd6952e2e6be1b283d8a1398b6cec8f66d9369e75236e4717d4
ukmo,forecast,2020-07-07,cf,t2m,daily_mean_t2m,4,planned,/storage/raj.ayush/s2s_final_data/final_iteration/raw/ukmo/forecast/jjas2020/t2m/20200707_cf.grib,862a091a99ec77e79f90de1f625f666a52280c845b226874b50cbc7344d7d8e7
ukmo,forecast,2020-07-07,pf,t2m,daily_mean_t2m,4,planned,/storage/raj.ayush/s2s_final_data/final_iteration/raw/ukmo/forecast/jjas2020/t2m/20200707_pf.grib,06434420e734560b8cb1686cd35956eab2536c68d9ba593c2c13c91f016b7f49
ukmo,forecast,2020-07-11,cf,tp,not_applicable,4,planned,/storage/raj.ayush/s2s_final_data/final_iteration/raw/ukmo/forecast/jjas2020/tp/20200711_cf.grib,b1e4d60f7147cbe65e26c860ed36a4fd35aa4e40f2f15b96ff1a6bd4ae607711
ukmo,forecast,2020-07-11,pf,tp,not_applicable,4,planned,/storage/raj.ayush/s2s_final_data/final_iteration/raw/ukmo/forecast/jjas2020/tp/20200711_pf.grib,71f81f523600a776c87116af26a1d28a5376b5eefa7d7ff8ff652af2589f75f5
ukmo,forecast,2020-07-11,cf,t2m,daily_mean_t2m,4,planned,/storage/raj.ayush/s2s_final_data/final_iteration/raw/ukmo/forecast/jjas2020/t2m/20200711_cf.grib,fb958c9317d4b291b78b1b0b8e289d0b3c3a895f493cb02c377baad5800fb449
ukmo,forecast,2020-07-11,pf,t2m,daily_mean_t2m,4,planned,/storage/raj.ayush/s2s_final_data/final_iteration/raw/ukmo/forecast/jjas2020/t2m/20200711_pf.grib,b475a4e7dd069fdb16014d86698d227993d31aa5239a2bf74a8a90dece3ea6bb
ukmo,forecast,2020-07-14,cf,tp,not_applicable,4,planned,/storage/raj.ayush/s2s_final_data/final_iteration/raw/ukmo/forecast/jjas2020/tp/20200714_cf.grib,bc155a26eefb3fbfab114a44006438925782dcead2c0d5c1a7c3a7e6e34e9f66
ukmo,forecast,2020-07-14,pf,tp,not_applicable,4,planned,/storage/raj.ayush/s2s_final_data/final_iteration/raw/ukmo/forecast/jjas2020/tp/20200714_pf.grib,82905835f92f0008e6234d112fd60a9f2af00cf881e06b5fec12e6db60fccc0c
ukmo,forecast,2020-07-14,cf,t2m,daily_mean_t2m,4,planned,/storage/raj.ayush/s2s_final_data/final_iteration/raw/ukmo/forecast/jjas2020/t2m/20200714_cf.grib,6dba4fa304dc0c5e9b665319a1bcb09677ab64f0806c2ea1183184a348ff09f6
ukmo,forecast,2020-07-14,pf,t2m,daily_mean_t2m,4,planned,/storage/raj.ayush/s2s_final_data/final_iteration/raw/ukmo/forecast/jjas2020/t2m/20200714_pf.grib,ad261b4f99f7196fcf80bc873b73a7ee5901aa8dc9fd07c1547cbfe61ac1d9ae
ukmo,forecast,2020-07-18,cf,tp,not_applicable,4,planned,/storage/raj.ayush/s2s_final_data/final_iteration/raw/ukmo/forecast/jjas2020/tp/20200718_cf.grib,262cf4805a6b32d8878ebd5a0aaeff9800fabd20450a4a831b86427f2f1c2953
ukmo,forecast,2020-07-18,pf,tp,not_applicable,4,planned,/storage/raj.ayush/s2s_final_data/final_iteration/raw/ukmo/forecast/jjas2020/tp/20200718_pf.grib,99f7321dfb584f2b4058933a1dbf35accfcadf7aafacebf8fb173de4f8658930
ukmo,forecast,2020-07-18,cf,t2m,daily_mean_t2m,4,planned,/storage/raj.ayush/s2s_final_data/final_iteration/raw/ukmo/forecast/jjas2020/t2m/20200718_cf.grib,d4396e7eb9e81aaceefcbba2ab3814b7dd85d6a7530a52b832334a86f2971b25
ukmo,forecast,2020-07-18,pf,t2m,daily_mean_t2m,4,planned,/storage/raj.ayush/s2s_final_data/final_iteration/raw/ukmo/forecast/jjas2020/t2m/20200718_pf.grib,c59711e1155a3101ddd8d9893f5778d33bc1d65a331ce0a84d1134a2d1cb86dd
ukmo,forecast,2020-07-21,cf,tp,not_applicable,4,planned,/storage/raj.ayush/s2s_final_data/final_iteration/raw/ukmo/forecast/jjas2020/tp/20200721_cf.grib,a18ae326a150cca522e1bfc6b2cdcee9200d8bc46193ea475b978e7db7600ba1
ukmo,forecast,2020-07-21,pf,tp,not_applicable,4,planned,/storage/raj.ayush/s2s_final_data/final_iteration/raw/ukmo/forecast/jjas2020/tp/20200721_pf.grib,a7546bf772bb08e9a245dba3598e1858765bd49b40dae3679ab385813ebfb54a
ukmo,forecast,2020-07-21,cf,t2m,daily_mean_t2m,4,planned,/storage/raj.ayush/s2s_final_data/final_iteration/raw/ukmo/forecast/jjas2020/t2m/20200721_cf.grib,44beb9181a37d158d31cb76b5dd6c64c7353372c00089c2a559f0dca9828e226
ukmo,forecast,2020-07-21,pf,t2m,daily_mean_t2m,4,planned,/storage/raj.ayush/s2s_final_data/final_iteration/raw/ukmo/forecast/jjas2020/t2m/20200721_pf.grib,6f8a3349b23b1b8dedef360153fc96ed1aa371e63d51779605ef9314cf203590
ukmo,forecast,2020-07-25,cf,tp,not_applicable,4,planned,/storage/raj.ayush/s2s_final_data/final_iteration/raw/ukmo/forecast/jjas2020/tp/20200725_cf.grib,84b96cf6acee9a2c477433c25c37d0844b35e1bafeb6710dc03ed3374324bad3
ukmo,forecast,2020-07-25,pf,tp,not_applicable,4,planned,/storage/raj.ayush/s2s_final_data/final_iteration/raw/ukmo/forecast/jjas2020/tp/20200725_pf.grib,6fc41f380010f53e47000489c21fd15ce2a408e72572f23b8e1ef4f4f98d4074
ukmo,forecast,2020-07-25,cf,t2m,daily_mean_t2m,4,planned,/storage/raj.ayush/s2s_final_data/final_iteration/raw/ukmo/forecast/jjas2020/t2m/20200725_cf.grib,1b68bdf86097dde02616ae31901ae96f4a8626a478b34d021cee072144190ae2
ukmo,forecast,2020-07-25,pf,t2m,daily_mean_t2m,4,planned,/storage/raj.ayush/s2s_final_data/final_iteration/raw/ukmo/forecast/jjas2020/t2m/20200725_pf.grib,ca9d6125ee55bb5871381c39a3c62926a1027fc063bd984ee2c90698adaef0ac
ukmo,forecast,2020-07-28,cf,tp,not_applicable,4,planned,/storage/raj.ayush/s2s_final_data/final_iteration/raw/ukmo/forecast/jjas2020/tp/20200728_cf.grib,7e7c5811a996f3a4d6b8cba76931852d9085a6985f7a0e38612d2be0fb1f6585
ukmo,forecast,2020-07-28,pf,tp,not_applicable,4,planned,/storage/raj.ayush/s2s_final_data/final_iteration/raw/ukmo/forecast/jjas2020/tp/20200728_pf.grib,e5b9947702a23c977c0d1270a6c83dbf2f6f15a7a2a62737a7f748e39aca8ac8
ukmo,forecast,2020-07-28,cf,t2m,daily_mean_t2m,4,planned,/storage/raj.ayush/s2s_final_data/final_iteration/raw/ukmo/forecast/jjas2020/t2m/20200728_cf.grib,41abc2fe07c711d3003647184a434234f92cb38a3f643854b00a7a9e7aac965b
ukmo,forecast,2020-07-28,pf,t2m,daily_mean_t2m,4,planned,/storage/raj.ayush/s2s_final_data/final_iteration/raw/ukmo/forecast/jjas2020/t2m/20200728_pf.grib,5d4c917285338e928176325925f818f2c76fb954e8613edd05a1e73c0acaa937
ukmo,forecast,2020-08-01,cf,tp,not_applicable,4,planned,/storage/raj.ayush/s2s_final_data/final_iteration/raw/ukmo/forecast/jjas2020/tp/20200801_cf.grib,1c97d77bc406e022718ab30292883f964202bb4761389c29f58f7910266c8cdb
ukmo,forecast,2020-08-01,pf,tp,not_applicable,4,planned,/storage/raj.ayush/s2s_final_data/final_iteration/raw/ukmo/forecast/jjas2020/tp/20200801_pf.grib,16fabb638383ef8546f34766955e858c969c668fa0488b7270d4d4731f48e5d2
ukmo,forecast,2020-08-01,cf,t2m,daily_mean_t2m,4,planned,/storage/raj.ayush/s2s_final_data/final_iteration/raw/ukmo/forecast/jjas2020/t2m/20200801_cf.grib,c5ceccfc1ea3e62aadda04339f2c1fe2664fe4d7e90fb195b6ab83972a3a88d3
ukmo,forecast,2020-08-01,pf,t2m,daily_mean_t2m,4,planned,/storage/raj.ayush/s2s_final_data/final_iteration/raw/ukmo/forecast/jjas2020/t2m/20200801_pf.grib,2c5609e0eb5d29cf72f7769b291db0b9f6bf22d8b42648bdf88f6797bf7e2fb6
ukmo,forecast,2020-08-04,cf,tp,not_applicable,4,planned,/storage/raj.ayush/s2s_final_data/final_iteration/raw/ukmo/forecast/jjas2020/tp/20200804_cf.grib,35bba1f360d6cbe011ca559fd27dc50da9c5e5057d30acdf530bc97d8b3d186c
ukmo,forecast,2020-08-04,pf,tp,not_applicable,4,planned,/storage/raj.ayush/s2s_final_data/final_iteration/raw/ukmo/forecast/jjas2020/tp/20200804_pf.grib,7b6f2aee6e9b840b1103eb2c48ea1e06d84bb6ae5b0c0a57758b37d2c4f489d4
ukmo,forecast,2020-08-04,cf,t2m,daily_mean_t2m,4,planned,/storage/raj.ayush/s2s_final_data/final_iteration/raw/ukmo/forecast/jjas2020/t2m/20200804_cf.grib,af85817e0798e40d40e77a026a757d5233d863623787175acf4ba9b7eb5a8c8b
ukmo,forecast,2020-08-04,pf,t2m,daily_mean_t2m,4,planned,/storage/raj.ayush/s2s_final_data/final_iteration/raw/ukmo/forecast/jjas2020/t2m/20200804_pf.grib,8e7a9f2e0b7e3b56d5943abe65567cf7023c17dde82399676176c73f83ca24c7
ukmo,forecast,2020-08-08,cf,tp,not_applicable,4,planned,/storage/raj.ayush/s2s_final_data/final_iteration/raw/ukmo/forecast/jjas2020/tp/20200808_cf.grib,44aa9b5fa1af02b01a83fcf628fc15d2bdab2a33d5e7c44520e25f62739f3a56
ukmo,forecast,2020-08-08,pf,tp,not_applicable,4,planned,/storage/raj.ayush/s2s_final_data/final_iteration/raw/ukmo/forecast/jjas2020/tp/20200808_pf.grib,37f2363f354009d505096b216cf08a0564f2636a42e28f86d9d06112d6a4d8cb
ukmo,forecast,2020-08-08,cf,t2m,daily_mean_t2m,4,planned,/storage/raj.ayush/s2s_final_data/final_iteration/raw/ukmo/forecast/jjas2020/t2m/20200808_cf.grib,69989be69fc204ff64c5f0837fadd7423787503b240bd01f2a71a2107416533f
ukmo,forecast,2020-08-08,pf,t2m,daily_mean_t2m,4,planned,/storage/raj.ayush/s2s_final_data/final_iteration/raw/ukmo/forecast/jjas2020/t2m/20200808_pf.grib,2bcdef046a81ed1522990ec2e655c80d9c5b82803e4cf7278bb1c4f293234e67
ukmo,forecast,2020-08-11,cf,tp,not_applicable,4,planned,/storage/raj.ayush/s2s_final_data/final_iteration/raw/ukmo/forecast/jjas2020/tp/20200811_cf.grib,27f29f97531cdb59b36643b77b4670d971dbae848704ffe52150bdf8b61af4e4
ukmo,forecast,2020-08-11,pf,tp,not_applicable,4,planned,/storage/raj.ayush/s2s_final_data/final_iteration/raw/ukmo/forecast/jjas2020/tp/20200811_pf.grib,beebef4b2bb702eeab69d7d59fd63ddb0c515abae6a269d9bc40f4853ba576a0
ukmo,forecast,2020-08-11,cf,t2m,daily_mean_t2m,4,planned,/storage/raj.ayush/s2s_final_data/final_iteration/raw/ukmo/forecast/jjas2020/t2m/20200811_cf.grib,1a0d82eab26ff1ca44d683fb4739f386697e160ed8c4affb57e4e9f2ae5f1cb6
ukmo,forecast,2020-08-11,pf,t2m,daily_mean_t2m,4,planned,/storage/raj.ayush/s2s_final_data/final_iteration/raw/ukmo/forecast/jjas2020/t2m/20200811_pf.grib,aa650b285f5320597f8a5c59c970d8918056476099a9ab58bd0a6bdc41709291
ukmo,forecast,2020-08-15,cf,tp,not_applicable,4,planned,/storage/raj.ayush/s2s_final_data/final_iteration/raw/ukmo/forecast/jjas2020/tp/20200815_cf.grib,da343a522a68c279c6bd7abc3cf7e2f4091455c633beec63d25a093c72c67989
ukmo,forecast,2020-08-15,pf,tp,not_applicable,4,planned,/storage/raj.ayush/s2s_final_data/final_iteration/raw/ukmo/forecast/jjas2020/tp/20200815_pf.grib,b32bcacd9a398d0a5386ab34d477a2665959c9efb5f1dad698725ac0b520fa59
ukmo,forecast,2020-08-15,cf,t2m,daily_mean_t2m,4,planned,/storage/raj.ayush/s2s_final_data/final_iteration/raw/ukmo/forecast/jjas2020/t2m/20200815_cf.grib,d8832e71fedff2de6d968e39aa455a94dca8f2c57ba07a3ead417608ff3bed6a
ukmo,forecast,2020-08-15,pf,t2m,daily_mean_t2m,4,planned,/storage/raj.ayush/s2s_final_data/final_iteration/raw/ukmo/forecast/jjas2020/t2m/20200815_pf.grib,e02d112ff2cc50ea6d0d86a35778c0dcb3af60d7784b0fcadad93477a762ad90
ukmo,forecast,2020-08-18,cf,tp,not_applicable,4,planned,/storage/raj.ayush/s2s_final_data/final_iteration/raw/ukmo/forecast/jjas2020/tp/20200818_cf.grib,a0bc8b9c6441b87522de85088a1283c13547c53866f6f32e7241acabb8025896
ukmo,forecast,2020-08-18,pf,tp,not_applicable,4,planned,/storage/raj.ayush/s2s_final_data/final_iteration/raw/ukmo/forecast/jjas2020/tp/20200818_pf.grib,82c297c7dc0b76057b3704287c6bcef5ecaa55c899de3eb952c843de62880500
ukmo,forecast,2020-08-18,cf,t2m,daily_mean_t2m,4,planned,/storage/raj.ayush/s2s_final_data/final_iteration/raw/ukmo/forecast/jjas2020/t2m/20200818_cf.grib,75768ca676097806bb542c2e956c25a528f06b35cfec352bb7bc39ef9b38dc45
ukmo,forecast,2020-08-18,pf,t2m,daily_mean_t2m,4,planned,/storage/raj.ayush/s2s_final_data/final_iteration/raw/ukmo/forecast/jjas2020/t2m/20200818_pf.grib,e38df0a3dc281fae05c38a003d6a2e04d0c8c160c3a8d1396310b6375256ac5a
ukmo,forecast,2020-08-22,cf,tp,not_applicable,4,planned,/storage/raj.ayush/s2s_final_data/final_iteration/raw/ukmo/forecast/jjas2020/tp/20200822_cf.grib,b98d7c6e37de864c480aec2d679694096660fa034bf7e9197f9b660c17ca48aa
ukmo,forecast,2020-08-22,pf,tp,not_applicable,4,planned,/storage/raj.ayush/s2s_final_data/final_iteration/raw/ukmo/forecast/jjas2020/tp/20200822_pf.grib,446a5ff47b06b6417ca4cb207bdd789af0b7a456a59268920329540b33fd5ade
ukmo,forecast,2020-08-22,cf,t2m,daily_mean_t2m,4,planned,/storage/raj.ayush/s2s_final_data/final_iteration/raw/ukmo/forecast/jjas2020/t2m/20200822_cf.grib,aed622e288ed5ae01f5cc4a892a52fdbb9dff09f3dce46c4c8629d4c35b2299c
ukmo,forecast,2020-08-22,pf,t2m,daily_mean_t2m,4,planned,/storage/raj.ayush/s2s_final_data/final_iteration/raw/ukmo/forecast/jjas2020/t2m/20200822_pf.grib,badb087fb38e5413416dc1e953466c204b9291c074c3ff24c1346ecb031f20f8
ukmo,forecast,2020-08-25,cf,tp,not_applicable,4,planned,/storage/raj.ayush/s2s_final_data/final_iteration/raw/ukmo/forecast/jjas2020/tp/20200825_cf.grib,2c55e6a8713b19e61ce7abfe3acb3fe8239952e8e327c675d1f14699d28983dc
ukmo,forecast,2020-08-25,pf,tp,not_applicable,4,planned,/storage/raj.ayush/s2s_final_data/final_iteration/raw/ukmo/forecast/jjas2020/tp/20200825_pf.grib,878d6f1b98e3927d01ba79d708c751535cebea7255715158a56116a90162f562
ukmo,forecast,2020-08-25,cf,t2m,daily_mean_t2m,4,planned,/storage/raj.ayush/s2s_final_data/final_iteration/raw/ukmo/forecast/jjas2020/t2m/20200825_cf.grib,6e50f8c433a69ee26083d2ec2bce17ff1ca5c7957aa9951d78dfd22d219b33bf
ukmo,forecast,2020-08-25,pf,t2m,daily_mean_t2m,4,planned,/storage/raj.ayush/s2s_final_data/final_iteration/raw/ukmo/forecast/jjas2020/t2m/20200825_pf.grib,9bef7a806a90f04ddd606afd32748ecd8c504ee5e3cbd6a25ae08b5644724b8a
ukmo,forecast,2020-08-29,cf,tp,not_applicable,4,planned,/storage/raj.ayush/s2s_final_data/final_iteration/raw/ukmo/forecast/jjas2020/tp/20200829_cf.grib,8302ff4cb07113c89000cae7ababe5c4237d8e18d4a5b2c0d822a2ce191ff2b1
ukmo,forecast,2020-08-29,pf,tp,not_applicable,4,planned,/storage/raj.ayush/s2s_final_data/final_iteration/raw/ukmo/forecast/jjas2020/tp/20200829_pf.grib,2a8076dd4103f26058403733b5ebe414106e7671e2494b26c3ff04afd3df9c80
ukmo,forecast,2020-08-29,cf,t2m,daily_mean_t2m,4,planned,/storage/raj.ayush/s2s_final_data/final_iteration/raw/ukmo/forecast/jjas2020/t2m/20200829_cf.grib,5fd42e16ca7b28d02392f7c851aa3c2c58377750b8c3cbc870c2bef8d0cf963b
ukmo,forecast,2020-08-29,pf,t2m,daily_mean_t2m,4,planned,/storage/raj.ayush/s2s_final_data/final_iteration/raw/ukmo/forecast/jjas2020/t2m/20200829_pf.grib,6eebfac1a8096c8a0837bf7dc2d2ab25b00109dc304d4eecd2955a019fd8a4dc
ukmo,forecast,2020-09-01,cf,tp,not_applicable,4,planned,/storage/raj.ayush/s2s_final_data/final_iteration/raw/ukmo/forecast/jjas2020/tp/20200901_cf.grib,3d46ba934810b885d61c5a609d0fac0ccca0749386f85120c67ca986e8e5221e
ukmo,forecast,2020-09-01,pf,tp,not_applicable,4,planned,/storage/raj.ayush/s2s_final_data/final_iteration/raw/ukmo/forecast/jjas2020/tp/20200901_pf.grib,d2c3407ba0c82845bf0341e0fbbca4bd68628e15707e1aef23799a3ccc10de9e
ukmo,forecast,2020-09-01,cf,t2m,daily_mean_t2m,4,planned,/storage/raj.ayush/s2s_final_data/final_iteration/raw/ukmo/forecast/jjas2020/t2m/20200901_cf.grib,244ee4d8acc867ed02526669f2ee6d64cd5cf2fc9c4449edf9d0fb51d1a8cc7a
ukmo,forecast,2020-09-01,pf,t2m,daily_mean_t2m,4,planned,/storage/raj.ayush/s2s_final_data/final_iteration/raw/ukmo/forecast/jjas2020/t2m/20200901_pf.grib,4473dad732b9b1be0e35b7b8d1c6ec1bdcf7ded60443efaca1612e334420ac16
ukmo,forecast,2020-09-05,cf,tp,not_applicable,4,planned,/storage/raj.ayush/s2s_final_data/final_iteration/raw/ukmo/forecast/jjas2020/tp/20200905_cf.grib,3e6d5079ca804e3f4a721509223c291b319c12b44d0b711d9456f26a2ae26f90
ukmo,forecast,2020-09-05,pf,tp,not_applicable,4,planned,/storage/raj.ayush/s2s_final_data/final_iteration/raw/ukmo/forecast/jjas2020/tp/20200905_pf.grib,c135fd1243adea67120f17a9b5d7eb7638c459028c29928973702992389cc8d0
ukmo,forecast,2020-09-05,cf,t2m,daily_mean_t2m,4,planned,/storage/raj.ayush/s2s_final_data/final_iteration/raw/ukmo/forecast/jjas2020/t2m/20200905_cf.grib,8c8469699d6b35147032af2726e9b47fbae30fc9c036457cfae287ff220b4c69
ukmo,forecast,2020-09-05,pf,t2m,daily_mean_t2m,4,planned,/storage/raj.ayush/s2s_final_data/final_iteration/raw/ukmo/forecast/jjas2020/t2m/20200905_pf.grib,e80bb29ec265322ddc6c2cdf0441ab71e297bf1a7fd038af347feb21ac12ab5c
ukmo,forecast,2020-09-08,cf,tp,not_applicable,4,planned,/storage/raj.ayush/s2s_final_data/final_iteration/raw/ukmo/forecast/jjas2020/tp/20200908_cf.grib,e0d8757798d0b512fdc583831ec4dc2afaf18277a37f12f63370ab0a253e107e
ukmo,forecast,2020-09-08,pf,tp,not_applicable,4,planned,/storage/raj.ayush/s2s_final_data/final_iteration/raw/ukmo/forecast/jjas2020/tp/20200908_pf.grib,ae294e3add84048dd6ffb65e78d164a3c15f50cc64fcc47f4a313fcdb2f4be55
ukmo,forecast,2020-09-08,cf,t2m,daily_mean_t2m,4,planned,/storage/raj.ayush/s2s_final_data/final_iteration/raw/ukmo/forecast/jjas2020/t2m/20200908_cf.grib,8882ccfff460fde5488924c4f20cc4cc75fbfe9506d54754243b4cdf56ed4f45
ukmo,forecast,2020-09-08,pf,t2m,daily_mean_t2m,4,planned,/storage/raj.ayush/s2s_final_data/final_iteration/raw/ukmo/forecast/jjas2020/t2m/20200908_pf.grib,3c87403ffcc2128b924a4b61810adbdcac8e37905b559f68a139840d5840cc82
ukmo,forecast,2020-09-12,cf,tp,not_applicable,4,planned,/storage/raj.ayush/s2s_final_data/final_iteration/raw/ukmo/forecast/jjas2020/tp/20200912_cf.grib,b3c879e07b2479aff66a88f51110640696e770d6d99976303900ae0b1549ffa3
ukmo,forecast,2020-09-12,pf,tp,not_applicable,4,planned,/storage/raj.ayush/s2s_final_data/final_iteration/raw/ukmo/forecast/jjas2020/tp/20200912_pf.grib,a89e1bdcc424ec5bd29808e1f2bfc78216f5913a515d272f4cc0a3825c6eeab8
ukmo,forecast,2020-09-12,cf,t2m,daily_mean_t2m,4,planned,/storage/raj.ayush/s2s_final_data/final_iteration/raw/ukmo/forecast/jjas2020/t2m/20200912_cf.grib,77935555bfc8dc6ecb892e70a5a86e48b038bcd1dbfabe94c1c689bd49768ce1
ukmo,forecast,2020-09-12,pf,t2m,daily_mean_t2m,4,planned,/storage/raj.ayush/s2s_final_data/final_iteration/raw/ukmo/forecast/jjas2020/t2m/20200912_pf.grib,3534225bf99d5553881b80217275a57e7a2edf8dbfc8658bf66ef820becaa8eb
ukmo,forecast,2020-09-15,cf,tp,not_applicable,4,planned,/storage/raj.ayush/s2s_final_data/final_iteration/raw/ukmo/forecast/jjas2020/tp/20200915_cf.grib,a539e19af3253a59b75dc6af871fc93a52adda86ac021d5bd8faba989b925716
ukmo,forecast,2020-09-15,pf,tp,not_applicable,4,planned,/storage/raj.ayush/s2s_final_data/final_iteration/raw/ukmo/forecast/jjas2020/tp/20200915_pf.grib,2511c4940ce99947ec8e08e69cd54ba355930d8489468a9b4e37a2e6c7c71875
ukmo,forecast,2020-09-15,cf,t2m,daily_mean_t2m,4,planned,/storage/raj.ayush/s2s_final_data/final_iteration/raw/ukmo/forecast/jjas2020/t2m/20200915_cf.grib,83b3cc78fe24f2769bfe5eb1d51d1d71778da1f32aa1ac9e873e052abfe491a1
ukmo,forecast,2020-09-15,pf,t2m,daily_mean_t2m,4,planned,/storage/raj.ayush/s2s_final_data/final_iteration/raw/ukmo/forecast/jjas2020/t2m/20200915_pf.grib,c4e190eadc2ace8890c5035257470bb6a69d9f0d4ced077caf15149ee29ba9f9
ukmo,forecast,2020-09-19,cf,tp,not_applicable,4,planned,/storage/raj.ayush/s2s_final_data/final_iteration/raw/ukmo/forecast/jjas2020/tp/20200919_cf.grib,64e5cd8bc48579588c987a154586c1a15f6257322e4761abeaa26dfc710323d7
ukmo,forecast,2020-09-19,pf,tp,not_applicable,4,planned,/storage/raj.ayush/s2s_final_data/final_iteration/raw/ukmo/forecast/jjas2020/tp/20200919_pf.grib,d14aa3388b3f020911e0c4f1e99f1e2cf2288395f2819b006a2e4e42f73b8de3
ukmo,forecast,2020-09-19,cf,t2m,daily_mean_t2m,4,planned,/storage/raj.ayush/s2s_final_data/final_iteration/raw/ukmo/forecast/jjas2020/t2m/20200919_cf.grib,b3fb258bcfe1221d13212f1db9c7efaedc827f3e39ce1f1b9cbe4292c65f0e95
ukmo,forecast,2020-09-19,pf,t2m,daily_mean_t2m,4,planned,/storage/raj.ayush/s2s_final_data/final_iteration/raw/ukmo/forecast/jjas2020/t2m/20200919_pf.grib,49eb72fbfcb71addd865b7c99a3d97ba3299da334324426918404a532030847d
ukmo,forecast,2020-09-22,cf,tp,not_applicable,4,planned,/storage/raj.ayush/s2s_final_data/final_iteration/raw/ukmo/forecast/jjas2020/tp/20200922_cf.grib,0ea66b8f24a1cf78dda9ed0135c7d44ad468267616ff2c28f7f253cffaaeedde
ukmo,forecast,2020-09-22,pf,tp,not_applicable,4,planned,/storage/raj.ayush/s2s_final_data/final_iteration/raw/ukmo/forecast/jjas2020/tp/20200922_pf.grib,24ca108bc9e13714a0da7f24ba725494b4a17e72526ab0d9863a85dac24e8afd
ukmo,forecast,2020-09-22,cf,t2m,daily_mean_t2m,4,planned,/storage/raj.ayush/s2s_final_data/final_iteration/raw/ukmo/forecast/jjas2020/t2m/20200922_cf.grib,a2b57461df2b300dbfa1a4674dfb33c9c9a5df64e0abf6130bedcfa30a3fa5ee
ukmo,forecast,2020-09-22,pf,t2m,daily_mean_t2m,4,planned,/storage/raj.ayush/s2s_final_data/final_iteration/raw/ukmo/forecast/jjas2020/t2m/20200922_pf.grib,091473f0e9cba3a79884c921f80e57f9b5f7458591dfe9a3fa2fbe26ab47e4a2
ukmo,forecast,2020-09-26,cf,tp,not_applicable,4,planned,/storage/raj.ayush/s2s_final_data/final_iteration/raw/ukmo/forecast/jjas2020/tp/20200926_cf.grib,2c1540dfc5a0031add224ab2f2644b77e60b326decb9504cca8a9347da05c7ed
ukmo,forecast,2020-09-26,pf,tp,not_applicable,4,planned,/storage/raj.ayush/s2s_final_data/final_iteration/raw/ukmo/forecast/jjas2020/tp/20200926_pf.grib,1f8dc90b71208cb98c0fee6075746962c3f062f7abedd11a5da5c72f34261d07
ukmo,forecast,2020-09-26,cf,t2m,daily_mean_t2m,4,planned,/storage/raj.ayush/s2s_final_data/final_iteration/raw/ukmo/forecast/jjas2020/t2m/20200926_cf.grib,f42c480c9a8f66f537ce021ee36040a21d378a7548cd049adcd525600967b6ee
ukmo,forecast,2020-09-26,pf,t2m,daily_mean_t2m,4,planned,/storage/raj.ayush/s2s_final_data/final_iteration/raw/ukmo/forecast/jjas2020/t2m/20200926_pf.grib,ae302659a5f6c2209d2d0b3d9a2c4f5ce006da4ae2ce75149e94987c321a1486
ukmo,forecast,2020-09-29,cf,tp,not_applicable,4,planned,/storage/raj.ayush/s2s_final_data/final_iteration/raw/ukmo/forecast/jjas2020/tp/20200929_cf.grib,24c8032954b6c9e784d92e21b5b656b0c994bf85cfc46344a5296d507abe5d48
ukmo,forecast,2020-09-29,pf,tp,not_applicable,4,planned,/storage/raj.ayush/s2s_final_data/final_iteration/raw/ukmo/forecast/jjas2020/tp/20200929_pf.grib,d540b91220f83d49d4625c59a5bf7601df9c9edbd5db02f84aa0600a48c912a7
ukmo,forecast,2020-09-29,cf,t2m,daily_mean_t2m,4,planned,/storage/raj.ayush/s2s_final_data/final_iteration/raw/ukmo/forecast/jjas2020/t2m/20200929_cf.grib,9ea68e99f8cc0b83274f6d9f446d3defd8185511e941c5e2f271d93977dce417
ukmo,forecast,2020-09-29,pf,t2m,daily_mean_t2m,4,planned,/storage/raj.ayush/s2s_final_data/final_iteration/raw/ukmo/forecast/jjas2020/t2m/20200929_pf.grib,cc09be299a5c541d3580e50cbe8b9eaeee8f36fe63a705e624d23def82699e21
ukmo,forecast,2021-06-02,cf,tp,not_applicable,4,planned,/storage/raj.ayush/s2s_final_data/final_iteration/raw/ukmo/forecast/jjas2021/tp/20210602_cf.grib,e3e5f04d60c9b23d8c1f475de9bae4190c39b872f58c692a886a37f8466b6d1e
ukmo,forecast,2021-06-02,pf,tp,not_applicable,4,planned,/storage/raj.ayush/s2s_final_data/final_iteration/raw/ukmo/forecast/jjas2021/tp/20210602_pf.grib,f551f0953cb79836f4120ce68eb37d41925f1be70a9a11422ece55d5d369dd20
ukmo,forecast,2021-06-02,cf,t2m,daily_mean_t2m,4,planned,/storage/raj.ayush/s2s_final_data/final_iteration/raw/ukmo/forecast/jjas2021/t2m/20210602_cf.grib,ea01d0ba371bd3d3993f73dadc63d9345a37ecf0f4014a55127153d742c8c375
ukmo,forecast,2021-06-02,pf,t2m,daily_mean_t2m,4,planned,/storage/raj.ayush/s2s_final_data/final_iteration/raw/ukmo/forecast/jjas2021/t2m/20210602_pf.grib,14ab141108d0a8e628fc43e24eaee77bbb440391668163e58fc8823676213898
ukmo,forecast,2021-06-06,cf,tp,not_applicable,4,planned,/storage/raj.ayush/s2s_final_data/final_iteration/raw/ukmo/forecast/jjas2021/tp/20210606_cf.grib,545279907261f8b01484a9cfc400410adf803be2fa1c109f74ddb01a52d2c90b
ukmo,forecast,2021-06-06,pf,tp,not_applicable,4,planned,/storage/raj.ayush/s2s_final_data/final_iteration/raw/ukmo/forecast/jjas2021/tp/20210606_pf.grib,38f9a92ddd83f60cbe51b1118c2d23bef9f73bd60224a7836535429bb6dd2ab4
ukmo,forecast,2021-06-06,cf,t2m,daily_mean_t2m,4,planned,/storage/raj.ayush/s2s_final_data/final_iteration/raw/ukmo/forecast/jjas2021/t2m/20210606_cf.grib,db44167bbe6b13ca6cfef61c86177d4199815aab36e60f86fa206683a8da8385
ukmo,forecast,2021-06-06,pf,t2m,daily_mean_t2m,4,planned,/storage/raj.ayush/s2s_final_data/final_iteration/raw/ukmo/forecast/jjas2021/t2m/20210606_pf.grib,3901d2eb364ad026032995370d0489a4ec3602285c030250c011d2f6711e1c71
ukmo,forecast,2021-06-09,cf,tp,not_applicable,4,planned,/storage/raj.ayush/s2s_final_data/final_iteration/raw/ukmo/forecast/jjas2021/tp/20210609_cf.grib,f51f57561f12a7f1b1f5cac1cfd643b7a0e2921f4b0bb831a50558a4e9fe1e79
ukmo,forecast,2021-06-09,pf,tp,not_applicable,4,planned,/storage/raj.ayush/s2s_final_data/final_iteration/raw/ukmo/forecast/jjas2021/tp/20210609_pf.grib,98087edea4cbd1cb567210cb9ddab2f440f255e1f305f77c1dd3b501f267f447
ukmo,forecast,2021-06-09,cf,t2m,daily_mean_t2m,4,planned,/storage/raj.ayush/s2s_final_data/final_iteration/raw/ukmo/forecast/jjas2021/t2m/20210609_cf.grib,92af541e00e0d83114b11b02162ee64c02bd119b8f427498fe6920a71ddede12
ukmo,forecast,2021-06-09,pf,t2m,daily_mean_t2m,4,planned,/storage/raj.ayush/s2s_final_data/final_iteration/raw/ukmo/forecast/jjas2021/t2m/20210609_pf.grib,78728c440c189941a588a24c9ce3f29a535538a0499f98d14577ba988c4eeaa1
ukmo,forecast,2021-06-13,cf,tp,not_applicable,4,planned,/storage/raj.ayush/s2s_final_data/final_iteration/raw/ukmo/forecast/jjas2021/tp/20210613_cf.grib,8b6521bf4ff98fa772ebdfea887d84b4c83f7ec9e1b366a1d769993d3ed2ba66
ukmo,forecast,2021-06-13,pf,tp,not_applicable,4,planned,/storage/raj.ayush/s2s_final_data/final_iteration/raw/ukmo/forecast/jjas2021/tp/20210613_pf.grib,70c2a2a42154434c00b8a1261d7ced536ed057bb1a493f3f656e93302cb4f191
ukmo,forecast,2021-06-13,cf,t2m,daily_mean_t2m,4,planned,/storage/raj.ayush/s2s_final_data/final_iteration/raw/ukmo/forecast/jjas2021/t2m/20210613_cf.grib,c2d433cf1c694cd0a14d5ac52875757238fe1bf440cde2a64db97ea2ec4968bf
ukmo,forecast,2021-06-13,pf,t2m,daily_mean_t2m,4,planned,/storage/raj.ayush/s2s_final_data/final_iteration/raw/ukmo/forecast/jjas2021/t2m/20210613_pf.grib,f9ca23aa1e7d182c50a8a60a8fba22cbb5c0286c5dd131ebaccb734ad6e3b7a3
ukmo,forecast,2021-06-16,cf,tp,not_applicable,4,planned,/storage/raj.ayush/s2s_final_data/final_iteration/raw/ukmo/forecast/jjas2021/tp/20210616_cf.grib,baa48eab243a5ab5322757c0e1fcc61152cd64404c215ea26d50b158500a7337
ukmo,forecast,2021-06-16,pf,tp,not_applicable,4,planned,/storage/raj.ayush/s2s_final_data/final_iteration/raw/ukmo/forecast/jjas2021/tp/20210616_pf.grib,7527080daa9d5dccc0387423423b856c8b1212460e7078054a405267af2152c1
ukmo,forecast,2021-06-16,cf,t2m,daily_mean_t2m,4,planned,/storage/raj.ayush/s2s_final_data/final_iteration/raw/ukmo/forecast/jjas2021/t2m/20210616_cf.grib,22a20e7698db245cdfca1b2cd29e18f96ce58bbf8462e1c5e82cce91d6581bbe
ukmo,forecast,2021-06-16,pf,t2m,daily_mean_t2m,4,planned,/storage/raj.ayush/s2s_final_data/final_iteration/raw/ukmo/forecast/jjas2021/t2m/20210616_pf.grib,9a8bff8e9496f8134ef5b6c590cecac76411ca05aba142379e1b7fb65f9be645
ukmo,forecast,2021-06-20,cf,tp,not_applicable,4,planned,/storage/raj.ayush/s2s_final_data/final_iteration/raw/ukmo/forecast/jjas2021/tp/20210620_cf.grib,d24b631c09c7dda2973a35201e972ddf90a9e1132648ee656a8655ce8c1e52e8
ukmo,forecast,2021-06-20,pf,tp,not_applicable,4,planned,/storage/raj.ayush/s2s_final_data/final_iteration/raw/ukmo/forecast/jjas2021/tp/20210620_pf.grib,78a1cdde998bed6e3452109c61489a1eaad6ea800a8ddf27808a986c8ba150fd
ukmo,forecast,2021-06-20,cf,t2m,daily_mean_t2m,4,planned,/storage/raj.ayush/s2s_final_data/final_iteration/raw/ukmo/forecast/jjas2021/t2m/20210620_cf.grib,4ee8cc9cb2e6c40570c89130124af8bf14c4fba87199ea689286e05ed96e444c
ukmo,forecast,2021-06-20,pf,t2m,daily_mean_t2m,4,planned,/storage/raj.ayush/s2s_final_data/final_iteration/raw/ukmo/forecast/jjas2021/t2m/20210620_pf.grib,dd886e1e39e7bafb4c1ee92341bfce66ba237acef413d9c838cac0ed8869fbf2
ukmo,forecast,2021-06-23,cf,tp,not_applicable,4,planned,/storage/raj.ayush/s2s_final_data/final_iteration/raw/ukmo/forecast/jjas2021/tp/20210623_cf.grib,1ae155e05ddac5fd0b4fa6d3a2da7f31a1ffed9c89699a1400509b5c90ecb2e8
ukmo,forecast,2021-06-23,pf,tp,not_applicable,4,planned,/storage/raj.ayush/s2s_final_data/final_iteration/raw/ukmo/forecast/jjas2021/tp/20210623_pf.grib,15d854de0567c4440f578f5750b865167f09876b2c761fd07305314aca016052
ukmo,forecast,2021-06-23,cf,t2m,daily_mean_t2m,4,planned,/storage/raj.ayush/s2s_final_data/final_iteration/raw/ukmo/forecast/jjas2021/t2m/20210623_cf.grib,951b9639a542bcc3183d37a7c87b80ec37c9f81562252889d4d6635851b29d96
ukmo,forecast,2021-06-23,pf,t2m,daily_mean_t2m,4,planned,/storage/raj.ayush/s2s_final_data/final_iteration/raw/ukmo/forecast/jjas2021/t2m/20210623_pf.grib,b0d8b74e7adb2ede0834a2987b9d437311bcd996c508c497872e25b1a4d9bc0c
ukmo,forecast,2021-06-27,cf,tp,not_applicable,4,planned,/storage/raj.ayush/s2s_final_data/final_iteration/raw/ukmo/forecast/jjas2021/tp/20210627_cf.grib,92844dab8d37a961ba22d29f790ec789e6cf003ff5874506bd5f8b6198ed6112
ukmo,forecast,2021-06-27,pf,tp,not_applicable,4,planned,/storage/raj.ayush/s2s_final_data/final_iteration/raw/ukmo/forecast/jjas2021/tp/20210627_pf.grib,193388c26a87ef3ae815e754f05226405dc7462057c36e3e7abfffc80298d963
ukmo,forecast,2021-06-27,cf,t2m,daily_mean_t2m,4,planned,/storage/raj.ayush/s2s_final_data/final_iteration/raw/ukmo/forecast/jjas2021/t2m/20210627_cf.grib,f3175b112243973b7f2cac560382ee2619ccaf46c6bc343b7701e7975e0aa6f8
ukmo,forecast,2021-06-27,pf,t2m,daily_mean_t2m,4,planned,/storage/raj.ayush/s2s_final_data/final_iteration/raw/ukmo/forecast/jjas2021/t2m/20210627_pf.grib,1385b4d276488a3d779e85a5b1869c6b90014a371d35f70c2d4b660c459dc1e9
ukmo,forecast,2021-06-30,cf,tp,not_applicable,4,planned,/storage/raj.ayush/s2s_final_data/final_iteration/raw/ukmo/forecast/jjas2021/tp/20210630_cf.grib,459e166dc723d1991e1dc80a78dc118aa59e335b1eb8c467a7a8b18750711b9c
ukmo,forecast,2021-06-30,pf,tp,not_applicable,4,planned,/storage/raj.ayush/s2s_final_data/final_iteration/raw/ukmo/forecast/jjas2021/tp/20210630_pf.grib,03d4f6886e5a2fb2f78bb97df37c65f1af8c03bbb7b2b99c05787946a51f356f
ukmo,forecast,2021-06-30,cf,t2m,daily_mean_t2m,4,planned,/storage/raj.ayush/s2s_final_data/final_iteration/raw/ukmo/forecast/jjas2021/t2m/20210630_cf.grib,1e4281550188f0fb4ac81c190160a91e2dd445a8edb7d9e4c58c515a1c555c29
ukmo,forecast,2021-06-30,pf,t2m,daily_mean_t2m,4,planned,/storage/raj.ayush/s2s_final_data/final_iteration/raw/ukmo/forecast/jjas2021/t2m/20210630_pf.grib,7af823d63b8911e25fe77bcf3de9aa228f76c03299cf894cee62a4c4cd01a0a0
ukmo,forecast,2021-07-04,cf,tp,not_applicable,4,planned,/storage/raj.ayush/s2s_final_data/final_iteration/raw/ukmo/forecast/jjas2021/tp/20210704_cf.grib,05e12a52f0b7da6917740c73a1feca9fa9e08815600557613197ba1d5ee0e8ff
ukmo,forecast,2021-07-04,pf,tp,not_applicable,4,planned,/storage/raj.ayush/s2s_final_data/final_iteration/raw/ukmo/forecast/jjas2021/tp/20210704_pf.grib,cd3c5697634aee35e2bf4d996eebfc7dc6cc983021b3ccc43d8a5460c7659ba3
ukmo,forecast,2021-07-04,cf,t2m,daily_mean_t2m,4,planned,/storage/raj.ayush/s2s_final_data/final_iteration/raw/ukmo/forecast/jjas2021/t2m/20210704_cf.grib,f961dbf8f74938fca4af11a2172bcb7500b829139e9127474e9441b174094684
ukmo,forecast,2021-07-04,pf,t2m,daily_mean_t2m,4,planned,/storage/raj.ayush/s2s_final_data/final_iteration/raw/ukmo/forecast/jjas2021/t2m/20210704_pf.grib,fa47679f3dde2805a48d78de8c9798b3e942c18ab4c8903e5d3fdb065ba64b55
ukmo,forecast,2021-07-07,cf,tp,not_applicable,4,planned,/storage/raj.ayush/s2s_final_data/final_iteration/raw/ukmo/forecast/jjas2021/tp/20210707_cf.grib,717b2ae85277932862ffad108fb460b7fab7ef8ca7350181adec8e5a96bc7da3
ukmo,forecast,2021-07-07,pf,tp,not_applicable,4,planned,/storage/raj.ayush/s2s_final_data/final_iteration/raw/ukmo/forecast/jjas2021/tp/20210707_pf.grib,b885fd8a70376c03145777b8b5ed456ce426e746f4f968c81151c747ab8dc2e2
ukmo,forecast,2021-07-07,cf,t2m,daily_mean_t2m,4,planned,/storage/raj.ayush/s2s_final_data/final_iteration/raw/ukmo/forecast/jjas2021/t2m/20210707_cf.grib,e94e9b6277eafaea5a49963185adaf82e183557cf507fcd3b1056efd08263ef3
ukmo,forecast,2021-07-07,pf,t2m,daily_mean_t2m,4,planned,/storage/raj.ayush/s2s_final_data/final_iteration/raw/ukmo/forecast/jjas2021/t2m/20210707_pf.grib,73c32c3cff0b375f79dd6b674ae46e0fbca0d074648734404df92e15274de655
ukmo,forecast,2021-07-11,cf,tp,not_applicable,4,planned,/storage/raj.ayush/s2s_final_data/final_iteration/raw/ukmo/forecast/jjas2021/tp/20210711_cf.grib,8ee46e816b4a8d03248b216e42bcd67d7fd3b9bb7f34336e1fc70766121ac108
ukmo,forecast,2021-07-11,pf,tp,not_applicable,4,planned,/storage/raj.ayush/s2s_final_data/final_iteration/raw/ukmo/forecast/jjas2021/tp/20210711_pf.grib,82b9b31a62fbf4d2a25fbbd5333c779b32ce50671010c8e8c0a54b76920eacfc
ukmo,forecast,2021-07-11,cf,t2m,daily_mean_t2m,4,planned,/storage/raj.ayush/s2s_final_data/final_iteration/raw/ukmo/forecast/jjas2021/t2m/20210711_cf.grib,9ff420b4af8a06886febf73e2f2124ff66f935649cab4afbf6a2d7d6d0a3f721
ukmo,forecast,2021-07-11,pf,t2m,daily_mean_t2m,4,planned,/storage/raj.ayush/s2s_final_data/final_iteration/raw/ukmo/forecast/jjas2021/t2m/20210711_pf.grib,7cf980cf6b7b92c6dc068ff62df1a002188a49d244cac524c4803f0557143cbd
ukmo,forecast,2021-07-14,cf,tp,not_applicable,4,planned,/storage/raj.ayush/s2s_final_data/final_iteration/raw/ukmo/forecast/jjas2021/tp/20210714_cf.grib,3f237fe74d084ae8668bf15aa652c4bd7a9bcc9514b36ab72956f7b04de74e7f
ukmo,forecast,2021-07-14,pf,tp,not_applicable,4,planned,/storage/raj.ayush/s2s_final_data/final_iteration/raw/ukmo/forecast/jjas2021/tp/20210714_pf.grib,ebfdb299d081e0267c61ac4af3cc5aa5742bdd525c10c6dd7aa1b9f1f86c28d1
ukmo,forecast,2021-07-14,cf,t2m,daily_mean_t2m,4,planned,/storage/raj.ayush/s2s_final_data/final_iteration/raw/ukmo/forecast/jjas2021/t2m/20210714_cf.grib,963c5a5fce7a2e0b0540e9367c6151f728ef0659cac11064918af4297bdfeb78
ukmo,forecast,2021-07-14,pf,t2m,daily_mean_t2m,4,planned,/storage/raj.ayush/s2s_final_data/final_iteration/raw/ukmo/forecast/jjas2021/t2m/20210714_pf.grib,1906a8eed9274b16f6ee4fef0fb14744c32c8f9f467d393be733271246aa5875
ukmo,forecast,2021-07-18,cf,tp,not_applicable,4,planned,/storage/raj.ayush/s2s_final_data/final_iteration/raw/ukmo/forecast/jjas2021/tp/20210718_cf.grib,3c3b4ee3774d6f7735a3459f342f6282443af906d8b10bec0f6c3bfae87fcf94
ukmo,forecast,2021-07-18,pf,tp,not_applicable,4,planned,/storage/raj.ayush/s2s_final_data/final_iteration/raw/ukmo/forecast/jjas2021/tp/20210718_pf.grib,051db8eaf1b05221f65f50a3d7cb7e49fd3448d442c097a7a4580adbdbe56f1e
ukmo,forecast,2021-07-18,cf,t2m,daily_mean_t2m,4,planned,/storage/raj.ayush/s2s_final_data/final_iteration/raw/ukmo/forecast/jjas2021/t2m/20210718_cf.grib,8b8c1a35d8c315d0ca96d9ab617bdac6032e77ad47c15fd9fb89445ed151183f
ukmo,forecast,2021-07-18,pf,t2m,daily_mean_t2m,4,planned,/storage/raj.ayush/s2s_final_data/final_iteration/raw/ukmo/forecast/jjas2021/t2m/20210718_pf.grib,54d45661b696fdb2fdbbd3f0f3fdca6aad7591e712aa55beb7ab6a2ea7d91426
ukmo,forecast,2021-07-21,cf,tp,not_applicable,4,planned,/storage/raj.ayush/s2s_final_data/final_iteration/raw/ukmo/forecast/jjas2021/tp/20210721_cf.grib,0e7e42a8be56d2d9145c3882caf3ce675548f53d20c34bc66c53a5e3bee17bda
ukmo,forecast,2021-07-21,pf,tp,not_applicable,4,planned,/storage/raj.ayush/s2s_final_data/final_iteration/raw/ukmo/forecast/jjas2021/tp/20210721_pf.grib,e1d68dc5b82e9c447afca0ee403e6dbb6f92fb7fe62d9f16741467109cd04fee
ukmo,forecast,2021-07-21,cf,t2m,daily_mean_t2m,4,planned,/storage/raj.ayush/s2s_final_data/final_iteration/raw/ukmo/forecast/jjas2021/t2m/20210721_cf.grib,c425bfaac9d4b518c722e1b57c91c8e2a70ee3acd7b8c5ff173237799289f0ca
ukmo,forecast,2021-07-21,pf,t2m,daily_mean_t2m,4,planned,/storage/raj.ayush/s2s_final_data/final_iteration/raw/ukmo/forecast/jjas2021/t2m/20210721_pf.grib,7dc499c8ecf9c6e791b7b840ccf4941e1dde0d936166ea2f07a44531758b7627
ukmo,forecast,2021-07-25,cf,tp,not_applicable,4,planned,/storage/raj.ayush/s2s_final_data/final_iteration/raw/ukmo/forecast/jjas2021/tp/20210725_cf.grib,f24e2d5b9af3903b7bdedaf8233307b2babf3c8f178acbc857958839433c7f4c
ukmo,forecast,2021-07-25,pf,tp,not_applicable,4,planned,/storage/raj.ayush/s2s_final_data/final_iteration/raw/ukmo/forecast/jjas2021/tp/20210725_pf.grib,2b627fae3c2d3aa7bf7bef66aa8cc842c2fe375dee65d776cf98d5f124b0b9a6
ukmo,forecast,2021-07-25,cf,t2m,daily_mean_t2m,4,planned,/storage/raj.ayush/s2s_final_data/final_iteration/raw/ukmo/forecast/jjas2021/t2m/20210725_cf.grib,45fbeebe2e23835a01fa428157dfbbb3ed7ac3c790d26384002588003122b392
ukmo,forecast,2021-07-25,pf,t2m,daily_mean_t2m,4,planned,/storage/raj.ayush/s2s_final_data/final_iteration/raw/ukmo/forecast/jjas2021/t2m/20210725_pf.grib,e87918bcec41786f8a4075c0d6038a76cd4f88d022bfc09d7cadb19463e84c82
ukmo,forecast,2021-07-28,cf,tp,not_applicable,4,planned,/storage/raj.ayush/s2s_final_data/final_iteration/raw/ukmo/forecast/jjas2021/tp/20210728_cf.grib,c429d2a4a2e3db9dc76fe0c15451dec06a4fb2592f946cbbbf64ee146e9a4788
ukmo,forecast,2021-07-28,pf,tp,not_applicable,4,planned,/storage/raj.ayush/s2s_final_data/final_iteration/raw/ukmo/forecast/jjas2021/tp/20210728_pf.grib,0dc858747ea37660d778e293f8b97c1bd5d9c8ac6cf667a6c9f97936c2dd815d
ukmo,forecast,2021-07-28,cf,t2m,daily_mean_t2m,4,planned,/storage/raj.ayush/s2s_final_data/final_iteration/raw/ukmo/forecast/jjas2021/t2m/20210728_cf.grib,e212c099453947e68e4b42ab98e89f0ed84dd94d39c2a0803655385da5866c50
ukmo,forecast,2021-07-28,pf,t2m,daily_mean_t2m,4,planned,/storage/raj.ayush/s2s_final_data/final_iteration/raw/ukmo/forecast/jjas2021/t2m/20210728_pf.grib,9ec9b9020e4134da0afb6d43ef21328cbfd373101fe9030b241f5cd31a2ddd55
ukmo,forecast,2021-08-01,cf,tp,not_applicable,4,planned,/storage/raj.ayush/s2s_final_data/final_iteration/raw/ukmo/forecast/jjas2021/tp/20210801_cf.grib,6504f3df656002fb8d5d9bc2196a129276490f6ae6c352672b4234def4fc1b75
ukmo,forecast,2021-08-01,pf,tp,not_applicable,4,planned,/storage/raj.ayush/s2s_final_data/final_iteration/raw/ukmo/forecast/jjas2021/tp/20210801_pf.grib,c3930a1e35638b332e2bd3e850fd3b4869ab3731b554a52aaeaba12c0d4c49a8
ukmo,forecast,2021-08-01,cf,t2m,daily_mean_t2m,4,planned,/storage/raj.ayush/s2s_final_data/final_iteration/raw/ukmo/forecast/jjas2021/t2m/20210801_cf.grib,582ff9b7088541fc24014edccac6d211ed3a8367850f6ffb9f09086e05d1d868
ukmo,forecast,2021-08-01,pf,t2m,daily_mean_t2m,4,planned,/storage/raj.ayush/s2s_final_data/final_iteration/raw/ukmo/forecast/jjas2021/t2m/20210801_pf.grib,8deca54c33884f767c09d1d7b3a73ad10edd95f34b2a24855adbf2fc9a368e47
ukmo,forecast,2021-08-04,cf,tp,not_applicable,4,planned,/storage/raj.ayush/s2s_final_data/final_iteration/raw/ukmo/forecast/jjas2021/tp/20210804_cf.grib,0a2e2484f12944ed13c130ec7663a063b064bf387371e58a468ba5511556cff4
ukmo,forecast,2021-08-04,pf,tp,not_applicable,4,planned,/storage/raj.ayush/s2s_final_data/final_iteration/raw/ukmo/forecast/jjas2021/tp/20210804_pf.grib,b608e7400d3327ef06848acda6408117903de36697db3a8ddad009630c09bd92
ukmo,forecast,2021-08-04,cf,t2m,daily_mean_t2m,4,planned,/storage/raj.ayush/s2s_final_data/final_iteration/raw/ukmo/forecast/jjas2021/t2m/20210804_cf.grib,8a5d900514aff5e98e57fa4ec7a34f1e54d4989269d76a1bc4d81bc6325b83df
ukmo,forecast,2021-08-04,pf,t2m,daily_mean_t2m,4,planned,/storage/raj.ayush/s2s_final_data/final_iteration/raw/ukmo/forecast/jjas2021/t2m/20210804_pf.grib,a5e7631ce362d77e2e09bbc34a5b1e5c1865c8448139a3734e668d7d25c354e0
ukmo,forecast,2021-08-08,cf,tp,not_applicable,4,planned,/storage/raj.ayush/s2s_final_data/final_iteration/raw/ukmo/forecast/jjas2021/tp/20210808_cf.grib,c8d1f720e423f731c141700ba7ecfed4a5a702b0c666ae52ab4b5320e0775ca7
ukmo,forecast,2021-08-08,pf,tp,not_applicable,4,planned,/storage/raj.ayush/s2s_final_data/final_iteration/raw/ukmo/forecast/jjas2021/tp/20210808_pf.grib,dad7c94c5523c6ab0b8bb46250757b60508a02a4c3841e22bbc8014433b8ebb5
ukmo,forecast,2021-08-08,cf,t2m,daily_mean_t2m,4,planned,/storage/raj.ayush/s2s_final_data/final_iteration/raw/ukmo/forecast/jjas2021/t2m/20210808_cf.grib,47379bcfa267c28c854d213657ee2b382f648f06884ef7a4318d38aafcbd0200
ukmo,forecast,2021-08-08,pf,t2m,daily_mean_t2m,4,planned,/storage/raj.ayush/s2s_final_data/final_iteration/raw/ukmo/forecast/jjas2021/t2m/20210808_pf.grib,2da75ba3c735bc34d7d556aefee5c9f5d5093f8c59e0576f03e55312a651ec56
ukmo,forecast,2021-08-11,cf,tp,not_applicable,4,planned,/storage/raj.ayush/s2s_final_data/final_iteration/raw/ukmo/forecast/jjas2021/tp/20210811_cf.grib,9a637a6b6a6418d2ac4cdb58e44ba65f0c2ff3875734df166b25dcb2ecec4d20
ukmo,forecast,2021-08-11,pf,tp,not_applicable,4,planned,/storage/raj.ayush/s2s_final_data/final_iteration/raw/ukmo/forecast/jjas2021/tp/20210811_pf.grib,75d97bab0512a541228e8e09c0609c3265a1e24e297643fa2e5f9dac3ddea3c5
ukmo,forecast,2021-08-11,cf,t2m,daily_mean_t2m,4,planned,/storage/raj.ayush/s2s_final_data/final_iteration/raw/ukmo/forecast/jjas2021/t2m/20210811_cf.grib,c8ae71f3e8c5463bb89b86700d4181968d956a4f72d70aa2a525d96068166c4d
ukmo,forecast,2021-08-11,pf,t2m,daily_mean_t2m,4,planned,/storage/raj.ayush/s2s_final_data/final_iteration/raw/ukmo/forecast/jjas2021/t2m/20210811_pf.grib,2fe34d7255e170208c7a132d9f5f5ebc42d29b1cc863840b61651960d38b8171
ukmo,forecast,2021-08-15,cf,tp,not_applicable,4,planned,/storage/raj.ayush/s2s_final_data/final_iteration/raw/ukmo/forecast/jjas2021/tp/20210815_cf.grib,99cf55be6d7be7650c02b476baf6a64aa2f56d9965199414253f0eb4a476ea22
ukmo,forecast,2021-08-15,pf,tp,not_applicable,4,planned,/storage/raj.ayush/s2s_final_data/final_iteration/raw/ukmo/forecast/jjas2021/tp/20210815_pf.grib,5792fc848075046fd1ed73cc626a2e2c5091b803e17fa9fad6d22bfba0f603a3
ukmo,forecast,2021-08-15,cf,t2m,daily_mean_t2m,4,planned,/storage/raj.ayush/s2s_final_data/final_iteration/raw/ukmo/forecast/jjas2021/t2m/20210815_cf.grib,968e74cb4211f302004390e2146dfdec56832730fd0a09be8fe4f838eecfb082
ukmo,forecast,2021-08-15,pf,t2m,daily_mean_t2m,4,planned,/storage/raj.ayush/s2s_final_data/final_iteration/raw/ukmo/forecast/jjas2021/t2m/20210815_pf.grib,651226f4c3ab0d62f52c071b1a48dbc2ba5e51297133543a49cd4b99208fc483
ukmo,forecast,2021-08-18,cf,tp,not_applicable,4,planned,/storage/raj.ayush/s2s_final_data/final_iteration/raw/ukmo/forecast/jjas2021/tp/20210818_cf.grib,5a0e05f037a80de92ef293428d3d2cf4738fa97921bfa00fd17d8569545bcbf3
ukmo,forecast,2021-08-18,pf,tp,not_applicable,4,planned,/storage/raj.ayush/s2s_final_data/final_iteration/raw/ukmo/forecast/jjas2021/tp/20210818_pf.grib,eb566c8648099adf6f5f9822371f52085568fb91067576c6f6b6e4d8b4812293
ukmo,forecast,2021-08-18,cf,t2m,daily_mean_t2m,4,planned,/storage/raj.ayush/s2s_final_data/final_iteration/raw/ukmo/forecast/jjas2021/t2m/20210818_cf.grib,26e74c7f421b31c4db22d23eacf6c9061a29f8cbd37788114adbf4c196c2eb20
ukmo,forecast,2021-08-18,pf,t2m,daily_mean_t2m,4,planned,/storage/raj.ayush/s2s_final_data/final_iteration/raw/ukmo/forecast/jjas2021/t2m/20210818_pf.grib,83e468bedf08814ad1168b7b714ee0143db4662916d3a8e6548ad90f252508ed
ukmo,forecast,2021-08-22,cf,tp,not_applicable,4,planned,/storage/raj.ayush/s2s_final_data/final_iteration/raw/ukmo/forecast/jjas2021/tp/20210822_cf.grib,0bf9b362a5601791da73c59d0c940a98f5f2eaab5f39eb7143da3061091cabd3
ukmo,forecast,2021-08-22,pf,tp,not_applicable,4,planned,/storage/raj.ayush/s2s_final_data/final_iteration/raw/ukmo/forecast/jjas2021/tp/20210822_pf.grib,a025abffa3027e28c947ac7a593eed5fc8fddc3b1f0cd86a0e317ae625a838aa
ukmo,forecast,2021-08-22,cf,t2m,daily_mean_t2m,4,planned,/storage/raj.ayush/s2s_final_data/final_iteration/raw/ukmo/forecast/jjas2021/t2m/20210822_cf.grib,c4e9095bc73a1da3ab07b02135aae0706eee6391957a279a22c585edded90967
ukmo,forecast,2021-08-22,pf,t2m,daily_mean_t2m,4,planned,/storage/raj.ayush/s2s_final_data/final_iteration/raw/ukmo/forecast/jjas2021/t2m/20210822_pf.grib,b6386b71066157fe8615dce6737107347b2534e10eca702a7aae534628b805b3
ukmo,forecast,2021-08-25,cf,tp,not_applicable,4,planned,/storage/raj.ayush/s2s_final_data/final_iteration/raw/ukmo/forecast/jjas2021/tp/20210825_cf.grib,c205d972b616796b842cd9f60757a4fe71aba606fbfe1872626df4e73a263676
ukmo,forecast,2021-08-25,pf,tp,not_applicable,4,planned,/storage/raj.ayush/s2s_final_data/final_iteration/raw/ukmo/forecast/jjas2021/tp/20210825_pf.grib,70a553a88f673809f470841dbaf5b41518cf7b2bc5210ca32173c94e65488370
ukmo,forecast,2021-08-25,cf,t2m,daily_mean_t2m,4,planned,/storage/raj.ayush/s2s_final_data/final_iteration/raw/ukmo/forecast/jjas2021/t2m/20210825_cf.grib,db5044305a700498a19dbbb59c965d3f5748d02604e830bab887bcf063074960
ukmo,forecast,2021-08-25,pf,t2m,daily_mean_t2m,4,planned,/storage/raj.ayush/s2s_final_data/final_iteration/raw/ukmo/forecast/jjas2021/t2m/20210825_pf.grib,8c8f7a75bbff5b27640f58d785527fc4d80243e50664eee408532c0e80147419
ukmo,forecast,2021-08-29,cf,tp,not_applicable,4,planned,/storage/raj.ayush/s2s_final_data/final_iteration/raw/ukmo/forecast/jjas2021/tp/20210829_cf.grib,c81af7cb7cf53778ffc799a9ff9a52b1669f7ccbc20c3290739adad415be97a0
ukmo,forecast,2021-08-29,pf,tp,not_applicable,4,planned,/storage/raj.ayush/s2s_final_data/final_iteration/raw/ukmo/forecast/jjas2021/tp/20210829_pf.grib,fde6a51ca79c9abb0e556b64bc6fcde618cf4906299d373811055a8a566020d4
ukmo,forecast,2021-08-29,cf,t2m,daily_mean_t2m,4,planned,/storage/raj.ayush/s2s_final_data/final_iteration/raw/ukmo/forecast/jjas2021/t2m/20210829_cf.grib,7cf2f215b9df67b7a849a2979e554a7c20364e4937241d0d4f55bbd9c540df85
ukmo,forecast,2021-08-29,pf,t2m,daily_mean_t2m,4,planned,/storage/raj.ayush/s2s_final_data/final_iteration/raw/ukmo/forecast/jjas2021/t2m/20210829_pf.grib,166209e9cde33e1a8ac11ebe19a6a6ecd4f61f492e5c9b2312d9869cea617eea
ukmo,forecast,2021-09-01,cf,tp,not_applicable,4,planned,/storage/raj.ayush/s2s_final_data/final_iteration/raw/ukmo/forecast/jjas2021/tp/20210901_cf.grib,36e337d098ef9a5dde384f9a67a3e72347fb30974e5efef34f73b7546a6037dd
ukmo,forecast,2021-09-01,pf,tp,not_applicable,4,planned,/storage/raj.ayush/s2s_final_data/final_iteration/raw/ukmo/forecast/jjas2021/tp/20210901_pf.grib,ee359199fdceafdad98b561b2772b66c2839eaf95976161bf7dcced80f363ce2
ukmo,forecast,2021-09-01,cf,t2m,daily_mean_t2m,4,planned,/storage/raj.ayush/s2s_final_data/final_iteration/raw/ukmo/forecast/jjas2021/t2m/20210901_cf.grib,2929030f9c8db3e9ca20e12613d53efb861594c072b66d63bb27ec1709fe0307
ukmo,forecast,2021-09-01,pf,t2m,daily_mean_t2m,4,planned,/storage/raj.ayush/s2s_final_data/final_iteration/raw/ukmo/forecast/jjas2021/t2m/20210901_pf.grib,a506a15fc1632f19d297197ef0c8ee6fa8ae5e357efc841694f790b22dbccb9a
ukmo,forecast,2021-09-05,cf,tp,not_applicable,4,planned,/storage/raj.ayush/s2s_final_data/final_iteration/raw/ukmo/forecast/jjas2021/tp/20210905_cf.grib,472dd90e2b42a48717391b9228949903044665172fe66d162e4b36e01d5521b2
ukmo,forecast,2021-09-05,pf,tp,not_applicable,4,planned,/storage/raj.ayush/s2s_final_data/final_iteration/raw/ukmo/forecast/jjas2021/tp/20210905_pf.grib,a1cc8b581200fd9ecaa6611a33d492cc3fa3529642ef7d66528b1842907ed964
ukmo,forecast,2021-09-05,cf,t2m,daily_mean_t2m,4,planned,/storage/raj.ayush/s2s_final_data/final_iteration/raw/ukmo/forecast/jjas2021/t2m/20210905_cf.grib,4eb6a93b34e2970e41e9473f74ee2367f2c4608e131a4f1f49675d5ceb172706
ukmo,forecast,2021-09-05,pf,t2m,daily_mean_t2m,4,planned,/storage/raj.ayush/s2s_final_data/final_iteration/raw/ukmo/forecast/jjas2021/t2m/20210905_pf.grib,eb2d443ecd9d585773144d82a8f7b857541421b3e53f8c6610eb57fb1db0d3a7
ukmo,forecast,2021-09-08,cf,tp,not_applicable,4,planned,/storage/raj.ayush/s2s_final_data/final_iteration/raw/ukmo/forecast/jjas2021/tp/20210908_cf.grib,59b0134fdde05b6de337dab4a790fd5658c20f93e77f81bfc8d447167969fac0
ukmo,forecast,2021-09-08,pf,tp,not_applicable,4,planned,/storage/raj.ayush/s2s_final_data/final_iteration/raw/ukmo/forecast/jjas2021/tp/20210908_pf.grib,2ec4e8caf225c9e6754f515dc31b83c3a03d3bc5d75a7b47e7e3bfde160feaff
ukmo,forecast,2021-09-08,cf,t2m,daily_mean_t2m,4,planned,/storage/raj.ayush/s2s_final_data/final_iteration/raw/ukmo/forecast/jjas2021/t2m/20210908_cf.grib,f9af80209becb2ac5bc8900a729a7c15ab847685f439b729a17979e97f8d06ed
ukmo,forecast,2021-09-08,pf,t2m,daily_mean_t2m,4,planned,/storage/raj.ayush/s2s_final_data/final_iteration/raw/ukmo/forecast/jjas2021/t2m/20210908_pf.grib,941ee9d6b0510caeb840fbd5046b83c76046c0f321f24ac160e52380a770f7d7
ukmo,forecast,2021-09-12,cf,tp,not_applicable,4,planned,/storage/raj.ayush/s2s_final_data/final_iteration/raw/ukmo/forecast/jjas2021/tp/20210912_cf.grib,1d992a17088d6a4a7cd3055513f8ae9c0d301c8da95ec0f8f1d587967eb26ff7
ukmo,forecast,2021-09-12,pf,tp,not_applicable,4,planned,/storage/raj.ayush/s2s_final_data/final_iteration/raw/ukmo/forecast/jjas2021/tp/20210912_pf.grib,6a29484eb4edc632c7e6aaa908e91c324ddfe789184ab7f1436f23850207216c
ukmo,forecast,2021-09-12,cf,t2m,daily_mean_t2m,4,planned,/storage/raj.ayush/s2s_final_data/final_iteration/raw/ukmo/forecast/jjas2021/t2m/20210912_cf.grib,6abe995ae9027d2ce7ca6a3e7f60d6ef98dd42907c5642797291b889f68c7a15
ukmo,forecast,2021-09-12,pf,t2m,daily_mean_t2m,4,planned,/storage/raj.ayush/s2s_final_data/final_iteration/raw/ukmo/forecast/jjas2021/t2m/20210912_pf.grib,7cb1abb1a981c5ce804b45f8378b1afa6bf9621e1e01bfcaa253630c5a69dd42
ukmo,forecast,2021-09-15,cf,tp,not_applicable,4,planned,/storage/raj.ayush/s2s_final_data/final_iteration/raw/ukmo/forecast/jjas2021/tp/20210915_cf.grib,908a99bd9cac25d18a29967f2607da19a3d918ae373d9a5d388a691f10b0b4a6
ukmo,forecast,2021-09-15,pf,tp,not_applicable,4,planned,/storage/raj.ayush/s2s_final_data/final_iteration/raw/ukmo/forecast/jjas2021/tp/20210915_pf.grib,dbb75bac78774d7578bb580dd335d5cfb550ffd60231669ac3e366b568f18216
ukmo,forecast,2021-09-15,cf,t2m,daily_mean_t2m,4,planned,/storage/raj.ayush/s2s_final_data/final_iteration/raw/ukmo/forecast/jjas2021/t2m/20210915_cf.grib,e972da950681ad4972c7a6139eaddc5b2f9f4a6d0cb65dd8fa4f148b1e85efe1
ukmo,forecast,2021-09-15,pf,t2m,daily_mean_t2m,4,planned,/storage/raj.ayush/s2s_final_data/final_iteration/raw/ukmo/forecast/jjas2021/t2m/20210915_pf.grib,433e83f59f99293afa490078230ca7d9d457928c0d7b2fbde4295dd78960e51a
ukmo,forecast,2021-09-19,cf,tp,not_applicable,4,planned,/storage/raj.ayush/s2s_final_data/final_iteration/raw/ukmo/forecast/jjas2021/tp/20210919_cf.grib,14c0c67603b78d6c46b6597ef92c22f0c1295c527dd79055f89450237d0ccd4c
ukmo,forecast,2021-09-19,pf,tp,not_applicable,4,planned,/storage/raj.ayush/s2s_final_data/final_iteration/raw/ukmo/forecast/jjas2021/tp/20210919_pf.grib,3ae1969ea49723c265f196425c7a972299b8f05defe28ace3247431a4a719fc0
ukmo,forecast,2021-09-19,cf,t2m,daily_mean_t2m,4,planned,/storage/raj.ayush/s2s_final_data/final_iteration/raw/ukmo/forecast/jjas2021/t2m/20210919_cf.grib,23565e354cf946c9bf70df5cd87dc9b1a52faec29531cb6e6a5c24fdb0d49af7
ukmo,forecast,2021-09-19,pf,t2m,daily_mean_t2m,4,planned,/storage/raj.ayush/s2s_final_data/final_iteration/raw/ukmo/forecast/jjas2021/t2m/20210919_pf.grib,5f5482270b27a1ebfbc4f86f16ce8d005f4ba4cf33ffa18fb868758e7bc8ee7a
ukmo,forecast,2021-09-22,cf,tp,not_applicable,4,planned,/storage/raj.ayush/s2s_final_data/final_iteration/raw/ukmo/forecast/jjas2021/tp/20210922_cf.grib,ece1dcf00a89d31749f06af806933a9509029413ab083c256cb2afd260bcaa93
ukmo,forecast,2021-09-22,pf,tp,not_applicable,4,planned,/storage/raj.ayush/s2s_final_data/final_iteration/raw/ukmo/forecast/jjas2021/tp/20210922_pf.grib,a5c8828254a281b1ed3cd72b752c995f94c6c7d63e26bd75fe6b1010392d2089
ukmo,forecast,2021-09-22,cf,t2m,daily_mean_t2m,4,planned,/storage/raj.ayush/s2s_final_data/final_iteration/raw/ukmo/forecast/jjas2021/t2m/20210922_cf.grib,a3c67e7add2ea0d2dbc65db4afe864a8328cf1f6bf824c0cc9e3152d6e5f9d5b
ukmo,forecast,2021-09-22,pf,t2m,daily_mean_t2m,4,planned,/storage/raj.ayush/s2s_final_data/final_iteration/raw/ukmo/forecast/jjas2021/t2m/20210922_pf.grib,bb3b81f19395d20488a54a3783f7eecc53807cf030c6fb51685941256f8aefc5
ukmo,forecast,2021-09-26,cf,tp,not_applicable,4,planned,/storage/raj.ayush/s2s_final_data/final_iteration/raw/ukmo/forecast/jjas2021/tp/20210926_cf.grib,f5d743b29ca5574d6af13ba2ca57a0216e1ac7fae5a4f10fab90f1fb3b3b9c32
ukmo,forecast,2021-09-26,pf,tp,not_applicable,4,planned,/storage/raj.ayush/s2s_final_data/final_iteration/raw/ukmo/forecast/jjas2021/tp/20210926_pf.grib,855374d2b2c8448fe43dbdc2127f48a74e06d7081f18b296139e1a28671852da
ukmo,forecast,2021-09-26,cf,t2m,daily_mean_t2m,4,planned,/storage/raj.ayush/s2s_final_data/final_iteration/raw/ukmo/forecast/jjas2021/t2m/20210926_cf.grib,522179c5adefe59d6f34cf893fb59e28ecea99dbc45204307cdefabb18ab1bcf
ukmo,forecast,2021-09-26,pf,t2m,daily_mean_t2m,4,planned,/storage/raj.ayush/s2s_final_data/final_iteration/raw/ukmo/forecast/jjas2021/t2m/20210926_pf.grib,9b104fd918e89c776096902fb3b05f87f057132bb2382116ef84fafed09631a3
ukmo,forecast,2021-09-29,cf,tp,not_applicable,4,planned,/storage/raj.ayush/s2s_final_data/final_iteration/raw/ukmo/forecast/jjas2021/tp/20210929_cf.grib,f5dd17ea8240e8c2eb27c6ca2413ae23b573ecb3ad57f91bf8f578e6d6c1b4fc
ukmo,forecast,2021-09-29,pf,tp,not_applicable,4,planned,/storage/raj.ayush/s2s_final_data/final_iteration/raw/ukmo/forecast/jjas2021/tp/20210929_pf.grib,74e91fab376c4eda29478c78d65afd4b028145c66f9ce2711c678ee6e9be408c
ukmo,forecast,2021-09-29,cf,t2m,daily_mean_t2m,4,planned,/storage/raj.ayush/s2s_final_data/final_iteration/raw/ukmo/forecast/jjas2021/t2m/20210929_cf.grib,eccc31a66b2b23091519ec8edc90fd10b48367e41beac98c8b0101b8a25dbae8
ukmo,forecast,2021-09-29,pf,t2m,daily_mean_t2m,4,planned,/storage/raj.ayush/s2s_final_data/final_iteration/raw/ukmo/forecast/jjas2021/t2m/20210929_pf.grib,8cd9f0178e8bc8cc3560624f5aba1198cf47242c8c1b607181e1876bbef0f00c
ukmo,forecast,2022-06-02,cf,tp,not_applicable,4,planned,/storage/raj.ayush/s2s_final_data/final_iteration/raw/ukmo/forecast/jjas2022/tp/20220602_cf.grib,5afc38ae1a6b33fdd5913f115cd2e18472af57c60e4a3f7311f4153f2307c331
ukmo,forecast,2022-06-02,pf,tp,not_applicable,4,planned,/storage/raj.ayush/s2s_final_data/final_iteration/raw/ukmo/forecast/jjas2022/tp/20220602_pf.grib,6aeace0bd97e46b492c0e0fe551f403150d88efa05cc0f024971ba88c29a3496
ukmo,forecast,2022-06-02,cf,t2m,daily_mean_t2m,4,planned,/storage/raj.ayush/s2s_final_data/final_iteration/raw/ukmo/forecast/jjas2022/t2m/20220602_cf.grib,cc88f01eed5d99b9856e13050f5341bfcadea0bf01a222095a657a3388a4d488
ukmo,forecast,2022-06-02,pf,t2m,daily_mean_t2m,4,planned,/storage/raj.ayush/s2s_final_data/final_iteration/raw/ukmo/forecast/jjas2022/t2m/20220602_pf.grib,b5d0fe1c3543037bafbe8b7fcdf3b46f3542b66cb5f2b01c23c588a9cc5381d1
ukmo,forecast,2022-06-06,cf,tp,not_applicable,4,planned,/storage/raj.ayush/s2s_final_data/final_iteration/raw/ukmo/forecast/jjas2022/tp/20220606_cf.grib,43cb04216a8ee6dbeeae242371ae13916e5dd2930592fc7da3d9bd48ff486072
ukmo,forecast,2022-06-06,pf,tp,not_applicable,4,planned,/storage/raj.ayush/s2s_final_data/final_iteration/raw/ukmo/forecast/jjas2022/tp/20220606_pf.grib,1964e6c14ba8e664a04efbf6daf29229682bbb9fbf4f091ec733b5cc9a2a05e3
ukmo,forecast,2022-06-06,cf,t2m,daily_mean_t2m,4,planned,/storage/raj.ayush/s2s_final_data/final_iteration/raw/ukmo/forecast/jjas2022/t2m/20220606_cf.grib,e4bac30dd0f7898af9a75c5b6dd0b59b87f759784837f8b56e9bbfd57f3bd46c
ukmo,forecast,2022-06-06,pf,t2m,daily_mean_t2m,4,planned,/storage/raj.ayush/s2s_final_data/final_iteration/raw/ukmo/forecast/jjas2022/t2m/20220606_pf.grib,c75d44789d700a3792fe17bd5d545a9589425e844e7174360ab73bd97934f72f
ukmo,forecast,2022-06-09,cf,tp,not_applicable,4,planned,/storage/raj.ayush/s2s_final_data/final_iteration/raw/ukmo/forecast/jjas2022/tp/20220609_cf.grib,94f6b7519a09e0947e2d13e3788368b581e0a70f4e5dd3e2725ce52b43a6ca87
ukmo,forecast,2022-06-09,pf,tp,not_applicable,4,planned,/storage/raj.ayush/s2s_final_data/final_iteration/raw/ukmo/forecast/jjas2022/tp/20220609_pf.grib,70df7171016d921b803d3cebbfae784da3684efcdf33e691502d64896fa12073
ukmo,forecast,2022-06-09,cf,t2m,daily_mean_t2m,4,planned,/storage/raj.ayush/s2s_final_data/final_iteration/raw/ukmo/forecast/jjas2022/t2m/20220609_cf.grib,608c9f0152e32fc60792518bc8b3e7270bb66c59a1dce8ab2d50cbac97fabd15
ukmo,forecast,2022-06-09,pf,t2m,daily_mean_t2m,4,planned,/storage/raj.ayush/s2s_final_data/final_iteration/raw/ukmo/forecast/jjas2022/t2m/20220609_pf.grib,1ce68518edf12bdaad595c7e5211ed132e2ebc00f582df85f1926b716ad43784
ukmo,forecast,2022-06-13,cf,tp,not_applicable,4,planned,/storage/raj.ayush/s2s_final_data/final_iteration/raw/ukmo/forecast/jjas2022/tp/20220613_cf.grib,e115dfbe8c9704011506812144a2921365e56b59d610189a8a77c9ec8af6295d
ukmo,forecast,2022-06-13,pf,tp,not_applicable,4,planned,/storage/raj.ayush/s2s_final_data/final_iteration/raw/ukmo/forecast/jjas2022/tp/20220613_pf.grib,1048f14fcb6295114dd9de77ff703f6c45679021a9a6776719261dcaaa8278e7
ukmo,forecast,2022-06-13,cf,t2m,daily_mean_t2m,4,planned,/storage/raj.ayush/s2s_final_data/final_iteration/raw/ukmo/forecast/jjas2022/t2m/20220613_cf.grib,f32a626d64b5713b70c15518452c021db88c665db46ad1f31a079758f23fd742
ukmo,forecast,2022-06-13,pf,t2m,daily_mean_t2m,4,planned,/storage/raj.ayush/s2s_final_data/final_iteration/raw/ukmo/forecast/jjas2022/t2m/20220613_pf.grib,33d0e6b6e8319519b1ef8d657092adfd24b5eda4e2bf7232bfc96f30cbfbe211
ukmo,forecast,2022-06-16,cf,tp,not_applicable,4,planned,/storage/raj.ayush/s2s_final_data/final_iteration/raw/ukmo/forecast/jjas2022/tp/20220616_cf.grib,afc4947447b04a4e7c3eb2a1fae3fee74a8a01eb024e427292dbab5acbc525e2
ukmo,forecast,2022-06-16,pf,tp,not_applicable,4,planned,/storage/raj.ayush/s2s_final_data/final_iteration/raw/ukmo/forecast/jjas2022/tp/20220616_pf.grib,3f14fbc496c93eb699d0624c38a9e348453ce95ac9db3cfed9c0ac26b05f94c4
ukmo,forecast,2022-06-16,cf,t2m,daily_mean_t2m,4,planned,/storage/raj.ayush/s2s_final_data/final_iteration/raw/ukmo/forecast/jjas2022/t2m/20220616_cf.grib,52fe53ac034d813579b99f3e2567103f9ad204787871865f286317871c017215
ukmo,forecast,2022-06-16,pf,t2m,daily_mean_t2m,4,planned,/storage/raj.ayush/s2s_final_data/final_iteration/raw/ukmo/forecast/jjas2022/t2m/20220616_pf.grib,dea609745c55bb242d0eadaec313782f89ffb174efccbd63645181fec3e1452a
ukmo,forecast,2022-06-20,cf,tp,not_applicable,4,planned,/storage/raj.ayush/s2s_final_data/final_iteration/raw/ukmo/forecast/jjas2022/tp/20220620_cf.grib,3607dd7b14bf91e2a880ae57b47beffe36a90f19a59d49134609b18d3153fa53
ukmo,forecast,2022-06-20,pf,tp,not_applicable,4,planned,/storage/raj.ayush/s2s_final_data/final_iteration/raw/ukmo/forecast/jjas2022/tp/20220620_pf.grib,40de1449ef5ea7c2f7e12e8ba2724ff21c2981bd5f8c2bbacd160187d346ae3b
ukmo,forecast,2022-06-20,cf,t2m,daily_mean_t2m,4,planned,/storage/raj.ayush/s2s_final_data/final_iteration/raw/ukmo/forecast/jjas2022/t2m/20220620_cf.grib,d23d49e4391d6709791d937e373687cb252543ee356bc1e0f9597fc420c1cfd5
ukmo,forecast,2022-06-20,pf,t2m,daily_mean_t2m,4,planned,/storage/raj.ayush/s2s_final_data/final_iteration/raw/ukmo/forecast/jjas2022/t2m/20220620_pf.grib,58b30a24c4cb2d26104aa4f1c93a0c46bd70ccb3764360b21ee511f425c29aaa
ukmo,forecast,2022-06-23,cf,tp,not_applicable,4,planned,/storage/raj.ayush/s2s_final_data/final_iteration/raw/ukmo/forecast/jjas2022/tp/20220623_cf.grib,61163b57932e18ab7e3761b7669a4901058bb58488090789ccb40b4e188c8e79
ukmo,forecast,2022-06-23,pf,tp,not_applicable,4,planned,/storage/raj.ayush/s2s_final_data/final_iteration/raw/ukmo/forecast/jjas2022/tp/20220623_pf.grib,782111ea9ec7e2ee7dc5544a20e8e24a69f41421fb64b070c63a92f26d4d58b3
ukmo,forecast,2022-06-23,cf,t2m,daily_mean_t2m,4,planned,/storage/raj.ayush/s2s_final_data/final_iteration/raw/ukmo/forecast/jjas2022/t2m/20220623_cf.grib,e1af5327723a7661f577a851ffc9e2d4536972473caba063d916ba9e51056dfc
ukmo,forecast,2022-06-23,pf,t2m,daily_mean_t2m,4,planned,/storage/raj.ayush/s2s_final_data/final_iteration/raw/ukmo/forecast/jjas2022/t2m/20220623_pf.grib,461bdb0b9e416d9e2b49f096658eab509874f81eabc12c99425935d2e5fdb889
ukmo,forecast,2022-06-27,cf,tp,not_applicable,4,planned,/storage/raj.ayush/s2s_final_data/final_iteration/raw/ukmo/forecast/jjas2022/tp/20220627_cf.grib,fd7c53b7349440a4bad69afe72c476387421694849685c547c86b78e95a85d47
ukmo,forecast,2022-06-27,pf,tp,not_applicable,4,planned,/storage/raj.ayush/s2s_final_data/final_iteration/raw/ukmo/forecast/jjas2022/tp/20220627_pf.grib,3950e15d5cce8e496d7e25c9174a83ea3e7612139e8672bf0f13fe305c5bfb2e
ukmo,forecast,2022-06-27,cf,t2m,daily_mean_t2m,4,planned,/storage/raj.ayush/s2s_final_data/final_iteration/raw/ukmo/forecast/jjas2022/t2m/20220627_cf.grib,db74853c95272523d475d3117a225cd6933d19c6d05c166ec03b25b33b02eb39
ukmo,forecast,2022-06-27,pf,t2m,daily_mean_t2m,4,planned,/storage/raj.ayush/s2s_final_data/final_iteration/raw/ukmo/forecast/jjas2022/t2m/20220627_pf.grib,a52e35d314a9cd30a27cc208f053019bfee4bd337a4a9d53b6f3e0b5a421a15c
ukmo,forecast,2022-06-30,cf,tp,not_applicable,4,planned,/storage/raj.ayush/s2s_final_data/final_iteration/raw/ukmo/forecast/jjas2022/tp/20220630_cf.grib,74a4715efd6d1543b5d1c78d2c9637dd000bfc12ef045798f2bb9cc8a4f40148
ukmo,forecast,2022-06-30,pf,tp,not_applicable,4,planned,/storage/raj.ayush/s2s_final_data/final_iteration/raw/ukmo/forecast/jjas2022/tp/20220630_pf.grib,748f7c7ada0e033d43b751486a720589ccf683468def98f43aa4e04d23525f20
ukmo,forecast,2022-06-30,cf,t2m,daily_mean_t2m,4,planned,/storage/raj.ayush/s2s_final_data/final_iteration/raw/ukmo/forecast/jjas2022/t2m/20220630_cf.grib,087e1f48ff846c038b4c03647575e48361255a24c4b96395f26f4152115848fd
ukmo,forecast,2022-06-30,pf,t2m,daily_mean_t2m,4,planned,/storage/raj.ayush/s2s_final_data/final_iteration/raw/ukmo/forecast/jjas2022/t2m/20220630_pf.grib,bea3d3d10e32637e70611c38288ab86d81715293213cf8e1d1fe6c7be6bf618f
ukmo,forecast,2022-07-04,cf,tp,not_applicable,4,planned,/storage/raj.ayush/s2s_final_data/final_iteration/raw/ukmo/forecast/jjas2022/tp/20220704_cf.grib,4e41424aa531774943a21ea5c06f99291839917b74070bff2591049316ce654b
ukmo,forecast,2022-07-04,pf,tp,not_applicable,4,planned,/storage/raj.ayush/s2s_final_data/final_iteration/raw/ukmo/forecast/jjas2022/tp/20220704_pf.grib,b3160a6670348260ceadca545d7ab98beabec35d72b6d9697c76b48f2591fe9a
ukmo,forecast,2022-07-04,cf,t2m,daily_mean_t2m,4,planned,/storage/raj.ayush/s2s_final_data/final_iteration/raw/ukmo/forecast/jjas2022/t2m/20220704_cf.grib,b9f10614c05de152ca2395b8dedc978583d702e18b247bfabd7ccce03a382d62
ukmo,forecast,2022-07-04,pf,t2m,daily_mean_t2m,4,planned,/storage/raj.ayush/s2s_final_data/final_iteration/raw/ukmo/forecast/jjas2022/t2m/20220704_pf.grib,d8c7aaa5eb0e30ff0332d679d719c4c4107e6084041d4e5a8670dd9dc0515e94
ukmo,forecast,2022-07-07,cf,tp,not_applicable,4,planned,/storage/raj.ayush/s2s_final_data/final_iteration/raw/ukmo/forecast/jjas2022/tp/20220707_cf.grib,10c02418f691ec89b096c029f1b55098dc50ea618a83235d9c4157612aac0281
ukmo,forecast,2022-07-07,pf,tp,not_applicable,4,planned,/storage/raj.ayush/s2s_final_data/final_iteration/raw/ukmo/forecast/jjas2022/tp/20220707_pf.grib,1b743057e906aca940065376b37432040f92939be275eb69bc9b89767bf77133
ukmo,forecast,2022-07-07,cf,t2m,daily_mean_t2m,4,planned,/storage/raj.ayush/s2s_final_data/final_iteration/raw/ukmo/forecast/jjas2022/t2m/20220707_cf.grib,c691ef0ee54dc27f9f848e6933c93c0e66c0cc7e0211e5375e71c5995bd1f082
ukmo,forecast,2022-07-07,pf,t2m,daily_mean_t2m,4,planned,/storage/raj.ayush/s2s_final_data/final_iteration/raw/ukmo/forecast/jjas2022/t2m/20220707_pf.grib,79261682e138beeb85c735ac4c116b8a7fea2f739ef73ada11bd9779756a972b
ukmo,forecast,2022-07-11,cf,tp,not_applicable,4,planned,/storage/raj.ayush/s2s_final_data/final_iteration/raw/ukmo/forecast/jjas2022/tp/20220711_cf.grib,34d7ab3f93440b13f1b535d8a499a077c670622481d45c4435001221d41e041c
ukmo,forecast,2022-07-11,pf,tp,not_applicable,4,planned,/storage/raj.ayush/s2s_final_data/final_iteration/raw/ukmo/forecast/jjas2022/tp/20220711_pf.grib,8270ea0cce832f26100e11340036f1df05fbf89f6db76a81fee3f4a3aea7dfa1
ukmo,forecast,2022-07-11,cf,t2m,daily_mean_t2m,4,planned,/storage/raj.ayush/s2s_final_data/final_iteration/raw/ukmo/forecast/jjas2022/t2m/20220711_cf.grib,18839ea1ddc2ef7003489bd9c3f8dc650f1f7aa889f2869bd5a643aeb1c01573
ukmo,forecast,2022-07-11,pf,t2m,daily_mean_t2m,4,planned,/storage/raj.ayush/s2s_final_data/final_iteration/raw/ukmo/forecast/jjas2022/t2m/20220711_pf.grib,aaf9fe7c3ceecc7558744af7db4746d8fa9e9f965949d602fb02cdffcf1053f0
ukmo,forecast,2022-07-14,cf,tp,not_applicable,4,planned,/storage/raj.ayush/s2s_final_data/final_iteration/raw/ukmo/forecast/jjas2022/tp/20220714_cf.grib,e02feefd61a70a89c3aa74e21ac8291ebfe3b115aad58dee8126a38394d9f9cb
ukmo,forecast,2022-07-14,pf,tp,not_applicable,4,planned,/storage/raj.ayush/s2s_final_data/final_iteration/raw/ukmo/forecast/jjas2022/tp/20220714_pf.grib,46ebd358637409da749db80c01d2db99fa08b26b3000ded337d45f31e170bd0a
ukmo,forecast,2022-07-14,cf,t2m,daily_mean_t2m,4,planned,/storage/raj.ayush/s2s_final_data/final_iteration/raw/ukmo/forecast/jjas2022/t2m/20220714_cf.grib,8745b48ced7180b29d8c6025a90330476350b0397c83d38638878fd1fe0f2f02
ukmo,forecast,2022-07-14,pf,t2m,daily_mean_t2m,4,planned,/storage/raj.ayush/s2s_final_data/final_iteration/raw/ukmo/forecast/jjas2022/t2m/20220714_pf.grib,5a5a7bfc16fe26a49dd75582ad00c241b59d8c7888498f01642e2ad5e5d55957
ukmo,forecast,2022-07-18,cf,tp,not_applicable,4,planned,/storage/raj.ayush/s2s_final_data/final_iteration/raw/ukmo/forecast/jjas2022/tp/20220718_cf.grib,51a62a8da513e97cb7c82b12f048bbac1f87697e39753d60d2a6aac9fcf4b3d5
ukmo,forecast,2022-07-18,pf,tp,not_applicable,4,planned,/storage/raj.ayush/s2s_final_data/final_iteration/raw/ukmo/forecast/jjas2022/tp/20220718_pf.grib,93582a060e308211b8ce78f979019d269a65ec0fff5f06f5eacbc6ab48fce4b1
ukmo,forecast,2022-07-18,cf,t2m,daily_mean_t2m,4,planned,/storage/raj.ayush/s2s_final_data/final_iteration/raw/ukmo/forecast/jjas2022/t2m/20220718_cf.grib,bfb704ca54bf4959715d18316be0b923ae1c0c4ed87ad48397c0f53f17a7163d
ukmo,forecast,2022-07-18,pf,t2m,daily_mean_t2m,4,planned,/storage/raj.ayush/s2s_final_data/final_iteration/raw/ukmo/forecast/jjas2022/t2m/20220718_pf.grib,0fc0b88159ea79837c1eea4314e86945bf01664f5e3ddeeeeb19419216522f92
ukmo,forecast,2022-07-21,cf,tp,not_applicable,4,planned,/storage/raj.ayush/s2s_final_data/final_iteration/raw/ukmo/forecast/jjas2022/tp/20220721_cf.grib,4fcee000ae0f91695f3c207483c303d1decaeeb351cb9ad735f45c7131c6c6d8
ukmo,forecast,2022-07-21,pf,tp,not_applicable,4,planned,/storage/raj.ayush/s2s_final_data/final_iteration/raw/ukmo/forecast/jjas2022/tp/20220721_pf.grib,f12b6ab51d30be98daa0106df465432addc0f7a4bf373f2ae78ca5f182f1315b
ukmo,forecast,2022-07-21,cf,t2m,daily_mean_t2m,4,planned,/storage/raj.ayush/s2s_final_data/final_iteration/raw/ukmo/forecast/jjas2022/t2m/20220721_cf.grib,4c25fbf7f07f2a57991d83ffddee0b7be31e1709f33dc7806262c4723633c214
ukmo,forecast,2022-07-21,pf,t2m,daily_mean_t2m,4,planned,/storage/raj.ayush/s2s_final_data/final_iteration/raw/ukmo/forecast/jjas2022/t2m/20220721_pf.grib,40829b30bc7e0fa3403a602bf17b48e47e94d004b82b746cd7260d3aa16b2e7a
ukmo,forecast,2022-07-25,cf,tp,not_applicable,4,planned,/storage/raj.ayush/s2s_final_data/final_iteration/raw/ukmo/forecast/jjas2022/tp/20220725_cf.grib,b4ec0118951ab040b9b67a9df67a5277018dee44d54b6c633b4d9810007b9a5b
ukmo,forecast,2022-07-25,pf,tp,not_applicable,4,planned,/storage/raj.ayush/s2s_final_data/final_iteration/raw/ukmo/forecast/jjas2022/tp/20220725_pf.grib,89d6c9f5adc3db224dfcb25da21f39df37d827fe0f68bd08e06c749df6802e51
ukmo,forecast,2022-07-25,cf,t2m,daily_mean_t2m,4,planned,/storage/raj.ayush/s2s_final_data/final_iteration/raw/ukmo/forecast/jjas2022/t2m/20220725_cf.grib,6ff6848e96802b44b5f9159482277f5e7905b42b3bd341a766fac87cbb356b2d
ukmo,forecast,2022-07-25,pf,t2m,daily_mean_t2m,4,planned,/storage/raj.ayush/s2s_final_data/final_iteration/raw/ukmo/forecast/jjas2022/t2m/20220725_pf.grib,48be929cbc3aeabc276df2eb5f4595f64e622f4780b88685c759dc34480d4826
ukmo,forecast,2022-07-28,cf,tp,not_applicable,4,planned,/storage/raj.ayush/s2s_final_data/final_iteration/raw/ukmo/forecast/jjas2022/tp/20220728_cf.grib,f460a3d608f2024a53844d7ce9c8eed4b4ff42885c34ccb5d752c96c5d90ab99
ukmo,forecast,2022-07-28,pf,tp,not_applicable,4,planned,/storage/raj.ayush/s2s_final_data/final_iteration/raw/ukmo/forecast/jjas2022/tp/20220728_pf.grib,0c5c1eeead95360d0056d6ad6ea9377d9c8aa4ab4c83b77ececd5d5bc8d73a2a
ukmo,forecast,2022-07-28,cf,t2m,daily_mean_t2m,4,planned,/storage/raj.ayush/s2s_final_data/final_iteration/raw/ukmo/forecast/jjas2022/t2m/20220728_cf.grib,c10226cae3c162aeff560fdf54b773a6856f2180dfefdf31f71e270e690a9ab8
ukmo,forecast,2022-07-28,pf,t2m,daily_mean_t2m,4,planned,/storage/raj.ayush/s2s_final_data/final_iteration/raw/ukmo/forecast/jjas2022/t2m/20220728_pf.grib,5862c8d3a74463492c7b6b862fd5a73a1ec5687593d7ead09d286a35997af3d2
ukmo,forecast,2022-08-01,cf,tp,not_applicable,4,planned,/storage/raj.ayush/s2s_final_data/final_iteration/raw/ukmo/forecast/jjas2022/tp/20220801_cf.grib,7c33827fc72ef685763239e330b1ec3eb8b0c53cced1909a07e4d199a334f7f1
ukmo,forecast,2022-08-01,pf,tp,not_applicable,4,planned,/storage/raj.ayush/s2s_final_data/final_iteration/raw/ukmo/forecast/jjas2022/tp/20220801_pf.grib,412cfab61d2b7972c3353ccc3aacd57a2e58adf6e0a40ed576772968b41a1668
ukmo,forecast,2022-08-01,cf,t2m,daily_mean_t2m,4,planned,/storage/raj.ayush/s2s_final_data/final_iteration/raw/ukmo/forecast/jjas2022/t2m/20220801_cf.grib,d6c954f51bdda3ae13377e4d6d5f768e343b94a2d3dcb4d8ac6a7cd72844ea6b
ukmo,forecast,2022-08-01,pf,t2m,daily_mean_t2m,4,planned,/storage/raj.ayush/s2s_final_data/final_iteration/raw/ukmo/forecast/jjas2022/t2m/20220801_pf.grib,fa9dd2a458c5c9163f5aaa18129a3e1266e0f0acf214888abf0b561123f7f439
ukmo,forecast,2022-08-04,cf,tp,not_applicable,4,planned,/storage/raj.ayush/s2s_final_data/final_iteration/raw/ukmo/forecast/jjas2022/tp/20220804_cf.grib,4041a1619ca5feff7cfd0ef227c2be095c284b7bfc08fb0fb6b8ee44e1e4a8e7
ukmo,forecast,2022-08-04,pf,tp,not_applicable,4,planned,/storage/raj.ayush/s2s_final_data/final_iteration/raw/ukmo/forecast/jjas2022/tp/20220804_pf.grib,f1bb77b3c6a2875e5c617d64c69cefd7b709c7f5b5d31cc44bd57303f02ae458
ukmo,forecast,2022-08-04,cf,t2m,daily_mean_t2m,4,planned,/storage/raj.ayush/s2s_final_data/final_iteration/raw/ukmo/forecast/jjas2022/t2m/20220804_cf.grib,e6a5846adafab6e1a9ed0731996b1e209365c2c5a45fdf0fcb8972b8c5dbccae
ukmo,forecast,2022-08-04,pf,t2m,daily_mean_t2m,4,planned,/storage/raj.ayush/s2s_final_data/final_iteration/raw/ukmo/forecast/jjas2022/t2m/20220804_pf.grib,5742a0162bf814cc729238d829e0ee6c19c2a1d5ca9db7d16d6222aa079cfb98
ukmo,forecast,2022-08-08,cf,tp,not_applicable,4,planned,/storage/raj.ayush/s2s_final_data/final_iteration/raw/ukmo/forecast/jjas2022/tp/20220808_cf.grib,0d7886e31fd636782070ced6b4fc323772129d3d35c0cc371b6fa9570598c499
ukmo,forecast,2022-08-08,pf,tp,not_applicable,4,planned,/storage/raj.ayush/s2s_final_data/final_iteration/raw/ukmo/forecast/jjas2022/tp/20220808_pf.grib,fd0bbdd211bdda483d99ceee018f03cedc671b353e4ed0dab950df3b116ff98a
ukmo,forecast,2022-08-08,cf,t2m,daily_mean_t2m,4,planned,/storage/raj.ayush/s2s_final_data/final_iteration/raw/ukmo/forecast/jjas2022/t2m/20220808_cf.grib,48dcdc62dc84de233e13fa4017b3560265dc5b05728c9388c71b08434c063263
ukmo,forecast,2022-08-08,pf,t2m,daily_mean_t2m,4,planned,/storage/raj.ayush/s2s_final_data/final_iteration/raw/ukmo/forecast/jjas2022/t2m/20220808_pf.grib,af87f35d295b1415d3e1d52f91170bce66a45162281420f3e53fb8876549f127
ukmo,forecast,2022-08-11,cf,tp,not_applicable,4,planned,/storage/raj.ayush/s2s_final_data/final_iteration/raw/ukmo/forecast/jjas2022/tp/20220811_cf.grib,4f7150dc4952ff5c95c848a94feb54748e626dc44ca39395e6f67b83adac4a85
ukmo,forecast,2022-08-11,pf,tp,not_applicable,4,planned,/storage/raj.ayush/s2s_final_data/final_iteration/raw/ukmo/forecast/jjas2022/tp/20220811_pf.grib,c6d0dd98735b37b3ccc595a9e4fba422d3aba6c51b4210c5a1a75e6a271c993e
ukmo,forecast,2022-08-11,cf,t2m,daily_mean_t2m,4,planned,/storage/raj.ayush/s2s_final_data/final_iteration/raw/ukmo/forecast/jjas2022/t2m/20220811_cf.grib,a79b37cee86973d85712048f411fcea0e8302dcba63f27b6019c190c5a7e9547
ukmo,forecast,2022-08-11,pf,t2m,daily_mean_t2m,4,planned,/storage/raj.ayush/s2s_final_data/final_iteration/raw/ukmo/forecast/jjas2022/t2m/20220811_pf.grib,167726707092c85b719820824d9dd0460d7845eee16641468ef1b91abcbd0410
ukmo,forecast,2022-08-15,cf,tp,not_applicable,4,planned,/storage/raj.ayush/s2s_final_data/final_iteration/raw/ukmo/forecast/jjas2022/tp/20220815_cf.grib,3708bdd40255853b9c6049d76326f3e7c2e5d73ed3c12627722c0d6fae2aca40
ukmo,forecast,2022-08-15,pf,tp,not_applicable,4,planned,/storage/raj.ayush/s2s_final_data/final_iteration/raw/ukmo/forecast/jjas2022/tp/20220815_pf.grib,2b7d2de9aa4e44ac8a155acb0b7f184c72139d631de8e871c444867ffaa4cfb0
ukmo,forecast,2022-08-15,cf,t2m,daily_mean_t2m,4,planned,/storage/raj.ayush/s2s_final_data/final_iteration/raw/ukmo/forecast/jjas2022/t2m/20220815_cf.grib,5b822b9156fb793ed5dd1a8e2d4f3aff788e56e24c9ed5da442a78254104f93a
ukmo,forecast,2022-08-15,pf,t2m,daily_mean_t2m,4,planned,/storage/raj.ayush/s2s_final_data/final_iteration/raw/ukmo/forecast/jjas2022/t2m/20220815_pf.grib,518ed7375cabf76854478f2514922a5db317d9f19e7ed1395ab208fa6b7970c6
ukmo,forecast,2022-08-18,cf,tp,not_applicable,4,planned,/storage/raj.ayush/s2s_final_data/final_iteration/raw/ukmo/forecast/jjas2022/tp/20220818_cf.grib,76269c7842d31ef2e0c86e3ff40f03074099a907368483084b4639b54edd3b8a
ukmo,forecast,2022-08-18,pf,tp,not_applicable,4,planned,/storage/raj.ayush/s2s_final_data/final_iteration/raw/ukmo/forecast/jjas2022/tp/20220818_pf.grib,c146113079c5df53c6a8998d43dc52604c7833c11a7e60cc29f9669a24e1f912
ukmo,forecast,2022-08-18,cf,t2m,daily_mean_t2m,4,planned,/storage/raj.ayush/s2s_final_data/final_iteration/raw/ukmo/forecast/jjas2022/t2m/20220818_cf.grib,e1efc40d1f56a24143cb02663a4e40a5d7b133c1fc5fed446cae58d8fc33968a
ukmo,forecast,2022-08-18,pf,t2m,daily_mean_t2m,4,planned,/storage/raj.ayush/s2s_final_data/final_iteration/raw/ukmo/forecast/jjas2022/t2m/20220818_pf.grib,082c1ef5d12b5c2b41d641c4d60884120f56f2054a0732ce5e2b70f1c1a4b6f9
ukmo,forecast,2022-08-22,cf,tp,not_applicable,4,planned,/storage/raj.ayush/s2s_final_data/final_iteration/raw/ukmo/forecast/jjas2022/tp/20220822_cf.grib,fb6b8c0eee60695a1094835a578b3fb4f5fdc2d0a71eea2ae2b836855268cf7f
ukmo,forecast,2022-08-22,pf,tp,not_applicable,4,planned,/storage/raj.ayush/s2s_final_data/final_iteration/raw/ukmo/forecast/jjas2022/tp/20220822_pf.grib,68d0cbb68e8b837f67af6fab387a4968ba150c0c09710fd7b886942c17735d74
ukmo,forecast,2022-08-22,cf,t2m,daily_mean_t2m,4,planned,/storage/raj.ayush/s2s_final_data/final_iteration/raw/ukmo/forecast/jjas2022/t2m/20220822_cf.grib,69ea3b93693f7681169605a8f94d26ab1c694c44eb3ab7f7c408fdf0a2a9b9cd
ukmo,forecast,2022-08-22,pf,t2m,daily_mean_t2m,4,planned,/storage/raj.ayush/s2s_final_data/final_iteration/raw/ukmo/forecast/jjas2022/t2m/20220822_pf.grib,88010822c6e3eba5b6975e0e66839df2f91c17baea84dcc95f74d8297f6731ca
ukmo,forecast,2022-08-25,cf,tp,not_applicable,4,planned,/storage/raj.ayush/s2s_final_data/final_iteration/raw/ukmo/forecast/jjas2022/tp/20220825_cf.grib,f3ab3673d62745018946f814bcbc3235dcace1f461578fa770cf5b266c152094
ukmo,forecast,2022-08-25,pf,tp,not_applicable,4,planned,/storage/raj.ayush/s2s_final_data/final_iteration/raw/ukmo/forecast/jjas2022/tp/20220825_pf.grib,d7f8ff2e49397f74a568040c7edeb8dfe6d00ae114dc2459e450cff2c93d5c3e
ukmo,forecast,2022-08-25,cf,t2m,daily_mean_t2m,4,planned,/storage/raj.ayush/s2s_final_data/final_iteration/raw/ukmo/forecast/jjas2022/t2m/20220825_cf.grib,eeceedf227689e9f47f171a19d2bc4460a5a8268502649a33b3127d05e3f50dd
ukmo,forecast,2022-08-25,pf,t2m,daily_mean_t2m,4,planned,/storage/raj.ayush/s2s_final_data/final_iteration/raw/ukmo/forecast/jjas2022/t2m/20220825_pf.grib,e77c3fcfa9879c261d0d5dca3c3cf192a9f5ad1f06836b49d5ef1c6e040a95c4
ukmo,forecast,2022-08-29,cf,tp,not_applicable,4,planned,/storage/raj.ayush/s2s_final_data/final_iteration/raw/ukmo/forecast/jjas2022/tp/20220829_cf.grib,13c4ad14639feb87d82a4f935cda606a9d546e4d6c1087e581a391de14077bb3
ukmo,forecast,2022-08-29,pf,tp,not_applicable,4,planned,/storage/raj.ayush/s2s_final_data/final_iteration/raw/ukmo/forecast/jjas2022/tp/20220829_pf.grib,24a002cb8aca783915323b1b83fc519ebd0de6d6069fccbb39a889c07476b769
ukmo,forecast,2022-08-29,cf,t2m,daily_mean_t2m,4,planned,/storage/raj.ayush/s2s_final_data/final_iteration/raw/ukmo/forecast/jjas2022/t2m/20220829_cf.grib,1dafe102c02b56d21f92b38d9a73bcb72f19e44489813cbfa5892bc86a6ec267
ukmo,forecast,2022-08-29,pf,t2m,daily_mean_t2m,4,planned,/storage/raj.ayush/s2s_final_data/final_iteration/raw/ukmo/forecast/jjas2022/t2m/20220829_pf.grib,521a209973bb95737dc0c46d357b132f33ceebce68e8a4f5761a1ec0defd25e3
ukmo,forecast,2022-09-01,cf,tp,not_applicable,4,planned,/storage/raj.ayush/s2s_final_data/final_iteration/raw/ukmo/forecast/jjas2022/tp/20220901_cf.grib,95e6e26e4e9ffd7d3e04023376a18cb77dc40ef047d79dbcc106e2990731e42d
ukmo,forecast,2022-09-01,pf,tp,not_applicable,4,planned,/storage/raj.ayush/s2s_final_data/final_iteration/raw/ukmo/forecast/jjas2022/tp/20220901_pf.grib,c356fa37b898ce84a7f8f8f9aa317c831a6b7bd2ba395db5352f45dee3ffc1ce
ukmo,forecast,2022-09-01,cf,t2m,daily_mean_t2m,4,planned,/storage/raj.ayush/s2s_final_data/final_iteration/raw/ukmo/forecast/jjas2022/t2m/20220901_cf.grib,77e55196c53c1eb82f6a2e8a2fa97f70d63c9b7a96741b1d033e0fbaf6467f88
ukmo,forecast,2022-09-01,pf,t2m,daily_mean_t2m,4,planned,/storage/raj.ayush/s2s_final_data/final_iteration/raw/ukmo/forecast/jjas2022/t2m/20220901_pf.grib,c05d9c3f41d86b04cfb37714a264722f3262c96d806bdd9daa8d75d534a5f2d9
ukmo,forecast,2022-09-05,cf,tp,not_applicable,4,planned,/storage/raj.ayush/s2s_final_data/final_iteration/raw/ukmo/forecast/jjas2022/tp/20220905_cf.grib,589956c4f6badf3cfb4acd7a3cb6d66c7065a844291465aeec663e926a74f1c5
ukmo,forecast,2022-09-05,pf,tp,not_applicable,4,planned,/storage/raj.ayush/s2s_final_data/final_iteration/raw/ukmo/forecast/jjas2022/tp/20220905_pf.grib,ceca6c159d0d4c1cdb9249b0ef4af5883d8befb04a757875f1fd26b702b204a6
ukmo,forecast,2022-09-05,cf,t2m,daily_mean_t2m,4,planned,/storage/raj.ayush/s2s_final_data/final_iteration/raw/ukmo/forecast/jjas2022/t2m/20220905_cf.grib,59e8e801e463bad37f389a5b4faf70d8e3ea98e7a4c3cd7c5d8970cb4cfc0b45
ukmo,forecast,2022-09-05,pf,t2m,daily_mean_t2m,4,planned,/storage/raj.ayush/s2s_final_data/final_iteration/raw/ukmo/forecast/jjas2022/t2m/20220905_pf.grib,5756a32e7beb0bc306eb59c230f6f03a5ed7b70a1f987a678776cf891e7c1768
ukmo,forecast,2022-09-08,cf,tp,not_applicable,4,planned,/storage/raj.ayush/s2s_final_data/final_iteration/raw/ukmo/forecast/jjas2022/tp/20220908_cf.grib,36a3d589e3ef6d85fc7b6ff3709edde3e9eeab460e2f5a81e2670290bbf587d2
ukmo,forecast,2022-09-08,pf,tp,not_applicable,4,planned,/storage/raj.ayush/s2s_final_data/final_iteration/raw/ukmo/forecast/jjas2022/tp/20220908_pf.grib,dcc00602d5df1bb2184e158bce7ac5cc5f63bb0aff2da206f47f63d7295aa33f
ukmo,forecast,2022-09-08,cf,t2m,daily_mean_t2m,4,planned,/storage/raj.ayush/s2s_final_data/final_iteration/raw/ukmo/forecast/jjas2022/t2m/20220908_cf.grib,f2fca08875e74b44f48d3b967d01649822a1039a504705a482f315f1ddcd20b6
ukmo,forecast,2022-09-08,pf,t2m,daily_mean_t2m,4,planned,/storage/raj.ayush/s2s_final_data/final_iteration/raw/ukmo/forecast/jjas2022/t2m/20220908_pf.grib,f19981742a67d4903a7e1d34fd6d898faec3444f420474a95385be5bdb5bd745
ukmo,forecast,2022-09-12,cf,tp,not_applicable,4,planned,/storage/raj.ayush/s2s_final_data/final_iteration/raw/ukmo/forecast/jjas2022/tp/20220912_cf.grib,e462e8df39d96a6272d759246a6dc8fb72a422e3345da967dced512c77d13a75
ukmo,forecast,2022-09-12,pf,tp,not_applicable,4,planned,/storage/raj.ayush/s2s_final_data/final_iteration/raw/ukmo/forecast/jjas2022/tp/20220912_pf.grib,978888c50745129dd1ed6dec0c26a698c37f3ae8e58ce2539b890d2dbd2393e9
ukmo,forecast,2022-09-12,cf,t2m,daily_mean_t2m,4,planned,/storage/raj.ayush/s2s_final_data/final_iteration/raw/ukmo/forecast/jjas2022/t2m/20220912_cf.grib,a39207ce45d57a9f3ea41d73f7d46be4c75d3894c7cdbfb12429fa3178aa2095
ukmo,forecast,2022-09-12,pf,t2m,daily_mean_t2m,4,planned,/storage/raj.ayush/s2s_final_data/final_iteration/raw/ukmo/forecast/jjas2022/t2m/20220912_pf.grib,c12e815059fc035e83fde84bd5dfe1b34468acaf7bcad5159de616f3d624b895
ukmo,forecast,2022-09-15,cf,tp,not_applicable,4,planned,/storage/raj.ayush/s2s_final_data/final_iteration/raw/ukmo/forecast/jjas2022/tp/20220915_cf.grib,f7321533111e09d6d8fa75db822956ae17a56d41f2c0c1477122a28f37e62a19
ukmo,forecast,2022-09-15,pf,tp,not_applicable,4,planned,/storage/raj.ayush/s2s_final_data/final_iteration/raw/ukmo/forecast/jjas2022/tp/20220915_pf.grib,36c0690645f3fa8b3af30d45b6b074c640942455be381205c77d8d9746aacd64
ukmo,forecast,2022-09-15,cf,t2m,daily_mean_t2m,4,planned,/storage/raj.ayush/s2s_final_data/final_iteration/raw/ukmo/forecast/jjas2022/t2m/20220915_cf.grib,c01b9b6caf9301a492d5adf1fd2a2ba0439329f8451bb0aa7223dab0f615174a
ukmo,forecast,2022-09-15,pf,t2m,daily_mean_t2m,4,planned,/storage/raj.ayush/s2s_final_data/final_iteration/raw/ukmo/forecast/jjas2022/t2m/20220915_pf.grib,6985b308657c20645f5890cf0b10b4b146509aadab63ad432602e7c2cb17461b
ukmo,forecast,2022-09-19,cf,tp,not_applicable,4,planned,/storage/raj.ayush/s2s_final_data/final_iteration/raw/ukmo/forecast/jjas2022/tp/20220919_cf.grib,c125584f7be6da8b235b51002cc56e44df6f1f97ea92825112fbf6eb9bb116f6
ukmo,forecast,2022-09-19,pf,tp,not_applicable,4,planned,/storage/raj.ayush/s2s_final_data/final_iteration/raw/ukmo/forecast/jjas2022/tp/20220919_pf.grib,6b9e6ea74856a287bf369436e36228c7b94ac835945f24c16c6388f7448b70fc
ukmo,forecast,2022-09-19,cf,t2m,daily_mean_t2m,4,planned,/storage/raj.ayush/s2s_final_data/final_iteration/raw/ukmo/forecast/jjas2022/t2m/20220919_cf.grib,c3ef795bbe39ed87af201775c6443b4c6540d7e719c98ded316059936b8543d7
ukmo,forecast,2022-09-19,pf,t2m,daily_mean_t2m,4,planned,/storage/raj.ayush/s2s_final_data/final_iteration/raw/ukmo/forecast/jjas2022/t2m/20220919_pf.grib,0d0b536703bc9daac2aabffa63542bbec6a5080559443dc1b40c610cf035edf1
ukmo,forecast,2022-09-22,cf,tp,not_applicable,4,planned,/storage/raj.ayush/s2s_final_data/final_iteration/raw/ukmo/forecast/jjas2022/tp/20220922_cf.grib,c138aa3f733bd7f0bf6e54ca602abb16c964850da1323d7f5ba8402f0417293c
ukmo,forecast,2022-09-22,pf,tp,not_applicable,4,planned,/storage/raj.ayush/s2s_final_data/final_iteration/raw/ukmo/forecast/jjas2022/tp/20220922_pf.grib,3a1d036df8c35967aa781472295e1c4032375609874d90984d96ccc8a132bd26
ukmo,forecast,2022-09-22,cf,t2m,daily_mean_t2m,4,planned,/storage/raj.ayush/s2s_final_data/final_iteration/raw/ukmo/forecast/jjas2022/t2m/20220922_cf.grib,a3d9c4c307923b9098a7b005aab8be70abbead474c9abe963a53969bef3b62c7
ukmo,forecast,2022-09-22,pf,t2m,daily_mean_t2m,4,planned,/storage/raj.ayush/s2s_final_data/final_iteration/raw/ukmo/forecast/jjas2022/t2m/20220922_pf.grib,53c53514925d22b4e1e1018364c87dd15071de68be40fc18bd6c73232977654f
ukmo,forecast,2022-09-26,cf,tp,not_applicable,4,planned,/storage/raj.ayush/s2s_final_data/final_iteration/raw/ukmo/forecast/jjas2022/tp/20220926_cf.grib,c2390e02f5b08a5cd2ccdd82ed0fe16089ebf74dabeb735b4668bb9eb79eb245
ukmo,forecast,2022-09-26,pf,tp,not_applicable,4,planned,/storage/raj.ayush/s2s_final_data/final_iteration/raw/ukmo/forecast/jjas2022/tp/20220926_pf.grib,af44f22af30035b2d619e75551130b43f1785868d23542b3816a54840325b8ae
ukmo,forecast,2022-09-26,cf,t2m,daily_mean_t2m,4,planned,/storage/raj.ayush/s2s_final_data/final_iteration/raw/ukmo/forecast/jjas2022/t2m/20220926_cf.grib,678a822cf945aabb22ea10512137c18fdeed89de621495b043d3a36f84b6c3ff
ukmo,forecast,2022-09-26,pf,t2m,daily_mean_t2m,4,planned,/storage/raj.ayush/s2s_final_data/final_iteration/raw/ukmo/forecast/jjas2022/t2m/20220926_pf.grib,de073dbe597a2bf9d941ae89269e608c00f0801807d0f1f6b4f4addc8feaeace
ukmo,forecast,2022-09-29,cf,tp,not_applicable,4,planned,/storage/raj.ayush/s2s_final_data/final_iteration/raw/ukmo/forecast/jjas2022/tp/20220929_cf.grib,55086d006f2f3b62c699bd74e785f0bb547bbb3f66b8ec48f20ce88f31aaff34
ukmo,forecast,2022-09-29,pf,tp,not_applicable,4,planned,/storage/raj.ayush/s2s_final_data/final_iteration/raw/ukmo/forecast/jjas2022/tp/20220929_pf.grib,97aed990d02abb05e99e69c0fd10c2b952d8c628cb562cc73d48c9cd541d81e7
ukmo,forecast,2022-09-29,cf,t2m,daily_mean_t2m,4,planned,/storage/raj.ayush/s2s_final_data/final_iteration/raw/ukmo/forecast/jjas2022/t2m/20220929_cf.grib,7f2061e5eccd064cf30733255a831d0d0f78d8893a75c98b0235e495716f7f04
ukmo,forecast,2022-09-29,pf,t2m,daily_mean_t2m,4,planned,/storage/raj.ayush/s2s_final_data/final_iteration/raw/ukmo/forecast/jjas2022/t2m/20220929_pf.grib,7b60b9352103a109f3140c1f5b1eee1034b4cdf3d47240f7f1b8f6f00040440b
ukmo,forecast,2023-06-02,cf,tp,not_applicable,4,planned,/storage/raj.ayush/s2s_final_data/final_iteration/raw/ukmo/forecast/jjas2023/tp/20230602_cf.grib,ca694cb0c19ed8aaacbaf7851144bd1d30f8f1f57ab954f10d859c3fba3664e4
ukmo,forecast,2023-06-02,pf,tp,not_applicable,4,planned,/storage/raj.ayush/s2s_final_data/final_iteration/raw/ukmo/forecast/jjas2023/tp/20230602_pf.grib,198c21199e2553a3b4a15b1e531bb0c4fd6f466e7ef43c177062de22af4dfca2
ukmo,forecast,2023-06-02,cf,t2m,daily_mean_t2m,4,planned,/storage/raj.ayush/s2s_final_data/final_iteration/raw/ukmo/forecast/jjas2023/t2m/20230602_cf.grib,10decbb0102137f3b0f2ec5209ec3fe05fbdc41abe99f344bf11af5da7d45559
ukmo,forecast,2023-06-02,pf,t2m,daily_mean_t2m,4,planned,/storage/raj.ayush/s2s_final_data/final_iteration/raw/ukmo/forecast/jjas2023/t2m/20230602_pf.grib,e88efe9c11898c87d365bad16e3535d55f931e342d665a14b4b306080fd00628
ukmo,forecast,2023-06-06,cf,tp,not_applicable,4,planned,/storage/raj.ayush/s2s_final_data/final_iteration/raw/ukmo/forecast/jjas2023/tp/20230606_cf.grib,d8c5dfaa36af5603dd2f5f676717d83f89bd65023f06edf1342494f1cc7fc935
ukmo,forecast,2023-06-06,pf,tp,not_applicable,4,planned,/storage/raj.ayush/s2s_final_data/final_iteration/raw/ukmo/forecast/jjas2023/tp/20230606_pf.grib,1be37d8c9be4ff64c565aceef2e9349916d2b94baab7653874fead38c175a7b7
ukmo,forecast,2023-06-06,cf,t2m,daily_mean_t2m,4,planned,/storage/raj.ayush/s2s_final_data/final_iteration/raw/ukmo/forecast/jjas2023/t2m/20230606_cf.grib,3ba709a10625648b1da6965d24037d6995c293a404f59a040fe10c97bdbd4c83
ukmo,forecast,2023-06-06,pf,t2m,daily_mean_t2m,4,planned,/storage/raj.ayush/s2s_final_data/final_iteration/raw/ukmo/forecast/jjas2023/t2m/20230606_pf.grib,b630e01aea04542fc1a6296aae8ebae2010d72e807945a8e5d240d4e77e0dedb
ukmo,forecast,2023-06-09,cf,tp,not_applicable,4,planned,/storage/raj.ayush/s2s_final_data/final_iteration/raw/ukmo/forecast/jjas2023/tp/20230609_cf.grib,dba585c914178868c0ccb7e27291d327e758ca4a3c49acf4e4737e1abe21d7b5
ukmo,forecast,2023-06-09,pf,tp,not_applicable,4,planned,/storage/raj.ayush/s2s_final_data/final_iteration/raw/ukmo/forecast/jjas2023/tp/20230609_pf.grib,065f198eb5d7272359eae99b1694dbc4461c5610b4fd3e5a7349fdd76696fad4
ukmo,forecast,2023-06-09,cf,t2m,daily_mean_t2m,4,planned,/storage/raj.ayush/s2s_final_data/final_iteration/raw/ukmo/forecast/jjas2023/t2m/20230609_cf.grib,0e9b724a098d5c8a52e9ad6a4ebf2a4086e6cf8d3e4030a62fb8a0adc8001780
ukmo,forecast,2023-06-09,pf,t2m,daily_mean_t2m,4,planned,/storage/raj.ayush/s2s_final_data/final_iteration/raw/ukmo/forecast/jjas2023/t2m/20230609_pf.grib,731ba8af76b9fb2f1e1c36539501e96f0e8bcacad5b507fd7c5fb26db1766862
ukmo,forecast,2023-06-13,cf,tp,not_applicable,4,planned,/storage/raj.ayush/s2s_final_data/final_iteration/raw/ukmo/forecast/jjas2023/tp/20230613_cf.grib,c5f2b649de0d8ea47e4ebd17942354c7256f5ea60fc4cbf599128a1777a73da8
ukmo,forecast,2023-06-13,pf,tp,not_applicable,4,planned,/storage/raj.ayush/s2s_final_data/final_iteration/raw/ukmo/forecast/jjas2023/tp/20230613_pf.grib,7352486638b301a7ccf1fc30322f2307815ec8d6af8207f446cfbb624e592e3f
ukmo,forecast,2023-06-13,cf,t2m,daily_mean_t2m,4,planned,/storage/raj.ayush/s2s_final_data/final_iteration/raw/ukmo/forecast/jjas2023/t2m/20230613_cf.grib,828baad32ee1ffa7da4e26613ca3bb04689d94fce444eabcb9b1e063e4e0a83f
ukmo,forecast,2023-06-13,pf,t2m,daily_mean_t2m,4,planned,/storage/raj.ayush/s2s_final_data/final_iteration/raw/ukmo/forecast/jjas2023/t2m/20230613_pf.grib,8a4c1fd61afa53e1c2aafdf644185dad476325e1f98671def1992bec2e4d3795
ukmo,forecast,2023-06-16,cf,tp,not_applicable,4,planned,/storage/raj.ayush/s2s_final_data/final_iteration/raw/ukmo/forecast/jjas2023/tp/20230616_cf.grib,fb4e94abbe337ca8438a64ae8dc8904be44028eea6e4e3f8715da517a1328949
ukmo,forecast,2023-06-16,pf,tp,not_applicable,4,planned,/storage/raj.ayush/s2s_final_data/final_iteration/raw/ukmo/forecast/jjas2023/tp/20230616_pf.grib,b7087f86c2f785d546ef764fd75cb2355a2bfd6473a890c8f2487f86827ede8b
ukmo,forecast,2023-06-16,cf,t2m,daily_mean_t2m,4,planned,/storage/raj.ayush/s2s_final_data/final_iteration/raw/ukmo/forecast/jjas2023/t2m/20230616_cf.grib,25052781b7b2ad9fcfd1a6c56efb5ce2bd657354ddf16847ae7699bc1419c719
ukmo,forecast,2023-06-16,pf,t2m,daily_mean_t2m,4,planned,/storage/raj.ayush/s2s_final_data/final_iteration/raw/ukmo/forecast/jjas2023/t2m/20230616_pf.grib,554829f734610150a14668c4220d8c616017cc7bea5ac299897d78886c7de782
ukmo,forecast,2023-06-20,cf,tp,not_applicable,4,planned,/storage/raj.ayush/s2s_final_data/final_iteration/raw/ukmo/forecast/jjas2023/tp/20230620_cf.grib,3ec5e0a64e30dff042541045a49eb53e9efbfe0f745c76c38befe1b8aa42223d
ukmo,forecast,2023-06-20,pf,tp,not_applicable,4,planned,/storage/raj.ayush/s2s_final_data/final_iteration/raw/ukmo/forecast/jjas2023/tp/20230620_pf.grib,350cceb2939e9f0fc0f4d25c10fad004e3b81d71416a245b3ba163dc15e8b77c
ukmo,forecast,2023-06-20,cf,t2m,daily_mean_t2m,4,planned,/storage/raj.ayush/s2s_final_data/final_iteration/raw/ukmo/forecast/jjas2023/t2m/20230620_cf.grib,2956d356be4af6b3ea5ba4cc987b3cbc55bdc52f001306d8ef1d0bea4ce47833
ukmo,forecast,2023-06-20,pf,t2m,daily_mean_t2m,4,planned,/storage/raj.ayush/s2s_final_data/final_iteration/raw/ukmo/forecast/jjas2023/t2m/20230620_pf.grib,c16ef6e6c88267079336270f5570c30c81cfce232ce35e52a628e4ec7556ab7b
ukmo,forecast,2023-06-23,cf,tp,not_applicable,4,planned,/storage/raj.ayush/s2s_final_data/final_iteration/raw/ukmo/forecast/jjas2023/tp/20230623_cf.grib,e1ca57768dfb67b2d4dd48ad91ea53245bd0fc2430fc25ea4da04d1cced96c19
ukmo,forecast,2023-06-23,pf,tp,not_applicable,4,planned,/storage/raj.ayush/s2s_final_data/final_iteration/raw/ukmo/forecast/jjas2023/tp/20230623_pf.grib,43c26b698d2499f156996d09e175b8f0b56c5408dae31747a69ad6ef8fc49329
ukmo,forecast,2023-06-23,cf,t2m,daily_mean_t2m,4,planned,/storage/raj.ayush/s2s_final_data/final_iteration/raw/ukmo/forecast/jjas2023/t2m/20230623_cf.grib,0a93b0964b372bcad4a3048d7c1f284b88d8bd88e2a6de66ba9f06fc22f0cbcc
ukmo,forecast,2023-06-23,pf,t2m,daily_mean_t2m,4,planned,/storage/raj.ayush/s2s_final_data/final_iteration/raw/ukmo/forecast/jjas2023/t2m/20230623_pf.grib,9d1d4595aac30c9e3a7b0c1e9ed3da0aa353e118f54f5974ed97028ebe155273
ukmo,forecast,2023-06-27,cf,tp,not_applicable,4,planned,/storage/raj.ayush/s2s_final_data/final_iteration/raw/ukmo/forecast/jjas2023/tp/20230627_cf.grib,5be7374dcea4b4f049d91a371fee3bd8eaf9ecffaded82f96b3125c18cc1ccef
ukmo,forecast,2023-06-27,pf,tp,not_applicable,4,planned,/storage/raj.ayush/s2s_final_data/final_iteration/raw/ukmo/forecast/jjas2023/tp/20230627_pf.grib,b197f47a6ebdb3e92ae5359d4fbaf24762a5608de3716f57401d99826bd83897
ukmo,forecast,2023-06-27,cf,t2m,daily_mean_t2m,4,planned,/storage/raj.ayush/s2s_final_data/final_iteration/raw/ukmo/forecast/jjas2023/t2m/20230627_cf.grib,5810b6883ed4807c7d4b1b8ef9be2b6d2f47e21f561eba06e6f2e4935a063cc6
ukmo,forecast,2023-06-27,pf,t2m,daily_mean_t2m,4,planned,/storage/raj.ayush/s2s_final_data/final_iteration/raw/ukmo/forecast/jjas2023/t2m/20230627_pf.grib,5fe0266c3ab7f4c60dcfeada36d58419135161a4f6c20a665d0a97a58e44af38
ukmo,forecast,2023-06-30,cf,tp,not_applicable,4,planned,/storage/raj.ayush/s2s_final_data/final_iteration/raw/ukmo/forecast/jjas2023/tp/20230630_cf.grib,6312b1354c50f439890ce7d7e81ed74417306a7c73bc0e0af386bdc9dcea22df
ukmo,forecast,2023-06-30,pf,tp,not_applicable,4,planned,/storage/raj.ayush/s2s_final_data/final_iteration/raw/ukmo/forecast/jjas2023/tp/20230630_pf.grib,a57fc183e2c1946245e369a99f52eb0ccf49042d0604f6f7b07ed6b2b372fd1c
ukmo,forecast,2023-06-30,cf,t2m,daily_mean_t2m,4,planned,/storage/raj.ayush/s2s_final_data/final_iteration/raw/ukmo/forecast/jjas2023/t2m/20230630_cf.grib,9c44ee11e441d6a579d264d6f6bf09d47b22c9047052fb1a4dc422dfb9abd815
ukmo,forecast,2023-06-30,pf,t2m,daily_mean_t2m,4,planned,/storage/raj.ayush/s2s_final_data/final_iteration/raw/ukmo/forecast/jjas2023/t2m/20230630_pf.grib,546d4f565181c4ec57ad124b82f0101fb88e7f9d5ca131336d25539b20a31ae0
ukmo,forecast,2023-07-04,cf,tp,not_applicable,4,planned,/storage/raj.ayush/s2s_final_data/final_iteration/raw/ukmo/forecast/jjas2023/tp/20230704_cf.grib,f48395c023127cc8da6e6591ce43fd4b82652bf83f843e9e8f4b2e14b38d7a50
ukmo,forecast,2023-07-04,pf,tp,not_applicable,4,planned,/storage/raj.ayush/s2s_final_data/final_iteration/raw/ukmo/forecast/jjas2023/tp/20230704_pf.grib,d1a8806be6a03910c9c60a8497ca59ba3ebb76a547aa3c44bfe917ff307b503f
ukmo,forecast,2023-07-04,cf,t2m,daily_mean_t2m,4,planned,/storage/raj.ayush/s2s_final_data/final_iteration/raw/ukmo/forecast/jjas2023/t2m/20230704_cf.grib,641d64b9727c9251a5a71aa016830111a26ad6b672e85204b0cf9792299b4b0b
ukmo,forecast,2023-07-04,pf,t2m,daily_mean_t2m,4,planned,/storage/raj.ayush/s2s_final_data/final_iteration/raw/ukmo/forecast/jjas2023/t2m/20230704_pf.grib,cc798fc3b17d1e0f05f5a4aa4ceb061f267e4d650be5c7abd5d665d196c13604
ukmo,forecast,2023-07-07,cf,tp,not_applicable,4,planned,/storage/raj.ayush/s2s_final_data/final_iteration/raw/ukmo/forecast/jjas2023/tp/20230707_cf.grib,530964bd06e91fb185be9a0aa4889e683619a84b4019aed985959b5d2077bae3
ukmo,forecast,2023-07-07,pf,tp,not_applicable,4,planned,/storage/raj.ayush/s2s_final_data/final_iteration/raw/ukmo/forecast/jjas2023/tp/20230707_pf.grib,5aa92c4f3a6b156df34f54d6563d82028c1f18dce6482062464c53e1d2c91ff2
ukmo,forecast,2023-07-07,cf,t2m,daily_mean_t2m,4,planned,/storage/raj.ayush/s2s_final_data/final_iteration/raw/ukmo/forecast/jjas2023/t2m/20230707_cf.grib,8be340f381a427cfacac98c2b51fe837b7f7d041299182653807890117bf02cd
ukmo,forecast,2023-07-07,pf,t2m,daily_mean_t2m,4,planned,/storage/raj.ayush/s2s_final_data/final_iteration/raw/ukmo/forecast/jjas2023/t2m/20230707_pf.grib,b6746d04a1264791e1890d11707cb68876d4dabb7717960121d1819c0fcc3814
ukmo,forecast,2023-07-11,cf,tp,not_applicable,4,planned,/storage/raj.ayush/s2s_final_data/final_iteration/raw/ukmo/forecast/jjas2023/tp/20230711_cf.grib,ad06602cc4343d2f59d62b20972f22197b17496e3bedffb5353be29a3713608b
ukmo,forecast,2023-07-11,pf,tp,not_applicable,4,planned,/storage/raj.ayush/s2s_final_data/final_iteration/raw/ukmo/forecast/jjas2023/tp/20230711_pf.grib,1f914b5679a29eb8713fc1253b5d3d22b57157f29f49835a8a8bd48a1b4bbd83
ukmo,forecast,2023-07-11,cf,t2m,daily_mean_t2m,4,planned,/storage/raj.ayush/s2s_final_data/final_iteration/raw/ukmo/forecast/jjas2023/t2m/20230711_cf.grib,48a28b87e50fe9dc1cefd32c9ab47ce03c5d1b8893f666af2925244bf1e72fb0
ukmo,forecast,2023-07-11,pf,t2m,daily_mean_t2m,4,planned,/storage/raj.ayush/s2s_final_data/final_iteration/raw/ukmo/forecast/jjas2023/t2m/20230711_pf.grib,250cd3aa4729d4fc728b80f0aeb81a24cc375d954427f329d449290c6935ce22
ukmo,forecast,2023-07-14,cf,tp,not_applicable,4,planned,/storage/raj.ayush/s2s_final_data/final_iteration/raw/ukmo/forecast/jjas2023/tp/20230714_cf.grib,c66f2d418b78c6dda81381db4f0bb29fa31afd7ccbc4eff3afa2ac4be345e4e4
ukmo,forecast,2023-07-14,pf,tp,not_applicable,4,planned,/storage/raj.ayush/s2s_final_data/final_iteration/raw/ukmo/forecast/jjas2023/tp/20230714_pf.grib,b4c001666132b2ee211c08c4c76bcea640f65e9b65320629d0b5b8ac0371a02c
ukmo,forecast,2023-07-14,cf,t2m,daily_mean_t2m,4,planned,/storage/raj.ayush/s2s_final_data/final_iteration/raw/ukmo/forecast/jjas2023/t2m/20230714_cf.grib,60da5bc17ea7672e651967f6ca63a47a295bf2638717a27bc5726959547c6e51
ukmo,forecast,2023-07-14,pf,t2m,daily_mean_t2m,4,planned,/storage/raj.ayush/s2s_final_data/final_iteration/raw/ukmo/forecast/jjas2023/t2m/20230714_pf.grib,90849e6e4467c6e3084c1a9aef33d5adcc7e2ded8252bdc65622b393596ab441
ukmo,forecast,2023-07-18,cf,tp,not_applicable,4,planned,/storage/raj.ayush/s2s_final_data/final_iteration/raw/ukmo/forecast/jjas2023/tp/20230718_cf.grib,73b56eec6cb2fffc021f51761dca344835b5d789e722ab151d96c92126f32baa
ukmo,forecast,2023-07-18,pf,tp,not_applicable,4,planned,/storage/raj.ayush/s2s_final_data/final_iteration/raw/ukmo/forecast/jjas2023/tp/20230718_pf.grib,8b6fa5ead955a9fd0b96d476a7bc7434c1a09151524ad1fb7e552112fb6f7614
ukmo,forecast,2023-07-18,cf,t2m,daily_mean_t2m,4,planned,/storage/raj.ayush/s2s_final_data/final_iteration/raw/ukmo/forecast/jjas2023/t2m/20230718_cf.grib,ba573a191735537cd67a520afa9c996c0ef9d6dfdcd7f0137364a262934c907a
ukmo,forecast,2023-07-18,pf,t2m,daily_mean_t2m,4,planned,/storage/raj.ayush/s2s_final_data/final_iteration/raw/ukmo/forecast/jjas2023/t2m/20230718_pf.grib,7c27146e8b07ff6669da05691d380dede2a62519649d9e0bebdd9b3172900d8c
ukmo,forecast,2023-07-21,cf,tp,not_applicable,4,planned,/storage/raj.ayush/s2s_final_data/final_iteration/raw/ukmo/forecast/jjas2023/tp/20230721_cf.grib,3ae1701d0c156f77f5e1080377a569af398ca734be0a8cbb6cdc550f24a3766c
ukmo,forecast,2023-07-21,pf,tp,not_applicable,4,planned,/storage/raj.ayush/s2s_final_data/final_iteration/raw/ukmo/forecast/jjas2023/tp/20230721_pf.grib,d42f894705ccae60720caf94eade251b7657df6eb29e02584571f3a19a4567c3
ukmo,forecast,2023-07-21,cf,t2m,daily_mean_t2m,4,planned,/storage/raj.ayush/s2s_final_data/final_iteration/raw/ukmo/forecast/jjas2023/t2m/20230721_cf.grib,cf82908fecce721dc49228424a066f882f54f3108377ab0ea3f00e932bb307f5
ukmo,forecast,2023-07-21,pf,t2m,daily_mean_t2m,4,planned,/storage/raj.ayush/s2s_final_data/final_iteration/raw/ukmo/forecast/jjas2023/t2m/20230721_pf.grib,949c9c52b263ac6581db287d9ad547ab14fc6d86b241b7dbe9483cf0e1034868
ukmo,forecast,2023-07-25,cf,tp,not_applicable,4,planned,/storage/raj.ayush/s2s_final_data/final_iteration/raw/ukmo/forecast/jjas2023/tp/20230725_cf.grib,c4552f08609fdc1e90a9f899859b7ea83bfa1877633e42a3359702103e6b9322
ukmo,forecast,2023-07-25,pf,tp,not_applicable,4,planned,/storage/raj.ayush/s2s_final_data/final_iteration/raw/ukmo/forecast/jjas2023/tp/20230725_pf.grib,7445a2b20b2b7f4b311d2eafdc2c9c8cad176d8ccd421e7a5decb4d02fb6294d
ukmo,forecast,2023-07-25,cf,t2m,daily_mean_t2m,4,planned,/storage/raj.ayush/s2s_final_data/final_iteration/raw/ukmo/forecast/jjas2023/t2m/20230725_cf.grib,2ba93eb761e20a8f6f64c7ee5c8430b7645510ca8c802b4a55a036f7fb6812d1
ukmo,forecast,2023-07-25,pf,t2m,daily_mean_t2m,4,planned,/storage/raj.ayush/s2s_final_data/final_iteration/raw/ukmo/forecast/jjas2023/t2m/20230725_pf.grib,b2d3a97e7d4d2caa07ac2c40ac0a58c1f12b0ab91b7c519564de4b2c8b8c6bcb
ukmo,forecast,2023-07-28,cf,tp,not_applicable,4,planned,/storage/raj.ayush/s2s_final_data/final_iteration/raw/ukmo/forecast/jjas2023/tp/20230728_cf.grib,1ab994b2d0c31d3a7e6ad1fc8f377ced6c841b790938fd9ebee362c3ebcd8803
ukmo,forecast,2023-07-28,pf,tp,not_applicable,4,planned,/storage/raj.ayush/s2s_final_data/final_iteration/raw/ukmo/forecast/jjas2023/tp/20230728_pf.grib,8e66f6cc9530e801492e0f6fff7b0a01938632367780d90277e109a0285c54ca
ukmo,forecast,2023-07-28,cf,t2m,daily_mean_t2m,4,planned,/storage/raj.ayush/s2s_final_data/final_iteration/raw/ukmo/forecast/jjas2023/t2m/20230728_cf.grib,d286d740279daa4bdb361417ac2e85d9ead5a6e39949c3326030877091588bf0
ukmo,forecast,2023-07-28,pf,t2m,daily_mean_t2m,4,planned,/storage/raj.ayush/s2s_final_data/final_iteration/raw/ukmo/forecast/jjas2023/t2m/20230728_pf.grib,bc5ac84a2d3d4cfe0b64949961fee0e403ccca5d0dee58eccc3220947c20d2a0
ukmo,forecast,2023-08-01,cf,tp,not_applicable,4,planned,/storage/raj.ayush/s2s_final_data/final_iteration/raw/ukmo/forecast/jjas2023/tp/20230801_cf.grib,7f63912b1d2667312959b7a4408f54657d5819c21040725d129106d3ad49dae7
ukmo,forecast,2023-08-01,pf,tp,not_applicable,4,planned,/storage/raj.ayush/s2s_final_data/final_iteration/raw/ukmo/forecast/jjas2023/tp/20230801_pf.grib,3a70485a81e04762d34c004bdc689624be1a7959adbbcb362edf811f57c88895
ukmo,forecast,2023-08-01,cf,t2m,daily_mean_t2m,4,planned,/storage/raj.ayush/s2s_final_data/final_iteration/raw/ukmo/forecast/jjas2023/t2m/20230801_cf.grib,3ca41939ca10a8bdd5e52d3e70b5cb666e8a9fe7eae89222d751b9801ecf0320
ukmo,forecast,2023-08-01,pf,t2m,daily_mean_t2m,4,planned,/storage/raj.ayush/s2s_final_data/final_iteration/raw/ukmo/forecast/jjas2023/t2m/20230801_pf.grib,f6b7e601e87673c7e9d00acc0960cb7a48ccdf64fa179d95cf7b1a30ccf485fc
ukmo,forecast,2023-08-04,cf,tp,not_applicable,4,planned,/storage/raj.ayush/s2s_final_data/final_iteration/raw/ukmo/forecast/jjas2023/tp/20230804_cf.grib,f4250709c2b7925e3c4e31916f22f4e2066bc17bb65511e0719981e078cdcb12
ukmo,forecast,2023-08-04,pf,tp,not_applicable,4,planned,/storage/raj.ayush/s2s_final_data/final_iteration/raw/ukmo/forecast/jjas2023/tp/20230804_pf.grib,ad2863c52ebe7c8e96547bc3a896e004521c46343ea7bd44def17fc5825d74af
ukmo,forecast,2023-08-04,cf,t2m,daily_mean_t2m,4,planned,/storage/raj.ayush/s2s_final_data/final_iteration/raw/ukmo/forecast/jjas2023/t2m/20230804_cf.grib,410d0807540f92d9b8a3e920fb43b5600b95944c59b694fc5fcbdc2a7e812b9b
ukmo,forecast,2023-08-04,pf,t2m,daily_mean_t2m,4,planned,/storage/raj.ayush/s2s_final_data/final_iteration/raw/ukmo/forecast/jjas2023/t2m/20230804_pf.grib,ef3be557978a626352db8ecce5ea7851a1578a2a3ff218a56a1716fe1ede76ab
ukmo,forecast,2023-08-08,cf,tp,not_applicable,4,planned,/storage/raj.ayush/s2s_final_data/final_iteration/raw/ukmo/forecast/jjas2023/tp/20230808_cf.grib,69f38a9cb7e3ca35bd54c1dfc8c2f8743f7bf922796020249d1c1facbe19f07f
ukmo,forecast,2023-08-08,pf,tp,not_applicable,4,planned,/storage/raj.ayush/s2s_final_data/final_iteration/raw/ukmo/forecast/jjas2023/tp/20230808_pf.grib,7d42a2a669a92a54d29f149e4363f13368ff851f0cb5eac38fdf3c857511c28f
ukmo,forecast,2023-08-08,cf,t2m,daily_mean_t2m,4,planned,/storage/raj.ayush/s2s_final_data/final_iteration/raw/ukmo/forecast/jjas2023/t2m/20230808_cf.grib,3d33497ae165cf948501d163999c6be8d15fe1ff1bb31dcb47950b5b0680153d
ukmo,forecast,2023-08-08,pf,t2m,daily_mean_t2m,4,planned,/storage/raj.ayush/s2s_final_data/final_iteration/raw/ukmo/forecast/jjas2023/t2m/20230808_pf.grib,41a34a49013167a86ca57b9184369683078f9f81ef7bf743cb29644db13a1723
ukmo,forecast,2023-08-11,cf,tp,not_applicable,4,planned,/storage/raj.ayush/s2s_final_data/final_iteration/raw/ukmo/forecast/jjas2023/tp/20230811_cf.grib,51907696cb90662a20374191a4de1047fde75e043e056718366658eee412a5af
ukmo,forecast,2023-08-11,pf,tp,not_applicable,4,planned,/storage/raj.ayush/s2s_final_data/final_iteration/raw/ukmo/forecast/jjas2023/tp/20230811_pf.grib,81fa7fe7dfaf43f038dffcfced3a3e59eec2e790d90cf999e88f55b343f36059
ukmo,forecast,2023-08-11,cf,t2m,daily_mean_t2m,4,planned,/storage/raj.ayush/s2s_final_data/final_iteration/raw/ukmo/forecast/jjas2023/t2m/20230811_cf.grib,ccf7fe992165adf888b2b12a3dc597f0f4855090951aac328724218eb456b2a6
ukmo,forecast,2023-08-11,pf,t2m,daily_mean_t2m,4,planned,/storage/raj.ayush/s2s_final_data/final_iteration/raw/ukmo/forecast/jjas2023/t2m/20230811_pf.grib,7b620f8666b4e2c4c404d71e396ee98e2f595b44a8661dd5d74e5d4edf2422f4
ukmo,forecast,2023-08-15,cf,tp,not_applicable,4,planned,/storage/raj.ayush/s2s_final_data/final_iteration/raw/ukmo/forecast/jjas2023/tp/20230815_cf.grib,e9ed97151bc15fc4aa7a708c8b31f1f19dee2c2b041b7fef7e1e220cabd39aac
ukmo,forecast,2023-08-15,pf,tp,not_applicable,4,planned,/storage/raj.ayush/s2s_final_data/final_iteration/raw/ukmo/forecast/jjas2023/tp/20230815_pf.grib,90879cf4c0e0f5a58885a5f0cf14e3703373028d19f9a82be6f1941e07d2538d
ukmo,forecast,2023-08-15,cf,t2m,daily_mean_t2m,4,planned,/storage/raj.ayush/s2s_final_data/final_iteration/raw/ukmo/forecast/jjas2023/t2m/20230815_cf.grib,fa95e8ede16e6a27f752807f5dd7bdef50651b0edea2b4dfcabf528046f94332
ukmo,forecast,2023-08-15,pf,t2m,daily_mean_t2m,4,planned,/storage/raj.ayush/s2s_final_data/final_iteration/raw/ukmo/forecast/jjas2023/t2m/20230815_pf.grib,f4748dae0f1b7db0d1fe9913253f7d1d64305ae6dbae9b6a1474efd72af48af5
ukmo,forecast,2023-08-18,cf,tp,not_applicable,4,planned,/storage/raj.ayush/s2s_final_data/final_iteration/raw/ukmo/forecast/jjas2023/tp/20230818_cf.grib,1a222317ff4e27ba498df92cc72df46d3ff1192c0775425869e956ad6dc193d3
ukmo,forecast,2023-08-18,pf,tp,not_applicable,4,planned,/storage/raj.ayush/s2s_final_data/final_iteration/raw/ukmo/forecast/jjas2023/tp/20230818_pf.grib,0c8916c23c7bb5e07837746fcad79d6b6d061902072da42ce24d89a879ebd4dd
ukmo,forecast,2023-08-18,cf,t2m,daily_mean_t2m,4,planned,/storage/raj.ayush/s2s_final_data/final_iteration/raw/ukmo/forecast/jjas2023/t2m/20230818_cf.grib,b3403d7db7b4048d005e9ed1a1ecbc814b560eb122f37231d91310d5145833bd
ukmo,forecast,2023-08-18,pf,t2m,daily_mean_t2m,4,planned,/storage/raj.ayush/s2s_final_data/final_iteration/raw/ukmo/forecast/jjas2023/t2m/20230818_pf.grib,e80c6d4683e083cfd5a8380df841214130c6d90abff4366811d033f1ebf477b0
ukmo,forecast,2023-08-22,cf,tp,not_applicable,4,planned,/storage/raj.ayush/s2s_final_data/final_iteration/raw/ukmo/forecast/jjas2023/tp/20230822_cf.grib,9956516166d1dc716010f948e00191cf68fe1fe13f8a16b7c84c407a2c7c85fb
ukmo,forecast,2023-08-22,pf,tp,not_applicable,4,planned,/storage/raj.ayush/s2s_final_data/final_iteration/raw/ukmo/forecast/jjas2023/tp/20230822_pf.grib,a73120efb04f4d13377008c1ea0c601366f0fde2aff1c31d09811f64391f4ef2
ukmo,forecast,2023-08-22,cf,t2m,daily_mean_t2m,4,planned,/storage/raj.ayush/s2s_final_data/final_iteration/raw/ukmo/forecast/jjas2023/t2m/20230822_cf.grib,bd7bf0a8812034bd4fee300983d5eed9fd951a174b703e245adcd13ee6470420
ukmo,forecast,2023-08-22,pf,t2m,daily_mean_t2m,4,planned,/storage/raj.ayush/s2s_final_data/final_iteration/raw/ukmo/forecast/jjas2023/t2m/20230822_pf.grib,c9273fef204fded271de1ec9fbbc9568380b51fa57e2fda5b11c1384bd8c0f3c
ukmo,forecast,2023-08-25,cf,tp,not_applicable,4,planned,/storage/raj.ayush/s2s_final_data/final_iteration/raw/ukmo/forecast/jjas2023/tp/20230825_cf.grib,11ac1346979b1df98a8be39dbb13bf188e8f2eb93bbc28d5da732603ee536c18
ukmo,forecast,2023-08-25,pf,tp,not_applicable,4,planned,/storage/raj.ayush/s2s_final_data/final_iteration/raw/ukmo/forecast/jjas2023/tp/20230825_pf.grib,528258f8cb03516ac5e1086a9321a08f2197f229d166d811eafeebf2265f2c5f
ukmo,forecast,2023-08-25,cf,t2m,daily_mean_t2m,4,planned,/storage/raj.ayush/s2s_final_data/final_iteration/raw/ukmo/forecast/jjas2023/t2m/20230825_cf.grib,de120d5bb65b0fe04c9d8d8d388a5b3e02b4125c7dbb97aa18e19df260ddf2d2
ukmo,forecast,2023-08-25,pf,t2m,daily_mean_t2m,4,planned,/storage/raj.ayush/s2s_final_data/final_iteration/raw/ukmo/forecast/jjas2023/t2m/20230825_pf.grib,26305ae99dc4b987bf16ea5594de4dd16949dd0bc863bef4942f5e4087db9588
ukmo,forecast,2023-08-29,cf,tp,not_applicable,4,planned,/storage/raj.ayush/s2s_final_data/final_iteration/raw/ukmo/forecast/jjas2023/tp/20230829_cf.grib,79a1788e58fd58a5176ca2c01b006c90a650535c39ec25f7c11b220468a50fa7
ukmo,forecast,2023-08-29,pf,tp,not_applicable,4,planned,/storage/raj.ayush/s2s_final_data/final_iteration/raw/ukmo/forecast/jjas2023/tp/20230829_pf.grib,051346211ee03397cb4a0075db3fc12f919ece7aa6f465779ade40e4841c1502
ukmo,forecast,2023-08-29,cf,t2m,daily_mean_t2m,4,planned,/storage/raj.ayush/s2s_final_data/final_iteration/raw/ukmo/forecast/jjas2023/t2m/20230829_cf.grib,dadedc673495e15dab78eacea4369ca71c9a4f5c3bc691aba28830d6777c0d62
ukmo,forecast,2023-08-29,pf,t2m,daily_mean_t2m,4,planned,/storage/raj.ayush/s2s_final_data/final_iteration/raw/ukmo/forecast/jjas2023/t2m/20230829_pf.grib,b015e3cfae72cb6654ff9266952d3cb6896cd4ea785fa524bf18abc50ab809b9
ukmo,forecast,2023-09-01,cf,tp,not_applicable,4,planned,/storage/raj.ayush/s2s_final_data/final_iteration/raw/ukmo/forecast/jjas2023/tp/20230901_cf.grib,afd1f2bbdfc4333d2ef16684da7e8d20fa8b421eae56443183c9f7b0b4d460a7
ukmo,forecast,2023-09-01,pf,tp,not_applicable,4,planned,/storage/raj.ayush/s2s_final_data/final_iteration/raw/ukmo/forecast/jjas2023/tp/20230901_pf.grib,08243191c00119fdc652a2bd2c10b87bb408f51cedc682d829f36f4e4113dc47
ukmo,forecast,2023-09-01,cf,t2m,daily_mean_t2m,4,planned,/storage/raj.ayush/s2s_final_data/final_iteration/raw/ukmo/forecast/jjas2023/t2m/20230901_cf.grib,4d281cd88d27b3f64ca53353baa2e7473ab7adf20d5acffc87e0af3f79eb47c8
ukmo,forecast,2023-09-01,pf,t2m,daily_mean_t2m,4,planned,/storage/raj.ayush/s2s_final_data/final_iteration/raw/ukmo/forecast/jjas2023/t2m/20230901_pf.grib,9b72a8f44381d7691d9ecfa9682d169183fd2ffe9bf9237a77e78b5c4702fc66
ukmo,forecast,2023-09-05,cf,tp,not_applicable,4,planned,/storage/raj.ayush/s2s_final_data/final_iteration/raw/ukmo/forecast/jjas2023/tp/20230905_cf.grib,a8f1afc24d49506fd153a6ec5731371ac54b25c38e1ffaab438e78c8dff097f2
ukmo,forecast,2023-09-05,pf,tp,not_applicable,4,planned,/storage/raj.ayush/s2s_final_data/final_iteration/raw/ukmo/forecast/jjas2023/tp/20230905_pf.grib,361615ea19221a729ca5ba9bad64248b28855bbf2c0f5dd2e7199154e29790d1
ukmo,forecast,2023-09-05,cf,t2m,daily_mean_t2m,4,planned,/storage/raj.ayush/s2s_final_data/final_iteration/raw/ukmo/forecast/jjas2023/t2m/20230905_cf.grib,16c97a4aa13d1c69d9181070e50aa3ffd9b6652a771dba93c0b768483fe370c9
ukmo,forecast,2023-09-05,pf,t2m,daily_mean_t2m,4,planned,/storage/raj.ayush/s2s_final_data/final_iteration/raw/ukmo/forecast/jjas2023/t2m/20230905_pf.grib,a49cc710c47fe920ab2b1274ac555b298c9b7f8bfc87982ceebbcc4e56d11a71
ukmo,forecast,2023-09-08,cf,tp,not_applicable,4,planned,/storage/raj.ayush/s2s_final_data/final_iteration/raw/ukmo/forecast/jjas2023/tp/20230908_cf.grib,8c54a863cc2716ad96ff8490e7460bb2c92936eb86bea86a081bf14850693257
ukmo,forecast,2023-09-08,pf,tp,not_applicable,4,planned,/storage/raj.ayush/s2s_final_data/final_iteration/raw/ukmo/forecast/jjas2023/tp/20230908_pf.grib,af3e96045e8137d2d400a361f79389dc33c9a55268bc4129f84eb443ff471819
ukmo,forecast,2023-09-08,cf,t2m,daily_mean_t2m,4,planned,/storage/raj.ayush/s2s_final_data/final_iteration/raw/ukmo/forecast/jjas2023/t2m/20230908_cf.grib,4d9bb20a0ac9832441899fcde45eabd301ee8ded7bd3518a4cfd2c9efc1e06d5
ukmo,forecast,2023-09-08,pf,t2m,daily_mean_t2m,4,planned,/storage/raj.ayush/s2s_final_data/final_iteration/raw/ukmo/forecast/jjas2023/t2m/20230908_pf.grib,130aabda9c956a8e0de81c5d62fb1306bdc8d0c470a9c75c58f2110a4c9d659c
ukmo,forecast,2023-09-12,cf,tp,not_applicable,4,planned,/storage/raj.ayush/s2s_final_data/final_iteration/raw/ukmo/forecast/jjas2023/tp/20230912_cf.grib,afca21a124a4e926567be7c48884086fc47c61cad62e52627d4bba2e2612a516
ukmo,forecast,2023-09-12,pf,tp,not_applicable,4,planned,/storage/raj.ayush/s2s_final_data/final_iteration/raw/ukmo/forecast/jjas2023/tp/20230912_pf.grib,16f3d447c1f71c8404dc34d53992c40ace0a8285c48082ac9b9b7bfeb1901fd1
ukmo,forecast,2023-09-12,cf,t2m,daily_mean_t2m,4,planned,/storage/raj.ayush/s2s_final_data/final_iteration/raw/ukmo/forecast/jjas2023/t2m/20230912_cf.grib,6d2140cbc4d679e59cd2b58732b28210ce2b303368fd10215dbf568ac12ccbff
ukmo,forecast,2023-09-12,pf,t2m,daily_mean_t2m,4,planned,/storage/raj.ayush/s2s_final_data/final_iteration/raw/ukmo/forecast/jjas2023/t2m/20230912_pf.grib,64d31a61df844235fdf112f38d79fcda6e9b397e6db14263fd2f79bacec000e4
ukmo,forecast,2023-09-15,cf,tp,not_applicable,4,planned,/storage/raj.ayush/s2s_final_data/final_iteration/raw/ukmo/forecast/jjas2023/tp/20230915_cf.grib,09fe664740c8ce37fe420984615155d70f92dbc2dd2292f1df759589662dc30a
ukmo,forecast,2023-09-15,pf,tp,not_applicable,4,planned,/storage/raj.ayush/s2s_final_data/final_iteration/raw/ukmo/forecast/jjas2023/tp/20230915_pf.grib,80f4b4689d6f0bd36156be1ddf7261e8b6827e2f5c997ed50a41dc0853933eca
ukmo,forecast,2023-09-15,cf,t2m,daily_mean_t2m,4,planned,/storage/raj.ayush/s2s_final_data/final_iteration/raw/ukmo/forecast/jjas2023/t2m/20230915_cf.grib,d7c8e1a80b94ebaf7271c18d1ef734f684afb817f282edfcf37dd3bfca92f949
ukmo,forecast,2023-09-15,pf,t2m,daily_mean_t2m,4,planned,/storage/raj.ayush/s2s_final_data/final_iteration/raw/ukmo/forecast/jjas2023/t2m/20230915_pf.grib,6ef12aa65436d0e431492345fec381a71cbe71b380356ce20eb493774540826d
ukmo,forecast,2023-09-19,cf,tp,not_applicable,4,planned,/storage/raj.ayush/s2s_final_data/final_iteration/raw/ukmo/forecast/jjas2023/tp/20230919_cf.grib,62bded700c8567872ae5478c53441d483a172355d8a83d586c6b98256f7bab53
ukmo,forecast,2023-09-19,pf,tp,not_applicable,4,planned,/storage/raj.ayush/s2s_final_data/final_iteration/raw/ukmo/forecast/jjas2023/tp/20230919_pf.grib,e650b91d6132a76cc0169b3b39f15e6494c4bf1aa234059b357c7f166afd8db3
ukmo,forecast,2023-09-19,cf,t2m,daily_mean_t2m,4,planned,/storage/raj.ayush/s2s_final_data/final_iteration/raw/ukmo/forecast/jjas2023/t2m/20230919_cf.grib,d660715a6a0b4b1c3ebfd0ddaf2f6214fe168d7ac72bd8399d6714b625a1e437
ukmo,forecast,2023-09-19,pf,t2m,daily_mean_t2m,4,planned,/storage/raj.ayush/s2s_final_data/final_iteration/raw/ukmo/forecast/jjas2023/t2m/20230919_pf.grib,070bb3a8e8ad593ec0b0cc60393e24383a884229e186a3b5de345c889dfb153f
ukmo,forecast,2023-09-22,cf,tp,not_applicable,4,planned,/storage/raj.ayush/s2s_final_data/final_iteration/raw/ukmo/forecast/jjas2023/tp/20230922_cf.grib,c8fdb199bd701be1616ece2207c74ce62725af8181fc05edf26f5786dc2c8464
ukmo,forecast,2023-09-22,pf,tp,not_applicable,4,planned,/storage/raj.ayush/s2s_final_data/final_iteration/raw/ukmo/forecast/jjas2023/tp/20230922_pf.grib,5efc234cc8f2eace60f0efe8791854ea3196cefc838101f8df6568a0e6eb8a58
ukmo,forecast,2023-09-22,cf,t2m,daily_mean_t2m,4,planned,/storage/raj.ayush/s2s_final_data/final_iteration/raw/ukmo/forecast/jjas2023/t2m/20230922_cf.grib,80b59f6386690307f19efcf0cb872de09d18e438e2692cd113dbd836dae63243
ukmo,forecast,2023-09-22,pf,t2m,daily_mean_t2m,4,planned,/storage/raj.ayush/s2s_final_data/final_iteration/raw/ukmo/forecast/jjas2023/t2m/20230922_pf.grib,78fca1b0239cfdc6c294eb3205ed1117a00a5e3e056340e2e9ac6af05490ff40
ukmo,forecast,2023-09-26,cf,tp,not_applicable,4,planned,/storage/raj.ayush/s2s_final_data/final_iteration/raw/ukmo/forecast/jjas2023/tp/20230926_cf.grib,818d8c4f3fad52f1291a2898fed961eeff42cb5caf51afa1826b37f05e651877
ukmo,forecast,2023-09-26,pf,tp,not_applicable,4,planned,/storage/raj.ayush/s2s_final_data/final_iteration/raw/ukmo/forecast/jjas2023/tp/20230926_pf.grib,d09d4d50aa7582ca61d70be6a0cae2caa4164ee891068feeae206d69ecf852e4
ukmo,forecast,2023-09-26,cf,t2m,daily_mean_t2m,4,planned,/storage/raj.ayush/s2s_final_data/final_iteration/raw/ukmo/forecast/jjas2023/t2m/20230926_cf.grib,0dd87c9478d20cd588cd6b4fcbed77fe1aa304853ba72a6c823e63ef8a3975be
ukmo,forecast,2023-09-26,pf,t2m,daily_mean_t2m,4,planned,/storage/raj.ayush/s2s_final_data/final_iteration/raw/ukmo/forecast/jjas2023/t2m/20230926_pf.grib,09bc97bf240f2930635ca7b13b5263202966a217bd6624c0e9dadde374d71229
ukmo,forecast,2023-09-29,cf,tp,not_applicable,4,planned,/storage/raj.ayush/s2s_final_data/final_iteration/raw/ukmo/forecast/jjas2023/tp/20230929_cf.grib,be09b2f87f0d34884a4d8a436bbee4f687f8a7d88bef8186104dbb3d901aa971
ukmo,forecast,2023-09-29,pf,tp,not_applicable,4,planned,/storage/raj.ayush/s2s_final_data/final_iteration/raw/ukmo/forecast/jjas2023/tp/20230929_pf.grib,cb71ce99cce174a3cf26fad8044e6728a5fd329ebc0c7db33b60ab819a67d93e
ukmo,forecast,2023-09-29,cf,t2m,daily_mean_t2m,4,planned,/storage/raj.ayush/s2s_final_data/final_iteration/raw/ukmo/forecast/jjas2023/t2m/20230929_cf.grib,04aa4827f8672f5377ea3499ee276c9771e272d72a6dd6f1f3460306db6a1c04
ukmo,forecast,2023-09-29,pf,t2m,daily_mean_t2m,4,planned,/storage/raj.ayush/s2s_final_data/final_iteration/raw/ukmo/forecast/jjas2023/t2m/20230929_pf.grib,20964f03baaeb4b3a704a0e301218589dceefd2b25410585cac64c348e80659d
ukmo,forecast,2024-06-02,cf,tp,not_applicable,4,planned,/storage/raj.ayush/s2s_final_data/final_iteration/raw/ukmo/forecast/jjas2024/tp/20240602_cf.grib,31bec52f3f8f03c80d8ac3798d94b663d4307d11653c0b9b0abf93d37085b2e4
ukmo,forecast,2024-06-02,pf,tp,not_applicable,4,planned,/storage/raj.ayush/s2s_final_data/final_iteration/raw/ukmo/forecast/jjas2024/tp/20240602_pf.grib,0e4527bbcdd350aa1fe6b3c32256b15bb2ea6e86139445dd159f7aad22d843b4
ukmo,forecast,2024-06-02,cf,t2m,daily_mean_t2m,4,planned,/storage/raj.ayush/s2s_final_data/final_iteration/raw/ukmo/forecast/jjas2024/t2m/20240602_cf.grib,ca1ff76ccf3971424956f8a58ac3f30019ef2fab15833086bb009f60e133899c
ukmo,forecast,2024-06-02,pf,t2m,daily_mean_t2m,4,planned,/storage/raj.ayush/s2s_final_data/final_iteration/raw/ukmo/forecast/jjas2024/t2m/20240602_pf.grib,f5c06bdf713da94eb1651ef89aebcd3dd03c026d88c59f1460804d590f5db441
ukmo,forecast,2024-06-06,cf,tp,not_applicable,4,planned,/storage/raj.ayush/s2s_final_data/final_iteration/raw/ukmo/forecast/jjas2024/tp/20240606_cf.grib,26474f1f505f0aff7ce069cd7c52fc993fd09fa4ff8d0613e2fd8ce6658a5faf
ukmo,forecast,2024-06-06,pf,tp,not_applicable,4,planned,/storage/raj.ayush/s2s_final_data/final_iteration/raw/ukmo/forecast/jjas2024/tp/20240606_pf.grib,423f72809f4cddd420c71ed6c59a66e40780472082524a9e58844fe4db4fda0a
ukmo,forecast,2024-06-06,cf,t2m,daily_mean_t2m,4,planned,/storage/raj.ayush/s2s_final_data/final_iteration/raw/ukmo/forecast/jjas2024/t2m/20240606_cf.grib,5a55718e3ff711e73ee170eb57a984dd0d0642480af53a0c7dc014b07bfe826a
ukmo,forecast,2024-06-06,pf,t2m,daily_mean_t2m,4,planned,/storage/raj.ayush/s2s_final_data/final_iteration/raw/ukmo/forecast/jjas2024/t2m/20240606_pf.grib,0977f660908e3256829929cbf34c4ddcf07ea9416fdbea141d9ad0bb3f5943ea
ukmo,forecast,2024-06-09,cf,tp,not_applicable,4,planned,/storage/raj.ayush/s2s_final_data/final_iteration/raw/ukmo/forecast/jjas2024/tp/20240609_cf.grib,7af2821f4ee39b565f1ad0031a45b4652efed20eda78fbee9533db45ba00a3e2
ukmo,forecast,2024-06-09,pf,tp,not_applicable,4,planned,/storage/raj.ayush/s2s_final_data/final_iteration/raw/ukmo/forecast/jjas2024/tp/20240609_pf.grib,683cb1910eec22a24237ee2ae530c405a49c85b4e5dc541e235f9500ed8091b6
ukmo,forecast,2024-06-09,cf,t2m,daily_mean_t2m,4,planned,/storage/raj.ayush/s2s_final_data/final_iteration/raw/ukmo/forecast/jjas2024/t2m/20240609_cf.grib,88da3d4c010988e3fc03f8768261c843057d90c0e2a8dda4fb77ce06a4154545
ukmo,forecast,2024-06-09,pf,t2m,daily_mean_t2m,4,planned,/storage/raj.ayush/s2s_final_data/final_iteration/raw/ukmo/forecast/jjas2024/t2m/20240609_pf.grib,de463b0a82181029b89a565692be25aefb256680c06ef0d8955b695556575ae7
ukmo,forecast,2024-06-13,cf,tp,not_applicable,4,planned,/storage/raj.ayush/s2s_final_data/final_iteration/raw/ukmo/forecast/jjas2024/tp/20240613_cf.grib,127a5b58b04816db7025e18fd5c2a1a29aba722c5ec843165544b283b54830fb
ukmo,forecast,2024-06-13,pf,tp,not_applicable,4,planned,/storage/raj.ayush/s2s_final_data/final_iteration/raw/ukmo/forecast/jjas2024/tp/20240613_pf.grib,3f6cdc76f7fb4874456eee218d1dd627d72bcd8a4c1a7b5aaa15891cc9d0d147
ukmo,forecast,2024-06-13,cf,t2m,daily_mean_t2m,4,planned,/storage/raj.ayush/s2s_final_data/final_iteration/raw/ukmo/forecast/jjas2024/t2m/20240613_cf.grib,580b234205e7c880c55745f9eb667599c6dbd629bf60dd9a1b00ef508860bf98
ukmo,forecast,2024-06-13,pf,t2m,daily_mean_t2m,4,planned,/storage/raj.ayush/s2s_final_data/final_iteration/raw/ukmo/forecast/jjas2024/t2m/20240613_pf.grib,accd144c9d644dce6444e64db7ece8d244502928d8113a3728b2b28480a45dae
ukmo,forecast,2024-06-16,cf,tp,not_applicable,4,planned,/storage/raj.ayush/s2s_final_data/final_iteration/raw/ukmo/forecast/jjas2024/tp/20240616_cf.grib,5b35b49c7ce76fa93f11f9f57a678e554e914df7897c721e0d2509b69a5e6eaf
ukmo,forecast,2024-06-16,pf,tp,not_applicable,4,planned,/storage/raj.ayush/s2s_final_data/final_iteration/raw/ukmo/forecast/jjas2024/tp/20240616_pf.grib,980bf16deac0b5c4c7cd95e1ab661ca577b0021ae943493afc7e67d3b049727b
ukmo,forecast,2024-06-16,cf,t2m,daily_mean_t2m,4,planned,/storage/raj.ayush/s2s_final_data/final_iteration/raw/ukmo/forecast/jjas2024/t2m/20240616_cf.grib,857a8ce2867b31d7a00a0c6b516b7b17c38224e148a5e1308a3e81ef3d07dd59
ukmo,forecast,2024-06-16,pf,t2m,daily_mean_t2m,4,planned,/storage/raj.ayush/s2s_final_data/final_iteration/raw/ukmo/forecast/jjas2024/t2m/20240616_pf.grib,a06c7dc9040a9778abacc4c77b9b9cbbfa00bcbe8136fbf63732f0907b0b3192
ukmo,forecast,2024-06-20,cf,tp,not_applicable,4,planned,/storage/raj.ayush/s2s_final_data/final_iteration/raw/ukmo/forecast/jjas2024/tp/20240620_cf.grib,35811ca674ea2889fd17555c98874e67b7123675d38c30286cabe02519a9e134
ukmo,forecast,2024-06-20,pf,tp,not_applicable,4,planned,/storage/raj.ayush/s2s_final_data/final_iteration/raw/ukmo/forecast/jjas2024/tp/20240620_pf.grib,f31c25c208f814855e3c794ee2b0ef73edb8c5eac331dbe6c4537e4ac5f40875
ukmo,forecast,2024-06-20,cf,t2m,daily_mean_t2m,4,planned,/storage/raj.ayush/s2s_final_data/final_iteration/raw/ukmo/forecast/jjas2024/t2m/20240620_cf.grib,64e1ad72c8e88db78df2b844690096cb239504b418eda820f0671d80b0e55595
ukmo,forecast,2024-06-20,pf,t2m,daily_mean_t2m,4,planned,/storage/raj.ayush/s2s_final_data/final_iteration/raw/ukmo/forecast/jjas2024/t2m/20240620_pf.grib,adc16611f7ec55d1a5a71e1bd516ba4b02c12245a933dd409460a23b17f28790
ukmo,forecast,2024-06-23,cf,tp,not_applicable,4,planned,/storage/raj.ayush/s2s_final_data/final_iteration/raw/ukmo/forecast/jjas2024/tp/20240623_cf.grib,5a1d4aaaae4a67a3fa7ba0ab98ee71fb7667536b915161ec347c82523c6e6384
ukmo,forecast,2024-06-23,pf,tp,not_applicable,4,planned,/storage/raj.ayush/s2s_final_data/final_iteration/raw/ukmo/forecast/jjas2024/tp/20240623_pf.grib,77f3284f8fdc6de53377f5a00fda8bf123ed846b7496d58597382f03e8bea38e
ukmo,forecast,2024-06-23,cf,t2m,daily_mean_t2m,4,planned,/storage/raj.ayush/s2s_final_data/final_iteration/raw/ukmo/forecast/jjas2024/t2m/20240623_cf.grib,510d94a11b9e542d239219b0457b94ea9d1f44a527e35c03cf72ff33f16537b1
ukmo,forecast,2024-06-23,pf,t2m,daily_mean_t2m,4,planned,/storage/raj.ayush/s2s_final_data/final_iteration/raw/ukmo/forecast/jjas2024/t2m/20240623_pf.grib,838a3032ef26f5b1fdb62c4945cd730fb783c6e5760526d8bc8c705e93e9498e
ukmo,forecast,2024-06-27,cf,tp,not_applicable,4,planned,/storage/raj.ayush/s2s_final_data/final_iteration/raw/ukmo/forecast/jjas2024/tp/20240627_cf.grib,d3e82140dbd4326d59093ab766a3528e3495b4875eecb47135c06781affc11b9
ukmo,forecast,2024-06-27,pf,tp,not_applicable,4,planned,/storage/raj.ayush/s2s_final_data/final_iteration/raw/ukmo/forecast/jjas2024/tp/20240627_pf.grib,28f680d075e6ac37810b88dc81e2e2fda972766ce01e3043b05bbc6c7973341d
ukmo,forecast,2024-06-27,cf,t2m,daily_mean_t2m,4,planned,/storage/raj.ayush/s2s_final_data/final_iteration/raw/ukmo/forecast/jjas2024/t2m/20240627_cf.grib,f47f01c7500f91becd5ed627f994822b65cfa17b5a7705a528fb104fea05a38d
ukmo,forecast,2024-06-27,pf,t2m,daily_mean_t2m,4,planned,/storage/raj.ayush/s2s_final_data/final_iteration/raw/ukmo/forecast/jjas2024/t2m/20240627_pf.grib,29b7ceaee0ab27ce9c60a50ee558cf06eeaccfa1b90fd08f698310b7c447e6ad
ukmo,forecast,2024-06-30,cf,tp,not_applicable,4,planned,/storage/raj.ayush/s2s_final_data/final_iteration/raw/ukmo/forecast/jjas2024/tp/20240630_cf.grib,af9e512f02a3238d2db6beb12335d8c91ba5f9a85ba76290bb888c5b2a34aac0
ukmo,forecast,2024-06-30,pf,tp,not_applicable,4,planned,/storage/raj.ayush/s2s_final_data/final_iteration/raw/ukmo/forecast/jjas2024/tp/20240630_pf.grib,4fd8faeb64c8a5520d68f3fdf1dfdc2d2bee9c82bd7881bbd29a6eaecff66d05
ukmo,forecast,2024-06-30,cf,t2m,daily_mean_t2m,4,planned,/storage/raj.ayush/s2s_final_data/final_iteration/raw/ukmo/forecast/jjas2024/t2m/20240630_cf.grib,f55014c78bac971ccaa899aeb29b305d5b4015e21cc11419fe4517a888f65493
ukmo,forecast,2024-06-30,pf,t2m,daily_mean_t2m,4,planned,/storage/raj.ayush/s2s_final_data/final_iteration/raw/ukmo/forecast/jjas2024/t2m/20240630_pf.grib,28ba1b5d5906c47fff6b97aaf7d61bbe1ce4d3a6509127ad9a7b0feb4d31e299
ukmo,forecast,2024-07-04,cf,tp,not_applicable,4,planned,/storage/raj.ayush/s2s_final_data/final_iteration/raw/ukmo/forecast/jjas2024/tp/20240704_cf.grib,d5678d7fdb622796bf7c8d3e51d942ec824eef814d9e63d055f7f49345d95798
ukmo,forecast,2024-07-04,pf,tp,not_applicable,4,planned,/storage/raj.ayush/s2s_final_data/final_iteration/raw/ukmo/forecast/jjas2024/tp/20240704_pf.grib,77b23534a8b25ef3d216085f16269d43f2dbec0577a8a90a0d3ad72e3b807ab5
ukmo,forecast,2024-07-04,cf,t2m,daily_mean_t2m,4,planned,/storage/raj.ayush/s2s_final_data/final_iteration/raw/ukmo/forecast/jjas2024/t2m/20240704_cf.grib,68f897d26d4f452e0e71cff52f57ba9cebaf5f07ba8da3242c59260f4a2e8999
ukmo,forecast,2024-07-04,pf,t2m,daily_mean_t2m,4,planned,/storage/raj.ayush/s2s_final_data/final_iteration/raw/ukmo/forecast/jjas2024/t2m/20240704_pf.grib,ff1ccc661dc786b6fd248e985b6f614d0f76bbffd65429a81a5b5207be0a636e
ukmo,forecast,2024-07-07,cf,tp,not_applicable,4,planned,/storage/raj.ayush/s2s_final_data/final_iteration/raw/ukmo/forecast/jjas2024/tp/20240707_cf.grib,418c98d9639f10762f50c59e2b37a1c4ba0acdbcd764eb70ed1b5009dc4122cd
ukmo,forecast,2024-07-07,pf,tp,not_applicable,4,planned,/storage/raj.ayush/s2s_final_data/final_iteration/raw/ukmo/forecast/jjas2024/tp/20240707_pf.grib,d4c292e7c1a63075b3190d2641ed4e9895892d5cddeb47b7586a909d03d3d834
ukmo,forecast,2024-07-07,cf,t2m,daily_mean_t2m,4,planned,/storage/raj.ayush/s2s_final_data/final_iteration/raw/ukmo/forecast/jjas2024/t2m/20240707_cf.grib,74afcb9a2f19b063e94d5ad435a62eebaa02b974cdc78403616624ccc722f1a8
ukmo,forecast,2024-07-07,pf,t2m,daily_mean_t2m,4,planned,/storage/raj.ayush/s2s_final_data/final_iteration/raw/ukmo/forecast/jjas2024/t2m/20240707_pf.grib,f0c7de51088b175b228ae2ec2b8e52dfc76f16a8a02dba28c20c18bbc21ccfa2
ukmo,forecast,2024-07-11,cf,tp,not_applicable,4,planned,/storage/raj.ayush/s2s_final_data/final_iteration/raw/ukmo/forecast/jjas2024/tp/20240711_cf.grib,18e7ea2574b702775d0c6fb0b42a956ec220273f51e270072a83732fe66e448a
ukmo,forecast,2024-07-11,pf,tp,not_applicable,4,planned,/storage/raj.ayush/s2s_final_data/final_iteration/raw/ukmo/forecast/jjas2024/tp/20240711_pf.grib,2aeb0cb1d3dcee0cb5db883c3f66ea6c7ac193050d476412667a210142f48a7e
ukmo,forecast,2024-07-11,cf,t2m,daily_mean_t2m,4,planned,/storage/raj.ayush/s2s_final_data/final_iteration/raw/ukmo/forecast/jjas2024/t2m/20240711_cf.grib,7ffd24d54fb7612e398b07ddb083e59692629c7aaedbf8201a44fe9b42335644
ukmo,forecast,2024-07-11,pf,t2m,daily_mean_t2m,4,planned,/storage/raj.ayush/s2s_final_data/final_iteration/raw/ukmo/forecast/jjas2024/t2m/20240711_pf.grib,cf552fc96e1d9cd164b5ac221402d29d1b2dc28ad7be7e0e2982ed7e9a41dded
ukmo,forecast,2024-07-14,cf,tp,not_applicable,4,planned,/storage/raj.ayush/s2s_final_data/final_iteration/raw/ukmo/forecast/jjas2024/tp/20240714_cf.grib,fe6023acc13fe4a84da4b7c1e632420073b05147f1a4e85a48ecf157e0cac6f7
ukmo,forecast,2024-07-14,pf,tp,not_applicable,4,planned,/storage/raj.ayush/s2s_final_data/final_iteration/raw/ukmo/forecast/jjas2024/tp/20240714_pf.grib,30a28eae50f8b1acfa639d47188759e206fd463a7cbeaf824cb787494ab37d85
ukmo,forecast,2024-07-14,cf,t2m,daily_mean_t2m,4,planned,/storage/raj.ayush/s2s_final_data/final_iteration/raw/ukmo/forecast/jjas2024/t2m/20240714_cf.grib,731ddc7cce43b3ef53fed90479d795951bfdbcfa2ac5d41d7c00afd1eb5f4399
ukmo,forecast,2024-07-14,pf,t2m,daily_mean_t2m,4,planned,/storage/raj.ayush/s2s_final_data/final_iteration/raw/ukmo/forecast/jjas2024/t2m/20240714_pf.grib,e3b5015ebff65f97a0a7bf48909e8de31cf2c04c49aa07595ae5f26d9d32cf52
ukmo,forecast,2024-07-18,cf,tp,not_applicable,4,planned,/storage/raj.ayush/s2s_final_data/final_iteration/raw/ukmo/forecast/jjas2024/tp/20240718_cf.grib,621e49158d53704883a351dc995b334308114bc5debc6f9eea4e690378c01db5
ukmo,forecast,2024-07-18,pf,tp,not_applicable,4,planned,/storage/raj.ayush/s2s_final_data/final_iteration/raw/ukmo/forecast/jjas2024/tp/20240718_pf.grib,c24c16fc6df710f920c5263f74d99e80f5bf3fef90b176a109608eaf4e7abcf5
ukmo,forecast,2024-07-18,cf,t2m,daily_mean_t2m,4,planned,/storage/raj.ayush/s2s_final_data/final_iteration/raw/ukmo/forecast/jjas2024/t2m/20240718_cf.grib,21ba23f77c5deb5d82a2448a6e3a49de1e83585d5c41f42b735533530b6ee3e3
ukmo,forecast,2024-07-18,pf,t2m,daily_mean_t2m,4,planned,/storage/raj.ayush/s2s_final_data/final_iteration/raw/ukmo/forecast/jjas2024/t2m/20240718_pf.grib,a2b138432a2e888ca28f820e5989a77da22d5f4af154b249c324e95c0e510fee
ukmo,forecast,2024-07-21,cf,tp,not_applicable,4,planned,/storage/raj.ayush/s2s_final_data/final_iteration/raw/ukmo/forecast/jjas2024/tp/20240721_cf.grib,1a9508437f1b8f232247975adebe2e42db594e27f9153b0c970bc044050da007
ukmo,forecast,2024-07-21,pf,tp,not_applicable,4,planned,/storage/raj.ayush/s2s_final_data/final_iteration/raw/ukmo/forecast/jjas2024/tp/20240721_pf.grib,aaf09d9d1b1030552e32318551487f77e9b4485b19d1fef17b4f51d571b1bde3
ukmo,forecast,2024-07-21,cf,t2m,daily_mean_t2m,4,planned,/storage/raj.ayush/s2s_final_data/final_iteration/raw/ukmo/forecast/jjas2024/t2m/20240721_cf.grib,7f6a2bab3d5e03b66fa79b4ed40924385e8559cc8f78228e51d678538c714415
ukmo,forecast,2024-07-21,pf,t2m,daily_mean_t2m,4,planned,/storage/raj.ayush/s2s_final_data/final_iteration/raw/ukmo/forecast/jjas2024/t2m/20240721_pf.grib,d3915ad8083d99e534ebe9b21aee3016d042971e147132c8412f1ba211066449
ukmo,forecast,2024-07-25,cf,tp,not_applicable,4,planned,/storage/raj.ayush/s2s_final_data/final_iteration/raw/ukmo/forecast/jjas2024/tp/20240725_cf.grib,52a6a7c0eb2cb3e7567f5e2ee5f8cd54c275979c681b70056b92300c34271b05
ukmo,forecast,2024-07-25,pf,tp,not_applicable,4,planned,/storage/raj.ayush/s2s_final_data/final_iteration/raw/ukmo/forecast/jjas2024/tp/20240725_pf.grib,e6117d424f87c4ab2e84325a4699b9febebbf3c91360508a02a58a3609b0bb99
ukmo,forecast,2024-07-25,cf,t2m,daily_mean_t2m,4,planned,/storage/raj.ayush/s2s_final_data/final_iteration/raw/ukmo/forecast/jjas2024/t2m/20240725_cf.grib,b85d91fd6b8bc8f4a599ff5d6cc95a73e8cedf195a3467d04dd2cc902c72600e
ukmo,forecast,2024-07-25,pf,t2m,daily_mean_t2m,4,planned,/storage/raj.ayush/s2s_final_data/final_iteration/raw/ukmo/forecast/jjas2024/t2m/20240725_pf.grib,1cc2f151913da1bef4484f0398c3c2e15b4fb7a429930030a5257e81e929590f
ukmo,forecast,2024-07-28,cf,tp,not_applicable,4,planned,/storage/raj.ayush/s2s_final_data/final_iteration/raw/ukmo/forecast/jjas2024/tp/20240728_cf.grib,e70bf3a2ed169322c5f36518501d1bde81f8caa9b58fed8bac85c151b35155f4
ukmo,forecast,2024-07-28,pf,tp,not_applicable,4,planned,/storage/raj.ayush/s2s_final_data/final_iteration/raw/ukmo/forecast/jjas2024/tp/20240728_pf.grib,1bb8ea28c558561164a61d2e10832e0a9e736d5c59ca25e26c285d8a75b50131
ukmo,forecast,2024-07-28,cf,t2m,daily_mean_t2m,4,planned,/storage/raj.ayush/s2s_final_data/final_iteration/raw/ukmo/forecast/jjas2024/t2m/20240728_cf.grib,203fa8bf14ad53ed7e5d4c2261ce089d6e59026c7b5184e59d497458c0501ef9
ukmo,forecast,2024-07-28,pf,t2m,daily_mean_t2m,4,planned,/storage/raj.ayush/s2s_final_data/final_iteration/raw/ukmo/forecast/jjas2024/t2m/20240728_pf.grib,71de3c43bef16429980942845a12f3a335a93ef00499884a73aacf2e3dd07f25
ukmo,forecast,2024-08-01,cf,tp,not_applicable,4,planned,/storage/raj.ayush/s2s_final_data/final_iteration/raw/ukmo/forecast/jjas2024/tp/20240801_cf.grib,134244f873db6e72a45b5857602083e4ddc5baf5fba090e2ae395288d485eadc
ukmo,forecast,2024-08-01,pf,tp,not_applicable,4,planned,/storage/raj.ayush/s2s_final_data/final_iteration/raw/ukmo/forecast/jjas2024/tp/20240801_pf.grib,80b530fcfa2cf9126c650e690ccbb10a5d079cfaa5fe56533ae2ec52ebf2cd22
ukmo,forecast,2024-08-01,cf,t2m,daily_mean_t2m,4,planned,/storage/raj.ayush/s2s_final_data/final_iteration/raw/ukmo/forecast/jjas2024/t2m/20240801_cf.grib,6db1ae10d48cb22cef88958ba810f1dfff2dba16d1568d5b84a617aafb4899f8
ukmo,forecast,2024-08-01,pf,t2m,daily_mean_t2m,4,planned,/storage/raj.ayush/s2s_final_data/final_iteration/raw/ukmo/forecast/jjas2024/t2m/20240801_pf.grib,67994257a20855be743832e565cdc4a8da1bddc06b6526d743661f6c4ee76606
ukmo,forecast,2024-08-04,cf,tp,not_applicable,4,planned,/storage/raj.ayush/s2s_final_data/final_iteration/raw/ukmo/forecast/jjas2024/tp/20240804_cf.grib,5ae4cb934ae1c8666b689987dfe655b1ca6eddd1d002efa04ee62c5453b3c394
ukmo,forecast,2024-08-04,pf,tp,not_applicable,4,planned,/storage/raj.ayush/s2s_final_data/final_iteration/raw/ukmo/forecast/jjas2024/tp/20240804_pf.grib,60fcc18cb9bcebdbec629c6754ec08a136d2ca7a191c68334e16291e23a3d9f9
ukmo,forecast,2024-08-04,cf,t2m,daily_mean_t2m,4,planned,/storage/raj.ayush/s2s_final_data/final_iteration/raw/ukmo/forecast/jjas2024/t2m/20240804_cf.grib,0e2a9ee1307f533ccdf2885add1673aa05a47b50a50faa5a949fc5a9d00ca7c7
ukmo,forecast,2024-08-04,pf,t2m,daily_mean_t2m,4,planned,/storage/raj.ayush/s2s_final_data/final_iteration/raw/ukmo/forecast/jjas2024/t2m/20240804_pf.grib,464aa01701386a4d83a60bcd4bebf0f0e6fe47a6e0140e02d5bbda70ab222ab9
ukmo,forecast,2024-08-08,cf,tp,not_applicable,4,planned,/storage/raj.ayush/s2s_final_data/final_iteration/raw/ukmo/forecast/jjas2024/tp/20240808_cf.grib,0ab940841627c1e67aa0738c204348a90090ff9c93d3d22167d326add7747756
ukmo,forecast,2024-08-08,pf,tp,not_applicable,4,planned,/storage/raj.ayush/s2s_final_data/final_iteration/raw/ukmo/forecast/jjas2024/tp/20240808_pf.grib,70dfe5d1aa3afbaba4fe7fa2d4c287d7ae80c74e34d91b0bed344ecd72c0ef7f
ukmo,forecast,2024-08-08,cf,t2m,daily_mean_t2m,4,planned,/storage/raj.ayush/s2s_final_data/final_iteration/raw/ukmo/forecast/jjas2024/t2m/20240808_cf.grib,fcaa8e1f2851d48b2e256a3b0635589068f31e554fe55a6a42058354ddb8eb7d
ukmo,forecast,2024-08-08,pf,t2m,daily_mean_t2m,4,planned,/storage/raj.ayush/s2s_final_data/final_iteration/raw/ukmo/forecast/jjas2024/t2m/20240808_pf.grib,59b43ec552b62b2bc8f98851bac8a726e8122da55a1055aa3e146c09710d5da3
ukmo,forecast,2024-08-11,cf,tp,not_applicable,4,planned,/storage/raj.ayush/s2s_final_data/final_iteration/raw/ukmo/forecast/jjas2024/tp/20240811_cf.grib,ef3651938302615b9a6b431b736bb8db601e349092d251b61d140d538e86dbd8
ukmo,forecast,2024-08-11,pf,tp,not_applicable,4,planned,/storage/raj.ayush/s2s_final_data/final_iteration/raw/ukmo/forecast/jjas2024/tp/20240811_pf.grib,264cefc49894aa5c7d9784a200f70cec407213b8c0b2e1be4ce92074976ce765
ukmo,forecast,2024-08-11,cf,t2m,daily_mean_t2m,4,planned,/storage/raj.ayush/s2s_final_data/final_iteration/raw/ukmo/forecast/jjas2024/t2m/20240811_cf.grib,57a41575f9ddbbb784a368a7b058d7331879edc35176fc1209af9825723c46f2
ukmo,forecast,2024-08-11,pf,t2m,daily_mean_t2m,4,planned,/storage/raj.ayush/s2s_final_data/final_iteration/raw/ukmo/forecast/jjas2024/t2m/20240811_pf.grib,9f4673bf6a88bbceda9123f7fa2103f7390af3b5564785832cc57c1c90310b10
ukmo,forecast,2024-08-15,cf,tp,not_applicable,4,planned,/storage/raj.ayush/s2s_final_data/final_iteration/raw/ukmo/forecast/jjas2024/tp/20240815_cf.grib,b9742c5e6204666ef62bf888ed7dfb0ebb67053031a096a905400637fa6b4a12
ukmo,forecast,2024-08-15,pf,tp,not_applicable,4,planned,/storage/raj.ayush/s2s_final_data/final_iteration/raw/ukmo/forecast/jjas2024/tp/20240815_pf.grib,b65f7c5f50eb7784578eb08e3ce7db6fe293998e81a83eae68bf79d878640565
ukmo,forecast,2024-08-15,cf,t2m,daily_mean_t2m,4,planned,/storage/raj.ayush/s2s_final_data/final_iteration/raw/ukmo/forecast/jjas2024/t2m/20240815_cf.grib,72124a5fe033a156e9cdc2572fe695900404e912ad80e968b4510eb000750fda
ukmo,forecast,2024-08-15,pf,t2m,daily_mean_t2m,4,planned,/storage/raj.ayush/s2s_final_data/final_iteration/raw/ukmo/forecast/jjas2024/t2m/20240815_pf.grib,648c5df73ba4676e4d15886d4f964ae59585ced67029bf94990dd2438b5de7f7
ukmo,forecast,2024-08-18,cf,tp,not_applicable,4,planned,/storage/raj.ayush/s2s_final_data/final_iteration/raw/ukmo/forecast/jjas2024/tp/20240818_cf.grib,d9481f5e84e305e918c06e6c888a5a1da02b8c0ce14ab778b43e7d47a3e8e3e1
ukmo,forecast,2024-08-18,pf,tp,not_applicable,4,planned,/storage/raj.ayush/s2s_final_data/final_iteration/raw/ukmo/forecast/jjas2024/tp/20240818_pf.grib,fbef842325f030135896f2493d32239b54803985f29714d6b382b49a2f89737a
ukmo,forecast,2024-08-18,cf,t2m,daily_mean_t2m,4,planned,/storage/raj.ayush/s2s_final_data/final_iteration/raw/ukmo/forecast/jjas2024/t2m/20240818_cf.grib,208f6e8c765dbe18d1e9bd4dc54a30e16bba5221d31353e11cccb468f6e9639a
ukmo,forecast,2024-08-18,pf,t2m,daily_mean_t2m,4,planned,/storage/raj.ayush/s2s_final_data/final_iteration/raw/ukmo/forecast/jjas2024/t2m/20240818_pf.grib,56720f1d4f36fb677f13f7cf964c052f0bf2519547b0a0421f4eb44efaf8ddea
ukmo,forecast,2024-08-22,cf,tp,not_applicable,4,planned,/storage/raj.ayush/s2s_final_data/final_iteration/raw/ukmo/forecast/jjas2024/tp/20240822_cf.grib,a89c78ec04192b982009536235722d3a2c38807d24072acf7790cc5f681da7ae
ukmo,forecast,2024-08-22,pf,tp,not_applicable,4,planned,/storage/raj.ayush/s2s_final_data/final_iteration/raw/ukmo/forecast/jjas2024/tp/20240822_pf.grib,51d9ec70967a45fda444937ffa5737a6d3629dd4af5c2215d071b36ff4cd523c
ukmo,forecast,2024-08-22,cf,t2m,daily_mean_t2m,4,planned,/storage/raj.ayush/s2s_final_data/final_iteration/raw/ukmo/forecast/jjas2024/t2m/20240822_cf.grib,25bd2319a10ae07222b7422f7a110bac65c52e782a205476cae9b5f900b55bdd
ukmo,forecast,2024-08-22,pf,t2m,daily_mean_t2m,4,planned,/storage/raj.ayush/s2s_final_data/final_iteration/raw/ukmo/forecast/jjas2024/t2m/20240822_pf.grib,4a3173531e3780d9b4d5a2c2d57292d874838b3d05b768b09eebfbfceb50bd39
ukmo,forecast,2024-08-25,cf,tp,not_applicable,4,planned,/storage/raj.ayush/s2s_final_data/final_iteration/raw/ukmo/forecast/jjas2024/tp/20240825_cf.grib,7dd73db3a1365e0090ffc9dccef5758effb7d355b76134cb51388cf215ba7b45
ukmo,forecast,2024-08-25,pf,tp,not_applicable,4,planned,/storage/raj.ayush/s2s_final_data/final_iteration/raw/ukmo/forecast/jjas2024/tp/20240825_pf.grib,5e167cae351163a0811fac161dee59f2bd3f5bc1c4fc9a2231e1b358a4122b3d
ukmo,forecast,2024-08-25,cf,t2m,daily_mean_t2m,4,planned,/storage/raj.ayush/s2s_final_data/final_iteration/raw/ukmo/forecast/jjas2024/t2m/20240825_cf.grib,5b0b2e437068a045bde7f9077aad631a41f32e24c2ce8534d612dc9a6b10b21b
ukmo,forecast,2024-08-25,pf,t2m,daily_mean_t2m,4,planned,/storage/raj.ayush/s2s_final_data/final_iteration/raw/ukmo/forecast/jjas2024/t2m/20240825_pf.grib,12dbc177ab00834bae12b7c24d7ec8dfd9d0e05e7b2aaffda174ab1600f754e8
ukmo,forecast,2024-08-29,cf,tp,not_applicable,4,planned,/storage/raj.ayush/s2s_final_data/final_iteration/raw/ukmo/forecast/jjas2024/tp/20240829_cf.grib,df2cdb75773ec93cd80663be7312c54d670573f56e5ddd987e82f257c938231a
ukmo,forecast,2024-08-29,pf,tp,not_applicable,4,planned,/storage/raj.ayush/s2s_final_data/final_iteration/raw/ukmo/forecast/jjas2024/tp/20240829_pf.grib,3348b76a0fbda798444333e7ac8c94fc48a89fafd3964fd3a38e16b941e78f1a
ukmo,forecast,2024-08-29,cf,t2m,daily_mean_t2m,4,planned,/storage/raj.ayush/s2s_final_data/final_iteration/raw/ukmo/forecast/jjas2024/t2m/20240829_cf.grib,8ea02ca987b68e18235de0d2446f7ee0ec2beea1195be0058d2a7ab8cf21d6ab
ukmo,forecast,2024-08-29,pf,t2m,daily_mean_t2m,4,planned,/storage/raj.ayush/s2s_final_data/final_iteration/raw/ukmo/forecast/jjas2024/t2m/20240829_pf.grib,b193b33f6fe3ac3767e5cec76a4b4fc2e9c285f4a4880bebab7b2229a76ba931
ukmo,forecast,2024-09-01,cf,tp,not_applicable,4,planned,/storage/raj.ayush/s2s_final_data/final_iteration/raw/ukmo/forecast/jjas2024/tp/20240901_cf.grib,87552921b5ff87124fcfe80a60eb9b6105ef887c45c5892870896feb333610be
ukmo,forecast,2024-09-01,pf,tp,not_applicable,4,planned,/storage/raj.ayush/s2s_final_data/final_iteration/raw/ukmo/forecast/jjas2024/tp/20240901_pf.grib,4c96e8936f914d32038b439a54f03c9a422c0247aa7d03c7c316a233ff90e592
ukmo,forecast,2024-09-01,cf,t2m,daily_mean_t2m,4,planned,/storage/raj.ayush/s2s_final_data/final_iteration/raw/ukmo/forecast/jjas2024/t2m/20240901_cf.grib,165e85b97366b19fe8e592f018d15511ab30a6adaa59bcffcf032bec14b1e3c0
ukmo,forecast,2024-09-01,pf,t2m,daily_mean_t2m,4,planned,/storage/raj.ayush/s2s_final_data/final_iteration/raw/ukmo/forecast/jjas2024/t2m/20240901_pf.grib,851606c5534f5276bef96dc2afaca125bbf5d19f1a08a20eefef8fe8782d1759
ukmo,forecast,2024-09-05,cf,tp,not_applicable,4,planned,/storage/raj.ayush/s2s_final_data/final_iteration/raw/ukmo/forecast/jjas2024/tp/20240905_cf.grib,d7f7f8c69f6948ffdc7e0f4d95da5710a62888c3e2deccdfb20f7ec72307cb9f
ukmo,forecast,2024-09-05,pf,tp,not_applicable,4,planned,/storage/raj.ayush/s2s_final_data/final_iteration/raw/ukmo/forecast/jjas2024/tp/20240905_pf.grib,48945219b26b5885a31f47163ee2309487f9c62e963ef49b2c85ce0a00474d3e
ukmo,forecast,2024-09-05,cf,t2m,daily_mean_t2m,4,planned,/storage/raj.ayush/s2s_final_data/final_iteration/raw/ukmo/forecast/jjas2024/t2m/20240905_cf.grib,31ae0411bad69aea5a1ba4c769b4c3e997021d55e4bfffb069444817526dd7f0
ukmo,forecast,2024-09-05,pf,t2m,daily_mean_t2m,4,planned,/storage/raj.ayush/s2s_final_data/final_iteration/raw/ukmo/forecast/jjas2024/t2m/20240905_pf.grib,cf4c3734bc295f4ba0a90b73827be7232ba96cb6395946f1f23bc5623afd7b6a
ukmo,forecast,2024-09-08,cf,tp,not_applicable,4,planned,/storage/raj.ayush/s2s_final_data/final_iteration/raw/ukmo/forecast/jjas2024/tp/20240908_cf.grib,a603cdc8e9bd318746fc1291dc88d8ccc20d44ea47334daaf5871594a853b3e8
ukmo,forecast,2024-09-08,pf,tp,not_applicable,4,planned,/storage/raj.ayush/s2s_final_data/final_iteration/raw/ukmo/forecast/jjas2024/tp/20240908_pf.grib,fae661e3e71260b8b82e03a05d1e62cc1658492741e3c6eefd9c4b015a790f4f
ukmo,forecast,2024-09-08,cf,t2m,daily_mean_t2m,4,planned,/storage/raj.ayush/s2s_final_data/final_iteration/raw/ukmo/forecast/jjas2024/t2m/20240908_cf.grib,07011afa06ef7e32b0bca81cd8a209c6dbd4b5f8acc044075962669a57763fdd
ukmo,forecast,2024-09-08,pf,t2m,daily_mean_t2m,4,planned,/storage/raj.ayush/s2s_final_data/final_iteration/raw/ukmo/forecast/jjas2024/t2m/20240908_pf.grib,055760a808f488efda57a054867b28495d2c7d9ae47e205e26c34b4a0df98fa0
ukmo,forecast,2024-09-12,cf,tp,not_applicable,4,planned,/storage/raj.ayush/s2s_final_data/final_iteration/raw/ukmo/forecast/jjas2024/tp/20240912_cf.grib,8c3b36ebad6f6891092a9af75e8c4cf6817dea39d2a1b7f16114bc31df56d2e3
ukmo,forecast,2024-09-12,pf,tp,not_applicable,4,planned,/storage/raj.ayush/s2s_final_data/final_iteration/raw/ukmo/forecast/jjas2024/tp/20240912_pf.grib,65c22a7094be1e498d3d22cfa3e3d1d0942a4f0708480ac455dfe75ee6d26a57
ukmo,forecast,2024-09-12,cf,t2m,daily_mean_t2m,4,planned,/storage/raj.ayush/s2s_final_data/final_iteration/raw/ukmo/forecast/jjas2024/t2m/20240912_cf.grib,7535b60af63a076bc509ecb6b4e753b8d43dd58c907a8b8a355016fa8d0b5947
ukmo,forecast,2024-09-12,pf,t2m,daily_mean_t2m,4,planned,/storage/raj.ayush/s2s_final_data/final_iteration/raw/ukmo/forecast/jjas2024/t2m/20240912_pf.grib,f2fb2a15c8fe8f39d2bf178d40806aec13aa920e2a8c32cc67feec40e36a6365
ukmo,forecast,2024-09-15,cf,tp,not_applicable,4,planned,/storage/raj.ayush/s2s_final_data/final_iteration/raw/ukmo/forecast/jjas2024/tp/20240915_cf.grib,50d621f1b87fa66ab47313c1ddab3ae91099ca53bd281a949c093a17da8b9f00
ukmo,forecast,2024-09-15,pf,tp,not_applicable,4,planned,/storage/raj.ayush/s2s_final_data/final_iteration/raw/ukmo/forecast/jjas2024/tp/20240915_pf.grib,0d5ac82f8cd5f06db4811950c2cd0eb08deb30b609f82e6f5bf4fa7eb98602a0
ukmo,forecast,2024-09-15,cf,t2m,daily_mean_t2m,4,planned,/storage/raj.ayush/s2s_final_data/final_iteration/raw/ukmo/forecast/jjas2024/t2m/20240915_cf.grib,29a1ff75cceb7b725ef0ff6d9568c1128d94d553277fde00165a5c7bd56d9939
ukmo,forecast,2024-09-15,pf,t2m,daily_mean_t2m,4,planned,/storage/raj.ayush/s2s_final_data/final_iteration/raw/ukmo/forecast/jjas2024/t2m/20240915_pf.grib,255e1307a80380321825c8611e3e3c0562a663e22b491d48da4628590cae9325
ukmo,forecast,2024-09-19,cf,tp,not_applicable,4,planned,/storage/raj.ayush/s2s_final_data/final_iteration/raw/ukmo/forecast/jjas2024/tp/20240919_cf.grib,d3752154f135ed42321c9699d43715505f8543d63e477a12519706db3bc1b67c
ukmo,forecast,2024-09-19,pf,tp,not_applicable,4,planned,/storage/raj.ayush/s2s_final_data/final_iteration/raw/ukmo/forecast/jjas2024/tp/20240919_pf.grib,767996111ff248046a4937ed5c20bc42520dbdae46daece3504c184c4ad1e255
ukmo,forecast,2024-09-19,cf,t2m,daily_mean_t2m,4,planned,/storage/raj.ayush/s2s_final_data/final_iteration/raw/ukmo/forecast/jjas2024/t2m/20240919_cf.grib,4456c17febeb72bd5064a263ac451ca2c23b641e390ce22a958d3f23eb2431ba
ukmo,forecast,2024-09-19,pf,t2m,daily_mean_t2m,4,planned,/storage/raj.ayush/s2s_final_data/final_iteration/raw/ukmo/forecast/jjas2024/t2m/20240919_pf.grib,d31776fcd44021e7b8e6b6d37d6f16cd26e812cf774c1c8e100e978ab234910d
ukmo,forecast,2024-09-22,cf,tp,not_applicable,4,planned,/storage/raj.ayush/s2s_final_data/final_iteration/raw/ukmo/forecast/jjas2024/tp/20240922_cf.grib,caee8e04b505c2cf9849671a0868166fb15cb2d7d52589b5dbad8fe623c725f5
ukmo,forecast,2024-09-22,pf,tp,not_applicable,4,planned,/storage/raj.ayush/s2s_final_data/final_iteration/raw/ukmo/forecast/jjas2024/tp/20240922_pf.grib,c11e78cd27d80e5f2694fea962eebde1b61e34432cfd06056727e8dce7f4bfb0
ukmo,forecast,2024-09-22,cf,t2m,daily_mean_t2m,4,planned,/storage/raj.ayush/s2s_final_data/final_iteration/raw/ukmo/forecast/jjas2024/t2m/20240922_cf.grib,05e6ed59b7e9b25cf411dc4efdfc81270fbc637e35795545bfa6f4d277a1f259
ukmo,forecast,2024-09-22,pf,t2m,daily_mean_t2m,4,planned,/storage/raj.ayush/s2s_final_data/final_iteration/raw/ukmo/forecast/jjas2024/t2m/20240922_pf.grib,cc7892dbe459f68d2e1363f54a82a68bcd3fa4a3b50aed81eeef20c987e08214
ukmo,forecast,2024-09-26,cf,tp,not_applicable,4,planned,/storage/raj.ayush/s2s_final_data/final_iteration/raw/ukmo/forecast/jjas2024/tp/20240926_cf.grib,6fa7f20280f5bd3cd4335e1f5166fd7b91937bea070cb56dc25b1e8739906dee
ukmo,forecast,2024-09-26,pf,tp,not_applicable,4,planned,/storage/raj.ayush/s2s_final_data/final_iteration/raw/ukmo/forecast/jjas2024/tp/20240926_pf.grib,7dddc2774c2ea98ae82697393eb73d2c4861b35ef1453e209b3f3ea76cd40876
ukmo,forecast,2024-09-26,cf,t2m,daily_mean_t2m,4,planned,/storage/raj.ayush/s2s_final_data/final_iteration/raw/ukmo/forecast/jjas2024/t2m/20240926_cf.grib,734ccf3e10270d418e205053695b2fa20b7c00ea9154447c453277dadb92d497
ukmo,forecast,2024-09-26,pf,t2m,daily_mean_t2m,4,planned,/storage/raj.ayush/s2s_final_data/final_iteration/raw/ukmo/forecast/jjas2024/t2m/20240926_pf.grib,71a5f60ebbb5ec63680f66522d5c1534b84518e7bc756e6ffe6d6949b9b31041
ukmo,forecast,2024-09-29,cf,tp,not_applicable,4,planned,/storage/raj.ayush/s2s_final_data/final_iteration/raw/ukmo/forecast/jjas2024/tp/20240929_cf.grib,1dcd03d7eb1caa1d78ad7e6e7b01251762cd8e7a24a10e86b6398fea584de7ce
ukmo,forecast,2024-09-29,pf,tp,not_applicable,4,planned,/storage/raj.ayush/s2s_final_data/final_iteration/raw/ukmo/forecast/jjas2024/tp/20240929_pf.grib,d9114b18ce58652c5302389a0eb71b9c1fff9fd33b0dc79099b306fd6fdd8602
ukmo,forecast,2024-09-29,cf,t2m,daily_mean_t2m,4,planned,/storage/raj.ayush/s2s_final_data/final_iteration/raw/ukmo/forecast/jjas2024/t2m/20240929_cf.grib,8378d4dbff85230f17e0117001d096d93d61b6c72ce6da34c937a1d0efb3fdb8
ukmo,forecast,2024-09-29,pf,t2m,daily_mean_t2m,4,planned,/storage/raj.ayush/s2s_final_data/final_iteration/raw/ukmo/forecast/jjas2024/t2m/20240929_pf.grib,c4aea0332feae57763bb06e36ad86d1c57b0960dbaa0711a0ed1247e3912c828
ncep,forecast,2020-06-02,cf,tp+t2m_proxy,proxy_from_four_6h_tmin_tmax_midranges,16,planned,/storage/raj.ayush/s2s_final_data/final_iteration/raw/ncep/forecast/jjas2020/surface/cf/20200602.grib,7a3f7bac4a9afaba82f49c18410be083eda2bf43070fa22d69ceee2e7d056d67
ncep,forecast,2020-06-02,pf,tp+t2m_proxy,proxy_from_four_6h_tmin_tmax_midranges,16,planned,/storage/raj.ayush/s2s_final_data/final_iteration/raw/ncep/forecast/jjas2020/surface/pf/20200602.grib,f2f9d75c3cc20a3e7b6f956895b4e44f1e9a381c44da84112cdba23963dda09b
ncep,forecast,2020-06-06,cf,tp+t2m_proxy,proxy_from_four_6h_tmin_tmax_midranges,16,planned,/storage/raj.ayush/s2s_final_data/final_iteration/raw/ncep/forecast/jjas2020/surface/cf/20200606.grib,2361bdb40736ed1c0f49ce16a7b3f68802f60b10ec1999a5810043d6ac4f1e02
ncep,forecast,2020-06-06,pf,tp+t2m_proxy,proxy_from_four_6h_tmin_tmax_midranges,16,planned,/storage/raj.ayush/s2s_final_data/final_iteration/raw/ncep/forecast/jjas2020/surface/pf/20200606.grib,afe1e33676615ac293494d4602132c179a9f1f88190c395ea8ce05eafe9797de
ncep,forecast,2020-06-09,cf,tp+t2m_proxy,proxy_from_four_6h_tmin_tmax_midranges,16,planned,/storage/raj.ayush/s2s_final_data/final_iteration/raw/ncep/forecast/jjas2020/surface/cf/20200609.grib,af6d05438440b9b03acfc4bfa4ce488ad35da80ecb4dfecc2875f76edeedcd05
ncep,forecast,2020-06-09,pf,tp+t2m_proxy,proxy_from_four_6h_tmin_tmax_midranges,16,planned,/storage/raj.ayush/s2s_final_data/final_iteration/raw/ncep/forecast/jjas2020/surface/pf/20200609.grib,a38ae8a457c044430a0a9fcedd0311929c57796b7a1b33f8a4de469b89fe42ea
ncep,forecast,2020-06-13,cf,tp+t2m_proxy,proxy_from_four_6h_tmin_tmax_midranges,16,planned,/storage/raj.ayush/s2s_final_data/final_iteration/raw/ncep/forecast/jjas2020/surface/cf/20200613.grib,23067b0a2a21fb7ca5cf6d9aa43e30fb119faf5cc05f92b91a7b92bdd17b54db
ncep,forecast,2020-06-13,pf,tp+t2m_proxy,proxy_from_four_6h_tmin_tmax_midranges,16,planned,/storage/raj.ayush/s2s_final_data/final_iteration/raw/ncep/forecast/jjas2020/surface/pf/20200613.grib,e101bc643748a2fb0f28ba117bda5ca09fe556ac08e3d12da46e15ea7295e11b
ncep,forecast,2020-06-16,cf,tp+t2m_proxy,proxy_from_four_6h_tmin_tmax_midranges,16,planned,/storage/raj.ayush/s2s_final_data/final_iteration/raw/ncep/forecast/jjas2020/surface/cf/20200616.grib,9ce1f2136d246f20b48e6a50734e35f5456e8b717108e4b53cb38dd9f054febe
ncep,forecast,2020-06-16,pf,tp+t2m_proxy,proxy_from_four_6h_tmin_tmax_midranges,16,planned,/storage/raj.ayush/s2s_final_data/final_iteration/raw/ncep/forecast/jjas2020/surface/pf/20200616.grib,d261f5116ca4362e1f99c7d3929856878f437134a13cda80ebde7312d14b473b
ncep,forecast,2020-06-20,cf,tp+t2m_proxy,proxy_from_four_6h_tmin_tmax_midranges,16,planned,/storage/raj.ayush/s2s_final_data/final_iteration/raw/ncep/forecast/jjas2020/surface/cf/20200620.grib,2a7485ec94346365804df4a91dcdfdbca99046a6945c0a8df09d1e7a8cd8d535
ncep,forecast,2020-06-20,pf,tp+t2m_proxy,proxy_from_four_6h_tmin_tmax_midranges,16,planned,/storage/raj.ayush/s2s_final_data/final_iteration/raw/ncep/forecast/jjas2020/surface/pf/20200620.grib,0e13af31b51bd00db4de6a028349831fa155a118be6972597ae1e4f67685faed
ncep,forecast,2020-06-23,cf,tp+t2m_proxy,proxy_from_four_6h_tmin_tmax_midranges,16,planned,/storage/raj.ayush/s2s_final_data/final_iteration/raw/ncep/forecast/jjas2020/surface/cf/20200623.grib,f2290c042d77624253d38abc271c2c3373a1b019cde6535da27d2c9ee311b22b
ncep,forecast,2020-06-23,pf,tp+t2m_proxy,proxy_from_four_6h_tmin_tmax_midranges,16,planned,/storage/raj.ayush/s2s_final_data/final_iteration/raw/ncep/forecast/jjas2020/surface/pf/20200623.grib,9ebea18bc8fe5a252a0d88189a51e1fff6945d3a8f7df396646ddb575d5039af
ncep,forecast,2020-06-27,cf,tp+t2m_proxy,proxy_from_four_6h_tmin_tmax_midranges,16,planned,/storage/raj.ayush/s2s_final_data/final_iteration/raw/ncep/forecast/jjas2020/surface/cf/20200627.grib,e981c29d3e694e7d4efb40fff83a79bd508235b83fa0fd99da9ba9ef28e2dacc
ncep,forecast,2020-06-27,pf,tp+t2m_proxy,proxy_from_four_6h_tmin_tmax_midranges,16,planned,/storage/raj.ayush/s2s_final_data/final_iteration/raw/ncep/forecast/jjas2020/surface/pf/20200627.grib,05bf9c01a079f279b7157aa382d608a6e9f682f8c0bdc308784f84fb4799ed61
ncep,forecast,2020-06-30,cf,tp+t2m_proxy,proxy_from_four_6h_tmin_tmax_midranges,16,planned,/storage/raj.ayush/s2s_final_data/final_iteration/raw/ncep/forecast/jjas2020/surface/cf/20200630.grib,1aed1d237b010cbb6b45c3660ef12b2436874b35a1a97cf25aa9010b81ddb80b
ncep,forecast,2020-06-30,pf,tp+t2m_proxy,proxy_from_four_6h_tmin_tmax_midranges,16,planned,/storage/raj.ayush/s2s_final_data/final_iteration/raw/ncep/forecast/jjas2020/surface/pf/20200630.grib,ffdd466f371ecc04c3a8ff057b5d89a9be92280ed98b7ac8e5374b4965eea1e1
ncep,forecast,2020-07-04,cf,tp+t2m_proxy,proxy_from_four_6h_tmin_tmax_midranges,16,planned,/storage/raj.ayush/s2s_final_data/final_iteration/raw/ncep/forecast/jjas2020/surface/cf/20200704.grib,7f9dbb26bfbc9f6d5d39463d356eb81c66866efe4bbadb352beff535141b5c09
ncep,forecast,2020-07-04,pf,tp+t2m_proxy,proxy_from_four_6h_tmin_tmax_midranges,16,planned,/storage/raj.ayush/s2s_final_data/final_iteration/raw/ncep/forecast/jjas2020/surface/pf/20200704.grib,e17f97fa89ce2b6a396a752070ba290aa1701eff61c8d8c67a8bc210c339ae93
ncep,forecast,2020-07-07,cf,tp+t2m_proxy,proxy_from_four_6h_tmin_tmax_midranges,16,planned,/storage/raj.ayush/s2s_final_data/final_iteration/raw/ncep/forecast/jjas2020/surface/cf/20200707.grib,36461fb4b7f597da79369ef9f538f1405a158d31de39aff637da66728f6b3c42
ncep,forecast,2020-07-07,pf,tp+t2m_proxy,proxy_from_four_6h_tmin_tmax_midranges,16,planned,/storage/raj.ayush/s2s_final_data/final_iteration/raw/ncep/forecast/jjas2020/surface/pf/20200707.grib,01f124c5b4a80f29f881ac07c6d7d3343ee25b47f7c1e12753e3f999b5ceda9a
ncep,forecast,2020-07-11,cf,tp+t2m_proxy,proxy_from_four_6h_tmin_tmax_midranges,16,planned,/storage/raj.ayush/s2s_final_data/final_iteration/raw/ncep/forecast/jjas2020/surface/cf/20200711.grib,b5287a593e260333052d87a5c920869b4536da0085e21d7540ef9a9d77fe33df
ncep,forecast,2020-07-11,pf,tp+t2m_proxy,proxy_from_four_6h_tmin_tmax_midranges,16,planned,/storage/raj.ayush/s2s_final_data/final_iteration/raw/ncep/forecast/jjas2020/surface/pf/20200711.grib,34ebee81e5fdd2b5b3126106da2228819e1b8460bf9024cc9dd2a969dc70750e
ncep,forecast,2020-07-14,cf,tp+t2m_proxy,proxy_from_four_6h_tmin_tmax_midranges,16,planned,/storage/raj.ayush/s2s_final_data/final_iteration/raw/ncep/forecast/jjas2020/surface/cf/20200714.grib,00872d84e21b60d3b509f4a0e0125710e594454af0bdb30751c92dfa007bfd86
ncep,forecast,2020-07-14,pf,tp+t2m_proxy,proxy_from_four_6h_tmin_tmax_midranges,16,planned,/storage/raj.ayush/s2s_final_data/final_iteration/raw/ncep/forecast/jjas2020/surface/pf/20200714.grib,e73ccee82d6d55c8e5d44bfb7b0f980ff56c7660c460cedd44cce995dd1af78a
ncep,forecast,2020-07-18,cf,tp+t2m_proxy,proxy_from_four_6h_tmin_tmax_midranges,16,planned,/storage/raj.ayush/s2s_final_data/final_iteration/raw/ncep/forecast/jjas2020/surface/cf/20200718.grib,d8afe9fb4047377363be4e60d0248f15cb9144ecac15694a7fe14f4e8240289c
ncep,forecast,2020-07-18,pf,tp+t2m_proxy,proxy_from_four_6h_tmin_tmax_midranges,16,planned,/storage/raj.ayush/s2s_final_data/final_iteration/raw/ncep/forecast/jjas2020/surface/pf/20200718.grib,92d461afda7d4852e1cc8d858870e6dc141a732278815646b2cb69a408fb0f07
ncep,forecast,2020-07-21,cf,tp+t2m_proxy,proxy_from_four_6h_tmin_tmax_midranges,16,planned,/storage/raj.ayush/s2s_final_data/final_iteration/raw/ncep/forecast/jjas2020/surface/cf/20200721.grib,411e00438228458d66ee7a4ea94e7c3e05e2b5811ae7218d83b1dffd87b98c3f
ncep,forecast,2020-07-21,pf,tp+t2m_proxy,proxy_from_four_6h_tmin_tmax_midranges,16,planned,/storage/raj.ayush/s2s_final_data/final_iteration/raw/ncep/forecast/jjas2020/surface/pf/20200721.grib,a43c95f4111d2bab9efbb0afc1c9252aa30aba51688c290d76b3d651625f68f2
ncep,forecast,2020-07-25,cf,tp+t2m_proxy,proxy_from_four_6h_tmin_tmax_midranges,16,planned,/storage/raj.ayush/s2s_final_data/final_iteration/raw/ncep/forecast/jjas2020/surface/cf/20200725.grib,d7b43fbefb6c290b2157cd5dca6c6dd018e9b9bab1c39269c500733108e0e1da
ncep,forecast,2020-07-25,pf,tp+t2m_proxy,proxy_from_four_6h_tmin_tmax_midranges,16,planned,/storage/raj.ayush/s2s_final_data/final_iteration/raw/ncep/forecast/jjas2020/surface/pf/20200725.grib,e8a365df274b082b18ed8faa91e0ff3e449dca76c26a724559c855c677a7b5e8
ncep,forecast,2020-07-28,cf,tp+t2m_proxy,proxy_from_four_6h_tmin_tmax_midranges,16,planned,/storage/raj.ayush/s2s_final_data/final_iteration/raw/ncep/forecast/jjas2020/surface/cf/20200728.grib,568a5b6ded041eb62d163352e6ecccc0b3dcc55652cdc80e980679f8a5d77398
ncep,forecast,2020-07-28,pf,tp+t2m_proxy,proxy_from_four_6h_tmin_tmax_midranges,16,planned,/storage/raj.ayush/s2s_final_data/final_iteration/raw/ncep/forecast/jjas2020/surface/pf/20200728.grib,b93dab5f8036308314173f4a673baedb09ad50d5cb6e99b2675e3cb44238767f
ncep,forecast,2020-08-01,cf,tp+t2m_proxy,proxy_from_four_6h_tmin_tmax_midranges,16,planned,/storage/raj.ayush/s2s_final_data/final_iteration/raw/ncep/forecast/jjas2020/surface/cf/20200801.grib,f39f3f2c0dec87bcb2e47ea22cabb2fa4139f7dee7632c7fdbb2d2314eb70cc0
ncep,forecast,2020-08-01,pf,tp+t2m_proxy,proxy_from_four_6h_tmin_tmax_midranges,16,planned,/storage/raj.ayush/s2s_final_data/final_iteration/raw/ncep/forecast/jjas2020/surface/pf/20200801.grib,a23a62a5e0e718bcac08ad1964b93c7283a858bfa414f26292e16f6c848504c4
ncep,forecast,2020-08-04,cf,tp+t2m_proxy,proxy_from_four_6h_tmin_tmax_midranges,16,planned,/storage/raj.ayush/s2s_final_data/final_iteration/raw/ncep/forecast/jjas2020/surface/cf/20200804.grib,2578ae8db9cb6df7df659f0d0c4a8a87dc941a369f621231e1b04cd8dce049e1
ncep,forecast,2020-08-04,pf,tp+t2m_proxy,proxy_from_four_6h_tmin_tmax_midranges,16,planned,/storage/raj.ayush/s2s_final_data/final_iteration/raw/ncep/forecast/jjas2020/surface/pf/20200804.grib,36bf491a4441659047cc9aa99c247c60456f4577c0c22a3e0e83cbee6e2d29e3
ncep,forecast,2020-08-08,cf,tp+t2m_proxy,proxy_from_four_6h_tmin_tmax_midranges,16,planned,/storage/raj.ayush/s2s_final_data/final_iteration/raw/ncep/forecast/jjas2020/surface/cf/20200808.grib,fc1cb20296ff18f4e540c387ce290ebc73d052c2a13a7ea4665ab7ca9a1706e3
ncep,forecast,2020-08-08,pf,tp+t2m_proxy,proxy_from_four_6h_tmin_tmax_midranges,16,planned,/storage/raj.ayush/s2s_final_data/final_iteration/raw/ncep/forecast/jjas2020/surface/pf/20200808.grib,4569f77f46f7e0704a3e45762f6dd73b38cc0fede437bfe8edb61e5238ee1226
ncep,forecast,2020-08-11,cf,tp+t2m_proxy,proxy_from_four_6h_tmin_tmax_midranges,16,planned,/storage/raj.ayush/s2s_final_data/final_iteration/raw/ncep/forecast/jjas2020/surface/cf/20200811.grib,b7a7323d8c4bddb9316ff08b49f67d64d555bb8de34766c534ed7d9b42f76ba5
ncep,forecast,2020-08-11,pf,tp+t2m_proxy,proxy_from_four_6h_tmin_tmax_midranges,16,planned,/storage/raj.ayush/s2s_final_data/final_iteration/raw/ncep/forecast/jjas2020/surface/pf/20200811.grib,43fa1e97a8d2e65dae468e9b65c68c707a3f6eb21182cf406a5722b2bd13bd0d
ncep,forecast,2020-08-15,cf,tp+t2m_proxy,proxy_from_four_6h_tmin_tmax_midranges,16,planned,/storage/raj.ayush/s2s_final_data/final_iteration/raw/ncep/forecast/jjas2020/surface/cf/20200815.grib,7d2677e42c01d18177ff07e587811adece73500110fbd24780bb6b8c6d6dcbda
ncep,forecast,2020-08-15,pf,tp+t2m_proxy,proxy_from_four_6h_tmin_tmax_midranges,16,planned,/storage/raj.ayush/s2s_final_data/final_iteration/raw/ncep/forecast/jjas2020/surface/pf/20200815.grib,3c65e494a56ab6970106ca549340f54c086dda4e819b6279bca28965e13b6e8f
ncep,forecast,2020-08-18,cf,tp+t2m_proxy,proxy_from_four_6h_tmin_tmax_midranges,16,planned,/storage/raj.ayush/s2s_final_data/final_iteration/raw/ncep/forecast/jjas2020/surface/cf/20200818.grib,d65eb561045ec040918c274af81c5e1017508c41033d7e982132c05b817ca013
ncep,forecast,2020-08-18,pf,tp+t2m_proxy,proxy_from_four_6h_tmin_tmax_midranges,16,planned,/storage/raj.ayush/s2s_final_data/final_iteration/raw/ncep/forecast/jjas2020/surface/pf/20200818.grib,9a8984232f8f86fb33583ef8b04aa9e3607da178fe222f52743c7b0de466dadb
ncep,forecast,2020-08-22,cf,tp+t2m_proxy,proxy_from_four_6h_tmin_tmax_midranges,16,planned,/storage/raj.ayush/s2s_final_data/final_iteration/raw/ncep/forecast/jjas2020/surface/cf/20200822.grib,10b7e0079b4c93717a6e41258c7884a90b38907e8fb7fb86c1b5411814daa64e
ncep,forecast,2020-08-22,pf,tp+t2m_proxy,proxy_from_four_6h_tmin_tmax_midranges,16,planned,/storage/raj.ayush/s2s_final_data/final_iteration/raw/ncep/forecast/jjas2020/surface/pf/20200822.grib,0975c519ac74e07f35101bc282892c5ab3df42df76c0911b8a233406321539ad
ncep,forecast,2020-08-25,cf,tp+t2m_proxy,proxy_from_four_6h_tmin_tmax_midranges,16,planned,/storage/raj.ayush/s2s_final_data/final_iteration/raw/ncep/forecast/jjas2020/surface/cf/20200825.grib,ff3622630af85413f841ef9e94fb492945d0193ba9b62b7ab580659b8ff6bee1
ncep,forecast,2020-08-25,pf,tp+t2m_proxy,proxy_from_four_6h_tmin_tmax_midranges,16,planned,/storage/raj.ayush/s2s_final_data/final_iteration/raw/ncep/forecast/jjas2020/surface/pf/20200825.grib,9b7e0e173899e84b934c5ca06d3de0101824d3ed86a4bf278e6f502d0f9c6249
ncep,forecast,2020-08-29,cf,tp+t2m_proxy,proxy_from_four_6h_tmin_tmax_midranges,16,planned,/storage/raj.ayush/s2s_final_data/final_iteration/raw/ncep/forecast/jjas2020/surface/cf/20200829.grib,f85649ceba109acec89eaba0077fccc6d3150d26ffee48282026b7966256a54f
ncep,forecast,2020-08-29,pf,tp+t2m_proxy,proxy_from_four_6h_tmin_tmax_midranges,16,planned,/storage/raj.ayush/s2s_final_data/final_iteration/raw/ncep/forecast/jjas2020/surface/pf/20200829.grib,547e3400ea4f330c76411a35ae6fddcdb76de6fdec2b571830ece3cf0be955ce
ncep,forecast,2020-09-01,cf,tp+t2m_proxy,proxy_from_four_6h_tmin_tmax_midranges,16,planned,/storage/raj.ayush/s2s_final_data/final_iteration/raw/ncep/forecast/jjas2020/surface/cf/20200901.grib,846013b8843644ae40868b7724fb90434d7323d164579f9730ce60e300da9857
ncep,forecast,2020-09-01,pf,tp+t2m_proxy,proxy_from_four_6h_tmin_tmax_midranges,16,planned,/storage/raj.ayush/s2s_final_data/final_iteration/raw/ncep/forecast/jjas2020/surface/pf/20200901.grib,a48e8d2aba90b42b7f6480005b5479a3950a1abd062661bbed0a4e8c799d9102
ncep,forecast,2020-09-05,cf,tp+t2m_proxy,proxy_from_four_6h_tmin_tmax_midranges,16,planned,/storage/raj.ayush/s2s_final_data/final_iteration/raw/ncep/forecast/jjas2020/surface/cf/20200905.grib,68212c4d01bf13ee6c5a9a41e64b5d8c10b53dc3bdb108ec31cccefec1a7e3d1
ncep,forecast,2020-09-05,pf,tp+t2m_proxy,proxy_from_four_6h_tmin_tmax_midranges,16,planned,/storage/raj.ayush/s2s_final_data/final_iteration/raw/ncep/forecast/jjas2020/surface/pf/20200905.grib,68829779f034b7693313f0201b40a84682152c1c7cbc5155fcd95ab014f72859
ncep,forecast,2020-09-08,cf,tp+t2m_proxy,proxy_from_four_6h_tmin_tmax_midranges,16,planned,/storage/raj.ayush/s2s_final_data/final_iteration/raw/ncep/forecast/jjas2020/surface/cf/20200908.grib,4a03374a20afa848c63a516ba244ba89122c10167213aae8eb407c33ebca5d44
ncep,forecast,2020-09-08,pf,tp+t2m_proxy,proxy_from_four_6h_tmin_tmax_midranges,16,planned,/storage/raj.ayush/s2s_final_data/final_iteration/raw/ncep/forecast/jjas2020/surface/pf/20200908.grib,596f34cf402cce4938402d0f1cf4a689fd2bf778c2cf468e8a1bfbc804e8f83d
ncep,forecast,2020-09-12,cf,tp+t2m_proxy,proxy_from_four_6h_tmin_tmax_midranges,16,planned,/storage/raj.ayush/s2s_final_data/final_iteration/raw/ncep/forecast/jjas2020/surface/cf/20200912.grib,c98b5141db26fdd2e7f719fc15f32d1b76f53ee99d75ec07a634588fd0b9f088
ncep,forecast,2020-09-12,pf,tp+t2m_proxy,proxy_from_four_6h_tmin_tmax_midranges,16,planned,/storage/raj.ayush/s2s_final_data/final_iteration/raw/ncep/forecast/jjas2020/surface/pf/20200912.grib,96d9fe90fbc1668459c0570b8f9ff85a7740269df0b430564215d81400ad8d26
ncep,forecast,2020-09-15,cf,tp+t2m_proxy,proxy_from_four_6h_tmin_tmax_midranges,16,planned,/storage/raj.ayush/s2s_final_data/final_iteration/raw/ncep/forecast/jjas2020/surface/cf/20200915.grib,55a1fa241b51367bdfde68238c8cd15204df3d1f6b6ac00bc71e2f5b86242de1
ncep,forecast,2020-09-15,pf,tp+t2m_proxy,proxy_from_four_6h_tmin_tmax_midranges,16,planned,/storage/raj.ayush/s2s_final_data/final_iteration/raw/ncep/forecast/jjas2020/surface/pf/20200915.grib,a16e3e2e494e3c091f1549dc7ff672b423f37a4f5dfa1f1d58b51ddab9dc6ccc
ncep,forecast,2020-09-19,cf,tp+t2m_proxy,proxy_from_four_6h_tmin_tmax_midranges,16,planned,/storage/raj.ayush/s2s_final_data/final_iteration/raw/ncep/forecast/jjas2020/surface/cf/20200919.grib,adabd812f7791dda6908d6d4e61fde6a8206a9769366c01a11f949d557124969
ncep,forecast,2020-09-19,pf,tp+t2m_proxy,proxy_from_four_6h_tmin_tmax_midranges,16,planned,/storage/raj.ayush/s2s_final_data/final_iteration/raw/ncep/forecast/jjas2020/surface/pf/20200919.grib,3cf9eb7a3fa68611ad3ea120b678be2665fae023d4f1aa4f1c64ebdb08d32258
ncep,forecast,2020-09-22,cf,tp+t2m_proxy,proxy_from_four_6h_tmin_tmax_midranges,16,planned,/storage/raj.ayush/s2s_final_data/final_iteration/raw/ncep/forecast/jjas2020/surface/cf/20200922.grib,6e2a40f0d74ae4259e409320d0849343db2aa76fb0a87085f4d4c034f866863b
ncep,forecast,2020-09-22,pf,tp+t2m_proxy,proxy_from_four_6h_tmin_tmax_midranges,16,planned,/storage/raj.ayush/s2s_final_data/final_iteration/raw/ncep/forecast/jjas2020/surface/pf/20200922.grib,4f31c8b29927d38e511439d5886af9b5f49ab3adc382cfc33d6971d198578c16
ncep,forecast,2020-09-26,cf,tp+t2m_proxy,proxy_from_four_6h_tmin_tmax_midranges,16,planned,/storage/raj.ayush/s2s_final_data/final_iteration/raw/ncep/forecast/jjas2020/surface/cf/20200926.grib,d63fb5e37b4ffa9d5297fb901fdb1b40e4218276d11da3f56a46fdf7227cbf53
ncep,forecast,2020-09-26,pf,tp+t2m_proxy,proxy_from_four_6h_tmin_tmax_midranges,16,planned,/storage/raj.ayush/s2s_final_data/final_iteration/raw/ncep/forecast/jjas2020/surface/pf/20200926.grib,cd1cc3ff22b6c2c74e908318ccbcde8b84a270a26d266704a890640e9229a395
ncep,forecast,2020-09-29,cf,tp+t2m_proxy,proxy_from_four_6h_tmin_tmax_midranges,16,planned,/storage/raj.ayush/s2s_final_data/final_iteration/raw/ncep/forecast/jjas2020/surface/cf/20200929.grib,741ad4d4b9bd99c6adfa59d20af903f84df45ba6b2c149af9259168c5b3e809f
ncep,forecast,2020-09-29,pf,tp+t2m_proxy,proxy_from_four_6h_tmin_tmax_midranges,16,planned,/storage/raj.ayush/s2s_final_data/final_iteration/raw/ncep/forecast/jjas2020/surface/pf/20200929.grib,7e5ecae3cbc685004a9f11a1ff88cc42702743ca232905f99dd26159fb7dbf65
ncep,forecast,2021-06-02,cf,tp+t2m_proxy,proxy_from_four_6h_tmin_tmax_midranges,16,planned,/storage/raj.ayush/s2s_final_data/final_iteration/raw/ncep/forecast/jjas2021/surface/cf/20210602.grib,06fe7c79ec84105718f49e61ef912e37554f815a13eb08295d3eded6043021c7
ncep,forecast,2021-06-02,pf,tp+t2m_proxy,proxy_from_four_6h_tmin_tmax_midranges,16,planned,/storage/raj.ayush/s2s_final_data/final_iteration/raw/ncep/forecast/jjas2021/surface/pf/20210602.grib,66059ed8e2bf313225499cc6fa1b5a11406018c12cb8295b090d3f201c9ddfc3
ncep,forecast,2021-06-06,cf,tp+t2m_proxy,proxy_from_four_6h_tmin_tmax_midranges,16,planned,/storage/raj.ayush/s2s_final_data/final_iteration/raw/ncep/forecast/jjas2021/surface/cf/20210606.grib,ba11c89299896a830c3d366a4bd554093c9c085f5a88d06056f8e87594da737a
ncep,forecast,2021-06-06,pf,tp+t2m_proxy,proxy_from_four_6h_tmin_tmax_midranges,16,planned,/storage/raj.ayush/s2s_final_data/final_iteration/raw/ncep/forecast/jjas2021/surface/pf/20210606.grib,905a8d029959eab0c48d45a7b4829c3c38b31790d391ca0dd49abef38c5b5e1f
ncep,forecast,2021-06-09,cf,tp+t2m_proxy,proxy_from_four_6h_tmin_tmax_midranges,16,planned,/storage/raj.ayush/s2s_final_data/final_iteration/raw/ncep/forecast/jjas2021/surface/cf/20210609.grib,39846131f7c258a9095a6f54c89bb4e795075d31445358731a805aa0371f4f7a
ncep,forecast,2021-06-09,pf,tp+t2m_proxy,proxy_from_four_6h_tmin_tmax_midranges,16,planned,/storage/raj.ayush/s2s_final_data/final_iteration/raw/ncep/forecast/jjas2021/surface/pf/20210609.grib,2ebacfbbcc5de4036ca34be05887d3e4a9de850db14c88630110de10d803f772
ncep,forecast,2021-06-13,cf,tp+t2m_proxy,proxy_from_four_6h_tmin_tmax_midranges,16,planned,/storage/raj.ayush/s2s_final_data/final_iteration/raw/ncep/forecast/jjas2021/surface/cf/20210613.grib,837d358e8f96ae3a2bae7cdd8497e6945bb873a5228c0059ddd20a77f765e5ea
ncep,forecast,2021-06-13,pf,tp+t2m_proxy,proxy_from_four_6h_tmin_tmax_midranges,16,planned,/storage/raj.ayush/s2s_final_data/final_iteration/raw/ncep/forecast/jjas2021/surface/pf/20210613.grib,e7534b5a6698ba6599fef555d7ebcbcad9aca94a7027f9d501d32807c82a197d
ncep,forecast,2021-06-16,cf,tp+t2m_proxy,proxy_from_four_6h_tmin_tmax_midranges,16,planned,/storage/raj.ayush/s2s_final_data/final_iteration/raw/ncep/forecast/jjas2021/surface/cf/20210616.grib,92761e62968374645f68b52a93812c373921b40b6f0f8f48a8c0896f3a1c62ef
ncep,forecast,2021-06-16,pf,tp+t2m_proxy,proxy_from_four_6h_tmin_tmax_midranges,16,planned,/storage/raj.ayush/s2s_final_data/final_iteration/raw/ncep/forecast/jjas2021/surface/pf/20210616.grib,343a2b56886992ba7ffc9e1c8e6e089dcd7f78ddbdfa4301fd4016db9f604d27
ncep,forecast,2021-06-20,cf,tp+t2m_proxy,proxy_from_four_6h_tmin_tmax_midranges,16,planned,/storage/raj.ayush/s2s_final_data/final_iteration/raw/ncep/forecast/jjas2021/surface/cf/20210620.grib,5220286df3d92b89ae26ee202f4c3c3b57e5f54a05ea3e7a0f66ea371fb12ab9
ncep,forecast,2021-06-20,pf,tp+t2m_proxy,proxy_from_four_6h_tmin_tmax_midranges,16,planned,/storage/raj.ayush/s2s_final_data/final_iteration/raw/ncep/forecast/jjas2021/surface/pf/20210620.grib,89b602355dfcb7bf9cb53ee5e364beafb942d91943dfc3674c388dca28dfc160
ncep,forecast,2021-06-23,cf,tp+t2m_proxy,proxy_from_four_6h_tmin_tmax_midranges,16,planned,/storage/raj.ayush/s2s_final_data/final_iteration/raw/ncep/forecast/jjas2021/surface/cf/20210623.grib,b5f0230cf960d58b27e9c96e0b5c8d8607693140138ca7c7e42910394b478017
ncep,forecast,2021-06-23,pf,tp+t2m_proxy,proxy_from_four_6h_tmin_tmax_midranges,16,planned,/storage/raj.ayush/s2s_final_data/final_iteration/raw/ncep/forecast/jjas2021/surface/pf/20210623.grib,a5379e91712279797d7408ae2194b8607aeb81bee93d6c87b062c577988778d1
ncep,forecast,2021-06-27,cf,tp+t2m_proxy,proxy_from_four_6h_tmin_tmax_midranges,16,planned,/storage/raj.ayush/s2s_final_data/final_iteration/raw/ncep/forecast/jjas2021/surface/cf/20210627.grib,f39eeb1b168ab61ec82f3bb0cfe8e17cc28bfb0be4e7c84a62d96067af5376ed
ncep,forecast,2021-06-27,pf,tp+t2m_proxy,proxy_from_four_6h_tmin_tmax_midranges,16,planned,/storage/raj.ayush/s2s_final_data/final_iteration/raw/ncep/forecast/jjas2021/surface/pf/20210627.grib,9693cdf247cb223d63455759d44c3d12d5a8c9d2d90e0884e8c0afc5073e2405
ncep,forecast,2021-06-30,cf,tp+t2m_proxy,proxy_from_four_6h_tmin_tmax_midranges,16,planned,/storage/raj.ayush/s2s_final_data/final_iteration/raw/ncep/forecast/jjas2021/surface/cf/20210630.grib,f2474971ee32587e62e651c868a3458eb463c8a04086fe93ea28d2f0718fc19c
ncep,forecast,2021-06-30,pf,tp+t2m_proxy,proxy_from_four_6h_tmin_tmax_midranges,16,planned,/storage/raj.ayush/s2s_final_data/final_iteration/raw/ncep/forecast/jjas2021/surface/pf/20210630.grib,9b3a54e9f98adb2521ca8dc23b240f2a3dfefe7539d394d801e9f14688bdb175
ncep,forecast,2021-07-04,cf,tp+t2m_proxy,proxy_from_four_6h_tmin_tmax_midranges,16,planned,/storage/raj.ayush/s2s_final_data/final_iteration/raw/ncep/forecast/jjas2021/surface/cf/20210704.grib,869e26fb7fa4e4596457067a2ebd80b7f86ac577667da4765ff1b0394a034cfc
ncep,forecast,2021-07-04,pf,tp+t2m_proxy,proxy_from_four_6h_tmin_tmax_midranges,16,planned,/storage/raj.ayush/s2s_final_data/final_iteration/raw/ncep/forecast/jjas2021/surface/pf/20210704.grib,6a634e8ce5136c1bdea3833edf2ae791eee0435584068651eeeb315efb3cfd01
ncep,forecast,2021-07-07,cf,tp+t2m_proxy,proxy_from_four_6h_tmin_tmax_midranges,16,planned,/storage/raj.ayush/s2s_final_data/final_iteration/raw/ncep/forecast/jjas2021/surface/cf/20210707.grib,413771fc0d754e9f8709b0c9769624fb5e9084418e9880db907d215c15814643
ncep,forecast,2021-07-07,pf,tp+t2m_proxy,proxy_from_four_6h_tmin_tmax_midranges,16,planned,/storage/raj.ayush/s2s_final_data/final_iteration/raw/ncep/forecast/jjas2021/surface/pf/20210707.grib,7e1fc4fb05e041ec95be3c0c29578eddf8b4deeebea841b8935987e400cee4d2
ncep,forecast,2021-07-11,cf,tp+t2m_proxy,proxy_from_four_6h_tmin_tmax_midranges,16,planned,/storage/raj.ayush/s2s_final_data/final_iteration/raw/ncep/forecast/jjas2021/surface/cf/20210711.grib,862aecf5eb8818b057e93d1ef2c8c9879798eb861a15f3e014884c42acf32964
ncep,forecast,2021-07-11,pf,tp+t2m_proxy,proxy_from_four_6h_tmin_tmax_midranges,16,planned,/storage/raj.ayush/s2s_final_data/final_iteration/raw/ncep/forecast/jjas2021/surface/pf/20210711.grib,5fee871914f9f1109053583a4ece19b7a05aee272e5d9bb2c8c1ba1a0b73a271
ncep,forecast,2021-07-14,cf,tp+t2m_proxy,proxy_from_four_6h_tmin_tmax_midranges,16,planned,/storage/raj.ayush/s2s_final_data/final_iteration/raw/ncep/forecast/jjas2021/surface/cf/20210714.grib,a204adf34455590c9322ef5ed0bf6e3d71fe312be7499379465377da9419632a
ncep,forecast,2021-07-14,pf,tp+t2m_proxy,proxy_from_four_6h_tmin_tmax_midranges,16,planned,/storage/raj.ayush/s2s_final_data/final_iteration/raw/ncep/forecast/jjas2021/surface/pf/20210714.grib,6ebdb5dd36c21b0b4708ed4a6abe86e706072238b11c6829596b31c6d2c8e66b
ncep,forecast,2021-07-18,cf,tp+t2m_proxy,proxy_from_four_6h_tmin_tmax_midranges,16,planned,/storage/raj.ayush/s2s_final_data/final_iteration/raw/ncep/forecast/jjas2021/surface/cf/20210718.grib,21caf42a37c1565dcfbeed0f476c554386e6f3509b66fcfafb2d30c982335195
ncep,forecast,2021-07-18,pf,tp+t2m_proxy,proxy_from_four_6h_tmin_tmax_midranges,16,planned,/storage/raj.ayush/s2s_final_data/final_iteration/raw/ncep/forecast/jjas2021/surface/pf/20210718.grib,4a72d8c2cc55b390f3962437ed3e5c7188604d9da323b6047b204de147bdc720
ncep,forecast,2021-07-21,cf,tp+t2m_proxy,proxy_from_four_6h_tmin_tmax_midranges,16,planned,/storage/raj.ayush/s2s_final_data/final_iteration/raw/ncep/forecast/jjas2021/surface/cf/20210721.grib,e0213ddae27ba9a84b0fbf231b10939c7bfaf6be8c7bbb939781da453a145030
ncep,forecast,2021-07-21,pf,tp+t2m_proxy,proxy_from_four_6h_tmin_tmax_midranges,16,planned,/storage/raj.ayush/s2s_final_data/final_iteration/raw/ncep/forecast/jjas2021/surface/pf/20210721.grib,2d23f6dd436a8f615b16f9bdb32d5b112264d35c6fcb0d32ffc7994407b11fb1
ncep,forecast,2021-07-25,cf,tp+t2m_proxy,proxy_from_four_6h_tmin_tmax_midranges,16,planned,/storage/raj.ayush/s2s_final_data/final_iteration/raw/ncep/forecast/jjas2021/surface/cf/20210725.grib,e0683488dacded98634d433af6c79f9209c83ca75f4aa24676c05a8193b5c259
ncep,forecast,2021-07-25,pf,tp+t2m_proxy,proxy_from_four_6h_tmin_tmax_midranges,16,planned,/storage/raj.ayush/s2s_final_data/final_iteration/raw/ncep/forecast/jjas2021/surface/pf/20210725.grib,6aac58cfa7c46c71bd0c1582c0f4b3c4c9ff34ded2ff37f81a6f64e6069b829d
ncep,forecast,2021-07-28,cf,tp+t2m_proxy,proxy_from_four_6h_tmin_tmax_midranges,16,planned,/storage/raj.ayush/s2s_final_data/final_iteration/raw/ncep/forecast/jjas2021/surface/cf/20210728.grib,ef02839c618fd9533c439d354d13018f1ab7bf0929c4659a2e87059e4d9cd796
ncep,forecast,2021-07-28,pf,tp+t2m_proxy,proxy_from_four_6h_tmin_tmax_midranges,16,planned,/storage/raj.ayush/s2s_final_data/final_iteration/raw/ncep/forecast/jjas2021/surface/pf/20210728.grib,2f7ca999c7115fb2692c7b4fa9ba29669d709c0d08753a0c5268ada4b933416e
ncep,forecast,2021-08-01,cf,tp+t2m_proxy,proxy_from_four_6h_tmin_tmax_midranges,16,planned,/storage/raj.ayush/s2s_final_data/final_iteration/raw/ncep/forecast/jjas2021/surface/cf/20210801.grib,525d0a593c4f4fa62dfe1f6435f7a9382ff4603fb05e32f43f8d4e570dbd9700
ncep,forecast,2021-08-01,pf,tp+t2m_proxy,proxy_from_four_6h_tmin_tmax_midranges,16,planned,/storage/raj.ayush/s2s_final_data/final_iteration/raw/ncep/forecast/jjas2021/surface/pf/20210801.grib,a7bbc00f6732781f8ed18d4bb32630be8642951602ae77ec3803a208c7a4ff86
ncep,forecast,2021-08-04,cf,tp+t2m_proxy,proxy_from_four_6h_tmin_tmax_midranges,16,planned,/storage/raj.ayush/s2s_final_data/final_iteration/raw/ncep/forecast/jjas2021/surface/cf/20210804.grib,2b8edc8bc2354630db70cc66b68392f205829568157ee042b8ef29ba6df25703
ncep,forecast,2021-08-04,pf,tp+t2m_proxy,proxy_from_four_6h_tmin_tmax_midranges,16,planned,/storage/raj.ayush/s2s_final_data/final_iteration/raw/ncep/forecast/jjas2021/surface/pf/20210804.grib,4608d3de70d46f14f4391c4f5e2c093e8f4d9db03dbf56bc01289589a7f2b7ba
ncep,forecast,2021-08-08,cf,tp+t2m_proxy,proxy_from_four_6h_tmin_tmax_midranges,16,planned,/storage/raj.ayush/s2s_final_data/final_iteration/raw/ncep/forecast/jjas2021/surface/cf/20210808.grib,0645011244f8c3d7dee3eb6f02cdb5d6af2dfe60e3618e4f339f5659e652d7c6
ncep,forecast,2021-08-08,pf,tp+t2m_proxy,proxy_from_four_6h_tmin_tmax_midranges,16,planned,/storage/raj.ayush/s2s_final_data/final_iteration/raw/ncep/forecast/jjas2021/surface/pf/20210808.grib,837c2b5bcf14121d7271f758f8cc95ac0da35c1e915f80c0964e3bba530320dc
ncep,forecast,2021-08-11,cf,tp+t2m_proxy,proxy_from_four_6h_tmin_tmax_midranges,16,planned,/storage/raj.ayush/s2s_final_data/final_iteration/raw/ncep/forecast/jjas2021/surface/cf/20210811.grib,76fa6c7d9d6ae05408bea7bbc532b4926e6a92a01b9576df0b9ff4068238864a
ncep,forecast,2021-08-11,pf,tp+t2m_proxy,proxy_from_four_6h_tmin_tmax_midranges,16,planned,/storage/raj.ayush/s2s_final_data/final_iteration/raw/ncep/forecast/jjas2021/surface/pf/20210811.grib,d5b2a1aa7ae8fe97e934ffd874b86da87b15b15b866dc9f86f3dfa146a570e3a
ncep,forecast,2021-08-15,cf,tp+t2m_proxy,proxy_from_four_6h_tmin_tmax_midranges,16,planned,/storage/raj.ayush/s2s_final_data/final_iteration/raw/ncep/forecast/jjas2021/surface/cf/20210815.grib,e5205c36497a7a05ed3a56189affc41b47acea95ce938c7ff1462cf9b93692c8
ncep,forecast,2021-08-15,pf,tp+t2m_proxy,proxy_from_four_6h_tmin_tmax_midranges,16,planned,/storage/raj.ayush/s2s_final_data/final_iteration/raw/ncep/forecast/jjas2021/surface/pf/20210815.grib,f781b23161e079cf490ab9eb4fae378c28fadbc4473663e345565bbbda26a1ce
ncep,forecast,2021-08-18,cf,tp+t2m_proxy,proxy_from_four_6h_tmin_tmax_midranges,16,planned,/storage/raj.ayush/s2s_final_data/final_iteration/raw/ncep/forecast/jjas2021/surface/cf/20210818.grib,dcef392083618ea3e006a2b5e46b98fb15046e96ddb5b1be2889a83c2eb38ccf
ncep,forecast,2021-08-18,pf,tp+t2m_proxy,proxy_from_four_6h_tmin_tmax_midranges,16,planned,/storage/raj.ayush/s2s_final_data/final_iteration/raw/ncep/forecast/jjas2021/surface/pf/20210818.grib,049ff8d25f49620518a3b2cc6211f7cf9255e043b6cee9ebac600787e5e79a86
ncep,forecast,2021-08-22,cf,tp+t2m_proxy,proxy_from_four_6h_tmin_tmax_midranges,16,planned,/storage/raj.ayush/s2s_final_data/final_iteration/raw/ncep/forecast/jjas2021/surface/cf/20210822.grib,c9d3427597f9a402dba5524f6928e23b8d73baf62891afec1e49931cf886ccd1
ncep,forecast,2021-08-22,pf,tp+t2m_proxy,proxy_from_four_6h_tmin_tmax_midranges,16,planned,/storage/raj.ayush/s2s_final_data/final_iteration/raw/ncep/forecast/jjas2021/surface/pf/20210822.grib,6024b61043c187461eb458d9d76450c5553c76aa940e5a21ae303aa3f4049016
ncep,forecast,2021-08-25,cf,tp+t2m_proxy,proxy_from_four_6h_tmin_tmax_midranges,16,planned,/storage/raj.ayush/s2s_final_data/final_iteration/raw/ncep/forecast/jjas2021/surface/cf/20210825.grib,4c8aa51a0938627ab0da7bd8a150245836e78598d1e255aceeef3a9139be143b
ncep,forecast,2021-08-25,pf,tp+t2m_proxy,proxy_from_four_6h_tmin_tmax_midranges,16,planned,/storage/raj.ayush/s2s_final_data/final_iteration/raw/ncep/forecast/jjas2021/surface/pf/20210825.grib,acbc99f02c027806c40b846b4a707801cb58c7a2b5a3ff1a7e135bb1b1e0e16b
ncep,forecast,2021-08-29,cf,tp+t2m_proxy,proxy_from_four_6h_tmin_tmax_midranges,16,planned,/storage/raj.ayush/s2s_final_data/final_iteration/raw/ncep/forecast/jjas2021/surface/cf/20210829.grib,61847933c7cbd862f59de88a2e0bc302c70e912a92b9ac37966ecab82b4853cd
ncep,forecast,2021-08-29,pf,tp+t2m_proxy,proxy_from_four_6h_tmin_tmax_midranges,16,planned,/storage/raj.ayush/s2s_final_data/final_iteration/raw/ncep/forecast/jjas2021/surface/pf/20210829.grib,5373a9dea618dd50458fc5c3fb51d37c5c6e799ca895692c47ea19dc109f0635
ncep,forecast,2021-09-01,cf,tp+t2m_proxy,proxy_from_four_6h_tmin_tmax_midranges,16,planned,/storage/raj.ayush/s2s_final_data/final_iteration/raw/ncep/forecast/jjas2021/surface/cf/20210901.grib,28f76142a4dbb3cd50b44d31f6ac1284977e856db405119b2bcf1e8dc045ba0a
ncep,forecast,2021-09-01,pf,tp+t2m_proxy,proxy_from_four_6h_tmin_tmax_midranges,16,planned,/storage/raj.ayush/s2s_final_data/final_iteration/raw/ncep/forecast/jjas2021/surface/pf/20210901.grib,3e2d019bde9a4d1eff5b5d073c43cfa4306441e4896a27bdfc3bfba4726d4d95
ncep,forecast,2021-09-05,cf,tp+t2m_proxy,proxy_from_four_6h_tmin_tmax_midranges,16,planned,/storage/raj.ayush/s2s_final_data/final_iteration/raw/ncep/forecast/jjas2021/surface/cf/20210905.grib,27fd1340d50eb5dbb6f687180ce26cf5873c5c1a15fba993dbebe026bdf4c2a0
ncep,forecast,2021-09-05,pf,tp+t2m_proxy,proxy_from_four_6h_tmin_tmax_midranges,16,planned,/storage/raj.ayush/s2s_final_data/final_iteration/raw/ncep/forecast/jjas2021/surface/pf/20210905.grib,285bf172ebf1ee493aa6264057861baef6682a8a71e480d1681ee909b79f5662
ncep,forecast,2021-09-08,cf,tp+t2m_proxy,proxy_from_four_6h_tmin_tmax_midranges,16,planned,/storage/raj.ayush/s2s_final_data/final_iteration/raw/ncep/forecast/jjas2021/surface/cf/20210908.grib,ab8913d24aef6ed4423b9cf7df59b8303c49eb38101aa4228ac2f935ed08228f
ncep,forecast,2021-09-08,pf,tp+t2m_proxy,proxy_from_four_6h_tmin_tmax_midranges,16,planned,/storage/raj.ayush/s2s_final_data/final_iteration/raw/ncep/forecast/jjas2021/surface/pf/20210908.grib,6cc727080d5553443665f8087bd1818e5d708a14c32220c8a0c9acd7a25fe8db
ncep,forecast,2021-09-12,cf,tp+t2m_proxy,proxy_from_four_6h_tmin_tmax_midranges,16,planned,/storage/raj.ayush/s2s_final_data/final_iteration/raw/ncep/forecast/jjas2021/surface/cf/20210912.grib,a8d0f1055fb12f7e041893a46245b138cb44709eb57018e1297a9df6e5616062
ncep,forecast,2021-09-12,pf,tp+t2m_proxy,proxy_from_four_6h_tmin_tmax_midranges,16,planned,/storage/raj.ayush/s2s_final_data/final_iteration/raw/ncep/forecast/jjas2021/surface/pf/20210912.grib,9dc2f5c8447b1406f09f1be1862cc601d49c338a5ab08db5b983b0a214eab716
ncep,forecast,2021-09-15,cf,tp+t2m_proxy,proxy_from_four_6h_tmin_tmax_midranges,16,planned,/storage/raj.ayush/s2s_final_data/final_iteration/raw/ncep/forecast/jjas2021/surface/cf/20210915.grib,538b498e95b75a80ffbc58f862f8f963a6e353eb5a0075f5d83290b3d3c67b4e
ncep,forecast,2021-09-15,pf,tp+t2m_proxy,proxy_from_four_6h_tmin_tmax_midranges,16,planned,/storage/raj.ayush/s2s_final_data/final_iteration/raw/ncep/forecast/jjas2021/surface/pf/20210915.grib,07ef6d6ff58bceddc9a22a0e643288332b13bf0eff6ae15cf33764447384e3cf
ncep,forecast,2021-09-19,cf,tp+t2m_proxy,proxy_from_four_6h_tmin_tmax_midranges,16,planned,/storage/raj.ayush/s2s_final_data/final_iteration/raw/ncep/forecast/jjas2021/surface/cf/20210919.grib,973efd5d9530ccde269379e501ef7b374d568e0046177f3001bac3d5d39b0ff5
ncep,forecast,2021-09-19,pf,tp+t2m_proxy,proxy_from_four_6h_tmin_tmax_midranges,16,planned,/storage/raj.ayush/s2s_final_data/final_iteration/raw/ncep/forecast/jjas2021/surface/pf/20210919.grib,1b263a1d401bb812b1dcb6eb2a7540298893bc46f986cbf33415c71fdfe6b2e6
ncep,forecast,2021-09-22,cf,tp+t2m_proxy,proxy_from_four_6h_tmin_tmax_midranges,16,planned,/storage/raj.ayush/s2s_final_data/final_iteration/raw/ncep/forecast/jjas2021/surface/cf/20210922.grib,63717a9e17572b4d8320638994f34c0ce4cb6e3f32d9f07c9b0b2a8a5137bd74
ncep,forecast,2021-09-22,pf,tp+t2m_proxy,proxy_from_four_6h_tmin_tmax_midranges,16,planned,/storage/raj.ayush/s2s_final_data/final_iteration/raw/ncep/forecast/jjas2021/surface/pf/20210922.grib,9bca9bb8ac2307b719fa84be05e53a7c7e906569a2e0a9be9fd768a5e566f08b
ncep,forecast,2021-09-26,cf,tp+t2m_proxy,proxy_from_four_6h_tmin_tmax_midranges,16,planned,/storage/raj.ayush/s2s_final_data/final_iteration/raw/ncep/forecast/jjas2021/surface/cf/20210926.grib,0ba1255ce649a3af2db39e9403a863496a594f22b16377aa07c02eecb684d200
ncep,forecast,2021-09-26,pf,tp+t2m_proxy,proxy_from_four_6h_tmin_tmax_midranges,16,planned,/storage/raj.ayush/s2s_final_data/final_iteration/raw/ncep/forecast/jjas2021/surface/pf/20210926.grib,2a9fa7e70e9d2e36d32586c492323de8b86faf4e4cd806e626544d6557c73faf
ncep,forecast,2021-09-29,cf,tp+t2m_proxy,proxy_from_four_6h_tmin_tmax_midranges,16,planned,/storage/raj.ayush/s2s_final_data/final_iteration/raw/ncep/forecast/jjas2021/surface/cf/20210929.grib,db1051825e0967410af2e878e1bae591012278e723927312e650830627bbba21
ncep,forecast,2021-09-29,pf,tp+t2m_proxy,proxy_from_four_6h_tmin_tmax_midranges,16,planned,/storage/raj.ayush/s2s_final_data/final_iteration/raw/ncep/forecast/jjas2021/surface/pf/20210929.grib,8ec76aba120c5b5abd6cbf1bacdd212689b62b2b55e0fbf9d59a57f1c22fe200
ncep,forecast,2022-06-02,cf,tp+t2m_proxy,proxy_from_four_6h_tmin_tmax_midranges,16,planned,/storage/raj.ayush/s2s_final_data/final_iteration/raw/ncep/forecast/jjas2022/surface/cf/20220602.grib,a40f2eb23e5376d0fc4fad911d71562cc335978380546a9fc6e9349ff64ab5c1
ncep,forecast,2022-06-02,pf,tp+t2m_proxy,proxy_from_four_6h_tmin_tmax_midranges,16,planned,/storage/raj.ayush/s2s_final_data/final_iteration/raw/ncep/forecast/jjas2022/surface/pf/20220602.grib,ae18e4a5ffc8d55a82638362e6e23649569d1bd06d5631fe38ec53ea272403f8
ncep,forecast,2022-06-06,cf,tp+t2m_proxy,proxy_from_four_6h_tmin_tmax_midranges,16,planned,/storage/raj.ayush/s2s_final_data/final_iteration/raw/ncep/forecast/jjas2022/surface/cf/20220606.grib,514b543bab210e84d489585929cd1e9d583a321fd0e6e9ffbdfc3416242cf67e
ncep,forecast,2022-06-06,pf,tp+t2m_proxy,proxy_from_four_6h_tmin_tmax_midranges,16,planned,/storage/raj.ayush/s2s_final_data/final_iteration/raw/ncep/forecast/jjas2022/surface/pf/20220606.grib,d8f880f57b3b384778208228eec55ef0f5fe6ec4616cc92821f5db5e2fb4ddc6
ncep,forecast,2022-06-09,cf,tp+t2m_proxy,proxy_from_four_6h_tmin_tmax_midranges,16,planned,/storage/raj.ayush/s2s_final_data/final_iteration/raw/ncep/forecast/jjas2022/surface/cf/20220609.grib,2194b1302f074192c213c0b5439e6ba9f00a167fa734818a09ca9e042b7ec08d
ncep,forecast,2022-06-09,pf,tp+t2m_proxy,proxy_from_four_6h_tmin_tmax_midranges,16,planned,/storage/raj.ayush/s2s_final_data/final_iteration/raw/ncep/forecast/jjas2022/surface/pf/20220609.grib,a83bc301477ce6b21f229883b1d43480f8dc2037590f5014b177b3eeff9b7525
ncep,forecast,2022-06-13,cf,tp+t2m_proxy,proxy_from_four_6h_tmin_tmax_midranges,16,planned,/storage/raj.ayush/s2s_final_data/final_iteration/raw/ncep/forecast/jjas2022/surface/cf/20220613.grib,742685cb8e342c924790f42ee0fd96a8293d3823cb15eca8191d268cb421ceb4
ncep,forecast,2022-06-13,pf,tp+t2m_proxy,proxy_from_four_6h_tmin_tmax_midranges,16,planned,/storage/raj.ayush/s2s_final_data/final_iteration/raw/ncep/forecast/jjas2022/surface/pf/20220613.grib,381adb3f812dc1cab35e64d16dbdab6b2848abaac692b4448724b2681047333b
ncep,forecast,2022-06-16,cf,tp+t2m_proxy,proxy_from_four_6h_tmin_tmax_midranges,16,planned,/storage/raj.ayush/s2s_final_data/final_iteration/raw/ncep/forecast/jjas2022/surface/cf/20220616.grib,33a4e0bd8e454be6d49ef2fdf645ca1313e2f7f1586b3ea844b3706b6ca81e87
ncep,forecast,2022-06-16,pf,tp+t2m_proxy,proxy_from_four_6h_tmin_tmax_midranges,16,planned,/storage/raj.ayush/s2s_final_data/final_iteration/raw/ncep/forecast/jjas2022/surface/pf/20220616.grib,65c7120e1032e628c662f4468861cc2d1fe4d4ca44df01b0672c1a86cb382753
ncep,forecast,2022-06-20,cf,tp+t2m_proxy,proxy_from_four_6h_tmin_tmax_midranges,16,planned,/storage/raj.ayush/s2s_final_data/final_iteration/raw/ncep/forecast/jjas2022/surface/cf/20220620.grib,dcb58c6d6ae2659c612a9e0d3f3167b2ff68e98d6f9c882b3d8047655e875b9d
ncep,forecast,2022-06-20,pf,tp+t2m_proxy,proxy_from_four_6h_tmin_tmax_midranges,16,planned,/storage/raj.ayush/s2s_final_data/final_iteration/raw/ncep/forecast/jjas2022/surface/pf/20220620.grib,9c1ab830d45156ba87ea672f4cf87adadda9d42350c1f7df93bc60512b49c70b
ncep,forecast,2022-06-23,cf,tp+t2m_proxy,proxy_from_four_6h_tmin_tmax_midranges,16,planned,/storage/raj.ayush/s2s_final_data/final_iteration/raw/ncep/forecast/jjas2022/surface/cf/20220623.grib,9b99d6cb7e414fdc54b240d50f06f802453fe26c026ffb2e3670e3b7c4c0eb40
ncep,forecast,2022-06-23,pf,tp+t2m_proxy,proxy_from_four_6h_tmin_tmax_midranges,16,planned,/storage/raj.ayush/s2s_final_data/final_iteration/raw/ncep/forecast/jjas2022/surface/pf/20220623.grib,b338573d9174dca3084fcbfa7e75fd48a0664372c26d18d5f3cf774130c67cb2
ncep,forecast,2022-06-27,cf,tp+t2m_proxy,proxy_from_four_6h_tmin_tmax_midranges,16,planned,/storage/raj.ayush/s2s_final_data/final_iteration/raw/ncep/forecast/jjas2022/surface/cf/20220627.grib,794022427917eb17c00d507598aaf306003b50a52937f1c4e20127731f900525
ncep,forecast,2022-06-27,pf,tp+t2m_proxy,proxy_from_four_6h_tmin_tmax_midranges,16,planned,/storage/raj.ayush/s2s_final_data/final_iteration/raw/ncep/forecast/jjas2022/surface/pf/20220627.grib,4fb4df1f8d7a63a28173f334422e6e97f020d64fdd97298602ac3f31823db059
ncep,forecast,2022-06-30,cf,tp+t2m_proxy,proxy_from_four_6h_tmin_tmax_midranges,16,planned,/storage/raj.ayush/s2s_final_data/final_iteration/raw/ncep/forecast/jjas2022/surface/cf/20220630.grib,51621d5f4ab6bf09fdcaab47075f46421f580ae1d8f9c6b5acff56a4a8d7a6b7
ncep,forecast,2022-06-30,pf,tp+t2m_proxy,proxy_from_four_6h_tmin_tmax_midranges,16,planned,/storage/raj.ayush/s2s_final_data/final_iteration/raw/ncep/forecast/jjas2022/surface/pf/20220630.grib,4b9db0d4338250bc5aaaa7c404723814264d51d4fa783b19bff52ccc908985b8
ncep,forecast,2022-07-04,cf,tp+t2m_proxy,proxy_from_four_6h_tmin_tmax_midranges,16,planned,/storage/raj.ayush/s2s_final_data/final_iteration/raw/ncep/forecast/jjas2022/surface/cf/20220704.grib,1180fb267224dbf990fee1f5d1baf49f4fa84f502dfcd95ab4f4fd4fcddd1f2d
ncep,forecast,2022-07-04,pf,tp+t2m_proxy,proxy_from_four_6h_tmin_tmax_midranges,16,planned,/storage/raj.ayush/s2s_final_data/final_iteration/raw/ncep/forecast/jjas2022/surface/pf/20220704.grib,4b999d5cc818aec4e9b9039b052b31760fa540cdb85c8ddd6a166627b3519960
ncep,forecast,2022-07-07,cf,tp+t2m_proxy,proxy_from_four_6h_tmin_tmax_midranges,16,planned,/storage/raj.ayush/s2s_final_data/final_iteration/raw/ncep/forecast/jjas2022/surface/cf/20220707.grib,0eb9586c689ffd2a94f72e1fdb9cca250a5df316c0e14d5d7e25c6578a124ab4
ncep,forecast,2022-07-07,pf,tp+t2m_proxy,proxy_from_four_6h_tmin_tmax_midranges,16,planned,/storage/raj.ayush/s2s_final_data/final_iteration/raw/ncep/forecast/jjas2022/surface/pf/20220707.grib,e56d22b3557d2517af457be2e5b835a414a1c5d1a802add2c79aac641e33ddb4
ncep,forecast,2022-07-11,cf,tp+t2m_proxy,proxy_from_four_6h_tmin_tmax_midranges,16,planned,/storage/raj.ayush/s2s_final_data/final_iteration/raw/ncep/forecast/jjas2022/surface/cf/20220711.grib,fca4c5266b8337eb01346b21b8b412965556d215037860262b2bae2c3eed2253
ncep,forecast,2022-07-11,pf,tp+t2m_proxy,proxy_from_four_6h_tmin_tmax_midranges,16,planned,/storage/raj.ayush/s2s_final_data/final_iteration/raw/ncep/forecast/jjas2022/surface/pf/20220711.grib,7bce692aedaecc09f9912b8dfc312fa61af98a00517566c59a79779edd7808af
ncep,forecast,2022-07-14,cf,tp+t2m_proxy,proxy_from_four_6h_tmin_tmax_midranges,16,planned,/storage/raj.ayush/s2s_final_data/final_iteration/raw/ncep/forecast/jjas2022/surface/cf/20220714.grib,7b1cba455a0e74461fa533c1704d6b671bcc16f0c78f8dcdbeda5f4292b1994c
ncep,forecast,2022-07-14,pf,tp+t2m_proxy,proxy_from_four_6h_tmin_tmax_midranges,16,planned,/storage/raj.ayush/s2s_final_data/final_iteration/raw/ncep/forecast/jjas2022/surface/pf/20220714.grib,71180068dd25b8d0fc53c763a046a994bdeefaf38ddb56354ed5a0cfaf2a5a60
ncep,forecast,2022-07-18,cf,tp+t2m_proxy,proxy_from_four_6h_tmin_tmax_midranges,16,planned,/storage/raj.ayush/s2s_final_data/final_iteration/raw/ncep/forecast/jjas2022/surface/cf/20220718.grib,e5e36d1822f546e7855b21295083ed656227865c517f3ef927e31f7a6df67296
ncep,forecast,2022-07-18,pf,tp+t2m_proxy,proxy_from_four_6h_tmin_tmax_midranges,16,planned,/storage/raj.ayush/s2s_final_data/final_iteration/raw/ncep/forecast/jjas2022/surface/pf/20220718.grib,ccff2b3cc67cd3eca77700159b1c77b7e9760e9589774cf979a902dd9465bbca
ncep,forecast,2022-07-21,cf,tp+t2m_proxy,proxy_from_four_6h_tmin_tmax_midranges,16,planned,/storage/raj.ayush/s2s_final_data/final_iteration/raw/ncep/forecast/jjas2022/surface/cf/20220721.grib,919c0d3e788e16ead787e901a9796f9dd5b60bae7ced72dadfba978d7deea69c
ncep,forecast,2022-07-21,pf,tp+t2m_proxy,proxy_from_four_6h_tmin_tmax_midranges,16,planned,/storage/raj.ayush/s2s_final_data/final_iteration/raw/ncep/forecast/jjas2022/surface/pf/20220721.grib,6d5a13b2324a142cc476edb1f71c12a9cc4dc4dfcdfb2220af1560be9c4bc5a9
ncep,forecast,2022-07-25,cf,tp+t2m_proxy,proxy_from_four_6h_tmin_tmax_midranges,16,planned,/storage/raj.ayush/s2s_final_data/final_iteration/raw/ncep/forecast/jjas2022/surface/cf/20220725.grib,389ea2a9bb52cbde377757e9a885c2aeceafbe1e34eeed78ce4ca60e273b7efc
ncep,forecast,2022-07-25,pf,tp+t2m_proxy,proxy_from_four_6h_tmin_tmax_midranges,16,planned,/storage/raj.ayush/s2s_final_data/final_iteration/raw/ncep/forecast/jjas2022/surface/pf/20220725.grib,c48d99a838b1b0d8a829278afc97016f7bcf8f4b01c8ec7826ae400d4ef3c43f
ncep,forecast,2022-07-28,cf,tp+t2m_proxy,proxy_from_four_6h_tmin_tmax_midranges,16,planned,/storage/raj.ayush/s2s_final_data/final_iteration/raw/ncep/forecast/jjas2022/surface/cf/20220728.grib,6f8b527c623b5b03eb84f1e3fe85a2303f7c31a8ac1e42818a6b80e3e16083eb
ncep,forecast,2022-07-28,pf,tp+t2m_proxy,proxy_from_four_6h_tmin_tmax_midranges,16,planned,/storage/raj.ayush/s2s_final_data/final_iteration/raw/ncep/forecast/jjas2022/surface/pf/20220728.grib,ee00bb5b547c29ec86004a07f586a5ea1cc5ba64cb49d71450ed98bc3f2dcfe0
ncep,forecast,2022-08-01,cf,tp+t2m_proxy,proxy_from_four_6h_tmin_tmax_midranges,16,planned,/storage/raj.ayush/s2s_final_data/final_iteration/raw/ncep/forecast/jjas2022/surface/cf/20220801.grib,a8410de1ad1cea0bd970727343ddf0383b6f40154205bea9c031833a0f1c3a74
ncep,forecast,2022-08-01,pf,tp+t2m_proxy,proxy_from_four_6h_tmin_tmax_midranges,16,planned,/storage/raj.ayush/s2s_final_data/final_iteration/raw/ncep/forecast/jjas2022/surface/pf/20220801.grib,4a833f51a7fa2adefbd8ef9e2d5989981bb4074137643f1133801999ec71629d
ncep,forecast,2022-08-04,cf,tp+t2m_proxy,proxy_from_four_6h_tmin_tmax_midranges,16,planned,/storage/raj.ayush/s2s_final_data/final_iteration/raw/ncep/forecast/jjas2022/surface/cf/20220804.grib,8a1c6127ea3f78fe92311f3624d058300e5c6596bf5a902eb986426fdb3c301f
ncep,forecast,2022-08-04,pf,tp+t2m_proxy,proxy_from_four_6h_tmin_tmax_midranges,16,planned,/storage/raj.ayush/s2s_final_data/final_iteration/raw/ncep/forecast/jjas2022/surface/pf/20220804.grib,cd432f546afa7aa16a3d9b994922a1b961117f69b086bd3faa523eae84e7a8e6
ncep,forecast,2022-08-08,cf,tp+t2m_proxy,proxy_from_four_6h_tmin_tmax_midranges,16,planned,/storage/raj.ayush/s2s_final_data/final_iteration/raw/ncep/forecast/jjas2022/surface/cf/20220808.grib,36f2e6ee1a61e0cb5789d2ab2c2ae0037f7f7c96569f6a824a0e38f68f24f84a
ncep,forecast,2022-08-08,pf,tp+t2m_proxy,proxy_from_four_6h_tmin_tmax_midranges,16,planned,/storage/raj.ayush/s2s_final_data/final_iteration/raw/ncep/forecast/jjas2022/surface/pf/20220808.grib,f6dfe340d455cc8d98e7dcbf8c664aaf10b5873df4b50bcce789063050b80ea9
ncep,forecast,2022-08-11,cf,tp+t2m_proxy,proxy_from_four_6h_tmin_tmax_midranges,16,planned,/storage/raj.ayush/s2s_final_data/final_iteration/raw/ncep/forecast/jjas2022/surface/cf/20220811.grib,59954ea5e2962be49a0ac77bbbfb057f4d5253b2483498a53d87fc85841a04cb
ncep,forecast,2022-08-11,pf,tp+t2m_proxy,proxy_from_four_6h_tmin_tmax_midranges,16,planned,/storage/raj.ayush/s2s_final_data/final_iteration/raw/ncep/forecast/jjas2022/surface/pf/20220811.grib,a3884c3674302f0f00a4bd97354040792325d27edf9768a512a35f06d990bda5
ncep,forecast,2022-08-15,cf,tp+t2m_proxy,proxy_from_four_6h_tmin_tmax_midranges,16,planned,/storage/raj.ayush/s2s_final_data/final_iteration/raw/ncep/forecast/jjas2022/surface/cf/20220815.grib,074b2dfcd72da6cc9cffeb1fcf9a8a5772b189caeb119431b90af662eecf19bd
ncep,forecast,2022-08-15,pf,tp+t2m_proxy,proxy_from_four_6h_tmin_tmax_midranges,16,planned,/storage/raj.ayush/s2s_final_data/final_iteration/raw/ncep/forecast/jjas2022/surface/pf/20220815.grib,bf7e54bd13fe96f4f80caa5d853cc493a620a6bb7c8edac11576ae298db93972
ncep,forecast,2022-08-18,cf,tp+t2m_proxy,proxy_from_four_6h_tmin_tmax_midranges,16,planned,/storage/raj.ayush/s2s_final_data/final_iteration/raw/ncep/forecast/jjas2022/surface/cf/20220818.grib,aa0b7f9c49990ff6c815637a6de1ff3a5f08158794820f43d0421c0e7caebc29
ncep,forecast,2022-08-18,pf,tp+t2m_proxy,proxy_from_four_6h_tmin_tmax_midranges,16,planned,/storage/raj.ayush/s2s_final_data/final_iteration/raw/ncep/forecast/jjas2022/surface/pf/20220818.grib,68d457b27b82278ece0527644568b84be9f1baf2ccf14f69a95e3ecba12e64cb
ncep,forecast,2022-08-22,cf,tp+t2m_proxy,proxy_from_four_6h_tmin_tmax_midranges,16,planned,/storage/raj.ayush/s2s_final_data/final_iteration/raw/ncep/forecast/jjas2022/surface/cf/20220822.grib,919e5ceb397dc99703e3f82d808f1e4e955246c6ffe974865fefc78f2433b671
ncep,forecast,2022-08-22,pf,tp+t2m_proxy,proxy_from_four_6h_tmin_tmax_midranges,16,planned,/storage/raj.ayush/s2s_final_data/final_iteration/raw/ncep/forecast/jjas2022/surface/pf/20220822.grib,3ef88e6f375f905b3c3f73fb85db10786775a85e751f38d58272f046c86154e3
ncep,forecast,2022-08-25,cf,tp+t2m_proxy,proxy_from_four_6h_tmin_tmax_midranges,16,planned,/storage/raj.ayush/s2s_final_data/final_iteration/raw/ncep/forecast/jjas2022/surface/cf/20220825.grib,8fb0d8107f4d97148637277492319d3236d86bba88b37fe5fa2a483d77dcd479
ncep,forecast,2022-08-25,pf,tp+t2m_proxy,proxy_from_four_6h_tmin_tmax_midranges,16,planned,/storage/raj.ayush/s2s_final_data/final_iteration/raw/ncep/forecast/jjas2022/surface/pf/20220825.grib,78da767e9acb0142126d87ec10e08811021c5fa63d74e46a24eee04b9d7b2e4b
ncep,forecast,2022-08-29,cf,tp+t2m_proxy,proxy_from_four_6h_tmin_tmax_midranges,16,planned,/storage/raj.ayush/s2s_final_data/final_iteration/raw/ncep/forecast/jjas2022/surface/cf/20220829.grib,af3a205be1b28891f63c167190544b151140462d31f4b8abd3aabe866f9e9467
ncep,forecast,2022-08-29,pf,tp+t2m_proxy,proxy_from_four_6h_tmin_tmax_midranges,16,planned,/storage/raj.ayush/s2s_final_data/final_iteration/raw/ncep/forecast/jjas2022/surface/pf/20220829.grib,25cfa6529d23aade9590c1165da2c271045cce9c28f54f4f3455786a41603f5e
ncep,forecast,2022-09-01,cf,tp+t2m_proxy,proxy_from_four_6h_tmin_tmax_midranges,16,planned,/storage/raj.ayush/s2s_final_data/final_iteration/raw/ncep/forecast/jjas2022/surface/cf/20220901.grib,63bbac4d679edbfd065f5ee6b419f481fcc6a33e0f501fc8ec1efdbc9211974e
ncep,forecast,2022-09-01,pf,tp+t2m_proxy,proxy_from_four_6h_tmin_tmax_midranges,16,planned,/storage/raj.ayush/s2s_final_data/final_iteration/raw/ncep/forecast/jjas2022/surface/pf/20220901.grib,e2e9deeef798f52e3f68e01b6ae8bbc21fe919b64c0d5f97905101215e97fa9e
ncep,forecast,2022-09-05,cf,tp+t2m_proxy,proxy_from_four_6h_tmin_tmax_midranges,16,planned,/storage/raj.ayush/s2s_final_data/final_iteration/raw/ncep/forecast/jjas2022/surface/cf/20220905.grib,f50d75af381a0130f1bac4abb079cd62d54f06809e920a3423153590750c8358
ncep,forecast,2022-09-05,pf,tp+t2m_proxy,proxy_from_four_6h_tmin_tmax_midranges,16,planned,/storage/raj.ayush/s2s_final_data/final_iteration/raw/ncep/forecast/jjas2022/surface/pf/20220905.grib,cc26f5a1c8415977f808c41b210f7eda1ad28d49332947560eff8abf69bd0c17
ncep,forecast,2022-09-08,cf,tp+t2m_proxy,proxy_from_four_6h_tmin_tmax_midranges,16,planned,/storage/raj.ayush/s2s_final_data/final_iteration/raw/ncep/forecast/jjas2022/surface/cf/20220908.grib,adcf2e3b49443647047bf73fba7d8967027e9735c44eade0f10a7ff4d92b6229
ncep,forecast,2022-09-08,pf,tp+t2m_proxy,proxy_from_four_6h_tmin_tmax_midranges,16,planned,/storage/raj.ayush/s2s_final_data/final_iteration/raw/ncep/forecast/jjas2022/surface/pf/20220908.grib,db8f11ea2de11adf0e0adc08ab817c7a8da973970c6fad236eab8a55e6ec440d
ncep,forecast,2022-09-12,cf,tp+t2m_proxy,proxy_from_four_6h_tmin_tmax_midranges,16,planned,/storage/raj.ayush/s2s_final_data/final_iteration/raw/ncep/forecast/jjas2022/surface/cf/20220912.grib,fe0dc161fa8f4991cd3924377324c350ab6771583634fd36e186e7fedd7b4f2a
ncep,forecast,2022-09-12,pf,tp+t2m_proxy,proxy_from_four_6h_tmin_tmax_midranges,16,planned,/storage/raj.ayush/s2s_final_data/final_iteration/raw/ncep/forecast/jjas2022/surface/pf/20220912.grib,30f02d3ab906c09f214fe719faa68c86705af9753cf61ce32d18a5c98b7d8766
ncep,forecast,2022-09-15,cf,tp+t2m_proxy,proxy_from_four_6h_tmin_tmax_midranges,16,planned,/storage/raj.ayush/s2s_final_data/final_iteration/raw/ncep/forecast/jjas2022/surface/cf/20220915.grib,b4c5a0c6aa53a9db7846e8dd125c8adf19578d0d0edbcd14049e3e657fea3589
ncep,forecast,2022-09-15,pf,tp+t2m_proxy,proxy_from_four_6h_tmin_tmax_midranges,16,planned,/storage/raj.ayush/s2s_final_data/final_iteration/raw/ncep/forecast/jjas2022/surface/pf/20220915.grib,b9f2a196a7c17a443342896abe52f486d0eee4f11b143bb5f9b663c738a8536d
ncep,forecast,2022-09-19,cf,tp+t2m_proxy,proxy_from_four_6h_tmin_tmax_midranges,16,planned,/storage/raj.ayush/s2s_final_data/final_iteration/raw/ncep/forecast/jjas2022/surface/cf/20220919.grib,eff1fa690002e27242452598252ecc843b74e1d3f6f2dfd9d1c7f171a0b5f073
ncep,forecast,2022-09-19,pf,tp+t2m_proxy,proxy_from_four_6h_tmin_tmax_midranges,16,planned,/storage/raj.ayush/s2s_final_data/final_iteration/raw/ncep/forecast/jjas2022/surface/pf/20220919.grib,740d7eabdfb2984b856e0768d3598d0306bfc25d0337b8c7e6605e5be4042f99
ncep,forecast,2022-09-22,cf,tp+t2m_proxy,proxy_from_four_6h_tmin_tmax_midranges,16,planned,/storage/raj.ayush/s2s_final_data/final_iteration/raw/ncep/forecast/jjas2022/surface/cf/20220922.grib,029c7694737422b6deb1a6c845300deb48cd6f38f0ee8e10919aed1a8b186bc4
ncep,forecast,2022-09-22,pf,tp+t2m_proxy,proxy_from_four_6h_tmin_tmax_midranges,16,planned,/storage/raj.ayush/s2s_final_data/final_iteration/raw/ncep/forecast/jjas2022/surface/pf/20220922.grib,317a112d3f45e0f43d18a7893cdbe575ad043f61ec004a48e4bc7da061527719
ncep,forecast,2022-09-26,cf,tp+t2m_proxy,proxy_from_four_6h_tmin_tmax_midranges,16,planned,/storage/raj.ayush/s2s_final_data/final_iteration/raw/ncep/forecast/jjas2022/surface/cf/20220926.grib,1a5eab02c297e2332f7d6ce42820c1296993c45edea23604977ac6cb28ff3219
ncep,forecast,2022-09-26,pf,tp+t2m_proxy,proxy_from_four_6h_tmin_tmax_midranges,16,planned,/storage/raj.ayush/s2s_final_data/final_iteration/raw/ncep/forecast/jjas2022/surface/pf/20220926.grib,a1b7758c1acf5054cdb93520e787914f9ef56edab5bb8edd4b922ec613a710c2
ncep,forecast,2022-09-29,cf,tp+t2m_proxy,proxy_from_four_6h_tmin_tmax_midranges,16,planned,/storage/raj.ayush/s2s_final_data/final_iteration/raw/ncep/forecast/jjas2022/surface/cf/20220929.grib,948a90a1375817aa2219c4a8a7428f4a97850452c11799025976f599543cb215
ncep,forecast,2022-09-29,pf,tp+t2m_proxy,proxy_from_four_6h_tmin_tmax_midranges,16,planned,/storage/raj.ayush/s2s_final_data/final_iteration/raw/ncep/forecast/jjas2022/surface/pf/20220929.grib,06cde163d1628135bbfc0dbd7a3d40935448891069fc7fe16d8ba735a621a108
ncep,forecast,2023-06-02,cf,tp+t2m_proxy,proxy_from_four_6h_tmin_tmax_midranges,16,planned,/storage/raj.ayush/s2s_final_data/final_iteration/raw/ncep/forecast/jjas2023/surface/cf/20230602.grib,224595ddcadd65b31fbc7c13f7b75f03161b2974ff44cc463d26405c44db82f5
ncep,forecast,2023-06-02,pf,tp+t2m_proxy,proxy_from_four_6h_tmin_tmax_midranges,16,planned,/storage/raj.ayush/s2s_final_data/final_iteration/raw/ncep/forecast/jjas2023/surface/pf/20230602.grib,a6f4322521f267dbbeb896f4cf0ae26e7c90d56d15d6ba0e12613c570fa879d1
ncep,forecast,2023-06-06,cf,tp+t2m_proxy,proxy_from_four_6h_tmin_tmax_midranges,16,planned,/storage/raj.ayush/s2s_final_data/final_iteration/raw/ncep/forecast/jjas2023/surface/cf/20230606.grib,e6f307012d12f7c7325f5225eb7cde01a4f6d5b0a2f9d060abd71a6541be1bd7
ncep,forecast,2023-06-06,pf,tp+t2m_proxy,proxy_from_four_6h_tmin_tmax_midranges,16,planned,/storage/raj.ayush/s2s_final_data/final_iteration/raw/ncep/forecast/jjas2023/surface/pf/20230606.grib,68d7e2c687f7749dca9e6bd96de8e275843ac7229089c133702751368b70686e
ncep,forecast,2023-06-09,cf,tp+t2m_proxy,proxy_from_four_6h_tmin_tmax_midranges,16,planned,/storage/raj.ayush/s2s_final_data/final_iteration/raw/ncep/forecast/jjas2023/surface/cf/20230609.grib,28cbbc70c41efb1e2d2aeeb6ec3b33f47dc765cf4343f9f788253613f0f6fa69
ncep,forecast,2023-06-09,pf,tp+t2m_proxy,proxy_from_four_6h_tmin_tmax_midranges,16,planned,/storage/raj.ayush/s2s_final_data/final_iteration/raw/ncep/forecast/jjas2023/surface/pf/20230609.grib,35f06e1f0655a10a582613d31d7e2c003d31bd7dca9981e435f72881b0055023
ncep,forecast,2023-06-13,cf,tp+t2m_proxy,proxy_from_four_6h_tmin_tmax_midranges,16,planned,/storage/raj.ayush/s2s_final_data/final_iteration/raw/ncep/forecast/jjas2023/surface/cf/20230613.grib,4a08d76b8b5d71164ef75ec0114041b0a582cbf8c9c6c6a412fcd085058d00dd
ncep,forecast,2023-06-13,pf,tp+t2m_proxy,proxy_from_four_6h_tmin_tmax_midranges,16,planned,/storage/raj.ayush/s2s_final_data/final_iteration/raw/ncep/forecast/jjas2023/surface/pf/20230613.grib,8846ab2860c108b2414e518247148597968f34a2be2ee9202d9eb35778b72fec
ncep,forecast,2023-06-16,cf,tp+t2m_proxy,proxy_from_four_6h_tmin_tmax_midranges,16,planned,/storage/raj.ayush/s2s_final_data/final_iteration/raw/ncep/forecast/jjas2023/surface/cf/20230616.grib,1550d8b218be5d2c894c8eabb04c404f691d0ebe41ff3d02476ba77a4ee4cfba
ncep,forecast,2023-06-16,pf,tp+t2m_proxy,proxy_from_four_6h_tmin_tmax_midranges,16,planned,/storage/raj.ayush/s2s_final_data/final_iteration/raw/ncep/forecast/jjas2023/surface/pf/20230616.grib,28433f201760efede4a50ef1a4c47ef80e533fd32ec9a3961e307be69f092518
ncep,forecast,2023-06-20,cf,tp+t2m_proxy,proxy_from_four_6h_tmin_tmax_midranges,16,planned,/storage/raj.ayush/s2s_final_data/final_iteration/raw/ncep/forecast/jjas2023/surface/cf/20230620.grib,63f893ea53d658f30ba96e88e354eebd4d5e7acbede20e443dcdbcc648ee8e67
ncep,forecast,2023-06-20,pf,tp+t2m_proxy,proxy_from_four_6h_tmin_tmax_midranges,16,planned,/storage/raj.ayush/s2s_final_data/final_iteration/raw/ncep/forecast/jjas2023/surface/pf/20230620.grib,ad70ad66ebd36459097b65131ae5b93840c8dec3a8e4990294fb62bd577e8648
ncep,forecast,2023-06-23,cf,tp+t2m_proxy,proxy_from_four_6h_tmin_tmax_midranges,16,planned,/storage/raj.ayush/s2s_final_data/final_iteration/raw/ncep/forecast/jjas2023/surface/cf/20230623.grib,3fe4acd0b8d493b2400555723a08304af494ed79f4b767860b89620640b3fa90
ncep,forecast,2023-06-23,pf,tp+t2m_proxy,proxy_from_four_6h_tmin_tmax_midranges,16,planned,/storage/raj.ayush/s2s_final_data/final_iteration/raw/ncep/forecast/jjas2023/surface/pf/20230623.grib,91e06bcae79a49b4ebe86fbb7d065c85e3ca8f44ba67a5f1f01a8e4ec2c81746
ncep,forecast,2023-06-27,cf,tp+t2m_proxy,proxy_from_four_6h_tmin_tmax_midranges,16,planned,/storage/raj.ayush/s2s_final_data/final_iteration/raw/ncep/forecast/jjas2023/surface/cf/20230627.grib,e70cda62af6da657aa9ea5385eaf805876a547ba2fe2c0f821c2e733b47703f4
ncep,forecast,2023-06-27,pf,tp+t2m_proxy,proxy_from_four_6h_tmin_tmax_midranges,16,planned,/storage/raj.ayush/s2s_final_data/final_iteration/raw/ncep/forecast/jjas2023/surface/pf/20230627.grib,e435ed9d9bc21f91a3d734d32af76785d48d70a3d778c14c9874cb1082e37657
ncep,forecast,2023-06-30,cf,tp+t2m_proxy,proxy_from_four_6h_tmin_tmax_midranges,16,planned,/storage/raj.ayush/s2s_final_data/final_iteration/raw/ncep/forecast/jjas2023/surface/cf/20230630.grib,ce6b91ecf3bba0401b4b4964bf2c9cc044f87b34f579f36e0a5d2af2d7c11159
ncep,forecast,2023-06-30,pf,tp+t2m_proxy,proxy_from_four_6h_tmin_tmax_midranges,16,planned,/storage/raj.ayush/s2s_final_data/final_iteration/raw/ncep/forecast/jjas2023/surface/pf/20230630.grib,6bf78a9cf5dc5ae1e9018f7cc4ed38b8d0b7849f65d265c13c0773341a6bae99
ncep,forecast,2023-07-04,cf,tp+t2m_proxy,proxy_from_four_6h_tmin_tmax_midranges,16,planned,/storage/raj.ayush/s2s_final_data/final_iteration/raw/ncep/forecast/jjas2023/surface/cf/20230704.grib,f3c712315cce1a3767e1c032c434bb83dc795ff9c8438cad6511fb3f6a1ac6c7
ncep,forecast,2023-07-04,pf,tp+t2m_proxy,proxy_from_four_6h_tmin_tmax_midranges,16,planned,/storage/raj.ayush/s2s_final_data/final_iteration/raw/ncep/forecast/jjas2023/surface/pf/20230704.grib,f66e680b7db40415ae70e0adfc904663c8dba97e796a28293a68593c61d84a20
ncep,forecast,2023-07-07,cf,tp+t2m_proxy,proxy_from_four_6h_tmin_tmax_midranges,16,planned,/storage/raj.ayush/s2s_final_data/final_iteration/raw/ncep/forecast/jjas2023/surface/cf/20230707.grib,a4495d96b8ad11fc4f7fa9fef5965f06e00b342d9664de367f8c92f544408a02
ncep,forecast,2023-07-07,pf,tp+t2m_proxy,proxy_from_four_6h_tmin_tmax_midranges,16,planned,/storage/raj.ayush/s2s_final_data/final_iteration/raw/ncep/forecast/jjas2023/surface/pf/20230707.grib,1b578b1cc3998d0dcc65a2ed3e2f78a1f50fdf4c17a850cf3416cb408da72e0c
ncep,forecast,2023-07-11,cf,tp+t2m_proxy,proxy_from_four_6h_tmin_tmax_midranges,16,planned,/storage/raj.ayush/s2s_final_data/final_iteration/raw/ncep/forecast/jjas2023/surface/cf/20230711.grib,56fe8f0fc925828bba51e0e010f2ff49c986d26bfe078230cad9247ba6d8d5f3
ncep,forecast,2023-07-11,pf,tp+t2m_proxy,proxy_from_four_6h_tmin_tmax_midranges,16,planned,/storage/raj.ayush/s2s_final_data/final_iteration/raw/ncep/forecast/jjas2023/surface/pf/20230711.grib,967f8bd21e326c4fc9208c1f43f6fbb1ae66239be5689c7b96853cf575332336
ncep,forecast,2023-07-14,cf,tp+t2m_proxy,proxy_from_four_6h_tmin_tmax_midranges,16,planned,/storage/raj.ayush/s2s_final_data/final_iteration/raw/ncep/forecast/jjas2023/surface/cf/20230714.grib,7cbb4668eefcc76a5e2779a842a90f7b5a4f1f76f53bfcbdd17643e8f4c69c84
ncep,forecast,2023-07-14,pf,tp+t2m_proxy,proxy_from_four_6h_tmin_tmax_midranges,16,planned,/storage/raj.ayush/s2s_final_data/final_iteration/raw/ncep/forecast/jjas2023/surface/pf/20230714.grib,8e9a615be45896f4eec604e056eb5efadf58fc3a138f66c446c944aefb3bac01
ncep,forecast,2023-07-18,cf,tp+t2m_proxy,proxy_from_four_6h_tmin_tmax_midranges,16,planned,/storage/raj.ayush/s2s_final_data/final_iteration/raw/ncep/forecast/jjas2023/surface/cf/20230718.grib,ad67997f4abeae22937c6ac85f16f41ae1cb24868f02db5dc7cf09119c81d2f2
ncep,forecast,2023-07-18,pf,tp+t2m_proxy,proxy_from_four_6h_tmin_tmax_midranges,16,planned,/storage/raj.ayush/s2s_final_data/final_iteration/raw/ncep/forecast/jjas2023/surface/pf/20230718.grib,7d8d868a6f5325a83f349ff03ba7533a167f17d95ba17df87f58b2bc10b65f03
ncep,forecast,2023-07-21,cf,tp+t2m_proxy,proxy_from_four_6h_tmin_tmax_midranges,16,planned,/storage/raj.ayush/s2s_final_data/final_iteration/raw/ncep/forecast/jjas2023/surface/cf/20230721.grib,2ffc540690660111c4b92da402fce6c2bad3df87aa10120cf344e2edafcb66ba
ncep,forecast,2023-07-21,pf,tp+t2m_proxy,proxy_from_four_6h_tmin_tmax_midranges,16,planned,/storage/raj.ayush/s2s_final_data/final_iteration/raw/ncep/forecast/jjas2023/surface/pf/20230721.grib,069fc74a875fb61e425cae4c4415ffa7c24f391a729cc997d665d1fb75e90b0a
ncep,forecast,2023-07-25,cf,tp+t2m_proxy,proxy_from_four_6h_tmin_tmax_midranges,16,planned,/storage/raj.ayush/s2s_final_data/final_iteration/raw/ncep/forecast/jjas2023/surface/cf/20230725.grib,4982fa8db69e41916b4dcc42c8d37459e76df624a072713963143fa14e406ac1
ncep,forecast,2023-07-25,pf,tp+t2m_proxy,proxy_from_four_6h_tmin_tmax_midranges,16,planned,/storage/raj.ayush/s2s_final_data/final_iteration/raw/ncep/forecast/jjas2023/surface/pf/20230725.grib,5c1d6a68a37c363cdc0e91d101cb1b711a7e0592d1c8abe2952ee97287b4ce64
ncep,forecast,2023-07-28,cf,tp+t2m_proxy,proxy_from_four_6h_tmin_tmax_midranges,16,planned,/storage/raj.ayush/s2s_final_data/final_iteration/raw/ncep/forecast/jjas2023/surface/cf/20230728.grib,b1f8c5e713eefefe22da90e441186999cfb487f3be3e97b316c3383721e3ea19
ncep,forecast,2023-07-28,pf,tp+t2m_proxy,proxy_from_four_6h_tmin_tmax_midranges,16,planned,/storage/raj.ayush/s2s_final_data/final_iteration/raw/ncep/forecast/jjas2023/surface/pf/20230728.grib,ebc1564f9c5ba9d141f1cbb8c2fdd8b493b55771d35b5753b0f61a3bce5d8386
ncep,forecast,2023-08-01,cf,tp+t2m_proxy,proxy_from_four_6h_tmin_tmax_midranges,16,planned,/storage/raj.ayush/s2s_final_data/final_iteration/raw/ncep/forecast/jjas2023/surface/cf/20230801.grib,719c4c31dd20dcee414c731431c4bd36930422e0ef058cabd9aef46ccc82c16e
ncep,forecast,2023-08-01,pf,tp+t2m_proxy,proxy_from_four_6h_tmin_tmax_midranges,16,planned,/storage/raj.ayush/s2s_final_data/final_iteration/raw/ncep/forecast/jjas2023/surface/pf/20230801.grib,4f0769c444e5b110623addaed77c0581681e4e1c4902b1a0a2516aede0383b5e
ncep,forecast,2023-08-04,cf,tp+t2m_proxy,proxy_from_four_6h_tmin_tmax_midranges,16,planned,/storage/raj.ayush/s2s_final_data/final_iteration/raw/ncep/forecast/jjas2023/surface/cf/20230804.grib,43f6ab13cdaa478c789e89d8721fe24fd96425de883ef916a491c8a7679243cb
ncep,forecast,2023-08-04,pf,tp+t2m_proxy,proxy_from_four_6h_tmin_tmax_midranges,16,planned,/storage/raj.ayush/s2s_final_data/final_iteration/raw/ncep/forecast/jjas2023/surface/pf/20230804.grib,0e85684a44247af35fc93faab029e43848b251af865b77997c37b1384a563aa9
ncep,forecast,2023-08-08,cf,tp+t2m_proxy,proxy_from_four_6h_tmin_tmax_midranges,16,planned,/storage/raj.ayush/s2s_final_data/final_iteration/raw/ncep/forecast/jjas2023/surface/cf/20230808.grib,ef40a1fe7808148333ff2966dea5e4e1329a3bb7cc93eeeb69222f60157bfca3
ncep,forecast,2023-08-08,pf,tp+t2m_proxy,proxy_from_four_6h_tmin_tmax_midranges,16,planned,/storage/raj.ayush/s2s_final_data/final_iteration/raw/ncep/forecast/jjas2023/surface/pf/20230808.grib,5b7ba39e61aeb00d5638031a4ff9f84c41b129966753fde2a498d7cd8d304234
ncep,forecast,2023-08-11,cf,tp+t2m_proxy,proxy_from_four_6h_tmin_tmax_midranges,16,planned,/storage/raj.ayush/s2s_final_data/final_iteration/raw/ncep/forecast/jjas2023/surface/cf/20230811.grib,bebc95c26bf87af649caadb08d36f754e110f5873a5ff92dfed770c3ac14d2e9
ncep,forecast,2023-08-11,pf,tp+t2m_proxy,proxy_from_four_6h_tmin_tmax_midranges,16,planned,/storage/raj.ayush/s2s_final_data/final_iteration/raw/ncep/forecast/jjas2023/surface/pf/20230811.grib,777b37ab36af1d8ed7b0f3c6daa5d93a4e3c18e6a9a8ea4bf4fd5873f0d44bb3
ncep,forecast,2023-08-15,cf,tp+t2m_proxy,proxy_from_four_6h_tmin_tmax_midranges,16,planned,/storage/raj.ayush/s2s_final_data/final_iteration/raw/ncep/forecast/jjas2023/surface/cf/20230815.grib,b8f277ab2a05480d09335c57a01bd68465f9c370ff425a781bc3c7121b47e9ce
ncep,forecast,2023-08-15,pf,tp+t2m_proxy,proxy_from_four_6h_tmin_tmax_midranges,16,planned,/storage/raj.ayush/s2s_final_data/final_iteration/raw/ncep/forecast/jjas2023/surface/pf/20230815.grib,536fe93bcde859cde1fc5f472363b97c681c19ce08dafbe5d15a42e0a03aff2d
ncep,forecast,2023-08-18,cf,tp+t2m_proxy,proxy_from_four_6h_tmin_tmax_midranges,16,planned,/storage/raj.ayush/s2s_final_data/final_iteration/raw/ncep/forecast/jjas2023/surface/cf/20230818.grib,0ee0bcd6d606384023630ed3a8a903489e1344d9b5ca13af782a004d80623afe
ncep,forecast,2023-08-18,pf,tp+t2m_proxy,proxy_from_four_6h_tmin_tmax_midranges,16,planned,/storage/raj.ayush/s2s_final_data/final_iteration/raw/ncep/forecast/jjas2023/surface/pf/20230818.grib,2ed3238c674815d6aa682790a5475a88a9068409888529d7caa973a3de3aa9ef
ncep,forecast,2023-08-22,cf,tp+t2m_proxy,proxy_from_four_6h_tmin_tmax_midranges,16,planned,/storage/raj.ayush/s2s_final_data/final_iteration/raw/ncep/forecast/jjas2023/surface/cf/20230822.grib,52153f68d80fe63babc06c57fd6ce34c7212f8a52af8e3617a8f6d3d9f76880a
ncep,forecast,2023-08-22,pf,tp+t2m_proxy,proxy_from_four_6h_tmin_tmax_midranges,16,planned,/storage/raj.ayush/s2s_final_data/final_iteration/raw/ncep/forecast/jjas2023/surface/pf/20230822.grib,fe021a856ec60bdb124e4d5404816c866ad5d7b6ebafd7455526bee62770ee43
ncep,forecast,2023-08-25,cf,tp+t2m_proxy,proxy_from_four_6h_tmin_tmax_midranges,16,planned,/storage/raj.ayush/s2s_final_data/final_iteration/raw/ncep/forecast/jjas2023/surface/cf/20230825.grib,ddaa66b096a8440bb22b545c30e9657504d5802c934d5612d471132ca0cf5047
ncep,forecast,2023-08-25,pf,tp+t2m_proxy,proxy_from_four_6h_tmin_tmax_midranges,16,planned,/storage/raj.ayush/s2s_final_data/final_iteration/raw/ncep/forecast/jjas2023/surface/pf/20230825.grib,e53df306cdf2a1344d0eec5959640cbc9daec342fa66b0dd876033407def1d65
ncep,forecast,2023-08-29,cf,tp+t2m_proxy,proxy_from_four_6h_tmin_tmax_midranges,16,planned,/storage/raj.ayush/s2s_final_data/final_iteration/raw/ncep/forecast/jjas2023/surface/cf/20230829.grib,5fbdc111a0bdda0ea1605f847494c9a928c203969ad3be4cd29689ec795c6ec3
ncep,forecast,2023-08-29,pf,tp+t2m_proxy,proxy_from_four_6h_tmin_tmax_midranges,16,planned,/storage/raj.ayush/s2s_final_data/final_iteration/raw/ncep/forecast/jjas2023/surface/pf/20230829.grib,505f952aa6eca1d72b1b9100fb09af7cae22625468faa16eeab721abfb48cd09
ncep,forecast,2023-09-01,cf,tp+t2m_proxy,proxy_from_four_6h_tmin_tmax_midranges,16,planned,/storage/raj.ayush/s2s_final_data/final_iteration/raw/ncep/forecast/jjas2023/surface/cf/20230901.grib,d784823d312b5c1514fab1255bb4a5847c9ec88333605e72af44a8177fd1874c
ncep,forecast,2023-09-01,pf,tp+t2m_proxy,proxy_from_four_6h_tmin_tmax_midranges,16,planned,/storage/raj.ayush/s2s_final_data/final_iteration/raw/ncep/forecast/jjas2023/surface/pf/20230901.grib,206874fa19afdf5b7147bae97e4c1ad5296e91a4eded39041d6d550bb987e949
ncep,forecast,2023-09-05,cf,tp+t2m_proxy,proxy_from_four_6h_tmin_tmax_midranges,16,planned,/storage/raj.ayush/s2s_final_data/final_iteration/raw/ncep/forecast/jjas2023/surface/cf/20230905.grib,4ea13fa49a49eb3d81bbcd411d5cdcb08a931e253113461db934d28d193b2f2b
ncep,forecast,2023-09-05,pf,tp+t2m_proxy,proxy_from_four_6h_tmin_tmax_midranges,16,planned,/storage/raj.ayush/s2s_final_data/final_iteration/raw/ncep/forecast/jjas2023/surface/pf/20230905.grib,ef1d2f228f0c17306a644e8837b2ffa96adf28976d6bdfe4cfd0cd765a5409e8
ncep,forecast,2023-09-08,cf,tp+t2m_proxy,proxy_from_four_6h_tmin_tmax_midranges,16,planned,/storage/raj.ayush/s2s_final_data/final_iteration/raw/ncep/forecast/jjas2023/surface/cf/20230908.grib,887aa7587287d5dbf3870c7c88247234746192f17953dcf729909d9a7d9a8651
ncep,forecast,2023-09-08,pf,tp+t2m_proxy,proxy_from_four_6h_tmin_tmax_midranges,16,planned,/storage/raj.ayush/s2s_final_data/final_iteration/raw/ncep/forecast/jjas2023/surface/pf/20230908.grib,cd3b80c9741a7774a9b843bd9e3048b691ebedf6ee4ce2197e64ae0d9d029614
ncep,forecast,2023-09-12,cf,tp+t2m_proxy,proxy_from_four_6h_tmin_tmax_midranges,16,planned,/storage/raj.ayush/s2s_final_data/final_iteration/raw/ncep/forecast/jjas2023/surface/cf/20230912.grib,75bb00608421b2d68b62064aef37f8820d0e4b0c44926c39628b28d77a48d742
ncep,forecast,2023-09-12,pf,tp+t2m_proxy,proxy_from_four_6h_tmin_tmax_midranges,16,planned,/storage/raj.ayush/s2s_final_data/final_iteration/raw/ncep/forecast/jjas2023/surface/pf/20230912.grib,c91d523f9aeabb2231ee851d0deb37547ca5714389f1d7e178c4ad839b1d2c48
ncep,forecast,2023-09-15,cf,tp+t2m_proxy,proxy_from_four_6h_tmin_tmax_midranges,16,planned,/storage/raj.ayush/s2s_final_data/final_iteration/raw/ncep/forecast/jjas2023/surface/cf/20230915.grib,a4e3c69f32858ec094880ce7aec801eebe833d31030207c6680c5e837d560923
ncep,forecast,2023-09-15,pf,tp+t2m_proxy,proxy_from_four_6h_tmin_tmax_midranges,16,planned,/storage/raj.ayush/s2s_final_data/final_iteration/raw/ncep/forecast/jjas2023/surface/pf/20230915.grib,46b552141e5dd2de23218396094fee06aee5f39ace39d277c4d02ddc330f068b
ncep,forecast,2023-09-19,cf,tp+t2m_proxy,proxy_from_four_6h_tmin_tmax_midranges,16,planned,/storage/raj.ayush/s2s_final_data/final_iteration/raw/ncep/forecast/jjas2023/surface/cf/20230919.grib,f4220666d2f875bad1d71b663c2c6ea31f4858d465a7ffc746411b68bf68b449
ncep,forecast,2023-09-19,pf,tp+t2m_proxy,proxy_from_four_6h_tmin_tmax_midranges,16,planned,/storage/raj.ayush/s2s_final_data/final_iteration/raw/ncep/forecast/jjas2023/surface/pf/20230919.grib,82bc2833766eb78f0844bc17d5fb3fbefc5dbce5220687632655e656f58cd64e
ncep,forecast,2023-09-22,cf,tp+t2m_proxy,proxy_from_four_6h_tmin_tmax_midranges,16,planned,/storage/raj.ayush/s2s_final_data/final_iteration/raw/ncep/forecast/jjas2023/surface/cf/20230922.grib,35fc8b8dcbd6f02cde7e826195758f979ddca96f79625eb3237dbfd5ffa4eac0
ncep,forecast,2023-09-22,pf,tp+t2m_proxy,proxy_from_four_6h_tmin_tmax_midranges,16,planned,/storage/raj.ayush/s2s_final_data/final_iteration/raw/ncep/forecast/jjas2023/surface/pf/20230922.grib,3d4772db33631c4bda06b6859a853d581918234b0f6f59359eaa82621430d9b7
ncep,forecast,2023-09-26,cf,tp+t2m_proxy,proxy_from_four_6h_tmin_tmax_midranges,16,planned,/storage/raj.ayush/s2s_final_data/final_iteration/raw/ncep/forecast/jjas2023/surface/cf/20230926.grib,1bc0b9d46ec192eb5326f6cb1f654303098eb928e7a36ed762e5084953f31975
ncep,forecast,2023-09-26,pf,tp+t2m_proxy,proxy_from_four_6h_tmin_tmax_midranges,16,planned,/storage/raj.ayush/s2s_final_data/final_iteration/raw/ncep/forecast/jjas2023/surface/pf/20230926.grib,677dce9909e6b9034bb91f1647d180542609cb234c3da35c71b595e6f50fa0e6
ncep,forecast,2023-09-29,cf,tp+t2m_proxy,proxy_from_four_6h_tmin_tmax_midranges,16,planned,/storage/raj.ayush/s2s_final_data/final_iteration/raw/ncep/forecast/jjas2023/surface/cf/20230929.grib,a735cf7881cf8e1f72b11b9349100194ae9f81eb5ca272861137224f227a4af3
ncep,forecast,2023-09-29,pf,tp+t2m_proxy,proxy_from_four_6h_tmin_tmax_midranges,16,planned,/storage/raj.ayush/s2s_final_data/final_iteration/raw/ncep/forecast/jjas2023/surface/pf/20230929.grib,02be538e542aebf1043937b9cfea2e648c56b87fb21e647fd1d4b5724b796f3e
ncep,forecast,2024-06-02,cf,tp+t2m_proxy,proxy_from_four_6h_tmin_tmax_midranges,16,planned,/storage/raj.ayush/s2s_final_data/final_iteration/raw/ncep/forecast/jjas2024/surface/cf/20240602.grib,07782ddd673e1cebce31c3e01fab583a753ec5169bb61d3c4c11331f53633ed7
ncep,forecast,2024-06-02,pf,tp+t2m_proxy,proxy_from_four_6h_tmin_tmax_midranges,16,planned,/storage/raj.ayush/s2s_final_data/final_iteration/raw/ncep/forecast/jjas2024/surface/pf/20240602.grib,4a6c3314aed03dff0bce982b4084f086c2b62638f132b2be46dd243040a5ad02
ncep,forecast,2024-06-06,cf,tp+t2m_proxy,proxy_from_four_6h_tmin_tmax_midranges,16,planned,/storage/raj.ayush/s2s_final_data/final_iteration/raw/ncep/forecast/jjas2024/surface/cf/20240606.grib,7a268ea9fd07e8db621ec55661a1fbcf2ce411e1716b81005fa9fdb495dd43d4
ncep,forecast,2024-06-06,pf,tp+t2m_proxy,proxy_from_four_6h_tmin_tmax_midranges,16,planned,/storage/raj.ayush/s2s_final_data/final_iteration/raw/ncep/forecast/jjas2024/surface/pf/20240606.grib,62693af0098544c0c024e6a4a44924ab0bcf24c64f64c832f5675bc59b628f16
ncep,forecast,2024-06-09,cf,tp+t2m_proxy,proxy_from_four_6h_tmin_tmax_midranges,16,planned,/storage/raj.ayush/s2s_final_data/final_iteration/raw/ncep/forecast/jjas2024/surface/cf/20240609.grib,14384b3edcc82e1a42f8f1a78bae2475fe60d37ed7607271fb26a6e177a485ca
ncep,forecast,2024-06-09,pf,tp+t2m_proxy,proxy_from_four_6h_tmin_tmax_midranges,16,planned,/storage/raj.ayush/s2s_final_data/final_iteration/raw/ncep/forecast/jjas2024/surface/pf/20240609.grib,51d86078e777ca8ea7071187d17183c1665992a235cf988055db820baa88847d
ncep,forecast,2024-06-13,cf,tp+t2m_proxy,proxy_from_four_6h_tmin_tmax_midranges,16,planned,/storage/raj.ayush/s2s_final_data/final_iteration/raw/ncep/forecast/jjas2024/surface/cf/20240613.grib,44de5e5edd9b70e59896e1cec4c32e21072f3da2f76f4cfa306e18b4c99a2137
ncep,forecast,2024-06-13,pf,tp+t2m_proxy,proxy_from_four_6h_tmin_tmax_midranges,16,planned,/storage/raj.ayush/s2s_final_data/final_iteration/raw/ncep/forecast/jjas2024/surface/pf/20240613.grib,3270133924b74497200ce5982891bdd53e9bc33c2c8c5394fc6a8470a95da18c
ncep,forecast,2024-06-16,cf,tp+t2m_proxy,proxy_from_four_6h_tmin_tmax_midranges,16,planned,/storage/raj.ayush/s2s_final_data/final_iteration/raw/ncep/forecast/jjas2024/surface/cf/20240616.grib,d38d34e52e05c5d7ae4290b087279f34f57ff7eff7c1a454101764591fb053a6
ncep,forecast,2024-06-16,pf,tp+t2m_proxy,proxy_from_four_6h_tmin_tmax_midranges,16,planned,/storage/raj.ayush/s2s_final_data/final_iteration/raw/ncep/forecast/jjas2024/surface/pf/20240616.grib,0a3a6175b43aa06dc5373b0ad19723ff872b3b2976bec9c1b636f5dfb1e43b81
ncep,forecast,2024-06-20,cf,tp+t2m_proxy,proxy_from_four_6h_tmin_tmax_midranges,16,planned,/storage/raj.ayush/s2s_final_data/final_iteration/raw/ncep/forecast/jjas2024/surface/cf/20240620.grib,61c92ed06fe7db407b47d9ef0ba2ff40eba2eb59a79abd91e9d5ceef5ab45c86
ncep,forecast,2024-06-20,pf,tp+t2m_proxy,proxy_from_four_6h_tmin_tmax_midranges,16,planned,/storage/raj.ayush/s2s_final_data/final_iteration/raw/ncep/forecast/jjas2024/surface/pf/20240620.grib,c3d43f7aad5c24e541ee5ca84ecc488ff1179b2bde12872ab240f4962c172251
ncep,forecast,2024-06-23,cf,tp+t2m_proxy,proxy_from_four_6h_tmin_tmax_midranges,16,planned,/storage/raj.ayush/s2s_final_data/final_iteration/raw/ncep/forecast/jjas2024/surface/cf/20240623.grib,87d1376bc12300c48b01503340172947ce75e863556b807dd67c8e572ff85abc
ncep,forecast,2024-06-23,pf,tp+t2m_proxy,proxy_from_four_6h_tmin_tmax_midranges,16,planned,/storage/raj.ayush/s2s_final_data/final_iteration/raw/ncep/forecast/jjas2024/surface/pf/20240623.grib,bb35565ab2d8f3f42a324be61a64dfc6359742aba5d7dde6c548f38af982e847
ncep,forecast,2024-06-27,cf,tp+t2m_proxy,proxy_from_four_6h_tmin_tmax_midranges,16,planned,/storage/raj.ayush/s2s_final_data/final_iteration/raw/ncep/forecast/jjas2024/surface/cf/20240627.grib,add2ca125a14fc0207e5fba00c6f2f4b9c1d4bbdf2c3d0d81bffc76d6b56befa
ncep,forecast,2024-06-27,pf,tp+t2m_proxy,proxy_from_four_6h_tmin_tmax_midranges,16,planned,/storage/raj.ayush/s2s_final_data/final_iteration/raw/ncep/forecast/jjas2024/surface/pf/20240627.grib,010ab8f91222b48bddfd4d6152e60b1e5ed408b7f260d654460ce6c7216683c3
ncep,forecast,2024-06-30,cf,tp+t2m_proxy,proxy_from_four_6h_tmin_tmax_midranges,16,planned,/storage/raj.ayush/s2s_final_data/final_iteration/raw/ncep/forecast/jjas2024/surface/cf/20240630.grib,d383b238efbf917db281deff06a155083c4f65a70bdabe2381bf7624e47ab3c7
ncep,forecast,2024-06-30,pf,tp+t2m_proxy,proxy_from_four_6h_tmin_tmax_midranges,16,planned,/storage/raj.ayush/s2s_final_data/final_iteration/raw/ncep/forecast/jjas2024/surface/pf/20240630.grib,b60c6e8a068ba23a1a9d678a46d0905b24de42990a6327ccd471537040d12aff
ncep,forecast,2024-07-04,cf,tp+t2m_proxy,proxy_from_four_6h_tmin_tmax_midranges,16,planned,/storage/raj.ayush/s2s_final_data/final_iteration/raw/ncep/forecast/jjas2024/surface/cf/20240704.grib,f027b736f41fc7868e908064135388778e3b9cd9611c8cef1f706b3aaf1e7727
ncep,forecast,2024-07-04,pf,tp+t2m_proxy,proxy_from_four_6h_tmin_tmax_midranges,16,planned,/storage/raj.ayush/s2s_final_data/final_iteration/raw/ncep/forecast/jjas2024/surface/pf/20240704.grib,6d84c1de91330299a658ad7fbe550cfdd11db93bdfb7c26b8feaa93f441fc675
ncep,forecast,2024-07-07,cf,tp+t2m_proxy,proxy_from_four_6h_tmin_tmax_midranges,16,planned,/storage/raj.ayush/s2s_final_data/final_iteration/raw/ncep/forecast/jjas2024/surface/cf/20240707.grib,fab4060bd0df7adc1ca1cc687a7ea03b36ef6c62487ed2df6350684794854c81
ncep,forecast,2024-07-07,pf,tp+t2m_proxy,proxy_from_four_6h_tmin_tmax_midranges,16,planned,/storage/raj.ayush/s2s_final_data/final_iteration/raw/ncep/forecast/jjas2024/surface/pf/20240707.grib,f65ba26e90698febb683f85f396dafcadb687b67bab9af4833239c561797c954
ncep,forecast,2024-07-11,cf,tp+t2m_proxy,proxy_from_four_6h_tmin_tmax_midranges,16,planned,/storage/raj.ayush/s2s_final_data/final_iteration/raw/ncep/forecast/jjas2024/surface/cf/20240711.grib,b0daf8357829ba8771c93907d58b199d6bd2823bb39a364dfb5fd0f3fc5ce580
ncep,forecast,2024-07-11,pf,tp+t2m_proxy,proxy_from_four_6h_tmin_tmax_midranges,16,planned,/storage/raj.ayush/s2s_final_data/final_iteration/raw/ncep/forecast/jjas2024/surface/pf/20240711.grib,2841f29c7463d1aac64a8b3375a1b57d70d35ed51163170f933c72a57be77967
ncep,forecast,2024-07-14,cf,tp+t2m_proxy,proxy_from_four_6h_tmin_tmax_midranges,16,planned,/storage/raj.ayush/s2s_final_data/final_iteration/raw/ncep/forecast/jjas2024/surface/cf/20240714.grib,bc8add0a984c0184560f5c372d57a1cdb808b84db7c9c59be433c0c55716e45b
ncep,forecast,2024-07-14,pf,tp+t2m_proxy,proxy_from_four_6h_tmin_tmax_midranges,16,planned,/storage/raj.ayush/s2s_final_data/final_iteration/raw/ncep/forecast/jjas2024/surface/pf/20240714.grib,e2a2e77fd6772eff55975d710e2872cb400536a17b9f5899f50387fb30c74ddf
ncep,forecast,2024-07-18,cf,tp+t2m_proxy,proxy_from_four_6h_tmin_tmax_midranges,16,planned,/storage/raj.ayush/s2s_final_data/final_iteration/raw/ncep/forecast/jjas2024/surface/cf/20240718.grib,39bedb62dd98ce87454e539fc9cdd192a9b31500d53f3acdb3bb2da6f6a01645
ncep,forecast,2024-07-18,pf,tp+t2m_proxy,proxy_from_four_6h_tmin_tmax_midranges,16,planned,/storage/raj.ayush/s2s_final_data/final_iteration/raw/ncep/forecast/jjas2024/surface/pf/20240718.grib,e60e6cb30f983bd76834564c2b2fbc78325beea7d8bacc9cda650be329a88cda
ncep,forecast,2024-07-21,cf,tp+t2m_proxy,proxy_from_four_6h_tmin_tmax_midranges,16,planned,/storage/raj.ayush/s2s_final_data/final_iteration/raw/ncep/forecast/jjas2024/surface/cf/20240721.grib,c3c5f370d409bf5b82157a297ec22ffb1d44e41973680350bb24e6d0b2a99f50
ncep,forecast,2024-07-21,pf,tp+t2m_proxy,proxy_from_four_6h_tmin_tmax_midranges,16,planned,/storage/raj.ayush/s2s_final_data/final_iteration/raw/ncep/forecast/jjas2024/surface/pf/20240721.grib,6b6bda95d44d2e5ba3a374ac53d431621e3e7c1fc6948713c284fdb558b61249
ncep,forecast,2024-07-25,cf,tp+t2m_proxy,proxy_from_four_6h_tmin_tmax_midranges,16,planned,/storage/raj.ayush/s2s_final_data/final_iteration/raw/ncep/forecast/jjas2024/surface/cf/20240725.grib,f0ac51781a6ed1459ec8b936c142c3653776e0d40fc4ae65e8c1570ae1af8f44
ncep,forecast,2024-07-25,pf,tp+t2m_proxy,proxy_from_four_6h_tmin_tmax_midranges,16,planned,/storage/raj.ayush/s2s_final_data/final_iteration/raw/ncep/forecast/jjas2024/surface/pf/20240725.grib,125129e324bf5f39ed542eaa73d9d83a74e35f1246f81058d6bfbeee1dbab2c6
ncep,forecast,2024-07-28,cf,tp+t2m_proxy,proxy_from_four_6h_tmin_tmax_midranges,16,planned,/storage/raj.ayush/s2s_final_data/final_iteration/raw/ncep/forecast/jjas2024/surface/cf/20240728.grib,4cea743d12598a9aa2e6b051d135ad9be0fc3a63195b2ad5f9ba0393fcfe3f84
ncep,forecast,2024-07-28,pf,tp+t2m_proxy,proxy_from_four_6h_tmin_tmax_midranges,16,planned,/storage/raj.ayush/s2s_final_data/final_iteration/raw/ncep/forecast/jjas2024/surface/pf/20240728.grib,33ba6aed9134a67be34fb03cc42ce76d9689e6a14d848536f8f661074a393c51
ncep,forecast,2024-08-01,cf,tp+t2m_proxy,proxy_from_four_6h_tmin_tmax_midranges,16,planned,/storage/raj.ayush/s2s_final_data/final_iteration/raw/ncep/forecast/jjas2024/surface/cf/20240801.grib,166f5cd52944077b1b979703bacc99b72bb3f62a73da1357f5c4374f81180b5a
ncep,forecast,2024-08-01,pf,tp+t2m_proxy,proxy_from_four_6h_tmin_tmax_midranges,16,planned,/storage/raj.ayush/s2s_final_data/final_iteration/raw/ncep/forecast/jjas2024/surface/pf/20240801.grib,b4c8a464a5c68be8480e55a18062d3f43790b0d8262fd4414ee6ffe1f6e6e8aa
ncep,forecast,2024-08-04,cf,tp+t2m_proxy,proxy_from_four_6h_tmin_tmax_midranges,16,planned,/storage/raj.ayush/s2s_final_data/final_iteration/raw/ncep/forecast/jjas2024/surface/cf/20240804.grib,4c4db4e0ee7398af18456ec5fc92c563e30c1ab47409dd747ac896e9719fff55
ncep,forecast,2024-08-04,pf,tp+t2m_proxy,proxy_from_four_6h_tmin_tmax_midranges,16,planned,/storage/raj.ayush/s2s_final_data/final_iteration/raw/ncep/forecast/jjas2024/surface/pf/20240804.grib,ee1cc10d7b5c489eb180a8d8ea0f62ec9ec705880543545b9a7d17f8356fed07
ncep,forecast,2024-08-08,cf,tp+t2m_proxy,proxy_from_four_6h_tmin_tmax_midranges,16,planned,/storage/raj.ayush/s2s_final_data/final_iteration/raw/ncep/forecast/jjas2024/surface/cf/20240808.grib,65c9aa0181b255b53c4cb04bbd92d0a0de7ba5e62a8d8f447f5696f0d3797a80
ncep,forecast,2024-08-08,pf,tp+t2m_proxy,proxy_from_four_6h_tmin_tmax_midranges,16,planned,/storage/raj.ayush/s2s_final_data/final_iteration/raw/ncep/forecast/jjas2024/surface/pf/20240808.grib,bed2f274adf13d5f4df4522b75baa4b986ef63034cdb4fc8c1841a957f5a0ee7
ncep,forecast,2024-08-11,cf,tp+t2m_proxy,proxy_from_four_6h_tmin_tmax_midranges,16,planned,/storage/raj.ayush/s2s_final_data/final_iteration/raw/ncep/forecast/jjas2024/surface/cf/20240811.grib,00e04b09397ef87c50bf5f19a3f3ecc6dc2d84e4a9bd20abb6ae0b6072251311
ncep,forecast,2024-08-11,pf,tp+t2m_proxy,proxy_from_four_6h_tmin_tmax_midranges,16,planned,/storage/raj.ayush/s2s_final_data/final_iteration/raw/ncep/forecast/jjas2024/surface/pf/20240811.grib,87693cae5cd756dc5893c2f2cf628ade174473c6578c3fe660267aa6f580b1a7
ncep,forecast,2024-08-15,cf,tp+t2m_proxy,proxy_from_four_6h_tmin_tmax_midranges,16,planned,/storage/raj.ayush/s2s_final_data/final_iteration/raw/ncep/forecast/jjas2024/surface/cf/20240815.grib,7084143746f74f1a3de629a61cbe812bbc50931d4523afc118daf73524ef1e6f
ncep,forecast,2024-08-15,pf,tp+t2m_proxy,proxy_from_four_6h_tmin_tmax_midranges,16,planned,/storage/raj.ayush/s2s_final_data/final_iteration/raw/ncep/forecast/jjas2024/surface/pf/20240815.grib,5fa1665c7024dbdb37a86d8ff275a4ccab4b3eef6265960798c0d2baeb5b1dee
ncep,forecast,2024-08-18,cf,tp+t2m_proxy,proxy_from_four_6h_tmin_tmax_midranges,16,planned,/storage/raj.ayush/s2s_final_data/final_iteration/raw/ncep/forecast/jjas2024/surface/cf/20240818.grib,95c28d551607e53da47ac162f6c96d5ddc052fef24f39f716050bb3465a713e5
ncep,forecast,2024-08-18,pf,tp+t2m_proxy,proxy_from_four_6h_tmin_tmax_midranges,16,planned,/storage/raj.ayush/s2s_final_data/final_iteration/raw/ncep/forecast/jjas2024/surface/pf/20240818.grib,0715e11dd60cdf546f08478cf9e9f45b57ef16933d137b383b90a79e76f90d17
ncep,forecast,2024-08-22,cf,tp+t2m_proxy,proxy_from_four_6h_tmin_tmax_midranges,16,planned,/storage/raj.ayush/s2s_final_data/final_iteration/raw/ncep/forecast/jjas2024/surface/cf/20240822.grib,3e586a1b6711b4d555d72b01c7885f66293330380f10628777afdced64bd9566
ncep,forecast,2024-08-22,pf,tp+t2m_proxy,proxy_from_four_6h_tmin_tmax_midranges,16,planned,/storage/raj.ayush/s2s_final_data/final_iteration/raw/ncep/forecast/jjas2024/surface/pf/20240822.grib,93ef56df296b84041712e739f13b2e372bd8acb8e950ab55649e85a1c074e0fe
ncep,forecast,2024-08-25,cf,tp+t2m_proxy,proxy_from_four_6h_tmin_tmax_midranges,16,planned,/storage/raj.ayush/s2s_final_data/final_iteration/raw/ncep/forecast/jjas2024/surface/cf/20240825.grib,80b3639a29e7bd3047af1e2a1f6699e5db82372c92d3aa4d8d7242cf17e87d54
ncep,forecast,2024-08-25,pf,tp+t2m_proxy,proxy_from_four_6h_tmin_tmax_midranges,16,planned,/storage/raj.ayush/s2s_final_data/final_iteration/raw/ncep/forecast/jjas2024/surface/pf/20240825.grib,dcc78c23878907f9b91eefe782b7ce91a376d0b55b962fb18511916b9604ba36
ncep,forecast,2024-08-29,cf,tp+t2m_proxy,proxy_from_four_6h_tmin_tmax_midranges,16,planned,/storage/raj.ayush/s2s_final_data/final_iteration/raw/ncep/forecast/jjas2024/surface/cf/20240829.grib,5ffed0a25b1d4b9b2571a55a1007668f670433ec4fccb1cdd964d7372b183035
ncep,forecast,2024-08-29,pf,tp+t2m_proxy,proxy_from_four_6h_tmin_tmax_midranges,16,planned,/storage/raj.ayush/s2s_final_data/final_iteration/raw/ncep/forecast/jjas2024/surface/pf/20240829.grib,2b0104051b063388dc4f8702592c1aa46d838a8dbbade530dcab8249ddd64ce0
ncep,forecast,2024-09-01,cf,tp+t2m_proxy,proxy_from_four_6h_tmin_tmax_midranges,16,planned,/storage/raj.ayush/s2s_final_data/final_iteration/raw/ncep/forecast/jjas2024/surface/cf/20240901.grib,560600523e9f0527b530f06ae83395e2c7b9818c9bab79f1da8496aaef4e8786
ncep,forecast,2024-09-01,pf,tp+t2m_proxy,proxy_from_four_6h_tmin_tmax_midranges,16,planned,/storage/raj.ayush/s2s_final_data/final_iteration/raw/ncep/forecast/jjas2024/surface/pf/20240901.grib,81959f1caaec7f87ebd35f2484e0916db13bca6ebc4d60599737adfb6cbaa5a0
ncep,forecast,2024-09-05,cf,tp+t2m_proxy,proxy_from_four_6h_tmin_tmax_midranges,16,planned,/storage/raj.ayush/s2s_final_data/final_iteration/raw/ncep/forecast/jjas2024/surface/cf/20240905.grib,70b6aa198d33e269d389d9f7aa61c83ccf60f9c94482f2d269817a3eab71329b
ncep,forecast,2024-09-05,pf,tp+t2m_proxy,proxy_from_four_6h_tmin_tmax_midranges,16,planned,/storage/raj.ayush/s2s_final_data/final_iteration/raw/ncep/forecast/jjas2024/surface/pf/20240905.grib,cdd910669ed37a7a55e793d16f612384c32eb0cb2c227061ee875d4add5a0936
ncep,forecast,2024-09-08,cf,tp+t2m_proxy,proxy_from_four_6h_tmin_tmax_midranges,16,planned,/storage/raj.ayush/s2s_final_data/final_iteration/raw/ncep/forecast/jjas2024/surface/cf/20240908.grib,81d5380eb76a1c9d16520a8a35a43c22d1a281c380b03620e4c4f540a459528b
ncep,forecast,2024-09-08,pf,tp+t2m_proxy,proxy_from_four_6h_tmin_tmax_midranges,16,planned,/storage/raj.ayush/s2s_final_data/final_iteration/raw/ncep/forecast/jjas2024/surface/pf/20240908.grib,39f1589cbea59114d06d9f16f6c0922f5a04bf661b5348610ebdf1af2ad2c295
ncep,forecast,2024-09-12,cf,tp+t2m_proxy,proxy_from_four_6h_tmin_tmax_midranges,16,planned,/storage/raj.ayush/s2s_final_data/final_iteration/raw/ncep/forecast/jjas2024/surface/cf/20240912.grib,91be61c16a65c7666ba8dcc175cf501c87c9d590a6a15d73dfe88b60db83a434
ncep,forecast,2024-09-12,pf,tp+t2m_proxy,proxy_from_four_6h_tmin_tmax_midranges,16,planned,/storage/raj.ayush/s2s_final_data/final_iteration/raw/ncep/forecast/jjas2024/surface/pf/20240912.grib,ff9daf617e5442cb550f7c37bb29e4d580816f6b5ef060afa2fa1caf924db992
ncep,forecast,2024-09-15,cf,tp+t2m_proxy,proxy_from_four_6h_tmin_tmax_midranges,16,planned,/storage/raj.ayush/s2s_final_data/final_iteration/raw/ncep/forecast/jjas2024/surface/cf/20240915.grib,a018e506a1481ced145225f6dd9151246627c8859e4ba235ebd49cd2e521358c
ncep,forecast,2024-09-15,pf,tp+t2m_proxy,proxy_from_four_6h_tmin_tmax_midranges,16,planned,/storage/raj.ayush/s2s_final_data/final_iteration/raw/ncep/forecast/jjas2024/surface/pf/20240915.grib,29cc66fcae13e25bb883d30ea5bc0a47ce17604563e7077ab22cbb0e36040f32
ncep,forecast,2024-09-19,cf,tp+t2m_proxy,proxy_from_four_6h_tmin_tmax_midranges,16,planned,/storage/raj.ayush/s2s_final_data/final_iteration/raw/ncep/forecast/jjas2024/surface/cf/20240919.grib,c93ad225738d8f1c3355d4ec8a025a1fd5ce15b1de4a74b7ae63ec4c9163b6f4
ncep,forecast,2024-09-19,pf,tp+t2m_proxy,proxy_from_four_6h_tmin_tmax_midranges,16,planned,/storage/raj.ayush/s2s_final_data/final_iteration/raw/ncep/forecast/jjas2024/surface/pf/20240919.grib,06c774cd217a7f1ce496e331f08e98577414ad7ed8f08e4ee2edf9d75cdf88d3
ncep,forecast,2024-09-22,cf,tp+t2m_proxy,proxy_from_four_6h_tmin_tmax_midranges,16,planned,/storage/raj.ayush/s2s_final_data/final_iteration/raw/ncep/forecast/jjas2024/surface/cf/20240922.grib,8b16a23e1de62b2d8261736020427d5b5fd4fe822926babfc517170ade97c8fb
ncep,forecast,2024-09-22,pf,tp+t2m_proxy,proxy_from_four_6h_tmin_tmax_midranges,16,planned,/storage/raj.ayush/s2s_final_data/final_iteration/raw/ncep/forecast/jjas2024/surface/pf/20240922.grib,07b1aed346b52ffd01d3b5ca67ac8ff6b20ba36aeea5749f15cd0eea2a5f6c12
ncep,forecast,2024-09-26,cf,tp+t2m_proxy,proxy_from_four_6h_tmin_tmax_midranges,16,planned,/storage/raj.ayush/s2s_final_data/final_iteration/raw/ncep/forecast/jjas2024/surface/cf/20240926.grib,95c2b480d1d7a5abfd3e381fb6f579cd208c133184ddf66efccc961098cb934f
ncep,forecast,2024-09-26,pf,tp+t2m_proxy,proxy_from_four_6h_tmin_tmax_midranges,16,planned,/storage/raj.ayush/s2s_final_data/final_iteration/raw/ncep/forecast/jjas2024/surface/pf/20240926.grib,95f348c7cf6b87f223e6b5594bacae6911f361f656eb33a443cbc31621fdf5da
ncep,forecast,2024-09-29,cf,tp+t2m_proxy,proxy_from_four_6h_tmin_tmax_midranges,16,planned,/storage/raj.ayush/s2s_final_data/final_iteration/raw/ncep/forecast/jjas2024/surface/cf/20240929.grib,94ab7f193d3344fb5b2de3e479766dbf18c1ea23466cfea72dabb42c96342fcf
ncep,forecast,2024-09-29,pf,tp+t2m_proxy,proxy_from_four_6h_tmin_tmax_midranges,16,planned,/storage/raj.ayush/s2s_final_data/final_iteration/raw/ncep/forecast/jjas2024/surface/pf/20240929.grib,a33da96e3ad20b0e01049b85738602b4881c225e2bc7ab11db9080b5ff4b3649
ecmwf,reforecast,2020-06-01,cf,t2m,daily_mean_t2m,11,planned,/storage/raj.ayush/s2s_final_data/final_iteration/raw/ecmwf/reforecast/jjas_native/t2m/0601_cf.grib,94a7e3cb9a46343e429a0bae9b5f12932adde44263b8b202258fca071614744b
ecmwf,reforecast,2020-06-01,pf,t2m,daily_mean_t2m,11,planned,/storage/raj.ayush/s2s_final_data/final_iteration/raw/ecmwf/reforecast/jjas_native/t2m/0601_pf.grib,051d88b0e635d0ac23c5b4f33c970e616f0885bb22e5c21f95d17ff93646a0f3
ecmwf,reforecast,2020-06-04,cf,t2m,daily_mean_t2m,11,planned,/storage/raj.ayush/s2s_final_data/final_iteration/raw/ecmwf/reforecast/jjas_native/t2m/0604_cf.grib,e4e363fe4447b2ea1ed82ae69224681d7145b93f18dc6628f51150fcc789b18c
ecmwf,reforecast,2020-06-04,pf,t2m,daily_mean_t2m,11,planned,/storage/raj.ayush/s2s_final_data/final_iteration/raw/ecmwf/reforecast/jjas_native/t2m/0604_pf.grib,b3e4ff73591ce58781f26831d9f40b8797bb6d096335c94c257ed1bab5682ced
ecmwf,reforecast,2020-06-08,cf,t2m,daily_mean_t2m,11,planned,/storage/raj.ayush/s2s_final_data/final_iteration/raw/ecmwf/reforecast/jjas_native/t2m/0608_cf.grib,f46fb1267b52e67d5f7c4c4c7f1c001b156ac1e936850ceb731d5e466c5a1a9e
ecmwf,reforecast,2020-06-08,pf,t2m,daily_mean_t2m,11,planned,/storage/raj.ayush/s2s_final_data/final_iteration/raw/ecmwf/reforecast/jjas_native/t2m/0608_pf.grib,87d2d42e35ffc2a49c1227acfca9f8c1dd9cb3cfb5281e6c9e747441f779a676
ecmwf,reforecast,2020-06-11,cf,t2m,daily_mean_t2m,11,planned,/storage/raj.ayush/s2s_final_data/final_iteration/raw/ecmwf/reforecast/jjas_native/t2m/0611_cf.grib,ef2494c3a0d922aa3bb2d2aa7e581f39f56edb9e8483ad2841d1bbe4198181f3
ecmwf,reforecast,2020-06-11,pf,t2m,daily_mean_t2m,11,planned,/storage/raj.ayush/s2s_final_data/final_iteration/raw/ecmwf/reforecast/jjas_native/t2m/0611_pf.grib,ae020473b65d95750926aacc5859d77b60fe20fc48e1b2a04063953974d447f8
ecmwf,reforecast,2020-06-15,cf,t2m,daily_mean_t2m,11,planned,/storage/raj.ayush/s2s_final_data/final_iteration/raw/ecmwf/reforecast/jjas_native/t2m/0615_cf.grib,08b9027ac98e961dc72c199c795bfab8e0977ab513e98c8990225a9e4e8de738
ecmwf,reforecast,2020-06-15,pf,t2m,daily_mean_t2m,11,planned,/storage/raj.ayush/s2s_final_data/final_iteration/raw/ecmwf/reforecast/jjas_native/t2m/0615_pf.grib,02dcf94fe08ac0b374d8324b5e0e9bb2c6327c9537aa40ad1b0e481735cd4c43
ecmwf,reforecast,2020-06-18,cf,t2m,daily_mean_t2m,11,planned,/storage/raj.ayush/s2s_final_data/final_iteration/raw/ecmwf/reforecast/jjas_native/t2m/0618_cf.grib,769a57fa79a417e491eb4260057265f77eac1530ca649fe253c7307081e80259
ecmwf,reforecast,2020-06-18,pf,t2m,daily_mean_t2m,11,planned,/storage/raj.ayush/s2s_final_data/final_iteration/raw/ecmwf/reforecast/jjas_native/t2m/0618_pf.grib,f7b9bb8d36b44ef9e7e430aa8f9529ab0704fda3ecd5b27229b841a3adaed6d0
ecmwf,reforecast,2020-06-22,cf,t2m,daily_mean_t2m,11,planned,/storage/raj.ayush/s2s_final_data/final_iteration/raw/ecmwf/reforecast/jjas_native/t2m/0622_cf.grib,42b147e49a576517ca646413761172c02c3f8b1041bb243e78c6c10adfeeb647
ecmwf,reforecast,2020-06-22,pf,t2m,daily_mean_t2m,11,planned,/storage/raj.ayush/s2s_final_data/final_iteration/raw/ecmwf/reforecast/jjas_native/t2m/0622_pf.grib,661a7c47337e38e52eeb60ab4af0f82b1d7cd281ee4a1aeffa835e680310dc9f
ecmwf,reforecast,2020-06-25,cf,t2m,daily_mean_t2m,11,planned,/storage/raj.ayush/s2s_final_data/final_iteration/raw/ecmwf/reforecast/jjas_native/t2m/0625_cf.grib,ce89c616c5d2ce3bcd3ac9f466801f8bbd7aa691171520a21db650455a80800c
ecmwf,reforecast,2020-06-25,pf,t2m,daily_mean_t2m,11,planned,/storage/raj.ayush/s2s_final_data/final_iteration/raw/ecmwf/reforecast/jjas_native/t2m/0625_pf.grib,58d30067039eae4de4c8419f051182c04c7155797936e8981678503248f47723
ecmwf,reforecast,2020-06-29,cf,t2m,daily_mean_t2m,11,planned,/storage/raj.ayush/s2s_final_data/final_iteration/raw/ecmwf/reforecast/jjas_native/t2m/0629_cf.grib,51ee57810ccb553cfb63955b1506bce89405dc8527cad6f7734358a165136a1d
ecmwf,reforecast,2020-06-29,pf,t2m,daily_mean_t2m,11,planned,/storage/raj.ayush/s2s_final_data/final_iteration/raw/ecmwf/reforecast/jjas_native/t2m/0629_pf.grib,3f449c6709357b923bef66360c82d766919b21547dc7bb7d8094861c588076d8
ecmwf,reforecast,2020-07-02,cf,t2m,daily_mean_t2m,11,planned,/storage/raj.ayush/s2s_final_data/final_iteration/raw/ecmwf/reforecast/jjas_native/t2m/0702_cf.grib,3a8cbf9a1f196a67e3ae7bf1251835d6979c7f3fbbe522405db736bd870b5b07
ecmwf,reforecast,2020-07-02,pf,t2m,daily_mean_t2m,11,planned,/storage/raj.ayush/s2s_final_data/final_iteration/raw/ecmwf/reforecast/jjas_native/t2m/0702_pf.grib,3ddde6794975f25a4812b9444e45352f3f1c910876e8c6eea22a7132050db75c
ecmwf,reforecast,2020-07-06,cf,t2m,daily_mean_t2m,11,planned,/storage/raj.ayush/s2s_final_data/final_iteration/raw/ecmwf/reforecast/jjas_native/t2m/0706_cf.grib,1cb8d265311008c130a4b7b2801438009575ae209cfea0f5f171bc9cea08fc0a
ecmwf,reforecast,2020-07-06,pf,t2m,daily_mean_t2m,11,planned,/storage/raj.ayush/s2s_final_data/final_iteration/raw/ecmwf/reforecast/jjas_native/t2m/0706_pf.grib,ed98b5cee5de9704f255a4638fb17e5d752fcc534549d8d964c1aa42e65d3e68
ecmwf,reforecast,2020-07-09,cf,t2m,daily_mean_t2m,11,planned,/storage/raj.ayush/s2s_final_data/final_iteration/raw/ecmwf/reforecast/jjas_native/t2m/0709_cf.grib,8006e7e87f6a718e8c1a59e726a92d68a7105dad8b7ba1c8494145eb08227951
ecmwf,reforecast,2020-07-09,pf,t2m,daily_mean_t2m,11,planned,/storage/raj.ayush/s2s_final_data/final_iteration/raw/ecmwf/reforecast/jjas_native/t2m/0709_pf.grib,2a4ad73976549c45b0bfcfae5699870ce6c10edd04e0f273e939a04f67b49e8f
ecmwf,reforecast,2020-07-13,cf,t2m,daily_mean_t2m,11,planned,/storage/raj.ayush/s2s_final_data/final_iteration/raw/ecmwf/reforecast/jjas_native/t2m/0713_cf.grib,625cacacfb42a0f7000383e25cb5e5b0e39d0184ed8d7e88a718aed1469c8948
ecmwf,reforecast,2020-07-13,pf,t2m,daily_mean_t2m,11,planned,/storage/raj.ayush/s2s_final_data/final_iteration/raw/ecmwf/reforecast/jjas_native/t2m/0713_pf.grib,ca46e731b7ecd2781eee624535ace8c21172f9edc7abfb0cb6a9278a83411d68
ecmwf,reforecast,2020-07-16,cf,t2m,daily_mean_t2m,11,planned,/storage/raj.ayush/s2s_final_data/final_iteration/raw/ecmwf/reforecast/jjas_native/t2m/0716_cf.grib,89abc1a3889ffb726cd2b7934855e6cc00992ace5155adfae001cd9279fbf0e6
ecmwf,reforecast,2020-07-16,pf,t2m,daily_mean_t2m,11,planned,/storage/raj.ayush/s2s_final_data/final_iteration/raw/ecmwf/reforecast/jjas_native/t2m/0716_pf.grib,99d81043c16963e84aec157c7bf59c8769e6307beccf628d668eb2b79556d337
ecmwf,reforecast,2020-07-20,cf,t2m,daily_mean_t2m,11,planned,/storage/raj.ayush/s2s_final_data/final_iteration/raw/ecmwf/reforecast/jjas_native/t2m/0720_cf.grib,6f4e0e4eeb6e5038aba5eaf85cfb47a98e5065e30fc13ef8a3e1f83d25cffc41
ecmwf,reforecast,2020-07-20,pf,t2m,daily_mean_t2m,11,planned,/storage/raj.ayush/s2s_final_data/final_iteration/raw/ecmwf/reforecast/jjas_native/t2m/0720_pf.grib,bbf403104f6a60a7ffa97b82b0c5ec002ded0dfaac528e234a19bf8954212e55
ecmwf,reforecast,2020-07-23,cf,t2m,daily_mean_t2m,11,planned,/storage/raj.ayush/s2s_final_data/final_iteration/raw/ecmwf/reforecast/jjas_native/t2m/0723_cf.grib,ef7c3ae3d26455dfec0d2fd35fcaac5e9b864805463d6fb72cdb52184b278d16
ecmwf,reforecast,2020-07-23,pf,t2m,daily_mean_t2m,11,planned,/storage/raj.ayush/s2s_final_data/final_iteration/raw/ecmwf/reforecast/jjas_native/t2m/0723_pf.grib,f036ed2f4048d97bbdbfe8194dc615f2954f309e5d945171f83df4f09aed0ffc
ecmwf,reforecast,2020-07-27,cf,t2m,daily_mean_t2m,11,planned,/storage/raj.ayush/s2s_final_data/final_iteration/raw/ecmwf/reforecast/jjas_native/t2m/0727_cf.grib,f4b491d57afb8e9c6aa7a65ceed4b162e73da1cd9e54c2d1d8fea77d06774637
ecmwf,reforecast,2020-07-27,pf,t2m,daily_mean_t2m,11,planned,/storage/raj.ayush/s2s_final_data/final_iteration/raw/ecmwf/reforecast/jjas_native/t2m/0727_pf.grib,2bb02b39fb5ff1725384eac78cfe16c020eb2a8941f473da129648efaf261e4b
ecmwf,reforecast,2020-07-30,cf,t2m,daily_mean_t2m,11,planned,/storage/raj.ayush/s2s_final_data/final_iteration/raw/ecmwf/reforecast/jjas_native/t2m/0730_cf.grib,5136456c7f6bcd545cdd898714dc2665ad3635ea34835b5773fd04535262d999
ecmwf,reforecast,2020-07-30,pf,t2m,daily_mean_t2m,11,planned,/storage/raj.ayush/s2s_final_data/final_iteration/raw/ecmwf/reforecast/jjas_native/t2m/0730_pf.grib,e4e46121cb5620d6646400d0917bd8032365026175adb258b06d41aee81001a8
ecmwf,reforecast,2020-08-03,cf,t2m,daily_mean_t2m,11,planned,/storage/raj.ayush/s2s_final_data/final_iteration/raw/ecmwf/reforecast/jjas_native/t2m/0803_cf.grib,2c75917128a94f712ad20b73a7e85e5b96a0b81bc2c7b62aa657f0ba3f7e17a8
ecmwf,reforecast,2020-08-03,pf,t2m,daily_mean_t2m,11,planned,/storage/raj.ayush/s2s_final_data/final_iteration/raw/ecmwf/reforecast/jjas_native/t2m/0803_pf.grib,4fed0c2432ca42c2536c5dbb2150385879676d573b8315408f993d35c4d09deb
ecmwf,reforecast,2020-08-06,cf,t2m,daily_mean_t2m,11,planned,/storage/raj.ayush/s2s_final_data/final_iteration/raw/ecmwf/reforecast/jjas_native/t2m/0806_cf.grib,a1b48f7fda1503d95173e415a7d5aec994f949ffe874318d8182d1d1c41ff876
ecmwf,reforecast,2020-08-06,pf,t2m,daily_mean_t2m,11,planned,/storage/raj.ayush/s2s_final_data/final_iteration/raw/ecmwf/reforecast/jjas_native/t2m/0806_pf.grib,34b687226ef0aa7525e1ea3f52b201a5430684ae898d645bc0840c9342829388
ecmwf,reforecast,2020-08-10,cf,t2m,daily_mean_t2m,11,planned,/storage/raj.ayush/s2s_final_data/final_iteration/raw/ecmwf/reforecast/jjas_native/t2m/0810_cf.grib,1d8ee8472b943f8425b499b6a26115512eab8bef43ba28c8a20b398246468859
ecmwf,reforecast,2020-08-10,pf,t2m,daily_mean_t2m,11,planned,/storage/raj.ayush/s2s_final_data/final_iteration/raw/ecmwf/reforecast/jjas_native/t2m/0810_pf.grib,025e6fd774d2ec9ecbcb2d2423cc810570003d03f74623adb069f7624b555051
ecmwf,reforecast,2020-08-13,cf,t2m,daily_mean_t2m,11,planned,/storage/raj.ayush/s2s_final_data/final_iteration/raw/ecmwf/reforecast/jjas_native/t2m/0813_cf.grib,ce27bc18cdde55d432b1efdbd44d5e545f35ecd83961a5c1f8da6ef50cead395
ecmwf,reforecast,2020-08-13,pf,t2m,daily_mean_t2m,11,planned,/storage/raj.ayush/s2s_final_data/final_iteration/raw/ecmwf/reforecast/jjas_native/t2m/0813_pf.grib,3f029196e1b660fe315adf6e51a660f422c1843f1dd418309bee3bfb95a13b3e
ecmwf,reforecast,2020-08-17,cf,t2m,daily_mean_t2m,11,planned,/storage/raj.ayush/s2s_final_data/final_iteration/raw/ecmwf/reforecast/jjas_native/t2m/0817_cf.grib,f358c9fa7e4d58828d0a73908ebb67ab62e2d839b0e9d300fd98089b8dcd2e34
ecmwf,reforecast,2020-08-17,pf,t2m,daily_mean_t2m,11,planned,/storage/raj.ayush/s2s_final_data/final_iteration/raw/ecmwf/reforecast/jjas_native/t2m/0817_pf.grib,1f3a870a7d6d55b9474d9d7039ba77157d031a9f1a63f9d31a65041cc5636ae8
ecmwf,reforecast,2020-08-20,cf,t2m,daily_mean_t2m,11,planned,/storage/raj.ayush/s2s_final_data/final_iteration/raw/ecmwf/reforecast/jjas_native/t2m/0820_cf.grib,93e987241d236f433928b07e1544feb7fdf9b2518899b05373beab643b121199
ecmwf,reforecast,2020-08-20,pf,t2m,daily_mean_t2m,11,planned,/storage/raj.ayush/s2s_final_data/final_iteration/raw/ecmwf/reforecast/jjas_native/t2m/0820_pf.grib,4961897ddcfa945d9fe17c6360489ec45a2c1d24f4cbbef77ed26db1172221be
ecmwf,reforecast,2020-08-24,cf,t2m,daily_mean_t2m,11,planned,/storage/raj.ayush/s2s_final_data/final_iteration/raw/ecmwf/reforecast/jjas_native/t2m/0824_cf.grib,286f6eb712c0018837dc78595cca3c8ad97891d76498aeb7aa3af391cb99ee6a
ecmwf,reforecast,2020-08-24,pf,t2m,daily_mean_t2m,11,planned,/storage/raj.ayush/s2s_final_data/final_iteration/raw/ecmwf/reforecast/jjas_native/t2m/0824_pf.grib,a3012e7ccb9904a4cf21d784c857b5d2bad938185562edf2d1400e040cddc080
ecmwf,reforecast,2020-08-27,cf,t2m,daily_mean_t2m,11,planned,/storage/raj.ayush/s2s_final_data/final_iteration/raw/ecmwf/reforecast/jjas_native/t2m/0827_cf.grib,536538b8b0bd141e18a98fa0d68e0c9c27929c2c2569c85c6175434842f689db
ecmwf,reforecast,2020-08-27,pf,t2m,daily_mean_t2m,11,planned,/storage/raj.ayush/s2s_final_data/final_iteration/raw/ecmwf/reforecast/jjas_native/t2m/0827_pf.grib,bb7306c3d4777f708fecb2d848bb706365011603b6b5b4d4162a02826fcba67a
ecmwf,reforecast,2020-08-31,cf,t2m,daily_mean_t2m,11,planned,/storage/raj.ayush/s2s_final_data/final_iteration/raw/ecmwf/reforecast/jjas_native/t2m/0831_cf.grib,09f2f6b763d55739e402835d70de2d9a7cca056365f8f4a8ad72a95634fd4806
ecmwf,reforecast,2020-08-31,pf,t2m,daily_mean_t2m,11,planned,/storage/raj.ayush/s2s_final_data/final_iteration/raw/ecmwf/reforecast/jjas_native/t2m/0831_pf.grib,04e6a70e2579c29c4fa09954c109e232f0db98135732bfa03b2d606f2f0d7be9
ecmwf,reforecast,2020-09-03,cf,t2m,daily_mean_t2m,11,planned,/storage/raj.ayush/s2s_final_data/final_iteration/raw/ecmwf/reforecast/jjas_native/t2m/0903_cf.grib,87a26d589654dffb33fb2a45fb096603ca6555a8bdcfc41d12f87af5fb56118e
ecmwf,reforecast,2020-09-03,pf,t2m,daily_mean_t2m,11,planned,/storage/raj.ayush/s2s_final_data/final_iteration/raw/ecmwf/reforecast/jjas_native/t2m/0903_pf.grib,0a6f6906684417e393d60e36e2cd6783c57dc2f55f61585940f811b56704da22
ecmwf,reforecast,2020-09-07,cf,t2m,daily_mean_t2m,11,planned,/storage/raj.ayush/s2s_final_data/final_iteration/raw/ecmwf/reforecast/jjas_native/t2m/0907_cf.grib,700b00333585b3547af6cc066392703f9f61e4570ee1725c9a5cb3379d6611cb
ecmwf,reforecast,2020-09-07,pf,t2m,daily_mean_t2m,11,planned,/storage/raj.ayush/s2s_final_data/final_iteration/raw/ecmwf/reforecast/jjas_native/t2m/0907_pf.grib,5f5d50d29f0d76fdb5d24f6dc2b629dd76ca8a36bef753d72b41334ebb9954df
ecmwf,reforecast,2020-09-10,cf,t2m,daily_mean_t2m,11,planned,/storage/raj.ayush/s2s_final_data/final_iteration/raw/ecmwf/reforecast/jjas_native/t2m/0910_cf.grib,e2e02769f64b3e3a019ad3e7358f601c8e5225f75b5a962d8dac266b28d62376
ecmwf,reforecast,2020-09-10,pf,t2m,daily_mean_t2m,11,planned,/storage/raj.ayush/s2s_final_data/final_iteration/raw/ecmwf/reforecast/jjas_native/t2m/0910_pf.grib,c17925c86373aca623aece717ba26e3c2509eb88bce7b7e13ea414df9004b8c1
ecmwf,reforecast,2020-09-14,cf,t2m,daily_mean_t2m,11,planned,/storage/raj.ayush/s2s_final_data/final_iteration/raw/ecmwf/reforecast/jjas_native/t2m/0914_cf.grib,e093863df100e0b95458e439f2d4ceae3b0cb63ac3501de72a6781ea9154372c
ecmwf,reforecast,2020-09-14,pf,t2m,daily_mean_t2m,11,planned,/storage/raj.ayush/s2s_final_data/final_iteration/raw/ecmwf/reforecast/jjas_native/t2m/0914_pf.grib,7a7d0b8366cb58f32f71b472b0c2f63181ae21b63108be897b6e08d85dbe9bb7
ecmwf,reforecast,2020-09-17,cf,t2m,daily_mean_t2m,11,planned,/storage/raj.ayush/s2s_final_data/final_iteration/raw/ecmwf/reforecast/jjas_native/t2m/0917_cf.grib,003009fc15879c7bd56054e0d407a1ad06254ef0d1dfd1e1b032d170e346e559
ecmwf,reforecast,2020-09-17,pf,t2m,daily_mean_t2m,11,planned,/storage/raj.ayush/s2s_final_data/final_iteration/raw/ecmwf/reforecast/jjas_native/t2m/0917_pf.grib,36a732fe50f4c8ce1cc24cb5a9786cc8ada83ca2ef68cae2eac774f7f2207591
ecmwf,reforecast,2020-09-21,cf,t2m,daily_mean_t2m,11,planned,/storage/raj.ayush/s2s_final_data/final_iteration/raw/ecmwf/reforecast/jjas_native/t2m/0921_cf.grib,101e6d08ff8d14f41de5a7b35da31103a5bf81af536bf9ecc0c38311c15635c5
ecmwf,reforecast,2020-09-21,pf,t2m,daily_mean_t2m,11,planned,/storage/raj.ayush/s2s_final_data/final_iteration/raw/ecmwf/reforecast/jjas_native/t2m/0921_pf.grib,4b4dd260350b5cdf26f0621cd1d82b2a9c8e443ea9b8ebe7460a7ffff9987156
ecmwf,reforecast,2020-09-24,cf,t2m,daily_mean_t2m,11,planned,/storage/raj.ayush/s2s_final_data/final_iteration/raw/ecmwf/reforecast/jjas_native/t2m/0924_cf.grib,1a983756a50dbbb55119f936af81d6916e134a7de0d73f80e2d7ded94c8e2d1d
ecmwf,reforecast,2020-09-24,pf,t2m,daily_mean_t2m,11,planned,/storage/raj.ayush/s2s_final_data/final_iteration/raw/ecmwf/reforecast/jjas_native/t2m/0924_pf.grib,dc08ae35b2b3e4756848a857d92a8ef746473392c793d6b5b5f274f1397449ae
ecmwf,reforecast,2020-09-28,cf,t2m,daily_mean_t2m,11,planned,/storage/raj.ayush/s2s_final_data/final_iteration/raw/ecmwf/reforecast/jjas_native/t2m/0928_cf.grib,d64fe8a20d46c9dfc207a03f8e6bce5c0199e3cd2736d6733bbf76d7635963da
ecmwf,reforecast,2020-09-28,pf,t2m,daily_mean_t2m,11,planned,/storage/raj.ayush/s2s_final_data/final_iteration/raw/ecmwf/reforecast/jjas_native/t2m/0928_pf.grib,bf8c6c684b808f55a756266c1a2f7200e01d9256df629bdab102d8f412273528
ecmwf,reforecast,2020-06-01,cf,tp,not_applicable,11,reuse_existing,/storage/raj.ayush/archive/All_Model_Data/models/ecmwf/data/tp_cf_0601.grib,24e5b3184124102332e474ce7d24915e1dbb1ed30e6ad4095d1343bf3ea66aef
ecmwf,reforecast,2020-06-01,pf,tp,not_applicable,11,reuse_existing,/storage/raj.ayush/archive/All_Model_Data/models/ecmwf/data/tp_pf_0601.grib,22bbcdfcdbe1041fa4e9878be6dbf485bc5011198439d5e381f25688ea3ca4ed
ecmwf,reforecast,2020-06-04,cf,tp,not_applicable,11,reuse_existing,/storage/raj.ayush/archive/All_Model_Data/models/ecmwf/data/tp_cf_0604.grib,3d01be6919338ea9e40816bf19a14e81f65448851f3746365e84522e110ed77d
ecmwf,reforecast,2020-06-04,pf,tp,not_applicable,11,reuse_existing,/storage/raj.ayush/archive/All_Model_Data/models/ecmwf/data/tp_pf_0604.grib,b91618b75757c082eaedf7e6ebd85398eeda0aa94d8a83dfbe04fde443f74a1e
ecmwf,reforecast,2020-06-08,cf,tp,not_applicable,11,reuse_existing,/storage/raj.ayush/archive/All_Model_Data/models/ecmwf/data/tp_cf_0608.grib,a8177e5e3fbe8a1c69453ada96d9db7e4fc9d61658e5e94976d0d8bebcd9e911
ecmwf,reforecast,2020-06-08,pf,tp,not_applicable,11,reuse_existing,/storage/raj.ayush/archive/All_Model_Data/models/ecmwf/data/tp_pf_0608.grib,a57e983e055451cf144156ef984855ff07f76eb575f72a6404aad386a97227f2
ecmwf,reforecast,2020-06-11,cf,tp,not_applicable,11,reuse_existing,/storage/raj.ayush/archive/All_Model_Data/models/ecmwf/data/tp_cf_0611.grib,8ef4690c81b047019069675d748fdef2cd6661125da56eea40eea811fe308a72
ecmwf,reforecast,2020-06-11,pf,tp,not_applicable,11,reuse_existing,/storage/raj.ayush/archive/All_Model_Data/models/ecmwf/data/tp_pf_0611.grib,8142126994b2da46846397b849384dd71c38737e621b9400a993f7cc32ddc485
ecmwf,reforecast,2020-06-15,cf,tp,not_applicable,11,reuse_existing,/storage/raj.ayush/archive/All_Model_Data/models/ecmwf/data/tp_cf_0615.grib,14a7e6ebdb713ff8028cb8bde8e91bdd3c25827593392d56e60c72caf8a66ca1
ecmwf,reforecast,2020-06-15,pf,tp,not_applicable,11,reuse_existing,/storage/raj.ayush/archive/All_Model_Data/models/ecmwf/data/tp_pf_0615.grib,8f9daeb913584ed172554a333bd2ceacf26aabde07b695fab75e73910126dbd4
ecmwf,reforecast,2020-06-18,cf,tp,not_applicable,11,reuse_existing,/storage/raj.ayush/archive/All_Model_Data/models/ecmwf/data/tp_cf_0618.grib,5540a12b2693f520196dcb4cfa1124f3797b68061565c4a179990d0af6a78e69
ecmwf,reforecast,2020-06-18,pf,tp,not_applicable,11,reuse_existing,/storage/raj.ayush/archive/All_Model_Data/models/ecmwf/data/tp_pf_0618.grib,39f85e74a53650c990676643c240afb648d296e97d0e17cc925959ee62452680
ecmwf,reforecast,2020-06-22,cf,tp,not_applicable,11,reuse_existing,/storage/raj.ayush/archive/All_Model_Data/models/ecmwf/data/tp_cf_0622.grib,f70005e7b5abb1dfc43ca6bb4067644d201f60bb350aeb7f9b7327cb4ed93f31
ecmwf,reforecast,2020-06-22,pf,tp,not_applicable,11,reuse_existing,/storage/raj.ayush/archive/All_Model_Data/models/ecmwf/data/tp_pf_0622.grib,1c7ad1f2c5700cb7f707230a011fffa42f8e20bc38f37155a4af05563591dec9
ecmwf,reforecast,2020-06-25,cf,tp,not_applicable,11,reuse_existing,/storage/raj.ayush/archive/All_Model_Data/models/ecmwf/data/tp_cf_0625.grib,d70f3023d7096a1b701670ab059b1d0c4e7831872bbeb54ee703ee5c187fd258
ecmwf,reforecast,2020-06-25,pf,tp,not_applicable,11,reuse_existing,/storage/raj.ayush/archive/All_Model_Data/models/ecmwf/data/tp_pf_0625.grib,17857a327a3b0b5f02902ecda6510e644c10d301ca589ec0d4918f884c619090
ecmwf,reforecast,2020-06-29,cf,tp,not_applicable,11,reuse_existing,/storage/raj.ayush/archive/All_Model_Data/models/ecmwf/data/tp_cf_0629.grib,a373ed7a8ea87c62d12226940c6c9ae3b9ec5a3cd4a9cc83c7cea9920248689c
ecmwf,reforecast,2020-06-29,pf,tp,not_applicable,11,reuse_existing,/storage/raj.ayush/archive/All_Model_Data/models/ecmwf/data/tp_pf_0629.grib,ccaf6d3f372921fa007f2e466a9565ae67124ac9dae955d91dd14ce5ecccfdc2
ecmwf,reforecast,2020-07-02,cf,tp,not_applicable,11,reuse_existing,/storage/raj.ayush/archive/All_Model_Data/models/ecmwf/data/tp_cf_0702.grib,ab0ef2f14ae0f4276dd1eb0a44ae7b824cd9915dead72821b778164c0dcc15b6
ecmwf,reforecast,2020-07-02,pf,tp,not_applicable,11,reuse_existing,/storage/raj.ayush/archive/All_Model_Data/models/ecmwf/data/tp_pf_0702.grib,55cd877880be23170553e936c3d6e7bc6026e1d7bd959440ba2aec1c192b6d23
ecmwf,reforecast,2020-07-06,cf,tp,not_applicable,11,reuse_existing,/storage/raj.ayush/archive/All_Model_Data/models/ecmwf/data/tp_cf_0706.grib,078c873585b8a732a09107518740146b65e4bee3b62b810e29450521baf07928
ecmwf,reforecast,2020-07-06,pf,tp,not_applicable,11,reuse_existing,/storage/raj.ayush/archive/All_Model_Data/models/ecmwf/data/tp_pf_0706.grib,08c57c993e39a12561f9bbbab3abec71a32fd42bc18f38971c228865f4b929f7
ecmwf,reforecast,2020-07-09,cf,tp,not_applicable,11,reuse_existing,/storage/raj.ayush/archive/All_Model_Data/models/ecmwf/data/tp_cf_0709.grib,8708a8e9d2c67b762b80c9cb67505e4a6c2c4ce8c983cb7e6dc0fc4b8669b0f8
ecmwf,reforecast,2020-07-09,pf,tp,not_applicable,11,reuse_existing,/storage/raj.ayush/archive/All_Model_Data/models/ecmwf/data/tp_pf_0709.grib,0569cc9d91aee5cac9fe81ecf56a8c25e3e60518d855a0957869f877dec786ae
ecmwf,reforecast,2020-07-13,cf,tp,not_applicable,11,reuse_existing,/storage/raj.ayush/archive/All_Model_Data/models/ecmwf/data/tp_cf_0713.grib,6a7b708464c6b1c13681e5a99323371327ce5c4e5dda91ead337ae1421ef7a93
ecmwf,reforecast,2020-07-13,pf,tp,not_applicable,11,reuse_existing,/storage/raj.ayush/archive/All_Model_Data/models/ecmwf/data/tp_pf_0713.grib,aa716a041d6c78428c970f8f7cd49a25f6e1125c337f673d8d5b34403e6d1c69
ecmwf,reforecast,2020-07-16,cf,tp,not_applicable,11,reuse_existing,/storage/raj.ayush/archive/All_Model_Data/models/ecmwf/data/tp_cf_0716.grib,fd3f0bb682bcd442693821d06acea9e1b7abaa7068325bfd2c36a135f8d98bd1
ecmwf,reforecast,2020-07-16,pf,tp,not_applicable,11,reuse_existing,/storage/raj.ayush/archive/All_Model_Data/models/ecmwf/data/tp_pf_0716.grib,35fe591daa8f15bc481660ec0f7bb5906ab189fd846e593ffea108dcb4377da7
ecmwf,reforecast,2020-07-20,cf,tp,not_applicable,11,reuse_existing,/storage/raj.ayush/archive/All_Model_Data/models/ecmwf/data/tp_cf_0720.grib,c12e6cd1dee2c6187f8f110c7b1dc992adbbe673eab9d873d950f7ecdbd447bf
ecmwf,reforecast,2020-07-20,pf,tp,not_applicable,11,reuse_existing,/storage/raj.ayush/archive/All_Model_Data/models/ecmwf/data/tp_pf_0720.grib,110a1bb97d5ae99e7e22f6c68765d53c45faac2fb9c974f7d10d839140f2507e
ecmwf,reforecast,2020-07-23,cf,tp,not_applicable,11,reuse_existing,/storage/raj.ayush/archive/All_Model_Data/models/ecmwf/data/tp_cf_0723.grib,657608beb9a51b10a4b3f4ad29011e45215346609a293585a46ce5620a445064
ecmwf,reforecast,2020-07-23,pf,tp,not_applicable,11,reuse_existing,/storage/raj.ayush/archive/All_Model_Data/models/ecmwf/data/tp_pf_0723.grib,8e09bf9cdc5bc301c17f8493d0d2b8bdbbb3ad480d9a9bf46eb4f2747dbafb67
ecmwf,reforecast,2020-07-27,cf,tp,not_applicable,11,reuse_existing,/storage/raj.ayush/archive/All_Model_Data/models/ecmwf/data/tp_cf_0727.grib,f11525f013dc22632960328fb9b5d82f2ce24225110d072258f4824315b54f48
ecmwf,reforecast,2020-07-27,pf,tp,not_applicable,11,reuse_existing,/storage/raj.ayush/archive/All_Model_Data/models/ecmwf/data/tp_pf_0727.grib,e27f01b945efd3cbd559fb0b95d274bfdb7e45a22c659162fa32d3c06ed4854e
ecmwf,reforecast,2020-07-30,cf,tp,not_applicable,11,reuse_existing,/storage/raj.ayush/archive/All_Model_Data/models/ecmwf/data/tp_cf_0730.grib,ddca9e42af1bf8802b993db26a54ec26ebaf95d75d8a125786be8dc5d6447025
ecmwf,reforecast,2020-07-30,pf,tp,not_applicable,11,reuse_existing,/storage/raj.ayush/archive/All_Model_Data/models/ecmwf/data/tp_pf_0730.grib,6cdb2390657a67206911609abddc869b9b4f6b6a4d7955c4bc81a8e15861f1f4
ecmwf,reforecast,2020-08-03,cf,tp,not_applicable,11,reuse_existing,/storage/raj.ayush/archive/All_Model_Data/models/ecmwf/data/tp_cf_0803.grib,440ef53b7131f3132ce5c71ab94058d77ac5edc9f3614f2f376a041d5ffceaa8
ecmwf,reforecast,2020-08-03,pf,tp,not_applicable,11,reuse_existing,/storage/raj.ayush/archive/All_Model_Data/models/ecmwf/data/tp_pf_0803.grib,64a8730f65245df8662c4f49c5736d92de95620bbb8da0147f0ef429808227e9
ecmwf,reforecast,2020-08-06,cf,tp,not_applicable,11,reuse_existing,/storage/raj.ayush/archive/All_Model_Data/models/ecmwf/data/tp_cf_0806.grib,db2e3475806ef9aec929eab35860ef3c01dbe6523c19fc536f10b76b3a06805d
ecmwf,reforecast,2020-08-06,pf,tp,not_applicable,11,reuse_existing,/storage/raj.ayush/archive/All_Model_Data/models/ecmwf/data/tp_pf_0806.grib,2b2303213554179fa5ddfb081a3a74faa87423225c85d87d034360eb476e57d6
ecmwf,reforecast,2020-08-10,cf,tp,not_applicable,11,reuse_existing,/storage/raj.ayush/archive/All_Model_Data/models/ecmwf/data/tp_cf_0810.grib,eeeeae3a04aeb7e388a1699ef43756caa7b04bdca6569a80bba0f34181880560
ecmwf,reforecast,2020-08-10,pf,tp,not_applicable,11,reuse_existing,/storage/raj.ayush/archive/All_Model_Data/models/ecmwf/data/tp_pf_0810.grib,32939c58a3ccf9fe2d7d49c48e984e098fac54fc5773a28284ef31bec0a5ce4a
ecmwf,reforecast,2020-08-13,cf,tp,not_applicable,11,reuse_existing,/storage/raj.ayush/archive/All_Model_Data/models/ecmwf/data/tp_cf_0813.grib,50b81cc72c36a32d78c311325235931e76a33b6d8a9cab9b2f02e12fcaa64220
ecmwf,reforecast,2020-08-13,pf,tp,not_applicable,11,reuse_existing,/storage/raj.ayush/archive/All_Model_Data/models/ecmwf/data/tp_pf_0813.grib,cadce4800e0f7ef6bb2a8150152f7d2b4ac42834915b7d81067b325158694ece
ecmwf,reforecast,2020-08-17,cf,tp,not_applicable,11,reuse_existing,/storage/raj.ayush/archive/All_Model_Data/models/ecmwf/data/tp_cf_0817.grib,981c513552e9ec19cea2d978cdf9f5c84c235e8fb2c178eba45f75d5c9092496
ecmwf,reforecast,2020-08-17,pf,tp,not_applicable,11,reuse_existing,/storage/raj.ayush/archive/All_Model_Data/models/ecmwf/data/tp_pf_0817.grib,cba8b5ee3e577bf51e76c0f32e04528477c8483c9b1b7d6fb71ae75910408301
ecmwf,reforecast,2020-08-20,cf,tp,not_applicable,11,reuse_existing,/storage/raj.ayush/archive/All_Model_Data/models/ecmwf/data/tp_cf_0820.grib,092b990eb6d8caf347c4ccf4d1a92a3d447a6412751fa04b6dc368dd527922f9
ecmwf,reforecast,2020-08-20,pf,tp,not_applicable,11,reuse_existing,/storage/raj.ayush/archive/All_Model_Data/models/ecmwf/data/tp_pf_0820.grib,eb540b671ebe69d795802ea36e24dd04de8c49de0305733213e8f91893ecc46e
ecmwf,reforecast,2020-08-24,cf,tp,not_applicable,11,reuse_existing,/storage/raj.ayush/archive/All_Model_Data/models/ecmwf/data/tp_cf_0824.grib,5726d6faee338c825b08a08156830fb45d0a3709d813e9f5d9325cc0d7f03a71
ecmwf,reforecast,2020-08-24,pf,tp,not_applicable,11,reuse_existing,/storage/raj.ayush/archive/All_Model_Data/models/ecmwf/data/tp_pf_0824.grib,b9d57d9d6376997da121b00596a855e1041e507cc8764115dec083f9d326520a
ecmwf,reforecast,2020-08-27,cf,tp,not_applicable,11,reuse_existing,/storage/raj.ayush/archive/All_Model_Data/models/ecmwf/data/tp_cf_0827.grib,ff1ab5b7bb4ddf3d54128b41d8b0b44a5a4c5427779a2287770709170b04c588
ecmwf,reforecast,2020-08-27,pf,tp,not_applicable,11,reuse_existing,/storage/raj.ayush/archive/All_Model_Data/models/ecmwf/data/tp_pf_0827.grib,0c14eb72efa968cd1987d53927885d3737784ffe2f3958b6cd4af2c34511e140
ecmwf,reforecast,2020-08-31,cf,tp,not_applicable,11,reuse_existing,/storage/raj.ayush/archive/All_Model_Data/models/ecmwf/data/tp_cf_0831.grib,5cbddc802fca6dfb8d1d4b1fc055299f174bee21928b5f8e7ffa2bc21893c692
ecmwf,reforecast,2020-08-31,pf,tp,not_applicable,11,reuse_existing,/storage/raj.ayush/archive/All_Model_Data/models/ecmwf/data/tp_pf_0831.grib,e3461540babb678b49e282dd9806712474e35f20b2bc5b8ed556682354d0180a
ecmwf,reforecast,2020-09-03,cf,tp,not_applicable,11,reuse_existing,/storage/raj.ayush/archive/All_Model_Data/models/ecmwf/data/tp_cf_0903.grib,8c510bfcc90c1e4dedd7f57471531d9aef521bc8b1af081cebbd2bc6b165345f
ecmwf,reforecast,2020-09-03,pf,tp,not_applicable,11,reuse_existing,/storage/raj.ayush/archive/All_Model_Data/models/ecmwf/data/tp_pf_0903.grib,51de85a06158b0f796be0832a4704c7e0e02829b5dd42bd7a781c275846b36f5
ecmwf,reforecast,2020-09-07,cf,tp,not_applicable,11,reuse_existing,/storage/raj.ayush/archive/All_Model_Data/models/ecmwf/data/tp_cf_0907.grib,a19be05a32660e48cf474d1fc191c11611947982f15d8a443d3e6d5ae7f0619c
ecmwf,reforecast,2020-09-07,pf,tp,not_applicable,11,reuse_existing,/storage/raj.ayush/archive/All_Model_Data/models/ecmwf/data/tp_pf_0907.grib,97ecff2419d85a099d457c9581369c1aeebc1023981169fc09e85ce243983a0d
ecmwf,reforecast,2020-09-10,cf,tp,not_applicable,11,reuse_existing,/storage/raj.ayush/archive/All_Model_Data/models/ecmwf/data/tp_cf_0910.grib,6f99df43abde6cffed2763c059b4bcc2c8f8ef36a2674424353ff7ffe30388b8
ecmwf,reforecast,2020-09-10,pf,tp,not_applicable,11,reuse_existing,/storage/raj.ayush/archive/All_Model_Data/models/ecmwf/data/tp_pf_0910.grib,b4b0637ec1fcf1e6abb3cf0857de6c6759534333eeaa25fde107c9a69e0c95cf
ecmwf,reforecast,2020-09-14,cf,tp,not_applicable,11,reuse_existing,/storage/raj.ayush/archive/All_Model_Data/models/ecmwf/data/tp_cf_0914.grib,0d6aeadd9530f230ac184a77d368e8a41852972639273dbc3dbc979944fc6c23
ecmwf,reforecast,2020-09-14,pf,tp,not_applicable,11,reuse_existing,/storage/raj.ayush/archive/All_Model_Data/models/ecmwf/data/tp_pf_0914.grib,b4765b4ba2e10a7d83c77c57999568290654924eec9e6b2d1c283e627894e39a
ecmwf,reforecast,2020-09-17,cf,tp,not_applicable,11,reuse_existing,/storage/raj.ayush/archive/All_Model_Data/models/ecmwf/data/tp_cf_0917.grib,6d473529d1856864f7c354389e7fd07e3e34ad8b91e83360979c3e4133fc6526
ecmwf,reforecast,2020-09-17,pf,tp,not_applicable,11,reuse_existing,/storage/raj.ayush/archive/All_Model_Data/models/ecmwf/data/tp_pf_0917.grib,c8a3d9d5c945924a7a01dca91b5940a92bae99325bd696f6b69c97aa9e7c7494
ecmwf,reforecast,2020-09-21,cf,tp,not_applicable,11,reuse_existing,/storage/raj.ayush/archive/All_Model_Data/models/ecmwf/data/tp_cf_0921.grib,88a85ba62560d261427ff99a705f99a20834edf3a032217be2ae5d084bd5d71d
ecmwf,reforecast,2020-09-21,pf,tp,not_applicable,11,reuse_existing,/storage/raj.ayush/archive/All_Model_Data/models/ecmwf/data/tp_pf_0921.grib,a9b717dcfde838c1e807f33ab0946ceb07e8b45503ab84bd98511c5ad7b693d2
ecmwf,reforecast,2020-09-24,cf,tp,not_applicable,11,reuse_existing,/storage/raj.ayush/archive/All_Model_Data/models/ecmwf/data/tp_cf_0924.grib,17261c7affbea9b99ef1dd54aa75a921e6ecc40f0e160eebff1d3144ff565b30
ecmwf,reforecast,2020-09-24,pf,tp,not_applicable,11,reuse_existing,/storage/raj.ayush/archive/All_Model_Data/models/ecmwf/data/tp_pf_0924.grib,49acfbf07ef3e4fe8884cc40befc38ab8a6df752c5c81226e34fb600780b08e3
ecmwf,reforecast,2020-09-28,cf,tp,not_applicable,11,reuse_existing,/storage/raj.ayush/archive/All_Model_Data/models/ecmwf/data/tp_cf_0928.grib,292a6c6ae271b1f12deee8fe07d93d716a3b30b51a3b96843e14bd143bded589
ecmwf,reforecast,2020-09-28,pf,tp,not_applicable,11,reuse_existing,/storage/raj.ayush/archive/All_Model_Data/models/ecmwf/data/tp_pf_0928.grib,2ea9cfe2ea362f997f8a448ad3a2bdc7b012b2e6c186463d29718bbf90949ac4
ukmo,reforecast,2025-06-01,cf,tp,not_applicable,7,planned,/storage/raj.ayush/s2s_final_data/final_iteration/raw/ukmo/reforecast/jjas_native/tp/0601_cf.grib,7aa7bd2c9490ff4b79063381db9a46a8d49d7f4b6ddaa3fc5951f1fb79e31dd9
ukmo,reforecast,2025-06-01,pf,tp,not_applicable,7,planned,/storage/raj.ayush/s2s_final_data/final_iteration/raw/ukmo/reforecast/jjas_native/tp/0601_pf.grib,e8aea953f4e847da38a06524eb16a96bc8acf8efe3538d6a1d37d06f62ec2936
ukmo,reforecast,2025-06-01,cf,t2m,daily_mean_t2m,7,planned,/storage/raj.ayush/s2s_final_data/final_iteration/raw/ukmo/reforecast/jjas_native/t2m/0601_cf.grib,4ed166f4dcf17063032f9cad240a52a26d712f602b5bd0f4d1d55c4e83ab0b1b
ukmo,reforecast,2025-06-01,pf,t2m,daily_mean_t2m,7,planned,/storage/raj.ayush/s2s_final_data/final_iteration/raw/ukmo/reforecast/jjas_native/t2m/0601_pf.grib,e59fb0c70de36db02ca43b068c5b8e43b3d269c560e064bd01ffb2772ce22bdc
ukmo,reforecast,2025-06-09,cf,tp,not_applicable,7,planned,/storage/raj.ayush/s2s_final_data/final_iteration/raw/ukmo/reforecast/jjas_native/tp/0609_cf.grib,e90fa3d6c4354e3ee89ae93b77997e33b350729330f7d153e1217368665b9f7c
ukmo,reforecast,2025-06-09,pf,tp,not_applicable,7,planned,/storage/raj.ayush/s2s_final_data/final_iteration/raw/ukmo/reforecast/jjas_native/tp/0609_pf.grib,d9db128d3ff0e9730ed1faf66420109f6341153cb4a349b866d11a0af729bd30
ukmo,reforecast,2025-06-09,cf,t2m,daily_mean_t2m,7,planned,/storage/raj.ayush/s2s_final_data/final_iteration/raw/ukmo/reforecast/jjas_native/t2m/0609_cf.grib,5c1d019357a84c94b4de6369f550275cf4881d38aa97bf0fca1a38b332d5580b
ukmo,reforecast,2025-06-09,pf,t2m,daily_mean_t2m,7,planned,/storage/raj.ayush/s2s_final_data/final_iteration/raw/ukmo/reforecast/jjas_native/t2m/0609_pf.grib,e39501cc2e1b0eae76a14ff8381a9597b71101a7e8556ee60988ad4a57d6f524
ukmo,reforecast,2025-06-17,cf,tp,not_applicable,7,planned,/storage/raj.ayush/s2s_final_data/final_iteration/raw/ukmo/reforecast/jjas_native/tp/0617_cf.grib,afc1c2e8f1ba557c24db6a35bfcb069dce4d9e1b53e96555f14a16970e85020d
ukmo,reforecast,2025-06-17,pf,tp,not_applicable,7,planned,/storage/raj.ayush/s2s_final_data/final_iteration/raw/ukmo/reforecast/jjas_native/tp/0617_pf.grib,17fcaf8ea9e78fa449d11409a534f8f39dbd4c94692af53a9e9e5c265c5431df
ukmo,reforecast,2025-06-17,cf,t2m,daily_mean_t2m,7,planned,/storage/raj.ayush/s2s_final_data/final_iteration/raw/ukmo/reforecast/jjas_native/t2m/0617_cf.grib,d60189ba3a6716394276ae831ab3f1b9aca25db3fade658c1622a86fd6cf2446
ukmo,reforecast,2025-06-17,pf,t2m,daily_mean_t2m,7,planned,/storage/raj.ayush/s2s_final_data/final_iteration/raw/ukmo/reforecast/jjas_native/t2m/0617_pf.grib,6bfced34b15e1937c79dad3c3594bea800bee0672d6d33815da101710cffad4c
ukmo,reforecast,2025-06-25,cf,tp,not_applicable,7,planned,/storage/raj.ayush/s2s_final_data/final_iteration/raw/ukmo/reforecast/jjas_native/tp/0625_cf.grib,136a82cc236d368cf6c399440c8e387e668c1e9129b6809e5c2388b132b19434
ukmo,reforecast,2025-06-25,pf,tp,not_applicable,7,planned,/storage/raj.ayush/s2s_final_data/final_iteration/raw/ukmo/reforecast/jjas_native/tp/0625_pf.grib,b6e8417afeb42dbba0969e43bcd4010e8b3f28bf6b5a60d5e04bf5b5761c443f
ukmo,reforecast,2025-06-25,cf,t2m,daily_mean_t2m,7,planned,/storage/raj.ayush/s2s_final_data/final_iteration/raw/ukmo/reforecast/jjas_native/t2m/0625_cf.grib,4954a8d236568c54e1a712ae3e8c88528d1fd898b5bc8105d0f761a3539a9df8
ukmo,reforecast,2025-06-25,pf,t2m,daily_mean_t2m,7,planned,/storage/raj.ayush/s2s_final_data/final_iteration/raw/ukmo/reforecast/jjas_native/t2m/0625_pf.grib,69ed9d699ecfbf7b723368818adf06dc695d6247aa2c2a42c48cd33559d96a29
ukmo,reforecast,2025-07-01,cf,tp,not_applicable,7,planned,/storage/raj.ayush/s2s_final_data/final_iteration/raw/ukmo/reforecast/jjas_native/tp/0701_cf.grib,a9481d7e2d7f2e158bbfe251bc58c0ab39092321e00d51ac27fcd5b7e8b7433f
ukmo,reforecast,2025-07-01,pf,tp,not_applicable,7,planned,/storage/raj.ayush/s2s_final_data/final_iteration/raw/ukmo/reforecast/jjas_native/tp/0701_pf.grib,5092d01e0a11276815c3418a7c441809ab8001e1c1ced443ebc45aa324743cbe
ukmo,reforecast,2025-07-01,cf,t2m,daily_mean_t2m,7,planned,/storage/raj.ayush/s2s_final_data/final_iteration/raw/ukmo/reforecast/jjas_native/t2m/0701_cf.grib,9163c2cfd04bd8c22b456d3d55abe8c8846a612708b7538c25816d9eca1cc20f
ukmo,reforecast,2025-07-01,pf,t2m,daily_mean_t2m,7,planned,/storage/raj.ayush/s2s_final_data/final_iteration/raw/ukmo/reforecast/jjas_native/t2m/0701_pf.grib,9f5abd56bbb85160c4f339c5d2b9e38bec117e85f09ac163e60f2e1a05588724
ukmo,reforecast,2025-07-09,cf,tp,not_applicable,7,planned,/storage/raj.ayush/s2s_final_data/final_iteration/raw/ukmo/reforecast/jjas_native/tp/0709_cf.grib,b30804ec4fb8614903e0613a57baf4c44ec10dabcaaf4c1a6388ee67492fe1c9
ukmo,reforecast,2025-07-09,pf,tp,not_applicable,7,planned,/storage/raj.ayush/s2s_final_data/final_iteration/raw/ukmo/reforecast/jjas_native/tp/0709_pf.grib,9f10798cbe1d37855e6e8f26fae7b82f3ae375f2b180a8e38f5987aacd5e9130
ukmo,reforecast,2025-07-09,cf,t2m,daily_mean_t2m,7,planned,/storage/raj.ayush/s2s_final_data/final_iteration/raw/ukmo/reforecast/jjas_native/t2m/0709_cf.grib,05523bcc912eb80f8904cc5d0c8569e03a20c616ede42fe2d901a707563bfede
ukmo,reforecast,2025-07-09,pf,t2m,daily_mean_t2m,7,planned,/storage/raj.ayush/s2s_final_data/final_iteration/raw/ukmo/reforecast/jjas_native/t2m/0709_pf.grib,bb855b0bba25138cd72605f7d91a6cd7779c397e858eaee0276bc143d0843c3f
ukmo,reforecast,2025-07-17,cf,tp,not_applicable,7,planned,/storage/raj.ayush/s2s_final_data/final_iteration/raw/ukmo/reforecast/jjas_native/tp/0717_cf.grib,5e42c7301f8e37ab4f18cf9c20faced0894cd9aa9097bc2223f5f527c9ee9284
ukmo,reforecast,2025-07-17,pf,tp,not_applicable,7,planned,/storage/raj.ayush/s2s_final_data/final_iteration/raw/ukmo/reforecast/jjas_native/tp/0717_pf.grib,00f22211a39658e5d94a95ed9470378c2f7610743cb7512af7989ebef3d69f24
ukmo,reforecast,2025-07-17,cf,t2m,daily_mean_t2m,7,planned,/storage/raj.ayush/s2s_final_data/final_iteration/raw/ukmo/reforecast/jjas_native/t2m/0717_cf.grib,115cda9a25b6485abec5901bca0e4e1fa85080bcdf98a44be1088514bd5c613a
ukmo,reforecast,2025-07-17,pf,t2m,daily_mean_t2m,7,planned,/storage/raj.ayush/s2s_final_data/final_iteration/raw/ukmo/reforecast/jjas_native/t2m/0717_pf.grib,331abb9f0d139861f605d964a039c71f71dedf8cda8af122034bcf601c3d9177
ukmo,reforecast,2025-07-25,cf,tp,not_applicable,7,planned,/storage/raj.ayush/s2s_final_data/final_iteration/raw/ukmo/reforecast/jjas_native/tp/0725_cf.grib,db3dd7107853acfe24887ab1da9328d35c3b0507b044acd10e2bdb399b85ecd4
ukmo,reforecast,2025-07-25,pf,tp,not_applicable,7,planned,/storage/raj.ayush/s2s_final_data/final_iteration/raw/ukmo/reforecast/jjas_native/tp/0725_pf.grib,e6d0ff4c6663a56c39afe391ea65186aca37a921381e988a3486d3486342c8b6
ukmo,reforecast,2025-07-25,cf,t2m,daily_mean_t2m,7,planned,/storage/raj.ayush/s2s_final_data/final_iteration/raw/ukmo/reforecast/jjas_native/t2m/0725_cf.grib,5c7d9c5848c31c08ad9af480f27a05f2ba1a6261b95a48f8c89b8f77c891cc18
ukmo,reforecast,2025-07-25,pf,t2m,daily_mean_t2m,7,planned,/storage/raj.ayush/s2s_final_data/final_iteration/raw/ukmo/reforecast/jjas_native/t2m/0725_pf.grib,cc91c86b91b8e3b68d851d448c8d8335c28eb990c92254e9ea1ba031de48095c
ukmo,reforecast,2025-08-01,cf,tp,not_applicable,7,planned,/storage/raj.ayush/s2s_final_data/final_iteration/raw/ukmo/reforecast/jjas_native/tp/0801_cf.grib,ddf5d0d050e04de6a3580092c866e969ad571d31e72ba9d53857f085f6b52065
ukmo,reforecast,2025-08-01,pf,tp,not_applicable,7,planned,/storage/raj.ayush/s2s_final_data/final_iteration/raw/ukmo/reforecast/jjas_native/tp/0801_pf.grib,cbbbe85e45c178f59fbc1b275dadb9950fae2f9b33cf176d828e3acc97276b4a
ukmo,reforecast,2025-08-01,cf,t2m,daily_mean_t2m,7,planned,/storage/raj.ayush/s2s_final_data/final_iteration/raw/ukmo/reforecast/jjas_native/t2m/0801_cf.grib,f7e68267478433950b4c6fcb093fb44a044c233156a710cb5c56c55b0c36a82e
ukmo,reforecast,2025-08-01,pf,t2m,daily_mean_t2m,7,planned,/storage/raj.ayush/s2s_final_data/final_iteration/raw/ukmo/reforecast/jjas_native/t2m/0801_pf.grib,ce6d7499a575d9068610cb9526d5a928831c2ae1b4d8a9cbdbb3447e2a4e5f64
ukmo,reforecast,2025-08-09,cf,tp,not_applicable,7,planned,/storage/raj.ayush/s2s_final_data/final_iteration/raw/ukmo/reforecast/jjas_native/tp/0809_cf.grib,62ad05ca8d913f83e0377e863f78b9621d0965294c512f91ae49ecd3a4c9fc66
ukmo,reforecast,2025-08-09,pf,tp,not_applicable,7,planned,/storage/raj.ayush/s2s_final_data/final_iteration/raw/ukmo/reforecast/jjas_native/tp/0809_pf.grib,2d3852ed2150986b263337ab69bc8a1ae899060020245d80a37b5bbc9f88ffa2
ukmo,reforecast,2025-08-09,cf,t2m,daily_mean_t2m,7,planned,/storage/raj.ayush/s2s_final_data/final_iteration/raw/ukmo/reforecast/jjas_native/t2m/0809_cf.grib,64711adddfbfe547cfd2fd1143a89883cb8914241fe97574177e90c54ca1fbec
ukmo,reforecast,2025-08-09,pf,t2m,daily_mean_t2m,7,planned,/storage/raj.ayush/s2s_final_data/final_iteration/raw/ukmo/reforecast/jjas_native/t2m/0809_pf.grib,38688f4d987820221c9697d9761ffc7ee6416ec630b01a1c015c2a51c3dc8727
ukmo,reforecast,2025-08-17,cf,tp,not_applicable,7,planned,/storage/raj.ayush/s2s_final_data/final_iteration/raw/ukmo/reforecast/jjas_native/tp/0817_cf.grib,71220eec7fe18f58f008f9922ed533d55e15c0bf93a7f7c07e094513ed60b72f
ukmo,reforecast,2025-08-17,pf,tp,not_applicable,7,planned,/storage/raj.ayush/s2s_final_data/final_iteration/raw/ukmo/reforecast/jjas_native/tp/0817_pf.grib,46242c1da3ff9a4a9db24d09bf1cf658f2c49092f9b4fd9e9f728484d2930307
ukmo,reforecast,2025-08-17,cf,t2m,daily_mean_t2m,7,planned,/storage/raj.ayush/s2s_final_data/final_iteration/raw/ukmo/reforecast/jjas_native/t2m/0817_cf.grib,a798cd25ae5c95235a1866db502d84bf82e709e2ba91d55d706e15c83deec1af
ukmo,reforecast,2025-08-17,pf,t2m,daily_mean_t2m,7,planned,/storage/raj.ayush/s2s_final_data/final_iteration/raw/ukmo/reforecast/jjas_native/t2m/0817_pf.grib,63f6524b9c0e26cad5df958f41c63b41c693f242b7fe946c210a6f4c8a38bf87
ukmo,reforecast,2025-08-25,cf,tp,not_applicable,7,planned,/storage/raj.ayush/s2s_final_data/final_iteration/raw/ukmo/reforecast/jjas_native/tp/0825_cf.grib,11cefe4d3336a40ccaa5acbb674a1a6e1608d9eb50424339b9178a404aa28c40
ukmo,reforecast,2025-08-25,pf,tp,not_applicable,7,planned,/storage/raj.ayush/s2s_final_data/final_iteration/raw/ukmo/reforecast/jjas_native/tp/0825_pf.grib,35044bd435641382ad2e11b9415a9aafe124bbae3d115a51dd0cdcec60003b88
ukmo,reforecast,2025-08-25,cf,t2m,daily_mean_t2m,7,planned,/storage/raj.ayush/s2s_final_data/final_iteration/raw/ukmo/reforecast/jjas_native/t2m/0825_cf.grib,4a05a99a362de652c6aca67a2c406639395c19351f18941b44df0a198ae88695
ukmo,reforecast,2025-08-25,pf,t2m,daily_mean_t2m,7,planned,/storage/raj.ayush/s2s_final_data/final_iteration/raw/ukmo/reforecast/jjas_native/t2m/0825_pf.grib,125aa53c21a58d0624672b3a8066d48a987c66f7d425402a4f0995e6acf71d3a
ukmo,reforecast,2025-09-01,cf,tp,not_applicable,7,planned,/storage/raj.ayush/s2s_final_data/final_iteration/raw/ukmo/reforecast/jjas_native/tp/0901_cf.grib,e18dfb695bce4c8dac63c13479fba2edaf94b37cc727da37ae9ca40b65c282f5
ukmo,reforecast,2025-09-01,pf,tp,not_applicable,7,planned,/storage/raj.ayush/s2s_final_data/final_iteration/raw/ukmo/reforecast/jjas_native/tp/0901_pf.grib,a19a0244d15d3cf8fc70f8153b118314bb6e8577aaaf8bab7e3d432e85c925fe
ukmo,reforecast,2025-09-01,cf,t2m,daily_mean_t2m,7,planned,/storage/raj.ayush/s2s_final_data/final_iteration/raw/ukmo/reforecast/jjas_native/t2m/0901_cf.grib,3129313235c212354579d1b3ade8fccb5fd50ce8ca40b4652a083c8dfafe93d3
ukmo,reforecast,2025-09-01,pf,t2m,daily_mean_t2m,7,planned,/storage/raj.ayush/s2s_final_data/final_iteration/raw/ukmo/reforecast/jjas_native/t2m/0901_pf.grib,8efc9051143cdade1cddca57d4597bfabdd2c3fed35f47c7e4c62660f0ea1d94
ukmo,reforecast,2025-09-09,cf,tp,not_applicable,7,planned,/storage/raj.ayush/s2s_final_data/final_iteration/raw/ukmo/reforecast/jjas_native/tp/0909_cf.grib,a7be810bb56c3030558e902c69da6c006a5e7784773d0b52e7be41c43da5b814
ukmo,reforecast,2025-09-09,pf,tp,not_applicable,7,planned,/storage/raj.ayush/s2s_final_data/final_iteration/raw/ukmo/reforecast/jjas_native/tp/0909_pf.grib,eb65db2cd4de013992b465df9353e6f73a51ff5897725c6e4c8feb6c78370154
ukmo,reforecast,2025-09-09,cf,t2m,daily_mean_t2m,7,planned,/storage/raj.ayush/s2s_final_data/final_iteration/raw/ukmo/reforecast/jjas_native/t2m/0909_cf.grib,82efbcb37e4e8205df3fa8a37b49689af1e568c741b890e9d6b883de237697a1
ukmo,reforecast,2025-09-09,pf,t2m,daily_mean_t2m,7,planned,/storage/raj.ayush/s2s_final_data/final_iteration/raw/ukmo/reforecast/jjas_native/t2m/0909_pf.grib,95fbbbbba4a6a5fc141681fcbe3e12f86874b29e1c5564c4659122b5169f4097
ukmo,reforecast,2025-09-17,cf,tp,not_applicable,7,planned,/storage/raj.ayush/s2s_final_data/final_iteration/raw/ukmo/reforecast/jjas_native/tp/0917_cf.grib,d28a2d64477677738c1f29a3dc4491d6b45e458145000a82526f74c3cc336225
ukmo,reforecast,2025-09-17,pf,tp,not_applicable,7,planned,/storage/raj.ayush/s2s_final_data/final_iteration/raw/ukmo/reforecast/jjas_native/tp/0917_pf.grib,934d327d4a4cb6847b7305830488fda435ce724fbdd49f03a037e78c246da787
ukmo,reforecast,2025-09-17,cf,t2m,daily_mean_t2m,7,planned,/storage/raj.ayush/s2s_final_data/final_iteration/raw/ukmo/reforecast/jjas_native/t2m/0917_cf.grib,507ccd9bef599afb78835e8fa9da4a560c680e8c4ff252ea4e4c8b63487cb3f9
ukmo,reforecast,2025-09-17,pf,t2m,daily_mean_t2m,7,planned,/storage/raj.ayush/s2s_final_data/final_iteration/raw/ukmo/reforecast/jjas_native/t2m/0917_pf.grib,8f1836fd42348ea26bf61cd519d6fa751c1bc22cbb441ac9d27b7fbc293bd43a
ukmo,reforecast,2025-09-25,cf,tp,not_applicable,7,planned,/storage/raj.ayush/s2s_final_data/final_iteration/raw/ukmo/reforecast/jjas_native/tp/0925_cf.grib,294781f348e0542a3904b9752a337a7de4b14bc721a3ec89c866c336c35dbb40
ukmo,reforecast,2025-09-25,pf,tp,not_applicable,7,planned,/storage/raj.ayush/s2s_final_data/final_iteration/raw/ukmo/reforecast/jjas_native/tp/0925_pf.grib,a2abb03d714c0ac20f46a7a01f6ee4ed22b5b2f5aae0bb62df2d95f05b00f424
ukmo,reforecast,2025-09-25,cf,t2m,daily_mean_t2m,7,planned,/storage/raj.ayush/s2s_final_data/final_iteration/raw/ukmo/reforecast/jjas_native/t2m/0925_cf.grib,eb548c9cec7f32edead67948874e22ade61b378793312d834c3530c4ddf4f0c5
ukmo,reforecast,2025-09-25,pf,t2m,daily_mean_t2m,7,planned,/storage/raj.ayush/s2s_final_data/final_iteration/raw/ukmo/reforecast/jjas_native/t2m/0925_pf.grib,ce8996770c9c29cae0ecfc4d9c385d43d2e2818f57370263d267b2b14ad3ab71
ncep,reforecast,2011-03-01,cf,tp+t2m_proxy,proxy_from_four_6h_tmin_tmax_midranges,4,planned,/storage/raj.ayush/s2s_final_data/final_iteration/raw/ncep/reforecast/jjas_native/tp+t2m_proxy/0602_cf.grib,ecb3681d94051d7dd3b91b4a3a38f991d5b3bc427453abc6ea440ce2b28486b1
ncep,reforecast,2011-03-01,pf,tp+t2m_proxy,proxy_from_four_6h_tmin_tmax_midranges,4,planned,/storage/raj.ayush/s2s_final_data/final_iteration/raw/ncep/reforecast/jjas_native/tp+t2m_proxy/0602_pf.grib,39f4052c1b69fe3267f3e3222090d9dbbc6a50e4c2acbf00f6eda1a7e99fcccd
ncep,reforecast,2011-03-01,cf,tp+t2m_proxy,proxy_from_four_6h_tmin_tmax_midranges,4,planned,/storage/raj.ayush/s2s_final_data/final_iteration/raw/ncep/reforecast/jjas_native/tp+t2m_proxy/0606_cf.grib,6b82e5a45c5dc2a56d66033413732327a0e1d3d07631836dc38b3c5255a33fbf
ncep,reforecast,2011-03-01,pf,tp+t2m_proxy,proxy_from_four_6h_tmin_tmax_midranges,4,planned,/storage/raj.ayush/s2s_final_data/final_iteration/raw/ncep/reforecast/jjas_native/tp+t2m_proxy/0606_pf.grib,014c24b1127da8c21152de1eec73ab1b1074a9d5539d7be3633ff13dd600a5b7
ncep,reforecast,2011-03-01,cf,tp+t2m_proxy,proxy_from_four_6h_tmin_tmax_midranges,4,planned,/storage/raj.ayush/s2s_final_data/final_iteration/raw/ncep/reforecast/jjas_native/tp+t2m_proxy/0609_cf.grib,f8d3c5c12ff2cd6ba15f71bb990801e12acefdec7202a77729333512aa492f48
ncep,reforecast,2011-03-01,pf,tp+t2m_proxy,proxy_from_four_6h_tmin_tmax_midranges,4,planned,/storage/raj.ayush/s2s_final_data/final_iteration/raw/ncep/reforecast/jjas_native/tp+t2m_proxy/0609_pf.grib,00acf4818c0aa802ad9445de0675b48cf9390d566b673bf53f31982140bea34c
ncep,reforecast,2011-03-01,cf,tp+t2m_proxy,proxy_from_four_6h_tmin_tmax_midranges,4,planned,/storage/raj.ayush/s2s_final_data/final_iteration/raw/ncep/reforecast/jjas_native/tp+t2m_proxy/0613_cf.grib,5717e2bf9ee389732c4c102e89b84f1a20e761671796c790b98685307912a93f
ncep,reforecast,2011-03-01,pf,tp+t2m_proxy,proxy_from_four_6h_tmin_tmax_midranges,4,planned,/storage/raj.ayush/s2s_final_data/final_iteration/raw/ncep/reforecast/jjas_native/tp+t2m_proxy/0613_pf.grib,594229bab44b59ce88b04836bb877bd32440480db52d9619ae738186ec484a6a
ncep,reforecast,2011-03-01,cf,tp+t2m_proxy,proxy_from_four_6h_tmin_tmax_midranges,4,planned,/storage/raj.ayush/s2s_final_data/final_iteration/raw/ncep/reforecast/jjas_native/tp+t2m_proxy/0616_cf.grib,e1b23023df5d546d160c9965992e17c68e7b58bbba948a36b2db3bdd96e9e542
ncep,reforecast,2011-03-01,pf,tp+t2m_proxy,proxy_from_four_6h_tmin_tmax_midranges,4,planned,/storage/raj.ayush/s2s_final_data/final_iteration/raw/ncep/reforecast/jjas_native/tp+t2m_proxy/0616_pf.grib,4dbb7a14a8dc39c35b651337dbc5788cdf0bdea45f71d2245722c43cf01cf19a
ncep,reforecast,2011-03-01,cf,tp+t2m_proxy,proxy_from_four_6h_tmin_tmax_midranges,4,planned,/storage/raj.ayush/s2s_final_data/final_iteration/raw/ncep/reforecast/jjas_native/tp+t2m_proxy/0620_cf.grib,b8060e3925c22ca2e938f77e3192b7ba0a74091ee335bf8405bce9f326fc4ec4
ncep,reforecast,2011-03-01,pf,tp+t2m_proxy,proxy_from_four_6h_tmin_tmax_midranges,4,planned,/storage/raj.ayush/s2s_final_data/final_iteration/raw/ncep/reforecast/jjas_native/tp+t2m_proxy/0620_pf.grib,80fe4bb35371a205baab8468fc0a3d019d6abee1c9f0dc029d3c66d197ab0f3c
ncep,reforecast,2011-03-01,cf,tp+t2m_proxy,proxy_from_four_6h_tmin_tmax_midranges,4,planned,/storage/raj.ayush/s2s_final_data/final_iteration/raw/ncep/reforecast/jjas_native/tp+t2m_proxy/0623_cf.grib,440a7b2a6206e6f841798bed2af856420f08fe941632f68295ea261026336dad
ncep,reforecast,2011-03-01,pf,tp+t2m_proxy,proxy_from_four_6h_tmin_tmax_midranges,4,planned,/storage/raj.ayush/s2s_final_data/final_iteration/raw/ncep/reforecast/jjas_native/tp+t2m_proxy/0623_pf.grib,f221e934b0396096ec473e25fc739af87a507e528b050defc92fd5b3198b9955
ncep,reforecast,2011-03-01,cf,tp+t2m_proxy,proxy_from_four_6h_tmin_tmax_midranges,4,planned,/storage/raj.ayush/s2s_final_data/final_iteration/raw/ncep/reforecast/jjas_native/tp+t2m_proxy/0627_cf.grib,4344a46fdf5a1038e30e28770d94e60a0fd672d0d525d16ff4cfdef2594438a5
ncep,reforecast,2011-03-01,pf,tp+t2m_proxy,proxy_from_four_6h_tmin_tmax_midranges,4,planned,/storage/raj.ayush/s2s_final_data/final_iteration/raw/ncep/reforecast/jjas_native/tp+t2m_proxy/0627_pf.grib,014ca809719ced43009571865e0458455c8aaf86b783d509bd498c95b91d4410
ncep,reforecast,2011-03-01,cf,tp+t2m_proxy,proxy_from_four_6h_tmin_tmax_midranges,4,planned,/storage/raj.ayush/s2s_final_data/final_iteration/raw/ncep/reforecast/jjas_native/tp+t2m_proxy/0630_cf.grib,525510d6d0f10227b5bc54ad5bc0afd2c8dedef35b164a13d95229c2f024e2c0
ncep,reforecast,2011-03-01,pf,tp+t2m_proxy,proxy_from_four_6h_tmin_tmax_midranges,4,planned,/storage/raj.ayush/s2s_final_data/final_iteration/raw/ncep/reforecast/jjas_native/tp+t2m_proxy/0630_pf.grib,f95ad9bf21cbb4f609a46ecb9623d4cbe4aa9c0970d047b5eacaaa1c0095525e
ncep,reforecast,2011-03-01,cf,tp+t2m_proxy,proxy_from_four_6h_tmin_tmax_midranges,4,planned,/storage/raj.ayush/s2s_final_data/final_iteration/raw/ncep/reforecast/jjas_native/tp+t2m_proxy/0704_cf.grib,45be28148656e04b5f1a20d3531f131827006e527363d89c4eb8234b94958e53
ncep,reforecast,2011-03-01,pf,tp+t2m_proxy,proxy_from_four_6h_tmin_tmax_midranges,4,planned,/storage/raj.ayush/s2s_final_data/final_iteration/raw/ncep/reforecast/jjas_native/tp+t2m_proxy/0704_pf.grib,78b2475fd9397f5562e5194f3f58cd170989f0a0ab56a47b9a116950344213d7
ncep,reforecast,2011-03-01,cf,tp+t2m_proxy,proxy_from_four_6h_tmin_tmax_midranges,4,planned,/storage/raj.ayush/s2s_final_data/final_iteration/raw/ncep/reforecast/jjas_native/tp+t2m_proxy/0707_cf.grib,cf0448b94ae65b5331a896b08bf55401acc3385547c7ba6a9cd54f8eca9eb4a7
ncep,reforecast,2011-03-01,pf,tp+t2m_proxy,proxy_from_four_6h_tmin_tmax_midranges,4,planned,/storage/raj.ayush/s2s_final_data/final_iteration/raw/ncep/reforecast/jjas_native/tp+t2m_proxy/0707_pf.grib,269aa9823aed6590a1e6ca18f499e5bde738ccb240a0b045138597cca1998bb9
ncep,reforecast,2011-03-01,cf,tp+t2m_proxy,proxy_from_four_6h_tmin_tmax_midranges,4,planned,/storage/raj.ayush/s2s_final_data/final_iteration/raw/ncep/reforecast/jjas_native/tp+t2m_proxy/0711_cf.grib,21ce7f5209ddf6a2b1a0e07d192422a7553960be82d0e09a78071f640da049c8
ncep,reforecast,2011-03-01,pf,tp+t2m_proxy,proxy_from_four_6h_tmin_tmax_midranges,4,planned,/storage/raj.ayush/s2s_final_data/final_iteration/raw/ncep/reforecast/jjas_native/tp+t2m_proxy/0711_pf.grib,67d2671a7d37d15a670b89e5b3f5369296f8304c87a1d2ea0e237ee5eb98d07b
ncep,reforecast,2011-03-01,cf,tp+t2m_proxy,proxy_from_four_6h_tmin_tmax_midranges,4,planned,/storage/raj.ayush/s2s_final_data/final_iteration/raw/ncep/reforecast/jjas_native/tp+t2m_proxy/0714_cf.grib,2a8560d6f9235e10d82da65d115867345421d8165a6c19ec1da2d4e8c27797a0
ncep,reforecast,2011-03-01,pf,tp+t2m_proxy,proxy_from_four_6h_tmin_tmax_midranges,4,planned,/storage/raj.ayush/s2s_final_data/final_iteration/raw/ncep/reforecast/jjas_native/tp+t2m_proxy/0714_pf.grib,9665bfcd305d1239a80dc553491c5ce72f9bf2ccc85b8e0e4af82125b65c32c5
ncep,reforecast,2011-03-01,cf,tp+t2m_proxy,proxy_from_four_6h_tmin_tmax_midranges,4,planned,/storage/raj.ayush/s2s_final_data/final_iteration/raw/ncep/reforecast/jjas_native/tp+t2m_proxy/0718_cf.grib,431fc1a8832d9d4ab366cf647b48663c2b417e6e66c91f6db86991404286341a
ncep,reforecast,2011-03-01,pf,tp+t2m_proxy,proxy_from_four_6h_tmin_tmax_midranges,4,planned,/storage/raj.ayush/s2s_final_data/final_iteration/raw/ncep/reforecast/jjas_native/tp+t2m_proxy/0718_pf.grib,6bce432903859b3c34328a48e048ecb96df92762213ed79a384b974e0005f61f
ncep,reforecast,2011-03-01,cf,tp+t2m_proxy,proxy_from_four_6h_tmin_tmax_midranges,4,planned,/storage/raj.ayush/s2s_final_data/final_iteration/raw/ncep/reforecast/jjas_native/tp+t2m_proxy/0721_cf.grib,2272405a129dbc2329788bc3038822c52a8dd84883f1372272b8cf066051ecb7
ncep,reforecast,2011-03-01,pf,tp+t2m_proxy,proxy_from_four_6h_tmin_tmax_midranges,4,planned,/storage/raj.ayush/s2s_final_data/final_iteration/raw/ncep/reforecast/jjas_native/tp+t2m_proxy/0721_pf.grib,d7d41482f86ad8da06636ae2d497ec3c164dba84b8bd99fb5913e4c94fddc9bd
ncep,reforecast,2011-03-01,cf,tp+t2m_proxy,proxy_from_four_6h_tmin_tmax_midranges,4,planned,/storage/raj.ayush/s2s_final_data/final_iteration/raw/ncep/reforecast/jjas_native/tp+t2m_proxy/0725_cf.grib,ad31e8b3e3baf46cf57829c44e3f4010fe9799d2007a6d3a8f531fb17a0f2542
ncep,reforecast,2011-03-01,pf,tp+t2m_proxy,proxy_from_four_6h_tmin_tmax_midranges,4,planned,/storage/raj.ayush/s2s_final_data/final_iteration/raw/ncep/reforecast/jjas_native/tp+t2m_proxy/0725_pf.grib,f04eaf5dc8689d4dd2e1c57c369eca0933322d60576190b667b09df58a83c409
ncep,reforecast,2011-03-01,cf,tp+t2m_proxy,proxy_from_four_6h_tmin_tmax_midranges,4,planned,/storage/raj.ayush/s2s_final_data/final_iteration/raw/ncep/reforecast/jjas_native/tp+t2m_proxy/0728_cf.grib,570db46e1fabaff29f8460aaf008fb980e845e7ecf3557c0ec41b5a7e9eec40b
ncep,reforecast,2011-03-01,pf,tp+t2m_proxy,proxy_from_four_6h_tmin_tmax_midranges,4,planned,/storage/raj.ayush/s2s_final_data/final_iteration/raw/ncep/reforecast/jjas_native/tp+t2m_proxy/0728_pf.grib,99771b722f7def32d15e664018476c099bccff92ba96ef34dee2823e842587ee
ncep,reforecast,2011-03-01,cf,tp+t2m_proxy,proxy_from_four_6h_tmin_tmax_midranges,4,planned,/storage/raj.ayush/s2s_final_data/final_iteration/raw/ncep/reforecast/jjas_native/tp+t2m_proxy/0801_cf.grib,60d5c655390add8f223eb7106495a58d70062ed979971a527315f960e66cbc85
ncep,reforecast,2011-03-01,pf,tp+t2m_proxy,proxy_from_four_6h_tmin_tmax_midranges,4,planned,/storage/raj.ayush/s2s_final_data/final_iteration/raw/ncep/reforecast/jjas_native/tp+t2m_proxy/0801_pf.grib,6a9e68ad55de1b4b0c68a5fa7d72f5380bbc72f3b08877d42b22eff8a15fd6dc
ncep,reforecast,2011-03-01,cf,tp+t2m_proxy,proxy_from_four_6h_tmin_tmax_midranges,4,planned,/storage/raj.ayush/s2s_final_data/final_iteration/raw/ncep/reforecast/jjas_native/tp+t2m_proxy/0804_cf.grib,6c2056134e840033d1f1ccc8e9abe0de46fcd51fd8ebd9cf6254dc42c54dbf67
ncep,reforecast,2011-03-01,pf,tp+t2m_proxy,proxy_from_four_6h_tmin_tmax_midranges,4,planned,/storage/raj.ayush/s2s_final_data/final_iteration/raw/ncep/reforecast/jjas_native/tp+t2m_proxy/0804_pf.grib,3fb853e8a4555edf495523a7298ef5b1e4d0ce1ee948bae5d4acaf5cf72102f0
ncep,reforecast,2011-03-01,cf,tp+t2m_proxy,proxy_from_four_6h_tmin_tmax_midranges,4,planned,/storage/raj.ayush/s2s_final_data/final_iteration/raw/ncep/reforecast/jjas_native/tp+t2m_proxy/0808_cf.grib,5c37dc39ea0b7b3325c0443d6e99547142f4f437d9bbbf63c6a226e959fadcb9
ncep,reforecast,2011-03-01,pf,tp+t2m_proxy,proxy_from_four_6h_tmin_tmax_midranges,4,planned,/storage/raj.ayush/s2s_final_data/final_iteration/raw/ncep/reforecast/jjas_native/tp+t2m_proxy/0808_pf.grib,bb26439b2de3cf381b9b52d2097a262bf5386f7b8bd545e0dcf3a974ab997178
ncep,reforecast,2011-03-01,cf,tp+t2m_proxy,proxy_from_four_6h_tmin_tmax_midranges,4,planned,/storage/raj.ayush/s2s_final_data/final_iteration/raw/ncep/reforecast/jjas_native/tp+t2m_proxy/0811_cf.grib,cc3e6f381dd238d5283766b90788d62c499fd5909ae565cb629d23103fdd1678
ncep,reforecast,2011-03-01,pf,tp+t2m_proxy,proxy_from_four_6h_tmin_tmax_midranges,4,planned,/storage/raj.ayush/s2s_final_data/final_iteration/raw/ncep/reforecast/jjas_native/tp+t2m_proxy/0811_pf.grib,8c523d8ad2ec1cc173ed698bbab9d66ea815a106d2d96b9ad3a73a069bc500df
ncep,reforecast,2011-03-01,cf,tp+t2m_proxy,proxy_from_four_6h_tmin_tmax_midranges,4,planned,/storage/raj.ayush/s2s_final_data/final_iteration/raw/ncep/reforecast/jjas_native/tp+t2m_proxy/0815_cf.grib,aef6f996766d1f53e0f980d73f578c8a5f0c51dff3514e8eb20511f04c4743ec
ncep,reforecast,2011-03-01,pf,tp+t2m_proxy,proxy_from_four_6h_tmin_tmax_midranges,4,planned,/storage/raj.ayush/s2s_final_data/final_iteration/raw/ncep/reforecast/jjas_native/tp+t2m_proxy/0815_pf.grib,e08cdcfff2bddae456b8298928999354abcd0366eaccb8d7134483d27270cec2
ncep,reforecast,2011-03-01,cf,tp+t2m_proxy,proxy_from_four_6h_tmin_tmax_midranges,4,planned,/storage/raj.ayush/s2s_final_data/final_iteration/raw/ncep/reforecast/jjas_native/tp+t2m_proxy/0818_cf.grib,14c15d399168d594bffe3a1be204128f153d9398aa8697a33a64fbafdbfedff2
ncep,reforecast,2011-03-01,pf,tp+t2m_proxy,proxy_from_four_6h_tmin_tmax_midranges,4,planned,/storage/raj.ayush/s2s_final_data/final_iteration/raw/ncep/reforecast/jjas_native/tp+t2m_proxy/0818_pf.grib,5eb8fee8957aaa98fee6654905c92e722b1c85f5733cbf25bfb1f224002bde05
ncep,reforecast,2011-03-01,cf,tp+t2m_proxy,proxy_from_four_6h_tmin_tmax_midranges,4,planned,/storage/raj.ayush/s2s_final_data/final_iteration/raw/ncep/reforecast/jjas_native/tp+t2m_proxy/0822_cf.grib,71fbc88c35318cd48c46237dc7dcfcddab302d052d59a0696b1505f98b141485
ncep,reforecast,2011-03-01,pf,tp+t2m_proxy,proxy_from_four_6h_tmin_tmax_midranges,4,planned,/storage/raj.ayush/s2s_final_data/final_iteration/raw/ncep/reforecast/jjas_native/tp+t2m_proxy/0822_pf.grib,6ff8e214931d225c5da4cf9a7f54f62f2baca1edeb88674260f9136a1d4f28b5
ncep,reforecast,2011-03-01,cf,tp+t2m_proxy,proxy_from_four_6h_tmin_tmax_midranges,4,planned,/storage/raj.ayush/s2s_final_data/final_iteration/raw/ncep/reforecast/jjas_native/tp+t2m_proxy/0825_cf.grib,e199061ac636c855d88c2f009f148e13ea50bd884faecb3fb5ac036370900689
ncep,reforecast,2011-03-01,pf,tp+t2m_proxy,proxy_from_four_6h_tmin_tmax_midranges,4,planned,/storage/raj.ayush/s2s_final_data/final_iteration/raw/ncep/reforecast/jjas_native/tp+t2m_proxy/0825_pf.grib,8708e34967feea4e4447cfcbfd8f322342bcae6b449384de69eaa58f58984296
ncep,reforecast,2011-03-01,cf,tp+t2m_proxy,proxy_from_four_6h_tmin_tmax_midranges,4,planned,/storage/raj.ayush/s2s_final_data/final_iteration/raw/ncep/reforecast/jjas_native/tp+t2m_proxy/0829_cf.grib,3a797ff54e1e53210d07b007e9d35a40f642c6d71cbb618f51da697c72201fc6
ncep,reforecast,2011-03-01,pf,tp+t2m_proxy,proxy_from_four_6h_tmin_tmax_midranges,4,planned,/storage/raj.ayush/s2s_final_data/final_iteration/raw/ncep/reforecast/jjas_native/tp+t2m_proxy/0829_pf.grib,8b6d7dc4d7608c62481ad932cb613d05569308769e7de51bf06d9640828a7529
ncep,reforecast,2011-03-01,cf,tp+t2m_proxy,proxy_from_four_6h_tmin_tmax_midranges,4,planned,/storage/raj.ayush/s2s_final_data/final_iteration/raw/ncep/reforecast/jjas_native/tp+t2m_proxy/0901_cf.grib,4e9409e6047c6d9f4544d638e0a1449b3041b5acf8187b8db62f86130820f904
ncep,reforecast,2011-03-01,pf,tp+t2m_proxy,proxy_from_four_6h_tmin_tmax_midranges,4,planned,/storage/raj.ayush/s2s_final_data/final_iteration/raw/ncep/reforecast/jjas_native/tp+t2m_proxy/0901_pf.grib,a15bc3dfadc707da2a80d1763f55bcb315cde38277f196d30c133652db36390c
ncep,reforecast,2011-03-01,cf,tp+t2m_proxy,proxy_from_four_6h_tmin_tmax_midranges,4,planned,/storage/raj.ayush/s2s_final_data/final_iteration/raw/ncep/reforecast/jjas_native/tp+t2m_proxy/0905_cf.grib,246e53cf557ebbb3d8ab10fe8b10777206f3e96d8c5efcfbc5684f0c13383c5b
ncep,reforecast,2011-03-01,pf,tp+t2m_proxy,proxy_from_four_6h_tmin_tmax_midranges,4,planned,/storage/raj.ayush/s2s_final_data/final_iteration/raw/ncep/reforecast/jjas_native/tp+t2m_proxy/0905_pf.grib,20bdb0b726e7ea314f1d69f7350443641e5f42e258f0c35aebed714333f35991
ncep,reforecast,2011-03-01,cf,tp+t2m_proxy,proxy_from_four_6h_tmin_tmax_midranges,4,planned,/storage/raj.ayush/s2s_final_data/final_iteration/raw/ncep/reforecast/jjas_native/tp+t2m_proxy/0908_cf.grib,320db3f4e2a5303a6c7923dcb12ac02241efa472c72c0801b9384ec853e0e2e6
ncep,reforecast,2011-03-01,pf,tp+t2m_proxy,proxy_from_four_6h_tmin_tmax_midranges,4,planned,/storage/raj.ayush/s2s_final_data/final_iteration/raw/ncep/reforecast/jjas_native/tp+t2m_proxy/0908_pf.grib,25339024713b677e4ab2e3127d2af293c7900b503d82e01b599e1957d9ba81d0
ncep,reforecast,2011-03-01,cf,tp+t2m_proxy,proxy_from_four_6h_tmin_tmax_midranges,4,planned,/storage/raj.ayush/s2s_final_data/final_iteration/raw/ncep/reforecast/jjas_native/tp+t2m_proxy/0912_cf.grib,17d3e3b15dc984b06d4bd5818bc0b1baa28a07c884184e94d9fae29f102efbbb
ncep,reforecast,2011-03-01,pf,tp+t2m_proxy,proxy_from_four_6h_tmin_tmax_midranges,4,planned,/storage/raj.ayush/s2s_final_data/final_iteration/raw/ncep/reforecast/jjas_native/tp+t2m_proxy/0912_pf.grib,fc0c8b9e3e3057c7ccef6b89e04a2135f7f58797e03398f2c22239709b60a272
ncep,reforecast,2011-03-01,cf,tp+t2m_proxy,proxy_from_four_6h_tmin_tmax_midranges,4,planned,/storage/raj.ayush/s2s_final_data/final_iteration/raw/ncep/reforecast/jjas_native/tp+t2m_proxy/0915_cf.grib,20dc0be583e91d1da19acf85a27ef212e2e49bcceba11db6e1d4dd18ed2c7c49
ncep,reforecast,2011-03-01,pf,tp+t2m_proxy,proxy_from_four_6h_tmin_tmax_midranges,4,planned,/storage/raj.ayush/s2s_final_data/final_iteration/raw/ncep/reforecast/jjas_native/tp+t2m_proxy/0915_pf.grib,75eff3a1bd368d28e32483c680331b0631e956f1a06fab05b5fb7daa68c12ed3
ncep,reforecast,2011-03-01,cf,tp+t2m_proxy,proxy_from_four_6h_tmin_tmax_midranges,4,planned,/storage/raj.ayush/s2s_final_data/final_iteration/raw/ncep/reforecast/jjas_native/tp+t2m_proxy/0919_cf.grib,854a9fbbbdcfa4d24d2375f66b32cd7e36bcd8b458f34aeb50bce9e372180d49
ncep,reforecast,2011-03-01,pf,tp+t2m_proxy,proxy_from_four_6h_tmin_tmax_midranges,4,planned,/storage/raj.ayush/s2s_final_data/final_iteration/raw/ncep/reforecast/jjas_native/tp+t2m_proxy/0919_pf.grib,e0ba6a2eeab7c1a9e61aea5af867a0cec41b2f63dd970eea1ac8eb99c6f63515
ncep,reforecast,2011-03-01,cf,tp+t2m_proxy,proxy_from_four_6h_tmin_tmax_midranges,4,planned,/storage/raj.ayush/s2s_final_data/final_iteration/raw/ncep/reforecast/jjas_native/tp+t2m_proxy/0922_cf.grib,01436b37371e8bdba572744a2cd61cc5a8c920eae489ca4327e812c12b51cad3
ncep,reforecast,2011-03-01,pf,tp+t2m_proxy,proxy_from_four_6h_tmin_tmax_midranges,4,planned,/storage/raj.ayush/s2s_final_data/final_iteration/raw/ncep/reforecast/jjas_native/tp+t2m_proxy/0922_pf.grib,6c40735244f233eb2a0db9b194b38800af9efb4a59f47e0cc8abf621bd510ae5
ncep,reforecast,2011-03-01,cf,tp+t2m_proxy,proxy_from_four_6h_tmin_tmax_midranges,4,planned,/storage/raj.ayush/s2s_final_data/final_iteration/raw/ncep/reforecast/jjas_native/tp+t2m_proxy/0926_cf.grib,db160533359628e79255a6951c9554be21ae3141510e9e9db34a4086e548d243
ncep,reforecast,2011-03-01,pf,tp+t2m_proxy,proxy_from_four_6h_tmin_tmax_midranges,4,planned,/storage/raj.ayush/s2s_final_data/final_iteration/raw/ncep/reforecast/jjas_native/tp+t2m_proxy/0926_pf.grib,363a3589e51d9234bb1e502e86d309b8d6eb25a5367493b3e284fc16b337b248
ncep,reforecast,2011-03-01,cf,tp+t2m_proxy,proxy_from_four_6h_tmin_tmax_midranges,4,planned,/storage/raj.ayush/s2s_final_data/final_iteration/raw/ncep/reforecast/jjas_native/tp+t2m_proxy/0929_cf.grib,1e9e00ee289d4ff50734f6a4a7d4a56e50c387348a23f4fb9c58c82fb4271b31
ncep,reforecast,2011-03-01,pf,tp+t2m_proxy,proxy_from_four_6h_tmin_tmax_midranges,4,planned,/storage/raj.ayush/s2s_final_data/final_iteration/raw/ncep/reforecast/jjas_native/tp+t2m_proxy/0929_pf.grib,5ad4e0e4526109a616c1f0ec950d5a928e9155acb7ce97cfba4f9ea8161f7dda
