time,tp_mm_day
1990-01-01 06:00:00,0.8398898347710639
1990-01-02 06:00:00,1.0397114316236493
1990-01-03 06:00:00,1.4645399623543416
1990-01-04 06:00:00,1.937341039476982
1990-01-05 06:00:00,1.9486021669475164
1990-01-06 06:00:00,2.4310350103414473
1990-01-07 06:00:00,1.2961290861988548
1990-01-08 06:00:00,1.0874331544653197
1990-01-09 06:00:00,1.048665566577316
1990-01-10 06:00:00,0.6551309873848533
1990-01-11 06:00:00,0.4680067499874895
1990-01-12 06:00:00,0.2871362871326535
1990-01-13 06:00:00,0.4424432203768649
1990-01-14 06:00:00,0.40167794744709995
1990-01-15 06:00:00,0.41179711316252354
1990-01-16 06:00:00,0.5049580363535684
1990-01-17 06:00:00,0.5747433174758514
1990-01-18 06:00:00,0.6967625544291559
1990-01-19 06:00:00,0.4912406459385884
1990-01-20 06:00:00,0.25886351282003434
1990-01-21 06:00:00,0.3635280504515329
1990-01-22 06:00:00,0.478277045366081
1990-01-23 06:00:00,0.4126199562979276
1990-01-24 06:00:00,0.33981612082916485
1990-01-25 06:00:00,0.1605349230538088
1990-01-26 06:00:00,0.46719803773487345
1990-01-27 06:00:00,1.3696218406703977
1990-01-28 06:00:00,1.0970884487012216
1990-01-29 06:00:00,0.8914094044231735
1990-01-30 06:00:00,0.8707107614777992
1990-01-31 06:00:00,1.09975165820886
1990-02-01 06:00:00,0.9066111705078652
1990-02-02 06:00:00,0.6463744782073276
1990-02-03 06:00:00,0.34601850857512423
1990-02-04 06:00:00,0.5369734686802029
1990-02-05 06:00:00,0.7675395898363169
1990-02-06 06:00:00,0.8123455227690576
1990-02-07 06:00:00,1.3156801567409164
1990-02-08 06:00:00,1.393870920141251
1990-02-09 06:00:00,0.9135569828283245
1990-02-10 06:00:00,0.5312835398602047
1990-02-11 06:00:00,0.861345894088764
1990-02-12 06:00:00,1.5132548215670651
1990-02-13 06:00:00,1.7556144288099198
1990-02-14 06:00:00,1.9604698892888945
1990-02-15 06:00:00,1.163218696348523
1990-02-16 06:00:00,1.182177930228149
1990-02-17 06:00:00,1.4530124062284537
1990-02-18 06:00:00,1.5107021271581418
1990-02-19 06:00:00,1.4299134999207836
1990-02-20 06:00:00,1.0434547175776931
1990-02-21 06:00:00,1.5855002400975806
1990-02-22 06:00:00,1.2752210856333497
1990-02-23 06:00:00,0.7716120516241097
1990-02-24 06:00:00,1.3974974026423388
1990-02-25 06:00:00,1.626767773869281
1990-02-26 06:00:00,1.639509692867286
1990-02-27 06:00:00,2.059247735840431
1990-02-28 06:00:00,1.7723067851077108
1990-03-01 06:00:00,1.086659663486782
1990-03-02 06:00:00,1.1231313490198667
1990-03-03 06:00:00,1.7945378317406393
1990-03-04 06:00:00,1.254456186908512
1990-03-05 06:00:00,0.7425484404015603
1990-03-06 06:00:00,0.5105276105261497
1990-03-07 06:00:00,1.082853584792447
1990-03-08 06:00:00,0.8858464890756526
1990-03-09 06:00:00,0.8441751415286807
1990-03-10 06:00:00,1.306646601448758
1990-03-11 06:00:00,1.6270483222561083
1990-03-12 06:00:00,1.2134005388824207
1990-03-13 06:00:00,1.327907506656186
1990-03-14 06:00:00,1.0899745117526074
1990-03-15 06:00:00,0.6869395694029317
1990-03-16 06:00:00,0.48633393069314185
1990-03-17 06:00:00,1.0749936046119835
1990-03-18 06:00:00,1.6994099929910993
1990-03-19 06:00:00,1.70991669578763
1990-03-20 06:00:00,1.8054285635881417
1990-03-21 06:00:00,2.0114822912731043
1990-03-22 06:00:00,2.9292319820076833
1990-03-23 06:00:00,1.622424279616039
1990-03-24 06:00:00,1.8711200090023867
1990-03-25 06:00:00,1.9044808528231902
1990-03-26 06:00:00,1.63390386733082
1990-03-27 06:00:00,1.3285566125945005
1990-03-28 06:00:00,1.9259562842890727
1990-03-29 06:00:00,1.8878114066173324
1990-03-30 06:00:00,1.8965613262623033
1990-03-31 06:00:00,0.9923244144333127
1990-04-01 06:00:00,1.0694194553373106
1990-04-02 06:00:00,1.4687151148344433
1990-04-03 06:00:00,1.1837056846738352
1990-04-04 06:00:00,1.9912701152354177
1990-04-05 06:00:00,1.5542824615598507
1990-04-06 06:00:00,1.6711811026222059
1990-04-07 06:00:00,1.603850461205685
1990-04-08 06:00:00,1.9747001831301085
1990-04-09 06:00:00,2.2065229636632813
1990-04-10 06:00:00,1.3063358294903207
1990-04-11 06:00:00,1.1897146418502569
1990-04-12 06:00:00,1.5821928862752987
1990-04-13 06:00:00,1.6558739778439253
1990-04-14 06:00:00,2.1562612030072184
1990-04-15 06:00:00,2.5438769367337986
1990-04-16 06:00:00,2.004986835717917
1990-04-17 06:00:00,2.956927982868702
1990-04-18 06:00:00,3.3718862887576586
1990-04-19 06:00:00,2.940525306768307
1990-04-20 06:00:00,3.103307789389403
1990-04-21 06:00:00,2.5635565073293525
1990-04-22 06:00:00,1.1167832353402403
1990-04-23 06:00:00,0.7236446636390447
1990-04-24 06:00:00,1.0817044441644343
1990-04-25 06:00:00,0.674048588610797
1990-04-26 06:00:00,0.8430116302677253
1990-04-27 06:00:00,1.473403441879301
1990-04-28 06:00:00,1.4901514735914168
1990-04-29 06:00:00,2.267919405796942
1990-04-30 06:00:00,2.275994669313761
1990-05-01 06:00:00,2.834955846066277
1990-05-02 06:00:00,2.688702833102129
1990-05-03 06:00:00,1.9276571540094931
1990-05-04 06:00:00,1.9771235349356113
1990-05-05 06:00:00,3.83188249531131
1990-05-06 06:00:00,4.6827731079309896
1990-05-07 06:00:00,5.163433654074156
1990-05-08 06:00:00,5.109757007248759
1990-05-09 06:00:00,4.978059393399529
1990-05-10 06:00:00,4.69756548756772
1990-05-11 06:00:00,4.755035272789298
1990-05-12 06:00:00,4.431572295875271
1990-05-13 06:00:00,5.119422713954512
1990-05-14 06:00:00,6.953429096743231
1990-05-15 06:00:00,7.896302721105088
1990-05-16 06:00:00,6.782751761578336
1990-05-17 06:00:00,4.557382417695842
1990-05-18 06:00:00,4.394022747472574
1990-05-19 06:00:00,5.106056448628676
1990-05-20 06:00:00,6.925035671355389
1990-05-21 06:00:00,7.166370854347885
1990-05-22 06:00:00,6.636001851653576
1990-05-23 06:00:00,5.241674157173663
1990-05-24 06:00:00,5.706484213573044
1990-05-25 06:00:00,6.567776395187957
1990-05-26 06:00:00,6.150243294020915
1990-05-27 06:00:00,6.220543795403903
1990-05-28 06:00:00,6.140824868401477
1990-05-29 06:00:00,6.106425344024669
1990-05-30 06:00:00,6.201104083315013
1990-05-31 06:00:00,6.783657285587246
1991-01-01 06:00:00,1.92210624160965
1991-01-02 06:00:00,1.6738342122989498
1991-01-03 06:00:00,2.119736878071379
1991-01-04 06:00:00,1.5415246297134466
1991-01-05 06:00:00,0.5452550624902238
1991-01-06 06:00:00,0.7475133110030346
1991-01-07 06:00:00,0.8690026699740403
1991-01-08 06:00:00,0.6812316111022497
1991-01-09 06:00:00,0.566465649069595
1991-01-10 06:00:00,0.5877584780610313
1991-01-11 06:00:00,0.581296778416611
1991-01-12 06:00:00,0.6242561122433254
1991-01-13 06:00:00,0.5282461785118056
1991-01-14 06:00:00,0.49078401852786463
1991-01-15 06:00:00,0.8849810165650985
1991-01-16 06:00:00,1.359693358547982
1991-01-17 06:00:00,1.9108427587132828
1991-01-18 06:00:00,2.6720771346146335
1991-01-19 06:00:00,1.2835894563006085
1991-01-20 06:00:00,1.1111632062560641
1991-01-21 06:00:00,0.7952561916344649
1991-01-22 06:00:00,0.661164948720899
1991-01-23 06:00:00,0.4982121692169301
1991-01-24 06:00:00,0.45693934290419674
1991-01-25 06:00:00,0.6625706827115024
1991-01-26 06:00:00,0.9763616260184533
1991-01-27 06:00:00,1.2635304982108593
1991-01-28 06:00:00,1.2843536069053831
1991-01-29 06:00:00,0.48551837631435035
1991-01-30 06:00:00,0.28011054188188106
1991-01-31 06:00:00,0.32243014366693545
1991-02-01 06:00:00,0.42485745477622044
1991-02-02 06:00:00,0.8666508523194939
1991-02-03 06:00:00,0.830046686040917
1991-02-04 06:00:00,0.8644154045466156
1991-02-05 06:00:00,0.8258614725921148
1991-02-06 06:00:00,0.9729216673763658
1991-02-07 06:00:00,0.6455890349960192
1991-02-08 06:00:00,0.5446765338829608
1991-02-09 06:00:00,0.9247784194076762
1991-02-10 06:00:00,1.3507509488706186
1991-02-11 06:00:00,1.4779156833330884
1991-02-12 06:00:00,1.084450404644024
1991-02-13 06:00:00,0.49620096065302155
1991-02-14 06:00:00,0.6859397407090075
1991-02-15 06:00:00,0.3508831673277334
1991-02-16 06:00:00,0.0916585528427362
1991-02-17 06:00:00,0.06529515085085118
1991-02-18 06:00:00,0.29576293930540887
1991-02-19 06:00:00,0.31915696136377386
1991-02-20 06:00:00,0.13008472080659542
1991-02-21 06:00:00,0.2836359873068674
1991-02-22 06:00:00,0.37429117731329076
1991-02-23 06:00:00,0.31074091683997795
1991-02-24 06:00:00,0.753519998955007
1991-02-25 06:00:00,1.0558013087854408
1991-02-26 06:00:00,1.2397491668868363
1991-02-27 06:00:00,1.7125956690961048
1991-02-28 06:00:00,1.0518290615239834
1991-03-01 06:00:00,1.2477187154618903
1991-03-02 06:00:00,1.4786716597349834
1991-03-03 06:00:00,1.521077951691502
1991-03-04 06:00:00,2.176360548662601
1991-03-05 06:00:00,1.830097221037213
1991-03-06 06:00:00,1.3098937803287027
1991-03-07 06:00:00,0.9326490308328326
1991-03-08 06:00:00,1.1164985366234337
1991-03-09 06:00:00,0.8210971987701716
1991-03-10 06:00:00,0.4092646722440866
1991-03-11 06:00:00,0.6243238234654048
1991-03-12 06:00:00,0.7226790015610952
1991-03-13 06:00:00,0.7596731132234129
1991-03-14 06:00:00,0.8193554244112059
1991-03-15 06:00:00,0.6507810368303395
1991-03-16 06:00:00,0.6414988607112737
1991-03-17 06:00:00,0.8454712544727588
1991-03-18 06:00:00,1.3909520333904277
1991-03-19 06:00:00,1.0931271156603475
1991-03-20 06:00:00,0.7445070574443392
1991-03-21 06:00:00,0.9372162602079019
1991-03-22 06:00:00,1.414114296105279
1991-03-23 06:00:00,1.3992674603742294
1991-03-24 06:00:00,1.0107621176504804
1991-03-25 06:00:00,1.3285563028330871
1991-03-26 06:00:00,0.6112535690486104
1991-03-27 06:00:00,0.7644970965912818
1991-03-28 06:00:00,1.3221415331173465
1991-03-29 06:00:00,1.2056486754438487
1991-03-30 06:00:00,1.263012258881314
1991-03-31 06:00:00,1.1084022653615104
1991-04-01 06:00:00,2.6676828903224217
1991-04-02 06:00:00,3.8249101672415162
1991-04-03 06:00:00,2.475661114190258
1991-04-04 06:00:00,2.0811050919540772
1991-04-05 06:00:00,2.018361904861308
1991-04-06 06:00:00,2.0539817283562005
1991-04-07 06:00:00,2.4105459070805173
1991-04-08 06:00:00,2.7320232286052186
1991-04-09 06:00:00,2.755292856673726
1991-04-10 06:00:00,1.6285036367868329
1991-04-11 06:00:00,1.2393191700174206
1991-04-12 06:00:00,0.9392720876020569
1991-04-13 06:00:00,1.8409271970192975
1991-04-14 06:00:00,2.5672688427993258
1991-04-15 06:00:00,1.5681142547537983
1991-04-16 06:00:00,1.2145743233779285
1991-04-17 06:00:00,0.8648473980408866
1991-04-18 06:00:00,0.5023594203291983
1991-04-19 06:00:00,0.44003988100863894
1991-04-20 06:00:00,0.83200089518483
1991-04-21 06:00:00,1.2975175452672816
1991-04-22 06:00:00,2.2593048530245667
1991-04-23 06:00:00,2.7454624751741927
1991-04-24 06:00:00,3.526087798046454
1991-04-25 06:00:00,4.701215689142875
1991-04-26 06:00:00,4.694360044300739
1991-04-27 06:00:00,4.492973735685634
1991-04-28 06:00:00,4.100646557896993
1991-04-29 06:00:00,4.4219771134985715
1991-04-30 06:00:00,4.19976326032517
1991-05-01 06:00:00,2.441532612145429
1991-05-02 06:00:00,1.9839437818339143
1991-05-03 06:00:00,2.864067890256954
1991-05-04 06:00:00,2.413703818155214
1991-05-05 06:00:00,2.018117077689552
1991-05-06 06:00:00,3.2154431401944055
1991-05-07 06:00:00,2.8602040694848747
1991-05-08 06:00:00,2.8350263448888695
1991-05-09 06:00:00,2.8620689654509115
1991-05-10 06:00:00,2.6915568440240416
1991-05-11 06:00:00,2.5049258756665433
1991-05-12 06:00:00,1.8740294053979196
1991-05-13 06:00:00,2.176415081171627
1991-05-14 06:00:00,1.6956742193722394
1991-05-15 06:00:00,1.2698944812258552
1991-05-16 06:00:00,1.8005661422051817
1991-05-17 06:00:00,2.810145289868082
1991-05-18 06:00:00,2.285695209213887
1991-05-19 06:00:00,1.6798290840426313
1991-05-20 06:00:00,2.2062736003966372
1991-05-21 06:00:00,2.663558849445524
1991-05-22 06:00:00,2.3256617253178624
1991-05-23 06:00:00,2.809171875206739
1991-05-24 06:00:00,3.6405839860350735
1991-05-25 06:00:00,3.4207132530199553
1991-05-26 06:00:00,2.9398278279093386
1991-05-27 06:00:00,3.9585930923755672
1991-05-28 06:00:00,4.743280560060615
1991-05-29 06:00:00,5.118850023187393
1991-05-30 06:00:00,6.594621921794816
1991-05-31 06:00:00,7.61566364934259
1992-01-01 06:00:00,1.3852966707462517
1992-01-02 06:00:00,1.6438661689147933
1992-01-03 06:00:00,1.0603688397236124
1992-01-04 06:00:00,0.7177726499311152
1992-01-05 06:00:00,0.9782808929187448
1992-01-06 06:00:00,0.9422165063508223
1992-01-07 06:00:00,0.8723799484289367
1992-01-08 06:00:00,0.5517408498162595
1992-01-09 06:00:00,0.4908587639145195
1992-01-10 06:00:00,0.5202741479120857
1992-01-11 06:00:00,0.8970355727890862
1992-01-12 06:00:00,0.8851755022997595
1992-01-13 06:00:00,0.5143973806287538
1992-01-14 06:00:00,0.32878324170327017
1992-01-15 06:00:00,0.3719093441713141
1992-01-16 06:00:00,0.3843688470947922
1992-01-17 06:00:00,0.6795787399018253
1992-01-18 06:00:00,0.4804372713962227
1992-01-19 06:00:00,0.37015569736917026
1992-01-20 06:00:00,0.22230244787929024
1992-01-21 06:00:00,0.2666794548021468
1992-01-22 06:00:00,0.545770707548126
1992-01-23 06:00:00,0.9675759744577124
1992-01-24 06:00:00,0.9563975520288158
1992-01-25 06:00:00,0.6535580761672594
1992-01-26 06:00:00,0.7124657707351979
1992-01-27 06:00:00,0.9256865992923325
1992-01-28 06:00:00,1.0674407612892411
1992-01-29 06:00:00,2.0052021848558006
1992-01-30 06:00:00,2.577467935612903
1992-01-31 06:00:00,1.3492196457039738
1992-02-01 06:00:00,1.1207159370432167
1992-02-02 06:00:00,0.757532521042389
1992-02-03 06:00:00,0.6145246217208677
1992-02-04 06:00:00,0.5099250527611144
1992-02-05 06:00:00,0.4071591083498981
1992-02-06 06:00:00,1.2308011692185272
1992-02-07 06:00:00,1.6589598234091492
1992-02-08 06:00:00,1.1276485287069997
1992-02-09 06:00:00,0.6010846560323712
1992-02-10 06:00:00,0.3869671220774404
1992-02-11 06:00:00,0.35029275167462753
1992-02-12 06:00:00,0.838041127212429
1992-02-13 06:00:00,1.3945380987934837
1992-02-14 06:00:00,0.55935507905111
1992-02-15 06:00:00,0.5050267636645324
1992-02-16 06:00:00,0.5154105004719686
1992-02-17 06:00:00,0.4851129564490817
1992-02-18 06:00:00,0.7790618346825453
1992-02-19 06:00:00,0.5365333953040535
1992-02-20 06:00:00,0.33384307557315784
1992-02-21 06:00:00,0.5275765798922641
1992-02-22 06:00:00,0.6335470273375047
1992-02-23 06:00:00,0.46131747930930533
1992-02-24 06:00:00,0.8275685431078653
1992-02-25 06:00:00,1.0815019165449729
1992-02-26 06:00:00,1.0055798514693854
1992-02-27 06:00:00,0.8461818053129251
1992-02-28 06:00:00,0.7735274441654159
1992-02-29 06:00:00,0.7954890127044487
1992-03-01 06:00:00,0.3814040248886309
1992-03-02 06:00:00,0.25614673511536507
1992-03-03 06:00:00,0.3064498546359004
1992-03-04 06:00:00,0.4939596090705029
1992-03-05 06:00:00,0.4824774293061646
1992-03-06 06:00:00,0.4937941974581184
1992-03-07 06:00:00,0.4284273574667688
1992-03-08 06:00:00,0.3916516135972413
1992-03-09 06:00:00,0.34232210923639306
1992-03-10 06:00:00,0.4243365780537209
1992-03-11 06:00:00,1.186072201086719
1992-03-12 06:00:00,0.7494579915394127
1992-03-13 06:00:00,0.9400681289970882
1992-03-14 06:00:00,0.8219025734880209
1992-03-15 06:00:00,0.7209689030740238
1992-03-16 06:00:00,0.904977097638309
1992-03-17 06:00:00,0.5071907098868055
1992-03-18 06:00:00,0.5158481653957353
1992-03-19 06:00:00,0.8176509769107008
1992-03-20 06:00:00,1.0135115321771984
1992-03-21 06:00:00,0.8885236266899291
1992-03-22 06:00:00,1.4681606119498367
1992-03-23 06:00:00,1.8400006211789306
1992-03-24 06:00:00,1.5278074149242638
1992-03-25 06:00:00,1.3610296401708009
1992-03-26 06:00:00,1.8713653697752834
1992-03-27 06:00:00,0.7737699321294087
1992-03-28 06:00:00,0.3753427937738385
1992-03-29 06:00:00,0.8139769922529322
1992-03-30 06:00:00,0.7903942886066017
1992-03-31 06:00:00,0.5230108499317134
1992-04-01 06:00:00,0.7490638493111945
1992-04-02 06:00:00,0.8339975650296417
1992-04-03 06:00:00,0.41517146851678866
1992-04-04 06:00:00,0.7198316835535232
1992-04-05 06:00:00,0.5648894521736294
1992-04-06 06:00:00,0.9673806517163288
1992-04-07 06:00:00,1.010607361403204
1992-04-08 06:00:00,0.6761217724872686
1992-04-09 06:00:00,0.5790978027861428
1992-04-10 06:00:00,0.746910863333539
1992-04-11 06:00:00,0.4720139181756769
1992-04-12 06:00:00,0.5788989333550347
1992-04-13 06:00:00,0.5506249814433882
1992-04-14 06:00:00,0.5899583492004767
1992-04-15 06:00:00,0.6339301362958252
1992-04-16 06:00:00,0.7944874933086865
1992-04-17 06:00:00,1.293383214207704
1992-04-18 06:00:00,1.0532289524094363
1992-04-19 06:00:00,1.184906055906241
1992-04-20 06:00:00,1.6859503923270587
1992-04-21 06:00:00,1.3892435237547647
1992-04-22 06:00:00,0.8772664763391759
1992-04-23 06:00:00,1.1141833249015447
1992-04-24 06:00:00,1.419027844970216
1992-04-25 06:00:00,1.4189422982902127
1992-04-26 06:00:00,1.1030245035446544
1992-04-27 06:00:00,0.9345019786709671
1992-04-28 06:00:00,1.146154724773759
1992-04-29 06:00:00,1.3921524508363037
1992-04-30 06:00:00,1.0345781464528043
1992-05-01 06:00:00,1.9626580235319384
1992-05-02 06:00:00,2.1862246463156945
1992-05-03 06:00:00,2.547710170431175
1992-05-04 06:00:00,2.1723080336575595
1992-05-05 06:00:00,1.9251892972261024
1992-05-06 06:00:00,1.5805702992765032
1992-05-07 06:00:00,1.7193224016839386
1992-05-08 06:00:00,1.5561267821670137
1992-05-09 06:00:00,0.9219994410699069
1992-05-10 06:00:00,1.2316568179599632
1992-05-11 06:00:00,1.8707092913254617
1992-05-12 06:00:00,2.264389179775941
1992-05-13 06:00:00,3.4002840016282905
1992-05-14 06:00:00,2.927895196201444
1992-05-15 06:00:00,2.780440526382266
1992-05-16 06:00:00,4.370188851604738
1992-05-17 06:00:00,5.693460274414038
1992-05-18 06:00:00,5.9450866642937115
1992-05-19 06:00:00,5.64315383639464
1992-05-20 06:00:00,3.897627362883534
1992-05-21 06:00:00,2.659657110914734
1992-05-22 06:00:00,2.664585296831573
1992-05-23 06:00:00,3.003176115557023
1992-05-24 06:00:00,2.805419830380328
1992-05-25 06:00:00,2.3161244055592265
1992-05-26 06:00:00,2.8918195100594732
1992-05-27 06:00:00,2.984530552184682
1992-05-28 06:00:00,2.5948555615298994
1992-05-29 06:00:00,2.8029715359263925
1992-05-30 06:00:00,2.548660472848138
1992-05-31 06:00:00,3.037396444530342
1993-01-01 06:00:00,0.9395088046074259
1993-01-02 06:00:00,0.5641995982964173
1993-01-03 06:00:00,0.561880009601525
1993-01-04 06:00:00,0.49984731302637725
1993-01-05 06:00:00,0.5825509149902074
1993-01-06 06:00:00,1.0828950785066147
1993-01-07 06:00:00,1.2019677916132887
1993-01-08 06:00:00,1.7203336805498344
1993-01-09 06:00:00,1.428327443586186
1993-01-10 06:00:00,1.265953866547662
1993-01-11 06:00:00,0.7503091538075658
1993-01-12 06:00:00,0.7495372869416977
1993-01-13 06:00:00,1.0212396167922104
1993-01-14 06:00:00,0.5628989025805745
1993-01-15 06:00:00,0.8425741725748326
1993-01-16 06:00:00,0.9226247140388952
1993-01-17 06:00:00,0.6188101205972921
1993-01-18 06:00:00,0.47074535263772255
1993-01-19 06:00:00,0.5339020184483009
1993-01-20 06:00:00,0.4917615693657727
1993-01-21 06:00:00,0.723028284616032
1993-01-22 06:00:00,1.3695733018138896
1993-01-23 06:00:00,0.8913138432870569
1993-01-24 06:00:00,0.8966743320177657
1993-01-25 06:00:00,0.47916884802442433
1993-01-26 06:00:00,0.4858301686520041
1993-01-27 06:00:00,0.3096658186091132
1993-01-28 06:00:00,0.26601963287045693
1993-01-29 06:00:00,0.2131514352215289
1993-01-30 06:00:00,0.2496806005505114
1993-01-31 06:00:00,0.3326883946320919
1993-02-01 06:00:00,0.3296323925645765
1993-02-02 06:00:00,0.29929910363228707
1993-02-03 06:00:00,0.2540489469872762
1993-02-04 06:00:00,0.2295754305403471
1993-02-05 06:00:00,0.25194654883831336
1993-02-06 06:00:00,0.4022490471360973
1993-02-07 06:00:00,0.19449589997789618
1993-02-08 06:00:00,0.1290393781090639
1993-02-09 06:00:00,0.030664615341177207
1993-02-10 06:00:00,0.08627647500161462
1993-02-11 06:00:00,0.4547728727116914
1993-02-12 06:00:00,0.5968428187774083
1993-02-13 06:00:00,0.8342990496402991
1993-02-14 06:00:00,1.038374624286211
1993-02-15 06:00:00,0.5402823445203089
1993-02-16 06:00:00,1.0338958281160364
1993-02-17 06:00:00,1.941162998964941
1993-02-18 06:00:00,1.5517400303633857
1993-02-19 06:00:00,1.4911489250601582
1993-02-20 06:00:00,1.2221339309198487
1993-02-21 06:00:00,0.9498674771289702
1993-02-22 06:00:00,1.1173428907288314
1993-02-23 06:00:00,1.0768954432574163
1993-02-24 06:00:00,0.5228987801660155
1993-02-25 06:00:00,1.473202738054972
1993-02-26 06:00:00,0.9915717387201544
1993-02-27 06:00:00,0.9591921586009964
1993-02-28 06:00:00,1.0033583756083626
1993-03-01 06:00:00,1.196394664664489
1993-03-02 06:00:00,0.7923249069120991
1993-03-03 06:00:00,0.9745195466927161
1993-03-04 06:00:00,0.5838039056092545
1993-03-05 06:00:00,0.6254748861241392
1993-03-06 06:00:00,0.41001774507331973
1993-03-07 06:00:00,0.25550998927407964
1993-03-08 06:00:00,0.35543738264258307
1993-03-09 06:00:00,0.5340455677163171
1993-03-10 06:00:00,0.7293015897075562
1993-03-11 06:00:00,2.125513797782569
1993-03-12 06:00:00,2.4310001445357905
1993-03-13 06:00:00,1.772161804267703
1993-03-14 06:00:00,1.7914184523071945
1993-03-15 06:00:00,1.3973231764025347
1993-03-16 06:00:00,1.1036131286499165
1993-03-17 06:00:00,1.0240945105716601
1993-03-18 06:00:00,0.7565737126972906
1993-03-19 06:00:00,0.8634503509085194
1993-03-20 06:00:00,0.990573085559648
1993-03-21 06:00:00,1.4409097586801975
1993-03-22 06:00:00,1.9174886784055716
1993-03-23 06:00:00,3.034708398747515
1993-03-24 06:00:00,3.1484573297378198
1993-03-25 06:00:00,2.475480969128723
1993-03-26 06:00:00,2.3363260650570115
1993-03-27 06:00:00,2.04857319858397
1993-03-28 06:00:00,0.8061443612034848
1993-03-29 06:00:00,0.28033482685528127
1993-03-30 06:00:00,0.17907265353018006
1993-03-31 06:00:00,0.22928868360906918
1993-04-01 06:00:00,0.37839858859122494
1993-04-02 06:00:00,0.45652019370860186
1993-04-03 06:00:00,0.5354528895624021
1993-04-04 06:00:00,0.27570330896118106
1993-04-05 06:00:00,0.3627637441100594
1993-04-06 06:00:00,0.4239883392020129
1993-04-07 06:00:00,0.41500974515684724
1993-04-08 06:00:00,0.7943029915217643
1993-04-09 06:00:00,1.2315237031801607
1993-04-10 06:00:00,1.4367713253901284
1993-04-11 06:00:00,1.0636774299676295
1993-04-12 06:00:00,1.8767403062206935
1993-04-13 06:00:00,2.1405172744390395
1993-04-14 06:00:00,2.5716240167463615
1993-04-15 06:00:00,2.0122714942708257
1993-04-16 06:00:00,1.4403084153560852
1993-04-17 06:00:00,1.105018634212883
1993-04-18 06:00:00,1.13355640579072
1993-04-19 06:00:00,0.8484163437655802
1993-04-20 06:00:00,0.7298075378090144
1993-04-21 06:00:00,0.585227303109989
1993-04-22 06:00:00,0.9445138589176695
1993-04-23 06:00:00,1.085213046576786
1993-04-24 06:00:00,1.1454044918187665
1993-04-25 06:00:00,1.0916746070343262
1993-04-26 06:00:00,1.6337780450986799
1993-04-27 06:00:00,1.4818468584690934
1993-04-28 06:00:00,1.3211193683053626
1993-04-29 06:00:00,1.6493450147442992
1993-04-30 06:00:00,1.8628766525746316
1993-05-01 06:00:00,1.6616571458871183
1993-05-02 06:00:00,1.9964848838629943
1993-05-03 06:00:00,2.2202014973333517
1993-05-04 06:00:00,2.699490616928135
1993-05-05 06:00:00,2.4677405208759815
1993-05-06 06:00:00,1.9837825237002735
1993-05-07 06:00:00,2.0873592501093046
1993-05-08 06:00:00,1.8851803426613727
1993-05-09 06:00:00,2.3489852544912715
1993-05-10 06:00:00,2.4399327006015024
1993-05-11 06:00:00,2.406678184798155
1993-05-12 06:00:00,2.659830041346865
1993-05-13 06:00:00,1.5986126651298718
1993-05-14 06:00:00,2.0272374230125187
1993-05-15 06:00:00,3.3563288352061726
1993-05-16 06:00:00,3.6479066077155355
1993-05-17 06:00:00,3.757602282818933
1993-05-18 06:00:00,4.091638500886999
1993-05-19 06:00:00,4.256954842305255
1993-05-20 06:00:00,3.871524317307095
1993-05-21 06:00:00,3.3593221629931262
1993-05-22 06:00:00,3.526502429083875
1993-05-23 06:00:00,3.811935334677525
1993-05-24 06:00:00,3.7094102428807467
1993-05-25 06:00:00,3.3544265500903316
1993-05-26 06:00:00,3.4238854764565545
1993-05-27 06:00:00,4.851643389014666
1993-05-28 06:00:00,6.107061968313276
1993-05-29 06:00:00,6.7814123783246085
1993-05-30 06:00:00,6.524080353676027
1993-05-31 06:00:00,6.750674496714351
1994-01-01 06:00:00,0.5183718217219576
1994-01-02 06:00:00,0.5162210065794377
1994-01-03 06:00:00,0.5936480692925097
1994-01-04 06:00:00,0.9821198734956559
1994-01-05 06:00:00,0.769678144621537
1994-01-06 06:00:00,0.8629474734014833
1994-01-07 06:00:00,1.0033239198264894
1994-01-08 06:00:00,1.187784531990351
1994-01-09 06:00:00,0.5524932565215542
1994-01-10 06:00:00,0.5283230084284068
1994-01-11 06:00:00,0.8028409126022692
1994-01-12 06:00:00,2.1459538367490456
1994-01-13 06:00:00,1.8194441675879809
1994-01-14 06:00:00,0.9666127593020092
1994-01-15 06:00:00,1.8050904490656567
1994-01-16 06:00:00,2.716432507684173
1994-01-17 06:00:00,2.2076214092499367
1994-01-18 06:00:00,1.6250192541422095
1994-01-19 06:00:00,1.3765978650148778
1994-01-20 06:00:00,1.0995412134988343
1994-01-21 06:00:00,0.7040755125276701
1994-01-22 06:00:00,0.6260487540733328
1994-01-23 06:00:00,0.5423944017569519
1994-01-24 06:00:00,0.3672909360009577
1994-01-25 06:00:00,0.469951421052741
1994-01-26 06:00:00,0.46781847028001533
1994-01-27 06:00:00,0.7702732447722807
1994-01-28 06:00:00,0.6498306234115055
1994-01-29 06:00:00,0.6720969747844975
1994-01-30 06:00:00,1.2101929779461245
1994-01-31 06:00:00,1.522189253093141
1994-02-01 06:00:00,1.2209246332273587
1994-02-02 06:00:00,1.7728963770953987
1994-02-03 06:00:00,1.8189442616471265
1994-02-04 06:00:00,2.03182508492971
1994-02-05 06:00:00,2.492434181557148
1994-02-06 06:00:00,1.434471036096819
1994-02-07 06:00:00,1.4890727583473347
1994-02-08 06:00:00,2.1735610489128088
1994-02-09 06:00:00,2.6045364979341477
1994-02-10 06:00:00,2.8533798275805586
1994-02-11 06:00:00,1.245108736372939
1994-02-12 06:00:00,0.9261618257832568
1994-02-13 06:00:00,1.1323419647362711
1994-02-14 06:00:00,1.027165834302496
1994-02-15 06:00:00,0.9925936879353037
1994-02-16 06:00:00,1.1787267022165206
1994-02-17 06:00:00,0.7336316016514455
1994-02-18 06:00:00,0.8742850188335267
1994-02-19 06:00:00,0.7879294820677012
1994-02-20 06:00:00,1.1997832976616862
1994-02-21 06:00:00,1.906873570237548
1994-02-22 06:00:00,1.5975120151023994
1994-02-23 06:00:00,0.8473073618532331
1994-02-24 06:00:00,0.23037780560568358
1994-02-25 06:00:00,0.3016301443007411
1994-02-26 06:00:00,0.34246275242603713
1994-02-27 06:00:00,0.3415801527980898
1994-02-28 06:00:00,0.4329447495808303
1994-03-01 06:00:00,0.5639565601432901
1994-03-02 06:00:00,0.3891564493222902
1994-03-03 06:00:00,0.7383822946652667
1994-03-04 06:00:00,0.646525195374001
1994-03-05 06:00:00,0.4551773436678107
1994-03-06 06:00:00,0.5167660693749485
1994-03-07 06:00:00,0.4392878066900025
1994-03-08 06:00:00,0.5784953779729677
1994-03-09 06:00:00,0.5691423538230518
1994-03-10 06:00:00,0.7913264848944748
1994-03-11 06:00:00,0.7936843017323081
1994-03-12 06:00:00,0.9040320729076019
1994-03-13 06:00:00,1.0887970503536621
1994-03-14 06:00:00,1.7002895308620136
1994-03-15 06:00:00,1.5438851084856922
1994-03-16 06:00:00,1.7412368966645904
1994-03-17 06:00:00,2.2773002228888855
1994-03-18 06:00:00,2.489966740794401
1994-03-19 06:00:00,1.9513027652182522
1994-03-20 06:00:00,2.9194566161410895
1994-03-21 06:00:00,3.7003458338630413
1994-03-22 06:00:00,3.0824877335168948
1994-03-23 06:00:00,2.3661907655950785
1994-03-24 06:00:00,2.4967606742718575
1994-03-25 06:00:00,2.448318175203567
1994-03-26 06:00:00,2.800156234643483
1994-03-27 06:00:00,3.688534570951202
1994-03-28 06:00:00,2.5701386506051045
1994-03-29 06:00:00,1.4464081557287132
1994-03-30 06:00:00,2.0053463142995644
1994-03-31 06:00:00,1.7044123320575948
1994-04-01 06:00:00,1.7287738123071457
1994-04-02 06:00:00,2.5036722990295526
1994-04-03 06:00:00,2.2763813268380004
1994-04-04 06:00:00,2.367024082975657
1994-04-05 06:00:00,3.504025213663554
1994-04-06 06:00:00,2.446820762134455
1994-04-07 06:00:00,1.3298106399047291
1994-04-08 06:00:00,0.653218999254754
1994-04-09 06:00:00,1.2067714669716918
1994-04-10 06:00:00,1.3503907127257326
1994-04-11 06:00:00,1.6006166192608444
1994-04-12 06:00:00,1.3186336427136989
1994-04-13 06:00:00,0.9333459894247019
1994-04-14 06:00:00,1.13875346372794
1994-04-15 06:00:00,1.6233241295805707
1994-04-16 06:00:00,1.948859166359626
1994-04-17 06:00:00,2.056294655081087
1994-04-18 06:00:00,2.3681426407558326
1994-04-19 06:00:00,2.0039923468473866
1994-04-20 06:00:00,1.681612589244455
1994-04-21 06:00:00,1.2064140633715579
1994-04-22 06:00:00,1.761116441652292
1994-04-23 06:00:00,2.016309628996768
1994-04-24 06:00:00,1.6556785340909654
1994-04-25 06:00:00,1.54378715098342
1994-04-26 06:00:00,1.3530473617481127
1994-04-27 06:00:00,1.9745936126034205
1994-04-28 06:00:00,2.959706645034191
1994-04-29 06:00:00,2.677517839733618
1994-04-30 06:00:00,4.072183380393275
1994-05-01 06:00:00,4.6892864051340615
1994-05-02 06:00:00,3.504924772161561
1994-05-03 06:00:00,2.6252433309077094
1994-05-04 06:00:00,1.7654454602051635
1994-05-05 06:00:00,1.5252086465549302
1994-05-06 06:00:00,1.8158689174716844
1994-05-07 06:00:00,2.5416625376857236
1994-05-08 06:00:00,3.8770601455770666
1994-05-09 06:00:00,4.646153923220229
1994-05-10 06:00:00,3.3644988336906674
1994-05-11 06:00:00,2.4699705939069863
1994-05-12 06:00:00,1.6589313416715408
1994-05-13 06:00:00,1.749929778374231
1994-05-14 06:00:00,1.541136822130965
1994-05-15 06:00:00,2.2452121166777674
1994-05-16 06:00:00,2.1383951091570057
1994-05-17 06:00:00,2.10475564708788
1994-05-18 06:00:00,2.166906235389508
1994-05-19 06:00:00,2.380003533114386
1994-05-20 06:00:00,2.798475146641343
1994-05-21 06:00:00,3.5376410535792235
1994-05-22 06:00:00,3.0495843625866925
1994-05-23 06:00:00,3.7066515107324305
1994-05-24 06:00:00,4.127144755618579
1994-05-25 06:00:00,3.29502304561285
1994-05-26 06:00:00,3.3077363625213207
1994-05-27 06:00:00,3.961417317218735
1994-05-28 06:00:00,5.525894120063307
1994-05-29 06:00:00,6.233845494171639
1994-05-30 06:00:00,5.890079327146049
1994-05-31 06:00:00,6.108553442294355
1995-01-01 06:00:00,0.7220344234097715
1995-01-02 06:00:00,0.6609575645464247
1995-01-03 06:00:00,0.7420267203781589
1995-01-04 06:00:00,0.643712944910451
1995-01-05 06:00:00,0.751435741214976
1995-01-06 06:00:00,1.453122200208661
1995-01-07 06:00:00,1.3617980674962065
1995-01-08 06:00:00,3.1731270994729646
1995-01-09 06:00:00,3.55727011349798
1995-01-10 06:00:00,1.4712280220518053
1995-01-11 06:00:00,1.0050205697224492
1995-01-12 06:00:00,1.3703318695847786
1995-01-13 06:00:00,1.174487124024112
1995-01-14 06:00:00,1.197602989981295
1995-01-15 06:00:00,1.1170453657204942
1995-01-16 06:00:00,1.5425546190722097
1995-01-17 06:00:00,1.9886536303897833
1995-01-18 06:00:00,1.5835059439259895
1995-01-19 06:00:00,1.5896886293500427
1995-01-20 06:00:00,1.254324485547507
1995-01-21 06:00:00,0.9976811516450709
1995-01-22 06:00:00,0.8884004415003229
1995-01-23 06:00:00,0.5239843990255862
1995-01-24 06:00:00,0.3028057545269863
1995-01-25 06:00:00,0.31642392122148055
1995-01-26 06:00:00,0.3025791980334135
1995-01-27 06:00:00,0.6163336204244515
1995-01-28 06:00:00,0.3892668277736471
1995-01-29 06:00:00,0.4793514979423279
1995-01-30 06:00:00,0.5979465453402996
1995-01-31 06:00:00,0.45652223024981436
1995-02-01 06:00:00,0.3616627068908453
1995-02-02 06:00:00,0.5113158995362828
1995-02-03 06:00:00,0.8159926912749457
1995-02-04 06:00:00,0.6634639019882527
1995-02-05 06:00:00,0.8664493829574443
1995-02-06 06:00:00,0.7849778417573046
1995-02-07 06:00:00,0.78427990301243
1995-02-08 06:00:00,0.4534593102879756
1995-02-09 06:00:00,0.46931649227513356
1995-02-10 06:00:00,0.615823173002888
1995-02-11 06:00:00,0.9068514372158418
1995-02-12 06:00:00,1.1922063825812912
1995-02-13 06:00:00,0.64085099140817
1995-02-14 06:00:00,1.1114427630744161
1995-02-15 06:00:00,1.7065908689622533
1995-02-16 06:00:00,1.6546637491776466
1995-02-17 06:00:00,0.8528167868811366
1995-02-18 06:00:00,0.8206948818821606
1995-02-19 06:00:00,0.8980811651800562
1995-02-20 06:00:00,0.5944503596557832
1995-02-21 06:00:00,0.5192294252459847
1995-02-22 06:00:00,0.5439939729371471
1995-02-23 06:00:00,1.0399596367504789
1995-02-24 06:00:00,0.9868670308449681
1995-02-25 06:00:00,0.9322076243229311
1995-02-26 06:00:00,0.6248839883982639
1995-02-27 06:00:00,1.637199758288865
1995-02-28 06:00:00,2.171448535146474
1995-03-01 06:00:00,0.8167690701256737
1995-03-02 06:00:00,0.39153441527490646
1995-03-03 06:00:00,0.26181455222781064
1995-03-04 06:00:00,0.23610252120302394
1995-03-05 06:00:00,0.24187860939289954
1995-03-06 06:00:00,0.39426973021867473
1995-03-07 06:00:00,0.7392601369891993
1995-03-08 06:00:00,0.9649468904581656
1995-03-09 06:00:00,0.8237396446931471
1995-03-10 06:00:00,0.7773802339498704
1995-03-11 06:00:00,0.8730536095208026
1995-03-12 06:00:00,1.101690736926307
1995-03-13 06:00:00,0.7060336978572805
1995-03-14 06:00:00,0.3927981248406547
1995-03-15 06:00:00,0.3907111905221773
1995-03-16 06:00:00,0.5899514507703979
1995-03-17 06:00:00,0.6665654111191816
1995-03-18 06:00:00,0.6193910653454637
1995-03-19 06:00:00,0.6827949526913062
1995-03-20 06:00:00,0.562425218138978
1995-03-21 06:00:00,0.46166762866502087
1995-03-22 06:00:00,0.871084058613585
1995-03-23 06:00:00,0.9908479005724621
1995-03-24 06:00:00,1.4450626523409644
1995-03-25 06:00:00,1.6010103145404588
1995-03-26 06:00:00,2.4125408506654367
1995-03-27 06:00:00,2.003368790156395
1995-03-28 06:00:00,2.293698497888814
1995-03-29 06:00:00,2.377518593466503
1995-03-30 06:00:00,1.6560098861741652
1995-03-31 06:00:00,1.4183775980254434
1995-04-01 06:00:00,0.9978507158196069
1995-04-02 06:00:00,0.9104792010187049
1995-04-03 06:00:00,0.8662153601157315
1995-04-04 06:00:00,1.1801320982553893
1995-04-05 06:00:00,1.0866985657898092
1995-04-06 06:00:00,1.560762719126011
1995-04-07 06:00:00,1.1953125351127896
1995-04-08 06:00:00,2.0049178897127127
1995-04-09 06:00:00,1.7122264224356165
1995-04-10 06:00:00,1.2197272735044764
1995-04-11 06:00:00,0.82426146452098
1995-04-12 06:00:00,1.2286978431235598
1995-04-13 06:00:00,1.595239918695636
1995-04-14 06:00:00,1.5548134451937636
1995-04-15 06:00:00,1.628424690580843
1995-04-16 06:00:00,2.017267704310759
1995-04-17 06:00:00,1.642430090832147
1995-04-18 06:00:00,1.4472952805261903
1995-04-19 06:00:00,1.4973129202976427
1995-04-20 06:00:00,1.1020293705548703
1995-04-21 06:00:00,1.657544408869631
1995-04-22 06:00:00,1.5411223891962098
1995-04-23 06:00:00,1.0399001318468049
1995-04-24 06:00:00,1.4967133379840658
1995-04-25 06:00:00,1.664816679908861
1995-04-26 06:00:00,1.5193455513262353
1995-04-27 06:00:00,2.040628920384096
1995-04-28 06:00:00,2.1347138711288887
1995-04-29 06:00:00,2.30267619538597
1995-04-30 06:00:00,2.090162694713133
1995-05-01 06:00:00,2.4950455950686785
1995-05-02 06:00:00,2.6779576675834473
1995-05-03 06:00:00,2.5655949335747317
1995-05-04 06:00:00,2.650713546814194
1995-05-05 06:00:00,4.267457932248921
1995-05-06 06:00:00,4.664879035889105
1995-05-07 06:00:00,5.642385280383158
1995-05-08 06:00:00,4.869845572553924
1995-05-09 06:00:00,3.844857777496692
1995-05-10 06:00:00,4.783759491001724
1995-05-11 06:00:00,5.279964939038473
1995-05-12 06:00:00,5.0242804569164194
1995-05-13 06:00:00,5.8884938803099685
1995-05-14 06:00:00,6.509046117458274
1995-05-15 06:00:00,6.825064199612869
1995-05-16 06:00:00,6.704831952710067
1995-05-17 06:00:00,5.5207673392706385
1995-05-18 06:00:00,4.832873510202553
1995-05-19 06:00:00,3.1005828285595083
1995-05-20 06:00:00,2.9449805586049917
1995-05-21 06:00:00,2.238703608897293
1995-05-22 06:00:00,2.2427265084980306
1995-05-23 06:00:00,1.9764265784247337
1995-05-24 06:00:00,2.1825383908628484
1995-05-25 06:00:00,2.223830777071911
1995-05-26 06:00:00,1.6184216003120913
1995-05-27 06:00:00,1.0583954229984847
1995-05-28 06:00:00,1.6837899569887373
1995-05-29 06:00:00,2.935877702247488
1995-05-30 06:00:00,3.4980040556313594
1995-05-31 06:00:00,2.647982205555366
1996-01-01 06:00:00,0.8000068723006114
1996-01-02 06:00:00,0.6497551485043613
1996-01-03 06:00:00,0.7767537732712997
1996-01-04 06:00:00,0.6356296751100952
1996-01-05 06:00:00,0.4147362110933985
1996-01-06 06:00:00,0.3501775007331355
1996-01-07 06:00:00,0.3154350459251584
1996-01-08 06:00:00,0.398720919843791
1996-01-09 06:00:00,0.40036294663896255
1996-01-10 06:00:00,0.8954318091574133
1996-01-11 06:00:00,1.1634819100827123
1996-01-12 06:00:00,0.9211009970510935
1996-01-13 06:00:00,0.7973303061119611
1996-01-14 06:00:00,1.274879664656726
1996-01-15 06:00:00,2.8423027149573854
1996-01-16 06:00:00,3.475738818496282
1996-01-17 06:00:00,1.3824429673499399
1996-01-18 06:00:00,1.1615828853926908
1996-01-19 06:00:00,0.5301641513384278
1996-01-20 06:00:00,0.5139530110933572
1996-01-21 06:00:00,0.5171404097282318
1996-01-22 06:00:00,0.6976816886066652
1996-01-23 06:00:00,0.4714113106651316
1996-01-24 06:00:00,0.5424601879876373
1996-01-25 06:00:00,0.7364980213788413
1996-01-26 06:00:00,1.015349953176816
1996-01-27 06:00:00,0.6850530977579361
1996-01-28 06:00:00,0.4217046703412444
1996-01-29 06:00:00,0.6973876461870283
1996-01-30 06:00:00,0.9934768563867593
1996-01-31 06:00:00,1.0624947629264994
1996-02-01 06:00:00,0.8153012999499392
1996-02-02 06:00:00,0.8796710134717767
1996-02-03 06:00:00,1.030339195840641
1996-02-04 06:00:00,1.067835391701193
1996-02-05 06:00:00,1.3597516145641046
1996-02-06 06:00:00,0.9583410870089347
1996-02-07 06:00:00,1.0093470811545646
1996-02-08 06:00:00,1.062656466502963
1996-02-09 06:00:00,1.3080695572928027
1996-02-10 06:00:00,2.516856469703858
1996-02-11 06:00:00,1.7963149353401726
1996-02-12 06:00:00,0.8800707067084408
1996-02-13 06:00:00,0.7902948848766607
1996-02-14 06:00:00,0.9589583163070877
1996-02-15 06:00:00,1.2207674816092648
1996-02-16 06:00:00,0.6253994976734876
1996-02-17 06:00:00,0.6413427111356155
1996-02-18 06:00:00,0.5773708293987572
1996-02-19 06:00:00,0.5818732856437195
1996-02-20 06:00:00,1.347329935930018
1996-02-21 06:00:00,1.6186835969791096
1996-02-22 06:00:00,2.1842377196811045
1996-02-23 06:00:00,2.1707750673750668
1996-02-24 06:00:00,1.878639866539619
1996-02-25 06:00:00,1.1123640536947967
1996-02-26 06:00:00,1.8524460700260175
1996-02-27 06:00:00,1.6383940211328836
1996-02-28 06:00:00,1.1544997737364353
1996-02-29 06:00:00,0.5578062364558072
1996-03-01 06:00:00,0.7266986782492906
1996-03-02 06:00:00,1.0377370744217627
1996-03-03 06:00:00,0.6835140175067566
1996-03-04 06:00:00,0.4738152210162074
1996-03-05 06:00:00,0.45236747954285306
1996-03-06 06:00:00,0.5906884219602644
1996-03-07 06:00:00,0.6531603774643019
1996-03-08 06:00:00,0.49439045879404153
1996-03-09 06:00:00,0.7717396518652557
1996-03-10 06:00:00,0.47402612256106136
1996-03-11 06:00:00,0.5645196462121583
1996-03-12 06:00:00,1.3211152750648916
1996-03-13 06:00:00,0.9762514382277703
1996-03-14 06:00:00,1.1088304716530182
1996-03-15 06:00:00,1.8241824935817916
1996-03-16 06:00:00,1.5466719109330958
1996-03-17 06:00:00,1.2520386249871183
1996-03-18 06:00:00,1.6246260680924376
1996-03-19 06:00:00,1.1801124533029745
1996-03-20 06:00:00,0.787988422834499
1996-03-21 06:00:00,1.1205541032212865
1996-03-22 06:00:00,0.9386376398313662
1996-03-23 06:00:00,1.4099409984601092
1996-03-24 06:00:00,1.080870169097635
1996-03-25 06:00:00,1.4076563960621202
1996-03-26 06:00:00,1.4614222459598085
1996-03-27 06:00:00,2.8070002072285267
1996-03-28 06:00:00,1.616334003410219
1996-03-29 06:00:00,1.6409926309541933
1996-03-30 06:00:00,1.6070629897017426
1996-03-31 06:00:00,1.3450908153254857
1996-04-01 06:00:00,1.4241593118411326
1996-04-02 06:00:00,1.7414144738489488
1996-04-03 06:00:00,1.434573065426476
1996-04-04 06:00:00,1.756315797482943
1996-04-05 06:00:00,1.8594646674416453
1996-04-06 06:00:00,1.8738954345057373
1996-04-07 06:00:00,1.9875226923377862
1996-04-08 06:00:00,1.3231341198234936
1996-04-09 06:00:00,1.3317719554392597
1996-04-10 06:00:00,1.3333978323477678
1996-04-11 06:00:00,1.3035838406123088
1996-04-12 06:00:00,1.4711164728533963
1996-04-13 06:00:00,2.2003615388236293
1996-04-14 06:00:00,2.2622561672061647
1996-04-15 06:00:00,1.176148640719982
1996-04-16 06:00:00,1.0174827956912662
1996-04-17 06:00:00,0.9399100224616501
1996-04-18 06:00:00,1.8657961164269374
1996-04-19 06:00:00,1.8790242614679469
1996-04-20 06:00:00,1.2791881643351108
1996-04-21 06:00:00,2.189948813890254
1996-04-22 06:00:00,2.8138437788683786
1996-04-23 06:00:00,2.4951695330489745
1996-04-24 06:00:00,2.621419857417108
1996-04-25 06:00:00,2.7199543909227577
1996-04-26 06:00:00,3.353510603119739
1996-04-27 06:00:00,3.3970681976749524
1996-04-28 06:00:00,2.894195845249021
1996-04-29 06:00:00,1.8427670852653093
1996-04-30 06:00:00,2.7266222183836413
1996-05-01 06:00:00,3.610522468985821
1996-05-02 06:00:00,4.160904692575395
1996-05-03 06:00:00,3.4202741374115804
1996-05-04 06:00:00,3.4217790544475726
1996-05-05 06:00:00,3.1419648553055
1996-05-06 06:00:00,3.1478416921525363
1996-05-07 06:00:00,3.094877639475074
1996-05-08 06:00:00,3.260206429819541
1996-05-09 06:00:00,3.0027825315961207
1996-05-10 06:00:00,2.313221020992571
1996-05-11 06:00:00,2.115414850257387
1996-05-12 06:00:00,2.5608441111623237
1996-05-13 06:00:00,2.6441731287373655
1996-05-14 06:00:00,2.401877624398627
1996-05-15 06:00:00,2.405666895203099
1996-05-16 06:00:00,1.8746237004963566
1996-05-17 06:00:00,1.7493829969463586
1996-05-18 06:00:00,1.805227556816626
1996-05-19 06:00:00,1.7363004991939597
1996-05-20 06:00:00,1.7273348201374608
1996-05-21 06:00:00,2.55262508398154
1996-05-22 06:00:00,2.4980028850162297
1996-05-23 06:00:00,2.690800944596806
1996-05-24 06:00:00,3.1183346932079803
1996-05-25 06:00:00,2.5579725073619404
1996-05-26 06:00:00,2.275675078380956
1996-05-27 06:00:00,3.5758028955977497
1996-05-28 06:00:00,4.805483605157866
1996-05-29 06:00:00,4.260973588883511
1996-05-30 06:00:00,3.4848391218129446
1996-05-31 06:00:00,3.3969163820132233
1997-01-01 06:00:00,0.21612584091380574
1997-01-02 06:00:00,0.19578490222832223
1997-01-03 06:00:00,0.1697520595185382
1997-01-04 06:00:00,0.23030342647021007
1997-01-05 06:00:00,0.3221212792166829
1997-01-06 06:00:00,0.40783746937026505
1997-01-07 06:00:00,0.5489105413137743
1997-01-08 06:00:00,0.8362104837930141
1997-01-09 06:00:00,0.6214059115447543
1997-01-10 06:00:00,0.4737156583447418
1997-01-11 06:00:00,0.3250757080738055
1997-01-12 06:00:00,0.5893554897042205
1997-01-13 06:00:00,0.6669789810024798
1997-01-14 06:00:00,0.6889807805932454
1997-01-15 06:00:00,0.6049687379048873
1997-01-16 06:00:00,0.4629122367815124
1997-01-17 06:00:00,0.4184988385140411
1997-01-18 06:00:00,0.6867436884522915
1997-01-19 06:00:00,1.8673697082111447
1997-01-20 06:00:00,1.678801330471743
1997-01-21 06:00:00,1.119880222288086
1997-01-22 06:00:00,0.6912878247569139
1997-01-23 06:00:00,0.496477918636728
1997-01-24 06:00:00,0.3071087372228425
1997-01-25 06:00:00,0.35352822277255924
1997-01-26 06:00:00,0.28104047595167597
1997-01-27 06:00:00,0.6582280305935452
1997-01-28 06:00:00,0.305534501135323
1997-01-29 06:00:00,0.32814948411979633
1997-01-30 06:00:00,0.3938667559097418
1997-01-31 06:00:00,0.4622230705399374
1997-02-01 06:00:00,0.5984305592967943
1997-02-02 06:00:00,1.0921944192975215
1997-02-03 06:00:00,0.8766212218852373
1997-02-04 06:00:00,0.8137765249208445
1997-02-05 06:00:00,0.7812824994480186
1997-02-06 06:00:00,0.6445667603018379
1997-02-07 06:00:00,0.5943045619493359
1997-02-08 06:00:00,0.4940614594908738
1997-02-09 06:00:00,0.42768387986943224
1997-02-10 06:00:00,0.351387896442656
1997-02-11 06:00:00,0.31644532635342243
1997-02-12 06:00:00,0.19019155922768
1997-02-13 06:00:00,0.2539819454163171
1997-02-14 06:00:00,0.3826982222567623
1997-02-15 06:00:00,0.6809998999748147
1997-02-16 06:00:00,0.6604807078978658
1997-02-17 06:00:00,0.6867898087895077
1997-02-18 06:00:00,0.42882697322933744
1997-02-19 06:00:00,0.38578946317497603
1997-02-20 06:00:00,0.8151900225219988
1997-02-21 06:00:00,0.5776541518536698
1997-02-22 06:00:00,0.40862120558506104
1997-02-23 06:00:00,0.6602464622474287
1997-02-24 06:00:00,0.7169801065579543
1997-02-25 06:00:00,1.1032007789327556
1997-02-26 06:00:00,0.557713916423725
1997-02-27 06:00:00,0.6039492119475188
1997-02-28 06:00:00,0.6400217476505854
1997-03-01 06:00:00,1.042643633315433
1997-03-02 06:00:00,0.8600070164423038
1997-03-03 06:00:00,0.3990293314105931
1997-03-04 06:00:00,0.5188223666292443
1997-03-05 06:00:00,0.39841053449389124
1997-03-06 06:00:00,0.7817066053021475
1997-03-07 06:00:00,0.7997936388999749
1997-03-08 06:00:00,0.6211954715133126
1997-03-09 06:00:00,0.46415210096877924
1997-03-10 06:00:00,0.5046854371091528
1997-03-11 06:00:00,0.6999931217551391
1997-03-12 06:00:00,0.4523435803088744
1997-03-13 06:00:00,0.5735811444483156
1997-03-14 06:00:00,0.9580232433306953
1997-03-15 06:00:00,1.6269406004104965
1997-03-16 06:00:00,1.510988137146171
1997-03-17 06:00:00,1.5129372217976245
1997-03-18 06:00:00,1.722233166519584
1997-03-19 06:00:00,1.3032447612972895
1997-03-20 06:00:00,1.446720729199967
1997-03-21 06:00:00,1.6997943190777889
1997-03-22 06:00:00,1.3351337335232645
1997-03-23 06:00:00,1.370538417914763
1997-03-24 06:00:00,1.2812623267992331
1997-03-25 06:00:00,1.2007096782263997
1997-03-26 06:00:00,0.7492944924363208
1997-03-27 06:00:00,0.8069685581828147
1997-03-28 06:00:00,1.4579441207988535
1997-03-29 06:00:00,1.1482815142373166
1997-03-30 06:00:00,1.860278447567369
1997-03-31 06:00:00,2.116431237097412
1997-04-01 06:00:00,1.8090116040294018
1997-04-02 06:00:00,1.8218304829230298
1997-04-03 06:00:00,2.549034671863062
1997-04-04 06:00:00,2.486693365451426
1997-04-05 06:00:00,2.088631160136315
1997-04-06 06:00:00,3.0101302404873462
1997-04-07 06:00:00,2.1151284599890317
1997-04-08 06:00:00,1.4058912067942577
1997-04-09 06:00:00,1.7788202491687497
1997-04-10 06:00:00,1.5796182414270892
1997-04-11 06:00:00,1.543744726016752
1997-04-12 06:00:00,1.3927182911433216
1997-04-13 06:00:00,1.165127131508234
1997-04-14 06:00:00,1.4128367914471387
1997-04-15 06:00:00,1.4035117857367032
1997-04-16 06:00:00,1.097582259071057
1997-04-17 06:00:00,1.1283112806542706
1997-04-18 06:00:00,0.9202147521798186
1997-04-19 06:00:00,0.8856394542534619
1997-04-20 06:00:00,0.8062260765822639
1997-04-21 06:00:00,1.1444792768374628
1997-04-22 06:00:00,0.7304240985732574
1997-04-23 06:00:00,1.0468961742564709
1997-04-24 06:00:00,0.9018360625498748
1997-04-25 06:00:00,1.0226918438259698
1997-04-26 06:00:00,1.3730858419956586
1997-04-27 06:00:00,1.8415043824760244
1997-04-28 06:00:00,1.9139737462888715
1997-04-29 06:00:00,1.503612108372888
1997-04-30 06:00:00,1.707237096375291
1997-05-01 06:00:00,2.0728060374418313
1997-05-02 06:00:00,2.3461987049672213
1997-05-03 06:00:00,2.95263840112268
1997-05-04 06:00:00,2.1080408555909598
1997-05-05 06:00:00,1.9312263254886313
1997-05-06 06:00:00,2.0626818692289497
1997-05-07 06:00:00,2.329588530554752
1997-05-08 06:00:00,2.773731747780235
1997-05-09 06:00:00,2.252667414067247
1997-05-10 06:00:00,1.621725272107718
1997-05-11 06:00:00,1.6486563658632734
1997-05-12 06:00:00,1.3075705726835132
1997-05-13 06:00:00,1.70449322050555
1997-05-14 06:00:00,2.206554236858792
1997-05-15 06:00:00,4.198150225524879
1997-05-16 06:00:00,4.692217297106605
1997-05-17 06:00:00,6.543536419930328
1997-05-18 06:00:00,6.793106274189143
1997-05-19 06:00:00,6.005836943671453
1997-05-20 06:00:00,5.154949631338445
1997-05-21 06:00:00,2.810221469870493
1997-05-22 06:00:00,1.9261040215091798
1997-05-23 06:00:00,1.9097665838168436
1997-05-24 06:00:00,2.3142096755900865
1997-05-25 06:00:00,3.0220698830002686
1997-05-26 06:00:00,2.955643885280816
1997-05-27 06:00:00,3.038061819407408
1997-05-28 06:00:00,2.751128201051351
1997-05-29 06:00:00,1.947398246756769
1997-05-30 06:00:00,2.5168576566411724
1997-05-31 06:00:00,3.2707137351467743
1998-01-01 06:00:00,1.4175117983853005
1998-01-02 06:00:00,2.1082654342642684
1998-01-03 06:00:00,1.6377665062510705
1998-01-04 06:00:00,1.0811204536676
1998-01-05 06:00:00,0.7621622171998039
1998-01-06 06:00:00,0.5431957243319614
1998-01-07 06:00:00,0.9861737633977781
1998-01-08 06:00:00,1.0692195814359458
1998-01-09 06:00:00,0.6363273642230766
1998-01-10 06:00:00,0.8427865863532418
1998-01-11 06:00:00,0.6724021962836836
1998-01-12 06:00:00,0.5854714363317209
1998-01-13 06:00:00,0.7077272628672181
1998-01-14 06:00:00,0.8387287799034607
1998-01-15 06:00:00,1.0140790879006991
1998-01-16 06:00:00,0.6418130288644891
1998-01-17 06:00:00,0.40016330622749413
1998-01-18 06:00:00,0.5967773559414528
1998-01-19 06:00:00,0.6586543187688673
1998-01-20 06:00:00,0.7104744153062431
1998-01-21 06:00:00,1.120626263946248
1998-01-22 06:00:00,0.9937278790172863
1998-01-23 06:00:00,0.5809305560814069
1998-01-24 06:00:00,0.41940100517633716
1998-01-25 06:00:00,0.47033139303574867
1998-01-26 06:00:00,0.5738701368575306
1998-01-27 06:00:00,0.5340928605603195
1998-01-28 06:00:00,0.9576025834695973
1998-01-29 06:00:00,0.9543521413788496
1998-01-30 06:00:00,1.1865331454483306
1998-01-31 06:00:00,0.8582655497000224
1998-02-01 06:00:00,0.7163307350191729
1998-02-02 06:00:00,0.572329820595557
1998-02-03 06:00:00,0.6147232139404053
1998-02-04 06:00:00,0.5746291792682657
1998-02-05 06:00:00,0.4885237438292372
1998-02-06 06:00:00,0.3799512806049695
1998-02-07 06:00:00,0.8264977246569192
1998-02-08 06:00:00,0.7587494710086671
1998-02-09 06:00:00,0.3978297926877199
1998-02-10 06:00:00,0.38679427312325165
1998-02-11 06:00:00,0.60426511770003
1998-02-12 06:00:00,0.31122225007906845
1998-02-13 06:00:00,0.2593836818878161
1998-02-14 06:00:00,1.49745758977379
1998-02-15 06:00:00,1.1983187430505986
1998-02-16 06:00:00,0.8169594684596022
1998-02-17 06:00:00,1.1945783268898056
1998-02-18 06:00:00,1.4493712388002618
1998-02-19 06:00:00,1.2905752455435278
1998-02-20 06:00:00,0.7624867929908363
1998-02-21 06:00:00,0.41404808267222076
1998-02-22 06:00:00,0.576322721040117
1998-02-23 06:00:00,1.0716515882002902
1998-02-24 06:00:00,1.8703975304141054
1998-02-25 06:00:00,2.321422896945351
1998-02-26 06:00:00,0.8548049326807042
1998-02-27 06:00:00,0.8467970906902076
1998-02-28 06:00:00,0.3230331938308049
1998-03-01 06:00:00,0.4992060645654899
1998-03-02 06:00:00,0.6192313278152223
1998-03-03 06:00:00,1.5713781855717064
1998-03-04 06:00:00,1.4979861338338019
1998-03-05 06:00:00,1.1385916742669548
1998-03-06 06:00:00,0.9947067425383191
1998-03-07 06:00:00,1.1877749256807069
1998-03-08 06:00:00,1.4226071082323268
1998-03-09 06:00:00,0.3011471828603108
1998-03-10 06:00:00,0.3072175493269777
1998-03-11 06:00:00,0.5530517255832235
1998-03-12 06:00:00,0.9834230234175367
1998-03-13 06:00:00,1.442721671308742
1998-03-14 06:00:00,0.8991409347228374
1998-03-15 06:00:00,0.5036436733996862
1998-03-16 06:00:00,0.3713246382171568
1998-03-17 06:00:00,0.7228720048819081
1998-03-18 06:00:00,0.9751133010734792
1998-03-19 06:00:00,1.0151722235974978
1998-03-20 06:00:00,0.7906471118718233
1998-03-21 06:00:00,0.4463466550807514
1998-03-22 06:00:00,1.0843575982672846
1998-03-23 06:00:00,1.826276611026447
1998-03-24 06:00:00,2.5583491850374873
1998-03-25 06:00:00,2.2703928728038503
1998-03-26 06:00:00,1.0392506766284668
1998-03-27 06:00:00,0.3920426119123987
1998-03-28 06:00:00,0.2962702549370064
1998-03-29 06:00:00,0.8832530738141832
1998-03-30 06:00:00,2.51880249492754
1998-03-31 06:00:00,1.6217312299322735
1998-04-01 06:00:00,0.4904071472088911
1998-04-02 06:00:00,0.6617265145033043
1998-04-03 06:00:00,0.910257781312069
1998-04-04 06:00:00,0.8529841378024173
1998-04-05 06:00:00,0.838176541657824
1998-04-06 06:00:00,1.0274254509773175
1998-04-07 06:00:00,1.1981772972464542
1998-04-08 06:00:00,1.5738179066953544
1998-04-09 06:00:00,1.5785317612473624
1998-04-10 06:00:00,1.5186216201541598
1998-04-11 06:00:00,1.0019702087281832
1998-04-12 06:00:00,0.7034470672295323
1998-04-13 06:00:00,0.9894774179366375
1998-04-14 06:00:00,0.8356534453742653
1998-04-15 06:00:00,0.6850754788111192
1998-04-16 06:00:00,0.834227360997683
1998-04-17 06:00:00,1.0323787779676752
1998-04-18 06:00:00,0.8257041663536965
1998-04-19 06:00:00,0.5082661515573809
1998-04-20 06:00:00,0.7862959024256523
1998-04-21 06:00:00,1.3278752672921401
1998-04-22 06:00:00,1.8572478421804366
1998-04-23 06:00:00,1.9952930591615827
1998-04-24 06:00:00,1.584100335267881
1998-04-25 06:00:00,1.84894449197179
1998-04-26 06:00:00,2.3196170721295157
1998-04-27 06:00:00,1.395276054232245
1998-04-28 06:00:00,0.7965673184374896
1998-04-29 06:00:00,1.0236395343134232
1998-04-30 06:00:00,1.3937304859585464
1998-05-01 06:00:00,1.1715860453594127
1998-05-02 06:00:00,1.481249386420125
1998-05-03 06:00:00,1.6642427373247015
1998-05-04 06:00:00,1.412910034432824
1998-05-05 06:00:00,1.5733211143284265
1998-05-06 06:00:00,1.8826046344399303
1998-05-07 06:00:00,2.0910270268369726
1998-05-08 06:00:00,2.526457175920231
1998-05-09 06:00:00,2.5426024453151124
1998-05-10 06:00:00,1.929806791175168
1998-05-11 06:00:00,2.5200654487980136
1998-05-12 06:00:00,2.7775995096450754
1998-05-13 06:00:00,2.3753008333973913
1998-05-14 06:00:00,2.4393754252589175
1998-05-15 06:00:00,4.439073214207832
1998-05-16 06:00:00,4.856014382601909
1998-05-17 06:00:00,5.074564736226991
1998-05-18 06:00:00,5.797445643054353
1998-05-19 06:00:00,6.076963205807022
1998-05-20 06:00:00,6.197002451385991
1998-05-21 06:00:00,4.4011782567353945
1998-05-22 06:00:00,3.144735125459832
1998-05-23 06:00:00,3.087405091266103
1998-05-24 06:00:00,3.0808383802552872
1998-05-25 06:00:00,2.783115179789446
1998-05-26 06:00:00,3.703013298300958
1998-05-27 06:00:00,4.704375842206482
1998-05-28 06:00:00,4.761115756746252
1998-05-29 06:00:00,4.439839011476625
1998-05-30 06:00:00,4.587745565616711
1998-05-31 06:00:00,4.794444463573377
1999-01-01 06:00:00,2.003114108324698
1999-01-02 06:00:00,2.0937398411504144
1999-01-03 06:00:00,1.4261179201833785
1999-01-04 06:00:00,1.0738454734232648
1999-01-05 06:00:00,1.456744887273417
1999-01-06 06:00:00,1.686485907177635
1999-01-07 06:00:00,1.8654059001628753
1999-01-08 06:00:00,1.3583524562103466
1999-01-09 06:00:00,0.4228934910293927
1999-01-10 06:00:00,0.5585854072802995
1999-01-11 06:00:00,0.6579465956528288
1999-01-12 06:00:00,0.49278032012117495
1999-01-13 06:00:00,0.4120257650523255
1999-01-14 06:00:00,0.5751971865461245
1999-01-15 06:00:00,0.646542982825401
1999-01-16 06:00:00,1.0375342288023464
1999-01-17 06:00:00,1.5479600043619104
1999-01-18 06:00:00,1.2372558903801234
1999-01-19 06:00:00,0.7479850092959398
1999-01-20 06:00:00,1.3292800148885817
1999-01-21 06:00:00,1.4586027853277426
1999-01-22 06:00:00,0.9038331749180981
1999-01-23 06:00:00,1.0669569192688506
1999-01-24 06:00:00,1.6605924887303611
1999-01-25 06:00:00,1.5242117897081755
1999-01-26 06:00:00,1.0017500114299314
1999-01-27 06:00:00,1.1620744196237476
1999-01-28 06:00:00,1.3693566088554543
1999-01-29 06:00:00,1.1162395487973635
1999-01-30 06:00:00,1.1558639481257564
1999-01-31 06:00:00,1.9880584439306124
1999-02-01 06:00:00,1.4051883392677573
1999-02-02 06:00:00,2.480530477458307
1999-02-03 06:00:00,2.079976646687757
1999-02-04 06:00:00,1.6928754373813126
1999-02-05 06:00:00,1.4380831778338208
1999-02-06 06:00:00,1.126055441639248
1999-02-07 06:00:00,1.2228106664567215
1999-02-08 06:00:00,1.5159845836845078
1999-02-09 06:00:00,1.2050983869438736
1999-02-10 06:00:00,0.49358487291065295
1999-02-11 06:00:00,0.47059189090791126
1999-02-12 06:00:00,1.307836057590644
1999-02-13 06:00:00,1.7136957958670707
1999-02-14 06:00:00,1.4061024382339091
1999-02-15 06:00:00,0.9701957917389311
1999-02-16 06:00:00,1.7709459122213995
1999-02-17 06:00:00,2.316094521518441
1999-02-18 06:00:00,1.3433733422611116
1999-02-19 06:00:00,1.3138523057106026
1999-02-20 06:00:00,1.1614063504134802
1999-02-21 06:00:00,1.0351259677508264
1999-02-22 06:00:00,1.4692437126502074
1999-02-23 06:00:00,1.4015371318560366
1999-02-24 06:00:00,1.102665639526657
1999-02-25 06:00:00,0.6717902157371233
1999-02-26 06:00:00,0.7265594136669197
1999-02-27 06:00:00,0.8499100062529196
1999-02-28 06:00:00,0.670156750004077
1999-03-01 06:00:00,0.8083305378516524
1999-03-02 06:00:00,0.5403864865168737
1999-03-03 06:00:00,0.3573181632571278
1999-03-04 06:00:00,0.5581486164806745
1999-03-05 06:00:00,0.718884962936596
1999-03-06 06:00:00,0.7228848458505023
1999-03-07 06:00:00,1.5913576942076615
1999-03-08 06:00:00,1.3718972382642194
1999-03-09 06:00:00,1.1082587444155518
1999-03-10 06:00:00,0.8258128543492855
1999-03-11 06:00:00,0.8505240925895571
1999-03-12 06:00:00,0.598982335593168
1999-03-13 06:00:00,0.5476651725500427
1999-03-14 06:00:00,0.4993613605341153
1999-03-15 06:00:00,0.358293485167469
1999-03-16 06:00:00,0.8202338699069691
1999-03-17 06:00:00,0.915660097828375
1999-03-18 06:00:00,0.7247000929166658
1999-03-19 06:00:00,0.5122860790818009
1999-03-20 06:00:00,0.5000895240600866
1999-03-21 06:00:00,0.3285580438456967
1999-03-22 06:00:00,0.3218525393159123
1999-03-23 06:00:00,0.5963902329312969
1999-03-24 06:00:00,0.917979995058867
1999-03-25 06:00:00,1.1862844942106214
1999-03-26 06:00:00,0.9213286639431005
1999-03-27 06:00:00,1.6547333329586862
1999-03-28 06:00:00,1.2709938522138586
1999-03-29 06:00:00,0.7548192325046841
1999-03-30 06:00:00,0.7471881634539559
1999-03-31 06:00:00,0.8814265697207777
1999-04-01 06:00:00,1.0260160175060762
1999-04-02 06:00:00,1.359901340989086
1999-04-03 06:00:00,1.609532562339961
1999-04-04 06:00:00,1.8558030235671392
1999-04-05 06:00:00,1.8800455337632875
1999-04-06 06:00:00,2.027705094016697
1999-04-07 06:00:00,2.6634685237928792
1999-04-08 06:00:00,3.169272347129491
1999-04-09 06:00:00,2.766998292381813
1999-04-10 06:00:00,2.262107873976598
1999-04-11 06:00:00,2.6050580345185312
1999-04-12 06:00:00,3.553535851107117
1999-04-13 06:00:00,2.784063649490217
1999-04-14 06:00:00,2.389465141231332
1999-04-15 06:00:00,2.3190997468507057
1999-04-16 06:00:00,1.758153950826208
1999-04-17 06:00:00,1.5596935662082378
1999-04-18 06:00:00,2.093915410184324
1999-04-19 06:00:00,2.1054420121874196
1999-04-20 06:00:00,2.090053111180607
1999-04-21 06:00:00,2.7270576511405196
1999-04-22 06:00:00,3.435255783468662
1999-04-23 06:00:00,2.9533975197421563
1999-04-24 06:00:00,3.2915115125725554
1999-04-25 06:00:00,2.66187055479581
1999-04-26 06:00:00,2.0913489825651106
1999-04-27 06:00:00,1.4136952254926045
1999-04-28 06:00:00,2.3506800106554375
1999-04-29 06:00:00,2.5730404034502614
1999-04-30 06:00:00,2.4072347973533463
1999-05-01 06:00:00,2.0567123490289503
1999-05-02 06:00:00,2.1266643709825246
1999-05-03 06:00:00,2.0816727200891894
1999-05-04 06:00:00,1.7913893274544657
1999-05-05 06:00:00,3.1737204872758364
1999-05-06 06:00:00,3.837552931305971
1999-05-07 06:00:00,3.7377462364003318
1999-05-08 06:00:00,3.820987939454331
1999-05-09 06:00:00,3.4454558234896306
1999-05-10 06:00:00,4.398443672497039
1999-05-11 06:00:00,4.692598033043624
1999-05-12 06:00:00,4.503372885374048
1999-05-13 06:00:00,3.7888675881214815
1999-05-14 06:00:00,4.355665522062845
1999-05-15 06:00:00,4.910790275171918
1999-05-16 06:00:00,4.468932648225018
1999-05-17 06:00:00,4.093154445571076
1999-05-18 06:00:00,4.091881489383559
1999-05-19 06:00:00,5.239332503858652
1999-05-20 06:00:00,7.1207438073748
1999-05-21 06:00:00,7.8149284793642275
1999-05-22 06:00:00,7.355984783883572
1999-05-23 06:00:00,6.705036029030964
1999-05-24 06:00:00,8.218912491115267
1999-05-25 06:00:00,8.722408145298443
1999-05-26 06:00:00,8.488587149185664
1999-05-27 06:00:00,7.382675563214909
1999-05-28 06:00:00,6.366631716986943
1999-05-29 06:00:00,7.746393560114214
1999-05-30 06:00:00,7.885655632850042
1999-05-31 06:00:00,5.583236234258675
2000-01-01 06:00:00,0.6881074784068397
2000-01-02 06:00:00,1.0089663059247795
2000-01-03 06:00:00,1.7659756127914645
2000-01-04 06:00:00,2.108749485616831
2000-01-05 06:00:00,1.4227951348544534
2000-01-06 06:00:00,1.6238934450237787
2000-01-07 06:00:00,1.9965833586292296
2000-01-08 06:00:00,2.5940951456044226
2000-01-09 06:00:00,2.1613059828040204
2000-01-10 06:00:00,1.341052794621279
2000-01-11 06:00:00,1.507438929179821
2000-01-12 06:00:00,2.556909564690822
2000-01-13 06:00:00,3.8742196235913693
2000-01-14 06:00:00,2.2284372151624456
2000-01-15 06:00:00,1.3323487906894629
2000-01-16 06:00:00,1.0516138952605198
2000-01-17 06:00:00,0.9130996042393178
2000-01-18 06:00:00,0.9477628982822902
2000-01-19 06:00:00,0.5692565696779593
2000-01-20 06:00:00,0.7116284921012004
2000-01-21 06:00:00,0.6478566051496605
2000-01-22 06:00:00,0.3982838471775487
2000-01-23 06:00:00,0.5251821008260797
2000-01-24 06:00:00,0.4404209611338498
2000-01-25 06:00:00,0.7012024122485593
2000-01-26 06:00:00,0.7840801309152328
2000-01-27 06:00:00,0.6086071194619441
2000-01-28 06:00:00,0.6148079432356482
2000-01-29 06:00:00,0.8918396684864109
2000-01-30 06:00:00,0.9650015429700434
2000-01-31 06:00:00,0.7559310727153633
2000-02-01 06:00:00,1.240862092386937
2000-02-02 06:00:00,1.959943599880894
2000-02-03 06:00:00,1.242716976563995
2000-02-04 06:00:00,1.6081525427496752
2000-02-05 06:00:00,1.5712053786065765
2000-02-06 06:00:00,1.585659245967194
2000-02-07 06:00:00,1.0622918243275141
2000-02-08 06:00:00,0.6105625733314088
2000-02-09 06:00:00,0.7716659220298002
2000-02-10 06:00:00,0.8541871200139113
2000-02-11 06:00:00,1.0073699665999398
2000-02-12 06:00:00,0.9535074899658567
2000-02-13 06:00:00,0.4284202487465532
2000-02-14 06:00:00,0.3851878984406294
2000-02-15 06:00:00,0.5481000576123711
2000-02-16 06:00:00,0.7866009532807231
2000-02-17 06:00:00,1.3355940796256587
2000-02-18 06:00:00,1.612096987732654
2000-02-19 06:00:00,1.4492708348590713
2000-02-20 06:00:00,1.4602162750134344
2000-02-21 06:00:00,1.3903814711953415
2000-02-22 06:00:00,1.4523449481425441
2000-02-23 06:00:00,1.1284303667298994
2000-02-24 06:00:00,1.2098569308209728
2000-02-25 06:00:00,1.092569388136775
2000-02-26 06:00:00,1.5006487025243065
2000-02-27 06:00:00,2.053044231993273
2000-02-28 06:00:00,1.3184145202827007
2000-02-29 06:00:00,1.336878209888513
2000-03-01 06:00:00,1.639202309737091
2000-03-02 06:00:00,1.7743075381614173
2000-03-03 06:00:00,1.6655912712914436
2000-03-04 06:00:00,1.556139924756839
2000-03-05 06:00:00,1.2512806059333148
2000-03-06 06:00:00,0.7554668675942979
2000-03-07 06:00:00,0.8169846906928868
2000-03-08 06:00:00,0.9753291046298156
2000-03-09 06:00:00,1.202026449211954
2000-03-10 06:00:00,0.8275473449116144
2000-03-11 06:00:00,0.8119690288028371
2000-03-12 06:00:00,0.8563843216056679
2000-03-13 06:00:00,1.0504463797540406
2000-03-14 06:00:00,1.1882360647982404
2000-03-15 06:00:00,1.2311199937681572
2000-03-16 06:00:00,1.361076198570731
2000-03-17 06:00:00,0.5518005605173545
2000-03-18 06:00:00,0.5357143941952826
2000-03-19 06:00:00,0.4439169311236152
2000-03-20 06:00:00,0.369939274179006
2000-03-21 06:00:00,0.4174047623703974
2000-03-22 06:00:00,0.6724750951748913
2000-03-23 06:00:00,0.9500825848168912
2000-03-24 06:00:00,1.563196995864337
2000-03-25 06:00:00,1.2229112307409966
2000-03-26 06:00:00,2.529774539185523
2000-03-27 06:00:00,4.335340742215509
2000-03-28 06:00:00,4.830076567062218
2000-03-29 06:00:00,3.382484795167227
2000-03-30 06:00:00,3.5188120090743396
2000-03-31 06:00:00,2.0990117258199152
2000-04-01 06:00:00,1.2486992569952686
2000-04-02 06:00:00,1.7272069648973754
2000-04-03 06:00:00,1.756584880873562
2000-04-04 06:00:00,1.334244165627121
2000-04-05 06:00:00,1.3272973702456548
2000-04-06 06:00:00,1.613906083648091
2000-04-07 06:00:00,1.8289640783475012
2000-04-08 06:00:00,1.4200743794446884
2000-04-09 06:00:00,0.7857269321077234
2000-04-10 06:00:00,1.3208106687780101
2000-04-11 06:00:00,1.7496825583170352
2000-04-12 06:00:00,2.353013370147178
2000-04-13 06:00:00,1.934987860600734
2000-04-14 06:00:00,1.5068492409105803
2000-04-15 06:00:00,1.4319454682933495
2000-04-16 06:00:00,1.9867108454964464
2000-04-17 06:00:00,1.7134522233085432
2000-04-18 06:00:00,1.330176661148804
2000-04-19 06:00:00,1.1592448881874438
2000-04-20 06:00:00,0.9381712088515458
2000-04-21 06:00:00,1.5248088847259773
2000-04-22 06:00:00,2.113268176726244
2000-04-23 06:00:00,2.924776117048522
2000-04-24 06:00:00,3.5577755681436067
2000-04-25 06:00:00,3.6062717674765254
2000-04-26 06:00:00,3.211580749572033
2000-04-27 06:00:00,3.039213697242851
2000-04-28 06:00:00,3.182933554172579
2000-04-29 06:00:00,3.0318763551400663
2000-04-30 06:00:00,2.8688097135568547
2000-05-01 06:00:00,2.9590762639935067
2000-05-02 06:00:00,3.01820837964193
2000-05-03 06:00:00,2.573638940204713
2000-05-04 06:00:00,2.5639008187966037
2000-05-05 06:00:00,1.9523956887084852
2000-05-06 06:00:00,2.6713303298345217
2000-05-07 06:00:00,3.199774426429375
2000-05-08 06:00:00,2.5128055882172915
2000-05-09 06:00:00,1.5671786002148609
2000-05-10 06:00:00,1.1933987273534215
2000-05-11 06:00:00,2.28532051427455
2000-05-12 06:00:00,2.5777147129659816
2000-05-13 06:00:00,3.4506070006146836
2000-05-14 06:00:00,3.9013973670678337
2000-05-15 06:00:00,4.548225656043229
2000-05-16 06:00:00,4.478783004688278
2000-05-17 06:00:00,5.164582254291931
2000-05-18 06:00:00,5.676752113415618
2000-05-19 06:00:00,5.98697145940913
2000-05-20 06:00:00,5.7223178677054785
2000-05-21 06:00:00,4.436673900248074
2000-05-22 06:00:00,4.255244640003934
2000-05-23 06:00:00,4.562098784864017
2000-05-24 06:00:00,5.755646150969738
2000-05-25 06:00:00,5.863349148369018
2000-05-26 06:00:00,6.152175615191859
2000-05-27 06:00:00,6.426751413122667
2000-05-28 06:00:00,6.094176892522079
2000-05-29 06:00:00,4.759191552545194
2000-05-30 06:00:00,4.484919713446787
2000-05-31 06:00:00,5.62015083485515
2001-01-01 06:00:00,2.4886779792023113
2001-01-02 06:00:00,1.7973923479589546
2001-01-03 06:00:00,1.1903781826921211
2001-01-04 06:00:00,1.0650188275909371
2001-01-05 06:00:00,1.0007750691638535
2001-01-06 06:00:00,0.46877119104704945
2001-01-07 06:00:00,0.5958875058301151
2001-01-08 06:00:00,0.8703944364706132
2001-01-09 06:00:00,1.248526053798133
2001-01-10 06:00:00,0.9843637645663198
2001-01-11 06:00:00,0.5813604467778043
2001-01-12 06:00:00,0.33174333417856244
2001-01-13 06:00:00,0.4997799303096572
2001-01-14 06:00:00,0.9065700230742141
2001-01-15 06:00:00,0.9089092280472475
2001-01-16 06:00:00,1.2092188485729392
2001-01-17 06:00:00,1.2891360937593688
2001-01-18 06:00:00,1.3350649979383509
2001-01-19 06:00:00,1.0860685681739441
2001-01-20 06:00:00,1.099127886781886
2001-01-21 06:00:00,2.6161512753654725
2001-01-22 06:00:00,2.160287432209808
2001-01-23 06:00:00,1.3366569166076097
2001-01-24 06:00:00,1.132871056318951
2001-01-25 06:00:00,1.004258116224357
2001-01-26 06:00:00,1.333381163723579
2001-01-27 06:00:00,1.045543572451111
2001-01-28 06:00:00,0.9839143714798313
2001-01-29 06:00:00,1.043132332796283
2001-01-30 06:00:00,1.0637340822854484
2001-01-31 06:00:00,1.098243292419196
2001-02-01 06:00:00,0.9930599900417475
2001-02-02 06:00:00,1.5944982223869906
2001-02-03 06:00:00,1.1591652851646765
2001-02-04 06:00:00,0.5559560250056301
2001-02-05 06:00:00,0.6954640342178784
2001-02-06 06:00:00,0.5747657280688526
2001-02-07 06:00:00,0.25847319964466475
2001-02-08 06:00:00,0.1162220042737082
2001-02-09 06:00:00,0.13215740068045898
2001-02-10 06:00:00,0.186130281052615
2001-02-11 06:00:00,0.24073449186612264
2001-02-12 06:00:00,0.24290235623661005
2001-02-13 06:00:00,0.36023798545891167
2001-02-14 06:00:00,0.7113962401694467
2001-02-15 06:00:00,1.416232832121805
2001-02-16 06:00:00,1.173635889365244
2001-02-17 06:00:00,1.2833735001021724
2001-02-18 06:00:00,0.8481121726277868
2001-02-19 06:00:00,0.5714089085959125
2001-02-20 06:00:00,0.7280728031919357
2001-02-21 06:00:00,0.5575569343144319
2001-02-22 06:00:00,0.8808773633707879
2001-02-23 06:00:00,0.7752617359757127
2001-02-24 06:00:00,0.6004735005342289
2001-02-25 06:00:00,0.6679889688082121
2001-02-26 06:00:00,1.2977368179862911
2001-02-27 06:00:00,0.9567773023977761
2001-02-28 06:00:00,0.28392245450121006
2001-03-01 06:00:00,0.39354606310735
2001-03-02 06:00:00,0.43618959499826687
2001-03-03 06:00:00,0.25832755686130066
2001-03-04 06:00:00,0.24750216651671586
2001-03-05 06:00:00,0.5778096706102265
2001-03-06 06:00:00,0.6925413235873391
2001-03-07 06:00:00,0.3405217724675342
2001-03-08 06:00:00,0.571432762980206
2001-03-09 06:00:00,1.4969467365229832
2001-03-10 06:00:00,2.268921532289253
2001-03-11 06:00:00,1.6891907979538758
2001-03-12 06:00:00,1.5985431193436626
2001-03-13 06:00:00,1.5414313471834449
2001-03-14 06:00:00,1.2671171398937817
2001-03-15 06:00:00,1.342613258296089
2001-03-16 06:00:00,1.0806872832118333
2001-03-17 06:00:00,0.4746590940675878
2001-03-18 06:00:00,0.49694044974617396
2001-03-19 06:00:00,0.6973087489711126
2001-03-20 06:00:00,0.8365084003502365
2001-03-21 06:00:00,1.0120109714648993
2001-03-22 06:00:00,1.204368924762426
2001-03-23 06:00:00,1.9787842942917315
2001-03-24 06:00:00,1.5718113915653926
2001-03-25 06:00:00,1.0619473050825898
2001-03-26 06:00:00,0.845236517233761
2001-03-27 06:00:00,1.2189931336181143
2001-03-28 06:00:00,1.1244805944943768
2001-03-29 06:00:00,1.4571116612011605
2001-03-30 06:00:00,1.261892678049222
2001-03-31 06:00:00,1.3939655788762315
2001-04-01 06:00:00,1.1232093687495799
2001-04-02 06:00:00,1.1301313495073928
2001-04-03 06:00:00,1.0284390236044954
2001-04-04 06:00:00,0.7966602548918298
2001-04-05 06:00:00,1.1826250929227555
2001-04-06 06:00:00,0.9543429283090966
2001-04-07 06:00:00,1.5632131304426118
2001-04-08 06:00:00,1.5171531818467863
2001-04-09 06:00:00,1.7765658355012988
2001-04-10 06:00:00,2.0463168188962007
2001-04-11 06:00:00,2.435952200030364
2001-04-12 06:00:00,2.8024305559425486
2001-04-13 06:00:00,2.649098693112908
2001-04-14 06:00:00,3.354627545584175
2001-04-15 06:00:00,2.7723074546795523
2001-04-16 06:00:00,2.4737502623757446
2001-04-17 06:00:00,2.8511689953493025
2001-04-18 06:00:00,2.9791420926838397
2001-04-19 06:00:00,3.076219253561973
2001-04-20 06:00:00,1.8983501858473295
2001-04-21 06:00:00,1.3470616149655705
2001-04-22 06:00:00,1.3487712521049489
2001-04-23 06:00:00,1.0035670775878558
2001-04-24 06:00:00,0.45501542572022796
2001-04-25 06:00:00,0.9202823626749583
2001-04-26 06:00:00,2.118910747485839
2001-04-27 06:00:00,2.6507811490529454
2001-04-28 06:00:00,2.6698952321126432
2001-04-29 06:00:00,2.576535055064028
2001-04-30 06:00:00,3.1654924626936647
2001-05-01 06:00:00,3.132310702836274
2001-05-02 06:00:00,3.809042896522314
2001-05-03 06:00:00,3.801908201857541
2001-05-04 06:00:00,3.287228742272207
2001-05-05 06:00:00,3.1495588326237307
2001-05-06 06:00:00,3.1663043960165234
2001-05-07 06:00:00,4.037464255034845
2001-05-08 06:00:00,5.081459434390504
2001-05-09 06:00:00,3.925169902104445
2001-05-10 06:00:00,4.417979019626716
2001-05-11 06:00:00,3.742224402442427
2001-05-12 06:00:00,4.201997581733049
2001-05-13 06:00:00,4.466929222210876
2001-05-14 06:00:00,3.0706565329093944
2001-05-15 06:00:00,2.11347661140332
2001-05-16 06:00:00,3.412753809521611
2001-05-17 06:00:00,4.323976526473244
2001-05-18 06:00:00,4.564248950331467
2001-05-19 06:00:00,4.297819273993064
2001-05-20 06:00:00,4.219895269142047
2001-05-21 06:00:00,4.09838291285494
2001-05-22 06:00:00,4.819364202675022
2001-05-23 06:00:00,5.749195791878625
2001-05-24 06:00:00,6.623042168608127
2001-05-25 06:00:00,6.61072419229357
2001-05-26 06:00:00,6.601664416845337
2001-05-27 06:00:00,6.044224202753756
2001-05-28 06:00:00,5.334419261716663
2001-05-29 06:00:00,7.205096920087108
2001-05-30 06:00:00,7.011209311915934
2001-05-31 06:00:00,6.6198798331480875
2002-01-01 06:00:00,0.894726714577228
2002-01-02 06:00:00,0.6222925908812702
2002-01-03 06:00:00,0.49215329069859653
2002-01-04 06:00:00,0.6495610909732122
2002-01-05 06:00:00,0.8789920321634689
2002-01-06 06:00:00,0.6573365682973217
2002-01-07 06:00:00,0.7265998746243479
2002-01-08 06:00:00,0.6890427833857228
2002-01-09 06:00:00,1.0804405761321914
2002-01-10 06:00:00,0.9728271344222704
2002-01-11 06:00:00,0.4191427225536775
2002-01-12 06:00:00,0.4207664933898609
2002-01-13 06:00:00,0.9116389182016418
2002-01-14 06:00:00,1.0112621621283895
2002-01-15 06:00:00,0.6619290685702037
2002-01-16 06:00:00,1.277707197803017
2002-01-17 06:00:00,0.4690234701445147
2002-01-18 06:00:00,0.7538177244521954
2002-01-19 06:00:00,0.9717327315233247
2002-01-20 06:00:00,0.9705759694474376
2002-01-21 06:00:00,1.0419418844113373
2002-01-22 06:00:00,0.8730679825222933
2002-01-23 06:00:00,1.0364480486380219
2002-01-24 06:00:00,1.2387063766376656
2002-01-25 06:00:00,0.6739872371879911
2002-01-26 06:00:00,0.40655642042729606
2002-01-27 06:00:00,0.47861358353601813
2002-01-28 06:00:00,1.1359236733754545
2002-01-29 06:00:00,1.548362012417972
2002-01-30 06:00:00,1.4901958846947678
2002-01-31 06:00:00,1.5748674490324068
2002-02-01 06:00:00,2.1479918845892367
2002-02-02 06:00:00,2.3378231782154666
2002-02-03 06:00:00,0.9156869920681101
2002-02-04 06:00:00,0.6796258636768535
2002-02-05 06:00:00,0.8298680445101245
2002-02-06 06:00:00,1.297655814968007
2002-02-07 06:00:00,1.3640364912763612
2002-02-08 06:00:00,1.6170814783423129
2002-02-09 06:00:00,1.451288523537709
2002-02-10 06:00:00,0.957725270394943
2002-02-11 06:00:00,1.4816576644965103
2002-02-12 06:00:00,1.4675265913539006
2002-02-13 06:00:00,0.37048618068672273
2002-02-14 06:00:00,0.22002446800756337
2002-02-15 06:00:00,0.23617395912733083
2002-02-16 06:00:00,0.34295521255729805
2002-02-17 06:00:00,0.569515096256361
2002-02-18 06:00:00,0.45123051602283815
2002-02-19 06:00:00,0.25611210706280085
2002-02-20 06:00:00,0.3859039575598893
2002-02-21 06:00:00,0.38997083863474613
2002-02-22 06:00:00,0.9751339954291725
2002-02-23 06:00:00,1.198952233131143
2002-02-24 06:00:00,0.5349961830102202
2002-02-25 06:00:00,0.5762381100066702
2002-02-26 06:00:00,1.117634344841876
2002-02-27 06:00:00,0.8805401977459405
2002-02-28 06:00:00,0.5486335970320791
2002-03-01 06:00:00,0.8741064109816659
2002-03-02 06:00:00,1.4104338828216616
2002-03-03 06:00:00,1.1705708116019757
2002-03-04 06:00:00,0.6965459716960137
2002-03-05 06:00:00,0.342366172449988
2002-03-06 06:00:00,0.5846943175514117
2002-03-07 06:00:00,0.5955357238627502
2002-03-08 06:00:00,0.6885485306297509
2002-03-09 06:00:00,0.81861452062726
2002-03-10 06:00:00,0.7676306829015717
2002-03-11 06:00:00,0.3363091804851838
2002-03-12 06:00:00,0.35319219751747355
2002-03-13 06:00:00,0.22922979769760987
2002-03-14 06:00:00,0.4669351803329962
2002-03-15 06:00:00,0.6484339412801925
2002-03-16 06:00:00,0.5767410224553273
2002-03-17 06:00:00,0.43844436241908585
2002-03-18 06:00:00,0.1670817617066002
2002-03-19 06:00:00,0.19670514799164643
2002-03-20 06:00:00,0.22079327390220962
2002-03-21 06:00:00,0.6142096113137993
2002-03-22 06:00:00,0.8403383268974378
2002-03-23 06:00:00,1.1312939044738815
2002-03-24 06:00:00,1.4904066142440386
2002-03-25 06:00:00,1.7714153188978716
2002-03-26 06:00:00,1.09783200913578
2002-03-27 06:00:00,1.1575373067523462
2002-03-28 06:00:00,1.0728641583875116
2002-03-29 06:00:00,1.1075024222205212
2002-03-30 06:00:00,0.9016551595832716
2002-03-31 06:00:00,0.8509166997484975
2002-04-01 06:00:00,1.297885557322241
2002-04-02 06:00:00,1.2376991943069804
2002-04-03 06:00:00,1.4972496777851128
2002-04-04 06:00:00,1.1529027799642573
2002-04-05 06:00:00,1.0145714293117554
2002-04-06 06:00:00,0.663666612756086
2002-04-07 06:00:00,0.9421841814346715
2002-04-08 06:00:00,0.8461607360785253
2002-04-09 06:00:00,1.4757431205913913
2002-04-10 06:00:00,1.7699933397412746
2002-04-11 06:00:00,1.2711206570066627
2002-04-12 06:00:00,1.4179864985117938
2002-04-13 06:00:00,1.8007555835254994
2002-04-14 06:00:00,1.506090520211379
2002-04-15 06:00:00,1.7433666247112292
2002-04-16 06:00:00,1.1030624142686902
2002-04-17 06:00:00,1.6537051741986228
2002-04-18 06:00:00,1.393435346259282
2002-04-19 06:00:00,2.2092838957951586
2002-04-20 06:00:00,1.3245205688553408
2002-04-21 06:00:00,1.3591443557687775
2002-04-22 06:00:00,1.87033639177719
2002-04-23 06:00:00,1.8341105082476858
2002-04-24 06:00:00,1.738001173119631
2002-04-25 06:00:00,2.472956340894362
2002-04-26 06:00:00,2.482855448582741
2002-04-27 06:00:00,2.6118825857908847
2002-04-28 06:00:00,2.27974424468218
2002-04-29 06:00:00,1.9169573815710625
2002-04-30 06:00:00,2.3992719042723385
2002-05-01 06:00:00,1.674546495102643
2002-05-02 06:00:00,1.5785018568224778
2002-05-03 06:00:00,2.6674150233189677
2002-05-04 06:00:00,4.511162265094203
2002-05-05 06:00:00,4.217894850713043
2002-05-06 06:00:00,4.488689175235072
2002-05-07 06:00:00,3.845916012516069
2002-05-08 06:00:00,3.289209005756442
2002-05-09 06:00:00,4.321617538030642
2002-05-10 06:00:00,4.06541969223319
2002-05-11 06:00:00,4.88756795124277
2002-05-12 06:00:00,5.626394555900295
2002-05-13 06:00:00,3.6807279478243755
2002-05-14 06:00:00,3.751079301052155
2002-05-15 06:00:00,3.9785260974870136
2002-05-16 06:00:00,4.564164956932489
2002-05-17 06:00:00,6.943700014302692
2002-05-18 06:00:00,8.052420925899275
2002-05-19 06:00:00,8.043926209257025
2002-05-20 06:00:00,4.339948784275772
2002-05-21 06:00:00,3.872025558548886
2002-05-22 06:00:00,3.89724275017157
2002-05-23 06:00:00,2.6637674887693232
2002-05-24 06:00:00,2.0110818709261333
2002-05-25 06:00:00,2.8452734024455086
2002-05-26 06:00:00,4.316705052893354
2002-05-27 06:00:00,4.813478873301186
2002-05-28 06:00:00,4.5531704362515475
2002-05-29 06:00:00,5.373788021154742
2002-05-30 06:00:00,4.24612694471718
2002-05-31 06:00:00,4.565583056059732
2003-01-01 06:00:00,1.8886162138557778
2003-01-02 06:00:00,1.2741247651764334
2003-01-03 06:00:00,1.0446069157517477
2003-01-04 06:00:00,0.9248267305661437
2003-01-05 06:00:00,1.4212854570862916
2003-01-06 06:00:00,1.2848241115344075
2003-01-07 06:00:00,1.1070251405150435
2003-01-08 06:00:00,0.755218971726354
2003-01-09 06:00:00,0.6696643944142174
2003-01-10 06:00:00,0.8311227337094432
2003-01-11 06:00:00,0.7025414764790879
2003-01-12 06:00:00,0.6373220596224732
2003-01-13 06:00:00,1.0543927729098455
2003-01-14 06:00:00,0.7013182508985385
2003-01-15 06:00:00,0.7922606659252877
2003-01-16 06:00:00,1.6545228218934276
2003-01-17 06:00:00,1.075346707645269
2003-01-18 06:00:00,0.6467141773479206
2003-01-19 06:00:00,0.8732601399106047
2003-01-20 06:00:00,0.6744413648567424
2003-01-21 06:00:00,0.5641267774193421
2003-01-22 06:00:00,0.5351732880973868
2003-01-23 06:00:00,0.6108128397178322
2003-01-24 06:00:00,0.6590848995927624
2003-01-25 06:00:00,0.39957886047843183
2003-01-26 06:00:00,0.4025903853659246
2003-01-27 06:00:00,0.3740265990931744
2003-01-28 06:00:00,0.7455319433283893
2003-01-29 06:00:00,0.9632623291662642
2003-01-30 06:00:00,1.5671584726278156
2003-01-31 06:00:00,1.3348204046371213
2003-02-01 06:00:00,1.9549202894577586
2003-02-02 06:00:00,1.554886757762611
2003-02-03 06:00:00,0.7317976613073538
2003-02-04 06:00:00,0.9065288206648836
2003-02-05 06:00:00,1.0511855120650613
2003-02-06 06:00:00,1.4396593670962352
2003-02-07 06:00:00,1.4382937288174251
2003-02-08 06:00:00,1.1518822859480566
2003-02-09 06:00:00,0.5850214326466372
2003-02-10 06:00:00,0.7521862945531281
2003-02-11 06:00:00,0.5044619676369905
2003-02-12 06:00:00,1.0757501725290473
2003-02-13 06:00:00,2.097146479347061
2003-02-14 06:00:00,1.0602178155463309
2003-02-15 06:00:00,0.8867658638338516
2003-02-16 06:00:00,1.272412228805796
2003-02-17 06:00:00,1.8108104794281399
2003-02-18 06:00:00,3.496378192409217
2003-02-19 06:00:00,4.243306922647931
2003-02-20 06:00:00,1.4507835016714747
2003-02-21 06:00:00,0.5789181440386354
2003-02-22 06:00:00,0.39467129039768845
2003-02-23 06:00:00,0.4028576494180147
2003-02-24 06:00:00,0.363490667620064
2003-02-25 06:00:00,0.4849385101792832
2003-02-26 06:00:00,0.7069899138322786
2003-02-27 06:00:00,0.8071380739845925
2003-02-28 06:00:00,0.9102036081091928
2003-03-01 06:00:00,0.9744745136910248
2003-03-02 06:00:00,1.7254760312454658
2003-03-03 06:00:00,1.0134389520088294
2003-03-04 06:00:00,0.7188948574296213
2003-03-05 06:00:00,0.5202597536116039
2003-03-06 06:00:00,0.3048070963130288
2003-03-07 06:00:00,0.2913869800280554
2003-03-08 06:00:00,0.5121177514757154
2003-03-09 06:00:00,0.545130406658008
2003-03-10 06:00:00,0.7958361257445051
2003-03-11 06:00:00,1.1035079683879172
2003-03-12 06:00:00,1.5657727176754446
2003-03-13 06:00:00,2.1821042921630287
2003-03-14 06:00:00,2.0188744836888164
2003-03-15 06:00:00,2.1216034361569593
2003-03-16 06:00:00,1.3176549921682423
2003-03-17 06:00:00,1.9171482602259504
2003-03-18 06:00:00,2.105883564169888
2003-03-19 06:00:00,1.6886315947293866
2003-03-20 06:00:00,1.3093174049020233
2003-03-21 06:00:00,0.9247905496511748
2003-03-22 06:00:00,0.8624355498755057
2003-03-23 06:00:00,0.7212625441295689
2003-03-24 06:00:00,0.7575010317311375
2003-03-25 06:00:00,1.2914596404728353
2003-03-26 06:00:00,1.4821323962243893
2003-03-27 06:00:00,1.5837408149349794
2003-03-28 06:00:00,2.0520454805812562
2003-03-29 06:00:00,2.128600035743239
2003-03-30 06:00:00,1.5733584233597007
2003-03-31 06:00:00,1.786418109293404
2003-04-01 06:00:00,1.5666500472583038
2003-04-02 06:00:00,1.1999474454232233
2003-04-03 06:00:00,1.1282285523809863
2003-04-04 06:00:00,1.0157819364773637
2003-04-05 06:00:00,0.9042943540565976
2003-04-06 06:00:00,0.6558842603344904
2003-04-07 06:00:00,0.5450472555354491
2003-04-08 06:00:00,0.5918945509627209
2003-04-09 06:00:00,0.5607068450053089
2003-04-10 06:00:00,0.4379679001247924
2003-04-11 06:00:00,0.7245272069233923
2003-04-12 06:00:00,1.3196972667236944
2003-04-13 06:00:00,1.0833407710713978
2003-04-14 06:00:00,0.6876169009646466
2003-04-15 06:00:00,1.2507741750788641
2003-04-16 06:00:00,1.7729552937053934
2003-04-17 06:00:00,1.0956203099239155
2003-04-18 06:00:00,1.737580649120997
2003-04-19 06:00:00,1.85825050847616
2003-04-20 06:00:00,1.591054107195664
2003-04-21 06:00:00,1.6038265585342653
2003-04-22 06:00:00,1.4472890862643129
2003-04-23 06:00:00,1.5650394710915772
2003-04-24 06:00:00,0.9851924480729016
2003-04-25 06:00:00,0.9745230675632267
2003-04-26 06:00:00,1.194021285413491
2003-04-27 06:00:00,1.507834160983548
2003-04-28 06:00:00,1.7743285483390594
2003-04-29 06:00:00,2.2721643301690517
2003-04-30 06:00:00,3.1074657143056483
2003-05-01 06:00:00,4.279939347795218
2003-05-02 06:00:00,3.6868084081271877
2003-05-03 06:00:00,2.8103741532252116
2003-05-04 06:00:00,2.782524416472135
2003-05-05 06:00:00,3.053225990840832
2003-05-06 06:00:00,3.302385936897485
2003-05-07 06:00:00,3.305132457168702
2003-05-08 06:00:00,2.1684113479914817
2003-05-09 06:00:00,2.5632132370543523
2003-05-10 06:00:00,4.243520691694368
2003-05-11 06:00:00,5.20079788866321
2003-05-12 06:00:00,5.7685681013466175
2003-05-13 06:00:00,6.416607543106186
2003-05-14 06:00:00,4.576872838323861
2003-05-15 06:00:00,3.9697033595792575
2003-05-16 06:00:00,5.122609819678955
2003-05-17 06:00:00,6.076971547849621
2003-05-18 06:00:00,5.756381934875413
2003-05-19 06:00:00,4.4858259973724275
2003-05-20 06:00:00,3.563697097657144
2003-05-21 06:00:00,2.393283820192092
2003-05-22 06:00:00,2.658903890166148
2003-05-23 06:00:00,2.687102275282594
2003-05-24 06:00:00,2.3948241387673694
2003-05-25 06:00:00,2.1365908622276515
2003-05-26 06:00:00,2.2263365382532765
2003-05-27 06:00:00,2.0189772013788776
2003-05-28 06:00:00,2.367410704023345
2003-05-29 06:00:00,2.6219972109212617
2003-05-30 06:00:00,2.3658424999445358
2003-05-31 06:00:00,2.366729960899557
2004-01-01 06:00:00,0.5773046980065188
2004-01-02 06:00:00,0.41216580555462556
2004-01-03 06:00:00,0.4363668419206053
2004-01-04 06:00:00,0.4697070927556766
2004-01-05 06:00:00,0.5610943029524444
2004-01-06 06:00:00,0.59778249284089
2004-01-07 06:00:00,0.44436882910938713
2004-01-08 06:00:00,0.5590466878100113
2004-01-09 06:00:00,0.9231970117189228
2004-01-10 06:00:00,0.6314933428727081
2004-01-11 06:00:00,0.7394903628972478
2004-01-12 06:00:00,1.0832612535581116
2004-01-13 06:00:00,0.8450479398098136
2004-01-14 06:00:00,0.8009713402558034
2004-01-15 06:00:00,0.6307242794870085
2004-01-16 06:00:00,0.6035759725022666
2004-01-17 06:00:00,0.941483464226566
2004-01-18 06:00:00,0.6246644687105729
2004-01-19 06:00:00,0.4456757035554615
2004-01-20 06:00:00,0.31560543762630133
2004-01-21 06:00:00,1.0753137915889193
2004-01-22 06:00:00,1.3670855559494175
2004-01-23 06:00:00,1.730793021624174
2004-01-24 06:00:00,1.9755861551263898
2004-01-25 06:00:00,1.164933617030845
2004-01-26 06:00:00,0.9532335296744847
2004-01-27 06:00:00,0.8169684866836348
2004-01-28 06:00:00,0.7005097169190682
2004-01-29 06:00:00,0.7593835148594795
2004-01-30 06:00:00,1.0403394659905523
2004-01-31 06:00:00,1.2545143532209788
2004-02-01 06:00:00,1.2552206129210137
2004-02-02 06:00:00,1.3359178066534352
2004-02-03 06:00:00,0.7264518619357364
2004-02-04 06:00:00,0.5730806948316752
2004-02-05 06:00:00,0.4360727721071723
2004-02-06 06:00:00,0.6855170545023306
2004-02-07 06:00:00,0.7331284506504565
2004-02-08 06:00:00,0.7736134183418225
2004-02-09 06:00:00,1.2313534789186877
2004-02-10 06:00:00,0.7374337961769211
2004-02-11 06:00:00,0.428828313115792
2004-02-12 06:00:00,0.5229393923741192
2004-02-13 06:00:00,0.38221460964780646
2004-02-14 06:00:00,0.45648019008153257
2004-02-15 06:00:00,0.5887193022096912
2004-02-16 06:00:00,0.3568883651795713
2004-02-17 06:00:00,0.23984146934265632
2004-02-18 06:00:00,0.6498655658615714
2004-02-19 06:00:00,0.6139281647193645
2004-02-20 06:00:00,0.4955289247837912
2004-02-21 06:00:00,0.40226177436994554
2004-02-22 06:00:00,0.3794394056399418
2004-02-23 06:00:00,0.49722400003616335
2004-02-24 06:00:00,0.3792480053730783
2004-02-25 06:00:00,0.23946680007755583
2004-02-26 06:00:00,0.3019448799449899
2004-02-27 06:00:00,0.4462545828583864
2004-02-28 06:00:00,0.507544973865662
2004-02-29 06:00:00,0.7220338245441578
2004-03-01 06:00:00,0.5308691032735423
2004-03-02 06:00:00,0.2735017072991011
2004-03-03 06:00:00,0.21213683655006962
2004-03-04 06:00:00,0.1892053263017439
2004-03-05 06:00:00,0.14642892828654697
2004-03-06 06:00:00,0.343707543252539
2004-03-07 06:00:00,0.6021722260982167
2004-03-08 06:00:00,0.7824959409247063
2004-03-09 06:00:00,1.2045375755863394
2004-03-10 06:00:00,1.3827849546469937
2004-03-11 06:00:00,1.111363063104257
2004-03-12 06:00:00,1.2174768852309348
2004-03-13 06:00:00,0.8783312965264427
2004-03-14 06:00:00,0.5267125728864003
2004-03-15 06:00:00,0.5780894352666509
2004-03-16 06:00:00,0.6643102754420172
2004-03-17 06:00:00,0.7269285060289612
2004-03-18 06:00:00,0.483703843824852
2004-03-19 06:00:00,1.0115378716365064
2004-03-20 06:00:00,1.4212371763322904
2004-03-21 06:00:00,0.9447715139865451
2004-03-22 06:00:00,1.0468713551468787
2004-03-23 06:00:00,1.0408350872840482
2004-03-24 06:00:00,1.0339157702999504
2004-03-25 06:00:00,0.9069321473306694
2004-03-26 06:00:00,0.7296135876090587
2004-03-27 06:00:00,0.6875604755114643
2004-03-28 06:00:00,0.9167121484278087
2004-03-29 06:00:00,1.102591156257095
2004-03-30 06:00:00,1.0481229470292734
2004-03-31 06:00:00,1.5830938286864258
2004-04-01 06:00:00,1.3321731605481768
2004-04-02 06:00:00,1.1004588487809444
2004-04-03 06:00:00,1.679446499392937
2004-04-04 06:00:00,1.3439758024301507
2004-04-05 06:00:00,0.988419811642929
2004-04-06 06:00:00,1.296013932273707
2004-04-07 06:00:00,1.653000438923923
2004-04-08 06:00:00,2.056501941897077
2004-04-09 06:00:00,1.8914363118061719
2004-04-10 06:00:00,1.9240886430580035
2004-04-11 06:00:00,1.3046440995006017
2004-04-12 06:00:00,1.6054215195939863
2004-04-13 06:00:00,2.096182255417808
2004-04-14 06:00:00,2.18417436117737
2004-04-15 06:00:00,2.256853183472118
2004-04-16 06:00:00,2.443610182449108
2004-04-17 06:00:00,1.8534078817237065
2004-04-18 06:00:00,1.992050072982626
2004-04-19 06:00:00,2.1536024695393983
2004-04-20 06:00:00,1.2846986162484022
2004-04-21 06:00:00,0.7103326798078582
2004-04-22 06:00:00,1.3848901715705173
2004-04-23 06:00:00,2.0485176948947665
2004-04-24 06:00:00,1.9420953845550946
2004-04-25 06:00:00,2.146343010833343
2004-04-26 06:00:00,1.4479022814283766
2004-04-27 06:00:00,2.4218944578544197
2004-04-28 06:00:00,2.3102274684551274
2004-04-29 06:00:00,2.5142721977922706
2004-04-30 06:00:00,3.6912929724536707
2004-05-01 06:00:00,3.9155709617060137
2004-05-02 06:00:00,3.118804409312143
2004-05-03 06:00:00,4.505624782481716
2004-05-04 06:00:00,4.780793287191728
2004-05-05 06:00:00,5.508609639839015
2004-05-06 06:00:00,5.778427210046992
2004-05-07 06:00:00,5.979090750323998
2004-05-08 06:00:00,4.614018516969908
2004-05-09 06:00:00,3.5944352288105637
2004-05-10 06:00:00,4.760735046799838
2004-05-11 06:00:00,5.2571934256435275
2004-05-12 06:00:00,4.843262592297598
2004-05-13 06:00:00,5.079797907554788
2004-05-14 06:00:00,5.874427947059581
2004-05-15 06:00:00,6.434865428548844
2004-05-16 06:00:00,6.32646928462354
2004-05-17 06:00:00,6.757430496590257
2004-05-18 06:00:00,6.434186081539909
2004-05-19 06:00:00,6.923447141758904
2004-05-20 06:00:00,5.65132502840029
2004-05-21 06:00:00,4.659871243764761
2004-05-22 06:00:00,4.553933023060648
2004-05-23 06:00:00,4.703179835954472
2004-05-24 06:00:00,5.1832238862485305
2004-05-25 06:00:00,5.235522645999294
2004-05-26 06:00:00,5.11609176879973
2004-05-27 06:00:00,4.135946129480974
2004-05-28 06:00:00,4.062835628701758
2004-05-29 06:00:00,3.539389226537796
2004-05-30 06:00:00,4.247312969721996
2004-05-31 06:00:00,4.662931547654668
2005-01-01 06:00:00,3.0412778753662475
2005-01-02 06:00:00,1.2271727350943415
2005-01-03 06:00:00,1.020957645273068
2005-01-04 06:00:00,0.9629527450881351
2005-01-05 06:00:00,0.8971125367121977
2005-01-06 06:00:00,0.6295199404091112
2005-01-07 06:00:00,0.4906178940014117
2005-01-08 06:00:00,0.9674329092098628
2005-01-09 06:00:00,1.0456245162853415
2005-01-10 06:00:00,1.2632108903448795
2005-01-11 06:00:00,1.1737618986771212
2005-01-12 06:00:00,1.2404630885930799
2005-01-13 06:00:00,1.2405510525067958
2005-01-14 06:00:00,1.1986779393451787
2005-01-15 06:00:00,0.6031871381180989
2005-01-16 06:00:00,0.5096865058102824
2005-01-17 06:00:00,0.9503968826173137
2005-01-18 06:00:00,1.4175818693248659
2005-01-19 06:00:00,1.5845474782086637
2005-01-20 06:00:00,0.9987622680704018
2005-01-21 06:00:00,1.4341393593408411
2005-01-22 06:00:00,1.8832279282216804
2005-01-23 06:00:00,1.3510210588450278
2005-01-24 06:00:00,1.42561436542096
2005-01-25 06:00:00,0.6356337449443922
2005-01-26 06:00:00,0.46512545755156437
2005-01-27 06:00:00,0.9674690813524631
2005-01-28 06:00:00,1.4403520254926416
2005-01-29 06:00:00,0.9370750308641032
2005-01-30 06:00:00,0.993003774883233
2005-01-31 06:00:00,1.5753730287388235
2005-02-01 06:00:00,1.6072286457753957
2005-02-02 06:00:00,0.9989154102027591
2005-02-03 06:00:00,0.6181105445255339
2005-02-04 06:00:00,0.833905248164491
2005-02-05 06:00:00,0.8381063058409246
2005-02-06 06:00:00,1.2212795731862551
2005-02-07 06:00:00,1.6533205461384886
2005-02-08 06:00:00,1.674388082343248
2005-02-09 06:00:00,1.3959468280245326
2005-02-10 06:00:00,1.0850574540567925
2005-02-11 06:00:00,1.4058612658136782
2005-02-12 06:00:00,1.0654756145487743
2005-02-13 06:00:00,1.0863010062413743
2005-02-14 06:00:00,1.230115461273696
2005-02-15 06:00:00,1.0685463439997485
2005-02-16 06:00:00,1.5051650974434692
2005-02-17 06:00:00,0.8573899634662171
2005-02-18 06:00:00,0.9924782807086189
2005-02-19 06:00:00,0.8513394878950739
2005-02-20 06:00:00,0.632813872609095
2005-02-21 06:00:00,0.5031560028783487
2005-02-22 06:00:00,0.5966243624690601
2005-02-23 06:00:00,0.8955626600056358
2005-02-24 06:00:00,0.5345918497713924
2005-02-25 06:00:00,0.3877664964882067
2005-02-26 06:00:00,0.40313007291317415
2005-02-27 06:00:00,0.5133867282307795
2005-02-28 06:00:00,0.5575212688202791
2005-03-01 06:00:00,0.5798762345428895
2005-03-02 06:00:00,0.7306831481582876
2005-03-03 06:00:00,0.8669931349407026
2005-03-04 06:00:00,0.8858968486385015
2005-03-05 06:00:00,1.2279452250872063
2005-03-06 06:00:00,1.3873499550105262
2005-03-07 06:00:00,1.3437260126934436
2005-03-08 06:00:00,0.9503609123288248
2005-03-09 06:00:00,1.6335436531948133
2005-03-10 06:00:00,1.2614746352186275
2005-03-11 06:00:00,0.7755490571877565
2005-03-12 06:00:00,0.9068784944365348
2005-03-13 06:00:00,0.530499059676895
2005-03-14 06:00:00,0.60133846153406
2005-03-15 06:00:00,0.492420490868269
2005-03-16 06:00:00,0.9922235823698567
2005-03-17 06:00:00,0.929393580966317
2005-03-18 06:00:00,1.4078009422034692
2005-03-19 06:00:00,1.5911073299372824
2005-03-20 06:00:00,1.5589520315668024
2005-03-21 06:00:00,2.2175566110547615
2005-03-22 06:00:00,1.70913390235184
2005-03-23 06:00:00,1.379676613493533
2005-03-24 06:00:00,1.8068007883328174
2005-03-25 06:00:00,2.568459634325063
2005-03-26 06:00:00,1.6859665622223177
2005-03-27 06:00:00,1.2480902418065727
2005-03-28 06:00:00,1.1124803503420926
2005-03-29 06:00:00,1.788598518084384
2005-03-30 06:00:00,1.016030392863543
2005-03-31 06:00:00,1.2207930900669761
2005-04-01 06:00:00,1.22663618920138
2005-04-02 06:00:00,1.7783878902491703
2005-04-03 06:00:00,2.534375818125112
2005-04-04 06:00:00,3.825435144930369
2005-04-05 06:00:00,4.715147578940646
2005-04-06 06:00:00,3.8766790657220698
2005-04-07 06:00:00,3.0100570826940207
2005-04-08 06:00:00,3.1011553967628185
2005-04-09 06:00:00,2.138528997336323
2005-04-10 06:00:00,1.650908085733084
2005-04-11 06:00:00,1.560443905075476
2005-04-12 06:00:00,1.4309918848363796
2005-04-13 06:00:00,1.022695136786518
2005-04-14 06:00:00,1.2042896277073947
2005-04-15 06:00:00,0.8553454804072396
2005-04-16 06:00:00,0.8066855896977128
2005-04-17 06:00:00,0.9671211615403525
2005-04-18 06:00:00,1.128371595732586
2005-04-19 06:00:00,1.009221646566721
2005-04-20 06:00:00,1.3503131665791237
2005-04-21 06:00:00,1.290343233927258
2005-04-22 06:00:00,0.898239287752832
2005-04-23 06:00:00,0.904587330406062
2005-04-24 06:00:00,1.2674187397188204
2005-04-25 06:00:00,1.6721326383305117
2005-04-26 06:00:00,1.9310338550532835
2005-04-27 06:00:00,1.8736229138712983
2005-04-28 06:00:00,1.8302080466750623
2005-04-29 06:00:00,1.6684802432670913
2005-04-30 06:00:00,1.4057529880135178
2005-05-01 06:00:00,1.6603429969326164
2005-05-02 06:00:00,2.183105827937116
2005-05-03 06:00:00,2.0540927803293365
2005-05-04 06:00:00,2.7243754280227717
2005-05-05 06:00:00,3.2345666015368724
2005-05-06 06:00:00,3.277477885502115
2005-05-07 06:00:00,4.282265388712728
2005-05-08 06:00:00,4.23646965041674
2005-05-09 06:00:00,2.9074968725203814
2005-05-10 06:00:00,2.3833180012273547
2005-05-11 06:00:00,2.294562061993958
2005-05-12 06:00:00,2.306673490574863
2005-05-13 06:00:00,2.300867298402975
2005-05-14 06:00:00,1.689020213157028
2005-05-15 06:00:00,1.573260032917104
2005-05-16 06:00:00,1.9431121283281643
2005-05-17 06:00:00,1.3682834177031102
2005-05-18 06:00:00,1.8251580037739503
2005-05-19 06:00:00,2.0157026326310814
2005-05-20 06:00:00,2.471307427354211
2005-05-21 06:00:00,2.590669655441694
2005-05-22 06:00:00,2.505805037479846
2005-05-23 06:00:00,2.3043565943801068
2005-05-24 06:00:00,2.791254773511483
2005-05-25 06:00:00,2.751631482893085
2005-05-26 06:00:00,2.9048699833783314
2005-05-27 06:00:00,2.888249404311625
2005-05-28 06:00:00,3.57592452245909
2005-05-29 06:00:00,3.5768601281464476
2005-05-30 06:00:00,4.532726296319669
2005-05-31 06:00:00,4.107690915039792
2006-01-01 06:00:00,0.9753242756975791
2006-01-02 06:00:00,2.004863101923266
2006-01-03 06:00:00,2.2190792421089784
2006-01-04 06:00:00,1.1981494899302425
2006-01-05 06:00:00,1.297630480537801
2006-01-06 06:00:00,1.8702587836207543
2006-01-07 06:00:00,1.15952803996467
2006-01-08 06:00:00,1.2316745840323309
2006-01-09 06:00:00,1.2721649337685075
2006-01-10 06:00:00,1.4055080199725534
2006-01-11 06:00:00,1.299361575731508
2006-01-12 06:00:00,1.2290130856181005
2006-01-13 06:00:00,1.8562073558054302
2006-01-14 06:00:00,2.4084671468974754
2006-01-15 06:00:00,2.082695340780968
2006-01-16 06:00:00,2.193522765894653
2006-01-17 06:00:00,1.3474257143207604
2006-01-18 06:00:00,0.8303012563751366
2006-01-19 06:00:00,0.32310765216831155
2006-01-20 06:00:00,0.23264256844923897
2006-01-21 06:00:00,0.15617892529186975
2006-01-22 06:00:00,0.21817423033749053
2006-01-23 06:00:00,0.20955191425259345
2006-01-24 06:00:00,0.15335375342897406
2006-01-25 06:00:00,0.35820253877783226
2006-01-26 06:00:00,0.4914779825716222
2006-01-27 06:00:00,1.0437511342732042
2006-01-28 06:00:00,0.9451278899050674
2006-01-29 06:00:00,0.5377320745270043
2006-01-30 06:00:00,0.3338784927050639
2006-01-31 06:00:00,0.49472823289636525
2006-02-01 06:00:00,0.3201860328116345
2006-02-02 06:00:00,0.29552170204804834
2006-02-03 06:00:00,0.3403766399791979
2006-02-04 06:00:00,0.8317756678046926
2006-02-05 06:00:00,0.7379112816076809
2006-02-06 06:00:00,0.24666276082613844
2006-02-07 06:00:00,0.25233288871773685
2006-02-08 06:00:00,0.44218459508991426
2006-02-09 06:00:00,1.188404812813134
2006-02-10 06:00:00,0.615516486044376
2006-02-11 06:00:00,0.5116296322881134
2006-02-12 06:00:00,0.4313769971189847
2006-02-13 06:00:00,1.0419820024340654
2006-02-14 06:00:00,1.190655560263226
2006-02-15 06:00:00,1.7169036164085432
2006-02-16 06:00:00,1.6001188575947045
2006-02-17 06:00:00,1.572531180650235
2006-02-18 06:00:00,1.1925452264030372
2006-02-19 06:00:00,0.5084776283351573
2006-02-20 06:00:00,0.6155603490189848
2006-02-21 06:00:00,0.5106018906942309
2006-02-22 06:00:00,0.6296637891669847
2006-02-23 06:00:00,0.8333858380906092
2006-02-24 06:00:00,0.9358700849655105
2006-02-25 06:00:00,1.1551459779218933
2006-02-26 06:00:00,1.5025244754397828
2006-02-27 06:00:00,1.2031623763628723
2006-02-28 06:00:00,1.358774624514829
2006-03-01 06:00:00,0.6982954190417249
2006-03-02 06:00:00,0.6431288740025641
2006-03-03 06:00:00,0.9408525140058474
2006-03-04 06:00:00,1.4757422150980606
2006-03-05 06:00:00,0.9015076449941726
2006-03-06 06:00:00,0.9565609375944468
2006-03-07 06:00:00,0.7532637740596053
2006-03-08 06:00:00,0.5608047180142965
2006-03-09 06:00:00,0.8493904772504026
2006-03-10 06:00:00,2.1871198101768505
2006-03-11 06:00:00,2.763235731695872
2006-03-12 06:00:00,2.1058885349473715
2006-03-13 06:00:00,1.1387760982420447
2006-03-14 06:00:00,0.8614480398054626
2006-03-15 06:00:00,1.6013783781286366
2006-03-16 06:00:00,1.0957042760629117
2006-03-17 06:00:00,0.9163828020734602
2006-03-18 06:00:00,0.8561095632272792
2006-03-19 06:00:00,0.5602401234423049
2006-03-20 06:00:00,1.134631798627436
2006-03-21 06:00:00,1.3468490862680078
2006-03-22 06:00:00,1.0718970162464274
2006-03-23 06:00:00,1.4916181374013298
2006-03-24 06:00:00,1.5825076570265688
2006-03-25 06:00:00,0.8909672265480392
2006-03-26 06:00:00,1.2704055619782655
2006-03-27 06:00:00,1.5311457229638898
2006-03-28 06:00:00,0.6962315528738856
2006-03-29 06:00:00,0.6464634183344562
2006-03-30 06:00:00,0.9669052822933081
2006-03-31 06:00:00,1.2718878965378502
2006-04-01 06:00:00,1.1023576867479568
2006-04-02 06:00:00,0.5881779113683749
2006-04-03 06:00:00,0.8496313796969011
2006-04-04 06:00:00,1.0329190465335
2006-04-05 06:00:00,1.2037676285745333
2006-04-06 06:00:00,0.7138057946526135
2006-04-07 06:00:00,0.6892006701946659
2006-04-08 06:00:00,0.6804129936185845
2006-04-09 06:00:00,1.9406282792047593
2006-04-10 06:00:00,2.3146787400558213
2006-04-11 06:00:00,1.6461680091983724
2006-04-12 06:00:00,1.596957152014671
2006-04-13 06:00:00,1.393964501522668
2006-04-14 06:00:00,2.0325473491504957
2006-04-15 06:00:00,1.841733356510166
2006-04-16 06:00:00,1.9042297576408078
2006-04-17 06:00:00,4.199026977856889
2006-04-18 06:00:00,3.981634891055235
2006-04-19 06:00:00,3.490914946117885
2006-04-20 06:00:00,2.2996459480253595
2006-04-21 06:00:00,2.17742176685934
2006-04-22 06:00:00,2.094032178740943
2006-04-23 06:00:00,1.4113529132628435
2006-04-24 06:00:00,1.8179270083005707
2006-04-25 06:00:00,3.0043107931883557
2006-04-26 06:00:00,2.9382181175695963
2006-04-27 06:00:00,2.7675008676299733
2006-04-28 06:00:00,3.1458979415507806
2006-04-29 06:00:00,3.200251959219219
2006-04-30 06:00:00,2.3411936767440875
2006-05-01 06:00:00,0.7146955664240872
2006-05-02 06:00:00,0.8252755814022683
2006-05-03 06:00:00,1.354289243606912
2006-05-04 06:00:00,1.640473677280451
2006-05-05 06:00:00,1.5610103970467526
2006-05-06 06:00:00,1.7513335814926585
2006-05-07 06:00:00,1.867013119946257
2006-05-08 06:00:00,2.069177786688921
2006-05-09 06:00:00,2.272097193594286
2006-05-10 06:00:00,2.433396367701524
2006-05-11 06:00:00,2.6703481626405132
2006-05-12 06:00:00,2.6421231435798624
2006-05-13 06:00:00,3.288263369832862
2006-05-14 06:00:00,3.941271983306777
2006-05-15 06:00:00,3.386938232207096
2006-05-16 06:00:00,3.1807001336664733
2006-05-17 06:00:00,3.782820480551326
2006-05-18 06:00:00,4.938098837392731
2006-05-19 06:00:00,5.697311296261422
2006-05-20 06:00:00,6.196425532118474
2006-05-21 06:00:00,5.206009199803567
2006-05-22 06:00:00,4.3894212499970475
2006-05-23 06:00:00,5.235970820667157
2006-05-24 06:00:00,5.9177443871083355
2006-05-25 06:00:00,6.254836359245629
2006-05-26 06:00:00,6.558306845154649
2006-05-27 06:00:00,7.710081532257733
2006-05-28 06:00:00,8.784343894862486
2006-05-29 06:00:00,9.582986162987604
2006-05-30 06:00:00,9.294765182789753
2006-05-31 06:00:00,9.591987672025978
2007-01-01 06:00:00,0.26541195687823305
2007-01-02 06:00:00,0.23515546356209863
2007-01-03 06:00:00,0.12428197720297776
2007-01-04 06:00:00,0.04978896498877526
2007-01-05 06:00:00,0.060771505977265335
2007-01-06 06:00:00,0.10978900533536408
2007-01-07 06:00:00,0.5843024410591253
2007-01-08 06:00:00,1.0005342356583913
2007-01-09 06:00:00,0.8433763929954528
2007-01-10 06:00:00,1.1387522853697043
2007-01-11 06:00:00,0.9705731671179921
2007-01-12 06:00:00,0.8910299557766886
2007-01-13 06:00:00,0.7074275877673515
2007-01-14 06:00:00,0.577148684104005
2007-01-15 06:00:00,0.44328291152791244
2007-01-16 06:00:00,0.5078636248239606
2007-01-17 06:00:00,0.36128425174063267
2007-01-18 06:00:00,0.47044524754615213
2007-01-19 06:00:00,0.40098992538950406
2007-01-20 06:00:00,0.3203260627934049
2007-01-21 06:00:00,0.19992935268311024
2007-01-22 06:00:00,0.4174814302184532
2007-01-23 06:00:00,0.41766915607546595
2007-01-24 06:00:00,0.786547982781596
2007-01-25 06:00:00,0.7992675829574605
2007-01-26 06:00:00,0.6969767148136282
2007-01-27 06:00:00,0.9134003055615056
2007-01-28 06:00:00,0.8129738967377192
2007-01-29 06:00:00,0.5534474028832537
2007-01-30 06:00:00,0.5819459254392824
2007-01-31 06:00:00,0.4097197381066119
2007-02-01 06:00:00,0.5903306564766134
2007-02-02 06:00:00,0.5240734265710513
2007-02-03 06:00:00,0.3788475133977188
2007-02-04 06:00:00,0.45966685090474685
2007-02-05 06:00:00,0.8460104542932704
2007-02-06 06:00:00,0.9182316767449986
2007-02-07 06:00:00,0.8026399754163945
2007-02-08 06:00:00,0.9118965274219385
2007-02-09 06:00:00,1.2171375317177004
2007-02-10 06:00:00,2.232123566908222
2007-02-11 06:00:00,3.2632010525831627
2007-02-12 06:00:00,1.7288174058114214
2007-02-13 06:00:00,1.6178605812892766
2007-02-14 06:00:00,2.796438967111472
2007-02-15 06:00:00,1.7356912722204538
2007-02-16 06:00:00,0.6492509532053379
2007-02-17 06:00:00,0.49597594225404407
2007-02-18 06:00:00,0.8062692442118218
2007-02-19 06:00:00,0.6510137029749091
2007-02-20 06:00:00,0.5197946841297697
2007-02-21 06:00:00,0.7187693793578638
2007-02-22 06:00:00,0.4297579488798695
2007-02-23 06:00:00,0.2765808997233762
2007-02-24 06:00:00,0.4371732526330653
2007-02-25 06:00:00,1.1074575379448237
2007-02-26 06:00:00,1.033713273515269
2007-02-27 06:00:00,1.4443278918671367
2007-02-28 06:00:00,1.5666521811746945
2007-03-01 06:00:00,1.3450230248283999
2007-03-02 06:00:00,1.21251794958505
2007-03-03 06:00:00,0.9710031369532752
2007-03-04 06:00:00,0.4317413019001317
2007-03-05 06:00:00,0.23493857066536072
2007-03-06 06:00:00,0.24537963014500314
2007-03-07 06:00:00,0.29129696915897224
2007-03-08 06:00:00,0.18754171899485406
2007-03-09 06:00:00,0.5390484175470086
2007-03-10 06:00:00,0.5652165202284795
2007-03-11 06:00:00,1.013147904029577
2007-03-12 06:00:00,2.3432540825793886
2007-03-13 06:00:00,2.5069147185985945
2007-03-14 06:00:00,1.7037280189056896
2007-03-15 06:00:00,0.9654326243316936
2007-03-16 06:00:00,0.9025336937285632
2007-03-17 06:00:00,0.5235921664212374
2007-03-18 06:00:00,0.5933290188661376
2007-03-19 06:00:00,0.9400684538385735
2007-03-20 06:00:00,1.7785185461985338
2007-03-21 06:00:00,0.9208845007927776
2007-03-22 06:00:00,0.9402609453268961
2007-03-23 06:00:00,0.6391721801035868
2007-03-24 06:00:00,0.3190380656690159
2007-03-25 06:00:00,0.6363917468193868
2007-03-26 06:00:00,0.5967222571324552
2007-03-27 06:00:00,0.30776691595270084
2007-03-28 06:00:00,0.14704170903470418
2007-03-29 06:00:00,0.3139863269111762
2007-03-30 06:00:00,0.4325348685452565
2007-03-31 06:00:00,1.0279571723955803
2007-04-01 06:00:00,1.511157189638328
2007-04-02 06:00:00,0.7295305836471352
2007-04-03 06:00:00,1.1318273560424774
2007-04-04 06:00:00,1.0516848230392368
2007-04-05 06:00:00,1.2470796246421425
2007-04-06 06:00:00,1.7545849340380255
2007-04-07 06:00:00,1.787669223546911
2007-04-08 06:00:00,2.0464641155667374
2007-04-09 06:00:00,2.3338885804909593
2007-04-10 06:00:00,2.494395195525665
2007-04-11 06:00:00,2.903235514338792
2007-04-12 06:00:00,2.5426515704494794
2007-04-13 06:00:00,2.289830286622676
2007-04-14 06:00:00,2.2934165944939484
2007-04-15 06:00:00,2.279603348300384
2007-04-16 06:00:00,2.133344855278113
2007-04-17 06:00:00,0.929461669013804
2007-04-18 06:00:00,0.9445674598251892
2007-04-19 06:00:00,1.0799234823215424
2007-04-20 06:00:00,1.2680675177271687
2007-04-21 06:00:00,1.7690049352532575
2007-04-22 06:00:00,2.56837907289235
2007-04-23 06:00:00,2.171323023294966
2007-04-24 06:00:00,1.778520884665299
2007-04-25 06:00:00,1.7828745832488568
2007-04-26 06:00:00,1.7673452191947188
2007-04-27 06:00:00,2.5639690931581645
2007-04-28 06:00:00,1.9596482752743334
2007-04-29 06:00:00,1.5831305634511326
2007-04-30 06:00:00,1.2107284963096057
2007-05-01 06:00:00,1.4422169502297602
2007-05-02 06:00:00,2.0508797932377227
2007-05-03 06:00:00,3.881476664021278
2007-05-04 06:00:00,5.511717559278715
2007-05-05 06:00:00,3.8988949695741093
2007-05-06 06:00:00,3.133469828817272
2007-05-07 06:00:00,3.596239408824703
2007-05-08 06:00:00,4.592792421329579
2007-05-09 06:00:00,4.312125457795264
2007-05-10 06:00:00,4.802954366865353
2007-05-11 06:00:00,4.514046124747133
2007-05-12 06:00:00,4.947687394865681
2007-05-13 06:00:00,6.406992179500359
2007-05-14 06:00:00,6.378221919946081
2007-05-15 06:00:00,5.006913785197287
2007-05-16 06:00:00,3.645276579446672
2007-05-17 06:00:00,4.03288248731847
2007-05-18 06:00:00,4.611681763905555
2007-05-19 06:00:00,4.537686774252235
2007-05-20 06:00:00,4.3297077198109735
2007-05-21 06:00:00,4.295901625434102
2007-05-22 06:00:00,3.8897865851843667
2007-05-23 06:00:00,3.5365733500666843
2007-05-24 06:00:00,2.833258115716448
2007-05-25 06:00:00,2.862513305321433
2007-05-26 06:00:00,3.059180595658463
2007-05-27 06:00:00,3.605754016759802
2007-05-28 06:00:00,4.366457411097456
2007-05-29 06:00:00,3.7623781450456946
2007-05-30 06:00:00,3.6212719122759816
2007-05-31 06:00:00,4.033850559864353
2008-01-01 06:00:00,0.3927606908770547
2008-01-02 06:00:00,0.7726774305823632
2008-01-03 06:00:00,1.2594337247169596
2008-01-04 06:00:00,1.500811697716289
2008-01-05 06:00:00,1.102306452337926
2008-01-06 06:00:00,1.3618995730135288
2008-01-07 06:00:00,1.9158789990808274
2008-01-08 06:00:00,2.3040388330201833
2008-01-09 06:00:00,2.091852448161461
2008-01-10 06:00:00,2.0397531411223166
2008-01-11 06:00:00,1.3952310096340867
2008-01-12 06:00:00,0.9625467629023092
2008-01-13 06:00:00,0.8962864456302118
2008-01-14 06:00:00,0.6419980460131515
2008-01-15 06:00:00,0.5446044478017299
2008-01-16 06:00:00,0.5638901407833449
2008-01-17 06:00:00,0.8777618797337058
2008-01-18 06:00:00,1.4993062394701222
2008-01-19 06:00:00,0.992034465690835
2008-01-20 06:00:00,0.9293316169412547
2008-01-21 06:00:00,0.9447150291627757
2008-01-22 06:00:00,0.5675806685972671
2008-01-23 06:00:00,0.5692044855105285
2008-01-24 06:00:00,1.429006863362737
2008-01-25 06:00:00,1.116799303992312
2008-01-26 06:00:00,1.8594704295482676
2008-01-27 06:00:00,2.542488047049549
2008-01-28 06:00:00,2.1160880754020006
2008-01-29 06:00:00,1.0996611641977025
2008-01-30 06:00:00,1.1019514668325434
2008-01-31 06:00:00,1.3857519879674778
2008-02-01 06:00:00,1.364738466232327
2008-02-02 06:00:00,1.1181681527728335
2008-02-03 06:00:00,1.0281048972869395
2008-02-04 06:00:00,0.6998183725040179
2008-02-05 06:00:00,1.0779032441661773
2008-02-06 06:00:00,1.0954980363167495
2008-02-07 06:00:00,1.726797251256262
2008-02-08 06:00:00,1.4282984742711275
2008-02-09 06:00:00,1.7744523773599483
2008-02-10 06:00:00,1.8809870248550113
2008-02-11 06:00:00,0.8888667467707855
2008-02-12 06:00:00,0.6242783085028388
2008-02-13 06:00:00,0.946785826282031
2008-02-14 06:00:00,0.6829871491247619
2008-02-15 06:00:00,0.5741831253268797
2008-02-16 06:00:00,0.5831299434596833
2008-02-17 06:00:00,0.5435143594008399
2008-02-18 06:00:00,0.3557482182660371
2008-02-19 06:00:00,0.6242260502146408
2008-02-20 06:00:00,0.6931023200217441
2008-02-21 06:00:00,0.7025420809545955
2008-02-22 06:00:00,0.695144074637398
2008-02-23 06:00:00,0.521378933065515
2008-02-24 06:00:00,0.3824188862932071
2008-02-25 06:00:00,0.5769552619016323
2008-02-26 06:00:00,0.9279017897486327
2008-02-27 06:00:00,0.9614497138655068
2008-02-28 06:00:00,1.053762571385887
2008-02-29 06:00:00,1.6208068465767709
2008-03-01 06:00:00,1.4679216374752144
2008-03-02 06:00:00,0.9289664095879188
2008-03-03 06:00:00,1.1893083163248424
2008-03-04 06:00:00,1.4383255861445619
2008-03-05 06:00:00,1.4829188362970105
2008-03-06 06:00:00,1.094605032063338
2008-03-07 06:00:00,1.2266563316171857
2008-03-08 06:00:00,1.1899840065742846
2008-03-09 06:00:00,1.7891415607898749
2008-03-10 06:00:00,2.052391820463713
2008-03-11 06:00:00,2.057625600815687
2008-03-12 06:00:00,1.818503960226836
2008-03-13 06:00:00,1.556331356744223
2008-03-14 06:00:00,2.3537516198290733
2008-03-15 06:00:00,3.14923717927038
2008-03-16 06:00:00,2.672009842855668
2008-03-17 06:00:00,1.9886704658280472
2008-03-18 06:00:00,2.3456983795193707
2008-03-19 06:00:00,2.102667428245071
2008-03-20 06:00:00,2.9892552334924636
2008-03-21 06:00:00,3.5543474526326255
2008-03-22 06:00:00,3.0336089643929607
2008-03-23 06:00:00,2.686362938302992
2008-03-24 06:00:00,2.822643927543147
2008-03-25 06:00:00,2.1845879575412837
2008-03-26 06:00:00,1.8310681971550717
2008-03-27 06:00:00,1.927242860574848
2008-03-28 06:00:00,1.6318734671851607
2008-03-29 06:00:00,2.2334409650566673
2008-03-30 06:00:00,2.7516653651962004
2008-03-31 06:00:00,2.8932980113323103
2008-04-01 06:00:00,1.9706745476252554
2008-04-02 06:00:00,1.5265934321335706
2008-04-03 06:00:00,1.8325140869100784
2008-04-04 06:00:00,1.9287874329696313
2008-04-05 06:00:00,2.6299222888178697
2008-04-06 06:00:00,2.3266085330993365
2008-04-07 06:00:00,2.4465596614594722
2008-04-08 06:00:00,1.8931787728151246
2008-04-09 06:00:00,1.7745671202273567
2008-04-10 06:00:00,2.065505537039352
2008-04-11 06:00:00,1.6660300465939426
2008-04-12 06:00:00,1.5055515420405228
2008-04-13 06:00:00,1.380887945095991
2008-04-14 06:00:00,1.4031246641323492
2008-04-15 06:00:00,1.7362089663131723
2008-04-16 06:00:00,1.5891843255527762
2008-04-17 06:00:00,0.9391937049793975
2008-04-18 06:00:00,1.2090939047661902
2008-04-19 06:00:00,0.9503751830996963
2008-04-20 06:00:00,0.8610400566355855
2008-04-21 06:00:00,0.8276514038360879
2008-04-22 06:00:00,0.6252227239604676
2008-04-23 06:00:00,1.3851136319224622
2008-04-24 06:00:00,3.0844329580860856
2008-04-25 06:00:00,3.5600439912113
2008-04-26 06:00:00,2.9796668618175928
2008-04-27 06:00:00,5.027138810012258
2008-04-28 06:00:00,7.120093915461771
2008-04-29 06:00:00,6.492562944237957
2008-04-30 06:00:00,5.028370837542914
2008-05-01 06:00:00,3.7749904281814457
2008-05-02 06:00:00,4.104060103188836
2008-05-03 06:00:00,3.565450930665595
2008-05-04 06:00:00,2.465790409556604
2008-05-05 06:00:00,1.9146060104023666
2008-05-06 06:00:00,2.0916277847406284
2008-05-07 06:00:00,1.701362938493507
2008-05-08 06:00:00,1.8009736293047829
2008-05-09 06:00:00,2.78779373403464
2008-05-10 06:00:00,2.9333850725803545
2008-05-11 06:00:00,3.6742733255051427
2008-05-12 06:00:00,4.2587722501513126
2008-05-13 06:00:00,4.963932501680397
2008-05-14 06:00:00,4.065733831063545
2008-05-15 06:00:00,3.897529018101628
2008-05-16 06:00:00,4.195310475211039
2008-05-17 06:00:00,3.9023860320853494
2008-05-18 06:00:00,3.578375948122081
2008-05-19 06:00:00,3.584322170092093
2008-05-20 06:00:00,3.857039496216593
2008-05-21 06:00:00,3.9003385341578634
2008-05-22 06:00:00,3.4949916117611695
2008-05-23 06:00:00,4.358472910316958
2008-05-24 06:00:00,4.157883450828466
2008-05-25 06:00:00,3.9961789760553152
2008-05-26 06:00:00,4.2734111401195305
2008-05-27 06:00:00,4.331091213679785
2008-05-28 06:00:00,3.294715414036497
2008-05-29 06:00:00,3.6407991563163624
2008-05-30 06:00:00,4.334584356129822
2008-05-31 06:00:00,3.8829205555377033
2009-01-01 06:00:00,0.6263952096321458
2009-01-02 06:00:00,0.8903736908304605
2009-01-03 06:00:00,1.694389915468704
2009-01-04 06:00:00,1.9879999085707836
2009-01-05 06:00:00,0.8909433566871824
2009-01-06 06:00:00,0.8055751432586573
2009-01-07 06:00:00,1.0488601742700494
2009-01-08 06:00:00,0.9733274257814677
2009-01-09 06:00:00,0.8432890649607776
2009-01-10 06:00:00,0.7588878232709494
2009-01-11 06:00:00,0.48352894453720796
2009-01-12 06:00:00,0.46870289861001563
2009-01-13 06:00:00,0.4320165553140655
2009-01-14 06:00:00,0.5683378984543801
2009-01-15 06:00:00,0.49605117483770134
2009-01-16 06:00:00,1.0132195595054547
2009-01-17 06:00:00,0.975927102169281
2009-01-18 06:00:00,0.6535706723901944
2009-01-19 06:00:00,0.618377334028895
2009-01-20 06:00:00,0.24724571112584934
2009-01-21 06:00:00,0.2021155280020448
2009-01-22 06:00:00,0.07974515565747663
2009-01-23 06:00:00,0.17791714629037864
2009-01-24 06:00:00,0.2982359205501821
2009-01-25 06:00:00,1.2107773036970173
2009-01-26 06:00:00,1.0972546137139836
2009-01-27 06:00:00,1.1904288490583816
2009-01-28 06:00:00,0.8653385858979307
2009-01-29 06:00:00,0.3191439338396288
2009-01-30 06:00:00,0.25958298006781355
2009-01-31 06:00:00,0.17380678455803178
2009-02-01 06:00:00,0.3159064368108389
2009-02-02 06:00:00,0.155292703395597
2009-02-03 06:00:00,0.4146275431457655
2009-02-04 06:00:00,0.2448112310018832
2009-02-05 06:00:00,0.747214783658519
2009-02-06 06:00:00,0.6005858842964235
2009-02-07 06:00:00,0.1688283225543827
2009-02-08 06:00:00,0.19586226511588153
2009-02-09 06:00:00,0.23255135731392787
2009-02-10 06:00:00,0.7289489154184445
2009-02-11 06:00:00,1.0199139951806484
2009-02-12 06:00:00,0.6653759670226397
2009-02-13 06:00:00,1.1017342133450394
2009-02-14 06:00:00,0.9529022954376652
2009-02-15 06:00:00,0.17371553916153307
2009-02-16 06:00:00,0.15211134825828845
2009-02-17 06:00:00,0.20255713209595766
2009-02-18 06:00:00,0.2306978893899577
2009-02-19 06:00:00,0.4304666465500464
2009-02-20 06:00:00,0.9095845556975753
2009-02-21 06:00:00,0.5646077151537456
2009-02-22 06:00:00,0.8713535678944656
2009-02-23 06:00:00,1.0364146779845604
2009-02-24 06:00:00,1.1954586635681783
2009-02-25 06:00:00,1.1337302663267783
2009-02-26 06:00:00,0.9865344833821876
2009-02-27 06:00:00,0.6997834833811013
2009-02-28 06:00:00,0.5999679085953894
2009-03-01 06:00:00,0.8143304570583062
2009-03-02 06:00:00,0.5208031512109682
2009-03-03 06:00:00,1.0904622797877455
2009-03-04 06:00:00,1.1780973823731113
2009-03-05 06:00:00,1.0240110448538464
2009-03-06 06:00:00,0.6662990884426467
2009-03-07 06:00:00,0.8631308100563131
2009-03-08 06:00:00,1.3131481386259303
2009-03-09 06:00:00,1.494992688236658
2009-03-10 06:00:00,2.116602942677018
2009-03-11 06:00:00,1.3789652011313547
2009-03-12 06:00:00,0.6659808910200297
2009-03-13 06:00:00,0.6634436385012996
2009-03-14 06:00:00,0.4429775335213948
2009-03-15 06:00:00,0.7831414004875787
2009-03-16 06:00:00,1.140501275495082
2009-03-17 06:00:00,0.8376994068366246
2009-03-18 06:00:00,1.2416815188869315
2009-03-19 06:00:00,0.8470119689105017
2009-03-20 06:00:00,0.917299685742556
2009-03-21 06:00:00,1.2425796871643338
2009-03-22 06:00:00,0.8602044275716578
2009-03-23 06:00:00,1.0071522175699004
2009-03-24 06:00:00,1.450025250458418
2009-03-25 06:00:00,1.2904035327528192
2009-03-26 06:00:00,0.8579432190954204
2009-03-27 06:00:00,1.2961596836732927
2009-03-28 06:00:00,1.0464249599768929
2009-03-29 06:00:00,1.3129156168033251
2009-03-30 06:00:00,1.1251647795852535
2009-03-31 06:00:00,1.4675633088236377
2009-04-01 06:00:00,1.6530727939987224
2009-04-02 06:00:00,1.3226593236575483
2009-04-03 06:00:00,1.5785833235931188
2009-04-04 06:00:00,1.8479886908631833
2009-04-05 06:00:00,1.5390605422517154
2009-04-06 06:00:00,1.709587109466691
2009-04-07 06:00:00,1.6225544553852767
2009-04-08 06:00:00,2.1473171034337093
2009-04-09 06:00:00,2.7511245686942294
2009-04-10 06:00:00,4.153766823536045
2009-04-11 06:00:00,4.707336080347621
2009-04-12 06:00:00,3.2835294472308023
2009-04-13 06:00:00,2.2373972778357234
2009-04-14 06:00:00,3.345675710110366
2009-04-15 06:00:00,3.098054214142269
2009-04-16 06:00:00,2.590490561814355
2009-04-17 06:00:00,2.4179207343974376
2009-04-18 06:00:00,2.6966797126165227
2009-04-19 06:00:00,0.9839146366575678
2009-04-20 06:00:00,1.26545054232084
2009-04-21 06:00:00,1.699578506619966
2009-04-22 06:00:00,1.6139076989539876
2009-04-23 06:00:00,1.1986509925384767
2009-04-24 06:00:00,0.7736735921173246
2009-04-25 06:00:00,0.43271731106394684
2009-04-26 06:00:00,0.7646875377626532
2009-04-27 06:00:00,0.9776793658642076
2009-04-28 06:00:00,1.0274148775747138
2009-04-29 06:00:00,0.7389886973657336
2009-04-30 06:00:00,1.1412726034098333
2009-05-01 06:00:00,1.3049265340843943
2009-05-02 06:00:00,1.6768819680148612
2009-05-03 06:00:00,1.8081342639994802
2009-05-04 06:00:00,2.4319652156690137
2009-05-05 06:00:00,2.256152076933037
2009-05-06 06:00:00,1.5452538622564116
2009-05-07 06:00:00,1.2195018283312156
2009-05-08 06:00:00,1.1510103782309526
2009-05-09 06:00:00,1.2774296826538365
2009-05-10 06:00:00,1.6055654628295661
2009-05-11 06:00:00,2.0454149780220323
2009-05-12 06:00:00,2.3108244494426646
2009-05-13 06:00:00,2.5795614975123278
2009-05-14 06:00:00,3.0080154652333846
2009-05-15 06:00:00,2.627947324477449
2009-05-16 06:00:00,3.097892426999789
2009-05-17 06:00:00,3.9349543498962927
2009-05-18 06:00:00,3.776338506786394
2009-05-19 06:00:00,4.063671996334547
2009-05-20 06:00:00,5.712103147701182
2009-05-21 06:00:00,6.048463589259476
2009-05-22 06:00:00,6.633110791425215
2009-05-23 06:00:00,8.425987151195331
2009-05-24 06:00:00,9.16225798445569
2009-05-25 06:00:00,10.191444115889674
2009-05-26 06:00:00,8.548619541949787
2009-05-27 06:00:00,5.910391896647092
2009-05-28 06:00:00,4.207631736057816
2009-05-29 06:00:00,4.834633449955325
2009-05-30 06:00:00,7.417022632814739
2009-05-31 06:00:00,6.308875706329689
2010-01-01 06:00:00,0.49296498827437635
2010-01-02 06:00:00,0.25514372166551513
2010-01-03 06:00:00,1.4601546932137277
2010-01-04 06:00:00,2.3714814765416983
2010-01-05 06:00:00,1.0428995697854806
2010-01-06 06:00:00,1.4703203816839956
2010-01-07 06:00:00,1.8858199732619843
2010-01-08 06:00:00,1.9806349265674787
2010-01-09 06:00:00,0.9195230759773433
2010-01-10 06:00:00,0.7036149031917521
2010-01-11 06:00:00,1.0452737887844479
2010-01-12 06:00:00,0.8732451486549828
2010-01-13 06:00:00,1.2282810126923809
2010-01-14 06:00:00,1.2157440559306636
2010-01-15 06:00:00,0.8202872191652053
2010-01-16 06:00:00,0.5134398379924393
2010-01-17 06:00:00,0.47484570030948203
2010-01-18 06:00:00,0.42526810261028203
2010-01-19 06:00:00,0.3687347316584231
2010-01-20 06:00:00,0.2639721176151654
2010-01-21 06:00:00,0.17441358200178486
2010-01-22 06:00:00,0.19395693860596755
2010-01-23 06:00:00,0.3417946358233493
2010-01-24 06:00:00,0.5576146730148971
2010-01-25 06:00:00,0.4139855197967721
2010-01-26 06:00:00,0.5302189846391577
2010-01-27 06:00:00,0.7073197443683524
2010-01-28 06:00:00,0.8473870951570552
2010-01-29 06:00:00,1.1633275493376491
2010-01-30 06:00:00,0.6394919091483009
2010-01-31 06:00:00,0.5313167571589081
2010-02-01 06:00:00,0.497651075609576
2010-02-02 06:00:00,0.435895146077356
2010-02-03 06:00:00,0.47518208076766283
2010-02-04 06:00:00,0.3574320117649441
2010-02-05 06:00:00,0.5318330577004938
2010-02-06 06:00:00,0.9447143122021777
2010-02-07 06:00:00,0.9644246900622137
2010-02-08 06:00:00,1.897420051455592
2010-02-09 06:00:00,2.8353518814287555
2010-02-10 06:00:00,0.8687955846167291
2010-02-11 06:00:00,0.5732873688878173
2010-02-12 06:00:00,0.7936838057404858
2010-02-13 06:00:00,0.7109826380336963
2010-02-14 06:00:00,0.5616991307165597
2010-02-15 06:00:00,0.7998189690256599
2010-02-16 06:00:00,0.7186213550269682
2010-02-17 06:00:00,0.5987739780041184
2010-02-18 06:00:00,0.8097479847694081
2010-02-19 06:00:00,0.26484668714768345
2010-02-20 06:00:00,0.23760646066071753
2010-02-21 06:00:00,0.18522431620647803
2010-02-22 06:00:00,0.16748403092385863
2010-02-23 06:00:00,0.37699255655346087
2010-02-24 06:00:00,0.7909466607700324
2010-02-25 06:00:00,0.9788425449819033
2010-02-26 06:00:00,0.8083424821741308
2010-02-27 06:00:00,0.5358110178930926
2010-02-28 06:00:00,0.5625464665363005
2010-03-01 06:00:00,1.1777782954498346
2010-03-02 06:00:00,0.7848561100789725
2010-03-03 06:00:00,0.8734946267503528
2010-03-04 06:00:00,1.0181096776704412
2010-03-05 06:00:00,0.8909363889374826
2010-03-06 06:00:00,1.1722833791278573
2010-03-07 06:00:00,0.5873870059273131
2010-03-08 06:00:00,0.33349093914218647
2010-03-09 06:00:00,0.20666666186885532
2010-03-10 06:00:00,0.23150526202550298
2010-03-11 06:00:00,0.39336063911448793
2010-03-12 06:00:00,0.6048396746811399
2010-03-13 06:00:00,0.6772165758641149
2010-03-14 06:00:00,0.8369973620593795
2010-03-15 06:00:00,0.607499820859638
2010-03-16 06:00:00,0.29354873215689414
2010-03-17 06:00:00,0.2269067964474987
2010-03-18 06:00:00,0.1567921654193462
2010-03-19 06:00:00,0.2309153716716369
2010-03-20 06:00:00,0.2053657977185426
2010-03-21 06:00:00,0.15482332330943416
2010-03-22 06:00:00,0.5094467788809325
2010-03-23 06:00:00,1.1350000965093763
2010-03-24 06:00:00,0.8244979176288496
2010-03-25 06:00:00,0.9217503478165003
2010-03-26 06:00:00,0.6415199633120003
2010-03-27 06:00:00,1.8509275321896699
2010-03-28 06:00:00,2.4137154833181453
2010-03-29 06:00:00,1.7301398054833785
2010-03-30 06:00:00,1.8599252796764534
2010-03-31 06:00:00,2.6022970109405312
2010-04-01 06:00:00,2.2462603710308726
2010-04-02 06:00:00,1.4528351837564901
2010-04-03 06:00:00,1.456784489999517
2010-04-04 06:00:00,1.3382708085116255
2010-04-05 06:00:00,1.1132458851017115
2010-04-06 06:00:00,1.5124917433080307
2010-04-07 06:00:00,0.9729398547695952
2010-04-08 06:00:00,0.9778634141047206
2010-04-09 06:00:00,1.0808674797577593
2010-04-10 06:00:00,0.8603507407297976
2010-04-11 06:00:00,1.0309331864042497
2010-04-12 06:00:00,1.0936589890608102
2010-04-13 06:00:00,1.2004790429776278
2010-04-14 06:00:00,1.6166268477221866
2010-04-15 06:00:00,0.7883691457549008
2010-04-16 06:00:00,0.6690145412673788
2010-04-17 06:00:00,1.4160538801518479
2010-04-18 06:00:00,1.9989604809069568
2010-04-19 06:00:00,2.411437652893105
2010-04-20 06:00:00,2.471606578696946
2010-04-21 06:00:00,2.3519376936680487
2010-04-22 06:00:00,2.363924446720491
2010-04-23 06:00:00,1.875213366920395
2010-04-24 06:00:00,2.0915351357560965
2010-04-25 06:00:00,2.2445801425009995
2010-04-26 06:00:00,2.105222338464323
2010-04-27 06:00:00,2.4194059097300666
2010-04-28 06:00:00,1.3605925278709292
2010-04-29 06:00:00,1.3832690078293988
2010-04-30 06:00:00,2.4757299467202842
2010-05-01 06:00:00,3.268151739425809
2010-05-02 06:00:00,1.5085752866452946
2010-05-03 06:00:00,1.6850097922344345
2010-05-04 06:00:00,2.3155133393019085
2010-05-05 06:00:00,2.3072913265991284
2010-05-06 06:00:00,2.9097064687999215
2010-05-07 06:00:00,2.529204005715149
2010-05-08 06:00:00,2.5065221000937785
2010-05-09 06:00:00,2.716817676576752
2010-05-10 06:00:00,2.0806178023578936
2010-05-11 06:00:00,1.5887144020831696
2010-05-12 06:00:00,2.4216563113243605
2010-05-13 06:00:00,2.10198680265495
2010-05-14 06:00:00,1.9498658073876454
2010-05-15 06:00:00,2.6140109513893277
2010-05-16 06:00:00,4.0061019311960635
2010-05-17 06:00:00,5.080802951180609
2010-05-18 06:00:00,7.485645261900552
2010-05-19 06:00:00,6.642351890845436
2010-05-20 06:00:00,6.606087330903412
2010-05-21 06:00:00,7.424599633784471
2010-05-22 06:00:00,5.503991512690623
2010-05-23 06:00:00,4.97392774784215
2010-05-24 06:00:00,6.48231541869869
2010-05-25 06:00:00,7.145151326600413
2010-05-26 06:00:00,5.330710819610761
2010-05-27 06:00:00,4.100260975487708
2010-05-28 06:00:00,4.475416618014041
2010-05-29 06:00:00,5.152077139410228
2010-05-30 06:00:00,5.635099951792537
2010-05-31 06:00:00,4.872292348890972
2011-01-01 06:00:00,2.4390642596491694
2011-01-02 06:00:00,1.9785524182821939
2011-01-03 06:00:00,2.199087614761507
2011-01-04 06:00:00,2.6594127044139126
2011-01-05 06:00:00,2.713289625071416
2011-01-06 06:00:00,2.942400919216853
2011-01-07 06:00:00,4.869775690513077
2011-01-08 06:00:00,3.920428094219403
2011-01-09 06:00:00,2.7377952865943267
2011-01-10 06:00:00,3.123301491664501
2011-01-11 06:00:00,2.7152296689209887
2011-01-12 06:00:00,1.818558111224125
2011-01-13 06:00:00,1.2448072397970211
2011-01-14 06:00:00,1.1784533700936284
2011-01-15 06:00:00,1.123688373452227
2011-01-16 06:00:00,1.0405007816036846
2011-01-17 06:00:00,1.2496430908327247
2011-01-18 06:00:00,0.6467072097330228
2011-01-19 06:00:00,0.594143656890192
2011-01-20 06:00:00,0.3055295985184594
2011-01-21 06:00:00,0.25805847013078315
2011-01-22 06:00:00,0.1731009452645967
2011-01-23 06:00:00,0.1716846350276104
2011-01-24 06:00:00,0.367500954928021
2011-01-25 06:00:00,0.47119670684961407
2011-01-26 06:00:00,0.7285720954607089
2011-01-27 06:00:00,1.6852397048490946
2011-01-28 06:00:00,2.1801900768672224
2011-01-29 06:00:00,2.5744702425461394
2011-01-30 06:00:00,1.9425618724011944
2011-01-31 06:00:00,2.11121562040624
2011-02-01 06:00:00,2.4503377975776917
2011-02-02 06:00:00,2.68265490925236
2011-02-03 06:00:00,2.1073551988263537
2011-02-04 06:00:00,3.2989661036251388
2011-02-05 06:00:00,1.7603677662091097
2011-02-06 06:00:00,1.4549590724323886
2011-02-07 06:00:00,2.624642306106408
2011-02-08 06:00:00,1.8965741384189965
2011-02-09 06:00:00,0.697524431795207
2011-02-10 06:00:00,0.6783424507866116
2011-02-11 06:00:00,0.7541760296754325
2011-02-12 06:00:00,0.8990060690630558
2011-02-13 06:00:00,1.9579887415044073
2011-02-14 06:00:00,1.6230074409575213
2011-02-15 06:00:00,1.8700753816280695
2011-02-16 06:00:00,2.0021434046240185
2011-02-17 06:00:00,1.4696149975666908
2011-02-18 06:00:00,1.334505041725985
2011-02-19 06:00:00,0.7285265106525481
2011-02-20 06:00:00,0.9460914082036539
2011-02-21 06:00:00,0.9463417727966855
2011-02-22 06:00:00,0.9280047664200396
2011-02-23 06:00:00,0.8670533728440349
2011-02-24 06:00:00,1.25388997612197
2011-02-25 06:00:00,1.1110389240450655
2011-02-26 06:00:00,1.6416905123820835
2011-02-27 06:00:00,1.7347030153193055
2011-02-28 06:00:00,1.7305471576041636
2011-03-01 06:00:00,1.3423347930787666
2011-03-02 06:00:00,1.4315582845842307
2011-03-03 06:00:00,1.2694471604672284
2011-03-04 06:00:00,1.3946220070810602
2011-03-05 06:00:00,1.0063256108697551
2011-03-06 06:00:00,0.6734433375956728
2011-03-07 06:00:00,0.5794347632640166
2011-03-08 06:00:00,0.7936400606368184
2011-03-09 06:00:00,0.8234243953625121
2011-03-10 06:00:00,1.6001729981181254
2011-03-11 06:00:00,2.069755828142866
2011-03-12 06:00:00,2.20870642703164
2011-03-13 06:00:00,2.079302694822658
2011-03-14 06:00:00,1.7207560134531596
2011-03-15 06:00:00,1.6586608903170286
2011-03-16 06:00:00,3.1352305834739607
2011-03-17 06:00:00,3.305790601296568
2011-03-18 06:00:00,1.6828472568270378
2011-03-19 06:00:00,1.854259387904383
2011-03-20 06:00:00,1.9378941733517776
2011-03-21 06:00:00,1.8017296465726158
2011-03-22 06:00:00,1.2585149324963656
2011-03-23 06:00:00,1.037448333759415
2011-03-24 06:00:00,1.7517757158267004
2011-03-25 06:00:00,2.4745731915018623
2011-03-26 06:00:00,3.380375196588753
2011-03-27 06:00:00,3.0803436918728266
2011-03-28 06:00:00,2.9501243186139243
2011-03-29 06:00:00,3.337302412121785
2011-03-30 06:00:00,2.047680527190281
2011-03-31 06:00:00,1.699126527896377
2011-04-01 06:00:00,1.0923421631977825
2011-04-02 06:00:00,0.8690118862214293
2011-04-03 06:00:00,0.8320738182524557
2011-04-04 06:00:00,0.9985707255917057
2011-04-05 06:00:00,1.2798796273005033
2011-04-06 06:00:00,0.8918555358345264
2011-04-07 06:00:00,0.8150468831522265
2011-04-08 06:00:00,0.6902661502805061
2011-04-09 06:00:00,0.9099824973498095
2011-04-10 06:00:00,1.6765256796415824
2011-04-11 06:00:00,1.7526015094905134
2011-04-12 06:00:00,1.4629927075394937
2011-04-13 06:00:00,1.354333451105197
2011-04-14 06:00:00,1.7299483527148987
2011-04-15 06:00:00,1.7613726217626156
2011-04-16 06:00:00,1.3454589078108135
2011-04-17 06:00:00,1.766254978217072
2011-04-18 06:00:00,1.7786691466762217
2011-04-19 06:00:00,1.9541895772290414
2011-04-20 06:00:00,2.982360912784288
2011-04-21 06:00:00,2.564495556135953
2011-04-22 06:00:00,3.345471107369454
2011-04-23 06:00:00,4.969300742262709
2011-04-24 06:00:00,5.078677046361267
2011-04-25 06:00:00,3.642375749000994
2011-04-26 06:00:00,3.314371141835333
2011-04-27 06:00:00,2.3551844189569233
2011-04-28 06:00:00,3.1453109302316307
2011-04-29 06:00:00,3.836102148428923
2011-04-30 06:00:00,2.731921297382585
2011-05-01 06:00:00,3.8700808852064155
2011-05-02 06:00:00,3.305803347368702
2011-05-03 06:00:00,2.9648788023069215
2011-05-04 06:00:00,3.075520618333852
2011-05-05 06:00:00,2.926944034572952
2011-05-06 06:00:00,3.40974618375608
2011-05-07 06:00:00,3.4225522707886697
2011-05-08 06:00:00,3.809500149024476
2011-05-09 06:00:00,3.693918529650956
2011-05-10 06:00:00,2.7160580638490206
2011-05-11 06:00:00,1.3972253683858926
2011-05-12 06:00:00,1.2166911682579242
2011-05-13 06:00:00,1.1879860073204034
2011-05-14 06:00:00,1.366454356543033
2011-05-15 06:00:00,1.9213258771875468
2011-05-16 06:00:00,1.428916394603021
2011-05-17 06:00:00,1.615500902848363
2011-05-18 06:00:00,2.0646913216966847
2011-05-19 06:00:00,2.8368521908128725
2011-05-20 06:00:00,3.063090610325826
2011-05-21 06:00:00,3.432229963487047
2011-05-22 06:00:00,3.6692671116263718
2011-05-23 06:00:00,2.664757201862181
2011-05-24 06:00:00,2.909513531780998
2011-05-25 06:00:00,2.949085611198942
2011-05-26 06:00:00,3.292370433547368
2011-05-27 06:00:00,4.336983605226773
2011-05-28 06:00:00,4.715106692352593
2011-05-29 06:00:00,5.786307034806591
2011-05-30 06:00:00,5.897268838796019
2011-05-31 06:00:00,6.993215157477138
2012-01-01 06:00:00,2.275947392899289
2012-01-02 06:00:00,3.655026710309182
2012-01-03 06:00:00,2.086770042157545
2012-01-04 06:00:00,1.1776023599160048
2012-01-05 06:00:00,1.524527753507885
2012-01-06 06:00:00,1.4059232840737057
2012-01-07 06:00:00,2.15215338461036
2012-01-08 06:00:00,0.9748395792051424
2012-01-09 06:00:00,0.8675306566356025
2012-01-10 06:00:00,0.8826622220339682
2012-01-11 06:00:00,1.3398223766466075
2012-01-12 06:00:00,1.6058256473283756
2012-01-13 06:00:00,1.5149074072548538
2012-01-14 06:00:00,1.9050552313047147
2012-01-15 06:00:00,1.8005772661752928
2012-01-16 06:00:00,1.6847607062543704
2012-01-17 06:00:00,1.1276349677269724
2012-01-18 06:00:00,0.7621720045713252
2012-01-19 06:00:00,0.669302262236867
2012-01-20 06:00:00,0.7435774007135549
2012-01-21 06:00:00,0.7733157530536036
2012-01-22 06:00:00,0.8144169092932434
2012-01-23 06:00:00,0.6597320878690269
2012-01-24 06:00:00,0.2928088250279476
2012-01-25 06:00:00,0.4257456485575195
2012-01-26 06:00:00,0.41104348417981956
2012-01-27 06:00:00,0.5124795886094698
2012-01-28 06:00:00,0.3246676167203275
2012-01-29 06:00:00,0.4228174399252676
2012-01-30 06:00:00,0.5186399516742946
2012-01-31 06:00:00,0.9609784335207794
2012-02-01 06:00:00,0.8475249905192268
2012-02-02 06:00:00,1.596792302505895
2012-02-03 06:00:00,1.1991168407213688
2012-02-04 06:00:00,1.3966902626157724
2012-02-05 06:00:00,1.718830468070478
2012-02-06 06:00:00,0.963877190045147
2012-02-07 06:00:00,0.5258206956030976
2012-02-08 06:00:00,1.1900349933678513
2012-02-09 06:00:00,1.2172819469875755
2012-02-10 06:00:00,1.1535487972391942
2012-02-11 06:00:00,0.5756789958611194
2012-02-12 06:00:00,0.9939015227758542
2012-02-13 06:00:00,1.3005610022881593
2012-02-14 06:00:00,1.1973769830465002
2012-02-15 06:00:00,1.1183676381816459
2012-02-16 06:00:00,0.7137434527606987
2012-02-17 06:00:00,0.6055893158645324
2012-02-18 06:00:00,0.9227272724841101
2012-02-19 06:00:00,1.0210034682056597
2012-02-20 06:00:00,0.8685617637811016
2012-02-21 06:00:00,0.9987655889055521
2012-02-22 06:00:00,0.6970126208166273
2012-02-23 06:00:00,0.4239828042437485
2012-02-24 06:00:00,0.33779399439401564
2012-02-25 06:00:00,0.5517444363995031
2012-02-26 06:00:00,0.41518949969080166
2012-02-27 06:00:00,0.8556125985824856
2012-02-28 06:00:00,0.9454921727083688
2012-02-29 06:00:00,1.3828196636088075
2012-03-01 06:00:00,0.844075444167069
2012-03-02 06:00:00,0.5912195509449832
2012-03-03 06:00:00,1.08639652282581
2012-03-04 06:00:00,1.42557266795746
2012-03-05 06:00:00,1.5498075569349687
2012-03-06 06:00:00,1.150831791814592
2012-03-07 06:00:00,1.012398483779914
2012-03-08 06:00:00,0.9596657119275748
2012-03-09 06:00:00,0.6936041514876907
2012-03-10 06:00:00,0.5470363339274221
2012-03-11 06:00:00,0.6714555269838935
2012-03-12 06:00:00,1.0756874278041184
2012-03-13 06:00:00,1.278352020183795
2012-03-14 06:00:00,1.134846467822765
2012-03-15 06:00:00,0.8905214637143982
2012-03-16 06:00:00,0.8120690502106915
2012-03-17 06:00:00,0.6411554723615573
2012-03-18 06:00:00,0.43372420418706864
2012-03-19 06:00:00,0.6299273769448412
2012-03-20 06:00:00,0.9097827719588992
2012-03-21 06:00:00,0.32653962130781405
2012-03-22 06:00:00,0.3466781295682138
2012-03-23 06:00:00,0.42126071894580097
2012-03-24 06:00:00,0.24282017502078554
2012-03-25 06:00:00,0.32939621737870195
2012-03-26 06:00:00,0.7237708410415336
2012-03-27 06:00:00,0.9133699575851665
2012-03-28 06:00:00,1.0391502394122785
2012-03-29 06:00:00,0.8366628457950157
2012-03-30 06:00:00,1.246917802944465
2012-03-31 06:00:00,0.5106005591673606
2012-04-01 06:00:00,0.629247407983094
2012-04-02 06:00:00,0.5872173761464551
2012-04-03 06:00:00,0.679997699589379
2012-04-04 06:00:00,1.0083148033226448
2012-04-05 06:00:00,1.4081677115473055
2012-04-06 06:00:00,1.845977647537893
2012-04-07 06:00:00,2.038515122086451
2012-04-08 06:00:00,1.6355678955876647
2012-04-09 06:00:00,2.0057966048568616
2012-04-10 06:00:00,2.165885551448206
2012-04-11 06:00:00,2.087269261396637
2012-04-12 06:00:00,1.7563192136148054
2012-04-13 06:00:00,1.795845813556553
2012-04-14 06:00:00,1.8299700509213268
2012-04-15 06:00:00,1.8925472391897344
2012-04-16 06:00:00,2.285822623081381
2012-04-17 06:00:00,1.8120187162231445
2012-04-18 06:00:00,1.6397395806237898
2012-04-19 06:00:00,2.468965762400215
2012-04-20 06:00:00,2.8363919419106702
2012-04-21 06:00:00,1.9881196177577147
2012-04-22 06:00:00,1.4258633387472872
2012-04-23 06:00:00,1.841775481578596
2012-04-24 06:00:00,2.6966891889173477
2012-04-25 06:00:00,2.6171877233049767
2012-04-26 06:00:00,1.8344020022363774
2012-04-27 06:00:00,2.213722909406526
2012-04-28 06:00:00,2.946737784841204
2012-04-29 06:00:00,3.0650863125786656
2012-04-30 06:00:00,2.416603357682783
2012-05-01 06:00:00,2.490335946273975
2012-05-02 06:00:00,2.7419443505326093
2012-05-03 06:00:00,2.3109755313684714
2012-05-04 06:00:00,2.6421017749730837
2012-05-05 06:00:00,2.971754859884841
2012-05-06 06:00:00,2.2672982756351683
2012-05-07 06:00:00,1.5197978446065084
2012-05-08 06:00:00,0.9962679787894461
2012-05-09 06:00:00,1.0106999825311973
2012-05-10 06:00:00,1.1514152433483429
2012-05-11 06:00:00,1.1912016367121314
2012-05-12 06:00:00,1.8453526010711225
2012-05-13 06:00:00,1.9903693038268053
2012-05-14 06:00:00,1.3758789474635853
2012-05-15 06:00:00,1.734456622457362
2012-05-16 06:00:00,1.9989387672129806
2012-05-17 06:00:00,1.8799644268391913
2012-05-18 06:00:00,1.8583758540336732
2012-05-19 06:00:00,1.8771162707926212
2012-05-20 06:00:00,1.8351947692740163
2012-05-21 06:00:00,1.6348407777201794
2012-05-22 06:00:00,2.466980352279068
2012-05-23 06:00:00,2.280241265197378
2012-05-24 06:00:00,2.6199108283273627
2012-05-25 06:00:00,3.414064098517087
2012-05-26 06:00:00,4.376835530862933
2012-05-27 06:00:00,3.7796947237319904
2012-05-28 06:00:00,3.4459645162011454
2012-05-29 06:00:00,3.4237382836305543
2012-05-30 06:00:00,4.937628435812629
2012-05-31 06:00:00,4.64187675455554
2013-01-01 06:00:00,1.5548358469402817
2013-01-02 06:00:00,2.6077279384751297
2013-01-03 06:00:00,2.4513094709692815
2013-01-04 06:00:00,2.3170828401036405
2013-01-05 06:00:00,1.981045300538315
2013-01-06 06:00:00,0.7774308523951536
2013-01-07 06:00:00,2.0273113962972973
2013-01-08 06:00:00,2.5277053199878
2013-01-09 06:00:00,1.5782009261949503
2013-01-10 06:00:00,1.0497097743627009
2013-01-11 06:00:00,0.6688174900260984
2013-01-12 06:00:00,0.9417798074729791
2013-01-13 06:00:00,0.4413242311828473
2013-01-14 06:00:00,0.28999938890233723
2013-01-15 06:00:00,0.09134430493015397
2013-01-16 06:00:00,0.18131947666388104
2013-01-17 06:00:00,0.5340549028612144
2013-01-18 06:00:00,2.1101462287243615
2013-01-19 06:00:00,1.659610414910043
2013-01-20 06:00:00,0.9251391607135557
2013-01-21 06:00:00,0.7162181306995475
2013-01-22 06:00:00,0.5794610843125192
2013-01-23 06:00:00,1.2003368181423624
2013-01-24 06:00:00,1.701148500935514
2013-01-25 06:00:00,1.536050487075317
2013-01-26 06:00:00,1.3388550697927197
2013-01-27 06:00:00,0.8693345021543817
2013-01-28 06:00:00,0.5175301345447406
2013-01-29 06:00:00,0.4815945304987587
2013-01-30 06:00:00,0.5361010116022261
2013-01-31 06:00:00,0.6988274058358392
2013-02-01 06:00:00,0.47343545139559734
2013-02-02 06:00:00,1.1396387017328495
2013-02-03 06:00:00,1.29175426579092
2013-02-04 06:00:00,2.5559025409972222
2013-02-05 06:00:00,3.394037523803282
2013-02-06 06:00:00,2.5376350618876096
2013-02-07 06:00:00,1.2583434148946326
2013-02-08 06:00:00,0.8765650887098992
2013-02-09 06:00:00,0.6621942743551955
2013-02-10 06:00:00,0.6014706077277067
2013-02-11 06:00:00,1.097547364990637
2013-02-12 06:00:00,1.0676797800912823
2013-02-13 06:00:00,0.8557884460063544
2013-02-14 06:00:00,1.7004486991171033
2013-02-15 06:00:00,2.196721224446431
2013-02-16 06:00:00,3.043464357621991
2013-02-17 06:00:00,4.111220933771998
2013-02-18 06:00:00,1.9566486890721038
2013-02-19 06:00:00,1.0129903113770147
2013-02-20 06:00:00,0.5584173701142455
2013-02-21 06:00:00,1.0665270606635058
2013-02-22 06:00:00,1.0829193338641003
2013-02-23 06:00:00,0.9970436944517376
2013-02-24 06:00:00,1.0743974412600241
2013-02-25 06:00:00,1.0142280770424885
2013-02-26 06:00:00,1.6038514951488603
2013-02-27 06:00:00,1.8312489525681437
2013-02-28 06:00:00,0.9276531263147075
2013-03-01 06:00:00,0.4926944329398691
2013-03-02 06:00:00,0.5257614452454493
2013-03-03 06:00:00,0.8837883448494611
2013-03-04 06:00:00,1.7511612333137014
2013-03-05 06:00:00,0.7803555329621801
2013-03-06 06:00:00,1.0205125708070117
2013-03-07 06:00:00,1.2739783614058477
2013-03-08 06:00:00,1.2493004213622816
2013-03-09 06:00:00,1.202166735831774
2013-03-10 06:00:00,0.6791805589804415
2013-03-11 06:00:00,0.4146312642828385
2013-03-12 06:00:00,0.5682742219008449
2013-03-13 06:00:00,0.6601457582312358
2013-03-14 06:00:00,1.13665272885242
2013-03-15 06:00:00,0.655893069901065
2013-03-16 06:00:00,0.6790329656389713
2013-03-17 06:00:00,1.1145019673158867
2013-03-18 06:00:00,1.3611524424891188
2013-03-19 06:00:00,1.013094802170789
2013-03-20 06:00:00,0.6156088585897679
2013-03-21 06:00:00,0.6159052113161708
2013-03-22 06:00:00,0.8244965916197065
2013-03-23 06:00:00,1.1791155014272445
2013-03-24 06:00:00,1.5813764350760702
2013-03-25 06:00:00,0.9780996498035011
2013-03-26 06:00:00,1.0652582791812335
2013-03-27 06:00:00,0.6378731751052186
2013-03-28 06:00:00,0.6161229813540771
2013-03-29 06:00:00,0.6991598510183918
2013-03-30 06:00:00,0.7594856467000768
2013-03-31 06:00:00,0.7675101190087166
2013-04-01 06:00:00,0.670222110493617
2013-04-02 06:00:00,0.5894640006240457
2013-04-03 06:00:00,0.619381043535815
2013-04-04 06:00:00,0.8871098644875577
2013-04-05 06:00:00,1.0408389065805437
2013-04-06 06:00:00,0.7893101899913728
2013-04-07 06:00:00,0.3185797815846913
2013-04-08 06:00:00,0.3305334404942775
2013-04-09 06:00:00,0.5250967956751779
2013-04-10 06:00:00,0.9128767080264639
2013-04-11 06:00:00,1.395618212852665
2013-04-12 06:00:00,1.2934559786945266
2013-04-13 06:00:00,1.2762296548649252
2013-04-14 06:00:00,1.7198733748015214
2013-04-15 06:00:00,2.211119927146811
2013-04-16 06:00:00,2.406104710231948
2013-04-17 06:00:00,1.862940967639807
2013-04-18 06:00:00,1.0961143541415088
2013-04-19 06:00:00,0.9028589548739706
2013-04-20 06:00:00,1.0649385949642232
2013-04-21 06:00:00,1.9660547508152117
2013-04-22 06:00:00,2.1761192152533613
2013-04-23 06:00:00,1.745982231219127
2013-04-24 06:00:00,1.3068588255266387
2013-04-25 06:00:00,1.2265681066361998
2013-04-26 06:00:00,1.4568138597144105
2013-04-27 06:00:00,1.7813830308471614
2013-04-28 06:00:00,1.6211224963106663
2013-04-29 06:00:00,1.3997074806457692
2013-04-30 06:00:00,1.5079988204034016
2013-05-01 06:00:00,1.818174004664504
2013-05-02 06:00:00,2.809120145014182
2013-05-03 06:00:00,3.4985537657278853
2013-05-04 06:00:00,3.3183869440604132
2013-05-05 06:00:00,3.197149303227279
2013-05-06 06:00:00,4.114301350136969
2013-05-07 06:00:00,3.509786691388658
2013-05-08 06:00:00,2.883620322583357
2013-05-09 06:00:00,2.6050723275005567
2013-05-10 06:00:00,3.0096501791639003
2013-05-11 06:00:00,4.0796092678779985
2013-05-12 06:00:00,4.588097297130727
2013-05-13 06:00:00,5.074861299275017
2013-05-14 06:00:00,4.885878504651825
2013-05-15 06:00:00,3.6942246755016392
2013-05-16 06:00:00,4.179139666255698
2013-05-17 06:00:00,4.048473293979605
2013-05-18 06:00:00,3.4434268933173655
2013-05-19 06:00:00,3.2843231992529502
2013-05-20 06:00:00,3.129736238296763
2013-05-21 06:00:00,2.85853829117234
2013-05-22 06:00:00,2.863742413579252
2013-05-23 06:00:00,3.4967556967628304
2013-05-24 06:00:00,4.7376525125527875
2013-05-25 06:00:00,4.793150757524277
2013-05-26 06:00:00,4.15802254038963
2013-05-27 06:00:00,4.85376474875738
2013-05-28 06:00:00,5.65996949243368
2013-05-29 06:00:00,5.827643938904544
2013-05-30 06:00:00,6.17332097880123
2013-05-31 06:00:00,7.864163473473851
2014-01-01 06:00:00,1.4543199465148244
2014-01-02 06:00:00,2.1045500238807477
2014-01-03 06:00:00,2.736205212435188
2014-01-04 06:00:00,1.513408436465319
2014-01-05 06:00:00,1.2452268831682611
2014-01-06 06:00:00,0.7223550464280346
2014-01-07 06:00:00,1.0457745867203025
2014-01-08 06:00:00,1.0690246190580401
2014-01-09 06:00:00,0.7126413128576541
2014-01-10 06:00:00,0.47310314662491576
2014-01-11 06:00:00,1.4064000969743942
2014-01-12 06:00:00,1.5270554837292791
2014-01-13 06:00:00,1.5327001034722139
2014-01-14 06:00:00,1.0413794631395983
2014-01-15 06:00:00,0.538007007565271
2014-01-16 06:00:00,0.88244561429834
2014-01-17 06:00:00,0.6206366011989094
2014-01-18 06:00:00,2.1228689018392313
2014-01-19 06:00:00,1.1674832069213772
2014-01-20 06:00:00,1.3567774528378522
2014-01-21 06:00:00,1.3274497412700794
2014-01-22 06:00:00,1.3062076277076906
2014-01-23 06:00:00,1.5282228190749605
2014-01-24 06:00:00,0.86941960057099
2014-01-25 06:00:00,0.36093791005735487
2014-01-26 06:00:00,0.41035184704406064
2014-01-27 06:00:00,0.3413395835522687
2014-01-28 06:00:00,0.3961745779808368
2014-01-29 06:00:00,0.28414774987998126
2014-01-30 06:00:00,0.30344024410372955
2014-01-31 06:00:00,0.26637658549938087
2014-02-01 06:00:00,0.4078567106084361
2014-02-02 06:00:00,0.7183514600015156
2014-02-03 06:00:00,0.9882071355874129
2014-02-04 06:00:00,0.5135671899408755
2014-02-05 06:00:00,0.5933815145683221
2014-02-06 06:00:00,0.807803345362034
2014-02-07 06:00:00,1.2272001014443337
2014-02-08 06:00:00,0.5683444678994268
2014-02-09 06:00:00,0.40931943371561375
2014-02-10 06:00:00,0.28157503440091025
2014-02-11 06:00:00,0.34959841840471106
2014-02-12 06:00:00,0.4029459844985144
2014-02-13 06:00:00,0.2063348548046658
2014-02-14 06:00:00,0.7278293934069328
2014-02-15 06:00:00,1.6128183971470462
2014-02-16 06:00:00,1.680224328062427
2014-02-17 06:00:00,2.339887718333392
2014-02-18 06:00:00,0.9587848904564235
2014-02-19 06:00:00,0.4126679773045192
2014-02-20 06:00:00,0.6706143992694538
2014-02-21 06:00:00,0.6676069624028194
2014-02-22 06:00:00,0.9022965303601616
2014-02-23 06:00:00,0.5672167759315925
2014-02-24 06:00:00,0.5660400108118446
2014-02-25 06:00:00,0.4127631367547866
2014-02-26 06:00:00,0.6629841681670343
2014-02-27 06:00:00,1.1341542336470818
2014-02-28 06:00:00,1.5401570361596226
2014-03-01 06:00:00,1.5366366528954891
2014-03-02 06:00:00,1.0207086839208466
2014-03-03 06:00:00,0.9095685253020368
2014-03-04 06:00:00,1.1172009990015124
2014-03-05 06:00:00,0.8198362935575915
2014-03-06 06:00:00,0.8289936970180745
2014-03-07 06:00:00,0.7141486698620271
2014-03-08 06:00:00,0.816465639941745
2014-03-09 06:00:00,1.2183826780314633
2014-03-10 06:00:00,1.3636748046539753
2014-03-11 06:00:00,1.1386228225888768
2014-03-12 06:00:00,0.765273639088875
2014-03-13 06:00:00,0.3276788888953359
2014-03-14 06:00:00,0.40311183930383515
2014-03-15 06:00:00,0.7849363460572225
2014-03-16 06:00:00,0.7796356642491373
2014-03-17 06:00:00,1.5655101058902121
2014-03-18 06:00:00,1.6477035376831237
2014-03-19 06:00:00,1.1760124008229575
2014-03-20 06:00:00,1.00197258491147
2014-03-21 06:00:00,0.7666277694540485
2014-03-22 06:00:00,0.6243709215779933
2014-03-23 06:00:00,1.0313063022464157
2014-03-24 06:00:00,1.4486061744780463
2014-03-25 06:00:00,0.9917259239063847
2014-03-26 06:00:00,0.48093914164223556
2014-03-27 06:00:00,0.38164865971933104
2014-03-28 06:00:00,0.7460905833954036
2014-03-29 06:00:00,0.6649066205318612
2014-03-30 06:00:00,0.5766675753082087
2014-03-31 06:00:00,0.7007399697237766
2014-04-01 06:00:00,0.753672616083321
2014-04-02 06:00:00,0.8628589713203005
2014-04-03 06:00:00,1.1032985546938057
2014-04-04 06:00:00,1.4866248926726076
2014-04-05 06:00:00,2.0952499482097044
2014-04-06 06:00:00,1.489436308701169
2014-04-07 06:00:00,1.4410282523479068
2014-04-08 06:00:00,1.2244192474221685
2014-04-09 06:00:00,0.9443064862659809
2014-04-10 06:00:00,0.8392757008241456
2014-04-11 06:00:00,0.6866668561993675
2014-04-12 06:00:00,0.5106417656854686
2014-04-13 06:00:00,0.6741596507572541
2014-04-14 06:00:00,0.5768986058656834
2014-04-15 06:00:00,0.8313300471452545
2014-04-16 06:00:00,0.7886989891003587
2014-04-17 06:00:00,1.2288989636200616
2014-04-18 06:00:00,1.3907135781018132
2014-04-19 06:00:00,1.3882828960632898
2014-04-20 06:00:00,1.1231655716921587
2014-04-21 06:00:00,0.9342639188997365
2014-04-22 06:00:00,0.7955487375293444
2014-04-23 06:00:00,1.0236365205809708
2014-04-24 06:00:00,1.102907898048742
2014-04-25 06:00:00,1.29798306594733
2014-04-26 06:00:00,0.9150982887137354
2014-04-27 06:00:00,0.8343911657569966
2014-04-28 06:00:00,1.2149391970043872
2014-04-29 06:00:00,1.5320672144972354
2014-04-30 06:00:00,1.4310773012044418
2014-05-01 06:00:00,1.2447696209584138
2014-05-02 06:00:00,1.642432428000086
2014-05-03 06:00:00,2.45102182410189
2014-05-04 06:00:00,3.5244212857913833
2014-05-05 06:00:00,3.940313458360445
2014-05-06 06:00:00,4.402425892496794
2014-05-07 06:00:00,5.217830887357276
2014-05-08 06:00:00,4.978633018471203
2014-05-09 06:00:00,4.871813643306848
2014-05-10 06:00:00,3.3756356098473077
2014-05-11 06:00:00,3.3103494540738323
2014-05-12 06:00:00,3.2819367125558556
2014-05-13 06:00:00,3.9705101932646527
2014-05-14 06:00:00,2.4761273486413202
2014-05-15 06:00:00,2.166245765352847
2014-05-16 06:00:00,2.2239505574802583
2014-05-17 06:00:00,2.1981355405134906
2014-05-18 06:00:00,2.9133734805723837
2014-05-19 06:00:00,2.4706969256707683
2014-05-20 06:00:00,3.0869889245857847
2014-05-21 06:00:00,3.8567529982690325
2014-05-22 06:00:00,3.3009397124625868
2014-05-23 06:00:00,3.2929390570037826
2014-05-24 06:00:00,3.4336795497425445
2014-05-25 06:00:00,4.46623305582656
2014-05-26 06:00:00,4.0014733710895465
2014-05-27 06:00:00,3.48453136090845
2014-05-28 06:00:00,4.587803488294136
2014-05-29 06:00:00,4.12637870403439
2014-05-30 06:00:00,2.773846004212159
2014-05-31 06:00:00,2.805769949556585
2015-01-01 06:00:00,3.342015587199464
2015-01-02 06:00:00,3.0217515494078024
2015-01-03 06:00:00,1.8745131280862415
2015-01-04 06:00:00,1.2424861190930687
2015-01-05 06:00:00,1.1629975165505617
2015-01-06 06:00:00,0.785992397959699
2015-01-07 06:00:00,0.4828667795129245
2015-01-08 06:00:00,0.6562521511057472
2015-01-09 06:00:00,1.6942765384989
2015-01-10 06:00:00,1.7094960863146953
2015-01-11 06:00:00,0.866715328692764
2015-01-12 06:00:00,1.029883628519826
2015-01-13 06:00:00,1.1179549633600485
2015-01-14 06:00:00,1.058156884663047
2015-01-15 06:00:00,1.6743010142230152
2015-01-16 06:00:00,1.0290938733419275
2015-01-17 06:00:00,1.0197701181686338
2015-01-18 06:00:00,0.7546773714819411
2015-01-19 06:00:00,0.49576318895053423
2015-01-20 06:00:00,0.4548020690882223
2015-01-21 06:00:00,0.8230347877814097
2015-01-22 06:00:00,1.3647129412508872
2015-01-23 06:00:00,1.043456764707765
2015-01-24 06:00:00,0.44172069267416914
2015-01-25 06:00:00,0.45981175236324345
2015-01-26 06:00:00,0.7082542537808265
2015-01-27 06:00:00,0.7732088179276217
2015-01-28 06:00:00,0.6207137429785776
2015-01-29 06:00:00,0.7227794261870009
2015-01-30 06:00:00,1.356844176654079
2015-01-31 06:00:00,0.8836684543375645
2015-02-01 06:00:00,0.7650509503120821
2015-02-02 06:00:00,1.007208448968597
2015-02-03 06:00:00,1.4122415274062639
2015-02-04 06:00:00,0.8290293050618603
2015-02-05 06:00:00,0.28439866783808426
2015-02-06 06:00:00,0.44323331547799255
2015-02-07 06:00:00,0.7928507602842025
2015-02-08 06:00:00,0.7709172831570923
2015-02-09 06:00:00,0.5834601650755878
2015-02-10 06:00:00,1.099760985653428
2015-02-11 06:00:00,1.501091966882366
2015-02-12 06:00:00,1.0282554672472897
2015-02-13 06:00:00,0.8119785332800062
2015-02-14 06:00:00,0.556318708386883
2015-02-15 06:00:00,0.22719095004519424
2015-02-16 06:00:00,0.7978710804007818
2015-02-17 06:00:00,0.5006077509823568
2015-02-18 06:00:00,0.6969116716253099
2015-02-19 06:00:00,1.4304485669199123
2015-02-20 06:00:00,1.0970545333841164
2015-02-21 06:00:00,0.6661542309349396
2015-02-22 06:00:00,0.6310769395126657
2015-02-23 06:00:00,0.5137177463237794
2015-02-24 06:00:00,1.2631191651155582
2015-02-25 06:00:00,1.8315252111826534
2015-02-26 06:00:00,1.3433792631057482
2015-02-27 06:00:00,1.140113735338003
2015-02-28 06:00:00,0.9567954216066834
2015-03-01 06:00:00,3.207229183082306
2015-03-02 06:00:00,4.4173496955209535
2015-03-03 06:00:00,2.099752603462922
2015-03-04 06:00:00,1.2056218248610713
2015-03-05 06:00:00,1.206969768220143
2015-03-06 06:00:00,0.6622036577561876
2015-03-07 06:00:00,0.939522715996267
2015-03-08 06:00:00,1.1961863801507018
2015-03-09 06:00:00,0.9394480486626443
2015-03-10 06:00:00,0.672882452988576
2015-03-11 06:00:00,0.519187260173536
2015-03-12 06:00:00,0.5038556186083275
2015-03-13 06:00:00,0.6827325257402403
2015-03-14 06:00:00,1.486311953010032
2015-03-15 06:00:00,2.295874227261198
2015-03-16 06:00:00,2.4677468641916556
2015-03-17 06:00:00,1.794100167819724
2015-03-18 06:00:00,1.2192877534967634
2015-03-19 06:00:00,0.5923193383916227
2015-03-20 06:00:00,0.3084719688488984
2015-03-21 06:00:00,0.13355418405186223
2015-03-22 06:00:00,0.2262982533104038
2015-03-23 06:00:00,0.19207050463307485
2015-03-24 06:00:00,0.7336735513284861
2015-03-25 06:00:00,0.9816981376421375
2015-03-26 06:00:00,1.1582664185519604
2015-03-27 06:00:00,0.9593537425082095
2015-03-28 06:00:00,1.7988279454677814
2015-03-29 06:00:00,2.0077882107267704
2015-03-30 06:00:00,1.8583666324011947
2015-03-31 06:00:00,2.108968689453329
2015-04-01 06:00:00,2.1945814067169445
2015-04-02 06:00:00,2.3447460991739426
2015-04-03 06:00:00,2.6015831716078752
2015-04-04 06:00:00,1.4346799815698097
2015-04-05 06:00:00,1.551097232328401
2015-04-06 06:00:00,1.8138695019710758
2015-04-07 06:00:00,1.4607218847174441
2015-04-08 06:00:00,1.5829613339959918
2015-04-09 06:00:00,1.3646247310529753
2015-04-10 06:00:00,1.0877119489852463
2015-04-11 06:00:00,1.3852434652107402
2015-04-12 06:00:00,2.2333312838465345
2015-04-13 06:00:00,3.7437081934244993
2015-04-14 06:00:00,3.304993457693196
2015-04-15 06:00:00,2.783709047677436
2015-04-16 06:00:00,3.182645045277038
2015-04-17 06:00:00,2.623878169682142
2015-04-18 06:00:00,2.8668487300412795
2015-04-19 06:00:00,2.443280587782859
2015-04-20 06:00:00,2.1611845274794685
2015-04-21 06:00:00,2.3971476555514535
2015-04-22 06:00:00,2.8148611241369883
2015-04-23 06:00:00,2.222341813917071
2015-04-24 06:00:00,2.5203036041918407
2015-04-25 06:00:00,2.8475852249887272
2015-04-26 06:00:00,2.303451029732696
2015-04-27 06:00:00,1.9648061973136106
2015-04-28 06:00:00,1.4421164941510698
2015-04-29 06:00:00,1.6171518246892247
2015-04-30 06:00:00,2.1154845027247084
2015-05-01 06:00:00,1.761927365345372
2015-05-02 06:00:00,1.2226322374076075
2015-05-03 06:00:00,1.4166753634158686
2015-05-04 06:00:00,1.1138068575084419
2015-05-05 06:00:00,1.4837989504277604
2015-05-06 06:00:00,1.39859423718643
2015-05-07 06:00:00,1.6620266583820946
2015-05-08 06:00:00,1.6305984717795012
2015-05-09 06:00:00,2.2186716783182794
2015-05-10 06:00:00,2.8239534909832793
2015-05-11 06:00:00,2.707491389873887
2015-05-12 06:00:00,3.5967301615104956
2015-05-13 06:00:00,4.066378994943963
2015-05-14 06:00:00,4.537629147107672
2015-05-15 06:00:00,3.7598265185510322
2015-05-16 06:00:00,5.082396667429914
2015-05-17 06:00:00,6.97290101617423
2015-05-18 06:00:00,5.493398517975199
2015-05-19 06:00:00,4.679657286934117
2015-05-20 06:00:00,4.58618472860734
2015-05-21 06:00:00,4.190748803477439
2015-05-22 06:00:00,4.987490884413081
2015-05-23 06:00:00,3.532676222343266
2015-05-24 06:00:00,3.4290867760351538
2015-05-25 06:00:00,2.604443818707731
2015-05-26 06:00:00,2.774823852641226
2015-05-27 06:00:00,3.1541508356801433
2015-05-28 06:00:00,2.3022867805978113
2015-05-29 06:00:00,2.397863021173036
2015-05-30 06:00:00,3.0215066257345655
2015-05-31 06:00:00,3.3917096489099365
2016-01-01 06:00:00,0.6675949605522082
2016-01-02 06:00:00,0.38273270137529897
2016-01-03 06:00:00,0.48075737967364085
2016-01-04 06:00:00,0.704422598951881
2016-01-05 06:00:00,0.5306383156300806
2016-01-06 06:00:00,0.4623077259690306
2016-01-07 06:00:00,0.465622675468595
2016-01-08 06:00:00,0.44758529585970713
2016-01-09 06:00:00,0.5465470799578093
2016-01-10 06:00:00,0.4027913964948652
2016-01-11 06:00:00,0.18007275884149623
2016-01-12 06:00:00,0.4078239932489977
2016-01-13 06:00:00,0.2009870388376151
2016-01-14 06:00:00,0.1942966181713918
2016-01-15 06:00:00,0.36122067630251986
2016-01-16 06:00:00,0.9205103023148006
2016-01-17 06:00:00,1.0605946388359218
2016-01-18 06:00:00,0.48636320778208053
2016-01-19 06:00:00,1.0193389280799932
2016-01-20 06:00:00,1.8595433806057136
2016-01-21 06:00:00,0.9734111224532316
2016-01-22 06:00:00,0.7144590126696521
2016-01-23 06:00:00,0.5960688557149433
2016-01-24 06:00:00,0.5605523309592931
2016-01-25 06:00:00,0.9638901786583842
2016-01-26 06:00:00,1.645531542035496
2016-01-27 06:00:00,1.3098422982672904
2016-01-28 06:00:00,1.09757238652955
2016-01-29 06:00:00,1.5810149092701498
2016-01-30 06:00:00,0.929574896100138
2016-01-31 06:00:00,0.571759948472739
2016-02-01 06:00:00,0.3505554039427652
2016-02-02 06:00:00,0.2498865193155668
2016-02-03 06:00:00,0.21997391576887768
2016-02-04 06:00:00,0.19464065609973108
2016-02-05 06:00:00,0.33328115654195956
2016-02-06 06:00:00,0.40376016826174055
2016-02-07 06:00:00,0.6786322008843245
2016-02-08 06:00:00,0.8117813586259659
2016-02-09 06:00:00,0.6262513836997085
2016-02-10 06:00:00,0.8231529109477762
2016-02-11 06:00:00,1.4677100649544397
2016-02-12 06:00:00,1.1257449099544288
2016-02-13 06:00:00,0.6577190092947702
2016-02-14 06:00:00,0.5305469181342596
2016-02-15 06:00:00,0.4412215185638421
2016-02-16 06:00:00,0.7492064296618752
2016-02-17 06:00:00,0.427529600791275
2016-02-18 06:00:00,0.4963375365301068
2016-02-19 06:00:00,0.602077401185174
2016-02-20 06:00:00,1.9228991269488913
2016-02-21 06:00:00,1.5107586623886544
2016-02-22 06:00:00,0.9298999380277938
2016-02-23 06:00:00,0.6186034324857551
2016-02-24 06:00:00,0.7381339837448055
2016-02-25 06:00:00,1.0442074482508228
2016-02-26 06:00:00,0.7238156106041367
2016-02-27 06:00:00,0.8084849567549551
2016-02-28 06:00:00,0.6883012384508831
2016-02-29 06:00:00,0.41453603680587314
2016-03-01 06:00:00,0.5322733949000391
2016-03-02 06:00:00,0.5702263109772776
2016-03-03 06:00:00,0.5394502194617053
2016-03-04 06:00:00,0.5550427907410561
2016-03-05 06:00:00,0.4809995693328473
2016-03-06 06:00:00,0.6372958146663061
2016-03-07 06:00:00,0.626691838663373
2016-03-08 06:00:00,0.675904023858436
2016-03-09 06:00:00,0.8704924819620408
2016-03-10 06:00:00,0.5084946739354882
2016-03-11 06:00:00,1.181760859538084
2016-03-12 06:00:00,1.700782323390309
2016-03-13 06:00:00,1.5574511496011005
2016-03-14 06:00:00,1.3113030415412592
2016-03-15 06:00:00,0.9955947512163871
2016-03-16 06:00:00,0.9267447239171746
2016-03-17 06:00:00,1.224449276016302
2016-03-18 06:00:00,1.0143979422382374
2016-03-19 06:00:00,1.0468687413819768
2016-03-20 06:00:00,0.687318085652695
2016-03-21 06:00:00,0.5915280575305576
2016-03-22 06:00:00,0.8177780049767627
2016-03-23 06:00:00,0.5194405140136131
2016-03-24 06:00:00,0.40324450532989103
2016-03-25 06:00:00,0.6676168274812814
2016-03-26 06:00:00,0.6412443801412472
2016-03-27 06:00:00,0.5068680994697833
2016-03-28 06:00:00,1.7809254321881849
2016-03-29 06:00:00,2.237212514834446
2016-03-30 06:00:00,0.7877921317523435
2016-03-31 06:00:00,1.355764190528693
2016-04-01 06:00:00,1.5580856374656997
2016-04-02 06:00:00,1.3632395136353495
2016-04-03 06:00:00,1.25095396739075
2016-04-04 06:00:00,1.107900573055724
2016-04-05 06:00:00,0.9884085349132881
2016-04-06 06:00:00,1.8386230952665898
2016-04-07 06:00:00,1.2932643818289615
2016-04-08 06:00:00,1.1485938579253483
2016-04-09 06:00:00,1.3968282620795012
2016-04-10 06:00:00,0.8176665487217075
2016-04-11 06:00:00,0.7578717957995973
2016-04-12 06:00:00,0.9576721546956691
2016-04-13 06:00:00,0.7690481302369037
2016-04-14 06:00:00,0.6943030423779617
2016-04-15 06:00:00,1.0670542309691802
2016-04-16 06:00:00,0.6375255849947814
2016-04-17 06:00:00,1.5096028434984932
2016-04-18 06:00:00,1.293067547508745
2016-04-19 06:00:00,1.9707540776462296
2016-04-20 06:00:00,1.77263698324678
2016-04-21 06:00:00,1.875856440214561
2016-04-22 06:00:00,2.047013281748034
2016-04-23 06:00:00,1.8717141849006342
2016-04-24 06:00:00,2.052437229213827
2016-04-25 06:00:00,1.5273440657015307
2016-04-26 06:00:00,0.7290644498639463
2016-04-27 06:00:00,0.6537659112463547
2016-04-28 06:00:00,0.800280896440379
2016-04-29 06:00:00,1.182740184803517
2016-04-30 06:00:00,1.00974384953199
2016-05-01 06:00:00,1.1202952079521957
2016-05-02 06:00:00,1.0063572836104269
2016-05-03 06:00:00,1.1565989266121202
2016-05-04 06:00:00,1.4801412058992556
2016-05-05 06:00:00,1.799285979848825
2016-05-06 06:00:00,1.7755853544747913
2016-05-07 06:00:00,1.6626438107318287
2016-05-08 06:00:00,1.6656460941674902
2016-05-09 06:00:00,1.4763860703909937
2016-05-10 06:00:00,1.1807023585330472
2016-05-11 06:00:00,1.9671350849714402
2016-05-12 06:00:00,2.5467212437477738
2016-05-13 06:00:00,2.7407452596108564
2016-05-14 06:00:00,3.624322967465794
2016-05-15 06:00:00,4.947907372502749
2016-05-16 06:00:00,6.034953352483679
2016-05-17 06:00:00,5.783675630695859
2016-05-18 06:00:00,6.557388464771752
2016-05-19 06:00:00,7.446826691401917
2016-05-20 06:00:00,6.7998868926165725
2016-05-21 06:00:00,6.816034095382788
2016-05-22 06:00:00,6.484864817055708
2016-05-23 06:00:00,4.125124833627732
2016-05-24 06:00:00,5.560112308228019
2016-05-25 06:00:00,5.457479838388642
2016-05-26 06:00:00,3.9221787406080724
2016-05-27 06:00:00,3.102791657955834
2016-05-28 06:00:00,3.461945820751798
2016-05-29 06:00:00,3.6513056642456267
2016-05-30 06:00:00,4.131040313372637
2016-05-31 06:00:00,4.642051154643902
2017-01-01 06:00:00,1.053463806929575
2017-01-02 06:00:00,2.1043826107107164
2017-01-03 06:00:00,2.8903687637409963
2017-01-04 06:00:00,4.344963415926519
2017-01-05 06:00:00,3.057622138445166
2017-01-06 06:00:00,2.64454733386976
2017-01-07 06:00:00,2.5534314891537955
2017-01-08 06:00:00,1.8682310989566169
2017-01-09 06:00:00,1.4219447576385724
2017-01-10 06:00:00,1.6965899901671255
2017-01-11 06:00:00,1.6568658727656116
2017-01-12 06:00:00,0.64292971093198
2017-01-13 06:00:00,0.5400440060471465
2017-01-14 06:00:00,0.798893769051039
2017-01-15 06:00:00,0.7153622444074813
2017-01-16 06:00:00,0.6918029993114961
2017-01-17 06:00:00,0.526568736669401
2017-01-18 06:00:00,1.1389039916533996
2017-01-19 06:00:00,1.3089340374079534
2017-01-20 06:00:00,1.895138876096498
2017-01-21 06:00:00,1.4057959436139786
2017-01-22 06:00:00,2.2405052931339355
2017-01-23 06:00:00,3.2978985070864666
2017-01-24 06:00:00,3.537991215847095
2017-01-25 06:00:00,2.26315775521422
2017-01-26 06:00:00,2.9518828403720976
2017-01-27 06:00:00,3.128381754728823
2017-01-28 06:00:00,2.4688845696322113
2017-01-29 06:00:00,1.1921971449458888
2017-01-30 06:00:00,1.1536996636356782
2017-01-31 06:00:00,1.000014472026477
2017-02-01 06:00:00,0.42329329412378747
2017-02-02 06:00:00,0.2613592202956317
2017-02-03 06:00:00,0.5923775077441175
2017-02-04 06:00:00,1.2138576573376942
2017-02-05 06:00:00,1.6809815240863364
2017-02-06 06:00:00,0.7636068535204474
2017-02-07 06:00:00,0.579509963958884
2017-02-08 06:00:00,0.40673925767574914
2017-02-09 06:00:00,0.3620017364504534
2017-02-10 06:00:00,0.3412943622639387
2017-02-11 06:00:00,0.33740862612316574
2017-02-12 06:00:00,0.4129930287240584
2017-02-13 06:00:00,0.4026782408718605
2017-02-14 06:00:00,0.5475285986624172
2017-02-15 06:00:00,0.7642734282753602
2017-02-16 06:00:00,0.5380582056261017
2017-02-17 06:00:00,0.34692900817609523
2017-02-18 06:00:00,0.6320483993833287
2017-02-19 06:00:00,1.4615823491146125
2017-02-20 06:00:00,1.451638544941996
2017-02-21 06:00:00,1.2427577829656666
2017-02-22 06:00:00,1.116908304227631
2017-02-23 06:00:00,0.954629799265545
2017-02-24 06:00:00,0.6102136894292388
2017-02-25 06:00:00,0.7014045897842215
2017-02-26 06:00:00,1.0370322941508132
2017-02-27 06:00:00,1.31460081472534
2017-02-28 06:00:00,1.145890153671808
2017-03-01 06:00:00,1.2396735144333537
2017-03-02 06:00:00,2.427606234413228
2017-03-03 06:00:00,1.4430975279020508
2017-03-04 06:00:00,1.9039051187705807
2017-03-05 06:00:00,1.8257740564795775
2017-03-06 06:00:00,1.3593213774277182
2017-03-07 06:00:00,0.9883270077323267
2017-03-08 06:00:00,1.1135495308506886
2017-03-09 06:00:00,1.6464067529842912
2017-03-10 06:00:00,1.7872878587213803
2017-03-11 06:00:00,3.021153590088426
2017-03-12 06:00:00,2.4029735585198386
2017-03-13 06:00:00,0.9497375186082377
2017-03-14 06:00:00,0.46311312602426175
2017-03-15 06:00:00,1.0225981401340083
2017-03-16 06:00:00,1.7118889460841324
2017-03-17 06:00:00,0.8321661246833245
2017-03-18 06:00:00,0.8545862525261253
2017-03-19 06:00:00,0.9730104437878381
2017-03-20 06:00:00,0.9274035838244359
2017-03-21 06:00:00,1.044933429141072
2017-03-22 06:00:00,0.8790637328624523
2017-03-23 06:00:00,0.7209514192924332
2017-03-24 06:00:00,0.38580410538155935
2017-03-25 06:00:00,0.6832784505307906
2017-03-26 06:00:00,0.5053143939291438
2017-03-27 06:00:00,1.0632655618945617
2017-03-28 06:00:00,1.2433289568333616
2017-03-29 06:00:00,1.735040071645723
2017-03-30 06:00:00,1.9143684761944817
2017-03-31 06:00:00,1.415327355136351
2017-04-01 06:00:00,1.3860932151054177
2017-04-02 06:00:00,2.2580011156761013
2017-04-03 06:00:00,2.2983076142467467
2017-04-04 06:00:00,2.0768046275662333
2017-04-05 06:00:00,2.0876137272402158
2017-04-06 06:00:00,2.4609322912912788
2017-04-07 06:00:00,1.7231008366506746
2017-04-08 06:00:00,1.28487892506631
2017-04-09 06:00:00,1.1539945045086166
2017-04-10 06:00:00,1.5402145502548101
2017-04-11 06:00:00,1.1784308076111476
2017-04-12 06:00:00,1.3118184275456162
2017-04-13 06:00:00,2.00935522095368
2017-04-14 06:00:00,3.384482743888131
2017-04-15 06:00:00,4.301026497006078
2017-04-16 06:00:00,4.295334067218382
2017-04-17 06:00:00,3.0257427072096377
2017-04-18 06:00:00,1.1875074270026367
2017-04-19 06:00:00,0.8024929883537332
2017-04-20 06:00:00,1.812969067067736
2017-04-21 06:00:00,2.051404446294599
2017-04-22 06:00:00,2.0173602264542128
2017-04-23 06:00:00,2.537970178267331
2017-04-24 06:00:00,2.2699405859774426
2017-04-25 06:00:00,2.259426366647366
2017-04-26 06:00:00,1.861460963654352
2017-04-27 06:00:00,1.2635302897101506
2017-04-28 06:00:00,1.4253699162394442
2017-04-29 06:00:00,1.4723921300020746
2017-04-30 06:00:00,1.0046948496617434
2017-05-01 06:00:00,1.0058948967478407
2017-05-02 06:00:00,1.2142378927403328
2017-05-03 06:00:00,0.8810264956668514
2017-05-04 06:00:00,0.9925174944373678
2017-05-05 06:00:00,1.6836246336892284
2017-05-06 06:00:00,2.1950235238140956
2017-05-07 06:00:00,2.382059702145168
2017-05-08 06:00:00,2.2132080437186823
2017-05-09 06:00:00,1.5463367360170595
2017-05-10 06:00:00,2.1091472660014032
2017-05-11 06:00:00,2.6012456436453046
2017-05-12 06:00:00,3.071766870597813
2017-05-13 06:00:00,2.7979476446892257
2017-05-14 06:00:00,3.6190124081483397
2017-05-15 06:00:00,4.968802722848322
2017-05-16 06:00:00,4.8812750435124155
2017-05-17 06:00:00,4.461060525149499
2017-05-18 06:00:00,3.2725664782449564
2017-05-19 06:00:00,3.625316977841654
2017-05-20 06:00:00,3.3711899665413743
2017-05-21 06:00:00,4.131527398806271
2017-05-22 06:00:00,3.79061839083668
2017-05-23 06:00:00,3.5286719353656983
2017-05-24 06:00:00,3.8659841366644287
2017-05-25 06:00:00,3.9485150107652487
2017-05-26 06:00:00,6.0951986945438215
2017-05-27 06:00:00,7.234758276607691
2017-05-28 06:00:00,6.872683311981067
2017-05-29 06:00:00,6.671270101899649
2017-05-30 06:00:00,6.754828382044941
2017-05-31 06:00:00,6.5979762923375604
2018-01-01 06:00:00,2.7842018163949107
2018-01-02 06:00:00,3.5427633559706786
2018-01-03 06:00:00,3.694951901142661
2018-01-04 06:00:00,1.6073708826677888
2018-01-05 06:00:00,0.9906540466465489
2018-01-06 06:00:00,1.0371302419687862
2018-01-07 06:00:00,1.0466120895858007
2018-01-08 06:00:00,0.538297205334662
2018-01-09 06:00:00,0.460329455582843
2018-01-10 06:00:00,0.7607312852974933
2018-01-11 06:00:00,0.6007682691940308
2018-01-12 06:00:00,1.018609340475247
2018-01-13 06:00:00,0.944100475518354
2018-01-14 06:00:00,0.7821174129060218
2018-01-15 06:00:00,0.4222513207593244
2018-01-16 06:00:00,0.23101492907193039
2018-01-17 06:00:00,0.3055153885648455
2018-01-18 06:00:00,0.47805802806427283
2018-01-19 06:00:00,0.3271799244609536
2018-01-20 06:00:00,0.4702893919356673
2018-01-21 06:00:00,0.9616221233332382
2018-01-22 06:00:00,1.1236398623341812
2018-01-23 06:00:00,1.374792601556138
2018-01-24 06:00:00,1.2468327124569782
2018-01-25 06:00:00,0.888292348964858
2018-01-26 06:00:00,0.9522744592827185
2018-01-27 06:00:00,1.3800662251515903
2018-01-28 06:00:00,1.2033393757718098
2018-01-29 06:00:00,0.8780668911534671
2018-01-30 06:00:00,1.052451343393655
2018-01-31 06:00:00,0.8022082280977811
2018-02-01 06:00:00,1.0216555815690787
2018-02-02 06:00:00,0.49194249364087556
2018-02-03 06:00:00,0.6734343829419739
2018-02-04 06:00:00,1.3779783537496493
2018-02-05 06:00:00,0.9269903786312501
2018-02-06 06:00:00,0.8047809299928693
2018-02-07 06:00:00,1.0279721282274872
2018-02-08 06:00:00,1.0873951135241458
2018-02-09 06:00:00,0.752790439744918
2018-02-10 06:00:00,0.7066167109888067
2018-02-11 06:00:00,0.4210000534656472
2018-02-12 06:00:00,1.424146315718404
2018-02-13 06:00:00,1.2943168038857025
2018-02-14 06:00:00,0.83826000817614
2018-02-15 06:00:00,0.8791394094022156
2018-02-16 06:00:00,0.2441847231596539
2018-02-17 06:00:00,0.24388711271194893
2018-02-18 06:00:00,0.4572457175129681
2018-02-19 06:00:00,0.3177976175703317
2018-02-20 06:00:00,0.32473937346605863
2018-02-21 06:00:00,0.5481039979673886
2018-02-22 06:00:00,0.6932708574751012
2018-02-23 06:00:00,1.2963736964099042
2018-02-24 06:00:00,1.3999821206653928
2018-02-25 06:00:00,1.3829164974300117
2018-02-26 06:00:00,1.4434335755511467
2018-02-27 06:00:00,1.5145040552042401
2018-02-28 06:00:00,0.5683662789533535
2018-03-01 06:00:00,0.8026942096023969
2018-03-02 06:00:00,1.1399943391827452
2018-03-03 06:00:00,1.0520364736557586
2018-03-04 06:00:00,1.0614411541155222
2018-03-05 06:00:00,0.7298697473044296
2018-03-06 06:00:00,0.9003747126763649
2018-03-07 06:00:00,0.5921918366371542
2018-03-08 06:00:00,0.36616785033687993
2018-03-09 06:00:00,0.7845583500676369
2018-03-10 06:00:00,0.9118816872451636
2018-03-11 06:00:00,0.7766279835837608
2018-03-12 06:00:00,1.7089077089411417
2018-03-13 06:00:00,1.63493323614873
2018-03-14 06:00:00,1.8829674091206625
2018-03-15 06:00:00,1.5817302231753207
2018-03-16 06:00:00,1.5762147530780821
2018-03-17 06:00:00,1.6279682402128222
2018-03-18 06:00:00,0.9814164944253317
2018-03-19 06:00:00,0.5817203171904881
2018-03-20 06:00:00,0.6220096188830737
2018-03-21 06:00:00,0.5026563740726959
2018-03-22 06:00:00,0.4568118197021539
2018-03-23 06:00:00,0.6183863089504157
2018-03-24 06:00:00,0.6234038829665555
2018-03-25 06:00:00,0.6260698796918308
2018-03-26 06:00:00,1.033079223084531
2018-03-27 06:00:00,1.0081639187555052
2018-03-28 06:00:00,0.5831256001215985
2018-03-29 06:00:00,0.5193056782457591
2018-03-30 06:00:00,0.9169945883405055
2018-03-31 06:00:00,1.2929717137484824
2018-04-01 06:00:00,0.9567029450700684
2018-04-02 06:00:00,0.987478432223534
2018-04-03 06:00:00,0.7702282761242522
2018-04-04 06:00:00,0.7407327469923385
2018-04-05 06:00:00,1.2835532657520288
2018-04-06 06:00:00,1.8378433560351122
2018-04-07 06:00:00,2.0262306305303905
2018-04-08 06:00:00,2.9035914022774607
2018-04-09 06:00:00,2.4083413989343345
2018-04-10 06:00:00,1.833252638465734
2018-04-11 06:00:00,2.383231460402028
2018-04-12 06:00:00,2.2806183247709777
2018-04-13 06:00:00,2.3438769800499224
2018-04-14 06:00:00,1.9522628235364008
2018-04-15 06:00:00,1.6262984866177883
2018-04-16 06:00:00,1.692475922124361
2018-04-17 06:00:00,1.6272612032428078
2018-04-18 06:00:00,1.6574480289284854
2018-04-19 06:00:00,1.5604268864957198
2018-04-20 06:00:00,1.7967445800852382
2018-04-21 06:00:00,1.5649596345307362
2018-04-22 06:00:00,1.1898494748440738
2018-04-23 06:00:00,0.8179478763742628
2018-04-24 06:00:00,0.8485876936300665
2018-04-25 06:00:00,1.0546802963708704
2018-04-26 06:00:00,1.4143457116759732
2018-04-27 06:00:00,1.460172797276511
2018-04-28 06:00:00,1.7846523396314697
2018-04-29 06:00:00,2.6517316593536298
2018-04-30 06:00:00,3.0574379978904007
2018-05-01 06:00:00,2.780157618743257
2018-05-02 06:00:00,3.018749114905119
2018-05-03 06:00:00,3.095832013624294
2018-05-04 06:00:00,2.5454901594335726
2018-05-05 06:00:00,3.2927624329825713
2018-05-06 06:00:00,3.258627586519434
2018-05-07 06:00:00,2.9901475693969597
2018-05-08 06:00:00,3.2751374998570406
2018-05-09 06:00:00,3.3141771773239075
2018-05-10 06:00:00,2.9422018414452205
2018-05-11 06:00:00,2.8956833384897647
2018-05-12 06:00:00,3.5557460145630833
2018-05-13 06:00:00,3.4440703260674614
2018-05-14 06:00:00,3.236961493507381
2018-05-15 06:00:00,2.5796110150806015
2018-05-16 06:00:00,2.8195374952205006
2018-05-17 06:00:00,3.6000737048284996
2018-05-18 06:00:00,4.719321161837081
2018-05-19 06:00:00,3.7668275215105975
2018-05-20 06:00:00,2.832062722294629
2018-05-21 06:00:00,3.6411583818569944
2018-05-22 06:00:00,3.0412558544438095
2018-05-23 06:00:00,3.494695739007589
2018-05-24 06:00:00,5.698905861579682
2018-05-25 06:00:00,6.425010182925755
2018-05-26 06:00:00,5.9417310945678725
2018-05-27 06:00:00,7.161652864636169
2018-05-28 06:00:00,9.764457888502497
2018-05-29 06:00:00,9.475098669721381
2018-05-30 06:00:00,6.263134336196132
2018-05-31 06:00:00,3.982436808833632
2019-01-01 06:00:00,0.6168951956843818
2019-01-02 06:00:00,0.5303888108455368
2019-01-03 06:00:00,0.4152526714038039
2019-01-04 06:00:00,0.6516650814291624
2019-01-05 06:00:00,1.3822953202611958
2019-01-06 06:00:00,1.5835157682828844
2019-01-07 06:00:00,1.6937486423924497
2019-01-08 06:00:00,3.5614597034810727
2019-01-09 06:00:00,1.5360586163156211
2019-01-10 06:00:00,0.5969240703869051
2019-01-11 06:00:00,0.7701357256724104
2019-01-12 06:00:00,1.047161011199476
2019-01-13 06:00:00,0.9206950882233752
2019-01-14 06:00:00,0.6418323402123648
2019-01-15 06:00:00,0.7504838729235291
2019-01-16 06:00:00,0.7502701783230651
2019-01-17 06:00:00,0.6065906745072507
2019-01-18 06:00:00,0.523105179129427
2019-01-19 06:00:00,0.8207220950616457
2019-01-20 06:00:00,1.027379000439123
2019-01-21 06:00:00,1.4018997462595904
2019-01-22 06:00:00,2.3129436182289926
2019-01-23 06:00:00,1.6165781935867443
2019-01-24 06:00:00,0.8216838945406373
2019-01-25 06:00:00,0.6791048167705822
2019-01-26 06:00:00,0.9761024873655111
2019-01-27 06:00:00,0.7946927208276411
2019-01-28 06:00:00,0.8046602094709595
2019-01-29 06:00:00,0.8503400758341904
2019-01-30 06:00:00,1.1242144270347896
2019-01-31 06:00:00,1.2454491720087177
2019-02-01 06:00:00,0.8718789183343442
2019-02-02 06:00:00,0.9096687036091125
2019-02-03 06:00:00,0.7072206332490232
2019-02-04 06:00:00,0.9313999950010734
2019-02-05 06:00:00,1.3700073366485508
2019-02-06 06:00:00,1.0559193740039114
2019-02-07 06:00:00,1.3874927443434866
2019-02-08 06:00:00,1.934218356416441
2019-02-09 06:00:00,1.5060881681629688
2019-02-10 06:00:00,1.5301832260582127
2019-02-11 06:00:00,0.4405038481599329
2019-02-12 06:00:00,0.5215413695597513
2019-02-13 06:00:00,0.7461740415789454
2019-02-14 06:00:00,0.946035551614814
2019-02-15 06:00:00,1.0345955717791901
2019-02-16 06:00:00,1.2111041700746854
2019-02-17 06:00:00,1.432976151356756
2019-02-18 06:00:00,1.1337202807499498
2019-02-19 06:00:00,1.0433884388378702
2019-02-20 06:00:00,1.1488698113758014
2019-02-21 06:00:00,2.1157932130821897
2019-02-22 06:00:00,0.7294144701867926
2019-02-23 06:00:00,0.3403976666517757
2019-02-24 06:00:00,0.5630452918480792
2019-02-25 06:00:00,0.8796149734841354
2019-02-26 06:00:00,1.2946624557790403
2019-02-27 06:00:00,1.4883281997362485
2019-02-28 06:00:00,1.7804027167588645
2019-03-01 06:00:00,1.5597561397437016
2019-03-02 06:00:00,1.4983514242190419
2019-03-03 06:00:00,1.50158584631585
2019-03-04 06:00:00,0.7509122893707356
2019-03-05 06:00:00,0.9918300584698831
2019-03-06 06:00:00,1.1799605667060475
2019-03-07 06:00:00,0.842600101297526
2019-03-08 06:00:00,0.7042789668903264
2019-03-09 06:00:00,0.4018381573716235
2019-03-10 06:00:00,0.3347571493030348
2019-03-11 06:00:00,0.7232178297642828
2019-03-12 06:00:00,0.6622794333206292
2019-03-13 06:00:00,0.2932785614486295
2019-03-14 06:00:00,0.5144400556075058
2019-03-15 06:00:00,0.5752041429110013
2019-03-16 06:00:00,0.7597034235337708
2019-03-17 06:00:00,0.7220514931275228
2019-03-18 06:00:00,0.7816808794075759
2019-03-19 06:00:00,1.3067672946202304
2019-03-20 06:00:00,0.9489497611239088
2019-03-21 06:00:00,0.7819701231171483
2019-03-22 06:00:00,0.5086536862543879
2019-03-23 06:00:00,0.8805355175100874
2019-03-24 06:00:00,0.4470924874512917
2019-03-25 06:00:00,0.3053478058167031
2019-03-26 06:00:00,0.7260369964666636
2019-03-27 06:00:00,1.0137759195350073
2019-03-28 06:00:00,0.6183833243987329
2019-03-29 06:00:00,0.415805687180316
2019-03-30 06:00:00,0.73179767104177
2019-03-31 06:00:00,0.9669000589420174
2019-04-01 06:00:00,1.5032347724245205
2019-04-02 06:00:00,1.102322621332754
2019-04-03 06:00:00,1.0654457075925412
2019-04-04 06:00:00,0.771462761051027
2019-04-05 06:00:00,0.9722027198796719
2019-04-06 06:00:00,0.6174501951083556
2019-04-07 06:00:00,0.9658350004769524
2019-04-08 06:00:00,1.3368437185261308
2019-04-09 06:00:00,1.3495050092167304
2019-04-10 06:00:00,1.5002646435163607
2019-04-11 06:00:00,0.6506604371514761
2019-04-12 06:00:00,0.6675595657368846
2019-04-13 06:00:00,0.7648626811009556
2019-04-14 06:00:00,0.7709187799693736
2019-04-15 06:00:00,1.338920399719729
2019-04-16 06:00:00,1.9287988767762914
2019-04-17 06:00:00,2.979872299748907
2019-04-18 06:00:00,1.753313529698466
2019-04-19 06:00:00,1.5205597141343823
2019-04-20 06:00:00,1.2698944242060746
2019-04-21 06:00:00,1.4863976384758115
2019-04-22 06:00:00,0.7161211375198311
2019-04-23 06:00:00,0.7458525680470806
2019-04-24 06:00:00,0.9788939442586162
2019-04-25 06:00:00,1.2400673065939452
2019-04-26 06:00:00,1.3566069966586778
2019-04-27 06:00:00,1.7041152751283037
2019-04-28 06:00:00,2.651383418508005
2019-04-29 06:00:00,3.372047164663054
2019-04-30 06:00:00,5.21112357397392
2019-05-01 06:00:00,4.912629589379397
2019-05-02 06:00:00,3.770157636692289
2019-05-03 06:00:00,3.7697652295516546
2019-05-04 06:00:00,4.134740205064189
2019-05-05 06:00:00,2.7324880096979234
2019-05-06 06:00:00,2.141037359909854
2019-05-07 06:00:00,1.1362670338461502
2019-05-08 06:00:00,1.4224331787497495
2019-05-09 06:00:00,1.3027615208529384
2019-05-10 06:00:00,1.195947972754543
2019-05-11 06:00:00,1.08634005066736
2019-05-12 06:00:00,1.5491441278328133
2019-05-13 06:00:00,1.8815313932135784
2019-05-14 06:00:00,1.9071753912222476
2019-05-15 06:00:00,1.882868031272965
2019-05-16 06:00:00,2.0676972933333455
2019-05-17 06:00:00,1.9582377814240663
2019-05-18 06:00:00,1.7995474728795613
2019-05-19 06:00:00,1.3681047070573764
2019-05-20 06:00:00,1.2864842662149958
2019-05-21 06:00:00,1.4737262527779211
2019-05-22 06:00:00,2.0720839507428486
2019-05-23 06:00:00,2.7400145591795337
2019-05-24 06:00:00,3.3940154495149075
2019-05-25 06:00:00,3.0524885053680584
2019-05-26 06:00:00,2.7594829526472955
2019-05-27 06:00:00,2.6910354704461055
2019-05-28 06:00:00,2.2335935427725424
2019-05-29 06:00:00,3.0793509245787547
2019-05-30 06:00:00,3.2423714626122946
2019-05-31 06:00:00,3.9610786025950024
2020-01-01 06:00:00,1.1453866440661387
2020-01-02 06:00:00,1.7752601540975432
2020-01-03 06:00:00,2.6353760196513076
2020-01-04 06:00:00,2.7081670043278274
2020-01-05 06:00:00,1.51090462271784
2020-01-06 06:00:00,1.9687932034606201
2020-01-07 06:00:00,1.1450533533391487
2020-01-08 06:00:00,1.0923960464853326
2020-01-09 06:00:00,1.4509011964200018
2020-01-10 06:00:00,0.6843119877029842
2020-01-11 06:00:00,0.3566397103003914
2020-01-12 06:00:00,0.8612512636579238
2020-01-13 06:00:00,1.5892388637546093
2020-01-14 06:00:00,1.3342856037707536
2020-01-15 06:00:00,0.3528777865209977
2020-01-16 06:00:00,0.7563366187882332
2020-01-17 06:00:00,1.3121002653018417
2020-01-18 06:00:00,0.9483414058234587
2020-01-19 06:00:00,0.718952954968919
2020-01-20 06:00:00,0.8618192235261836
2020-01-21 06:00:00,1.0856579331790792
2020-01-22 06:00:00,0.922643084756869
2020-01-23 06:00:00,0.4971163077964663
2020-01-24 06:00:00,0.6009890630921938
2020-01-25 06:00:00,0.38093415337473313
2020-01-26 06:00:00,0.2233339564829654
2020-01-27 06:00:00,0.24682556710522854
2020-01-28 06:00:00,0.5378935900388143
2020-01-29 06:00:00,0.9313743390458258
2020-01-30 06:00:00,0.5217698644478656
2020-01-31 06:00:00,0.5545418222821861
2020-02-01 06:00:00,0.368237676508961
2020-02-02 06:00:00,0.6085692724138643
2020-02-03 06:00:00,0.43503819268863936
2020-02-04 06:00:00,0.5004254771345182
2020-02-05 06:00:00,0.5642890332040338
2020-02-06 06:00:00,0.4174910470111404
2020-02-07 06:00:00,0.5234510885513785
2020-02-08 06:00:00,0.7050910043552379
2020-02-09 06:00:00,0.8138270779078469
2020-02-10 06:00:00,0.7138183041410162
2020-02-11 06:00:00,0.8506201961592428
2020-02-12 06:00:00,0.988894726133793
2020-02-13 06:00:00,1.1422929986291392
2020-02-14 06:00:00,0.9116198380735149
2020-02-15 06:00:00,0.3757823593974745
2020-02-16 06:00:00,0.20749539967637273
2020-02-17 06:00:00,0.17160838372081283
2020-02-18 06:00:00,0.5137313332955805
2020-02-19 06:00:00,0.724128304398194
2020-02-20 06:00:00,0.7608090005974145
2020-02-21 06:00:00,0.8086180059065651
2020-02-22 06:00:00,0.744417349117837
2020-02-23 06:00:00,0.5230673706976016
2020-02-24 06:00:00,0.7189331020897618
2020-02-25 06:00:00,0.7803682669574004
2020-02-26 06:00:00,1.2394706093232384
2020-02-27 06:00:00,0.878413290817453
2020-02-28 06:00:00,0.7282107481817579
2020-02-29 06:00:00,0.6391252033539784
2020-03-01 06:00:00,0.5393686875252142
2020-03-02 06:00:00,0.54061367281314
2020-03-03 06:00:00,0.5790611870360128
2020-03-04 06:00:00,0.6721152995316736
2020-03-05 06:00:00,1.1564231953848365
2020-03-06 06:00:00,1.7138550863091575
2020-03-07 06:00:00,2.2186615887077004
2020-03-08 06:00:00,1.4114581517472418
2020-03-09 06:00:00,0.49245786572823635
2020-03-10 06:00:00,0.3486799909612347
2020-03-11 06:00:00,1.0749224023761377
2020-03-12 06:00:00,1.5786429246609253
2020-03-13 06:00:00,1.0243001887843315
2020-03-14 06:00:00,1.246299580205187
2020-03-15 06:00:00,1.0399296821587525
2020-03-16 06:00:00,0.749230938678107
2020-03-17 06:00:00,0.7224176652385423
2020-03-18 06:00:00,0.6065516909716547
2020-03-19 06:00:00,0.6656016565142437
2020-03-20 06:00:00,0.8226964650210971
2020-03-21 06:00:00,0.8920342612901097
2020-03-22 06:00:00,0.6509685580702044
2020-03-23 06:00:00,0.7713699165657535
2020-03-24 06:00:00,1.0926633150695069
2020-03-25 06:00:00,0.8008189042865991
2020-03-26 06:00:00,0.8843354686411407
2020-03-27 06:00:00,1.1354089285695577
2020-03-28 06:00:00,1.6052390449661695
2020-03-29 06:00:00,0.8832048868429976
2020-03-30 06:00:00,0.7204366400321822
2020-03-31 06:00:00,0.9583094647652762
2020-04-01 06:00:00,0.8799108180184595
2020-04-02 06:00:00,0.7120641860657092
2020-04-03 06:00:00,0.6606191029078561
2020-04-04 06:00:00,0.7243081837739528
2020-04-05 06:00:00,0.5594481193207423
2020-04-06 06:00:00,0.6890426796466684
2020-04-07 06:00:00,0.8211609009935666
2020-04-08 06:00:00,0.7538243025453051
2020-04-09 06:00:00,1.0102888683621118
2020-04-10 06:00:00,0.8045683056666134
2020-04-11 06:00:00,0.42947449648195235
2020-04-12 06:00:00,0.6028275014771808
2020-04-13 06:00:00,0.7038829724696545
2020-04-14 06:00:00,1.1579317428309481
2020-04-15 06:00:00,1.8052184528383906
2020-04-16 06:00:00,1.3568994222369437
2020-04-17 06:00:00,1.7707397118542687
2020-04-18 06:00:00,1.8411419379790142
2020-04-19 06:00:00,1.8001621324193013
2020-04-20 06:00:00,1.4559897678091382
2020-04-21 06:00:00,1.5812195849337976
2020-04-22 06:00:00,2.700865638128959
2020-04-23 06:00:00,2.0499982519376996
2020-04-24 06:00:00,2.5318939802472027
2020-04-25 06:00:00,3.150023781073203
2020-04-26 06:00:00,2.6868281720339833
2020-04-27 06:00:00,3.453434213983033
2020-04-28 06:00:00,3.4524029684187987
2020-04-29 06:00:00,3.4535749146600967
2020-04-30 06:00:00,2.894827759226773
2020-05-01 06:00:00,2.5008766632597714
2020-05-02 06:00:00,2.674245571628414
2020-05-03 06:00:00,2.3360581168059382
2020-05-04 06:00:00,1.9938165839193989
2020-05-05 06:00:00,2.1046742715990803
2020-05-06 06:00:00,2.3535229998691056
2020-05-07 06:00:00,2.8612690077292817
2020-05-08 06:00:00,3.337669699580378
2020-05-09 06:00:00,1.9591614944671618
2020-05-10 06:00:00,1.816288075807799
2020-05-11 06:00:00,3.0085955757423735
2020-05-12 06:00:00,2.436480578713619
2020-05-13 06:00:00,3.08862817348276
2020-05-14 06:00:00,4.587884750627598
2020-05-15 06:00:00,4.667359224144866
2020-05-16 06:00:00,6.821333558666316
2020-05-17 06:00:00,6.216123235490064
2020-05-18 06:00:00,5.937775393503022
2020-05-19 06:00:00,6.465316405142964
2020-05-20 06:00:00,5.785592384522407
2020-05-21 06:00:00,5.33589622200455
2020-05-22 06:00:00,3.3160258269547276
2020-05-23 06:00:00,1.8761217798447454
2020-05-24 06:00:00,2.6029142148263826
2020-05-25 06:00:00,2.969347502268278
2020-05-26 06:00:00,3.7371527162749363
2020-05-27 06:00:00,3.6093749443752583
2020-05-28 06:00:00,4.038987937260106
2020-05-29 06:00:00,4.610331538300306
2020-05-30 06:00:00,5.781707777230842
2020-05-31 06:00:00,5.809751651929319
