season,variable,model,region,init_date,scale,lead,week,crps,crps_clim,crps_pers,crpss_clim,crpss_pers,spread,rmse,ssr
JFM2026,TP,ECMWF,All India,2026-01-01,daily,1,Week 1,0.32659636388397306,0.7399165448629124,0.5265705450260332,0.5586037828840777,0.37976712338168017,0.33712542562932696,0.9191857674340699,0.3667652802875974
JFM2026,TP,ECMWF,All India,2026-01-01,daily,2,Week 1,0.13024551050937905,0.6461170872147187,0.21448231975235885,0.798418099309459,0.3927447695466907,0.1568221699687115,0.3963516104308289,0.39566426839605345
JFM2026,TP,ECMWF,All India,2026-01-01,daily,3,Week 1,0.13081472239712746,0.6405388137244508,0.18217032628107804,0.7957739334537786,0.28190981995998576,0.1278530499597554,0.4526407907604713,0.2824602920672537
JFM2026,TP,ECMWF,All India,2026-01-01,daily,4,Week 1,0.10263980319241627,0.639400175360672,0.17628362485071236,0.8394748591763845,0.41775758650675665,0.1239051134679923,0.33442034936828957,0.370507098931167
JFM2026,TP,ECMWF,All India,2026-01-01,daily,5,Week 1,0.09684402357886304,0.6534627269350269,0.16080023773006033,0.8517987031439482,0.397737062171278,0.20193493453081002,0.4450149592303514,0.4537711156498072
JFM2026,TP,ECMWF,All India,2026-01-01,daily,6,Week 1,0.1414919778308254,0.6498005506613618,0.17659442678451825,0.7822532195658868,0.1987743871244878,0.37480799431658474,0.683070286613026,0.5487107281083089
JFM2026,TP,ECMWF,All India,2026-01-01,daily,7,Week 1,0.088189733219756,0.6620396077332432,0.17194618090839767,0.8667908502911046,0.48710850829110275,0.2610484863555644,0.361162145642522,0.7228013497681176
JFM2026,TP,ECMWF,All India,2026-01-01,daily,8,Week 2,0.1670028781461049,0.6679505487673688,0.1944329069810791,0.7499771825110544,0.14107709060608498,0.5604226629404997,0.7709674537387596,0.7269083282605047
JFM2026,TP,ECMWF,All India,2026-01-01,daily,9,Week 2,0.3003263086965611,0.7661982502423962,0.3611765030169616,0.6080305474444125,0.16847772159071728,0.7994783467598527,1.4021232403384019,0.5701912098446489
JFM2026,TP,ECMWF,All India,2026-01-01,daily,10,Week 2,0.4727587144427395,1.1395987416647968,0.8004797096156212,0.5851533551606909,0.40940574912292105,1.1356425795179925,1.9171249012610616,0.5923675493291963
JFM2026,TP,ECMWF,All India,2026-01-01,daily,11,Week 2,0.4519287579994041,0.8350471472173928,0.42857442737474605,0.45879851274822603,-0.05449305682496308,1.5389078394653644,1.133864233660829,1.357224078315619
JFM2026,TP,ECMWF,All India,2026-01-01,daily,12,Week 2,0.29779161277075794,0.7347366644960523,0.30047252293417254,0.594696131062127,0.008922313884926925,1.0086208271949508,0.7812525842630977,1.2910303882659333
JFM2026,TP,ECMWF,All India,2026-01-01,daily,13,Week 2,0.5902035465762315,1.0526361945975742,0.6874027876286513,0.43930908930804147,0.14140070829175733,0.8115606400115096,3.2721169708221614,0.24802311385818052
JFM2026,TP,ECMWF,All India,2026-01-01,daily,14,Week 2,0.27872812285358317,0.6774187435310942,0.19537018676811602,0.588543828296376,-0.4266666141052744,1.047642931887993,0.3789382097363904,2.76468011134794
JFM2026,TP,ECMWF,All India,2026-01-01,daily,15,Week 3,0.25448810092839086,0.6738579066677948,0.1663324173462853,0.6223415969297946,-0.5299970083316676,0.9787721407758694,0.3550047011386551,2.7570681110321065
JFM2026,TP,ECMWF,All India,2026-01-01,daily,16,Week 3,0.4772106494331258,0.7902721356405131,0.3572914415811891,0.39614390042191217,-0.33563414595445007,1.200570446554425,1.3444687253092698,0.8929701553885206
JFM2026,TP,ECMWF,All India,2026-01-01,daily,17,Week 3,0.334264093039782,0.6831997011148053,0.19289569637830495,0.5107373546938774,-0.7328748091104473,1.144004774238145,0.6157864735841103,1.857794581910194
JFM2026,TP,ECMWF,All India,2026-01-01,daily,18,Week 3,0.4032319177811541,0.6790749715395398,0.1991505715296234,0.40620412372586534,-1.0247590287290431,1.539117082337612,0.5623943601322398,2.73672211431087
JFM2026,TP,ECMWF,All India,2026-01-01,daily,19,Week 3,0.4999196860796058,0.692484941642236,0.19000222226761154,0.2780786180071432,-1.631125468498396,1.6967329359353482,0.8790009239379579,1.9302971017754105
JFM2026,TP,ECMWF,All India,2026-01-01,daily,20,Week 3,0.5102135549375992,0.6703469109052949,0.12265214035517427,0.23888132154057007,-3.1598422453952315,1.8827527040582928,0.6800648718959359,2.7684898630470554
JFM2026,TP,ECMWF,All India,2026-01-01,daily,21,Week 3,0.5978589450829215,0.6890734243998795,0.155150265393883,0.1323726559276286,-2.8534187715704213,2.042570006236311,1.1191625232488223,1.8250879240549662
JFM2026,TP,ECMWF,All India,2026-01-01,daily,22,Week 4,1.1932672114128342,1.322647322075364,1.113756702488715,0.09781905463621221,-0.07138947738446944,2.2803879075781994,3.630314334184212,0.6281516413345617
JFM2026,TP,ECMWF,All India,2026-01-01,daily,23,Week 4,3.5818908181654323,3.835489814203787,4.1042082837538505,0.06611906388050193,0.12726387879873602,2.3007699420726406,11.007352730985279,0.20902118777351986
JFM2026,TP,ECMWF,All India,2026-01-01,daily,24,Week 4,0.9143872330080312,0.8657646172521631,0.4380500205922183,-0.0561614725145394,-1.0874036982622042,2.518868540984802,2.5666692497308956,0.9813763659843959
JFM2026,TP,ECMWF,All India,2026-01-01,daily,25,Week 4,0.9605868722547176,0.8033214971025371,0.2952987608426736,-0.19576891159942034,-2.2529322829312166,2.912285885561185,2.1281706518480195,1.3684456568519403
JFM2026,TP,ECMWF,All India,2026-01-01,daily,26,Week 4,0.8314218233748149,0.7253335361154452,0.44950008206608005,-0.1462613845590679,-0.8496588911692107,2.8157712867895035,1.4369878039583166,1.9594956053441785
JFM2026,TP,ECMWF,All India,2026-01-01,daily,27,Week 4,3.108580078815739,3.1818748782706168,3.5333862348030642,0.023035097940342086,0.1202263573121668,2.5416049402057244,8.107087128645155,0.31350408597748397
JFM2026,TP,ECMWF,All India,2026-01-01,daily,28,Week 4,0.7474647084301111,0.84965676922712,0.5090079503780803,0.12027452083971102,-0.46847354324212453,2.3392930882260186,1.6703369619921513,1.400491722003222
JFM2026,TP,ECMWF,All India,2026-01-01,daily,29,Week 5,0.6496669981032563,0.6936027394628776,0.27413282906042485,0.06334424427683905,-1.36989856461174,1.9729667513792224,1.4251131204791023,1.3844281713692592
JFM2026,TP,ECMWF,All India,2026-01-01,daily,30,Week 5,0.5677474436153798,0.6871670007801797,0.15588105078112244,0.17378534916434596,-2.642183836780598,2.030779642462489,0.9606915741112919,2.113872648816666
JFM2026,TP,ECMWF,All India,2026-01-01,daily,31,Week 5,0.6349765145607429,0.7256107114371437,0.2674678541332314,0.1249074682165191,-1.3740292702406314,2.190498352785996,1.098926769741828,1.9933069364582063
JFM2026,TP,ECMWF,All India,2026-01-01,daily,32,Week 5,0.6957851160059885,0.8054720340054294,0.6857333113994102,0.13617718973307225,-0.014658475006945615,2.1764574247220687,1.4652689340556357,1.4853637950938974
JFM2026,TP,ECMWF,All India,2026-01-01,daily,33,Week 5,0.6340694879669072,0.7650617244609731,0.26607941789518713,0.17121786688042318,-1.383008400208832,2.0378538133564907,1.055054266804641,1.9315156361846455
JFM2026,TP,ECMWF,All India,2026-01-01,daily,34,Week 5,0.5738352430414739,0.7070152784750323,0.3915457381459124,0.1883693881705295,-0.4655637570179092,1.893009700468585,0.9131584848201556,2.0730352199940505
JFM2026,TP,ECMWF,All India,2026-01-01,daily,35,Week 5,0.5356684823617622,0.7370758574489469,0.19191018488514394,0.2732518953805715,-1.79124572092072,1.8749557361703477,0.9970000343067968,1.8805974640452081
JFM2026,TP,ECMWF,All India,2026-01-01,daily,36,Week 6,0.5093217763934836,0.7358685481906391,0.17324308111329337,0.30786309912849363,-1.9399256415926334,1.7147277798898504,1.0760284276485461,1.5935710765904756
JFM2026,TP,ECMWF,All India,2026-01-01,daily,37,Week 6,0.7424077525037442,0.740261682117453,0.15159550706939964,-0.0028990699345028403,-3.897293903069791,2.598847613505868,1.3123943403348717,1.980233786167307
JFM2026,TP,ECMWF,All India,2026-01-01,daily,38,Week 6,0.5931021401351201,0.7551266442825602,0.24519638644578162,0.21456600078173416,-1.4188861374850164,1.922222841858438,1.2323769698523734,1.5597685520597657
JFM2026,TP,ECMWF,All India,2026-01-01,daily,39,Week 6,0.44622769966555986,0.7479826082367422,0.18749862914129892,0.40342503321370626,-1.3798984649070838,1.5383691330194076,0.8768160081296091,1.7544948070701842
JFM2026,TP,ECMWF,All India,2026-01-01,daily,40,Week 6,0.4836486361020149,0.7469520588136044,0.13937202745098207,0.3525037779931933,-2.4701987547115,1.7612949016985244,0.8020560440223401,2.195974850916361
JFM2026,TP,ECMWF,All India,2026-01-01,daily,41,Week 6,0.6088136288262566,0.7513275445108066,0.3043801385388198,0.18968280442498842,-1.0001752799932122,2.0669111403147986,1.2076906043018034,1.7114574982635824
JFM2026,TP,ECMWF,All India,2026-01-01,daily,42,Week 6,0.6978179337108404,0.7778483490005672,0.17149321386260127,0.10288691284432927,-3.0690702447848786,2.5850272910625276,1.088085097005942,2.375758383398216
JFM2026,TP,ECMWF,All India,2026-01-01,weekly,1,Week 1,0.10556155832407503,0.629433854589781,0.1527309237449888,0.8322912605441721,0.3088396525360597,0.1440383378353037,0.33686107629112894,0.42758973349245005
JFM2026,TP,ECMWF,All India,2026-01-01,weekly,2,Week 2,0.19626995153822116,0.7474424403503503,0.402586211302888,0.7374112828725339,0.5124772135065592,0.6099915281363544,0.621866080583821,0.9809049684196981
JFM2026,TP,ECMWF,All India,2026-01-01,weekly,3,Week 3,0.2899852653415718,0.6668779614857834,0.11606954992131373,0.5651599211713434,-1.4983750306446404,0.8668323426295615,0.5542196608314456,1.5640591698409463
JFM2026,TP,ECMWF,All India,2026-01-01,weekly,4,Week 4,0.9809786932369323,1.132603808155969,1.3968528383580365,0.13387304000496236,0.2977222322216514,1.4085006994966964,2.5359024269862087,0.5554238540520773
JFM2026,TP,ECMWF,All India,2026-01-01,weekly,5,Week 5,0.3627887284484394,0.6687353986775894,0.2329261168348626,0.45750033695562287,-0.5575270535491104,1.0842699388582404,0.6985892076913179,1.5520851552252168
JFM2026,TP,ECMWF,All India,2026-01-01,weekly,6,Week 6,0.39291538273870846,0.7261129896324379,0.11257618032518288,0.4588784550767998,-2.4902177494719524,1.116002357715918,0.8537164205222907,1.3072284085073176
JFM2026,TP,ECMWF,central_india,2026-01-01,daily,1,Week 1,0.05320671627208108,0.24408062695416174,0.030258357193338883,0.7820117190944724,-0.7584139129600229,0.09774727823058368,0.15239034727499493,0.6414269668550234
JFM2026,TP,ECMWF,central_india,2026-01-01,daily,2,Week 1,0.03806153557312093,0.24648676387628826,0.039563901555303545,0.8455838562097232,0.03797315034975912,0.0770429842519652,0.12564083952679692,0.6132001707576407
JFM2026,TP,ECMWF,central_india,2026-01-01,daily,3,Week 1,0.04977257020792488,0.24187441587427766,0.05481952516691893,0.7942214350037093,0.09206491562315933,0.05780546998544377,0.14588196193072406,0.3962482353568445
JFM2026,TP,ECMWF,central_india,2026-01-01,daily,4,Week 1,0.029434919399275644,0.24065926380230185,0.038021980400316416,0.8776904785038484,0.2258446538194867,0.06300667082265207,0.06197212714589963,1.0166936931875332
JFM2026,TP,ECMWF,central_india,2026-01-01,daily,5,Week 1,0.0183402009517214,0.24352023528356476,0.024490256913470315,0.924687158213504,0.25112255798207717,0.0509787349068607,0.042595033717028295,1.196823442975251
JFM2026,TP,ECMWF,central_india,2026-01-01,daily,6,Week 1,0.017149533309934514,0.2462018017905617,0.017483260560461688,0.9303435913741881,0.01908838739622154,0.07198202732559857,0.015788322900690686,4.559194018159433
JFM2026,TP,ECMWF,central_india,2026-01-01,daily,7,Week 1,0.014132454101023116,0.2470902702428405,0.01749350529550344,0.9428044896825207,0.19213137319850093,0.05903413582209253,0.013134397849440966,4.494620651726731
JFM2026,TP,ECMWF,central_india,2026-01-01,daily,8,Week 2,0.021856586478619322,0.2479569608378177,0.01748827237705487,0.9118533054899186,-0.2497853422786238,0.09059632096401067,0.025553966438437818,3.545293885482189
JFM2026,TP,ECMWF,central_india,2026-01-01,daily,9,Week 2,0.03591375413217417,0.248584505557149,0.01749382859185829,0.855526980446021,-1.052938494486484,0.14859838630685515,0.035779680131633386,4.153150217110995
JFM2026,TP,ECMWF,central_india,2026-01-01,daily,10,Week 2,0.09360907506283232,0.24747215188264762,0.021843944365859583,0.6217389538552114,-3.285355863162523,0.385077900940425,0.08405428646269754,4.581299980594312
JFM2026,TP,ECMWF,central_india,2026-01-01,daily,11,Week 2,0.17455692497114209,0.24807013217825846,0.02335138162116892,0.2963404201933153,-6.4752289951400375,0.7174942612775133,0.1452494334617081,4.939738794001322
JFM2026,TP,ECMWF,central_india,2026-01-01,daily,12,Week 2,0.06745891463117361,0.2505989880750598,0.01750243172444462,0.7308093095293418,-2.8542595505147834,0.28212034355737914,0.05152475570648268,5.4754329193623645
JFM2026,TP,ECMWF,central_india,2026-01-01,daily,13,Week 2,0.025057892466507425,0.2504506350398102,0.024285544716028812,0.8999487764823421,-0.0318027764873996,0.08623284448183245,0.03785878665496601,2.277749819816825
JFM2026,TP,ECMWF,central_india,2026-01-01,daily,14,Week 2,0.08967882876153625,0.2488375085399051,0.03455876388573232,0.6396088785499361,-1.5949663320730174,0.30533693528770267,0.10033787385288542,3.0430875557058865
JFM2026,TP,ECMWF,central_india,2026-01-01,daily,15,Week 3,0.08317229546729688,0.2530897361296509,0.017443549139247946,0.671372309524674,-3.7680833070925575,0.3404809992933818,0.08739696668300004,3.895798815631095
JFM2026,TP,ECMWF,central_india,2026-01-01,daily,16,Week 3,0.127237636728186,0.2541740359233424,0.017146022758363178,0.49940741875554817,-6.42082513952831,0.517815538012808,0.1277746348916334,4.052569106943418
JFM2026,TP,ECMWF,central_india,2026-01-01,daily,17,Week 3,0.16600261649008252,0.25534880455597553,0.01745803315765247,0.34989859545752156,-8.508666582943093,0.6734240447829974,0.14984364060613198,4.494178345233286
JFM2026,TP,ECMWF,central_india,2026-01-01,daily,18,Week 3,0.23333907671325682,0.2555257168518869,0.024103467555093933,0.08682742548175837,-8.68072648385165,0.9359933559378047,0.2540991922255398,3.6835747006508077
JFM2026,TP,ECMWF,central_india,2026-01-01,daily,19,Week 3,0.26741330332050445,0.2564788617017968,0.019097392972171303,-0.04263291542295189,-13.00260777532194,1.0603906970004895,0.27329977619412915,3.879954501855418
JFM2026,TP,ECMWF,central_india,2026-01-01,daily,20,Week 3,0.31784038221218297,0.25863562879788315,0.01752793732369344,-0.22891182351588046,-17.13335912506609,1.2413949318561857,0.36821303231322505,3.371404113693014
JFM2026,TP,ECMWF,central_india,2026-01-01,daily,21,Week 3,0.29610063873284154,0.2602078276556541,0.01748544444532378,-0.13793901359757021,-15.934121386432885,1.141620389779619,0.3361115994758397,3.3965515964339126
JFM2026,TP,ECMWF,central_india,2026-01-01,daily,22,Week 4,0.32002449413326306,0.2615483486081679,0.017345906104259866,-0.22357681031547916,-17.449569149614522,1.227019835212371,0.4042025928688685,3.0356555273519508
JFM2026,TP,ECMWF,central_india,2026-01-01,daily,23,Week 4,0.4351260935033634,0.2624562805599883,0.04073685045760181,-0.6578993368913066,-9.681387702179748,1.7161167072050096,0.47299946662493525,3.6281578062873456
JFM2026,TP,ECMWF,central_india,2026-01-01,daily,24,Week 4,0.43351144662879487,0.26178357957121967,0.0200793409523663,-0.6559917445504091,-20.589924074560155,1.6446856435656487,0.5656320648905186,2.9076952062185284
JFM2026,TP,ECMWF,central_india,2026-01-01,daily,25,Week 4,0.5606302570432514,0.2584240625118171,0.03232217303493904,-1.1694197188685367,-16.345067005155606,2.170532242348215,0.6805266399988836,3.189489014495855
JFM2026,TP,ECMWF,central_india,2026-01-01,daily,26,Week 4,0.6054079210095343,0.2656932149184709,0.02870011342594443,-1.278597596838543,-20.094269281258505,2.3445699043602835,0.7129565380585404,3.288517292715776
JFM2026,TP,ECMWF,central_india,2026-01-01,daily,27,Week 4,1.292661780714289,1.2160843873540528,1.1782074521975059,-0.06297046007378881,-0.09714276403812527,1.7383772709515002,4.407885943944697,0.39437891385088675
JFM2026,TP,ECMWF,central_india,2026-01-01,daily,28,Week 4,0.4081578866169471,0.2738103900423614,0.136970355188999,-0.4906588700078207,-1.979899453817938,1.5766900147628333,0.4503050305406888,3.5013821916883208
JFM2026,TP,ECMWF,central_india,2026-01-01,daily,29,Week 5,0.37572471724421813,0.2670741680958785,0.01929137906747986,-0.40681788853999,-18.47630161275459,1.479394300756097,0.40941435019619715,3.6134402715663247
JFM2026,TP,ECMWF,central_india,2026-01-01,daily,30,Week 5,0.37747808518809334,0.26952399917301406,0.020846256791165075,-0.4005360797046533,-17.107715402799492,1.5145290908992424,0.3612625006070692,4.192323001568699
JFM2026,TP,ECMWF,central_india,2026-01-01,daily,31,Week 5,0.3619396676052908,0.27878149972651695,0.07122520433018757,-0.2982915579417986,-4.081623436661577,1.3943253032404912,0.40855827454799254,3.412794184093076
JFM2026,TP,ECMWF,central_india,2026-01-01,daily,32,Week 5,0.44065752591282675,0.37700483286521425,0.16222524232419336,-0.16883787023061703,-1.7163314389274276,1.4462928337343917,0.8389769686090949,1.7238766829703807
JFM2026,TP,ECMWF,central_india,2026-01-01,daily,33,Week 5,0.41030001529147697,0.29414854118922523,0.07782388465583819,-0.3948735344144769,-4.2721605597812715,1.49797313323829,0.4700267643958359,3.186995394110712
JFM2026,TP,ECMWF,central_india,2026-01-01,daily,34,Week 5,0.4128022745907816,0.313752514523078,0.19636207997961042,-0.3156939163284953,-1.102250468286166,1.366049301563449,0.5335501522938335,2.560301586815304
JFM2026,TP,ECMWF,central_india,2026-01-01,daily,35,Week 5,0.32310029992224437,0.26468032506535616,0.04826024198582256,-0.2207189931569824,-5.69495814001848,1.2264138987259667,0.49764599460258296,2.4644303622002894
JFM2026,TP,ECMWF,central_india,2026-01-01,daily,36,Week 6,0.2993104014529993,0.27508416621499016,0.017505404594578684,-0.08806844672795644,-16.098171015464214,1.1773965873505432,0.3696708980193357,3.184985871646729
JFM2026,TP,ECMWF,central_india,2026-01-01,daily,37,Week 6,0.48775244273409296,0.2763127087111372,0.01745803315765247,-0.7652189977407049,-26.938567783066325,1.926871575251222,0.5665381581892217,3.401132911170396
JFM2026,TP,ECMWF,central_india,2026-01-01,daily,38,Week 6,0.26935943337266477,0.27764051554978825,0.017456467160582585,0.029826634490737636,-14.430352023397344,1.0598579984112402,0.3319698762656509,3.19263304952138
JFM2026,TP,ECMWF,central_india,2026-01-01,daily,39,Week 6,0.22839426304080976,0.2792487481261311,0.017469672595261814,0.18211177463310013,-12.073757495761864,0.9091553150023985,0.23721642521578715,3.832598498081965
JFM2026,TP,ECMWF,central_india,2026-01-01,daily,40,Week 6,0.2922750111471975,0.2809621061912227,0.017457305332639624,-0.0402648780980992,-15.742275258297507,1.1576630101460073,0.33790461298312835,3.4260053448983534
JFM2026,TP,ECMWF,central_india,2026-01-01,daily,41,Week 6,0.3573943185318262,0.2826023100575197,0.01745637149312431,-0.2646546252898063,-19.473574286190924,1.4006562466645467,0.44147440192690407,3.1726782811213967
JFM2026,TP,ECMWF,central_india,2026-01-01,daily,42,Week 6,0.3339592424233859,0.2840996079856456,0.01745803315765247,-0.1755005393751179,-18.129259258910267,1.3199746629858309,0.38388465924870124,3.4384668185729192
JFM2026,TP,ECMWF,central_india,2026-01-01,weekly,1,Week 1,0.022756950744963266,0.24203625619441138,0.026280360758239515,0.9059770998660459,0.13407007786875902,0.0535644303297503,0.043605710827460495,1.2283810838835896
JFM2026,TP,ECMWF,central_india,2026-01-01,weekly,2,Week 2,0.05020105780752969,0.24829635429756378,0.019239707547730304,0.7978179826701457,-1.6092422498101784,0.2028234689323737,0.047083988926319556,4.307695111596568
JFM2026,TP,ECMWF,central_india,2026-01-01,weekly,3,Week 3,0.14793969055242395,0.25613442667609543,0.017764116561263216,0.42241387668083086,-7.328007195979797,0.5277927588181227,0.2180754976216153,2.4202295286465447
JFM2026,TP,ECMWF,central_india,2026-01-01,weekly,4,Week 4,0.33532155430167604,0.291564086730483,0.1969541562574873,-0.150078386065571,-0.7025360656176995,1.0325235576402094,0.6699144322251679,1.5412767780067222
JFM2026,TP,ECMWF,central_india,2026-01-01,weekly,5,Week 5,0.24381245855740083,0.2687301960327754,0.07840836723391596,0.092723995454294,-2.1095209243426054,0.8103587718875003,0.38546053731852586,2.1023131901511856
JFM2026,TP,ECMWF,central_india,2026-01-01,weekly,6,Week 6,0.21056365451829603,0.2793788513581091,0.01745963766526999,0.246314982344907,-11.060024300340483,0.7062095892422114,0.36767396902857613,1.9207494920243424
JFM2026,TP,ECMWF,east_northeast_india,2026-01-01,daily,1,Week 1,0.13155226859915647,1.6797510255853314,0.2783933479849364,0.9216834717792088,0.5274590088040658,0.08593180924443486,0.3239843127507117,0.2652344754437376
JFM2026,TP,ECMWF,east_northeast_india,2026-01-01,daily,2,Week 1,0.3580678259252321,1.6337238675682406,0.18629181053495897,0.7808272052374385,-0.9220803367415777,0.2691527887029854,0.7248831518803059,0.3713050689684514
JFM2026,TP,ECMWF,east_northeast_india,2026-01-01,daily,3,Week 1,0.46430659464642426,1.668659505693057,0.33774432727540343,0.7217487491832073,-0.3747280328643965,0.34709476129005257,1.0863243490086043,0.31951300880516614
JFM2026,TP,ECMWF,east_northeast_india,2026-01-01,daily,4,Week 1,0.21962636795133864,1.6685571929306655,0.1463464440757099,0.8683734852590906,-0.5007291044100708,0.24802760311902644,0.4854816209066601,0.5108897895162808
JFM2026,TP,ECMWF,east_northeast_india,2026-01-01,daily,5,Week 1,0.2219883757147577,1.67675764903751,0.12779284781692807,0.8676085504412738,-0.7370954596204877,0.23268456508453628,0.48234956294777404,0.4823982085990404
JFM2026,TP,ECMWF,east_northeast_india,2026-01-01,daily,6,Week 1,0.15639963554547687,1.6891747026087922,0.18701567656258752,0.907410621705422,0.16370842049096646,0.19724996783709992,0.39270727752962203,0.5022824356042683
JFM2026,TP,ECMWF,east_northeast_india,2026-01-01,daily,7,Week 1,0.12950556803593713,1.6906566254271662,0.17100639390450695,0.9233992485001407,0.24268581379328202,0.11773804166861193,0.33299387629049454,0.35357419475756535
JFM2026,TP,ECMWF,east_northeast_india,2026-01-01,daily,8,Week 2,0.022333561402269966,1.7165647556347037,0.29361391925656366,0.9869893860228931,0.9239356177022567,0.07260716356019413,0.046825038783950654,1.550605518880645
JFM2026,TP,ECMWF,east_northeast_india,2026-01-01,daily,9,Week 2,0.09682332070776516,1.7173224431334841,0.2767600091319537,0.943619603240555,0.6501542220227283,0.21754681968132675,0.3525184665921648,0.6171217689228483
JFM2026,TP,ECMWF,east_northeast_india,2026-01-01,daily,10,Week 2,0.1153073784074388,1.7210705012467566,0.27099438560032063,0.9330025246938407,0.5745027036187337,0.2579125621125669,0.3993973750375726,0.6457542743947785
JFM2026,TP,ECMWF,east_northeast_india,2026-01-01,daily,11,Week 2,0.1374238725557495,1.694123800760695,0.17888161195253155,0.918882036546536,0.23176076592927486,0.29659185875834826,0.3298478178662072,0.8991778714105417
JFM2026,TP,ECMWF,east_northeast_india,2026-01-01,daily,12,Week 2,0.1046651923386686,1.7374222622963178,0.2995093763330246,0.9397583451012452,0.6505445217772037,0.32801069144693945,0.23835094105468388,1.3761669662201388
JFM2026,TP,ECMWF,east_northeast_india,2026-01-01,daily,13,Week 2,0.10262576418045667,1.7380632977093642,0.2791487401357602,0.9409539547174665,0.6323617146523892,0.38006541362499374,0.19509085795030345,1.9481456876970107
JFM2026,TP,ECMWF,east_northeast_india,2026-01-01,daily,14,Week 2,0.15807240939403008,1.7316294696835417,0.21800796186164162,0.9087146458515065,0.27492368607000484,0.42802561318074217,0.3710655395875517,1.1535040781650137
JFM2026,TP,ECMWF,east_northeast_india,2026-01-01,daily,15,Week 3,0.1928224067998912,1.7399161449642218,0.2749466637348784,0.889177183993625,0.2986915928326259,0.6806494175731617,0.23419854782999253,2.906292220339697
JFM2026,TP,ECMWF,east_northeast_india,2026-01-01,daily,16,Week 3,0.17894273185865256,1.7584805570827389,0.29441592888046,0.8982401419578316,0.3922111057676242,0.6685314538830985,0.24247394642375594,2.757126956290593
JFM2026,TP,ECMWF,east_northeast_india,2026-01-01,daily,17,Week 3,0.22517907048950098,1.7583095482443465,0.2691554511285266,0.8719343413027929,0.16338655024313864,0.8079900253458744,0.3393968366167829,2.3806645736600833
JFM2026,TP,ECMWF,east_northeast_india,2026-01-01,daily,18,Week 3,0.23396381518858556,1.7546871590552604,0.22426781202713375,0.8666635166381716,-0.04323403824120198,0.7835233934701963,0.3900235803686297,2.008912878369178
JFM2026,TP,ECMWF,east_northeast_india,2026-01-01,daily,19,Week 3,0.46597128172477814,1.7382679680530475,0.3092381961927258,0.7319335739433255,-0.5068361135904826,1.159724859115634,0.9740379238973574,1.1906362479966888
JFM2026,TP,ECMWF,east_northeast_india,2026-01-01,daily,20,Week 3,0.6099445321686054,1.708466932556092,0.16172171109307626,0.642987218221398,-2.7715686288871995,1.9190751187764883,0.8303485304776854,2.3111682002646248
JFM2026,TP,ECMWF,east_northeast_india,2026-01-01,daily,21,Week 3,0.6320296554181525,1.7276883321986685,0.1974516532185932,0.6341761163520581,-2.2009337228412575,2.005071696495398,0.8429465057881922,2.378646429788053
JFM2026,TP,ECMWF,east_northeast_india,2026-01-01,daily,22,Week 4,0.6663317031369966,1.7902281997745824,0.25776312550698954,0.6277951027579064,-1.5850544053824653,2.491876459265253,0.7512959893241743,3.31677061327961
JFM2026,TP,ECMWF,east_northeast_india,2026-01-01,daily,23,Week 4,0.6740170404721744,1.7924638937188804,0.24457138013281904,0.6239717615322391,-1.7559113421453354,2.4462679048161786,0.883173206515713,2.7698620007588013
JFM2026,TP,ECMWF,east_northeast_india,2026-01-01,daily,24,Week 4,0.7484786232470313,1.7838360331221275,0.1950117314714206,0.5804106378897281,-2.8381210073852534,2.673502148861178,0.9551712189992259,2.798976869992295
JFM2026,TP,ECMWF,east_northeast_india,2026-01-01,daily,25,Week 4,1.1161721881088307,1.7487450600153753,0.2447793514258433,0.3617296119200948,-3.5599115350502863,3.804735832168249,1.4645902289191284,2.5978159331133557
JFM2026,TP,ECMWF,east_northeast_india,2026-01-01,daily,26,Week 4,1.2909115336985852,1.7584452159800519,0.13055317585897985,0.26587901518495216,-8.88801325747138,4.766928591329362,1.5493001908373305,3.076826956790757
JFM2026,TP,ECMWF,east_northeast_india,2026-01-01,daily,27,Week 4,1.4428869138061349,1.8372054717419346,0.2959974974849992,0.2146295359995467,-3.8746591645737096,5.119544130079135,1.8194432295096445,2.81379712598062
JFM2026,TP,ECMWF,east_northeast_india,2026-01-01,daily,28,Week 4,1.005727438128115,1.8268767357286544,0.23310471196635188,0.4494825959196541,-3.314487809552684,3.559513430598314,1.392741329168651,2.555760611141656
JFM2026,TP,ECMWF,east_northeast_india,2026-01-01,daily,29,Week 5,1.1939711849802541,1.6284753152371387,0.9049977390040242,0.2668165284369767,-0.31930847285237784,2.2967337045067833,2.366777084727674,0.9704055862831923
JFM2026,TP,ECMWF,east_northeast_india,2026-01-01,daily,30,Week 5,0.8849245095057376,1.7026785054619968,0.4117881373880286,0.4802750450733937,-1.148980092332946,2.9927350140083333,1.2837209121883062,2.3312972357104793
JFM2026,TP,ECMWF,east_northeast_india,2026-01-01,daily,31,Week 5,0.9458485866984582,1.8417997641129353,0.1942090521318198,0.48645417100810273,-3.870260043576452,3.3387334877460293,1.3075146553860328,2.553496034627846
JFM2026,TP,ECMWF,east_northeast_india,2026-01-01,daily,32,Week 5,0.9239755884693162,1.8713947950080154,0.2529100020488365,0.5062636751293526,-2.6533770154764302,3.235784576623533,1.3108695137191062,2.4684261421590272
JFM2026,TP,ECMWF,east_northeast_india,2026-01-01,daily,33,Week 5,0.7615394253060733,1.8449494499235481,0.1813701387522435,0.5872301946605473,-3.1988137107087775,2.675106608936715,1.0877111186425736,2.459390699504071
JFM2026,TP,ECMWF,east_northeast_india,2026-01-01,daily,34,Week 5,1.0193411325662036,1.848707309512942,0.17046303728270268,0.4486195152034327,-4.979836736545341,3.7066668358162453,1.2705089245532228,2.917466193415133
JFM2026,TP,ECMWF,east_northeast_india,2026-01-01,daily,35,Week 5,0.9408556599621185,1.8113412934668172,0.23076731118149246,0.48057516087353835,-3.0770751071505105,3.2520659651021635,1.2916660693299955,2.5177296534459974
JFM2026,TP,ECMWF,east_northeast_india,2026-01-01,daily,36,Week 6,0.5842968115391252,1.7657326156054396,0.24615851771189107,0.669091001448835,-1.3736607490584505,1.9815942687927186,0.8346761448890633,2.3740875798673895
JFM2026,TP,ECMWF,east_northeast_india,2026-01-01,daily,37,Week 6,0.8511628965898773,1.8532055629454225,0.26487001111552283,0.540707780286895,-2.213511763770959,2.7902950196855496,1.25152965181836,2.2295077193189163
JFM2026,TP,ECMWF,east_northeast_india,2026-01-01,daily,38,Week 6,1.2420089069629803,1.8403782011443528,0.65935497655445,0.3251338740098664,-0.8836726059963458,3.3044405184908414,2.183047658514613,1.5136822623191128
JFM2026,TP,ECMWF,east_northeast_india,2026-01-01,daily,39,Week 6,0.5845590996252708,1.7657543314110276,0.25118247811234734,0.6689465294086833,-1.3272288099801801,1.8842720730309204,0.9474427877674277,1.9887977378254733
JFM2026,TP,ECMWF,east_northeast_india,2026-01-01,daily,40,Week 6,0.6905125438279613,1.946616828345161,0.21646113208218684,0.6452755705317861,-2.190007079727296,2.3713244971058756,1.0529459515676007,2.2520856778788163
JFM2026,TP,ECMWF,east_northeast_india,2026-01-01,daily,41,Week 6,0.8937306957900122,1.951890914192087,0.21706622455351945,0.542120571753397,-3.117318102474554,3.1297372009970044,1.2211267360101787,2.5629913003320866
JFM2026,TP,ECMWF,east_northeast_india,2026-01-01,daily,42,Week 6,1.0270378888744536,1.9489165387511869,0.17424047447248256,0.47302110251855534,-4.894370363624391,3.6305550747215922,1.352386779418702,2.684553805148937
JFM2026,TP,ECMWF,east_northeast_india,2026-01-01,weekly,1,Week 1,0.2306946944990375,1.668729884818196,0.15601167707011301,0.8617543218960382,-0.47870145896426264,0.12982902775389343,0.4592539883510856,0.28269548234090264
JFM2026,TP,ECMWF,east_northeast_india,2026-01-01,weekly,2,Week 2,0.08477652660788035,1.721573744842374,0.25831628096161985,0.9507563780745028,0.6718111367495405,0.16267782759789978,0.23451684460961558,0.6936722514269652
JFM2026,TP,ECMWF,east_northeast_india,2026-01-01,weekly,3,Week 3,0.2640509760328757,1.7377801979232832,0.17301317592439705,0.8480527190099029,-0.5261899830580543,0.6293246208390486,0.4759508925268045,1.3222469601810998
JFM2026,TP,ECMWF,east_northeast_india,2026-01-01,weekly,4,Week 4,0.7165695961112314,1.7870413226622912,0.18275121052953566,0.5990190114665601,-2.9210114889795586,2.022080262013924,1.1749686057659203,1.7209653535345328
JFM2026,TP,ECMWF,east_northeast_india,2026-01-01,weekly,5,Week 5,0.5950483769862592,1.7658067025707855,0.15035743220780293,0.6630161296137647,-2.957558786744023,1.5942707876307052,1.0663384114357681,1.4950889610026372
JFM2026,TP,ECMWF,east_northeast_india,2026-01-01,weekly,6,Week 6,0.5751994627503876,1.8453695045127336,0.16101586136378446,0.6883011985709236,-2.57231553387672,1.4140584013786501,1.0206944680741863,1.3853885228227507
JFM2026,TP,ECMWF,northwest_india,2026-01-01,daily,1,Week 1,0.4966116631064506,0.7535351247262547,0.7772484803881318,0.3409575123829027,0.3610644785584406,0.33633277147674,1.0217866308339714,0.3291614524279191
JFM2026,TP,ECMWF,northwest_india,2026-01-01,daily,2,Week 1,0.05411930106009178,0.7333059991931625,0.3856325529959209,0.926198202224395,0.8596609631639053,0.07761969456109809,0.12096710318040216,0.6416595299082373
JFM2026,TP,ECMWF,northwest_india,2026-01-01,daily,3,Week 1,0.09798945585447437,0.7150678355360138,0.3057627935010931,0.8629648111902256,0.6795245924709801,0.07889709988742435,0.23736144085845154,0.3323922352429347
JFM2026,TP,ECMWF,northwest_india,2026-01-01,daily,4,Week 1,0.15637645585753623,0.7083737136637095,0.37843914447983434,0.7792458234386521,0.5867857272733346,0.1298496884603743,0.46978689328994017,0.27640125834722784
JFM2026,TP,ECMWF,northwest_india,2026-01-01,daily,5,Week 1,0.0553835041523624,0.747427670008695,0.34778276289989185,0.9259011856602551,0.8407525902360367,0.13644155863915608,0.15627506565376756,0.8730859146874188
JFM2026,TP,ECMWF,northwest_india,2026-01-01,daily,6,Week 1,0.08795980754963338,0.7460864552149471,0.37023892563052896,0.882105073835857,0.7624242037764264,0.27723001179276474,0.20874382202427053,1.3280872655504572
JFM2026,TP,ECMWF,northwest_india,2026-01-01,daily,7,Week 1,0.04362878762388788,0.7676517100020308,0.3748438947231468,0.943165908372988,0.8836081146363306,0.14413564188089367,0.09415267866919039,1.5308713880283815
JFM2026,TP,ECMWF,northwest_india,2026-01-01,daily,8,Week 2,0.08156426078483164,0.7743239820777037,0.38615511045233203,0.894663909845625,0.7887785022725987,0.3025487392848573,0.11229955582197201,2.694122314824526
JFM2026,TP,ECMWF,northwest_india,2026-01-01,daily,9,Week 2,0.09576450823028482,0.7824351472358098,0.4217790713122175,0.8776070980852508,0.7729510192804323,0.2905033068327213,0.24426321193153935,1.1893043759456576
JFM2026,TP,ECMWF,northwest_india,2026-01-01,daily,10,Week 2,0.11816373472361952,0.7848117523582593,0.38257369802546926,0.8494368434614383,0.6911347138251178,0.47709086391199157,0.13175401490967908,3.621072680320597
JFM2026,TP,ECMWF,northwest_india,2026-01-01,daily,11,Week 2,0.37885084362736515,0.7896113168817,0.3806564034315209,0.5202059095055691,0.004743279734372274,1.4992095903780134,0.3929317296683836,3.8154454760965164
JFM2026,TP,ECMWF,northwest_india,2026-01-01,daily,12,Week 2,0.3228870323654121,0.778519740582788,0.31785872616748784,0.5852551765434955,-0.015819311486432897,1.1219761959101435,0.43813120851550824,2.5608223612092442
JFM2026,TP,ECMWF,northwest_india,2026-01-01,daily,13,Week 2,0.34443864599347834,0.8024673215247231,0.3803240005418479,0.5707754861107244,0.09435469362239479,1.3427268043610807,0.4091633621994078,3.2816398739696937
JFM2026,TP,ECMWF,northwest_india,2026-01-01,daily,14,Week 2,0.46148468456497604,0.809874868394447,0.38146529801679624,0.4301777934165857,-0.20976845590986493,1.8128833346646862,0.4521532924359107,4.009444064640199
JFM2026,TP,ECMWF,northwest_india,2026-01-01,daily,15,Week 3,0.3510957248147459,0.7920923538376606,0.31415358885174677,0.5567490039340754,-0.11759259570462066,1.313779930322382,0.4752122493418962,2.7646171413758527
JFM2026,TP,ECMWF,northwest_india,2026-01-01,daily,16,Week 3,0.9861274154376996,1.1399482988092184,0.8901231567725476,0.13493671908822447,-0.10785502875045849,1.790003301357106,2.321161998109608,0.7711668995162396
JFM2026,TP,ECMWF,northwest_india,2026-01-01,daily,17,Week 3,0.5216417898361907,0.8101914586278256,0.392763036971754,0.3561499763035453,-0.3281336091555507,1.547579818161053,0.9536957474814034,1.622718589495682
JFM2026,TP,ECMWF,northwest_india,2026-01-01,daily,18,Week 3,0.5559652418527695,0.7932852035273329,0.36285051001161883,0.2991609582774557,-0.5322156825271294,2.0487716099198856,0.732001794875767,2.7988614567094015
JFM2026,TP,ECMWF,northwest_india,2026-01-01,daily,19,Week 3,0.7016147834191602,0.8495245544179916,0.35385392522650816,0.17410888270341318,-0.9827808409078524,2.1856838067463267,1.2886263322083567,1.6961346762180907
JFM2026,TP,ECMWF,northwest_india,2026-01-01,daily,20,Week 3,0.7906695187444275,0.7936156288827703,0.2192076684804951,0.003712263255815973,-2.6069427872902198,2.9792966227909745,0.9479428802318661,3.1429073258741504
JFM2026,TP,ECMWF,northwest_india,2026-01-01,daily,21,Week 3,1.067633531193814,0.8399387749640362,0.30937467354847853,-0.2710849445419723,-2.4509403079063534,3.5008672697578027,1.8312308075270367,1.9117564292649194
JFM2026,TP,ECMWF,northwest_india,2026-01-01,daily,22,Week 4,2.913814673380109,2.758947172024052,3.2224659042057415,-0.05613282592955238,0.09578106952902188,4.153268320611745,6.328630880008746,0.656266481543636
JFM2026,TP,ECMWF,northwest_india,2026-01-01,daily,23,Week 4,10.086690706524255,10.461764259459503,12.358408395825293,0.03585184521779938,0.183819600108735,3.658969060769596,19.279382523742306,0.18978663119856787
JFM2026,TP,ECMWF,northwest_india,2026-01-01,daily,24,Week 4,1.2862684674033595,0.7841719854736453,0.49731412895483634,-0.6402887264921158,-1.5864305727782213,4.3347455393765655,2.1028134544961445,2.061402798288265
JFM2026,TP,ECMWF,northwest_india,2026-01-01,daily,25,Week 4,1.2754367503565163,0.8017634037141927,0.2502055370160619,-0.5907894329524368,-4.097556055582574,4.292959889331889,2.104992022267924,2.039418602977242
JFM2026,TP,ECMWF,northwest_india,2026-01-01,daily,26,Week 4,1.1245369006584522,0.929601541135526,1.1761920160019483,-0.20969775855234607,0.04391724704872557,3.235873891656643,2.1463947158570846,1.5075856587563925
JFM2026,TP,ECMWF,northwest_india,2026-01-01,daily,27,Week 4,7.4090140280923364,7.454856911843271,9.436218713379697,0.006149398210193002,0.21483231227069477,3.1395762129305664,13.421960366152694,0.2339133872610669
JFM2026,TP,ECMWF,northwest_india,2026-01-01,daily,28,Week 4,1.298536131220592,1.275745443723597,1.2534912918571246,-0.017864604266564665,-0.03593550242916388,3.504670045672852,2.7272337370837993,1.285064055206488
JFM2026,TP,ECMWF,northwest_india,2026-01-01,daily,29,Week 5,0.9276698431322994,0.894381784901063,0.3469271658950622,-0.03721906996900515,-1.6739613795850716,2.9846727922561866,1.8605269568768692,1.6042083030424559
JFM2026,TP,ECMWF,northwest_india,2026-01-01,daily,30,Week 5,0.8518946521553271,0.8380976747381275,0.20774862457213192,-0.016462254738399906,-3.1006030914035856,2.9550312541771935,1.384526144502475,2.1343267990356907
JFM2026,TP,ECMWF,northwest_india,2026-01-01,daily,31,Week 5,1.0285962470547758,0.8851184488925922,0.5956267025266375,-0.16210011026399296,-0.7269142613846717,3.3600702715841835,1.648395564928943,2.0383883232111373
JFM2026,TP,ECMWF,northwest_india,2026-01-01,daily,32,Week 5,1.1064951746363918,1.0164051810316608,1.7678187463424089,-0.08863590552862877,0.3740901453128529,3.122779540146049,2.243928611339518,1.3916572587761156
JFM2026,TP,ECMWF,northwest_india,2026-01-01,daily,33,Week 5,0.9807949532154515,0.9885074583029657,0.5439232163291583,0.007802171873093178,-0.8031864126607122,2.880407255929936,1.5607045494891556,1.845581379815123
JFM2026,TP,ECMWF,northwest_india,2026-01-01,daily,34,Week 5,0.6923189560794852,0.7870020105084387,0.8631871442809825,0.12030852928543845,0.19795033942937956,2.0259796164509676,1.2090450924072051,1.6756857367637532
JFM2026,TP,ECMWF,northwest_india,2026-01-01,daily,35,Week 5,0.7365880823085699,0.947249185203949,0.3726861150664876,0.22239248783309573,-0.9764301714786499,2.4528026130204807,1.408297457274852,1.741679359250435
JFM2026,TP,ECMWF,northwest_india,2026-01-01,daily,36,Week 6,0.8714803689463166,0.9578295715792498,0.36497964232575975,0.09015090491574851,-1.3877506246457538,2.686464799794523,1.7539042341298383,1.5317055216115345
JFM2026,TP,ECMWF,northwest_india,2026-01-01,daily,37,Week 6,1.2695255208636067,0.9260904821961025,0.2676504084763749,-0.37084393509054636,-3.743222803546238,4.267990384999398,2.050997961254832,2.080933509260134
JFM2026,TP,ECMWF,northwest_india,2026-01-01,daily,38,Week 6,0.8390096619004134,0.9758114072874595,0.3734660536272769,0.1401928122231373,-1.2465486588447847,2.767350570343624,1.5260262183030056,1.8134357962873104
JFM2026,TP,ECMWF,northwest_india,2026-01-01,daily,39,Week 6,0.7222489890244146,0.9858088341447679,0.38196162847304954,0.2673539087819222,-0.8908940982153526,2.3570567443781387,1.3585547324780836,1.7349737099503741
JFM2026,TP,ECMWF,northwest_india,2026-01-01,daily,40,Week 6,0.7345141662928452,0.9030948935201114,0.25250104810295504,0.18667000382447851,-1.9089549204300869,2.6185576591054063,1.1433404744493658,2.290269362121993
JFM2026,TP,ECMWF,northwest_india,2026-01-01,daily,41,Week 6,0.951215726260664,0.9071476116705387,0.7587131147339287,-0.048578769346008244,-0.25372253067517314,2.92490831104314,1.8866843953411865,1.550290190699437
JFM2026,TP,ECMWF,northwest_india,2026-01-01,daily,42,Week 6,1.156293309299606,0.9877796820781047,0.36769496175656724,-0.17059839383108177,-2.1447080584833547,4.243746760188049,1.6106449584772038,2.634812059512067
JFM2026,TP,ECMWF,northwest_india,2026-01-01,weekly,1,Week 1,0.08077155416180501,0.6988658241609748,0.28664903714761736,0.8844248046343152,0.7182214356428848,0.10027051852097778,0.1780351927693744,0.5632061670574735
JFM2026,TP,ECMWF,northwest_india,2026-01-01,weekly,2,Week 2,0.15450061353725508,0.7842544188009309,0.3697913329366025,0.8029968211419509,0.5821951468945248,0.5334089516793704,0.23462798440886426,2.273424259357948
JFM2026,TP,ECMWF,northwest_india,2026-01-01,weekly,3,Week 3,0.43310043164349954,0.7712129346356146,0.20623694977220888,0.4384165355731069,-1.1000137566127894,1.1355227903141298,0.8263817094905115,1.374089936010579
JFM2026,TP,ECMWF,northwest_india,2026-01-01,weekly,4,Week 4,2.1003800941448247,2.064730791823717,3.8004757027310894,-0.01726583555700234,0.447337581283455,1.9780994314952727,4.198704690696729,0.47112135222994894
JFM2026,TP,ECMWF,northwest_india,2026-01-01,weekly,5,Week 5,0.4933793192193094,0.75711575211577,0.5244104143535362,0.34834360817278687,0.05917330069136828,1.432457649826491,0.8892437844779646,1.6108717033849418
JFM2026,TP,ECMWF,northwest_india,2026-01-01,weekly,6,Week 6,0.6307312166619288,0.8839116856899466,0.20314533733433554,0.28643186092782014,-2.1048274350686897,1.722748856136847,1.2612581327208698,1.3658971240252133
JFM2026,TP,ECMWF,south_peninsula,2026-01-01,daily,1,Week 1,0.6869686938696459,0.8712922820364924,1.197429080345678,0.2115519578987003,0.4262969681082662,0.9799599793176756,1.6121039066818625,0.6078764372792156
JFM2026,TP,ECMWF,south_peninsula,2026-01-01,daily,2,Week 1,0.25006440686790565,0.43330643786375406,0.25795048944649496,0.42289247281727627,0.030572078368647837,0.3520701840908834,0.608783556214472,0.5783174997040336
JFM2026,TP,ECMWF,south_peninsula,2026-01-01,daily,3,Week 1,0.06925632823396057,0.41561762649941714,0.074086004230251,0.8333652765950299,0.06519012661663248,0.16622850249746357,0.1381144954991966,1.2035558027175395
JFM2026,TP,ECMWF,south_peninsula,2026-01-01,daily,4,Week 1,0.04874228786850589,0.42353753895257235,0.09942085867700377,0.8849162508970332,0.5097378103838479,0.12555753129512054,0.13983353341370594,0.8979071631098029
JFM2026,TP,ECMWF,south_peninsula,2026-01-01,daily,5,Week 1,0.21320919274481445,0.41901672446329224,0.10945198569964623,0.49116782148037497,-0.947970074566711,0.5693861166285777,0.9139362676264585,0.6230041817984793
JFM2026,TP,ECMWF,south_peninsula,2026-01-01,daily,6,Week 1,0.45180746533688837,0.38671018394403284,0.12052502119803497,-0.16833609275280126,-2.7486611563794905,1.2448567100636463,1.5219787849773132,0.8179198832145366
JFM2026,TP,ECMWF,south_peninsula,2026-01-01,daily,7,Week 1,0.26919600932522936,0.41206832735602894,0.1002108788957983,0.34671996983489883,-1.6862952634628212,0.9523857449906346,0.7737877482392598,1.2308100601977368
JFM2026,TP,ECMWF,south_peninsula,2026-01-01,daily,8,Week 2,0.6997593664367263,0.409836262318899,0.10315855122975426,-0.7074120344486117,-5.7833384445098055,2.2678143153864156,1.783737924396887,1.2713831355877032
JFM2026,TP,ECMWF,south_peninsula,2026-01-01,daily,9,Week 2,1.3084588911679604,0.9238978064339725,0.9537696662714438,-0.41623768565735975,-0.3718814273923152,3.355706854578097,3.224844504510784,1.040579429452883
JFM2026,TP,ECMWF,south_peninsula,2026-01-01,daily,10,Week 2,2.078636952629457,2.9333021362089506,3.389325605671008,0.2913662295572721,0.3867107517933689,4.375165039363756,4.4336738135756395,0.9868035456210754
JFM2026,TP,ECMWF,south_peninsula,2026-01-01,daily,11,Week 2,1.3422835003062688,1.302338320233003,1.4574665008288716,-0.030671891821565378,0.07902960408153292,4.11532090348904,2.5571618500156816,1.6093314169628343
JFM2026,TP,ECMWF,south_peninsula,2026-01-01,daily,12,Week 2,0.8319145224535394,0.741179053369083,0.7903646842248744,-0.12242044438791377,-0.05257046406294541,2.6907160350469037,1.7045524469562752,1.5785469316896446
JFM2026,TP,ECMWF,south_peninsula,2026-01-01,daily,13,Week 2,2.4511909748894047,2.41401412344084,2.77217278694885,-0.015400428310491598,0.11578708714355757,1.5579826942625512,7.578737877009891,0.20557284333433584
JFM2026,TP,ECMWF,south_peninsula,2026-01-01,daily,14,Week 2,0.40207971708063145,0.3847974151148353,0.1458563203587864,-0.04491272884626474,-1.7566835368640241,1.5655773883364588,0.5354827001737503,2.92367500916177
JFM2026,TP,ECMWF,south_peninsula,2026-01-01,daily,15,Week 3,0.44907652852763935,0.3823298346747273,0.09301103562986825,-0.17457882644627443,-3.8282069486325474,1.802477450521139,0.4748381428841838,3.7959828575961203
JFM2026,TP,ECMWF,south_peninsula,2026-01-01,daily,16,Week 3,0.46633732171614056,0.3829428621682934,0.0972344652662745,-0.21777259164892726,-3.796008498006194,1.8473425149206462,0.4674189727319614,3.952219791428949
JFM2026,TP,ECMWF,south_peninsula,2026-01-01,daily,17,Week 3,0.4020327186653381,0.3820335494809569,0.10297744203845613,-0.0523492484143151,-2.9040853094331287,1.569836646810151,0.561786803035146,2.794363695139952
JFM2026,TP,ECMWF,south_peninsula,2026-01-01,daily,18,Week 3,0.5831664372269323,0.39203958537011036,0.21309340262679716,-0.4875192684340435,-1.7366705399522178,2.359331707625451,0.7246613594402914,3.2557713708479423
JFM2026,TP,ECMWF,south_peninsula,2026-01-01,daily,19,Week 3,0.6001554099234001,0.37712250434810846,0.12043798915853463,-0.5914070441402719,-3.983107191647023,2.4386312798456,0.5952831389405977,4.096590547122731
JFM2026,TP,ECMWF,south_peninsula,2026-01-01,daily,20,Week 3,0.2910863951353777,0.375802349133278,0.11482956721432337,0.22542688781292275,-1.5349428914251693,1.1067006129267059,0.3390464435308365,3.2641563834190483
JFM2026,TP,ECMWF,south_peninsula,2026-01-01,daily,21,Week 3,0.2999992135710658,0.3771957298309892,0.10326788217716755,0.20465904079697028,-1.9050582547667991,1.1676036772346476,0.3053931499395642,3.823280507325429
JFM2026,TP,ECMWF,south_peninsula,2026-01-01,daily,22,Week 4,0.20043921676461537,0.3744989695212501,0.11388536280032897,0.4647803249743204,-0.7600085896555302,0.7575645059682783,0.22882539474934524,3.3106662256525876
JFM2026,TP,ECMWF,south_peninsula,2026-01-01,daily,23,Week 4,0.28019322387059137,0.4083713816764707,0.1802487790804529,0.3138764456991934,-0.554480564584179,0.8736041360549333,0.5077643803100204,1.7204911764813946
JFM2026,TP,ECMWF,south_peninsula,2026-01-01,daily,24,Week 4,1.278055010904026,1.3803343934037944,1.296880462237362,0.07409753968931798,0.014515949527729388,0.8127368996867272,5.143951993487563,0.15799853900574554
JFM2026,TP,ECMWF,south_peninsula,2026-01-01,daily,25,Week 4,1.0174049815654322,1.0469379693990701,0.8979614679657543,0.028208918481187117,-0.13301630176878954,1.1339130458033313,3.7528384430440807,0.3021481108266329
JFM2026,TP,ECMWF,south_peninsula,2026-01-01,daily,26,Week 4,0.36274927605301915,0.3806606869247394,0.20307476199150426,0.0470534822401073,-0.7862843836212152,1.375758232820379,0.4383435788270631,3.138538578577304
JFM2026,TP,ECMWF,south_peninsula,2026-01-01,daily,27,Week 4,0.2337999387111584,0.37252107687642516,0.09941074952204253,0.37238466969020423,-1.3518577199673714,0.8954370044415921,0.2487528281382755,3.599705825028212
JFM2026,TP,ECMWF,south_peninsula,2026-01-01,daily,28,Week 4,0.19578659810159332,0.3739605957819684,0.1072205435023529,0.4764512616838821,-0.826017586800396,0.7136939844908953,0.25842554334903056,2.7617006246436615
JFM2026,TP,ECMWF,south_peninsula,2026-01-01,daily,29,Week 5,0.22737555340460133,0.37319377724628705,0.10738162587343467,0.39073058751848866,-1.1174530703474121,0.8434423236981478,0.26887878004569726,3.1368869032907716
JFM2026,TP,ECMWF,south_peninsula,2026-01-01,daily,30,Week 5,0.1635380540548066,0.37313190616929454,0.10716905074535263,0.5617151700219188,-0.5259821088029784,0.5835485342469552,0.22550920750201078,2.5876927186742558
JFM2026,TP,ECMWF,south_peninsula,2026-01-01,daily,31,Week 5,0.1956811722597162,0.3692129956530291,0.11073451761277987,0.47000464619720705,-0.7671199232020913,0.6770302624082254,0.2566088481034901,2.638374582216977
JFM2026,TP,ECMWF,south_peninsula,2026-01-01,daily,32,Week 5,0.2600485994611474,0.365488692052599,0.09565071503601107,0.28849071088710254,-1.7187313692662203,1.005063045629978,0.2688309618607205,3.7386431930065203
JFM2026,TP,ECMWF,south_peninsula,2026-01-01,daily,33,Week 5,0.3339915711923999,0.36984030555983666,0.19219215765899125,0.09693030702311256,-0.737800206109372,1.0383421351294535,0.6114196029931401,1.6982480281076353
JFM2026,TP,ECMWF,south_peninsula,2026-01-01,daily,34,Week 5,0.30358030766438576,0.37132938704949375,0.09982250070890122,0.1824500881102573,-2.041201187192011,1.1698531832288461,0.3363722404406365,3.4778529336914876
JFM2026,TP,ECMWF,south_peninsula,2026-01-01,daily,35,Week 5,0.24776148277530047,0.37239001876828715,0.10718390596068239,0.33467206345972045,-1.3115548976745193,0.94503976634278,0.2937080987704186,3.2176156200632544
JFM2026,TP,ECMWF,south_peninsula,2026-01-01,daily,36,Week 6,0.19907627608832754,0.3648520725551242,0.06410705669574808,0.4543644094052671,-2.1053722686590186,0.7814378964012281,0.19143555544148264,4.0819893389140836
JFM2026,TP,ECMWF,south_peninsula,2026-01-01,daily,37,Week 6,0.19746669229509323,0.37171174657272543,0.10319563043667304,0.4687639168904799,-0.9135179605910786,0.7493524751834282,0.24708590369199263,3.032760930455753
JFM2026,TP,ECMWF,south_peninsula,2026-01-01,daily,38,Week 6,0.2345360579673242,0.3725110943542142,0.10545390001470668,0.3703917506835165,-1.2240624380380019,0.911733515306651,0.27277222133255996,3.3424720114555897
JFM2026,TP,ECMWF,south_peninsula,2026-01-01,daily,39,Week 6,0.2506189102256131,0.3734354566027411,0.10723964012567692,0.32888292797483243,-1.3369987994356034,0.9789229355007524,0.2892272417981584,3.384615257590115
JFM2026,TP,ECMWF,south_peninsula,2026-01-01,daily,40,Week 6,0.22853006409358267,0.36456503415017094,0.10274090669939163,0.3731432181193576,-1.224333728747752,0.8749123944208665,0.2749919485108679,3.1815927672016526
JFM2026,TP,ECMWF,south_peninsula,2026-01-01,daily,41,Week 6,0.24057411220985178,0.3738078687579572,0.1040068901814835,0.35642309240519243,-1.3130593731825813,0.9303696460693378,0.25498192383008206,3.64876706589338
JFM2026,TP,ECMWF,south_peninsula,2026-01-01,daily,42,Week 6,0.2967265763637163,0.3750084754126163,0.1077809058766142,0.20874701288488895,-1.7530532792459916,1.1565862744339637,0.30635951618392837,3.7752581961240157
JFM2026,TP,ECMWF,south_peninsula,2026-01-01,weekly,1,Week 1,0.2005738679892932,0.3837884940232968,0.14725329383617863,0.47738436375031623,-0.3621010624891994,0.3984194375239376,0.6193536422197892,0.6432826262165598
JFM2026,TP,ECMWF,south_peninsula,2026-01-01,weekly,2,Week 2,0.6274132911489192,0.8166273924327403,1.280043372430925,0.2317018790174924,0.5098499748821782,1.8515751330615444,1.3933775852444212,1.3288394708436104
JFM2026,TP,ECMWF,south_peninsula,2026-01-01,weekly,3,Week 3,0.32048047884540837,0.37744442670195594,0.09257393246023168,0.1509200926724198,-2.4618868436109893,1.2086932062891693,0.4349425906631451,2.7789718280895594
JFM2026,TP,ECMWF,south_peninsula,2026-01-01,weekly,4,Week 4,0.4143713547358339,0.515100723372947,0.35717382713431334,0.19555276097755014,-0.1601391906580314,0.6061104276816259,1.34881827553437,0.44936403863707974
JFM2026,TP,ECMWF,south_peninsula,2026-01-01,weekly,5,Week 5,0.1654181237774973,0.36655606996675866,0.07142262787332554,0.5487235450977572,-1.3160464505853975,0.5663009679927459,0.24177417224237235,2.342272388901176
JFM2026,TP,ECMWF,south_peninsula,2026-01-01,weekly,6,Week 6,0.16388627075169193,0.37007533074020665,0.08935325580906509,0.5571542949812553,-0.8341387705210548,0.5640641724735517,0.2336872118688496,2.4137571241601226
JFM2026,TP,FuXi,All India,2026-01-01,daily,1,Week 1,0.5760006031207549,0.7399165448629124,0.5265705450260332,0.22153301325695718,-0.09387167315307754,0.07743671829531029,1.4786671430102658,0.05236926962322627
JFM2026,TP,FuXi,All India,2026-01-01,daily,2,Week 1,0.22545674855131917,0.6461170872147187,0.21448231975235885,0.6510589906804384,-0.05116705568846602,0.06523872932388851,0.5670187012548294,0.11505569248335767
JFM2026,TP,FuXi,All India,2026-01-01,daily,3,Week 1,0.17987188072585109,0.6405388137244508,0.18217032628107804,0.7191866021670483,0.01261701398986681,0.07009752767671379,0.5688625542847812,0.12322401456859104
JFM2026,TP,FuXi,All India,2026-01-01,daily,4,Week 1,0.1231608830466935,0.639400175360672,0.17628362485071236,0.8073805923227639,0.3013481362719108,0.05425209127930099,0.3816868834781598,0.1421376883190834
JFM2026,TP,FuXi,All India,2026-01-01,daily,5,Week 1,0.056707677222399513,0.6534627269350269,0.16080023773006033,0.9132197218219642,0.6473408371597298,0.0572438600899834,0.2139707499716046,0.26753124012314794
JFM2026,TP,FuXi,All India,2026-01-01,daily,6,Week 1,0.06219446738415564,0.6498005506613618,0.17659442678451825,0.9042868349051804,0.647811833495483,0.054719177175188184,0.20431924613336844,0.2678121528476593
JFM2026,TP,FuXi,All India,2026-01-01,daily,7,Week 1,0.047401634084173846,0.6620396077332432,0.17194618090839767,0.9284006069569277,0.7243228443123926,0.06508478613878077,0.15493749184073397,0.42007125173862925
JFM2026,TP,FuXi,All India,2026-01-01,daily,8,Week 2,0.05303087060175411,0.6679505487673688,0.1944329069810791,0.9206065917609965,0.727253624784231,0.07664160766171269,0.2317698784825747,0.33067975943851946
JFM2026,TP,FuXi,All India,2026-01-01,daily,9,Week 2,0.15549375354408432,0.7661982502423962,0.3611765030169616,0.7970580675498907,0.5694798741191034,0.104336142088354,1.0112260380079257,0.10317786347144697
JFM2026,TP,FuXi,All India,2026-01-01,daily,10,Week 2,0.5962984825233795,1.1395987416647968,0.8004797096156212,0.47674698056241316,0.2550735823026502,0.09262774175660618,2.2736188335982104,0.040740224521281905
JFM2026,TP,FuXi,All India,2026-01-01,daily,11,Week 2,0.2598536216457825,0.8350471472173928,0.42857442737474605,0.6888156285406322,0.3936791253796248,0.18177720368311456,1.0517282700342343,0.17283666215152477
JFM2026,TP,FuXi,All India,2026-01-01,daily,12,Week 2,0.25794024820150807,0.7347366644960523,0.30047252293417254,0.6489351074123593,0.14155129499805352,0.3170351051867661,1.589732158561538,0.1994267420957464
JFM2026,TP,FuXi,All India,2026-01-01,daily,13,Week 2,0.5057791197886219,1.0526361945975742,0.6874027876286513,0.519511943077368,0.26421724076298936,0.3692551241124146,2.841186100167632,0.1299651311438657
JFM2026,TP,FuXi,All India,2026-01-01,daily,14,Week 2,0.1858756810189424,0.6774187435310942,0.19537018676811602,0.7256118423147668,0.04859751585559269,0.37857084202378305,0.7714485688882388,0.49072725945859824
JFM2026,TP,FuXi,All India,2026-01-01,daily,15,Week 3,0.26368747814758536,0.6738579066677948,0.1663324173462853,0.6086897912179865,-0.5853041899740918,0.6572935059659638,0.700926359055002,0.9377497328708474
JFM2026,TP,FuXi,All India,2026-01-01,daily,16,Week 3,0.6137791293526481,0.7902721356405131,0.3572914415811891,0.22333193633964832,-0.7178668669934432,1.0020397161579722,1.6386584924010312,0.6115000293256598
JFM2026,TP,FuXi,All India,2026-01-01,daily,17,Week 3,0.6102044453633171,0.6831997011148053,0.19289569637830495,0.10684321967995425,-2.163390665629941,1.6343206567872688,1.3679258264821832,1.1947436221671155
JFM2026,TP,FuXi,All India,2026-01-01,daily,18,Week 3,0.43681644699145417,0.6790749715395398,0.1991505715296234,0.3567478330100403,-1.193397908107325,1.0730746947720493,1.0097928681448192,1.0626681259330846
JFM2026,TP,FuXi,All India,2026-01-01,daily,19,Week 3,0.46745404928041484,0.692484941642236,0.19000222226761154,0.3249614234616536,-1.4602556943887848,0.8827671009457073,1.0882962848192004,0.8111459289713207
JFM2026,TP,FuXi,All India,2026-01-01,daily,20,Week 3,0.4169337702341362,0.6703469109052949,0.12265214035517427,0.37803283128272713,-2.3993191560031932,1.0618332155295045,0.7970360064565736,1.3322274112184145
JFM2026,TP,FuXi,All India,2026-01-01,daily,21,Week 3,0.5676635667986902,0.6890734243998795,0.155150265393883,0.17619291834818074,-2.6587985547917157,1.7049148468010533,0.9394130921903091,1.8148723505927749
JFM2026,TP,FuXi,All India,2026-01-01,daily,22,Week 4,1.451823235283686,1.322647322075364,1.113756702488715,-0.09766466922235328,-0.30353714778061813,2.512277198020993,3.8721077369702925,0.6488138679701896
JFM2026,TP,FuXi,All India,2026-01-01,daily,23,Week 4,3.8168883310102153,3.835489814203787,4.1042082837538505,0.004849832510227414,0.07000618216209109,1.8368317426380991,10.999144603217635,0.1669976901749943
JFM2026,TP,FuXi,All India,2026-01-01,daily,24,Week 4,0.9374313864552778,0.8657646172521631,0.4380500205922183,-0.08277858412668415,-1.140009912995609,2.206529224595071,2.6762709329476997,0.8244790157193669
JFM2026,TP,FuXi,All India,2026-01-01,daily,25,Week 4,0.9016850955404745,0.8033214971025371,0.2952987608426736,-0.12244611751673573,-2.053467251157432,2.3763209981243794,2.1912081212278145,1.0844798242135207
JFM2026,TP,FuXi,All India,2026-01-01,daily,26,Week 4,0.7279751557614081,0.7253335361154452,0.44950008206608005,-0.0036419378319527684,-0.6195217416098049,1.5160239020795347,1.6959250634676242,0.8939215150106637
JFM2026,TP,FuXi,All India,2026-01-01,daily,27,Week 4,3.1840683333104773,3.1818748782706168,3.5333862348030642,-0.000689359300342085,0.0988620768519115,1.4791869767540735,8.339303237717946,0.17737536753236638
JFM2026,TP,FuXi,All India,2026-01-01,daily,28,Week 4,0.5957003578890113,0.84965676922712,0.5090079503780803,0.29889294187477256,-0.17031641145592658,1.7982149631408344,1.5006088768574968,1.1983235544404949
JFM2026,TP,FuXi,All India,2026-01-01,daily,29,Week 5,0.3518224174644444,0.6936027394628776,0.27413282906042485,0.49276091709658776,-0.28340125723101584,0.875327385595636,0.938595514831709,0.9325927641499363
JFM2026,TP,FuXi,All India,2026-01-01,daily,30,Week 5,0.378398790266758,0.6871670007801797,0.15588105078112244,0.4493350381535487,-1.4274842155001881,1.0887287467308757,0.8020372611285977,1.357454072892893
JFM2026,TP,FuXi,All India,2026-01-01,daily,31,Week 5,0.5317560859329347,0.7256107114371437,0.2674678541332314,0.2671606447488363,-0.988112132787575,1.3705061184458407,1.2217500004765574,1.1217565933384566
JFM2026,TP,FuXi,All India,2026-01-01,daily,32,Week 5,0.5999109408821932,0.8054720340054294,0.6857333113994102,0.25520574823812026,0.12515415117004447,1.4599204895472278,1.4342885485113896,1.0178708399104495
JFM2026,TP,FuXi,All India,2026-01-01,daily,33,Week 5,0.4927366618546724,0.7650617244609731,0.26607941789518713,0.3559517538250502,-0.8518405735868271,1.3479754672937068,1.0086160231201673,1.3364604927886496
JFM2026,TP,FuXi,All India,2026-01-01,daily,34,Week 5,0.5996522140735051,0.7070152784750323,0.3915457381459124,0.15185395234046373,-0.5314997857288393,1.8145470050373995,1.1793608038135646,1.538585137957702
JFM2026,TP,FuXi,All India,2026-01-01,daily,35,Week 5,0.3092180755813395,0.7370758574489469,0.19191018488514394,0.5804799839034787,-0.6112645390154932,0.8747798187053191,0.7402441600127716,1.1817449781572424
JFM2026,TP,FuXi,All India,2026-01-01,daily,36,Week 6,0.27946684874908634,0.7358685481906391,0.17324308111329337,0.620221778147412,-0.6131486865344267,0.837451281858295,0.6597198766597944,1.2694043509775188
JFM2026,TP,FuXi,All India,2026-01-01,daily,37,Week 6,0.409453862064021,0.740261682117453,0.15159550706939964,0.44687956711089727,-1.7009630428992537,1.104766890987388,0.907997165375357,1.216707422793207
JFM2026,TP,FuXi,All India,2026-01-01,daily,38,Week 6,0.3879917477576861,0.7551266442825602,0.24519638644578162,0.4861898322680509,-0.5823713937296531,1.0105354050217097,1.0246103744484307,0.9862631008061987
JFM2026,TP,FuXi,All India,2026-01-01,daily,39,Week 6,0.42090355550747477,0.7479826082367422,0.18749862914129892,0.4372816281120596,-1.244835375251101,1.2762629463574606,0.8000965832994319,1.5951361035619196
JFM2026,TP,FuXi,All India,2026-01-01,daily,40,Week 6,0.6131865875096489,0.7469520588136044,0.13937202745098207,0.17908173586992615,-3.3996388566946125,1.8979107909505617,1.198546498155493,1.5835103551437992
JFM2026,TP,FuXi,All India,2026-01-01,daily,41,Week 6,0.5701202414845122,0.7513275445108066,0.3043801385388198,0.24118282944661562,-0.8730533609104087,1.5255664302022813,1.3655406088191482,1.1171886213779578
JFM2026,TP,FuXi,All India,2026-01-01,daily,42,Week 6,0.7977505290929848,0.7778483490005672,0.17149321386260127,-0.025586195712813842,-3.651790651798822,2.380336545489783,1.8215837018599588,1.3067401421407647
JFM2026,TP,FuXi,All India,2026-01-01,weekly,1,Week 1,0.14324693461810653,0.629433854589781,0.1527309237449888,0.7724193994753199,0.06209606341881013,0.05377559203706162,0.33530408998283695,0.16037857468369743
JFM2026,TP,FuXi,All India,2026-01-01,weekly,2,Week 2,0.10738138665938647,0.7474424403503503,0.402586211302888,0.8563349083990288,0.7332710767418771,0.16316245139630375,0.3888396190994733,0.41961375174211196
JFM2026,TP,FuXi,All India,2026-01-01,weekly,3,Week 3,0.4223221076352405,0.6668779614857834,0.11606954992131373,0.36671755249743154,-2.638526279472459,0.6096179596218696,0.8459456819583804,0.7206348736370312
JFM2026,TP,FuXi,All India,2026-01-01,weekly,4,Week 4,1.2127542777282914,1.132603808155969,1.3968528383580365,-0.07076655490221073,0.1317952439758423,1.265109026759046,2.806744924209838,0.4507388668798261
JFM2026,TP,FuXi,All India,2026-01-01,weekly,5,Week 5,0.32752286099900907,0.6687353986775894,0.2329261168348626,0.5102354957630792,-0.4061233898954002,0.7097000239102772,0.6797752277628883,1.0440216043851291
JFM2026,TP,FuXi,All India,2026-01-01,weekly,6,Week 6,0.3914469142621667,0.7261129896324379,0.11257618032518288,0.4609008241812075,-2.477173529350964,0.8975403826163908,0.865152799385637,1.0374356798634332
JFM2026,TP,FuXi,central_india,2026-01-01,daily,1,Week 1,0.08127385131859295,0.24408062695416174,0.030258357193338883,0.6670204746161351,-1.6859968239281904,0.050659907175915134,0.15890987761444056,0.31879646461518346
JFM2026,TP,FuXi,central_india,2026-01-01,daily,2,Week 1,0.04485782984558423,0.24648676387628826,0.039563901555303545,0.8180112021426904,-0.13380703323408794,0.05,0.12850782355903692,0.3890813696415132
JFM2026,TP,FuXi,central_india,2026-01-01,daily,3,Week 1,0.04648822428483109,0.24187441587427766,0.05481952516691893,0.8078001589511026,0.15197688883148874,0.05,0.13215415932881114,0.37834601842228527
JFM2026,TP,FuXi,central_india,2026-01-01,daily,4,Week 1,0.029935556914659534,0.24065926380230185,0.038021980400316416,0.8756102032321882,0.21267759860266477,0.05,0.06469823458811189,0.7728186142684542
JFM2026,TP,FuXi,central_india,2026-01-01,daily,5,Week 1,0.019264602041543656,0.24352023528356476,0.024490256913470315,0.9208911652901814,0.21337689067085308,0.05,0.04509858218964953,1.1086823037970224
JFM2026,TP,FuXi,central_india,2026-01-01,daily,6,Week 1,0.012195530298949486,0.2462018017905617,0.017483260560461688,0.9504653084979291,0.30244531580512957,0.05,0.008088021614333595,6.181981501062013
JFM2026,TP,FuXi,central_india,2026-01-01,daily,7,Week 1,0.012161600571190978,0.2470902702428405,0.01749350529550344,0.9507807387185317,0.3047933867023771,0.05,0.007798206875255515,6.411730388771163
JFM2026,TP,FuXi,central_india,2026-01-01,daily,8,Week 2,0.01236875098783408,0.2479569608378177,0.01748827237705487,0.9501173471958944,0.29274025923439717,0.05,0.009390636174243443,5.324452898850407
JFM2026,TP,FuXi,central_india,2026-01-01,daily,9,Week 2,0.011896216869543098,0.248584505557149,0.01749382859185829,0.952144173898207,0.3199763672613294,0.05,0.005153997216169505,9.701208189080171
JFM2026,TP,FuXi,central_india,2026-01-01,daily,10,Week 2,0.016088400654040574,0.24747215188264762,0.021843944365859583,0.9349890461142886,0.2634846351657296,0.05,0.02919603877354363,1.7125610904897193
JFM2026,TP,FuXi,central_india,2026-01-01,daily,11,Week 2,0.017986099740069504,0.24807013217825846,0.02335138162116892,0.9274959077816549,0.22976293086810684,0.05,0.04467675567739092,1.1191501988427275
JFM2026,TP,FuXi,central_india,2026-01-01,daily,12,Week 2,0.011948151630132534,0.2505989880750598,0.01750243172444462,0.9523216285831377,0.31734333730065345,0.05,0.0057561157709027635,8.686413197724518
JFM2026,TP,FuXi,central_india,2026-01-01,daily,13,Week 2,0.0178235773454875,0.2504506350398102,0.024285544716028812,0.9288339702446577,0.26608286724062313,0.05,0.03338227142562203,1.4978010142720037
JFM2026,TP,FuXi,central_india,2026-01-01,daily,14,Week 2,0.036167234566719796,0.2488375085399051,0.03455876388573232,0.8546552134405421,-0.04654306173408984,0.0899972229354641,0.06852511855992624,1.3133464753769113
JFM2026,TP,FuXi,central_india,2026-01-01,daily,15,Week 3,0.2518291660166815,0.2530897361296509,0.017443549139247946,0.004980723960783862,-13.436807785295622,0.797841469633308,0.5208737505006331,1.531736757451244
JFM2026,TP,FuXi,central_india,2026-01-01,daily,16,Week 3,0.4261570906234125,0.2541740359233424,0.017146022758363178,-0.6766350232245566,-23.854573951591735,1.2174431372590497,0.9469685969650625,1.2856214463297204
JFM2026,TP,FuXi,central_india,2026-01-01,daily,17,Week 3,0.7520741493776142,0.25534880455597553,0.01745803315765247,-1.9452816537966227,-42.0789735926211,2.022471238096154,1.741692660811749,1.1612101742184195
JFM2026,TP,FuXi,central_india,2026-01-01,daily,18,Week 3,0.4544230034634289,0.2555257168518869,0.024103467555093933,-0.7783846145193711,-17.85301367634106,1.154385723511758,1.1229639393705402,1.0279811159019325
JFM2026,TP,FuXi,central_india,2026-01-01,daily,19,Week 3,0.32636847102999705,0.2564788617017968,0.019097392972171303,-0.27249656702492553,-16.08968713717002,0.8526381263979115,0.6919063237690908,1.232302837981376
JFM2026,TP,FuXi,central_india,2026-01-01,daily,20,Week 3,0.4191524323069177,0.25863562879788315,0.01752793732369344,-0.620629123122376,-22.91339177943814,1.2368200205969628,0.8334287834721842,1.484014045500316
JFM2026,TP,FuXi,central_india,2026-01-01,daily,21,Week 3,0.6298514992190404,0.2602078276556541,0.01748544444532378,-1.420570914002457,-35.02147495813209,2.019370138233538,1.0034461588817707,2.012434967595971
JFM2026,TP,FuXi,central_india,2026-01-01,daily,22,Week 4,0.9371676644063206,0.2615483486081679,0.017345906104259866,-2.583152672893817,-53.028175799716095,2.8536968070660116,1.7524614619918688,1.6283934733848386
JFM2026,TP,FuXi,central_india,2026-01-01,daily,23,Week 4,0.6829062166837786,0.2624562805599883,0.04073685045760181,-1.6019808526841106,-15.763844259254537,2.000038674945676,1.3820118148719949,1.4471936154402012
JFM2026,TP,FuXi,central_india,2026-01-01,daily,24,Week 4,0.6974842343106953,0.26178357957121967,0.0200793409523663,-1.664354408527525,-33.736410720118705,2.164025555409588,1.35843744998439,1.5930255422761315
JFM2026,TP,FuXi,central_india,2026-01-01,daily,25,Week 4,0.6303874140661365,0.2584240625118171,0.03232217303493904,-1.4393526204136289,-18.50324977793763,2.1478171037500275,1.1106850405019177,1.9337769263367683
JFM2026,TP,FuXi,central_india,2026-01-01,daily,26,Week 4,0.43267081983976,0.2656932149184709,0.02870011342594443,-0.6284601771728604,-14.07557874139385,1.475549606460443,0.86581407158542,1.7042338013270177
JFM2026,TP,FuXi,central_india,2026-01-01,daily,27,Week 4,1.0986363572653846,1.2160843873540528,1.1782074521975059,0.09657884872957767,0.06753572537986519,1.9526901326729047,4.1305150479053205,0.47274737170202513
JFM2026,TP,FuXi,central_india,2026-01-01,daily,28,Week 4,0.35568820289076225,0.2738103900423614,0.136970355188999,-0.29903106611744534,-1.5968261701589714,1.2391831256949593,0.5981453737289912,2.071708952573811
JFM2026,TP,FuXi,central_india,2026-01-01,daily,29,Week 5,0.2322598207281565,0.2670741680958785,0.01929137906747986,0.13035460380138209,-11.039565440901262,0.7603972235523564,0.39870778558627773,1.9071541892121178
JFM2026,TP,FuXi,central_india,2026-01-01,daily,30,Week 5,0.36013513475493786,0.26952399917301406,0.020846256791165075,-0.3361894890991073,-16.27576985943913,1.122088076264443,0.6953879151256492,1.6136145766376937
JFM2026,TP,FuXi,central_india,2026-01-01,daily,31,Week 5,0.23937497441636324,0.27878149972651695,0.07122520433018757,0.14135272731085557,-2.360818360122391,0.5773215753653667,0.4975325042443773,1.1603695646823482
JFM2026,TP,FuXi,central_india,2026-01-01,daily,32,Week 5,0.34598783895077523,0.37700483286521425,0.16222524232419336,0.08227213873814754,-1.1327620411831343,0.6442953044391001,0.9087392847132287,0.7089990663740489
JFM2026,TP,FuXi,central_india,2026-01-01,daily,33,Week 5,0.3456058369986651,0.29414854118922523,0.07782388465583819,-0.1749364304218577,-3.440871058121081,1.0309565868744957,0.6434248890499429,1.602295162061212
JFM2026,TP,FuXi,central_india,2026-01-01,daily,34,Week 5,0.4513892719227912,0.313752514523078,0.19636207997961042,-0.43867937635154597,-1.2987598826090148,1.3914301787645398,0.7252354173543112,1.9185910470844552
JFM2026,TP,FuXi,central_india,2026-01-01,daily,35,Week 5,0.18844546108179897,0.26468032506535616,0.04826024198582256,0.28802618390593604,-2.90477654747688,0.596121337710289,0.3499657155403254,1.7033706767244743
JFM2026,TP,FuXi,central_india,2026-01-01,daily,36,Week 6,0.23942478299093423,0.27508416621499016,0.017505404594578684,0.12963080977982055,-12.67719218926723,0.7649582041634341,0.4920804097132197,1.5545390327756499
JFM2026,TP,FuXi,central_india,2026-01-01,daily,37,Week 6,0.3453220567038629,0.2763127087111372,0.01745803315765247,-0.24975090112438303,-18.780123773707928,1.2027615837012646,0.6619475088345453,1.817004471878595
JFM2026,TP,FuXi,central_india,2026-01-01,daily,38,Week 6,0.26365971237636254,0.27764051554978825,0.017456467160582585,0.0503557744291776,-14.103841456060303,0.9200897215887729,0.4592689743982237,2.003378788637658
JFM2026,TP,FuXi,central_india,2026-01-01,daily,39,Week 6,0.3159790156413355,0.2792487481261311,0.017469672595261814,-0.13153243393812497,-17.08728892418032,1.099602984346747,0.5627872053430512,1.9538521379079252
JFM2026,TP,FuXi,central_india,2026-01-01,daily,40,Week 6,0.4352589945362201,0.2809621061912227,0.017457305332639624,-0.549173304673275,-23.932770908372888,1.4815416986038348,0.693407526335189,2.1366103515404684
JFM2026,TP,FuXi,central_india,2026-01-01,daily,41,Week 6,0.3177761226673183,0.2826023100575197,0.01745637149312431,-0.12446399536733965,-17.204019248357742,0.9560418126392151,0.623117852306276,1.5342873087341744
JFM2026,TP,FuXi,central_india,2026-01-01,daily,42,Week 6,0.41816883007074584,0.2840996079856456,0.01745803315765247,-0.47190921182782564,-22.9528030617497,1.353695140489828,0.8511576771778588,1.590416413769782
JFM2026,TP,FuXi,central_india,2026-01-01,weekly,1,Week 1,0.02460698942877267,0.24203625619441138,0.026280360758239515,0.8983334570792256,0.06367383404134608,0.05,0.04421057688745098,1.1309510872768622
JFM2026,TP,FuXi,central_india,2026-01-01,weekly,2,Week 2,0.013528854020511911,0.24829635429756378,0.019239707547730304,0.9455132796500966,0.29682642072655097,0.05,0.015406119976087332,3.2454634961695543
JFM2026,TP,FuXi,central_india,2026-01-01,weekly,3,Week 3,0.4391832365502638,0.25613442667609543,0.017764116561263216,-0.7146591430508862,-23.723055325360534,0.7067794948847067,0.901093302303609,0.7843577275270532
JFM2026,TP,FuXi,central_india,2026-01-01,weekly,4,Week 4,0.5238667105949811,0.291564086730483,0.1969541562574873,-0.796746356759757,-1.659840851035943,1.383463856598735,1.0474999371146527,1.3207292979983347
JFM2026,TP,FuXi,central_india,2026-01-01,weekly,5,Week 5,0.24561289922973115,0.2687301960327754,0.07840836723391596,0.0860241876213449,-2.132483278181183,0.4698933090978207,0.5079396824563336,0.9250966705839454
JFM2026,TP,FuXi,central_india,2026-01-01,weekly,6,Week 6,0.28009001807834566,0.2793788513581091,0.01745963766526999,-0.0025455281127382268,-15.042143797490684,0.7322535846047546,0.5590776319593374,1.3097529622827275
JFM2026,TP,FuXi,east_northeast_india,2026-01-01,daily,1,Week 1,0.16450928437572443,1.6797510255853314,0.2783933479849364,0.9020632927916213,0.40907609479007434,0.05324285231130885,0.31764809564142094,0.1676158397984302
JFM2026,TP,FuXi,east_northeast_india,2026-01-01,daily,2,Week 1,0.6650144953003482,1.6337238675682406,0.18629181053495897,0.5929455959468802,-2.569746267378477,0.11657861137421888,1.2338856233886586,0.09448088960956964
JFM2026,TP,FuXi,east_northeast_india,2026-01-01,daily,3,Week 1,0.6827256818831859,1.668659505693057,0.33774432727540343,0.5908538083689971,-1.0214275318574866,0.17126873093292028,1.3751851149920378,0.12454231002486665
JFM2026,TP,FuXi,east_northeast_india,2026-01-01,daily,4,Week 1,0.2593645680181064,1.6685571929306655,0.1463464440757099,0.8445575799756935,-0.7722642299660418,0.05812565907449047,0.5016660173606546,0.11586525110929156
JFM2026,TP,FuXi,east_northeast_india,2026-01-01,daily,5,Week 1,0.18033264293990137,1.67675764903751,0.12779284781692807,0.8924515757877022,-0.4111325165727593,0.05085496530793184,0.4659465166109298,0.109143353357004
JFM2026,TP,FuXi,east_northeast_india,2026-01-01,daily,6,Week 1,0.12074261794551519,1.6891747026087922,0.18701567656258752,0.9285197571577184,0.3543716753332873,0.05701295371578977,0.2962996833598709,0.1924165192122216
JFM2026,TP,FuXi,east_northeast_india,2026-01-01,daily,7,Week 1,0.15434245914623937,1.6906566254271662,0.17100639390450695,0.9087085710812255,0.09744626722889094,0.06109742140927108,0.34124564269743585,0.17904234886727294
JFM2026,TP,FuXi,east_northeast_india,2026-01-01,daily,8,Week 2,0.0821229679322749,1.7165647556347037,0.29361391925656366,0.9521585377640416,0.7203028788954833,0.06906520944207194,0.18920741754130313,0.3650237942019124
JFM2026,TP,FuXi,east_northeast_india,2026-01-01,daily,9,Week 2,0.11249967230502546,1.7173224431334841,0.2767600091319537,0.9344912350299488,0.5935118203750751,0.08336196062743752,0.28118351283763937,0.2964681669496471
JFM2026,TP,FuXi,east_northeast_india,2026-01-01,daily,10,Week 2,0.21267794079646013,1.7210705012467566,0.27099438560032063,0.8764269443684064,0.21519429147830837,0.12045599685466704,0.5561831396723033,0.2165761387978038
JFM2026,TP,FuXi,east_northeast_india,2026-01-01,daily,11,Week 2,0.17778630107452784,1.694123800760695,0.17888161195253155,0.8950570784763792,0.006123104918656308,0.15046702054946176,0.47617291592128974,0.3159923958680876
JFM2026,TP,FuXi,east_northeast_india,2026-01-01,daily,12,Week 2,0.0178801878473183,1.7374222622963178,0.2995093763330246,0.989708783963844,0.9403017425823847,0.05961239116007326,0.04088959303074547,1.457886634265346
JFM2026,TP,FuXi,east_northeast_india,2026-01-01,daily,13,Week 2,0.05832007898017872,1.7380632977093642,0.2791487401357602,0.9664453653344846,0.7910788386441739,0.10097819784636478,0.13964163339833363,0.7231238663495164
JFM2026,TP,FuXi,east_northeast_india,2026-01-01,daily,14,Week 2,0.27423097266068824,1.7316294696835417,0.21800796186164162,0.8416341501101824,-0.25789430036838956,0.4050415065438569,0.7680145905772497,0.5273877755882508
JFM2026,TP,FuXi,east_northeast_india,2026-01-01,daily,15,Week 3,0.4701948356258471,1.7399161449642218,0.2749466637348784,0.7297600594219926,-0.7101310822932543,0.7952692822443038,1.2349221258153373,0.6439833456860611
JFM2026,TP,FuXi,east_northeast_india,2026-01-01,daily,16,Week 3,0.6095570790794368,1.7584805570827389,0.29441592888046,0.6533614906208165,-1.0703943614644973,1.6283019485473944,1.1754945128252923,1.3852059118794038
JFM2026,TP,FuXi,east_northeast_india,2026-01-01,daily,17,Week 3,0.5916187113328316,1.7583095482443465,0.2691554511285266,0.6635298307265881,-1.1980558404158899,1.530163116904936,1.2835952259717354,1.192091623546308
JFM2026,TP,FuXi,east_northeast_india,2026-01-01,daily,18,Week 3,0.5639023923329448,1.7546871590552604,0.22426781202713375,0.6786308092454754,-1.5144151861824882,1.360661247898835,1.180888017585404,1.1522356291505256
JFM2026,TP,FuXi,east_northeast_india,2026-01-01,daily,19,Week 3,0.4864798098801178,1.7382679680530475,0.3092381961927258,0.7201353192827911,-0.5731556317089954,0.8116324403012167,1.0598964195165361,0.7657658100887225
JFM2026,TP,FuXi,east_northeast_india,2026-01-01,daily,20,Week 3,0.5139058578045705,1.708466932556092,0.16172171109307626,0.6992005826909979,-2.1777171681593237,1.1084887772057743,1.0303612852007928,1.0758253373133642
JFM2026,TP,FuXi,east_northeast_india,2026-01-01,daily,21,Week 3,0.3906570372606643,1.7276883321986685,0.1974516532185932,0.7738845427268057,-0.9784946385238862,0.9354732298284512,0.7608266686604,1.229548421949449
JFM2026,TP,FuXi,east_northeast_india,2026-01-01,daily,22,Week 4,0.30954760172116036,1.7902281997745824,0.25776312550698954,0.8270904224611493,-0.20089947354695092,0.9198430368441164,0.5737451142777158,1.6032259167942566
JFM2026,TP,FuXi,east_northeast_india,2026-01-01,daily,23,Week 4,0.5530098531372284,1.7924638937188804,0.24457138013281904,0.6914806177825531,-1.2611388660312834,1.4330693680573794,1.1673537099010025,1.2276222330067472
JFM2026,TP,FuXi,east_northeast_india,2026-01-01,daily,24,Week 4,0.8754861694576371,1.7838360331221275,0.1950117314714206,0.5092115232556812,-3.4894025751775946,2.6781670815221075,1.6003838167468187,1.6734529888999712
JFM2026,TP,FuXi,east_northeast_india,2026-01-01,daily,25,Week 4,0.8292533313033615,1.7487450600153753,0.2447793514258433,0.525800901306866,-2.387758511790103,2.349881815384847,1.4046114748148384,1.6729763763994723
JFM2026,TP,FuXi,east_northeast_india,2026-01-01,daily,26,Week 4,0.5975589063676477,1.7584452159800519,0.13055317585897985,0.6601776950812743,-3.577130371865602,1.6970806554126303,1.197667733493182,1.416987873976394
JFM2026,TP,FuXi,east_northeast_india,2026-01-01,daily,27,Week 4,0.5417593538909558,1.8372054717419346,0.2959974974849992,0.7051177115332179,-0.830283561496703,1.3669258219707825,1.2418028297407866,1.1007591456818584
JFM2026,TP,FuXi,east_northeast_india,2026-01-01,daily,28,Week 4,0.8903561069355128,1.8268767357286544,0.23310471196635188,0.5126348212100955,-2.819554308554834,2.65471786171734,1.6841225350132851,1.5763210850310239
JFM2026,TP,FuXi,east_northeast_india,2026-01-01,daily,29,Week 5,0.9103352765468923,1.6284753152371387,0.9049977390040242,0.44098920749417125,-0.00589784627389478,1.728965210530269,2.0410181147051345,0.84710919421705
JFM2026,TP,FuXi,east_northeast_india,2026-01-01,daily,30,Week 5,0.5067949867042111,1.7026785054619968,0.4117881373880286,0.7023542700054819,-0.230717790752329,1.4225224563472016,0.9971367018233415,1.4266072583087248
JFM2026,TP,FuXi,east_northeast_india,2026-01-01,daily,31,Week 5,0.9064124511223318,1.8417997641129353,0.1942090521318198,0.5078659098651331,-3.6671998095490546,2.3571196130386376,1.8443695269865639,1.2780083267206404
JFM2026,TP,FuXi,east_northeast_india,2026-01-01,daily,32,Week 5,0.5222505803839274,1.8713947950080154,0.2529100020488365,0.7209297675845623,-1.0649660992177035,1.5257887600076272,0.9793371524729384,1.5579810856300467
JFM2026,TP,FuXi,east_northeast_india,2026-01-01,daily,33,Week 5,0.5919696159357559,1.8449494499235481,0.1813701387522435,0.6791404686126841,-2.2638758508334296,1.8168804345525182,0.9717647145867102,1.8696711326107722
JFM2026,TP,FuXi,east_northeast_india,2026-01-01,daily,34,Week 5,0.8679417566004339,1.848707309512942,0.17046303728270268,0.530514239796509,-4.0916713114820595,2.7831974725316204,1.607800438660762,1.7310590329543138
JFM2026,TP,FuXi,east_northeast_india,2026-01-01,daily,35,Week 5,0.6935673117844608,1.8113412934668172,0.23076731118149246,0.6170973883905625,-2.005483351318282,1.867911530776986,1.3164280456328317,1.4189241386748532
JFM2026,TP,FuXi,east_northeast_india,2026-01-01,daily,36,Week 6,0.633201722537519,1.7657326156054396,0.24615851771189107,0.6413943329010746,-1.5723331795433997,1.9977619431730085,1.2776483693671847,1.5636242264078448
JFM2026,TP,FuXi,east_northeast_india,2026-01-01,daily,37,Week 6,0.6490791653743972,1.8532055629454225,0.26487001111552283,0.6497532824460268,-1.450557398479143,1.129611619537312,1.2788013903265545,0.8833362460208576
JFM2026,TP,FuXi,east_northeast_india,2026-01-01,daily,38,Week 6,1.211339839905836,1.8403782011443528,0.65935497655445,0.3417984199374775,-0.8371588643129058,2.119328748184853,2.3648051692740917,0.896195921643477
JFM2026,TP,FuXi,east_northeast_india,2026-01-01,daily,39,Week 6,0.602076167160791,1.7657543314110276,0.25118247811234734,0.6590260850841763,-1.396967223531803,1.5216107828897447,1.1811901186123557,1.2882014156004877
JFM2026,TP,FuXi,east_northeast_india,2026-01-01,daily,40,Week 6,0.6784785604855049,1.946616828345161,0.21646113208218684,0.651457569560679,-2.134412880312838,1.5444141563001752,1.6091639430327973,0.9597618458871332
JFM2026,TP,FuXi,east_northeast_india,2026-01-01,daily,41,Week 6,0.5506704516243623,1.951890914192087,0.21706622455351945,0.7178784697339031,-1.5368776407155416,1.4067311972150176,1.1972411207646065,1.174977348185821
JFM2026,TP,FuXi,east_northeast_india,2026-01-01,daily,42,Week 6,0.6722214061966654,1.9489165387511869,0.17424047447248256,0.6550794285796319,-2.858009502280298,2.1702430284651015,1.074631392158055,2.019523200515164
JFM2026,TP,FuXi,east_northeast_india,2026-01-01,weekly,1,Week 1,0.2874066969792728,1.668729884818196,0.15601167707011301,0.8277691916504599,-0.8422127264878365,0.05695449732722156,0.5006955299089894,0.11375076054218837
JFM2026,TP,FuXi,east_northeast_india,2026-01-01,weekly,2,Week 2,0.11973495110751184,1.721573744842374,0.25831628096161985,0.930450292085237,0.5364792700569198,0.09094089655189327,0.2845481153069657,0.31959760637946155
JFM2026,TP,FuXi,east_northeast_india,2026-01-01,weekly,3,Week 3,0.5167627476329899,1.7377801979232832,0.17301317592439705,0.7026305465728393,-1.98684042340685,0.4941051907831407,0.9243712810496743,0.5345310925519637
JFM2026,TP,FuXi,east_northeast_india,2026-01-01,weekly,4,Week 4,0.5697626983186963,1.7870413226622912,0.18275121052953566,0.6811698246183375,-2.117695891960251,1.2163050358007619,1.0932652343472236,1.1125434136090535
JFM2026,TP,FuXi,east_northeast_india,2026-01-01,weekly,5,Week 5,0.5361851664419945,1.7658067025707855,0.15035743220780293,0.6963511545961523,-2.5660702538531965,0.8873301345108477,1.0407911656727327,0.8525534840962137
JFM2026,TP,FuXi,east_northeast_india,2026-01-01,weekly,6,Week 6,0.6062901736700519,1.8453695045127336,0.16101586136378446,0.6714532389381054,-2.765406516692511,0.9540276798854844,1.2238269445225127,0.7795445950552323
JFM2026,TP,FuXi,northwest_india,2026-01-01,daily,1,Week 1,0.7901130381483185,0.7535351247262547,0.7772484803881318,-0.048541749709878346,-0.01655140934307453,0.07332826078304452,1.419506694311057,0.0516575660241135
JFM2026,TP,FuXi,northwest_india,2026-01-01,daily,2,Week 1,0.07911441169202324,0.7333059991931625,0.3856325529959209,0.8921126899560746,0.7948450900283305,0.05020086235574083,0.14602014289597431,0.34379409141863565
JFM2026,TP,FuXi,northwest_india,2026-01-01,daily,3,Week 1,0.12180537828538046,0.7150678355360138,0.3057627935010931,0.8296589886551458,0.6016344013257289,0.05000000000000001,0.291211780302675,0.17169635084141105
JFM2026,TP,FuXi,northwest_india,2026-01-01,daily,4,Week 1,0.18394170567855456,0.7083737136637095,0.37843914447983434,0.7403323949907629,0.5139464076017217,0.05192974481419278,0.5505474401845895,0.0943238330138845
JFM2026,TP,FuXi,northwest_india,2026-01-01,daily,5,Week 1,0.029105182233108578,0.747427670008695,0.34778276289989185,0.9610595333823138,0.9163121772038875,0.057364259850362635,0.055312315062993285,1.0370974309253276
JFM2026,TP,FuXi,northwest_india,2026-01-01,daily,6,Week 1,0.07251298536762274,0.7460864552149471,0.37023892563052896,0.9028088703919283,0.8041454305645179,0.060313907800300263,0.23591504397806548,0.25565943902207455
JFM2026,TP,FuXi,northwest_india,2026-01-01,daily,7,Week 1,0.04741688618787991,0.7676517100020308,0.3748438947231468,0.9382312504876014,0.8735023116145424,0.08854902350010325,0.13676346767299838,0.6474610874288745
JFM2026,TP,FuXi,northwest_india,2026-01-01,daily,8,Week 2,0.032875995676041415,0.7743239820777037,0.38615511045233203,0.9575423253870725,0.9148632381492211,0.05344778371243816,0.0701624262246707,0.7617721704960755
JFM2026,TP,FuXi,northwest_india,2026-01-01,daily,9,Week 2,0.06718939401622757,0.7824351472358098,0.4217790713122175,0.9141278427309988,0.8407000285547802,0.05000000000000001,0.2613508684750491,0.19131369370128362
JFM2026,TP,FuXi,northwest_india,2026-01-01,daily,10,Week 2,0.012613520776836251,0.7848117523582593,0.38257369802546926,0.9839279664977821,0.9670298276072379,0.05000000000000001,0.01084674311560885,4.609678635059424
JFM2026,TP,FuXi,northwest_india,2026-01-01,daily,11,Week 2,0.022056201667648042,0.7896113168817,0.3806564034315209,0.9720670142434743,0.9420574526822169,0.05240960853782404,0.047766375325020156,1.0972071500340899
JFM2026,TP,FuXi,northwest_india,2026-01-01,daily,12,Week 2,0.10588102420371673,0.778519740582788,0.31785872616748784,0.863996994958078,0.6668928190823827,0.06300336001368821,0.37197760709047795,0.16937406664472573
JFM2026,TP,FuXi,northwest_india,2026-01-01,daily,13,Week 2,0.03287596059430446,0.8024673215247231,0.3803240005418479,0.9590314026347656,0.913558017512789,0.0763137452989111,0.07335344123841464,1.0403567168835997
JFM2026,TP,FuXi,northwest_india,2026-01-01,daily,14,Week 2,0.04836772567531231,0.809874868394447,0.38146529801679624,0.9402775322918713,0.8732054372264744,0.11912063663188381,0.10406436509293118,1.1446822985515468
JFM2026,TP,FuXi,northwest_india,2026-01-01,daily,15,Week 3,0.10914828470687596,0.7920923538376606,0.31415358885174677,0.8622025775428128,0.6525639413962434,0.29228327846325797,0.25018762638594483,1.168256331000061
JFM2026,TP,FuXi,northwest_india,2026-01-01,daily,16,Week 3,0.9600833174021033,1.1399482988092184,0.8901231567725476,0.1577834552628402,-0.07859604606088522,0.5924080159150027,2.529808833345454,0.2341710599261345
JFM2026,TP,FuXi,northwest_india,2026-01-01,daily,17,Week 3,0.6148482166923002,0.8101914586278256,0.392763036971754,0.2411075059546628,-0.5654431777308964,1.7411713075623465,1.2520140419401673,1.3906963094951899
JFM2026,TP,FuXi,northwest_india,2026-01-01,daily,18,Week 3,0.3818731408232062,0.7932852035273329,0.36285051001161883,0.5186180970914218,-0.05242553141506745,1.0877564526206358,0.8828083160692685,1.2321547416588747
JFM2026,TP,FuXi,northwest_india,2026-01-01,daily,19,Week 3,0.6873890811177588,0.8495245544179916,0.35385392522650816,0.1908543696083178,-0.9425786521309574,1.064707503456452,1.552177496855101,0.6859444268543242
JFM2026,TP,FuXi,northwest_india,2026-01-01,daily,20,Week 3,0.38961499859605503,0.7936156288827703,0.2192076684804951,0.509063349540452,-0.7773785073158725,0.9678072369419083,0.661460157366335,1.4631376148116353
JFM2026,TP,FuXi,northwest_india,2026-01-01,daily,21,Week 3,0.6667414072750416,0.8399387749640362,0.30937467354847853,0.20620237194837254,-1.1551260147691575,2.206767414897471,1.0306824193007296,2.1410740821548706
JFM2026,TP,FuXi,northwest_india,2026-01-01,daily,22,Week 4,3.118230863790602,2.758947172024052,3.2224659042057415,-0.13022492616376136,0.032346359438310546,3.836941051007565,6.514626003418976,0.5889733422906978
JFM2026,TP,FuXi,northwest_india,2026-01-01,daily,23,Week 4,10.56352431902998,10.461764259459503,12.358408395825293,-0.00972685457698641,0.14523586042047532,2.479685179842329,19.20921225448953,0.12908833256620314
JFM2026,TP,FuXi,northwest_india,2026-01-01,daily,24,Week 4,0.9500385410830879,0.7841719854736453,0.49731412895483634,-0.21151808363730074,-0.9103389302043454,2.8313615002372763,1.9292721494984901,1.4675801446536623
JFM2026,TP,FuXi,northwest_india,2026-01-01,daily,25,Week 4,0.9669739484351781,0.8017634037141927,0.2502055370160619,-0.20605897445012156,-2.8647184229704052,2.884759619499012,2.019167428877171,1.4286876750499011
JFM2026,TP,FuXi,northwest_india,2026-01-01,daily,26,Week 4,1.2670248565739277,0.929601541135526,1.1761920160019483,-0.3629762866208599,-0.07722620060008034,1.597307063290358,2.6541436305193153,0.6018163617534993
JFM2026,TP,FuXi,northwest_india,2026-01-01,daily,27,Week 4,8.317049958424294,7.454856911843271,9.436218713379697,-0.11565521066021889,0.11860352000622076,1.6886453867532354,13.970396261440348,0.12087312021449677
JFM2026,TP,FuXi,northwest_india,2026-01-01,daily,28,Week 4,0.9975303086917221,1.275745443723597,1.2534912918571246,0.21808044575086338,0.20419845341420806,2.8739696186469668,2.2868693956865735,1.2567266080291968
JFM2026,TP,FuXi,northwest_india,2026-01-01,daily,29,Week 5,0.3638846622215266,0.894381784901063,0.3469271658950622,0.5931439253743527,-0.048879125054143824,0.9322474927302061,0.7838425604450896,1.189330025918531
JFM2026,TP,FuXi,northwest_india,2026-01-01,daily,30,Week 5,0.49871250006659584,0.8380976747381275,0.20774862457213192,0.40494704245251145,-1.4005574096758413,1.3697963087477987,0.9978359921273312,1.3727669873156896
JFM2026,TP,FuXi,northwest_india,2026-01-01,daily,31,Week 5,0.9088581401760697,0.8851184488925922,0.5956267025266375,-0.026820920197945464,-0.5258854855242556,2.4139369514029028,1.6550965657313959,1.4584870764541593
JFM2026,TP,FuXi,northwest_india,2026-01-01,daily,32,Week 5,1.19070735665266,1.0164051810316608,1.7678187463424089,-0.17148886966916188,0.3264539370248132,3.030491062555483,2.234698599426918,1.3561072904116214
JFM2026,TP,FuXi,northwest_india,2026-01-01,daily,33,Week 5,0.7641257706583224,0.9885074583029657,0.5439232163291583,0.22699038409872374,-0.4048412491293758,2.079547765796043,1.4254134226043633,1.458908505292812
JFM2026,TP,FuXi,northwest_india,2026-01-01,daily,34,Week 5,0.905525277618354,0.7870020105084387,0.8631871442809825,-0.15060097118855387,-0.049048614333382146,2.6429121302428076,1.5841650509643639,1.6683312945415183
JFM2026,TP,FuXi,northwest_india,2026-01-01,daily,35,Week 5,0.3781537744731105,0.947249185203949,0.3726861150664876,0.6007874375825496,-0.014670950125543314,1.054306178312777,0.860269877375019,1.2255528248063616
JFM2026,TP,FuXi,northwest_india,2026-01-01,daily,36,Week 6,0.2732162596357964,0.9578295715792498,0.36497964232575975,0.7147548293113116,0.2514205507606385,0.7637302027785479,0.5670347115129353,1.3468843922108382
JFM2026,TP,FuXi,northwest_india,2026-01-01,daily,37,Week 6,0.5455534409728857,0.9260904821961025,0.2676504084763749,0.4109069778158425,-1.0383060279208984,1.4522511579106152,1.1399533703200848,1.2739566334216295
JFM2026,TP,FuXi,northwest_india,2026-01-01,daily,38,Week 6,0.3202797477477824,0.9758114072874595,0.3734660536272769,0.6717810989337689,0.14241269149611924,1.0512229411735325,0.6558747831298218,1.6027799333237314
JFM2026,TP,FuXi,northwest_india,2026-01-01,daily,39,Week 6,0.6457530178851355,0.9858088341447679,0.38196162847304954,0.3449510741650491,-0.6906227478048848,1.963915159145138,0.9915290190894717,1.9806935766223117
JFM2026,TP,FuXi,northwest_india,2026-01-01,daily,40,Week 6,1.0336832792257673,0.9030948935201114,0.25250104810295504,-0.14460095682375562,-3.093778172375317,3.3503161078852473,1.6350697729486419,2.0490355600197874
JFM2026,TP,FuXi,northwest_india,2026-01-01,daily,41,Week 6,1.095664167315132,0.9071476116705387,0.7587131147339287,-0.20781243671846794,-0.44410864401542316,2.838616190137336,2.152330992336615,1.3188567187129874
JFM2026,TP,FuXi,northwest_india,2026-01-01,daily,42,Week 6,1.6583249387504517,0.9877796820781047,0.36769496175656724,-0.6788409083912765,-3.5100561912195776,4.780211789187239,2.982575926109966,1.6027125235406312
JFM2026,TP,FuXi,northwest_india,2026-01-01,weekly,1,Week 1,0.13805220782666486,0.6988658241609748,0.28664903714761736,0.8024624998762763,0.5183929128093625,0.05379250033528639,0.2711746934801521,0.19836843786908745
JFM2026,TP,FuXi,northwest_india,2026-01-01,weekly,2,Week 2,0.03081566961046869,0.7842544188009309,0.3697913329366025,0.9607070500698184,0.9166674097909381,0.0517938655953485,0.06477127012765328,0.7996425806267424
JFM2026,TP,FuXi,northwest_india,2026-01-01,weekly,3,Week 3,0.39615691440149153,0.7712129346356146,0.20623694977220888,0.4863196704699083,-0.920882338683982,0.6138158340874338,0.8395074459196804,0.7311618700594115
JFM2026,TP,FuXi,northwest_india,2026-01-01,weekly,4,Week 4,2.622268849878969,2.064730791823717,3.8004757027310894,-0.2700294199433111,0.31001562567692253,1.4717306567805584,4.6253726286031815,0.3181863981464791
JFM2026,TP,FuXi,northwest_india,2026-01-01,weekly,5,Week 5,0.4524778075627085,0.75711575211577,0.5244104143535362,0.4023664065920525,0.13716853216864922,1.1734179630091375,0.7972541082207969,1.4718242915396345
JFM2026,TP,FuXi,northwest_india,2026-01-01,weekly,6,Week 6,0.5854574582718475,0.8839116856899466,0.20314533733433554,0.3376516367527572,-1.8819635535533097,1.4410369968192214,1.127749325919239,1.277799031841246
JFM2026,TP,FuXi,south_peninsula,2026-01-01,daily,1,Week 1,1.4393660583655143,0.8712922820364924,1.197429080345678,-0.6519899097479085,-0.20204702056341683,0.1532617844760937,2.8516823518169407,0.05374433950486927
JFM2026,TP,FuXi,south_peninsula,2026-01-01,daily,2,Week 1,0.4607274880859658,0.43330643786375406,0.25795048944649496,-0.06328327443598658,-0.7861082143111482,0.07835970632181388,0.6658659641260759,0.11768090057682713
JFM2026,TP,FuXi,south_peninsula,2026-01-01,daily,3,Week 1,0.1226343228745643,0.41561762649941714,0.074086004230251,0.7049347403586689,-0.6552967614966867,0.060977026367890055,0.21272704763488182,0.2866444443517552
JFM2026,TP,FuXi,south_peninsula,2026-01-01,daily,4,Week 1,0.07822138196015962,0.42353753895257235,0.09942085867700377,0.815314169899545,0.2132296682903989,0.06302376134054587,0.20991288695265958,0.3002376950528018
JFM2026,TP,FuXi,south_peninsula,2026-01-01,daily,5,Week 1,0.07456841823993614,0.41901672446329224,0.10945198569964623,0.8220395180277138,0.3187111429429539,0.07546897581855214,0.25186543239007,0.2996400701056568
JFM2026,TP,FuXi,south_peninsula,2026-01-01,daily,6,Week 1,0.08885014482021353,0.38671018394403284,0.12052502119803497,0.770241000860033,0.26280747402463733,0.05172226260757551,0.23847465166939255,0.21688788408119894
JFM2026,TP,FuXi,south_peninsula,2026-01-01,daily,7,Week 1,0.02615027425516754,0.41206832735602894,0.1002108788957983,0.9365389851169668,0.7390475510911423,0.054806277449973816,0.05472056517424878,1.0015663631296954
JFM2026,TP,FuXi,south_peninsula,2026-01-01,daily,8,Week 2,0.13969785693292275,0.409836262318899,0.10315855122975426,0.6591373927175288,-0.3542053011367745,0.1723626926732869,0.5022360482674085,0.3431906038363754
JFM2026,TP,FuXi,south_peninsula,2026-01-01,daily,9,Week 2,0.6087296324594409,0.9238978064339725,0.9537696662714438,0.3411288259152886,0.36176452870519804,0.3163409241086352,2.309431338306871,0.1369778433597235
JFM2026,TP,FuXi,south_peninsula,2026-01-01,daily,10,Week 2,2.994517679039944,2.9333021362089506,3.389325605671008,-0.02086915700750458,0.11648568847161589,0.22336371844477454,5.2572738241417545,0.042486605399755545
JFM2026,TP,FuXi,south_peninsula,2026-01-01,daily,11,Week 2,1.187333826252162,1.302338320233003,1.4574665008288716,0.0883061583876803,0.18534400236512005,0.67599063796934,2.403716046162935,0.2812273267669979
JFM2026,TP,FuXi,south_peninsula,2026-01-01,daily,12,Week 2,1.1694725039518985,0.741179053369083,0.7903646842248744,-0.5778542291987026,-0.4796618919009803,1.4601419606861499,3.6593135052910326,0.3990207339641488
JFM2026,TP,FuXi,south_peninsula,2026-01-01,daily,13,Week 2,2.5914455433496952,2.41401412344084,2.77217278694885,-0.07350057242248087,0.0651933546314295,1.6852721785710385,6.597285140896489,0.25544934659926355
JFM2026,TP,FuXi,south_peninsula,2026-01-01,daily,14,Week 2,0.6311416058694828,0.3847974151148353,0.1458563203587864,-0.640191906385678,-3.327146086758267,1.3426031530047324,1.6459612354698372,0.8156954878840074
JFM2026,TP,FuXi,south_peninsula,2026-01-01,daily,15,Week 3,0.3907569543643806,0.3823298346747273,0.09301103562986825,-0.02204149120829868,-3.201189156944496,0.9289760223481557,0.9038877644236226,1.0277559437266317
JFM2026,TP,FuXi,south_peninsula,2026-01-01,daily,16,Week 3,0.3538889887525468,0.3829428621682934,0.0972344652662745,0.07586999598644595,-2.6395427051861646,0.8221914018668003,0.7048872388766512,1.1664155009772794
JFM2026,TP,FuXi,south_peninsula,2026-01-01,daily,17,Week 3,0.3564659936660851,0.3820335494809569,0.10297744203845613,0.06692489664745072,-2.4615930111467095,0.8176975645925668,0.6705058892150996,1.2195233147762075
JFM2026,TP,FuXi,south_peninsula,2026-01-01,daily,18,Week 3,0.39879305500501255,0.39203958537011036,0.21309340262679716,-0.01722649927947062,-0.8714472155829338,0.6668845064479998,0.8349058423067918,0.7987541500553407
JFM2026,TP,FuXi,south_peninsula,2026-01-01,daily,19,Week 3,0.32522418775588174,0.37712250434810846,0.12043798915853463,0.13761659936454285,-1.7003455473487148,0.6759216127353853,0.6159510608236975,1.0973625271973564
JFM2026,TP,FuXi,south_peninsula,2026-01-01,daily,20,Week 3,0.38288174172920164,0.375802349133278,0.11482956721432337,-0.018838074355445267,-2.334348034374918,0.868034460022309,0.7285098248065665,1.191520595144738
JFM2026,TP,FuXi,south_peninsula,2026-01-01,daily,21,Week 3,0.4218083391858416,0.3771957298309892,0.10326788217716755,-0.1182744284375703,-3.084603366438584,0.8649492533026429,0.7631840483998479,1.1333429401677932
JFM2026,TP,FuXi,south_peninsula,2026-01-01,daily,22,Week 4,0.39001471738851146,0.3744989695212501,0.11388536280032897,-0.041430682405071195,-2.4246254988212135,0.8399773252065608,0.7042754060784724,1.1926830299011861
JFM2026,TP,FuXi,south_peninsula,2026-01-01,daily,23,Week 4,0.3533390562559904,0.4083713816764707,0.1802487790804529,0.13476048491585846,-0.9602854347117644,0.7332705154540212,0.6773428667414494,1.0825691853545718
JFM2026,TP,FuXi,south_peninsula,2026-01-01,daily,24,Week 4,1.405711462588177,1.3803343934037944,1.296880462237362,-0.018384725690855808,-0.08391752634090976,0.8088829367258531,5.163563300936826,0.156652081050134
JFM2026,TP,FuXi,south_peninsula,2026-01-01,daily,25,Week 4,1.3434974084567577,1.0469379693990701,0.8979614679657543,-0.28326361993338445,-0.4961637624611248,1.9247841847088498,3.8597176201443193,0.498685234034525
JFM2026,TP,FuXi,south_peninsula,2026-01-01,daily,26,Week 4,0.4289361875312309,0.3806606869247394,0.20307476199150426,-0.1268202949889492,-1.1122082494385772,1.3021855254494428,0.7897482486727595,1.648861555106806
JFM2026,TP,FuXi,south_peninsula,2026-01-01,daily,27,Week 4,0.12775612529373645,0.37252107687642516,0.09941074952204253,0.6570499409994016,-0.2851339106482529,0.3322437826270057,0.262086546663058,1.2676872844379259
JFM2026,TP,FuXi,south_peninsula,2026-01-01,daily,28,Week 4,0.09438101740093467,0.3739605957819684,0.1072205435023529,0.7476177477908341,0.11974875039815913,0.24837322902851963,0.183052910454419,1.3568384595030283
JFM2026,TP,FuXi,south_peninsula,2026-01-01,daily,29,Week 5,0.1013886171909423,0.37319377724628705,0.10738162587343467,0.7283217905210904,0.055810373830212034,0.3004904515911727,0.18702561412233892,1.60668073729523
JFM2026,TP,FuXi,south_peninsula,2026-01-01,daily,30,Week 5,0.09758649964630542,0.37313190616929454,0.10716905074535263,0.7384664832118935,0.0894152839126715,0.265909499423234,0.1894846267262786,1.4033302015965416
JFM2026,TP,FuXi,south_peninsula,2026-01-01,daily,31,Week 5,0.10571791974757241,0.3692129956530291,0.11073451761277987,0.7136668508631758,0.04530292787972101,0.2028290264522054,0.238667131877915,0.8498406330870821
JFM2026,TP,FuXi,south_peninsula,2026-01-01,daily,32,Week 5,0.09166207270260672,0.365488692052599,0.09565071503601107,0.7492068162551655,0.04170007858177205,0.14814335513349303,0.21550695154867414,0.6874179884635115
JFM2026,TP,FuXi,south_peninsula,2026-01-01,daily,33,Week 5,0.2068425368446026,0.36984030555983666,0.19219215765899125,0.44072472974112487,-0.0762277678967822,0.26928587579435204,0.635002243658809,0.4240707469673779
JFM2026,TP,FuXi,south_peninsula,2026-01-01,daily,34,Week 5,0.11945753056613356,0.37132938704949375,0.09982250070890122,0.6782976658127753,-0.19669943868157835,0.3592064025542244,0.23687168538209755,1.5164598587407727
JFM2026,TP,FuXi,south_peninsula,2026-01-01,daily,35,Week 5,0.10114174512228623,0.37239001876828715,0.10718390596068239,0.7283983457536766,0.05637190382493218,0.2733136444998622,0.19961215561871984,1.3692234506094905
JFM2026,TP,FuXi,south_peninsula,2026-01-01,daily,36,Week 6,0.07970719139940384,0.3648520725551242,0.06410705669574808,0.7815355937511876,-0.24334504667238055,0.16753979308754405,0.16534134873707276,1.0132963978294822
JFM2026,TP,FuXi,south_peninsula,2026-01-01,daily,37,Week 6,0.09578098130792888,0.37171174657272543,0.10319563043667304,0.7423245776033356,0.0718504174776492,0.29495323318921435,0.22005914250117414,1.340336192519884
JFM2026,TP,FuXi,south_peninsula,2026-01-01,daily,38,Week 6,0.07351187026071034,0.3725110943542142,0.10545390001470668,0.8026585748052668,0.3029004119292097,0.21418374477098637,0.1661358040307297,1.2892088253978617
JFM2026,TP,FuXi,south_peninsula,2026-01-01,daily,39,Week 6,0.07334192989673304,0.3734354566027411,0.10723964012567692,0.8036021256150997,0.3160930994287027,0.19656265568671233,0.15916388681000282,1.2349701909538888
JFM2026,TP,FuXi,south_peninsula,2026-01-01,daily,40,Week 6,0.14941166400202788,0.36456503415017094,0.10274090669939163,0.5901645796879069,-0.45425681748351354,0.39736010537606953,0.30660584531957114,1.2959965096617987
JFM2026,TP,FuXi,south_peninsula,2026-01-01,daily,41,Week 6,0.1267231127155824,0.3738078687579572,0.1040068901814835,0.6609939936881415,-0.21841074658093285,0.36228272090414004,0.2540318874497308,1.4261308867211817
JFM2026,TP,FuXi,south_peninsula,2026-01-01,daily,42,Week 6,0.08521588286692333,0.3750084754126163,0.1077809058766142,0.7727627814993739,0.209360116489677,0.2222502456635219,0.17302927856509218,1.2844661175646825
JFM2026,TP,FuXi,south_peninsula,2026-01-01,weekly,1,Week 1,0.25438275472116145,0.3837884940232968,0.14725329383617863,0.33717983034238674,-0.7275182652563674,0.058124673683073974,0.5219687291997459,0.1113566204860348
JFM2026,TP,FuXi,south_peninsula,2026-01-01,weekly,2,Week 2,0.4041868710786029,0.8166273924327403,1.280043372430925,0.50505349829801,0.6842397064163432,0.6244776368078355,0.8618924621769252,0.7245424043163818
JFM2026,TP,FuXi,south_peninsula,2026-01-01,weekly,3,Week 3,0.36139083525372767,0.37744442670195594,0.09257393246023168,0.04253233141763879,-2.903807752889568,0.5166530270145143,0.6679637847755482,0.7734746086393323
JFM2026,TP,FuXi,south_peninsula,2026-01-01,weekly,4,Week 4,0.5205640798648015,0.515100723372947,0.35717382713431334,-0.010606384817477554,-0.4574530391585665,0.7243295255519985,1.4057427083861982,0.5152646506582513
JFM2026,TP,FuXi,south_peninsula,2026-01-01,weekly,5,Week 5,0.09093970344059672,0.36655606996675866,0.07142262787332554,0.7519077955826958,-0.27326179599393163,0.19342129422028584,0.1821077344771077,1.0621256410424476
JFM2026,TP,FuXi,south_peninsula,2026-01-01,weekly,6,Week 6,0.08276724343355266,0.37007533074020665,0.08935325580906509,0.7763502817980176,0.0737075813956436,0.20174169802184877,0.16838657683706593,1.1980865803635756
JFM2026,TP,SPIRE,All India,2026-01-01,daily,1,Week 1,0.4716514099502805,0.7399165448629124,0.5265705450260332,0.3625613412419837,0.1042958737333809,0.20604450881230457,1.1749771083781226,0.17536044518919838
JFM2026,TP,SPIRE,All India,2026-01-01,daily,2,Week 1,0.12582993588297708,0.6461170872147187,0.21448231975235885,0.8052521154866764,0.4133318959424709,0.14501037329680275,0.3600832037293248,0.4027135167509988
JFM2026,TP,SPIRE,All India,2026-01-01,daily,3,Week 1,0.1233308689054132,0.6405388137244508,0.18217032628107804,0.8074576180820354,0.3229914474922718,0.17596398223710746,0.40126363327382564,0.43852461984021407
JFM2026,TP,SPIRE,All India,2026-01-01,daily,4,Week 1,0.10575130887187438,0.639400175360672,0.17628362485071236,0.8346085707401905,0.4001070209361137,0.18129186175530818,0.32283975615208743,0.5615537067556913
JFM2026,TP,SPIRE,All India,2026-01-01,daily,5,Week 1,0.11954257171018354,0.6534627269350269,0.16080023773006033,0.8170629069069008,0.2565771456702517,0.29489330945257825,0.3057991735138113,0.9643365155768137
JFM2026,TP,SPIRE,All India,2026-01-01,daily,6,Week 1,0.15828789170268331,0.6498005506613618,0.17659442678451825,0.7564054207993836,0.10366428553361262,0.47170712506029683,0.33405617588166137,1.4120592855837457
JFM2026,TP,SPIRE,All India,2026-01-01,daily,7,Week 1,0.12835897764286067,0.6620396077332432,0.17194618090839767,0.8061158635472749,0.253493290954555,0.37363293047681023,0.2713812219747772,1.376782548762849
JFM2026,TP,SPIRE,All India,2026-01-01,daily,8,Week 2,0.18098706522832728,0.6679505487673688,0.1944329069810791,0.7290412208473823,0.06915414659752162,0.523161137339846,0.42475719924190003,1.2316710305877707
JFM2026,TP,SPIRE,All India,2026-01-01,daily,9,Week 2,0.28260822584973033,0.7661982502423962,0.3611765030169616,0.6311552189523746,0.217534298358112,0.8234220986753095,1.044437211332499,0.788388320275168
JFM2026,TP,SPIRE,All India,2026-01-01,daily,10,Week 2,0.5987376846459842,1.1395987416647968,0.8004797096156212,0.4746065761960119,0.25202640684860156,1.0295107318272834,2.16622839474286,0.4752549335636838
JFM2026,TP,SPIRE,All India,2026-01-01,daily,11,Week 2,0.3464488063666125,0.8350471472173928,0.42857442737474605,0.5851146758346815,0.19162510817828793,0.9553255395419722,1.0536990638782433,0.9066398294270115
JFM2026,TP,SPIRE,All India,2026-01-01,daily,12,Week 2,0.26389163101913826,0.7347366644960523,0.30047252293417254,0.6408350858601312,0.12174454941109014,0.7085186342336882,0.7465417565172308,0.9490676550218328
JFM2026,TP,SPIRE,All India,2026-01-01,daily,13,Week 2,0.6447348491567692,1.0526361945975742,0.6874027876286513,0.3875045790124544,0.06207123281980664,0.8191524660135938,3.274718363157254,0.25014440179943426
JFM2026,TP,SPIRE,All India,2026-01-01,daily,14,Week 2,0.25234188658683393,0.6774187435310942,0.19537018676811602,0.6274949741256293,-0.29160897453784673,0.9061348043438745,0.3823591624770515,2.369852466653677
JFM2026,TP,SPIRE,All India,2026-01-01,daily,15,Week 3,0.36833441369342973,0.6738579066677948,0.1663324173462853,0.4533945360753704,-1.2144475476875871,1.3279637603833978,0.5475939271976092,2.425088545410727
JFM2026,TP,SPIRE,All India,2026-01-01,daily,16,Week 3,0.6665888865750375,0.7902721356405131,0.3572914415811891,0.15650716188447011,-0.8656726946076743,1.3365606448145584,1.5935533080505597,0.8387297984085716
JFM2026,TP,SPIRE,All India,2026-01-01,daily,17,Week 3,0.476116175582808,0.6831997011148053,0.19289569637830495,0.3031083374218263,-1.468257117821095,1.4806412668336804,0.7855644737690556,1.8848118980352047
JFM2026,TP,SPIRE,All India,2026-01-01,daily,18,Week 3,0.4599437969360406,0.6790749715395398,0.1991505715296234,0.3226906951182489,-1.3095278783451771,1.587401430231857,0.6700354655856167,2.3691304591533147
JFM2026,TP,SPIRE,All India,2026-01-01,daily,19,Week 3,0.4840387771675517,0.692484941642236,0.19000222226761154,0.3010118371388001,-1.5475427149783538,1.4226368227086048,0.9328501957070111,1.5250431733365102
JFM2026,TP,SPIRE,All India,2026-01-01,daily,20,Week 3,0.4375702215154811,0.6703469109052949,0.12265214035517427,0.34724809737013906,-2.567571020353755,1.52866862640872,0.6548278859815154,2.334458655677763
JFM2026,TP,SPIRE,All India,2026-01-01,daily,21,Week 3,0.46142796731731117,0.6890734243998795,0.155150265393883,0.3303645867359155,-1.9740714019784305,1.6106732545983327,0.7936270930667184,2.0295089074824806
JFM2026,TP,SPIRE,All India,2026-01-01,daily,22,Week 4,1.1839931378034318,1.322647322075364,1.113756702488715,0.1048308055804098,-0.06306263760996633,1.9516582495779993,3.6766094159026164,0.5308309991092329
JFM2026,TP,SPIRE,All India,2026-01-01,daily,23,Week 4,3.7545362672862703,3.835489814203787,4.1042082837538505,0.02110644294184416,0.0851984091186907,1.5181269010700043,11.295610461827199,0.13439972157329771
JFM2026,TP,SPIRE,All India,2026-01-01,daily,24,Week 4,0.8179916608426067,0.8657646172521631,0.4380500205922183,0.05518007488130239,-0.8673476141759546,2.2949182068827034,2.3958759335683446,0.9578618720313794
JFM2026,TP,SPIRE,All India,2026-01-01,daily,25,Week 4,0.7620844043880919,0.8033214971025371,0.2952987608426736,0.05133323689603897,-1.5807233400281953,2.2692986751333164,1.9121594460624092,1.1867727243177035
JFM2026,TP,SPIRE,All India,2026-01-01,daily,26,Week 4,0.6519477413019837,0.7253335361154452,0.44950008206608005,0.10117524029907976,-0.45038403175673336,1.9715760522703731,1.3407397788504065,1.4705135801675595
JFM2026,TP,SPIRE,All India,2026-01-01,daily,27,Week 4,3.160617418687827,3.1818748782706168,3.5333862348030642,0.006680796824526158,0.10549902879100725,2.3930783064607666,8.312706191498128,0.28788197866397613
JFM2026,TP,SPIRE,All India,2026-01-01,daily,28,Week 4,0.6628258880666651,0.84965676922712,0.5090079503780803,0.21988982837199467,-0.30219162112169773,1.7228084144805353,1.6881070969241168,1.0205563483618116
JFM2026,TP,SPIRE,All India,2026-01-01,daily,29,Week 5,0.5758992919962203,0.6936027394628776,0.27413282906042485,0.1696986484768015,-1.1008038109484488,1.9442660049095957,1.0378509679370296,1.8733576062219
JFM2026,TP,SPIRE,All India,2026-01-01,daily,30,Week 5,0.6839157118907777,0.6871670007801797,0.15588105078112244,0.004731439207224186,-3.387420462356811,2.445430219977677,1.1149514845021022,2.1933063940174216
JFM2026,TP,SPIRE,All India,2026-01-01,daily,31,Week 5,0.7608070891325586,0.7256107114371437,0.2674678541332314,-0.04850586842317273,-1.8444804763475782,2.7582553349735317,1.0409217573108696,2.649820042285641
JFM2026,TP,SPIRE,All India,2026-01-01,daily,32,Week 5,0.8668288120799308,0.8054720340054294,0.6857333113994102,-0.07617493281472232,-0.26409027776549165,2.667340514723148,1.6100131535028772,1.6567197037613401
JFM2026,TP,SPIRE,All India,2026-01-01,daily,33,Week 5,0.8008839797658481,0.7650617244609731,0.26607941789518713,-0.04682269960651042,-2.009943369920213,2.6880612259679677,1.281619861690391,2.0973935457137443
JFM2026,TP,SPIRE,All India,2026-01-01,daily,34,Week 5,0.6554334298789785,0.7070152784750323,0.3915457381459124,0.07295719083654206,-0.6739638975069786,2.2870457209492736,0.9712824319044062,2.3546660022101222
JFM2026,TP,SPIRE,All India,2026-01-01,daily,35,Week 5,0.6156894223722681,0.7370758574489469,0.19191018488514394,0.16468648898201976,-2.2082165036772343,2.016847907187971,1.1445575748254984,1.762120099109443
JFM2026,TP,SPIRE,All India,2026-01-01,daily,36,Week 6,0.6120139626048462,0.7358685481906391,0.17324308111329337,0.16831074774200872,-2.5326892056636647,2.054940930805437,1.1287091795481972,1.820611516270289
JFM2026,TP,SPIRE,All India,2026-01-01,daily,37,Week 6,0.6011872483692157,0.740261682117453,0.15159550706939964,0.18787198784952264,-2.9657326261918517,1.9832835926178085,1.1957805204140568,1.6585682395386965
JFM2026,TP,SPIRE,All India,2026-01-01,daily,38,Week 6,0.6182036733649027,0.7551266442825602,0.24519638644578162,0.1813245128540616,-1.5212593151392189,1.8994025074055927,1.3451449139847695,1.4120430354071865
JFM2026,TP,SPIRE,All India,2026-01-01,daily,39,Week 6,0.5855387383840096,0.7479826082367422,0.18749862914129892,0.21717599856455205,-2.122896103644298,1.9308109403720832,1.1381619633062448,1.6964289816567704
JFM2026,TP,SPIRE,All India,2026-01-01,daily,40,Week 6,0.6812083958336185,0.7469520588136044,0.13937202745098207,0.08801590705085893,-3.887698114840177,2.3096841257509415,1.2267221539885584,1.882809500294134
JFM2026,TP,SPIRE,All India,2026-01-01,daily,41,Week 6,0.6795717606073345,0.7513275445108066,0.3043801385388198,0.09550532843860093,-1.2326416035869694,2.2540731158806357,1.2597699135826943,1.7892736535279012
JFM2026,TP,SPIRE,All India,2026-01-01,daily,42,Week 6,0.634300149712895,0.7778483490005672,0.17149321386260127,0.18454522590696865,-2.698689501621272,2.1398540158714336,1.1677453400910505,1.832466328407345
JFM2026,TP,SPIRE,All India,2026-01-01,weekly,1,Week 1,0.1212532010700379,0.629433854589781,0.1527309237449888,0.807361488127991,0.20609920966305761,0.2629892005722318,0.27345336933973013,0.961733260801413
JFM2026,TP,SPIRE,All India,2026-01-01,weekly,2,Week 2,0.26693855539682937,0.7474424403503503,0.402586211302888,0.6428640641924124,0.33694064053277617,0.8235053712179377,0.7202619325118577,1.1433415179197748
JFM2026,TP,SPIRE,All India,2026-01-01,weekly,3,Week 3,0.43527583357147137,0.6668779614857834,0.11606954992131373,0.34729312001600665,-2.750129416944884,1.470649382782878,0.657779304051193,2.235779346849778
JFM2026,TP,SPIRE,All India,2026-01-01,weekly,4,Week 4,1.0539235813395262,1.132603808155969,1.3968528383580365,0.06946844629151017,0.24550134960645853,2.0173521413078905,2.795390292520738,0.7216710119890797
JFM2026,TP,SPIRE,All India,2026-01-01,weekly,5,Week 5,0.6373581887714183,0.6687353986775894,0.2329261168348626,0.046920216827490924,-1.7363105410085269,2.401035297946994,0.7935699002301174,3.025612863152632
JFM2026,TP,SPIRE,All India,2026-01-01,weekly,6,Week 6,0.5982898759775074,0.7261129896324379,0.11257618032518288,0.17603749757959186,-4.314533449698791,2.081721330918633,1.0313105558120108,2.018520337241746
JFM2026,TP,SPIRE,central_india,2026-01-01,daily,1,Week 1,0.08198403915259363,0.24408062695416174,0.030258357193338883,0.6641108301971455,-1.7094676233989898,0.17669093411347325,0.15833539053237877,1.1159282426965742
JFM2026,TP,SPIRE,central_india,2026-01-01,daily,2,Week 1,0.04646813233411751,0.24648676387628826,0.039563901555303545,0.8114781840478872,-0.17450833986034042,0.07464292459255774,0.11768245300453302,0.6342740373510277
JFM2026,TP,SPIRE,central_india,2026-01-01,daily,3,Week 1,0.05882635098273712,0.24187441587427766,0.05481952516691893,0.7567896928242543,-0.07309121710955879,0.09866431370218537,0.13154312827053707,0.7500529674136093
JFM2026,TP,SPIRE,central_india,2026-01-01,daily,4,Week 1,0.044501401384548465,0.24065926380230185,0.038021980400316416,0.8150854420418001,-0.170412506555764,0.1263715359151295,0.0742880915906605,1.7011008522261857
JFM2026,TP,SPIRE,central_india,2026-01-01,daily,5,Week 1,0.06351261255363609,0.24352023528356476,0.024490256913470315,0.7391895894003246,-1.5933828615208365,0.1738870659077658,0.11017276166572154,1.5783126725584107
JFM2026,TP,SPIRE,central_india,2026-01-01,daily,6,Week 1,0.10260623236297821,0.2462018017905617,0.017483260560461688,0.5832433734572624,-4.868827042194963,0.2983641003164923,0.18632438772543614,1.6013153401912992
JFM2026,TP,SPIRE,central_india,2026-01-01,daily,7,Week 1,0.09213631321030717,0.2470902702428405,0.01749350529550344,0.6271147661146044,-4.266886861948134,0.26155853993641015,0.17009192268628964,1.5377481529138668
JFM2026,TP,SPIRE,central_india,2026-01-01,daily,8,Week 2,0.13327118087545783,0.2479569608378177,0.01748827237705487,0.46252292968444997,-6.620602996229265,0.38298045472920006,0.25559765080897745,1.4983723579502808
JFM2026,TP,SPIRE,central_india,2026-01-01,daily,9,Week 2,0.20008189919822253,0.248584505557149,0.01749382859185829,0.19511516315233834,-10.437284762887272,0.7049168407555001,0.28311301635282404,2.4898778934169927
JFM2026,TP,SPIRE,central_india,2026-01-01,daily,10,Week 2,0.2795946439247697,0.24747215188264762,0.021843944365859583,-0.12980245170113003,-11.799640909256057,1.0436133277437023,0.3332509402045539,3.1316140536711417
JFM2026,TP,SPIRE,central_india,2026-01-01,daily,11,Week 2,0.20200065839629966,0.24807013217825846,0.02335138162116892,0.18571148963976913,-7.650479944757459,0.7238258681048948,0.2587390303262265,2.797513259566103
JFM2026,TP,SPIRE,central_india,2026-01-01,daily,12,Week 2,0.15929425329283703,0.2505989880750598,0.01750243172444462,0.3643459835315658,-8.101264087227381,0.593496458430147,0.1782410849473525,3.3297399340081975
JFM2026,TP,SPIRE,central_india,2026-01-01,daily,13,Week 2,0.142324860386556,0.2504506350398102,0.024285544716028812,0.4317248971481631,-4.860476347175344,0.5253490516503134,0.1622743968963162,3.237411826500151
JFM2026,TP,SPIRE,central_india,2026-01-01,daily,14,Week 2,0.2299735431994164,0.2488375085399051,0.03455876388573232,0.07580836768209143,-5.6545650752966194,0.8776147420765212,0.24735008017953666,3.54806734422529
JFM2026,TP,SPIRE,central_india,2026-01-01,daily,15,Week 3,0.3487907427504535,0.2530897361296509,0.017443549139247946,-0.37813072977316486,-18.995400016713063,1.2969492788677894,0.43226194405627394,3.000378119566654
JFM2026,TP,SPIRE,central_india,2026-01-01,daily,16,Week 3,0.356763244684921,0.2541740359233424,0.017146022758363178,-0.40361797139861655,-19.807346969774983,1.3238406347691785,0.42326559287479587,3.1276830837529883
JFM2026,TP,SPIRE,central_india,2026-01-01,daily,17,Week 3,0.41501527209101835,0.25534880455597553,0.01745803315765247,-0.6252877032758617,-22.77216656328222,1.529344334449968,0.4782562156271722,3.1977510892240626
JFM2026,TP,SPIRE,central_india,2026-01-01,daily,18,Week 3,0.44827701630015254,0.2555257168518869,0.024103467555093933,-0.754332291179882,-17.598030149625316,1.6971942459874108,0.46841483102659615,3.6232717957878786
JFM2026,TP,SPIRE,central_india,2026-01-01,daily,19,Week 3,0.35429774995473756,0.2564788617017968,0.019097392972171303,-0.381391618801993,-17.552152666650354,1.3022610867242232,0.43984018424469307,2.960759688113776
JFM2026,TP,SPIRE,central_india,2026-01-01,daily,20,Week 3,0.32903696139986427,0.25863562879788315,0.01752793732369344,-0.2722027623541299,-17.77214388227459,1.1869131076876105,0.42176630752725724,2.814148703926296
JFM2026,TP,SPIRE,central_india,2026-01-01,daily,21,Week 3,0.30345103293170206,0.2602078276556541,0.01748544444532378,-0.1661871807072377,-16.35449355494395,1.1157610942228422,0.3586275624810604,3.111197272467776
JFM2026,TP,SPIRE,central_india,2026-01-01,daily,22,Week 4,0.41194684284705246,0.2615483486081679,0.017345906104259866,-0.5750313280096457,-22.748937666962533,1.5327224208936185,0.4909384022946304,3.1220259277533042
JFM2026,TP,SPIRE,central_india,2026-01-01,daily,23,Week 4,0.31751607636732226,0.2624562805599883,0.04073685045760181,-0.20978654307626377,-6.7943206900049224,1.1143138388446336,0.43033818727184925,2.589391022695157
JFM2026,TP,SPIRE,central_india,2026-01-01,daily,24,Week 4,0.47219343583116463,0.26178357957121967,0.0200793409523663,-0.8037549818998551,-22.516381187576666,1.7780706456711577,0.5403831138024486,3.2903889856210022
JFM2026,TP,SPIRE,central_india,2026-01-01,daily,25,Week 4,0.41053919092577473,0.2584240625118171,0.03232217303493904,-0.5886260239678796,-11.701472468512481,1.5050588495993518,0.5189601994119781,2.9001431156082864
JFM2026,TP,SPIRE,central_india,2026-01-01,daily,26,Week 4,0.37598781102068096,0.2656932149184709,0.02870011342594443,-0.4151201081143694,-12.100568817989206,1.3582543224277435,0.49499631956045353,2.743968528157634
JFM2026,TP,SPIRE,central_india,2026-01-01,daily,27,Week 4,1.2224945122861215,1.2160843873540528,1.1782074521975059,-0.005271118516714024,-0.037588507869318555,1.6440240440183909,4.396153483184544,0.37396875480049685
JFM2026,TP,SPIRE,central_india,2026-01-01,daily,28,Week 4,0.36030161023133794,0.2738103900423614,0.136970355188999,-0.3158799787531634,-1.630507964545865,1.2973097394912478,0.4567128219289755,2.840537154205396
JFM2026,TP,SPIRE,central_india,2026-01-01,daily,29,Week 5,0.4176801999035422,0.2670741680958785,0.01929137906747986,-0.5639108899277627,-20.651132272219982,1.5604145506190767,0.46792221896261166,3.334773360578029
JFM2026,TP,SPIRE,central_india,2026-01-01,daily,30,Week 5,0.5427793279342897,0.26952399917301406,0.020846256791165075,-1.0138441459747947,-25.037256154511486,2.0315367840262155,0.6080181575003829,3.3412436108455137
JFM2026,TP,SPIRE,central_india,2026-01-01,daily,31,Week 5,0.6080250785690473,0.27878149972651695,0.07122520433018757,-1.1810094255376216,-7.5366561498419795,2.289951790447573,0.7168827699520423,3.1943183550090977
JFM2026,TP,SPIRE,central_india,2026-01-01,daily,32,Week 5,0.6772769519523426,0.37700483286521425,0.16222524232419336,-0.7964675593282935,-3.1749171845825463,2.204127980893492,1.0092446912697035,2.183938146972602
JFM2026,TP,SPIRE,central_india,2026-01-01,daily,33,Week 5,0.5095573577538344,0.29414854118922523,0.07782388465583819,-0.7323130541247085,-5.547570325064831,1.8214014968415277,0.6672445410671575,2.7297360783626186
JFM2026,TP,SPIRE,central_india,2026-01-01,daily,34,Week 5,0.4974558413703918,0.313752514523078,0.19636207997961042,-0.5855039189934572,-1.5333600123916287,1.8585734729401953,0.5693216652218287,3.264540217727401
JFM2026,TP,SPIRE,central_india,2026-01-01,daily,35,Week 5,0.44025959105344936,0.26468032506535616,0.04826024198582256,-0.6633634968701898,-8.122614660382032,1.586738769495286,0.588400548763587,2.6966983168685323
JFM2026,TP,SPIRE,central_india,2026-01-01,daily,36,Week 6,0.3924666546219972,0.27508416621499016,0.017505404594578684,-0.4267148124958511,-21.41974200033867,1.3575331029754107,0.5504171376152158,2.466371430324961
JFM2026,TP,SPIRE,central_india,2026-01-01,daily,37,Week 6,0.3817522578387767,0.2763127087111372,0.01745803315765247,-0.3815950037892324,-20.86685375101612,1.337683085437766,0.5364942682793886,2.493378148713314
JFM2026,TP,SPIRE,central_india,2026-01-01,daily,38,Week 6,0.41562065817940497,0.27764051554978825,0.017456467160582585,-0.49697409024178696,-22.808978893386477,1.4417482966824746,0.6009850292543644,2.3989753928999464
JFM2026,TP,SPIRE,central_india,2026-01-01,daily,39,Week 6,0.372520465091939,0.2792487481261311,0.017469672595261814,-0.33400943635986824,-20.323837814394718,1.2268134539291282,0.5688205066420079,2.156767274744604
JFM2026,TP,SPIRE,central_india,2026-01-01,daily,40,Week 6,0.49093588113955666,0.2809621061912227,0.017457305332639624,-0.7473384144032074,-27.122088248159486,1.7083984471883191,0.7013832085995714,2.4357561262400647
JFM2026,TP,SPIRE,central_india,2026-01-01,daily,41,Week 6,0.4682616324318971,0.2826023100575197,0.01745637149312431,-0.6569632156813903,-25.824683045748387,1.7170093520892256,0.5831934492463732,2.944150614702577
JFM2026,TP,SPIRE,central_india,2026-01-01,daily,42,Week 6,0.5182119382404952,0.2840996079856456,0.01745803315765247,-0.8240501699906546,-28.68329442159094,1.8611969202941465,0.6816549818836843,2.730409033542039
JFM2026,TP,SPIRE,central_india,2026-01-01,weekly,1,Week 1,0.0611410650726515,0.24203625619441138,0.026280360758239515,0.7473888167252885,-1.326492609256984,0.1711969756823753,0.10401445811176083,1.6458959532186248
JFM2026,TP,SPIRE,central_india,2026-01-01,weekly,2,Week 2,0.18884075337130923,0.24829635429756378,0.019239707547730304,0.23945418407151342,-8.81515716404882,0.693113829859282,0.23994851727343644,2.888593927294142
JFM2026,TP,SPIRE,central_india,2026-01-01,weekly,3,Week 3,0.363522762541027,0.25613442667609543,0.017764116561263216,-0.4192655288807918,-19.463880727608593,1.3503233670480408,0.4233095174719169,3.189919695433315
JFM2026,TP,SPIRE,central_india,2026-01-01,weekly,4,Week 4,0.42563241143039815,0.291564086730483,0.1969541562574873,-0.4598245490496422,-1.161073518417906,1.461393426118007,0.6738280151689698,2.1687929163223445
JFM2026,TP,SPIRE,central_india,2026-01-01,weekly,5,Week 5,0.5078631816116663,0.2687301960327754,0.07840836723391596,-0.8898627288975194,-5.4771554303197805,1.9075349927684073,0.5778810866781064,3.3009126561550715
JFM2026,TP,SPIRE,central_india,2026-01-01,weekly,6,Week 6,0.4323967161452188,0.2793788513581091,0.01745963766526999,-0.5477074017709762,-23.765503410493164,1.5214832549569832,0.5994794915977361,2.5380071817001073
JFM2026,TP,SPIRE,east_northeast_india,2026-01-01,daily,1,Week 1,0.21736004398153877,1.6797510255853314,0.2783933479849364,0.8705998444586174,0.2192340601712226,0.1942267427546572,0.5452841335635326,0.356193644376464
JFM2026,TP,SPIRE,east_northeast_india,2026-01-01,daily,2,Week 1,0.2547987266889086,1.6337238675682406,0.18629181053495897,0.8440380704799456,-0.36773981613697315,0.22267881840631415,0.6565834385013469,0.3391477843464633
JFM2026,TP,SPIRE,east_northeast_india,2026-01-01,daily,3,Week 1,0.3740299500631944,1.668659505693057,0.33774432727540343,0.7758500468267517,-0.10743518057137624,0.39793870124464836,0.9289235214381161,0.4283869361264297
JFM2026,TP,SPIRE,east_northeast_india,2026-01-01,daily,4,Week 1,0.14201184455579907,1.6685571929306655,0.1463464440757099,0.9148894355210153,0.029618755326015322,0.27718524719047655,0.31696657681107165,0.8744936137405213
JFM2026,TP,SPIRE,east_northeast_india,2026-01-01,daily,5,Week 1,0.11766688257021886,1.67675764903751,0.12779284781692807,0.9298247527674844,0.07923733933228672,0.17373994395703735,0.3030845644390773,0.5732391693340775
JFM2026,TP,SPIRE,east_northeast_india,2026-01-01,daily,6,Week 1,0.08781008126410683,1.6891747026087922,0.18701567656258752,0.9480159860738553,0.5304667347781409,0.20278656029505662,0.22067892106331496,0.9189212966873042
JFM2026,TP,SPIRE,east_northeast_india,2026-01-01,daily,7,Week 1,0.08742810918646561,1.6906566254271662,0.17100639390450695,0.9482874831757302,0.4887436241987124,0.23469841481939543,0.23220424800063388,1.0107412626609429
JFM2026,TP,SPIRE,east_northeast_india,2026-01-01,daily,8,Week 2,0.1643898937948046,1.7165647556347037,0.29361391925656366,0.9042332115609463,0.44011546110946276,0.22707963065364029,0.45965914421661963,0.4940174333758634
JFM2026,TP,SPIRE,east_northeast_india,2026-01-01,daily,9,Week 2,0.16887061870742237,1.7173224431334841,0.2767600091319537,0.9016663298248782,0.3898301303100904,0.3322703316486864,0.42633336813678346,0.7793674070148828
JFM2026,TP,SPIRE,east_northeast_india,2026-01-01,daily,10,Week 2,0.1858057830036913,1.7210705012467566,0.27099438560032063,0.8920405742419661,0.31435559968489823,0.4760378618394173,0.4091745457512881,1.1634102531118133
JFM2026,TP,SPIRE,east_northeast_india,2026-01-01,daily,11,Week 2,0.19644400275897164,1.694123800760695,0.17888161195253155,0.8840438917918724,-0.09817884921061926,0.6548110712438159,0.26950799242212603,2.4296536268141384
JFM2026,TP,SPIRE,east_northeast_india,2026-01-01,daily,12,Week 2,0.23841911814664993,1.7374222622963178,0.2995093763330246,0.8627742240210875,0.20396776533115413,0.7237148738126543,0.49871143946047825,1.4511695873581563
JFM2026,TP,SPIRE,east_northeast_india,2026-01-01,daily,13,Week 2,0.2319105663753828,1.7380632977093642,0.2791487401357602,0.8665695509012685,0.16922223520480073,0.8255125588963704,0.3355565740055447,2.4601292981455036
JFM2026,TP,SPIRE,east_northeast_india,2026-01-01,daily,14,Week 2,0.22178487645917527,1.7316294696835417,0.21800796186164162,0.8719212855047409,-0.017324663582381827,0.7841950461692914,0.308493236453684,2.542016982881333
JFM2026,TP,SPIRE,east_northeast_india,2026-01-01,daily,15,Week 3,0.2120762905946063,1.7399161449642218,0.2749466637348784,0.8781112002389245,0.2286638880655626,0.6459407781829228,0.40060269654853525,1.6124224418560884
JFM2026,TP,SPIRE,east_northeast_india,2026-01-01,daily,16,Week 3,0.2801712775545334,1.7584805570827389,0.29441592888046,0.8406742250142769,0.048382746749107586,0.7776764701936483,0.60962641956698,1.2756607083171276
JFM2026,TP,SPIRE,east_northeast_india,2026-01-01,daily,17,Week 3,0.37357020579389955,1.7583095482443465,0.2691554511285266,0.7875401369645604,-0.38793475750752293,1.174754674710846,0.6034943097744123,1.9465878230897855
JFM2026,TP,SPIRE,east_northeast_india,2026-01-01,daily,18,Week 3,0.3672209495206578,1.7546871590552604,0.22426781202713375,0.7907199881041057,-0.6374215550657285,1.1608109854334312,0.6319269937120594,1.8369384390665235
JFM2026,TP,SPIRE,east_northeast_india,2026-01-01,daily,19,Week 3,0.40221953624201856,1.7382679680530475,0.3092381961927258,0.7686090156211497,-0.3006787039701402,1.1470972287034413,0.8189474737439182,1.4006969500245803
JFM2026,TP,SPIRE,east_northeast_india,2026-01-01,daily,20,Week 3,0.4486264532296488,1.708466932556092,0.16172171109307626,0.7374099289364386,-1.7740644728366077,1.506399214131052,0.6118870197551332,2.4618911097899865
JFM2026,TP,SPIRE,east_northeast_india,2026-01-01,daily,21,Week 3,0.45820632318557075,1.7276883321986685,0.1974516532185932,0.7347864689214784,-1.3206000847118933,1.5366530158050637,0.6931074118755824,2.217048886617452
JFM2026,TP,SPIRE,east_northeast_india,2026-01-01,daily,22,Week 4,0.510213602686731,1.7902281997745824,0.25776312550698954,0.7150008011543026,-0.9793894168655863,1.6006550099443337,0.9010536653192806,1.7764258351661613
JFM2026,TP,SPIRE,east_northeast_india,2026-01-01,daily,23,Week 4,0.4707912933132364,1.7924638937188804,0.24457138013281904,0.7373496364624277,-0.9249647814783741,1.4718848948738934,0.8932389779314169,1.647806389150771
JFM2026,TP,SPIRE,east_northeast_india,2026-01-01,daily,24,Week 4,0.5712004532056553,1.7838360331221275,0.1950117314714206,0.6797909434501546,-1.9290568772236454,1.984090456149839,0.8361163202563362,2.3729837680259096
JFM2026,TP,SPIRE,east_northeast_india,2026-01-01,daily,25,Week 4,0.5724416001643328,1.7487450600153753,0.2447793514258433,0.6726557728435844,-1.338602487627539,1.9182113356520056,0.8739704049096672,2.1948241323460724
JFM2026,TP,SPIRE,east_northeast_india,2026-01-01,daily,26,Week 4,0.5705699305222329,1.7584452159800519,0.13055317585897985,0.6755258990515485,-3.370402533436243,2.020349214495908,0.8144394451133201,2.4806622844928627
JFM2026,TP,SPIRE,east_northeast_india,2026-01-01,daily,27,Week 4,0.7534749396232888,1.8372054717419346,0.2959974974849992,0.5898798739648394,-1.5455449658369966,2.256738058504532,1.3554610393625761,1.6649228513169168
JFM2026,TP,SPIRE,east_northeast_india,2026-01-01,daily,28,Week 4,0.631497013469007,1.8268767357286544,0.23310471196635188,0.6543297086668889,-1.709070134799172,1.9077898114686118,1.2872169126427944,1.4821043700798762
JFM2026,TP,SPIRE,east_northeast_india,2026-01-01,daily,29,Week 5,0.706000944436157,1.6284753152371387,0.9049977390040242,0.5664650622393075,0.21988651019931704,1.740464658179997,1.691252186061462,1.0290982459766331
JFM2026,TP,SPIRE,east_northeast_india,2026-01-01,daily,30,Week 5,0.5483085761727,1.7026785054619968,0.4117881373880286,0.6779729265308811,-0.3315307712616986,1.947329094629486,0.7031492538313742,2.769439182390834
JFM2026,TP,SPIRE,east_northeast_india,2026-01-01,daily,31,Week 5,0.7247773109835478,1.8417997641129353,0.1942090521318198,0.6064841981709006,-2.731944021288996,2.275437141916564,1.3306917043318767,1.7099656776315684
JFM2026,TP,SPIRE,east_northeast_india,2026-01-01,daily,32,Week 5,0.9143639155050596,1.8713947950080154,0.2529100020488365,0.5113997762822979,-2.6153726942301687,2.824546993924396,1.5854893794890201,1.7814985268679036
JFM2026,TP,SPIRE,east_northeast_india,2026-01-01,daily,33,Week 5,1.1111048576875773,1.8449494499235481,0.1813701387522435,0.3977586444259382,-5.126173058760111,3.8022134450283973,1.562880466298205,2.4328242159390565
JFM2026,TP,SPIRE,east_northeast_india,2026-01-01,daily,34,Week 5,0.8737251341486857,1.848707309512942,0.17046303728270268,0.5273859038406268,-4.125598769542427,2.814358095790668,1.5015967011562015,1.8742436591820326
JFM2026,TP,SPIRE,east_northeast_india,2026-01-01,daily,35,Week 5,0.7670367762230933,1.8113412934668172,0.23076731118149246,0.5765365814881728,-2.323853678824723,2.506547062759542,1.1440160012474716,2.191006996428654
JFM2026,TP,SPIRE,east_northeast_india,2026-01-01,daily,36,Week 6,0.7691641185103142,1.7657326156054396,0.24615851771189107,0.564393775301828,-2.1246699308230297,2.6586272880854978,1.0449829525769039,2.544182449607799
JFM2026,TP,SPIRE,east_northeast_india,2026-01-01,daily,37,Week 6,0.6811165634354495,1.8532055629454225,0.26487001111552283,0.6324657247667087,-1.571512571645497,2.1660746609022064,1.49899121205162,1.4450215875098902
JFM2026,TP,SPIRE,east_northeast_india,2026-01-01,daily,38,Week 6,0.8851122206102664,1.8403782011443528,0.65935497655445,0.5190596041292486,-0.3423910519877198,2.1952934297055133,1.982749633453914,1.107196487476511
JFM2026,TP,SPIRE,east_northeast_india,2026-01-01,daily,39,Week 6,0.6452806718848105,1.7657543314110276,0.25118247811234734,0.6345580693724466,-1.5689716764247916,2.2905415934809974,0.8535752126153526,2.6834677947861008
JFM2026,TP,SPIRE,east_northeast_india,2026-01-01,daily,40,Week 6,0.8266654283518303,1.946616828345161,0.21646113208218684,0.5753322295818294,-2.8190016858913896,2.4491372984066033,1.619137936865147,1.5126180683212442
JFM2026,TP,SPIRE,east_northeast_india,2026-01-01,daily,41,Week 6,0.9848222285131941,1.951890914192087,0.21706622455351945,0.49545221951052276,-3.536966681660684,3.0071699496186532,1.9020581052878227,1.5810084567125267
JFM2026,TP,SPIRE,east_northeast_india,2026-01-01,daily,42,Week 6,0.6975302311208831,1.9489165387511869,0.17424047447248256,0.6420933286512918,-3.0032617750420707,1.9351673052454301,1.6510875079801461,1.1720561726088112
JFM2026,TP,SPIRE,east_northeast_india,2026-01-01,weekly,1,Week 1,0.12299491818503049,1.668729884818196,0.15601167707011301,0.92629429166217,0.21163004914205563,0.2427203821045024,0.3057714805686011,0.7937966668871431
JFM2026,TP,SPIRE,east_northeast_india,2026-01-01,weekly,2,Week 2,0.18673811209861965,1.721573744842374,0.25831628096161985,0.8915305762195408,0.2770950735142983,0.5748030394502065,0.35332773365009573,1.6268268372599366
JFM2026,TP,SPIRE,east_northeast_india,2026-01-01,weekly,3,Week 3,0.3406852611130354,1.7377801979232832,0.17301317592439705,0.8039537672715066,-0.969128994325307,1.1356188855004428,0.5262399817725831,2.1579867072722827
JFM2026,TP,SPIRE,east_northeast_india,2026-01-01,weekly,4,Week 4,0.5638752176178824,1.7870413226622912,0.18275121052953566,0.684464365503404,-2.0854800686901642,1.879959865612691,0.9295382299963116,2.0224664300468316
JFM2026,TP,SPIRE,east_northeast_india,2026-01-01,weekly,5,Week 5,0.7139393097481934,1.7658067025707855,0.15035743220780293,0.595686601082219,-3.7482808083705947,2.558699512489257,0.9233334232357173,2.7711544368475094
JFM2026,TP,SPIRE,east_northeast_india,2026-01-01,weekly,6,Week 6,0.7178009472179543,1.8453695045127336,0.16101586136378446,0.611025897272813,-3.457951788962087,2.3860016727950835,1.3111007470526188,1.8198461698377213
JFM2026,TP,SPIRE,northwest_india,2026-01-01,daily,1,Week 1,0.8967249330166933,0.7535351247262547,0.7772484803881318,-0.1900240660214172,-0.1537171903750767,0.2316162662505099,1.7063429036304514,0.13573840624748884
JFM2026,TP,SPIRE,northwest_india,2026-01-01,daily,2,Week 1,0.09403915429541915,0.7333059991931625,0.3856325529959209,0.8717600096018743,0.7561431119731901,0.11751122720961256,0.20010593267047225,0.5872450938430003
JFM2026,TP,SPIRE,northwest_india,2026-01-01,daily,3,Week 1,0.08776282467161181,0.7150678355360138,0.3057627935010931,0.8772664350007787,0.7129708828641439,0.1307618696298928,0.22747513944373815,0.5748402658402783
JFM2026,TP,SPIRE,northwest_india,2026-01-01,daily,4,Week 1,0.16244169232074182,0.7083737136637095,0.37843914447983434,0.7706836247768241,0.5707587476342639,0.16211553675747212,0.49429823094238723,0.3279711045058695
JFM2026,TP,SPIRE,northwest_india,2026-01-01,daily,5,Week 1,0.12186689918836963,0.747427670008695,0.34778276289989185,0.8369515819678552,0.6495890188110081,0.2634735759718341,0.26780856268830444,0.9838131138416372
JFM2026,TP,SPIRE,northwest_india,2026-01-01,daily,6,Week 1,0.14537613374873554,0.7460864552149471,0.37023892563052896,0.8051484077581159,0.6073450853360294,0.385571514047444,0.27655733232023977,1.3941829378111414
JFM2026,TP,SPIRE,northwest_india,2026-01-01,daily,7,Week 1,0.09823788477282322,0.7676517100020308,0.3748438947231468,0.8720280519240121,0.7379232097527424,0.22647391289783203,0.20022564144480645,1.131093456680278
JFM2026,TP,SPIRE,northwest_india,2026-01-01,daily,8,Week 2,0.10121597071798481,0.7743239820777037,0.38615511045233203,0.8692847269867618,0.7378877865958499,0.2421187432233305,0.2012833599580801,1.2028751073797401
JFM2026,TP,SPIRE,northwest_india,2026-01-01,daily,9,Week 2,0.13263009653178393,0.7824351472358098,0.4217790713122175,0.8304906202126271,0.6855460463717369,0.30059684171288054,0.2988957554089391,1.0056912360686223
JFM2026,TP,SPIRE,northwest_india,2026-01-01,daily,10,Week 2,0.1600112722813278,0.7848117523582593,0.38257369802546926,0.796115091548369,0.58175046244116,0.5217627832050521,0.24449737805825936,2.1340219978994024
JFM2026,TP,SPIRE,northwest_india,2026-01-01,daily,11,Week 2,0.20892855723617926,0.7896113168817,0.3806564034315209,0.7354032892268171,0.45113610239380886,0.7700298885564525,0.24995496138439913,3.0806745514934746
JFM2026,TP,SPIRE,northwest_india,2026-01-01,daily,12,Week 2,0.20381359857564155,0.778519740582788,0.31785872616748784,0.7382036858525003,0.3587918726250511,0.4733466778453438,0.41511184596995193,1.1402870875422024
JFM2026,TP,SPIRE,northwest_india,2026-01-01,daily,13,Week 2,0.19173470898517686,0.8024673215247231,0.3803240005418479,0.7610685147640996,0.49586481864932985,0.6729196647781754,0.22964778652139264,2.9302249108135436
JFM2026,TP,SPIRE,northwest_india,2026-01-01,daily,14,Week 2,0.19284377603953903,0.809874868394447,0.38146529801679624,0.7618844792383221,0.494465742907372,0.6392702307218335,0.26490316004272413,2.4132223663120165
JFM2026,TP,SPIRE,northwest_india,2026-01-01,daily,15,Week 3,0.37707167355228527,0.7920923538376606,0.31415358885174677,0.5239549129272796,-0.20027810260105094,1.4075165150705118,0.4337475523159716,3.245013159279294
JFM2026,TP,SPIRE,northwest_india,2026-01-01,daily,16,Week 3,1.2114522850348322,1.1399482988092184,0.8901231567725476,-0.06272563966304978,-0.36099401056745406,1.1859520814737152,2.6279745517850763,0.45127989563983645
JFM2026,TP,SPIRE,northwest_india,2026-01-01,daily,17,Week 3,0.52103030674763,0.8101914586278256,0.392763036971754,0.35690471530017254,-0.3265767338108765,1.2316566236955462,0.9958729482041903,1.236760799574417
JFM2026,TP,SPIRE,northwest_india,2026-01-01,daily,18,Week 3,0.47801875301153884,0.7932852035273329,0.36285051001161883,0.3974187960571629,-0.31739859755531885,1.5713550180211782,0.7156683400018375,2.195646964091137
JFM2026,TP,SPIRE,northwest_india,2026-01-01,daily,19,Week 3,0.6976495878143258,0.8495245544179916,0.35385392522650816,0.17877642949086403,-0.971575099436153,1.65185841701342,1.4000025953855069,1.1798966819476229
JFM2026,TP,SPIRE,northwest_india,2026-01-01,daily,20,Week 3,0.5504946123062538,0.7936156288827703,0.2192076684804951,0.3063460543472101,-1.5112926756722307,1.8940409799076001,0.8780582444610734,2.157078977226741
JFM2026,TP,SPIRE,northwest_india,2026-01-01,daily,21,Week 3,0.6965251014964364,0.8399387749640362,0.30937467354847853,0.17074300858862046,-1.2513966431298456,2.40036347832306,1.2047220247713342,1.9924625174663575
JFM2026,TP,SPIRE,northwest_india,2026-01-01,daily,22,Week 4,2.7989847023360452,2.758947172024052,3.2224659042057415,-0.014511887258290779,0.1314152622428053,3.0580103511586296,6.389470040051891,0.4786015635083555
JFM2026,TP,SPIRE,northwest_india,2026-01-01,daily,23,Week 4,10.818852197031152,10.461764259459503,12.358408395825293,-0.03413266909056678,0.12457560468014695,2.2969776527337116,19.785885847909952,0.11609172671823277
JFM2026,TP,SPIRE,northwest_india,2026-01-01,daily,24,Week 4,0.9668390940687291,0.7841719854736453,0.49731412895483634,-0.2329426605118412,-0.9441215074678337,3.5226168746497666,1.4444978496341865,2.438644595796287
JFM2026,TP,SPIRE,northwest_india,2026-01-01,daily,25,Week 4,1.1130712041131956,0.8017634037141927,0.2502055370160619,-0.3882788849638936,-3.4486273860587753,4.059219247722107,1.6188617109889794,2.5074527491556324
JFM2026,TP,SPIRE,northwest_india,2026-01-01,daily,26,Week 4,1.1788245769478418,0.929601541135526,1.1761920160019483,-0.26809662504204246,-0.002238206780931895,3.082519098336127,2.2083248597907206,1.3958630609394362
JFM2026,TP,SPIRE,northwest_india,2026-01-01,daily,27,Week 4,7.771481266599573,7.454856911843271,9.436218713379697,-0.04247222428284214,0.1764199725913176,3.3719123770416974,13.824931096774577,0.24390084503411238
JFM2026,TP,SPIRE,northwest_india,2026-01-01,daily,28,Week 4,1.138943026367212,1.275745443723597,1.2534912918571246,0.10723331839390426,0.09138337556394371,2.194420479744919,2.767114504496524,0.7930356608586363
JFM2026,TP,SPIRE,northwest_india,2026-01-01,daily,29,Week 5,0.813596115398792,0.894381784901063,0.3469271658950622,0.09032570974285614,-1.3451496319111742,2.832045877451977,1.2853733559378504,2.2032865893549065
JFM2026,TP,SPIRE,northwest_india,2026-01-01,daily,30,Week 5,0.9860202931931845,0.8380976747381275,0.20774862457213192,-0.1764980656953583,-3.7462181529429603,3.374039997411515,1.7289741632272577,1.951469298484843
JFM2026,TP,SPIRE,northwest_india,2026-01-01,daily,31,Week 5,0.9374787829833716,0.8851184488925922,0.5956267025266375,-0.05915630179925602,-0.5739367946510858,3.313183457618994,1.3234167050010825,2.5035073572055926
JFM2026,TP,SPIRE,northwest_india,2026-01-01,daily,32,Week 5,1.221614170456767,1.0164051810316608,1.7678187463424089,-0.20189683529241464,0.3089709151550357,3.3778434705204123,2.363953439360274,1.4288959394371634
JFM2026,TP,SPIRE,northwest_india,2026-01-01,daily,33,Week 5,1.1081243390332391,0.9885074583029657,0.5439232163291583,-0.12100756521921174,-1.0372808252454724,3.488549775936876,1.7877797737947572,1.95133082221422
JFM2026,TP,SPIRE,northwest_india,2026-01-01,daily,34,Week 5,0.8510506030261282,0.7870020105084387,0.8631871442809825,-0.0813830100336228,0.014060150611909128,2.865721504501128,1.185026512685494,2.418276278061376
JFM2026,TP,SPIRE,northwest_india,2026-01-01,daily,35,Week 5,0.9273590141245771,0.947249185203949,0.3726861150664876,0.0209978233711432,-1.488311146121275,2.8561699402440763,1.7246326825481944,1.6561033367545854
JFM2026,TP,SPIRE,northwest_india,2026-01-01,daily,36,Week 6,0.9993410874676774,0.9578295715792498,0.36497964232575975,-0.043339146253319694,-1.7380735021262455,3.262802321199846,1.7477523795697099,1.8668561744445376
JFM2026,TP,SPIRE,northwest_india,2026-01-01,daily,37,Week 6,0.99996597569499,0.9260904821961025,0.2676504084763749,-0.07977135595185203,-2.73608985462563,3.2432878383122996,1.7236244476758007,1.881667345044722
JFM2026,TP,SPIRE,northwest_india,2026-01-01,daily,38,Week 6,0.909446943800847,0.9758114072874595,0.3734660536272769,0.06800951801853916,-1.4351529006930432,2.802057661407949,1.8125787050862232,1.545895719476996
JFM2026,TP,SPIRE,northwest_india,2026-01-01,daily,39,Week 6,0.9604876318260335,0.9858088341447679,0.38196162847304954,0.025685712525290727,-1.5146181192747834,3.059725732962049,1.793649243283472,1.7058662636630586
JFM2026,TP,SPIRE,northwest_india,2026-01-01,daily,40,Week 6,0.9486733706154049,0.9030948935201114,0.25250104810295504,-0.050469200326929364,-2.7571066644784454,3.2270259306464455,1.6600393548637427,1.9439454379148273
JFM2026,TP,SPIRE,northwest_india,2026-01-01,daily,41,Week 6,0.8996944320981729,0.9071476116705387,0.7587131147339287,0.008216060403488878,-0.18581637067613443,2.8350906138195895,1.642163577844156,1.7264361797266974
JFM2026,TP,SPIRE,northwest_india,2026-01-01,daily,42,Week 6,0.8202184952261001,0.9877796820781047,0.36769496175656724,0.1696341703440255,-1.2307036553009025,2.7423923661182266,1.501723521893853,1.8261632891384307
JFM2026,TP,SPIRE,northwest_india,2026-01-01,weekly,1,Week 1,0.1459223389095982,0.6988658241609748,0.28664903714761736,0.791201209352617,0.4909372786957882,0.21548635842062738,0.3060872035421927,0.7040031596450702
JFM2026,TP,SPIRE,northwest_india,2026-01-01,weekly,2,Week 2,0.1494872666932875,0.7842544188009309,0.3697913329366025,0.8093893217435193,0.5957523787640643,0.5168472193996057,0.20496301631412764,2.52166087665046
JFM2026,TP,SPIRE,northwest_india,2026-01-01,weekly,3,Week 3,0.5308501178234455,0.7712129346356146,0.20623694977220888,0.31166854965384694,-1.573981618763154,1.6203918620972946,0.8504256271645092,1.9053892666663965
JFM2026,TP,SPIRE,northwest_india,2026-01-01,weekly,4,Week 4,2.2653663877328096,2.064730791823717,3.8004757027310894,-0.09717276300794486,0.4039255701319503,3.0836680406131456,4.710935825538849,0.6545765331584469
JFM2026,TP,SPIRE,northwest_india,2026-01-01,weekly,5,Week 5,0.8294646348075584,0.75711575211577,0.5244104143535362,-0.09555854899281724,-0.5817089289313142,3.1582220687202307,1.0327526170367671,3.0580625181875423
JFM2026,TP,SPIRE,northwest_india,2026-01-01,weekly,6,Week 6,0.8695628145609313,0.8839116856899466,0.20314533733433554,0.016233376434903857,-3.2804960525862787,3.024626065022112,1.4130275460726904,2.1405287345095507
JFM2026,TP,SPIRE,south_peninsula,2026-01-01,daily,1,Week 1,0.645490875056607,0.8712922820364924,1.197429080345678,0.2591569001989945,0.4609360289878175,0.22456204569581276,1.432834078821547,0.15672578494259903
JFM2026,TP,SPIRE,south_peninsula,2026-01-01,daily,2,Week 1,0.2237252695691202,0.43330643786375406,0.25795048944649496,0.4836788701499356,0.13268135273096227,0.26008135753613454,0.5073310233455262,0.512646271503491
JFM2026,TP,SPIRE,south_peninsula,2026-01-01,daily,3,Week 1,0.10274998128379861,0.41561762649941714,0.074086004230251,0.7527776140073243,-0.3869013770058807,0.21887196856588995,0.2294766868221812,0.9537873829226551
JFM2026,TP,SPIRE,south_peninsula,2026-01-01,daily,4,Week 1,0.08958747909528657,0.42353753895257235,0.09942085867700377,0.788478066627009,0.09890660483695546,0.2387428278649767,0.20639054954383057,1.1567527117528003
JFM2026,TP,SPIRE,south_peninsula,2026-01-01,daily,5,Week 1,0.2198612632191078,0.41901672446329224,0.10945198569964623,0.4752923919666394,-1.0087462261529203,0.6696100825146039,0.531529223046769,1.2597803723308836
JFM2026,TP,SPIRE,south_peninsula,2026-01-01,daily,6,Week 1,0.33983775319653,0.38671018394403284,0.12052502119803497,0.12120816232314824,-1.8196448324048968,1.1573147590354724,0.6040960680051717,1.9157793277104473
JFM2026,TP,SPIRE,south_peninsula,2026-01-01,daily,7,Week 1,0.2806365754762225,0.41206832735602894,0.1002108788957983,0.31895620981869055,-1.8004601752673501,0.9493791325917006,0.48012145108301757,1.977372871905996
JFM2026,TP,SPIRE,south_peninsula,2026-01-01,daily,8,Week 2,0.42196007526275936,0.409836262318899,0.10315855122975426,-0.029582089381897214,-3.0904032698459654,1.5117927014089323,0.7826314704335595,1.931678904467558
JFM2026,TP,SPIRE,south_peninsula,2026-01-01,daily,9,Week 2,0.7887933929226106,0.9238978064339725,0.9537696662714438,0.14623307098523486,0.17297286670247358,2.353379579797913,2.331355342806841,1.0094469670009876
JFM2026,TP,SPIRE,south_peninsula,2026-01-01,daily,10,Week 2,2.2866719679035965,2.9333021362089506,3.389325605671008,0.2204444473425673,0.3253312800406237,2.33957098025208,4.987333857285496,0.46910253999427676
JFM2026,TP,SPIRE,south_peninsula,2026-01-01,daily,11,Week 2,0.9736231634765644,1.302338320233003,1.4574665008288716,0.25240381216581864,0.33197561458677927,1.947161513007083,2.387289644688336,0.815636894894372
JFM2026,TP,SPIRE,south_peninsula,2026-01-01,daily,12,Week 2,0.5818868439117083,0.741179053369083,0.7903646842248744,0.21491731145571424,0.26377423545641365,1.3202962263823965,1.5640284150659824,0.8441638359407277
JFM2026,TP,SPIRE,south_peninsula,2026-01-01,daily,13,Week 2,2.6941789783047145,2.41401412344084,2.77217278694885,-0.11605767014508528,0.028134540895619287,1.6102332485871225,7.5911004163037745,0.212121189324376
JFM2026,TP,SPIRE,south_peninsula,2026-01-01,daily,14,Week 2,0.422403322553095,0.3847974151148353,0.1458563203587864,-0.09772910617665387,-1.8960234394645439,1.5248924730108344,0.6904810219420948,2.208449507738556
JFM2026,TP,SPIRE,south_peninsula,2026-01-01,daily,15,Week 3,0.5144574873167067,0.3823298346747273,0.09301103562986825,-0.3455855145450235,-4.53114459841044,1.7933635170660571,0.9030384865769221,1.9859214681580417
JFM2026,TP,SPIRE,south_peninsula,2026-01-01,daily,16,Week 3,0.5897353578896485,0.3829428621682934,0.0972344652662745,-0.5400087484343166,-5.065085628585202,2.0733836977298554,0.9752701230530734,2.1259583870355305
JFM2026,TP,SPIRE,south_peninsula,2026-01-01,daily,17,Week 3,0.5918932666232398,0.3820335494809569,0.10297744203845613,-0.5493227425376779,-4.747795390005918,2.074027389787162,0.9359369830866804,2.2159904216490176
JFM2026,TP,SPIRE,south_peninsula,2026-01-01,daily,18,Week 3,0.5241557425682227,0.39203958537011036,0.21309340262679716,-0.3369969822649066,-1.459746459097127,1.756755827256838,0.8940587696149059,1.964922091210534
JFM2026,TP,SPIRE,south_peninsula,2026-01-01,daily,19,Week 3,0.41311562097316085,0.37712250434810846,0.12043798915853463,-0.09544144465011395,-2.430110581050714,1.462790072376508,0.6004382316234764,2.4362040845090562
JFM2026,TP,SPIRE,south_peninsula,2026-01-01,daily,20,Week 3,0.4297892720102254,0.375802349133278,0.11482956721432337,-0.14365775786516166,-2.742845004440766,1.532857466321018,0.5767830888900984,2.6575977968956925
JFM2026,TP,SPIRE,south_peninsula,2026-01-01,daily,21,Week 3,0.341482595242478,0.3771957298309892,0.10326788217716755,0.09468064393123765,-2.306764775679495,1.192947863312204,0.4779977351248912,2.495718652308071
JFM2026,TP,SPIRE,south_peninsula,2026-01-01,daily,22,Week 4,0.30860549555846417,0.3744989695212501,0.11388536280032897,0.17595101542474867,-1.7097906874962576,1.0612007563287542,0.42176733828847224,2.516080928966896
JFM2026,TP,SPIRE,south_peninsula,2026-01-01,daily,23,Week 4,0.3058542752187156,0.4083713816764707,0.1802487790804529,0.25103890982001653,-0.6968451979483283,0.9298135973386622,0.5200622431982845,1.7878890642406269
JFM2026,TP,SPIRE,south_peninsula,2026-01-01,daily,24,Week 4,1.390069314555672,1.3803343934037944,1.296880462237362,-0.007052581750043974,-0.07185616179115062,1.3389921811039913,5.119464929101422,0.26154924384627315
JFM2026,TP,SPIRE,south_peninsula,2026-01-01,daily,25,Week 4,0.9440013422675915,1.0469379693990701,0.8979614679657543,0.09832161039164822,-0.05127154777157217,0.8132287270541988,3.7441056417617586,0.21720239888090886
JFM2026,TP,SPIRE,south_peninsula,2026-01-01,daily,26,Week 4,0.2993436529706768,0.3806606869247394,0.20307476199150426,0.21362078288410136,-0.4740564018644522,1.1087613790142254,0.3946655530063953,2.80936952963883
JFM2026,TP,SPIRE,south_peninsula,2026-01-01,daily,27,Week 4,0.5612202840335427,0.37252107687642516,0.09941074952204253,-0.5065463912521491,-4.645468792176266,2.160148633498367,0.6158196698054053,3.5077616701995877
JFM2026,TP,SPIRE,south_peninsula,2026-01-01,daily,28,Week 4,0.40787606791200187,0.3739605957819684,0.1072205435023529,-0.0906926358353739,-2.804085062328109,1.5277632615099186,0.4698513503226228,3.2515885299912024
JFM2026,TP,SPIRE,south_peninsula,2026-01-01,daily,29,Week 5,0.3446968405685814,0.37319377724628705,0.10738162587343467,0.07635962445027389,-2.210016963003133,1.2547215551040758,0.4590972946443233,2.733018838797878
JFM2026,TP,SPIRE,south_peninsula,2026-01-01,daily,30,Week 5,0.5218206263840021,0.37313190616929454,0.10716905074535263,-0.3984883569491524,-3.8691354710597805,1.975889868027156,0.6194812274221501,3.18958796580396
JFM2026,TP,SPIRE,south_peninsula,2026-01-01,daily,31,Week 5,0.7602334520907945,0.3692129956530291,0.11073451761277987,-1.0590647161434967,-5.865370152685399,3.032226099860754,0.6363521513530797,4.765012726700636
JFM2026,TP,SPIRE,south_peninsula,2026-01-01,daily,32,Week 5,0.5540044361063665,0.365488692052599,0.09565071503601107,-0.515790907223574,-4.791952897558498,2.1445764618440206,0.5348027558936101,4.01003255538692
JFM2026,TP,SPIRE,south_peninsula,2026-01-01,daily,33,Week 5,0.5473092766395355,0.36984030555983666,0.19219215765899125,-0.4798529754918399,-1.8477190916948478,1.9792262709782766,0.6866684303392887,2.882360952578414
JFM2026,TP,SPIRE,south_peninsula,2026-01-01,daily,34,Week 5,0.4267748824958908,0.37132938704949375,0.09982250070890122,-0.14931620652745914,-3.2753375187467633,1.634447860635173,0.4666621827294135,3.502421925589975
JFM2026,TP,SPIRE,south_peninsula,2026-01-01,daily,35,Week 5,0.26918389184892433,0.37239001876828715,0.10718390596068239,0.2771452555595507,-1.5114208092739911,0.9400026164881655,0.3995833934775409,2.352456663194637
JFM2026,TP,SPIRE,south_peninsula,2026-01-01,daily,36,Week 6,0.2090686059047581,0.3648520725551242,0.06410705669574808,0.42697706377104194,-2.2612416897721124,0.7305004731826849,0.27933506642343503,2.6151405999107276
JFM2026,TP,SPIRE,south_peninsula,2026-01-01,daily,37,Week 6,0.239990905682403,0.37171174657272543,0.10319563043667304,0.35436286882193335,-1.325591739368031,0.8104189391499568,0.40720306080002966,1.9902083681731937
JFM2026,TP,SPIRE,south_peninsula,2026-01-01,daily,38,Week 6,0.2645476076632079,0.3725110943542142,0.10545390001470668,0.28982623156008813,-1.5086564615089046,0.9177238486123309,0.41599743757587593,2.2060805325151613
JFM2026,TP,SPIRE,south_peninsula,2026-01-01,daily,39,Week 6,0.2706071281105008,0.3734354566027411,0.10723964012567692,0.27535770017047034,-1.5233871336510387,0.9530797051789686,0.4031809186702472,2.36390082229678
JFM2026,TP,SPIRE,south_peninsula,2026-01-01,daily,40,Week 6,0.444279571746448,0.36456503415017094,0.10274090669939163,-0.218656563655639,-3.3242714710155337,1.6917001129278417,0.521498506606308,3.243921298905938
JFM2026,TP,SPIRE,south_peninsula,2026-01-01,daily,41,Week 6,0.43595913690735466,0.3738078687579572,0.1040068901814835,-0.16626527514229728,-3.1916370746845875,1.6153370488948438,0.5451074764717478,2.9633368071746937
JFM2026,TP,SPIRE,south_peninsula,2026-01-01,daily,42,Week 6,0.4703487192875008,0.3750084754126163,0.1077809058766142,-0.25423490434445006,-3.3639336249961405,1.7584950691446175,0.5956322837670002,2.9523165836869025
JFM2026,TP,SPIRE,south_peninsula,2026-01-01,weekly,1,Week 1,0.18694225014150642,0.3837884940232968,0.14725329383617863,0.5129029320765447,-0.2695284789315635,0.531216247037966,0.3794575297089108,1.3999359755635163
JFM2026,TP,SPIRE,south_peninsula,2026-01-01,weekly,2,Week 2,0.6809505920055479,0.8166273924327403,1.280043372430925,0.16614284762480236,0.4680253758024172,1.8010466842709947,1.5871630005251955,1.13475848647872
JFM2026,TP,SPIRE,south_peninsula,2026-01-01,weekly,3,Week 3,0.47530376920912787,0.37744442670195594,0.09257393246023168,-0.2592682142964726,-4.1343154231166634,1.698017973868899,0.7164839972860141,2.3699314713250534
JFM2026,TP,SPIRE,south_peninsula,2026-01-01,weekly,4,Week 4,0.4752016479827871,0.515100723372947,0.35717382713431334,0.07745878345674906,-0.3304492431470629,1.2771298173078576,1.2954250539821055,0.9858770396496433
JFM2026,TP,SPIRE,south_peninsula,2026-01-01,weekly,5,Week 5,0.47643630357409933,0.36655606996675866,0.07142262787332554,-0.29976378134266124,-5.670663314420494,1.8515843584593723,0.47667674377310765,3.8843605916312627
JFM2026,TP,SPIRE,south_peninsula,2026-01-01,weekly,6,Week 6,0.33075845191811826,0.37007533074020665,0.08935325580906509,0.1062402045103863,-2.701694458956269,1.2110364724574354,0.4387333225983961,2.7603020105358707
JFM2026,Z500,ECMWF,All India,2026-01-01,daily,1,Week 1,18.195090413648934,38.38662687519651,67.24106292614067,0.5260044475174849,0.7294050744909417,2.4050816761686504,25.377548236819152,0.09477202658526425
JFM2026,Z500,ECMWF,All India,2026-01-01,daily,2,Week 1,26.893536735000833,30.539511169850083,57.94783631505737,0.11938548769073665,0.5359009335778647,3.5877647339431253,30.71355301342023,0.11681373146165988
JFM2026,Z500,ECMWF,All India,2026-01-01,daily,3,Week 1,9.890791351415595,19.842281434281446,42.49997979269068,0.5015295300505462,0.7672753869610862,4.381501320461437,13.809442356476207,0.3172830015403661
JFM2026,Z500,ECMWF,All India,2026-01-01,daily,4,Week 1,10.865949412480061,15.457120903606128,37.46645455033223,0.29702630391245444,0.7099819146782943,6.54755800232725,15.387537143953704,0.42551045960594236
JFM2026,Z500,ECMWF,All India,2026-01-01,daily,5,Week 1,3.951397824196793,14.11215017964619,37.344475350237886,0.7200002994656438,0.8941905653476634,7.700008165807149,6.435391131787538,1.1965097393650326
JFM2026,Z500,ECMWF,All India,2026-01-01,daily,6,Week 1,24.532042956049068,23.194483069500674,51.65317182558678,-0.057667156562208666,0.5250622161426118,8.063605660568422,32.23502326227206,0.25015045266016867
JFM2026,Z500,ECMWF,All India,2026-01-01,daily,7,Week 1,23.296319590003836,12.209936240365426,33.74703736317404,-0.9079804457116978,0.3096780810920722,9.161559355825908,31.387898057781804,0.29188190107411605
JFM2026,Z500,ECMWF,All India,2026-01-01,daily,8,Week 2,5.067241980282744,12.551387139406664,12.766926627092523,0.5962803215292836,0.6030961774676751,12.762383596057726,9.089342402680327,1.4041041728491015
JFM2026,Z500,ECMWF,All India,2026-01-01,daily,9,Week 2,14.715623556638436,15.38168497363517,26.030308396838183,0.0433022401731924,0.4346734839904588,16.333426037902232,27.78249771938751,0.5879034420474099
JFM2026,Z500,ECMWF,All India,2026-01-01,daily,10,Week 2,13.442073329452676,14.824824608562704,22.6536024312944,0.09327269061324084,0.40662535372813935,22.164501270000418,26.03341506220693,0.8513866205043891
JFM2026,Z500,ECMWF,All India,2026-01-01,daily,11,Week 2,11.911502285395486,14.52901712082056,13.137263018949684,0.18015773631886567,0.09330411759177804,25.953338439841094,23.137320537999646,1.1217089030346687
JFM2026,Z500,ECMWF,All India,2026-01-01,daily,12,Week 2,11.021379557534441,33.21421044800638,28.144718308518964,0.6681727667503239,0.6084032735123008,27.933145515729276,20.554533122602773,1.3589773773558795
JFM2026,Z500,ECMWF,All India,2026-01-01,daily,13,Week 2,17.851576577004618,31.363540312769484,25.153958727391025,0.4308175544284313,0.29030747126235,28.697407278669697,31.847859461521924,0.9010780556018669
JFM2026,Z500,ECMWF,All India,2026-01-01,daily,14,Week 2,9.584391067098434,13.542357111193422,17.465920121446814,0.29226566775613494,0.45125186646596793,30.026881538150032,15.232414506661561,1.9712489786184875
JFM2026,Z500,ECMWF,All India,2026-01-01,daily,15,Week 3,14.886601195355686,16.40108959041031,23.060058363775198,0.09234071838374347,0.3544421718055627,31.029044407847746,27.072231762054066,1.1461576083040101
JFM2026,Z500,ECMWF,All India,2026-01-01,daily,16,Week 3,19.74900694191621,18.86476507072333,15.684603990648265,-0.04687266806015811,-0.2591332846969736,33.31926098003111,36.471656719409935,0.913565874903041
JFM2026,Z500,ECMWF,All India,2026-01-01,daily,17,Week 3,15.887060821833,14.877380520646481,10.017888290673808,-0.06786680624222163,-0.5858692332018836,35.042140622353394,28.88209784693428,1.2132823871751053
JFM2026,Z500,ECMWF,All India,2026-01-01,daily,18,Week 3,13.582609727060866,19.137936605327322,44.50254582667303,0.2902782568900375,0.694790276044837,37.424801561834606,24.14983544393627,1.5496917835616772
JFM2026,Z500,ECMWF,All India,2026-01-01,daily,19,Week 3,10.807191011185473,16.885208711598004,45.150953800898726,0.3599610643981973,0.7606431292937524,37.749804576624705,15.319658213803141,2.464141435127568
JFM2026,Z500,ECMWF,All India,2026-01-01,daily,20,Week 3,9.538966413835755,15.550975489660717,44.01366755094536,0.3866001254919429,0.7832726299667143,35.0860379314662,11.93992640468419,2.938547252494076
JFM2026,Z500,ECMWF,All India,2026-01-01,daily,21,Week 3,11.019725368828855,12.929083556400046,31.654305356061325,0.14767931379220123,0.6518727786039145,36.69604008240883,16.724439270456575,2.1941566762858074
JFM2026,Z500,ECMWF,All India,2026-01-01,daily,22,Week 4,15.547077791223199,15.227999257872066,27.33379140191972,-0.02095341140670115,0.43121400311369573,39.08893135059301,29.119091115914554,1.3423815734835765
JFM2026,Z500,ECMWF,All India,2026-01-01,daily,23,Week 4,17.231736420710334,24.284495642078014,51.74312709095325,0.2904223058743409,0.6669753571248089,39.16348356737438,33.81465936405375,1.1581806324214114
JFM2026,Z500,ECMWF,All India,2026-01-01,daily,24,Week 4,19.725035988434797,15.904544868780507,35.07098251936562,-0.2402137974506673,0.4375681953722581,41.0186823598986,33.924473049835875,1.2091177451641226
JFM2026,Z500,ECMWF,All India,2026-01-01,daily,25,Week 4,12.837031138548811,11.309269358416067,33.248835136131326,-0.13508934412246743,0.6139103494606679,42.48961331244756,17.54121885098566,2.4222725725846592
JFM2026,Z500,ECMWF,All India,2026-01-01,daily,26,Week 4,19.872779746738104,9.973148456239175,15.378514155055434,-0.9926284897830582,-0.2922431612292826,42.743788093101934,35.38079742098743,1.2081069735230692
JFM2026,Z500,ECMWF,All India,2026-01-01,daily,27,Week 4,31.2299884374275,19.956796908668732,19.76643660002696,-0.5648798041263814,-0.5799503506557628,42.15736691654444,51.72098703731308,0.8150920802445406
JFM2026,Z500,ECMWF,All India,2026-01-01,daily,28,Week 4,21.32574613729663,16.20451640095931,31.72934497041685,-0.3160371843021581,0.32788571093478647,41.24965537712066,34.74355008007129,1.1872608090438415
JFM2026,Z500,ECMWF,All India,2026-01-01,daily,29,Week 5,15.216996567641331,8.927672350420334,21.57898791721569,-0.7044752506990115,0.2948234353706075,41.11573840586224,24.860408564728807,1.6538641470356203
JFM2026,Z500,ECMWF,All India,2026-01-01,daily,30,Week 5,24.64086972362506,13.503194368392371,5.213183030409656,-0.8248178209819168,-3.726645809266505,41.94357084264546,42.45398437838711,0.9879772524719376
JFM2026,Z500,ECMWF,All India,2026-01-01,daily,31,Week 5,25.990624768641155,16.813265436960283,8.759171184949677,-0.5458403881203504,-1.9672470396855788,39.685339670350004,44.825975994092985,0.8853201473087747
JFM2026,Z500,ECMWF,All India,2026-01-01,daily,32,Week 5,20.704216223322405,14.344535940540364,12.954102613766143,-0.4433521104581979,-0.5982748354425049,38.40499424302814,36.78412059709363,1.0440644935810313
JFM2026,Z500,ECMWF,All India,2026-01-01,daily,33,Week 5,20.690075296830837,13.498590107652499,13.39843666439508,-0.5327582459964768,-0.5442156286645377,38.85192975854943,37.39330130785848,1.0390077473684949
JFM2026,Z500,ECMWF,All India,2026-01-01,daily,34,Week 5,14.504810730210242,14.214044631818288,32.20619316401286,-0.020456253369366184,0.5496266616689771,38.83630815238065,25.51722252800219,1.5219645519712153
JFM2026,Z500,ECMWF,All India,2026-01-01,daily,35,Week 5,15.055923499709834,13.116559534203498,24.499915886158583,-0.14785614782970624,0.3854704004018318,39.75634284245635,27.657326694569942,1.4374615190217155
JFM2026,Z500,ECMWF,All India,2026-01-01,daily,36,Week 6,21.53282085693658,16.323874627344473,17.22034720503309,-0.3190998674338317,-0.250428960610217,40.61912321968089,43.65244813657376,0.9305119175125613
JFM2026,Z500,ECMWF,All India,2026-01-01,daily,37,Week 6,22.82427182042406,15.682359191546539,10.463773136072017,-0.45541060127785604,-1.1812659280371243,41.068662875940916,43.58115661331262,0.9423490808271889
JFM2026,Z500,ECMWF,All India,2026-01-01,daily,38,Week 6,15.228944560736787,10.916767566485177,14.456535282411396,-0.39500492870161774,-0.05342976468678118,38.46943613152231,27.74893538109088,1.3863391731322694
JFM2026,Z500,ECMWF,All India,2026-01-01,daily,39,Week 6,14.891038921972978,11.431989066760892,17.024536885924565,-0.30257637887963473,0.12531900152394204,39.09250623854497,28.443623481663906,1.3743855899282957
JFM2026,Z500,ECMWF,All India,2026-01-01,daily,40,Week 6,12.964258053083478,13.16189946030298,24.852483385170867,0.015016176640430867,0.47835160566613344,38.980920839610235,22.355960112361014,1.7436478077296702
JFM2026,Z500,ECMWF,All India,2026-01-01,daily,41,Week 6,10.010844913061398,9.427460753861338,26.502533419980516,-0.06188136704373082,0.6222683788594292,39.25639684900374,9.72915384600301,4.034924050988391
JFM2026,Z500,ECMWF,All India,2026-01-01,daily,42,Week 6,24.814918485373298,17.312685030509314,10.289500122324979,-0.43333737324067045,-1.4116738607673205,39.972069927851436,41.99405022504769,0.951850791091586
JFM2026,Z500,ECMWF,All India,2026-01-01,weekly,1,Week 1,16.209753579063666,20.165286619730267,46.84206390240488,0.19615555758063963,0.6539487753392639,3.97563993933515,19.424305990205,0.20467346124695146
JFM2026,Z500,ECMWF,All India,2026-01-01,weekly,2,Week 2,6.343107887376046,15.146857249539247,9.111424136362638,0.5812261393320388,0.30382914981847486,16.459795898574107,11.013853679102303,1.4944629171717563
JFM2026,Z500,ECMWF,All India,2026-01-01,weekly,3,Week 3,7.159608923242727,10.825260104729313,25.311893667928167,0.3386201482479987,0.7171444769336076,26.96751438921676,8.348298827993297,3.230300561210147
JFM2026,Z500,ECMWF,All India,2026-01-01,weekly,4,Week 4,15.448219237069779,11.784927717225838,27.70591538127775,-0.31084548057849926,0.44242162641163263,32.42042383226508,26.363731833365605,1.2297357611274973
JFM2026,Z500,ECMWF,All India,2026-01-01,weekly,5,Week 5,17.55271763329062,11.30063916058832,14.43376209270535,-0.5532499873553003,-0.21608749822484263,31.387131057977278,31.7127852823042,0.9897311377279548
JFM2026,Z500,ECMWF,All India,2026-01-01,weekly,6,Week 6,14.908748053518138,11.129210779475,12.735000917717398,-0.3396051480140472,-0.17069077182213177,30.29067621997994,28.75327332982495,1.0534687954487703
JFM2026,Z500,ECMWF,central_india,2026-01-01,daily,1,Week 1,20.33825489940718,46.77273474529865,70.39325814255248,0.5651685750221933,0.7110766650661283,2.170382701886751,25.456361205798174,0.08525895293284905
JFM2026,Z500,ECMWF,central_india,2026-01-01,daily,2,Week 1,32.36731939404516,36.618666200395744,59.554767501508685,0.11609780605020059,0.4565116991981337,2.9498337974130586,34.9679890591979,0.08435811943372652
JFM2026,Z500,ECMWF,central_india,2026-01-01,daily,3,Week 1,12.879077239935496,19.80859584317144,38.42102670806746,0.3498238167964205,0.664790914157658,3.5021826231917594,15.900820754739396,0.2202516887153702
JFM2026,Z500,ECMWF,central_india,2026-01-01,daily,4,Week 1,13.80805347594006,13.976141031130576,30.435628357925065,0.012026750074724868,0.5463194216476687,4.591266486101422,16.878096816593132,0.2720251303208353
JFM2026,Z500,ECMWF,central_india,2026-01-01,daily,5,Week 1,5.886770722689914,13.831778364151441,31.915641141179236,0.5744024688866493,0.8155521709042375,6.751038060415583,9.095839747960818,0.7422116316340212
JFM2026,Z500,ECMWF,central_india,2026-01-01,daily,6,Week 1,29.713873307430003,25.515121437279756,49.650678544817254,-0.16455935279287037,0.4015414455895354,6.583809400930977,34.6144816739881,0.19020389971283438
JFM2026,Z500,ECMWF,central_india,2026-01-01,daily,7,Week 1,20.498336306401967,11.6832994910907,28.320463489739712,-0.7544989171965781,0.27620053556579827,7.177151313192248,25.68287653719085,0.27945278258839745
JFM2026,Z500,ECMWF,central_india,2026-01-01,daily,8,Week 2,4.847533603458386,11.4072434471028,13.8119703140764,0.575047764524605,0.6490338819713473,10.574980208148249,9.401808892338218,1.1247814467667046
JFM2026,Z500,ECMWF,central_india,2026-01-01,daily,9,Week 2,9.112719318191695,12.458588354428242,19.444850738123026,0.26855924130820974,0.531355656007914,13.978358363270962,17.68600989206971,0.7903624643757983
JFM2026,Z500,ECMWF,central_india,2026-01-01,daily,10,Week 2,10.094332147921962,12.02378834158342,18.640304498090245,0.1604699067255343,0.4584674220876511,19.495076731627492,19.00010418401577,1.0260510438689137
JFM2026,Z500,ECMWF,central_india,2026-01-01,daily,11,Week 2,9.032970124196531,9.126784521204911,7.017840109117034,0.01027901960328026,-0.28714390521117683,21.68521866137242,16.376099116221628,1.3241992801504086
JFM2026,Z500,ECMWF,central_india,2026-01-01,daily,12,Week 2,7.795577457861526,19.97301514766784,16.97767971733659,0.6096945103067335,0.5408337542201865,22.987076561363374,12.660435035618598,1.8156624552546594
JFM2026,Z500,ECMWF,central_india,2026-01-01,daily,13,Week 2,10.543935608815513,17.006170096993504,12.178357589125309,0.3799935230167103,0.134207093883436,24.91731421492934,17.460467472140476,1.4270702806031306
JFM2026,Z500,ECMWF,central_india,2026-01-01,daily,14,Week 2,9.43723322079356,9.398176623271025,23.136615166057787,-0.004155763302620352,0.5921083030918755,27.844293245395733,15.352393070704313,1.8136777189823694
JFM2026,Z500,ECMWF,central_india,2026-01-01,daily,15,Week 3,12.444060125585553,12.510403757197306,24.779958980075055,0.005303076775086901,0.4978175655742001,28.651401446077113,21.237382096695168,1.3491023194678815
JFM2026,Z500,ECMWF,central_india,2026-01-01,daily,16,Week 3,17.080155014337283,13.5789977708873,11.009461658830709,-0.2578362043004596,-0.5514069210311714,30.555444456711037,30.20043534009039,1.0117550993097566
JFM2026,Z500,ECMWF,central_india,2026-01-01,daily,17,Week 3,15.374240322094138,10.4762419995568,5.8596427673511124,-0.4675339041179605,-1.6237504456341045,32.36677307383024,26.982244147433743,1.199558231590185
JFM2026,Z500,ECMWF,central_india,2026-01-01,daily,18,Week 3,11.563655605461172,20.859518074701036,46.36544072236471,0.44564128643576517,0.7505975264054083,35.1200232026646,18.681926144623308,1.8798930544306967
JFM2026,Z500,ECMWF,central_india,2026-01-01,daily,19,Week 3,9.92474309532217,20.248928538363394,47.23769803891992,0.5098632959013678,0.789897825098399,35.43966217812649,12.789623203945657,2.7709699975518585
JFM2026,Z500,ECMWF,central_india,2026-01-01,daily,20,Week 3,8.351788003650219,18.308305835737425,44.216473035894616,0.5438251863070964,0.811115916077922,32.958975121354996,6.9933190208279195,4.7129231518245644
JFM2026,Z500,ECMWF,central_india,2026-01-01,daily,21,Week 3,8.776701069159037,15.193806043492762,37.87568410106419,0.42235006528084895,0.7682761043803182,32.69828477508029,9.890398463795295,3.3060634406970903
JFM2026,Z500,ECMWF,central_india,2026-01-01,daily,22,Week 4,9.704689568122392,15.75966676988937,37.78057886008238,0.38420718471888615,0.7431302044348499,33.73545688158331,13.210620886674787,2.553661721956717
JFM2026,Z500,ECMWF,central_india,2026-01-01,daily,23,Week 4,9.21189902577059,16.63854126537762,41.05926043649239,0.44635176372467156,0.775643815114037,35.007710730885854,10.011791795567778,3.4966478973707558
JFM2026,Z500,ECMWF,central_india,2026-01-01,daily,24,Week 4,16.90611447415738,8.433306672746133,19.924522628374373,-1.0046839431077221,0.15149211905927917,37.823195521477096,28.064611173941454,1.3477184945500573
JFM2026,Z500,ECMWF,central_india,2026-01-01,daily,25,Week 4,11.08481569238751,12.272911223042417,35.21768619147798,0.09680633299328811,0.6852486096866345,40.27398555697892,12.576077387710022,3.2024282544839213
JFM2026,Z500,ECMWF,central_india,2026-01-01,daily,26,Week 4,18.331234250540266,7.806155499445475,14.108758600889523,-1.3483050333602065,-0.2992804518878456,40.315859172492026,31.509448922166367,1.279484743515476
JFM2026,Z500,ECMWF,central_india,2026-01-01,daily,27,Week 4,29.03429787392882,14.391131221000148,9.107062645254695,-1.0175132467391266,-2.1881078460635566,37.61022644825065,46.97609958763169,0.8006247172158377
JFM2026,Z500,ECMWF,central_india,2026-01-01,daily,28,Week 4,17.08292444300367,9.730147069729911,17.19594707887291,-0.755669705769191,0.006572632222629937,35.83862910044682,27.70167123244303,1.2937352696061937
JFM2026,Z500,ECMWF,central_india,2026-01-01,daily,29,Week 5,13.238985374866546,7.675429894225291,18.25651576757861,-0.7248526215876283,0.27483504829670713,34.60824881149961,21.74611135351664,1.5914683894002495
JFM2026,Z500,ECMWF,central_india,2026-01-01,daily,30,Week 5,23.584682533813776,11.474194822458267,1.7602588916113666,-1.0554542518009051,-12.398416929582451,36.1862322066226,39.0446789918883,0.9267903627569956
JFM2026,Z500,ECMWF,central_india,2026-01-01,daily,31,Week 5,22.899209958565244,13.226300770086485,5.460793848714233,-0.7313389704818809,-3.1933848068549517,33.67718596851086,37.603849081668116,0.8955781599742804
JFM2026,Z500,ECMWF,central_india,2026-01-01,daily,32,Week 5,17.750955052019034,10.740704786591934,5.588593230223174,-0.6526806578073243,-2.1762832471008395,33.612250453490766,30.12545755792364,1.1157424045381852
JFM2026,Z500,ECMWF,central_india,2026-01-01,daily,33,Week 5,15.707895117724046,9.525593732079043,8.656818383955994,-0.6490200568627087,-0.8145113390429997,34.53352447654286,27.01430402310576,1.2783421866802784
JFM2026,Z500,ECMWF,central_india,2026-01-01,daily,34,Week 5,9.808526761751043,12.069504343229566,31.08349274065349,0.18732977901837589,0.6844457975302543,34.84553902723259,11.835418954249972,2.944174529176251
JFM2026,Z500,ECMWF,central_india,2026-01-01,daily,35,Week 5,9.425999890671218,10.958785274763253,29.202378512417546,0.13986818298391634,0.6772180770596115,35.90827953075363,9.67673631583256,3.710784127909161
JFM2026,Z500,ECMWF,central_india,2026-01-01,daily,36,Week 6,11.845502769944975,10.477386748396267,21.15960689691926,-0.13057798231587858,0.4401832308297927,37.35824904051527,18.817986402651925,1.9852415790485722
JFM2026,Z500,ECMWF,central_india,2026-01-01,daily,37,Week 6,13.500178348517625,9.54930375399392,15.909914158951116,-0.4137343094643191,0.15146127039772517,38.39986336778582,23.565866744190792,1.6294695962011134
JFM2026,Z500,ECMWF,central_india,2026-01-01,daily,38,Week 6,11.152579328959305,8.463614845063322,16.306378044662882,-0.3177087489353807,0.3160602987117932,35.056904875637144,17.556579353310916,1.9967958547133455
JFM2026,Z500,ECMWF,central_india,2026-01-01,daily,39,Week 6,10.14042828145339,7.788499221232259,16.707882428918776,-0.301974615829649,0.393075195220319,34.27108231888738,14.331532141581434,2.3913062455795244
JFM2026,Z500,ECMWF,central_india,2026-01-01,daily,40,Week 6,9.662805874286398,13.36089174753684,33.71776573999133,0.27678436014064745,0.7134209321934484,34.32802419862914,12.258860889408798,2.800262153907569
JFM2026,Z500,ECMWF,central_india,2026-01-01,daily,41,Week 6,8.545972479725407,8.295333606259916,23.448025596845355,-0.03021444168036247,0.6355355189958867,34.35938067649787,6.602184619091898,5.204244149298548
JFM2026,Z500,ECMWF,central_india,2026-01-01,daily,42,Week 6,26.07849903609324,16.26190036920076,11.326131015358138,-0.6036563036313172,-1.3025072728481613,35.41398042861476,41.90273284319789,0.8451472738338006
JFM2026,Z500,ECMWF,central_india,2026-01-01,weekly,1,Week 1,20.004200050770795,22.153754006770676,44.096445561078475,0.09702888076408767,0.5463534578300022,3.262412257897696,22.088885250913012,0.1476947442498416
JFM2026,Z500,ECMWF,central_india,2026-01-01,weekly,2,Week 2,5.943921228380968,9.862283987217515,8.272258692092766,0.3973078410553913,0.28146332826092524,14.504979779374452,10.43979958396988,1.389392551332746
JFM2026,Z500,ECMWF,central_india,2026-01-01,weekly,3,Week 3,6.390952488734608,10.262979920026837,27.478749160054765,0.37728101014175075,0.7674220012159436,25.34770851300496,5.8612694939994485,4.324610656267385
JFM2026,Z500,ECMWF,central_india,2026-01-01,weekly,4,Week 4,13.0800115126909,8.906341451482763,23.03082843430972,-0.468617791485334,0.4320650883228667,30.36784055946107,21.942314325587123,1.383985303867827
JFM2026,Z500,ECMWF,central_india,2026-01-01,weekly,5,Week 5,13.454851618571498,8.257795735908509,11.980097348108313,-0.6293514696741547,-0.12310035783607831,27.315020004194277,23.23038696008316,1.1758314681167281
JFM2026,Z500,ECMWF,central_india,2026-01-01,weekly,6,Week 6,9.761463809495325,8.001533633945893,16.185594518442443,-0.21994910676661572,0.396904216377547,27.859829514048503,16.15446601027902,1.7245899366974686
JFM2026,Z500,ECMWF,east_northeast_india,2026-01-01,daily,1,Week 1,3.9859030398958297,24.958989483328516,51.04961554759841,0.8403019063508868,0.9219209978931302,2.4729201153702993,6.118661440998272,0.40416031173099803
JFM2026,Z500,ECMWF,east_northeast_india,2026-01-01,daily,2,Week 1,11.241945865804666,31.61725951762803,60.32966589883686,0.6444364237344233,0.8136580785205143,3.855813075207315,14.340918531765015,0.26886792967038486
JFM2026,Z500,ECMWF,east_northeast_india,2026-01-01,daily,3,Week 1,11.753389978436283,35.31972466489939,66.896254890744,0.6672287202137576,0.824304215570332,5.410229222244314,17.106949338151686,0.31625914798137
JFM2026,Z500,ECMWF,east_northeast_india,2026-01-01,daily,4,Week 1,21.104497632716022,23.506875992440204,53.266617725707036,0.10219896342231038,0.603795049623908,7.54317432569509,25.733548889817474,0.29312608058812495
JFM2026,Z500,ECMWF,east_northeast_india,2026-01-01,daily,5,Week 1,2.7024438087589804,9.804593522686934,28.38558045419157,0.7243696230235581,0.9047951894758621,8.457484512657473,3.9911473332205105,2.1190609633127764
JFM2026,Z500,ECMWF,east_northeast_india,2026-01-01,daily,6,Week 1,15.252696299951834,12.334062842396598,31.808660320584437,-0.23663195938347625,0.5204860517158809,9.22688099009302,22.378839061425683,0.4123038270558618
JFM2026,Z500,ECMWF,east_northeast_india,2026-01-01,daily,7,Week 1,35.8292867272542,8.905380217790668,24.97766275470537,-3.0233303745612643,-0.4344531383547712,10.386463462555954,41.977946606901604,0.24742666809834649
JFM2026,Z500,ECMWF,east_northeast_india,2026-01-01,daily,8,Week 2,7.020507019514707,18.330715416344127,10.574613648036651,0.6170085640380928,0.3360980123545054,15.547299388238887,12.837371672290395,1.2110967716076881
JFM2026,Z500,ECMWF,east_northeast_india,2026-01-01,daily,9,Week 2,14.33158804259112,27.163696736885324,21.861438339011233,0.47239920319348905,0.34443526448958617,19.583596605589353,23.586365232849754,0.830293112663007
JFM2026,Z500,ECMWF,east_northeast_india,2026-01-01,daily,10,Week 2,9.42890350392684,25.152853805328984,18.56216509999101,0.6251358363984449,0.49203643792978613,25.747817618429615,14.955946351060534,1.721577292004917
JFM2026,Z500,ECMWF,east_northeast_india,2026-01-01,daily,11,Week 2,9.08476860995108,19.964871794884623,14.9036816655732,0.5449623366838363,0.39043460442821554,31.093244538402814,12.185518465259248,2.5516554447025985
JFM2026,Z500,ECMWF,east_northeast_india,2026-01-01,daily,12,Week 2,11.4628062545313,34.06708109282469,27.710372107762865,0.6635225007009588,0.58633517406574,31.42049483345375,18.329157160806055,1.71423566058135
JFM2026,Z500,ECMWF,east_northeast_india,2026-01-01,daily,13,Week 2,30.32778612891975,53.88128080854024,49.150154106995465,0.43713687436856985,0.3829564386939889,31.04306718376115,46.45572132856337,0.6682291501665754
JFM2026,Z500,ECMWF,east_northeast_india,2026-01-01,daily,14,Week 2,9.227835533053986,17.95439439663456,16.039717484589257,0.4860402790982643,0.4246883997850982,31.35766735323966,12.343373874635375,2.540445397807896
JFM2026,Z500,ECMWF,east_northeast_india,2026-01-01,daily,15,Week 3,22.997619546944424,13.281575246363978,40.608201410293184,-0.7315430677728045,0.433670570272657,35.70748950716092,37.855699861223414,0.94325265780483
JFM2026,Z500,ECMWF,east_northeast_india,2026-01-01,daily,16,Week 3,15.892696634867946,10.473801085411036,26.16083967150128,-0.5173762137801998,0.3925005147223579,40.832904628826725,26.470859077446807,1.5425606138947108
JFM2026,Z500,ECMWF,east_northeast_india,2026-01-01,daily,17,Week 3,17.094554545146707,19.82829173682683,7.668481203997278,0.13787053509016056,-1.2291969022804659,41.927467138502244,28.345201575127053,1.479173362989722
JFM2026,Z500,ECMWF,east_northeast_india,2026-01-01,daily,18,Week 3,15.622236303219388,14.546465720051282,13.625319643241927,-0.07395408643387724,-0.14655925235250677,42.31271234246675,25.16041696796489,1.6817174531066301
JFM2026,Z500,ECMWF,east_northeast_india,2026-01-01,daily,19,Week 3,11.850797399036612,9.738097564348209,19.883516817180546,-0.216952009437976,0.40398886635603537,44.2693459115131,13.098019291740865,3.379850412911496
JFM2026,Z500,ECMWF,east_northeast_india,2026-01-01,daily,20,Week 3,11.016009329252983,9.147818232354116,21.523568198880596,-0.20422258613441024,0.488188518396968,41.25208839480761,12.056427460009981,3.4215847548236695
JFM2026,Z500,ECMWF,east_northeast_india,2026-01-01,daily,21,Week 3,12.424979229065832,10.717413459737003,15.46134215085561,-0.15932629414212518,0.19638417494187277,39.39288721661306,18.17113928255609,2.1678820796024274
JFM2026,Z500,ECMWF,east_northeast_india,2026-01-01,daily,22,Week 4,22.131784756855104,17.5007537403566,12.876446906205546,-0.2646189464296833,-0.7187804149752781,42.40724173711393,37.495312573132,1.1310011525947825
JFM2026,Z500,ECMWF,east_northeast_india,2026-01-01,daily,23,Week 4,29.29150136408242,25.680632480124963,22.727639515870695,-0.14060669598975117,-0.28880526038034815,45.53648058116306,49.33470402312996,0.9230111233628533
JFM2026,Z500,ECMWF,east_northeast_india,2026-01-01,daily,24,Week 4,30.247024096701786,27.625796705517253,22.694205408231152,-0.09488332297258362,-0.33280824565601397,45.122735793654165,49.901978673114755,0.9042273872391465
JFM2026,Z500,ECMWF,east_northeast_india,2026-01-01,daily,25,Week 4,13.094571899883423,11.588215822026685,21.195774464938346,-0.12999033682074534,0.38220837735633495,47.21471653814817,15.862038688490982,2.9765856372803925
JFM2026,Z500,ECMWF,east_northeast_india,2026-01-01,daily,26,Week 4,14.098138613275585,8.72610922197357,20.825023599091416,-0.61562710878916,0.32301932114541854,46.253206906593455,20.089634864016716,2.30234184044028
JFM2026,Z500,ECMWF,east_northeast_india,2026-01-01,daily,27,Week 4,53.46558289540931,47.28844554782751,39.24861306266936,-0.1306267794599898,-0.36222859162027765,48.37128026031562,78.87888028729589,0.613234874584119
JFM2026,Z500,ECMWF,east_northeast_india,2026-01-01,daily,28,Week 4,42.77031898257306,37.54842647596261,29.076931826677463,-0.13907087451329958,-0.47093645359556846,46.5669279097115,66.78635142586991,0.697252161789357
JFM2026,Z500,ECMWF,east_northeast_india,2026-01-01,daily,29,Week 5,13.232066880159357,8.783422706201522,22.16246444193953,-0.5064818491334677,0.4029514671157499,47.96509141068817,15.71158316063504,3.0528490299350257
JFM2026,Z500,ECMWF,east_northeast_india,2026-01-01,daily,30,Week 5,20.039583830787727,11.729091799406014,9.32961631014476,-0.7085367028845808,-1.147953695480194,49.72024107200836,32.83160144071483,1.5144019447784156
JFM2026,Z500,ECMWF,east_northeast_india,2026-01-01,daily,31,Week 5,33.93606952953236,29.48803128171456,19.323355306748653,-0.15084215712210058,-0.7562203349684431,48.07002199255846,55.06729270673873,0.8729323638362922
JFM2026,Z500,ECMWF,east_northeast_india,2026-01-01,daily,32,Week 5,35.82017660806826,31.062100095264764,21.26092783969523,-0.15317948555348448,-0.6847889649100907,44.18883584867021,56.76749976292316,0.7784178629183082
JFM2026,Z500,ECMWF,east_northeast_india,2026-01-01,daily,33,Week 5,37.295596275189105,29.95482482385082,19.931020329976516,-0.24506140478222282,-0.8712336678065618,39.80120260142774,57.54352550529838,0.6916712567039883
JFM2026,Z500,ECMWF,east_northeast_india,2026-01-01,daily,34,Week 5,35.212653530704074,26.911410172451117,21.133443655450048,-0.3084655655373585,-0.6662051913921363,40.82893538536721,55.64745517102481,0.733707143657964
JFM2026,Z500,ECMWF,east_northeast_india,2026-01-01,daily,35,Week 5,24.00494955976606,19.79000924296029,19.173387146715218,-0.21298324144568603,-0.251993159898124,43.4926005108482,40.4654376591872,1.0748086027675452
JFM2026,Z500,ECMWF,east_northeast_india,2026-01-01,daily,36,Week 6,12.559429985912038,9.217262413496345,15.12066875320686,-0.3625987221023388,0.16938660644567216,42.089476439411484,17.055807813472697,2.46775039328036
JFM2026,Z500,ECMWF,east_northeast_india,2026-01-01,daily,37,Week 6,22.06610158412285,17.39434764452253,9.078860211519318,-0.26857885303168905,-1.4304924924524376,41.14302339432516,37.45688423992058,1.0984101915897209
JFM2026,Z500,ECMWF,east_northeast_india,2026-01-01,daily,38,Week 6,10.897406747982952,8.481678521489265,21.06132641075073,-0.2848172352174365,0.4825868734259594,40.181463127691764,12.605462776666947,3.1876230043746383
JFM2026,Z500,ECMWF,east_northeast_india,2026-01-01,daily,39,Week 6,10.621482240036231,9.727746355445912,35.29245457848468,-0.09187491654631552,0.6990438220607246,42.626160892149535,8.676241126358033,4.912975592927353
JFM2026,Z500,ECMWF,east_northeast_india,2026-01-01,daily,40,Week 6,18.031736821023856,14.227409907724484,10.543050988323172,-0.2673942016131756,-0.7102958945180751,44.51567335016649,30.11879759777837,1.4780030047896089
JFM2026,Z500,ECMWF,east_northeast_india,2026-01-01,daily,41,Week 6,10.752965267783786,8.943482808524463,27.291914018758177,-0.20232413904062274,0.6060017901128848,44.05107252902763,7.185620768659708,6.130447729882664
JFM2026,Z500,ECMWF,east_northeast_india,2026-01-01,daily,42,Week 6,23.74205937443936,19.633035268646882,9.868191766576773,-0.20929133216372375,-1.4059179164771503,43.390195761612574,39.616562616178165,1.0952539265456962
JFM2026,Z500,ECMWF,east_northeast_india,2026-01-01,weekly,1,Week 1,11.643844111504178,18.17241936560049,45.24480428092673,0.3592573516355554,0.7426479283851666,4.600209769022967,14.777857616411616,0.31129070860137287
JFM2026,Z500,ECMWF,east_northeast_india,2026-01-01,weekly,2,Week 2,8.397416993845747,26.61606392321622,20.033899465349887,0.6844981655412622,0.5808396159534641,17.926780675078348,14.09212485430855,1.2721133867613572
JFM2026,Z500,ECMWF,east_northeast_india,2026-01-01,weekly,3,Week 3,7.948042001175307,9.296860475432787,16.612073078097296,0.1450832222148295,0.5215502626427373,32.40018156375802,5.5280919947639475,5.861006219586533
JFM2026,Z500,ECMWF,east_northeast_india,2026-01-01,weekly,4,Week 4,27.327326614268742,21.576227652430386,15.949655833750876,-0.2665479366681849,-0.7133489837719076,36.29878653313405,43.98043943563395,0.8253393326425918
JFM2026,Z500,ECMWF,east_northeast_india,2026-01-01,weekly,5,Week 5,27.38239011165648,20.03815940563319,11.077058454627503,-0.36651224083778144,-1.4719911178420597,35.82498681935305,43.9333108483366,0.8154401780240391
JFM2026,Z500,ECMWF,east_northeast_india,2026-01-01,weekly,6,Week 6,11.820697998068836,9.655111605845649,12.452554625490814,-0.2242942889352042,0.05074112472701353,32.55214084272492,18.810863312940818,1.7304969102790126
JFM2026,Z500,ECMWF,northwest_india,2026-01-01,daily,1,Week 1,25.639321789709392,42.92984455895361,87.5002433785831,0.40276229618068915,0.7069799945723925,3.0014300370842544,34.17419883391776,0.0878273709259673
JFM2026,Z500,ECMWF,northwest_india,2026-01-01,daily,2,Week 1,32.44816829863894,28.38925059362395,68.0414711269441,-0.1429737530981745,0.5231118939491946,4.656485281221124,35.53188128354283,0.1310509073263692
JFM2026,Z500,ECMWF,northwest_india,2026-01-01,daily,3,Week 1,8.469416773806474,16.83106536816084,45.98661140359166,0.4967985336312706,0.8158286397865577,5.64527877426523,12.404346826072977,0.45510488004086525
JFM2026,Z500,ECMWF,northwest_india,2026-01-01,daily,4,Week 1,5.412214458523924,15.803564050864559,46.30231792814281,0.6575320325779399,0.8831113710781562,9.96479560762384,8.701057887158859,1.145239548667987
JFM2026,Z500,ECMWF,northwest_india,2026-01-01,daily,5,Week 1,3.260598801739036,19.702668000463508,58.2309301776974,0.834509783057689,0.944005723559816,10.39025282999761,4.642803989536816,2.237926230229285
JFM2026,Z500,ECMWF,northwest_india,2026-01-01,daily,6,Week 1,33.15011196952112,32.48470158348654,79.29510588589557,-0.02048380787259063,0.5819399999638866,10.913093390595298,40.38082894498478,0.27025431809394995
JFM2026,Z500,ECMWF,northwest_india,2026-01-01,daily,7,Week 1,29.679258611176863,16.610368066187675,52.60947136874305,-0.7867911471265001,0.43585712155985956,12.662112055102508,38.25305715578257,0.3310091531648582
JFM2026,Z500,ECMWF,northwest_india,2026-01-01,daily,8,Week 2,5.631301854020819,15.783852934372081,17.754700802556744,0.643223877120796,0.6828275555502523,17.0232108514057,8.551566813711064,1.990654019578227
JFM2026,Z500,ECMWF,northwest_india,2026-01-01,daily,9,Week 2,27.888961182639903,18.554403973378776,43.57315719368158,-0.5030911918622678,0.35995087391363045,21.736155408487527,42.289380256287636,0.5139861420706389
JFM2026,Z500,ECMWF,northwest_india,2026-01-01,daily,10,Week 2,22.878269875004445,17.24071135306249,32.459359172225504,-0.32699106240419407,0.2951718561782115,30.038539317755554,39.244684643975276,0.7654167587346629
JFM2026,Z500,ECMWF,northwest_india,2026-01-01,daily,11,Week 2,20.782141782085073,23.431029961221867,24.130033098506253,0.1130504371135489,0.1387437515213532,36.41693229539293,35.70377792530365,1.019974199133248
JFM2026,Z500,ECMWF,northwest_india,2026-01-01,daily,12,Week 2,17.920011938275298,61.5123270951366,52.88226181786386,0.7086760851924894,0.6611337843302716,40.15297183020666,30.852119858848422,1.301465572346749
JFM2026,Z500,ECMWF,northwest_india,2026-01-01,daily,13,Week 2,23.55114639865031,48.9780144761442,37.20683829872134,0.5191486088085215,0.36702102421157146,40.785543718274376,40.52425182909457,1.0064477905793738
JFM2026,Z500,ECMWF,northwest_india,2026-01-01,daily,14,Week 2,13.188436421223043,20.813873879985586,16.257432296858767,0.366363200946225,0.18877494425910724,40.77003651255211,19.705027924375624,2.069016936642781
JFM2026,Z500,ECMWF,northwest_india,2026-01-01,daily,15,Week 3,19.251027207384713,27.648683867885723,18.655259014650703,0.3037271756090708,-0.03193566984334706,40.83210661924597,32.95123466849667,1.239167728615762
JFM2026,Z500,ECMWF,northwest_india,2026-01-01,daily,16,Week 3,32.404695248955186,36.41045304768742,20.853465383256484,0.11001669749854037,-0.5539237557597181,43.366024795075,52.57059170963451,0.8249103421662152
JFM2026,Z500,ECMWF,northwest_india,2026-01-01,daily,17,Week 3,22.29392142493336,21.98917864944038,13.140739874547627,-0.013858761182093282,-0.6965499384181997,46.03199418696338,37.45587902936144,1.2289657960204103
JFM2026,Z500,ECMWF,northwest_india,2026-01-01,daily,18,Week 3,19.551880778230153,20.56639239703059,64.19085558411366,0.04932861336181227,0.6954101857606496,49.286320097126115,33.32471650685098,1.4789719242470887
JFM2026,Z500,ECMWF,northwest_india,2026-01-01,daily,19,Week 3,14.96528151936651,18.409393303334703,64.74167740544135,0.1870844805811347,0.7688462499102824,48.46274169564156,21.667920223352127,2.2366125219259345
JFM2026,Z500,ECMWF,northwest_india,2026-01-01,daily,20,Week 3,12.890462711341181,17.377955700105662,64.62215695152899,0.2582290498494708,0.800525650652455,44.08902972626994,17.657170731200242,2.4969475799633387
JFM2026,Z500,ECMWF,northwest_india,2026-01-01,daily,21,Week 3,16.41039646375193,12.816035922114182,37.511386224160816,-0.28045805766162424,0.562522260156248,51.10735172928309,24.315977172480892,2.1018012711051064
JFM2026,Z500,ECMWF,northwest_india,2026-01-01,daily,22,Week 4,24.9346945180138,15.873574070549283,25.128783767777062,-0.5708305141106114,0.007723782080219288,56.31465481565461,42.00251780872505,1.3407447399250085
JFM2026,Z500,ECMWF,northwest_india,2026-01-01,daily,23,Week 4,26.614388972676203,40.00700874997521,94.13509322136616,0.33475683875784157,0.7172745247079073,53.26277089838592,47.53768227203914,1.1204326410695495
JFM2026,Z500,ECMWF,northwest_india,2026-01-01,daily,24,Week 4,22.279200456659414,24.863644908272427,72.32162860000797,0.10394471370338543,0.691942771644706,55.16722496313721,36.85090564661289,1.497038512219247
JFM2026,Z500,ECMWF,northwest_india,2026-01-01,daily,25,Week 4,16.683291976398795,13.737903557907241,49.341667988185655,-0.21439868216255253,0.6618822861765955,55.26281936343069,23.291121886932,2.3726989035438915
JFM2026,Z500,ECMWF,northwest_india,2026-01-01,daily,26,Week 4,29.299978113667187,16.05133572348626,19.90865735431225,-0.8253918937596922,-0.47172044765343046,56.44526891777547,49.279107389195886,1.1454198728070046
JFM2026,Z500,ECMWF,northwest_india,2026-01-01,daily,27,Week 4,29.989503916018837,20.355077800381622,30.067201529323494,-0.4733180688435681,0.002584131856397831,57.10878618496738,50.54916784533638,1.12976708854439
JFM2026,Z500,ECMWF,northwest_india,2026-01-01,daily,28,Week 4,15.697713072814159,17.374144483868204,61.568891006437475,0.09649001207573715,0.7450382357679165,57.77470613508846,17.48880290105619,3.30352548781937
JFM2026,Z500,ECMWF,northwest_india,2026-01-01,daily,29,Week 5,21.189908827585807,12.95418347402007,34.57325935941568,-0.6357579673070621,0.387101210004519,57.77142222089046,33.702343631593244,1.7141663159215546
JFM2026,Z500,ECMWF,northwest_india,2026-01-01,daily,30,Week 5,33.34191254442808,20.549326916940977,8.163436362389275,-0.6225306395286758,-3.0842987026935758,58.01381629412204,55.77145802830812,1.040206197669707
JFM2026,Z500,ECMWF,northwest_india,2026-01-01,daily,31,Week 5,32.80354983080393,20.627966403026413,10.294252830605478,-0.5902464251634223,-2.186588708339945,54.16813975959905,54.980016285921174,0.9852332432551494
JFM2026,Z500,ECMWF,northwest_india,2026-01-01,daily,32,Week 5,24.09974425190112,15.936614962998522,22.510380866815446,-0.512224792269605,-0.07060579714262838,52.153758325177066,40.230773649224446,1.2963647873120747
JFM2026,Z500,ECMWF,northwest_india,2026-01-01,daily,33,Week 5,26.108635775421334,15.28908275419379,20.310754379122223,-0.7076652795446308,-0.2854586928715388,55.14776100238932,44.00914803944682,1.2530976730783019
JFM2026,Z500,ECMWF,northwest_india,2026-01-01,daily,34,Week 5,15.830718973620021,14.323461729721817,46.58028833884953,-0.10522995574251293,0.6601412413238184,54.716705769657246,20.744161305222963,2.6376918769851967
JFM2026,Z500,ECMWF,northwest_india,2026-01-01,daily,35,Week 5,22.627632438646085,14.56448251518214,24.38951523405192,-0.5536173300396254,0.0722393527914793,54.80486084522171,38.49351816151323,1.4237425796018033
JFM2026,Z500,ECMWF,northwest_india,2026-01-01,daily,36,Week 6,44.818913459172265,28.489794068239906,10.337588802137791,-0.5731568066733017,-3.3355287501766187,55.89934263396947,72.91232345756251,0.7666652217783845
JFM2026,Z500,ECMWF,northwest_india,2026-01-01,daily,37,Week 6,41.48161235331219,27.27811995937278,6.028583172414818,-0.5206917637686785,-5.880822768295034,55.76534780893689,67.37684581066294,0.8276633780934809
JFM2026,Z500,ECMWF,northwest_india,2026-01-01,daily,38,Week 6,25.54921198339921,17.886386435573062,12.900901730130952,-0.4284166382867618,-0.9804206339877197,51.917604338841166,43.44803357271127,1.1949356523110737
JFM2026,Z500,ECMWF,northwest_india,2026-01-01,daily,39,Week 6,26.933050735471106,19.891676825532965,13.300559233301788,-0.353985939531243,-1.02495626409726,54.60613919937514,46.83732670515593,1.1658679741293605
JFM2026,Z500,ECMWF,northwest_india,2026-01-01,daily,40,Week 6,19.12963960761415,15.892905428674911,26.76508992472785,-0.2036590599160888,0.285276467913505,53.923320782894166,30.97632165785329,1.740791607812583
JFM2026,Z500,ECMWF,northwest_india,2026-01-01,daily,41,Week 6,14.2271491795686,13.026151876418226,37.082590615882985,-0.09219893292696746,0.6163388548837008,54.84769209626579,14.326842701424669,3.828316764503299
JFM2026,Z500,ECMWF,northwest_india,2026-01-01,daily,42,Week 6,29.303458412483586,23.12130262951835,12.3744190500044,-0.2673792165616413,-1.3680674053521056,55.37955707597215,49.96927364160784,1.1082722048987188
JFM2026,Z500,ECMWF,northwest_india,2026-01-01,weekly,1,Week 1,18.644677765530624,22.74370082224031,62.566606833950345,0.1802267400871448,0.7020027342218995,5.255170034798984,21.92637725431058,0.23967342957970186
JFM2026,Z500,ECMWF,northwest_india,2026-01-01,weekly,2,Week 2,8.122838468992153,21.575348965104613,7.881687374626424,0.6235129970722693,-0.030596379037066246,22.46711278776204,12.820026906581608,1.7525012194964866
JFM2026,Z500,ECMWF,northwest_india,2026-01-01,weekly,3,Week 3,9.886164506616877,13.210259631894157,29.936537465916928,0.2516298103068133,0.6697625930229112,34.27584452707288,12.715596064340607,2.6955751310153246
JFM2026,Z500,ECMWF,northwest_india,2026-01-01,weekly,4,Week 4,15.294005019250639,14.49372712872056,49.550560935231665,-0.055215465519856455,0.6913454715630429,42.447998270342765,24.18586866356937,1.7550743725934985
JFM2026,Z500,ECMWF,northwest_india,2026-01-01,weekly,5,Week 5,23.412101349224216,14.463104202084763,23.34792173603683,-0.6187466412535085,-0.0027488362310348347,43.35997777986931,39.52234669085775,1.0971002840248671
JFM2026,Z500,ECMWF,northwest_india,2026-01-01,weekly,6,Week 6,27.173963315748956,18.65575659240505,10.642265599835532,-0.4565993708779281,-1.5534002192323508,40.59309843389088,45.50664347854874,0.8920257643925322
JFM2026,Z500,ECMWF,south_peninsula,2026-01-01,daily,1,Week 1,12.61208908809955,25.80308298884129,38.90560991605512,0.5112177450441202,0.6758285215085411,1.73486270857706,14.305775889206899,0.12127008853018174
JFM2026,Z500,ECMWF,south_peninsula,2026-01-01,daily,2,Week 1,19.67002678696573,22.284014836014784,35.36681408534387,0.11730328077256524,0.4438281395802327,2.6680391888770125,21.51097929892997,0.12403150743628533
JFM2026,Z500,ECMWF,south_peninsula,2026-01-01,daily,3,Week 1,5.401204157736518,12.75164333850816,24.265854124604985,0.5764307380347092,0.7774154525943586,2.9514074681559044,7.702026730171686,0.38319880877511764
JFM2026,Z500,ECMWF,south_peninsula,2026-01-01,daily,4,Week 1,6.807731292401009,11.0998612280188,22.172042662886824,0.3866832068840096,0.6929587681248565,3.3420824892687495,9.448657827704222,0.35370975965173546
JFM2026,Z500,ECMWF,south_peninsula,2026-01-01,daily,5,Week 1,2.6134971881073077,8.276244796706527,17.853783192138874,0.6842170268879274,0.8536166167147115,4.1120999112615655,4.568486569800187,0.9001011272407916
JFM2026,Z500,ECMWF,south_peninsula,2026-01-01,daily,6,Week 1,7.3470492961876,11.35447282391719,22.761160463483794,0.3529378765422123,0.6772111286691808,4.844883417602376,11.88911399193358,0.4075058428146529
JFM2026,Z500,ECMWF,south_peninsula,2026-01-01,daily,7,Week 1,7.159731967731796,8.10905525781735,17.65240333685137,0.11706953028472455,0.594404692035047,5.677227251225457,10.936214472753521,0.5191217916738646
JFM2026,Z500,ECMWF,south_peninsula,2026-01-01,daily,8,Week 2,2.911034331141223,4.334624978912839,3.8551915590118067,0.32842302498996456,0.24490539923069288,7.062781102388477,4.755565692287022,1.4851610847987005
JFM2026,Z500,ECMWF,south_peninsula,2026-01-01,daily,9,Week 2,2.1916714978503657,5.712812482152702,10.682924790674893,0.6163585791241479,0.7948434964399008,8.563598932274799,1.9817714432140232,4.321183939549766
JFM2026,Z500,ECMWF,south_peninsula,2026-01-01,daily,10,Week 2,6.252548387212264,7.428600967837831,16.100530629985688,0.15831414094218987,0.6116557565147887,10.366653253463763,10.515969256466061,0.9858010232475255
JFM2026,Z500,ECMWF,south_peninsula,2026-01-01,daily,11,Week 2,3.8995706474229475,4.456601499589514,3.6609886943739594,0.12499005177327904,-0.06516872161217813,11.295266496178673,6.2441519036157125,1.8089352518214816
JFM2026,Z500,ECMWF,south_peninsula,2026-01-01,daily,12,Week 2,4.482073992188948,7.176292050499335,5.581742388611552,0.3754331679022066,0.19701167124198737,12.76553509541675,6.662989250090416,1.9158870915548185
JFM2026,Z500,ECMWF,south_peninsula,2026-01-01,daily,13,Week 2,11.2413703955284,8.717031878430552,8.543504031205414,-0.28958693191705276,-0.3157798433135801,12.537251827260995,17.19617643951433,0.7290720626971587
JFM2026,Z500,ECMWF,south_peninsula,2026-01-01,daily,14,Week 2,3.8154290289897532,4.844254474332413,10.31970724458739,0.2123805532500317,0.6302773965810979,14.109368424825156,3.8784745359094814,3.637865427293977
JFM2026,Z500,ECMWF,south_peninsula,2026-01-01,daily,15,Week 3,5.193622238168832,6.311143955822476,13.531172846451046,0.17707118162352353,0.6161735352060769,14.429561614402866,8.27851469428083,1.7430133480793912
JFM2026,Z500,ECMWF,south_peninsula,2026-01-01,daily,16,Week 3,5.5359799145152,4.518586241563344,6.7788600120797415,-0.22515752019814417,0.1833464764502828,14.722820835788555,9.371383556781081,1.5710402574585909
JFM2026,Z500,ECMWF,south_peninsula,2026-01-01,daily,17,Week 3,4.613285595094948,6.498438236711364,14.060751327371307,0.29009318438493414,0.6719033366222391,15.132907326903933,7.448559688681557,2.031655509171674
JFM2026,Z500,ECMWF,south_peninsula,2026-01-01,daily,18,Week 3,5.173974848766191,17.159026373449834,31.338205564280855,0.6984692058768623,0.8348988158191335,16.9102382789879,6.906703175175807,2.448380631118907
JFM2026,Z500,ECMWF,south_peninsula,2026-01-01,daily,19,Week 3,4.290865455461976,13.776443810715717,27.238789410160784,0.6885360609445221,0.8424722409336822,17.949869790650336,1.9739962981369965,9.093162843107118
JFM2026,Z500,ECMWF,south_peninsula,2026-01-01,daily,20,Week 3,4.649637069889279,12.426456223292515,25.542856878975513,0.6258275902365582,0.8179672269268977,18.235220484751398,3.9115504459184014,4.661890658672027
JFM2026,Z500,ECMWF,south_peninsula,2026-01-01,daily,21,Week 3,4.54788971407826,10.745966223123592,22.96213929431906,0.5767816853646969,0.8019396339432785,16.575799724966746,5.128918665705785,3.231831269971166
JFM2026,Z500,ECMWF,south_peninsula,2026-01-01,daily,22,Week 4,4.507405792752244,11.292182374173905,23.6378862164751,0.6008383815106432,0.8093143459836659,16.019084515147703,5.280748556399254,3.033487458086912
JFM2026,Z500,ECMWF,south_peninsula,2026-01-01,daily,23,Week 4,5.799583161743288,9.607516744968565,20.27416083704004,0.3963494089374846,0.71394213509702,16.926915333160657,7.912016179961018,2.139393417322872
JFM2026,Z500,ECMWF,south_peninsula,2026-01-01,daily,24,Week 4,11.963088876939729,4.480405836582333,7.4499372342527534,-1.6700904590520773,-0.6057972706047443,18.755562591204313,19.44471603891249,0.9645583177286287
JFM2026,Z500,ECMWF,south_peninsula,2026-01-01,daily,25,Week 4,9.096907936964993,5.052842910993815,11.07347133782033,-0.8003543939931776,0.17849537336179155,20.34200040168754,14.672691968931352,1.386385023604438
JFM2026,Z500,ECMWF,south_peninsula,2026-01-01,daily,26,Week 4,10.797750686952824,4.28636986557655,5.3822249821851775,-1.5190898185591934,-1.006187166588668,20.333678865238962,18.540964235607113,1.0966893958076365
JFM2026,Z500,ECMWF,south_peninsula,2026-01-01,daily,27,Week 4,19.570757644475254,7.514525205815018,5.605302632027903,-1.6043904449652624,-2.49147208085621,19.271689714375828,29.919104137877447,0.6441265629333452
JFM2026,Z500,ECMWF,south_peninsula,2026-01-01,daily,28,Week 4,21.762353604803995,8.888858805947047,8.175748081184276,-1.4482730663067795,-1.6618180243209828,17.9089264899995,31.33877746735092,0.5714621927628548
JFM2026,Z500,ECMWF,south_peninsula,2026-01-01,daily,29,Week 5,9.960926194369222,4.275929499908204,4.40414713327381,-1.3295347115950027,-1.261715127342895,18.32804056237429,16.55365816380472,1.1071897450709314
JFM2026,Z500,ECMWF,south_peninsula,2026-01-01,daily,30,Week 5,15.006168198027401,6.287647855815633,3.0678024652378673,-1.3866107870764024,-3.8915040547970463,18.060680369266958,24.46961083145297,0.7380861303299502
JFM2026,Z500,ECMWF,south_peninsula,2026-01-01,daily,31,Week 5,13.32472387047198,6.519282696215285,3.6324343138994855,-1.0438941661798982,-2.66826285598201,18.56067747199013,22.399039295572916,0.8286372119387538
JFM2026,Z500,ECMWF,south_peninsula,2026-01-01,daily,32,Week 5,8.02050046944501,4.733812686673098,3.0314962798898955,-0.6943003452639314,-1.6457233421827966,18.426807354065797,14.247982738601422,1.2932923693220706
JFM2026,Z500,ECMWF,south_peninsula,2026-01-01,daily,33,Week 5,6.984391414266895,4.427540328794595,4.723824289245892,-0.5774879268391457,-0.478545980248956,17.417212265301437,11.971097107380594,1.4549386834865057
JFM2026,Z500,ECMWF,south_peninsula,2026-01-01,daily,34,Week 5,4.16080054596576,7.756511482091849,17.936923078684618,0.46357321128548934,0.7680315331836229,16.6906503411316,3.4556327863406753,4.829983789685617
JFM2026,Z500,ECMWF,south_peninsula,2026-01-01,daily,35,Week 5,4.913352571887532,9.17484909432948,20.338699072359898,0.464475925285329,0.758423458923942,17.407534539872348,6.192064303797845,2.811265142901633
JFM2026,Z500,ECMWF,south_peninsula,2026-01-01,daily,36,Week 6,5.662091704525038,11.417698486412647,23.754203015268217,0.5040951807176314,0.761638321399978,18.606235365313704,8.105628993189306,2.2954708858433386
JFM2026,Z500,ECMWF,south_peninsula,2026-01-01,daily,37,Week 6,7.8090285690949015,5.216505958608376,9.360163222767175,-0.4969845009394258,0.16571662446007074,20.114541566505384,11.485790313502335,1.7512544646457076
JFM2026,Z500,ECMWF,south_peninsula,2026-01-01,daily,38,Week 6,8.081576488030885,5.145582321760611,8.482348217054227,-0.5705854036877394,0.047247733619042886,19.756403022534244,12.134926466190883,1.6280612064339701
JFM2026,Z500,ECMWF,south_peninsula,2026-01-01,daily,39,Week 6,5.910057465693036,4.644048162788797,9.462120066758322,-0.272608995110849,0.3753981746167173,17.8775897694971,8.764864990232017,2.039687980296415
JFM2026,Z500,ECMWF,south_peninsula,2026-01-01,daily,40,Week 6,4.133350973444047,7.146842986922148,16.71479555575377,0.4216535915217984,0.7527130403924555,16.85105512999898,2.707991100580193,6.222714368000916
JFM2026,Z500,ECMWF,south_peninsula,2026-01-01,daily,41,Week 6,4.704157948037276,5.57904804160105,12.907514635944992,0.1568170926365965,0.6355488968467187,17.030624958415366,5.374259054931442,3.1689252014727494
JFM2026,Z500,ECMWF,south_peninsula,2026-01-01,daily,42,Week 6,15.478519244807654,7.182530433472629,5.065045885158088,-1.1550231340021009,-2.0559484742603757,18.552721079606442,25.42040434962792,0.7298357974340405
JFM2026,Z500,ECMWF,south_peninsula,2026-01-01,weekly,1,Week 1,8.63725623747976,13.589659160827699,25.568257409099115,0.3644243659637382,0.6621883103223933,2.537677359543387,10.967571992578486,0.23138005032112643
JFM2026,Z500,ECMWF,south_peninsula,2026-01-01,weekly,2,Week 2,2.3015740888619978,4.351422508315303,4.033510007764135,0.4710754737183461,0.42938679105005817,8.326779800345637,2.5018061117121704,3.3283074021459673
JFM2026,Z500,ECMWF,south_peninsula,2026-01-01,weekly,3,Week 3,3.151971625212403,8.899943869945037,20.206914805607717,0.6458436512328399,0.8440151969989163,12.748965892133656,2.139201714088322,5.959683842889481
JFM2026,Z500,ECMWF,south_peninsula,2026-01-01,weekly,4,Week 4,10.521691814046806,4.448317644951709,7.397251195899647,-1.365319353033978,-0.42237860191621723,15.472905410652302,16.871129931781162,0.9171232438619928
JFM2026,Z500,ECMWF,south_peninsula,2026-01-01,weekly,5,Week 5,6.894481455256163,4.316221305129198,5.991121881345783,-0.5973419729574756,-0.15078304060598735,14.284285538934808,11.925898757749579,1.1977533793545518
JFM2026,Z500,ECMWF,south_peninsula,2026-01-01,weekly,6,Week 6,5.314978945316285,4.846936102834346,10.298568823863283,-0.09656468180140476,0.48391091653427565,14.854721239304448,7.882809664832176,1.8844449975211603
JFM2026,Z500,FuXi,All India,2026-01-01,daily,1,Week 1,13.622962208254231,38.38662687519651,67.24106292614067,0.6451117663308756,0.7974011472243078,1.1167754264050935,19.79774067627104,0.056409236016694876
JFM2026,Z500,FuXi,All India,2026-01-01,daily,2,Week 1,16.611160340540245,30.539511169850083,57.94783631505737,0.456076416935596,0.7133428718506969,1.7137192576250724,20.238388653623076,0.08467666507226021
JFM2026,Z500,FuXi,All India,2026-01-01,daily,3,Week 1,8.075218186107364,19.842281434281446,42.49997979269068,0.593029752508407,0.8099947758681953,2.3939332386573686,11.228249684523803,0.21320627042672474
JFM2026,Z500,FuXi,All India,2026-01-01,daily,4,Week 1,6.116630693920799,15.457120903606128,37.46645455033223,0.6042839586967457,0.8367438080989555,2.711804606273204,8.563169433770375,0.31668234842799237
JFM2026,Z500,FuXi,All India,2026-01-01,daily,5,Week 1,4.640571041527726,14.11215017964619,37.344475350237886,0.6711648485557662,0.8757360761396219,2.6815268961883776,7.670214409366734,0.3496025994936651
JFM2026,Z500,FuXi,All India,2026-01-01,daily,6,Week 1,12.95663965902003,23.194483069500674,51.65317182558678,0.44139131619375394,0.7491608123743165,4.073812267959743,17.682581203950058,0.2303856106171709
JFM2026,Z500,FuXi,All India,2026-01-01,daily,7,Week 1,6.009303160901024,12.209936240365426,33.74703736317404,0.5078350089139225,0.8219309417822085,4.5786003807594495,11.035820836515805,0.41488534913593167
JFM2026,Z500,FuXi,All India,2026-01-01,daily,8,Week 2,28.099320010110375,12.551387139406664,12.766926627092523,-1.2387421962222018,-1.2009463068802466,4.174934227000452,34.53596513952918,0.12088656593592355
JFM2026,Z500,FuXi,All India,2026-01-01,daily,9,Week 2,32.97539875927326,15.38168497363517,26.030308396838183,-1.1438092650964071,-0.2668078401744436,5.564593577195183,42.33010389480718,0.1314571207059526
JFM2026,Z500,FuXi,All India,2026-01-01,daily,10,Week 2,30.152187684194242,14.824824608562704,22.6536024312944,-1.0338984426688307,-0.33101072006724475,8.034801386164778,42.429075561237426,0.18937017316269916
JFM2026,Z500,FuXi,All India,2026-01-01,daily,11,Week 2,17.304665323887253,14.52901712082056,13.137263018949684,-0.19104170502277795,-0.31721997945282454,6.719779477973654,25.98123068295929,0.25863976806845645
JFM2026,Z500,FuXi,All India,2026-01-01,daily,12,Week 2,32.963761286346696,33.21421044800638,28.144718308518964,0.007540421954384091,-0.1712237061676003,8.346987152463488,43.382898051934376,0.1924027099911853
JFM2026,Z500,FuXi,All India,2026-01-01,daily,13,Week 2,51.571641133584436,31.363540312769484,25.153958727391025,-0.6443182312740166,-1.0502395544374599,11.893685241706613,67.4525194692893,0.17632677526777532
JFM2026,Z500,FuXi,All India,2026-01-01,daily,14,Week 2,41.516680774759834,13.542357111193422,17.465920121446814,-2.0656908862966157,-1.377010800809774,16.310504997133034,62.87805504580542,0.25939900630277374
JFM2026,Z500,FuXi,All India,2026-01-01,daily,15,Week 3,47.761506864322484,16.40108959041031,23.060058363775198,-1.9120935289719139,-1.071178923785836,21.82534908629857,72.96410963542377,0.2991244489291
JFM2026,Z500,FuXi,All India,2026-01-01,daily,16,Week 3,57.08958237961164,18.86476507072333,15.684603990648265,-2.0262546162427593,-2.6398485045367126,25.24955996605397,81.04791290823319,0.3115386819971895
JFM2026,Z500,FuXi,All India,2026-01-01,daily,17,Week 3,46.84691054167871,14.877380520646481,10.017888290673808,-2.148868208127477,-3.676325906457853,28.41915737271422,70.3029557032838,0.40423844329758074
JFM2026,Z500,FuXi,All India,2026-01-01,daily,18,Week 3,22.263665235098724,19.137936605327322,44.50254582667303,-0.16332631329238012,0.4997215367900417,26.270997478158087,39.35541455760964,0.6675319717367431
JFM2026,Z500,FuXi,All India,2026-01-01,daily,19,Week 3,14.379328603470153,16.885208711598004,45.150953800898726,0.1484068187091243,0.6815276889414474,30.32515185893712,26.93476744351512,1.1258739071177046
JFM2026,Z500,FuXi,All India,2026-01-01,daily,20,Week 3,11.151511558427584,15.550975489660717,44.01366755094536,0.28290597809495466,0.7466352572068704,36.87506992309221,16.08847644035539,2.292017523212885
JFM2026,Z500,FuXi,All India,2026-01-01,daily,21,Week 3,12.394020299894752,12.929083556400046,31.654305356061325,0.0413844689123718,0.6084570436633675,39.61838305817337,19.118646195697682,2.072237890310915
JFM2026,Z500,FuXi,All India,2026-01-01,daily,22,Week 4,16.194711279457696,15.227999257872066,27.33379140191972,-0.06348253668884918,0.4075204920777912,37.56082948954446,30.672224207946652,1.2245877323697016
JFM2026,Z500,FuXi,All India,2026-01-01,daily,23,Week 4,14.379238916244642,24.284495642078014,51.74312709095325,0.4078839796314495,0.7221034033956037,38.08888358599813,26.871307879845645,1.4174555163563898
JFM2026,Z500,FuXi,All India,2026-01-01,daily,24,Week 4,14.709515885717861,15.904544868780507,35.07098251936562,0.07513757815279598,0.5805787340689554,34.93969468510397,26.7416976171541,1.3065623276919816
JFM2026,Z500,FuXi,All India,2026-01-01,daily,25,Week 4,11.599759928304817,11.309269358416067,33.248835136131326,-0.025686059875527967,0.6511228173615196,36.61204974115294,19.396439687203728,1.8875654672494735
JFM2026,Z500,FuXi,All India,2026-01-01,daily,26,Week 4,15.816990797447966,9.973148456239175,15.378514155055434,-0.5859576207905437,-0.028512289156907178,36.496159932639955,30.247021046459345,1.2066034495291933
JFM2026,Z500,FuXi,All India,2026-01-01,daily,27,Week 4,25.495799723388675,19.956796908668732,19.76643660002696,-0.27754969096839077,-0.2898531100620281,38.76584337683651,44.57807191497151,0.8696168701683356
JFM2026,Z500,FuXi,All India,2026-01-01,daily,28,Week 4,17.522390851000836,16.20451640095931,31.72934497041685,-0.0813276013570825,0.44775440944847744,37.092552643035226,30.41687706440613,1.2194727474649585
JFM2026,Z500,FuXi,All India,2026-01-01,daily,29,Week 5,14.488493516418268,8.927672350420334,21.57898791721569,-0.6228746920507358,0.32858326942852756,33.64279453068907,27.70112164117344,1.2144921410216203
JFM2026,Z500,FuXi,All India,2026-01-01,daily,30,Week 5,25.599825945377663,13.503194368392371,5.213183030409656,-0.8958348111540559,-3.910594121872987,35.66089551421455,46.40603209038407,0.7684538821323608
JFM2026,Z500,FuXi,All India,2026-01-01,daily,31,Week 5,26.602023223034752,16.813265436960283,8.759171184949677,-0.5822044398678219,-2.0370479879127497,37.51559745898482,47.964536645976416,0.7821528171091355
JFM2026,Z500,FuXi,All India,2026-01-01,daily,32,Week 5,21.260480409123424,14.344535940540364,12.954102613766143,-0.48213093105628446,-0.6412159948872267,44.190533228571155,40.52121198855805,1.0905530970063089
JFM2026,Z500,FuXi,All India,2026-01-01,daily,33,Week 5,19.972985860076143,13.498590107652499,13.39843666439508,-0.47963496193230126,-0.49069524753975435,51.337114384219745,36.14615184211506,1.4202650010562174
JFM2026,Z500,FuXi,All India,2026-01-01,daily,34,Week 5,16.355918848542974,14.214044631818288,32.20619316401286,-0.1506871740032445,0.4921498866615801,53.29688665011559,24.254649103157654,2.197388485128692
JFM2026,Z500,FuXi,All India,2026-01-01,daily,35,Week 5,17.286838412772447,13.116559534203498,24.499915886158583,-0.3179399954457789,0.2944123362260692,46.90266200024579,31.328758167150824,1.497112070322171
JFM2026,Z500,FuXi,All India,2026-01-01,daily,36,Week 6,21.806308743559377,16.323874627344473,17.22034720503309,-0.33585372599169316,-0.2663106314828496,39.94069760307688,43.936271434296245,0.9090597881708173
JFM2026,Z500,FuXi,All India,2026-01-01,daily,37,Week 6,24.659057658564056,15.682359191546539,10.463773136072017,-0.5724074010405489,-1.3566124129312676,35.067808436954955,46.12278407686553,0.7603142164729909
JFM2026,Z500,FuXi,All India,2026-01-01,daily,38,Week 6,18.122176301829303,10.916767566485177,14.456535282411396,-0.6600313409131251,-0.2535629006403577,38.37344439656072,32.30184647805208,1.1879644224869335
JFM2026,Z500,FuXi,All India,2026-01-01,daily,39,Week 6,20.29833307030777,11.431989066760892,17.024536885924565,-0.7755731703178617,-0.19229869254710197,40.25889407757297,37.06857874468447,1.0860652186009687
JFM2026,Z500,FuXi,All India,2026-01-01,daily,40,Week 6,17.535842761990747,13.16189946030298,24.852483385170867,-0.3323185467933274,0.29440279708811146,36.376466573134834,32.551406883069916,1.117508275565636
JFM2026,Z500,FuXi,All India,2026-01-01,daily,41,Week 6,12.30975434559435,9.427460753861338,26.502533419980516,-0.3057338202710067,0.5355253722154009,37.603418871052305,18.818808700401153,1.9981827473622562
JFM2026,Z500,FuXi,All India,2026-01-01,daily,42,Week 6,32.79254034162208,17.312685030509314,10.289500122324979,-0.8941337108503595,-2.186990616820401,39.13496693032006,53.46359469969766,0.7319928102503996
JFM2026,Z500,FuXi,All India,2026-01-01,weekly,1,Week 1,7.413441527944068,20.165286619730267,46.84206390240488,0.6323661712454633,0.8417353781978967,1.9576253564998394,10.090838703959829,0.19400026240946963
JFM2026,Z500,FuXi,All India,2026-01-01,weekly,2,Week 2,28.91856387695386,15.146857249539247,9.111424136362638,-0.9092121487996156,-2.1738796750272247,5.994522927972607,37.88660147906216,0.15822276725679527
JFM2026,Z500,FuXi,All India,2026-01-01,weekly,3,Week 3,27.44329176706892,10.825260104729313,25.311893667928167,-1.5351161543988732,-0.08420539873875077,19.04480624110342,43.81456216247855,0.4346684139049279
JFM2026,Z500,FuXi,All India,2026-01-01,weekly,4,Week 4,12.528422879411515,11.784927717225838,27.70591538127775,-0.06308864848605933,0.5478069319493559,31.214999334889274,22.262143824529193,1.4021560358663894
JFM2026,Z500,FuXi,All India,2026-01-01,weekly,5,Week 5,18.019593479858827,11.30063916058832,14.43376209270535,-0.5945640971090624,-0.24843359368973617,34.60587532211433,34.523734886384204,1.0023792453510736
JFM2026,Z500,FuXi,All India,2026-01-01,weekly,6,Week 6,19.760356132657293,11.129210779475,12.735000917717398,-0.775539750680277,-0.5516572209402799,30.60422050470854,35.89899611817016,0.8525090897797645
JFM2026,Z500,FuXi,central_india,2026-01-01,daily,1,Week 1,15.48678703710247,46.77273474529865,70.39325814255248,0.6688928470521147,0.779996160914439,1.061131209464664,20.276558660480593,0.05233290457383331
JFM2026,Z500,FuXi,central_india,2026-01-01,daily,2,Week 1,21.222928008569227,36.618666200395744,59.554767501508685,0.42043416075215034,0.643640150084851,1.6033939143945906,23.706044036812543,0.06763650282201109
JFM2026,Z500,FuXi,central_india,2026-01-01,daily,3,Week 1,10.053922457018693,19.80859584317144,38.42102670806746,0.49244648451522866,0.7383223896276665,1.9542823311575017,11.927066506912018,0.1638527235531846
JFM2026,Z500,FuXi,central_india,2026-01-01,daily,4,Week 1,9.637391244620964,13.976141031130576,30.435628357925065,0.3104397542100815,0.6833516584154404,2.0974371460432972,11.355767388442052,0.18470236966795195
JFM2026,Z500,FuXi,central_india,2026-01-01,daily,5,Week 1,7.261278016626418,13.831778364151441,31.915641141179236,0.4750293255532593,0.772485284425086,2.1786501084546313,9.790674668691773,0.22252298050730163
JFM2026,Z500,FuXi,central_india,2026-01-01,daily,6,Week 1,14.614632302248705,25.515121437279756,49.650678544817254,0.4272168236324564,0.7056509048701765,3.7764832482934403,18.10296941335978,0.20861125940512498
JFM2026,Z500,FuXi,central_india,2026-01-01,daily,7,Week 1,5.081604462770079,11.6832994910907,28.320463489739712,0.5650539929542042,0.8205677507851838,3.557036018651462,8.240933113465942,0.4316302498365329
JFM2026,Z500,FuXi,central_india,2026-01-01,daily,8,Week 2,23.09788854292021,11.4072434471028,13.8119703140764,-1.024844008110179,-0.6723094546025858,3.3098363044648185,27.86891196045613,0.11876446088606633
JFM2026,Z500,FuXi,central_india,2026-01-01,daily,9,Week 2,27.937883786557148,12.458588354428242,19.444850738123026,-1.242459819023316,-0.4367754303088025,4.8953737660867,34.67117842645572,0.1411943287843745
JFM2026,Z500,FuXi,central_india,2026-01-01,daily,10,Week 2,24.748848778491464,12.02378834158342,18.640304498090245,-1.0583237225575006,-0.3277062497035419,5.814508832829746,32.45221347321883,0.17917140960594768
JFM2026,Z500,FuXi,central_india,2026-01-01,daily,11,Week 2,11.461850457254043,9.126784521204911,7.017840109117034,-0.2558476022550884,-0.6332447418349836,4.129077274321625,16.089961871652605,0.25662442877482877
JFM2026,Z500,FuXi,central_india,2026-01-01,daily,12,Week 2,23.611774254804203,19.97301514766784,16.97767971733659,-0.18218376545722714,-0.39075389852556097,6.913782176342664,29.3286492529024,0.23573476284996206
JFM2026,Z500,FuXi,central_india,2026-01-01,daily,13,Week 2,32.10314649901181,17.006170096993504,12.178357589125309,-0.8877352346773995,-1.6360817757296258,9.83383082535776,40.6668471740624,0.24181443875565173
JFM2026,Z500,FuXi,central_india,2026-01-01,daily,14,Week 2,19.706295095065432,9.398176623271025,23.136615166057787,-1.0968211053057093,0.14826369572091747,13.695041571366206,31.014868305578652,0.44156375053518687
JFM2026,Z500,FuXi,central_india,2026-01-01,daily,15,Week 3,31.987300744626072,12.510403757197306,24.779958980075055,-1.556855986860024,-0.2908536600220468,17.450486771168578,48.457885045905,0.3601165580098559
JFM2026,Z500,FuXi,central_india,2026-01-01,daily,16,Week 3,51.42093662219721,13.5789977708873,11.009461658830709,-2.7867991062227846,-3.670613170349922,21.1834606884926,67.47269073791327,0.313956068104299
JFM2026,Z500,FuXi,central_india,2026-01-01,daily,17,Week 3,40.564870574582066,10.4762419995568,5.8596427673511124,-2.8720822386785425,-5.922754882021531,25.829218414501618,58.42295630439018,0.44210735040398297
JFM2026,Z500,FuXi,central_india,2026-01-01,daily,18,Week 3,13.296930279920659,20.859518074701036,46.36544072236471,0.36254853864301306,0.7132146255323573,23.910678039758146,23.90608490969397,1.0001921322576042
JFM2026,Z500,FuXi,central_india,2026-01-01,daily,19,Week 3,9.207842760558995,20.248928538363394,47.23769803891992,0.5452676548730013,0.8050742702793752,26.795366423841703,15.033659734331867,1.7823581813981075
JFM2026,Z500,FuXi,central_india,2026-01-01,daily,20,Week 3,9.610446633469762,18.308305835737425,44.216473035894616,0.47507722889846127,0.7826500855084468,34.771197761880224,11.141881177477732,3.1207654441843213
JFM2026,Z500,FuXi,central_india,2026-01-01,daily,21,Week 3,10.17345163437819,15.193806043492762,37.87568410106419,0.3304211199447752,0.7313988677476495,37.028142654600394,11.5295510271082,3.211585825635368
JFM2026,Z500,FuXi,central_india,2026-01-01,daily,22,Week 4,10.523797708272536,15.75966676988937,37.78057886008238,0.33223221899720334,0.7214495376778991,34.90553703152807,15.00296645578601,2.3265756898407566
JFM2026,Z500,FuXi,central_india,2026-01-01,daily,23,Week 4,8.945965830218066,16.63854126537762,41.05926043649239,0.4623347270933349,0.7821206291804728,34.66429749071473,9.02202383594233,3.8421864230304514
JFM2026,Z500,FuXi,central_india,2026-01-01,daily,24,Week 4,11.360740324655138,8.433306672746133,19.924522628374373,-0.34712761737570585,0.42981116604136915,30.970632075583577,18.834348371094833,1.6443697156581407
JFM2026,Z500,FuXi,central_india,2026-01-01,daily,25,Week 4,8.537215856132377,12.272911223042417,35.21768619147798,0.3043854305648577,0.7575872585803713,33.93355889069078,7.502242209465741,4.523122280413192
JFM2026,Z500,FuXi,central_india,2026-01-01,daily,26,Week 4,11.553116705290712,7.806155499445475,14.108758600889523,-0.48000084114535135,0.18113867902153236,35.14373616296509,18.500024382060136,1.8996589105603943
JFM2026,Z500,FuXi,central_india,2026-01-01,daily,27,Week 4,20.684843877903724,14.391131221000148,9.107062645254695,-0.4373327266809661,-1.2712969794582145,36.70584930993521,35.40177220436337,1.036836492197165
JFM2026,Z500,FuXi,central_india,2026-01-01,daily,28,Week 4,12.627517638751984,9.730147069729911,17.19594707887291,-0.2977725360427155,0.2656689636905045,33.844627929441295,19.30993299372044,1.7527056122073295
JFM2026,Z500,FuXi,central_india,2026-01-01,daily,29,Week 5,10.498589663867428,7.675429894225291,18.25651576757861,-0.3678178041553317,0.4249401256228931,31.069451656369136,17.43712223276564,1.7817992694911173
JFM2026,Z500,FuXi,central_india,2026-01-01,daily,30,Week 5,20.177386345833888,11.474194822458267,1.7602588916113666,-0.7585012855404021,-10.462737919967678,29.198201601326428,34.47869607341776,0.8468476168342554
JFM2026,Z500,FuXi,central_india,2026-01-01,daily,31,Week 5,20.064848427726037,13.226300770086485,5.460793848714233,-0.5170415958713175,-2.6743464381923867,30.001585434661344,34.53330434821372,0.8687725081892783
JFM2026,Z500,FuXi,central_india,2026-01-01,daily,32,Week 5,16.369153995534024,10.740704786591934,5.588593230223174,-0.5240297839642996,-1.929029421395255,36.448150014192706,29.493106110928604,1.2358193089973295
JFM2026,Z500,FuXi,central_india,2026-01-01,daily,33,Week 5,15.471805628773488,9.525593732079043,8.656818383955994,-0.6242353037448547,-0.7872392537942077,46.385522787169066,24.601730480015803,1.8854577252136155
JFM2026,Z500,FuXi,central_india,2026-01-01,daily,34,Week 5,12.360980685690674,12.069504343229566,31.08349274065349,-0.024149818764066522,0.6023297385263275,47.996861566006956,11.34708200071599,4.229885847566661
JFM2026,Z500,FuXi,central_india,2026-01-01,daily,35,Week 5,11.338285119598842,10.958785274763253,29.202378512417546,-0.03462973635495259,0.6117341909400451,41.29633819262575,13.252757254247932,3.1160563345706005
JFM2026,Z500,FuXi,central_india,2026-01-01,daily,36,Week 6,12.136025407321755,10.477386748396267,21.15960689691926,-0.15830652229950082,0.426453172478894,34.33184444228418,20.371058816486265,1.6853244964615914
JFM2026,Z500,FuXi,central_india,2026-01-01,daily,37,Week 6,13.849370176676572,9.54930375399392,15.909914158951116,-0.45030156474854866,0.12951320552004708,30.87856423289014,25.68600053965314,1.2021553992113683
JFM2026,Z500,FuXi,central_india,2026-01-01,daily,38,Week 6,14.329721680192453,8.463614845063322,16.306378044662882,-0.693097091788236,0.12121982938555709,34.17209592616532,25.39284634232368,1.3457371208208657
JFM2026,Z500,FuXi,central_india,2026-01-01,daily,39,Week 6,15.355875721635478,7.788499221232259,16.707882428918776,-0.9716090719729114,0.0809202909486113,36.916284207982365,26.38181553306873,1.399307949891054
JFM2026,Z500,FuXi,central_india,2026-01-01,daily,40,Week 6,11.705620837171423,13.36089174753684,33.71776573999133,0.12388925392428063,0.65283521667962,34.542262465685695,18.618363516871828,1.8552791943493716
JFM2026,Z500,FuXi,central_india,2026-01-01,daily,41,Week 6,11.261994555376065,8.295333606259916,23.448025596845355,-0.3576300954162246,0.5197039294902839,34.29685259217838,16.97668901841067,2.020232128596133
JFM2026,Z500,FuXi,central_india,2026-01-01,daily,42,Week 6,33.551445106528554,16.26190036920076,11.326131015358138,-1.0631933749928355,-1.962304167330669,37.08441784434047,52.16282200484777,0.7109358048323002
JFM2026,Z500,FuXi,central_india,2026-01-01,weekly,1,Week 1,10.279547611783283,22.153754006770676,44.096445561078475,0.5359907125157377,0.7668848933063104,1.755273293972351,12.074498300821396,0.14537028787796047
JFM2026,Z500,FuXi,central_india,2026-01-01,weekly,2,Week 2,20.559447960597208,9.862283987217515,8.272258692092766,-1.084653817233844,-1.4853487694055607,4.805422051385682,26.45504440132496,0.18164483031996004
JFM2026,Z500,FuXi,central_india,2026-01-01,weekly,3,Week 3,19.213789197469293,10.262979920026837,27.478749160054765,-0.8721452587056266,0.3007764259735686,15.726283178536066,30.37676067915311,0.5177077090161447
JFM2026,Z500,FuXi,central_india,2026-01-01,weekly,4,Week 4,9.313549423875237,8.906341451482763,23.03082843430972,-0.045721127424850794,0.5956051059804448,29.50950532957937,14.125799569254506,2.089050264723298
JFM2026,Z500,FuXi,central_india,2026-01-01,weekly,5,Week 5,12.149979422068585,8.257795735908509,11.980097348108313,-0.4713344590536621,-0.014180358391419734,29.621731260715766,21.459128413636854,1.380379048474855
JFM2026,Z500,FuXi,central_india,2026-01-01,weekly,6,Week 6,13.871195634786005,8.001533633945893,16.185594518442443,-0.7335671221749942,0.14299128036472986,28.153352220700576,24.45565734473866,1.1511999789593645
JFM2026,Z500,FuXi,east_northeast_india,2026-01-01,daily,1,Week 1,3.1110884414194886,24.958989483328516,51.04961554759841,0.875351987166886,0.9390575539492805,1.0083724316895992,4.231436532382976,0.23830498790956084
JFM2026,Z500,FuXi,east_northeast_india,2026-01-01,daily,2,Week 1,15.503292888350453,31.61725951762803,60.32966589883686,0.5096572845060567,0.7430237237788291,1.850918935389992,19.88298787875023,0.09309058309934119
JFM2026,Z500,FuXi,east_northeast_india,2026-01-01,daily,3,Week 1,10.933569842130307,35.31972466489939,66.896254890744,0.690440116794114,0.8365593132233309,2.6438999079447676,14.304985379453328,0.18482367075623013
JFM2026,Z500,FuXi,east_northeast_india,2026-01-01,daily,4,Week 1,6.00536993874106,23.506875992440204,53.266617725707036,0.7445270932355119,0.8872582830457657,2.3340511421969308,8.334276010552859,0.28005445694881664
JFM2026,Z500,FuXi,east_northeast_india,2026-01-01,daily,5,Week 1,1.6016641874640394,9.804593522686934,28.38558045419157,0.8366414493616757,0.9435747248484563,2.780474729490175,2.956222141308689,0.9405499981335257
JFM2026,Z500,FuXi,east_northeast_india,2026-01-01,daily,6,Week 1,10.668713530637843,12.334062842396598,31.808660320584437,0.13502033620538656,0.6645972064490322,2.368668749205627,13.101890975040346,0.1807883116809658
JFM2026,Z500,FuXi,east_northeast_india,2026-01-01,daily,7,Week 1,3.365306253783974,8.905380217790668,24.97766275470537,0.6221041469895969,0.8652673676142895,3.472951070860932,5.497393726803666,0.6317450129009042
JFM2026,Z500,FuXi,east_northeast_india,2026-01-01,daily,8,Week 2,32.200030045191326,18.330715416344127,10.574613648036651,-0.7566161120193362,-2.0450313474260864,5.648385208727155,35.939044421131186,0.1571657037549406
JFM2026,Z500,FuXi,east_northeast_india,2026-01-01,daily,9,Week 2,68.401082534637,27.163696736885324,21.861438339011233,-1.518106544819278,-2.1288463949134053,6.607974030960064,72.28769158300345,0.09141216002689116
JFM2026,Z500,FuXi,east_northeast_india,2026-01-01,daily,10,Week 2,69.84545077677302,25.152853805328984,18.56216509999101,-1.7768400085868303,-2.762785774209435,8.941668614555994,75.28178750395757,0.11877598700862316
JFM2026,Z500,FuXi,east_northeast_india,2026-01-01,daily,11,Week 2,33.154273942274926,19.964871794884623,14.9036816655732,-0.6606304454591929,-1.2245693840106453,11.671807138444315,45.08434085333438,0.2588882729019888
JFM2026,Z500,FuXi,east_northeast_india,2026-01-01,daily,12,Week 2,22.79237198892739,34.06708109282469,27.710372107762865,0.33095612368950544,0.17747867476156098,12.143834672308689,30.04901199307373,0.4041342415886363
JFM2026,Z500,FuXi,east_northeast_india,2026-01-01,daily,13,Week 2,69.87046317182129,53.88128080854024,49.150154106995465,-0.2967483720384527,-0.42157159913923303,15.011795458383633,79.75163767920009,0.1882318143580748
JFM2026,Z500,FuXi,east_northeast_india,2026-01-01,daily,14,Week 2,64.37059950052311,17.95439439663456,16.039717484589257,-2.585228110650671,-3.0132003298916903,28.0119780494198,81.87646631290733,0.34212490243980986
JFM2026,Z500,FuXi,east_northeast_india,2026-01-01,daily,15,Week 3,37.055141782931535,13.281575246363978,40.608201410293184,-1.7899658809730354,0.08749610925789575,33.23628947456767,56.2533856716728,0.590831806436573
JFM2026,Z500,FuXi,east_northeast_india,2026-01-01,daily,16,Week 3,39.55502755720244,10.473801085411036,26.16083967150128,-2.7765685289076822,-0.5119938065402516,35.049241097087624,57.64619520045576,0.6080061481110642
JFM2026,Z500,FuXi,east_northeast_india,2026-01-01,daily,17,Week 3,61.92507014278303,19.82829173682683,7.668481203997278,-2.123066321833988,-7.075271816602214,29.824736518836783,78.86449176540097,0.3781769951368829
JFM2026,Z500,FuXi,east_northeast_india,2026-01-01,daily,18,Week 3,51.056441281008674,14.546465720051282,13.625319643241927,-2.5098863369011313,-2.7471738364928817,27.63449045678464,67.23208556984675,0.41103128398531447
JFM2026,Z500,FuXi,east_northeast_india,2026-01-01,daily,19,Week 3,27.31859639512067,9.738097564348209,19.883516817180546,-1.8053319670092218,-0.37393181730888636,33.44010453337665,43.4524439409912,0.7695793723084621
JFM2026,Z500,FuXi,east_northeast_india,2026-01-01,daily,20,Week 3,17.728781954607417,9.147818232354116,21.523568198880596,-0.9380339119446037,0.17630841732229785,42.55817810872108,29.41508689453792,1.4468146315972195
JFM2026,Z500,FuXi,east_northeast_india,2026-01-01,daily,21,Week 3,14.754015359007164,10.717413459737003,15.46134215085561,-0.3766395608823714,0.045748084800600775,44.194922043062064,22.314717162605376,1.9805279950903059
JFM2026,Z500,FuXi,east_northeast_india,2026-01-01,daily,22,Week 4,16.66763882004122,17.5007537403566,12.876446906205546,0.047604516506864814,-0.29442841969150546,41.09180111531116,27.724655913327503,1.482139264190397
JFM2026,Z500,FuXi,east_northeast_india,2026-01-01,daily,23,Week 4,20.519906453973856,25.680632480124963,22.727639515870695,0.20095790203551844,0.09713868703149664,38.16535331605879,34.82277094513491,1.0959884087395082
JFM2026,Z500,FuXi,east_northeast_india,2026-01-01,daily,24,Week 4,22.82228394564957,27.625796705517253,22.694205408231152,0.17387780019782584,-0.005643666967602323,38.45790761004922,38.964825917033046,0.9869903613052655
JFM2026,Z500,FuXi,east_northeast_india,2026-01-01,daily,25,Week 4,10.653035177032837,11.588215822026685,21.195774464938346,0.08070100344664555,0.49739816326811326,38.95398096666804,12.530043230067353,3.108846494096146
JFM2026,Z500,FuXi,east_northeast_india,2026-01-01,daily,26,Week 4,9.871765682492375,8.72610922197357,20.825023599091416,-0.13129063954802245,0.5259661706734837,36.507691338261004,11.383982461356034,3.206934959904382
JFM2026,Z500,FuXi,east_northeast_india,2026-01-01,daily,27,Week 4,43.12922875431349,47.28844554782751,39.24861306266936,0.0879541872296773,-0.09887268335948196,42.2969628707264,65.26664335991985,0.6480640139171137
JFM2026,Z500,FuXi,east_northeast_india,2026-01-01,daily,28,Week 4,40.10315915500665,37.54842647596261,29.076931826677463,-0.06803834191772351,-0.3792087622605649,45.8497358590333,64.186892390864,0.7143161812513499
JFM2026,Z500,FuXi,east_northeast_india,2026-01-01,daily,29,Week 5,10.995477461457728,8.783422706201522,22.16246444193953,-0.25184427861981273,0.503869369299461,37.14041627507077,15.141257933946996,2.4529280484550253
JFM2026,Z500,FuXi,east_northeast_india,2026-01-01,daily,30,Week 5,19.19289761919018,11.729091799406014,9.32961631014476,-0.6363498510739041,-1.0572011732487185,43.83098305836692,32.644198493732524,1.342688290134683
JFM2026,Z500,FuXi,east_northeast_india,2026-01-01,daily,31,Week 5,37.022909381423624,29.48803128171456,19.323355306748653,-0.25552326731223385,-0.9159669112171958,56.18440743001138,61.18999119756465,0.9181960371363399
JFM2026,Z500,FuXi,east_northeast_india,2026-01-01,daily,32,Week 5,32.933055614990344,31.062100095264764,21.26092783969523,-0.060232743890062945,-0.5489942801791867,59.24645409487891,55.48558431700473,1.0677810250025894
JFM2026,Z500,FuXi,east_northeast_india,2026-01-01,daily,33,Week 5,28.943661163985606,29.95482482385082,19.931020329976516,0.03375628686902221,-0.45219164321727967,55.82444109038798,48.72929724128803,1.1456032459070284
JFM2026,Z500,FuXi,east_northeast_india,2026-01-01,daily,34,Week 5,28.184248047996736,26.911410172451117,21.133443655450048,-0.04729733103501976,-0.3336325355914427,53.127375496525204,47.52575535998063,1.1178649364774
JFM2026,Z500,FuXi,east_northeast_india,2026-01-01,daily,35,Week 5,27.010178835256575,19.79000924296029,19.173387146715218,-0.3648391217838691,-0.40873277259641405,46.987762522078356,45.144380521134885,1.0408330334731355
JFM2026,Z500,FuXi,east_northeast_india,2026-01-01,daily,36,Week 6,18.242530342054007,9.217262413496345,15.12066875320686,-0.979170118379449,-0.20646319549755687,47.67892790382558,29.909031660134673,1.594131446501364
JFM2026,Z500,FuXi,east_northeast_india,2026-01-01,daily,37,Week 6,28.86333481368795,17.39434764452253,9.078860211519318,-0.6593513826186519,-2.1791804412921745,43.43742753062911,47.934976433767254,0.906173962360188
JFM2026,Z500,FuXi,east_northeast_india,2026-01-01,daily,38,Week 6,18.32845292117898,8.481678521489265,21.06132641075073,-1.1609464299715944,0.12975790015659983,51.38558374813615,28.860125520985317,1.7805045134253383
JFM2026,Z500,FuXi,east_northeast_india,2026-01-01,daily,39,Week 6,14.44213282594779,9.727746355445912,35.29245457848468,-0.48463295590171396,0.5907869543663835,54.9520691510046,14.500591750653792,3.7896432156657998
JFM2026,Z500,FuXi,east_northeast_india,2026-01-01,daily,40,Week 6,28.16890759068813,14.227409907724484,10.543050988323172,-0.9799041268498485,-1.671798478626942,50.789451367747745,47.61608314650597,1.0666448815514267
JFM2026,Z500,FuXi,east_northeast_india,2026-01-01,daily,41,Week 6,14.27912337931166,8.943482808524463,27.291914018758177,-0.5965953851559418,0.4768002211388551,51.423862386892615,17.458123579848472,2.9455549533542107
JFM2026,Z500,FuXi,east_northeast_india,2026-01-01,daily,42,Week 6,25.907122034461782,19.633035268646882,9.868191766576773,-0.3195678447048047,-1.6253160302587872,50.070804305291105,43.473238515939045,1.1517615437583084
JFM2026,Z500,FuXi,east_northeast_india,2026-01-01,weekly,1,Week 1,5.560118984492745,18.17241936560049,45.24480428092673,0.6940352920196315,0.8771103318301533,1.2724172993615985,6.849697877408453,0.18576254341936185
JFM2026,Z500,FuXi,east_northeast_india,2026-01-01,weekly,2,Week 2,53.07773077662819,26.61606392321622,20.033899465349887,-0.9941991020817478,-1.6493958836336406,9.35613956131863,58.80686340725307,0.15909944892868866
JFM2026,Z500,FuXi,east_northeast_india,2026-01-01,weekly,3,Week 3,35.65166341517801,9.296860475432787,16.612073078097296,-2.834806761851328,-1.1461297002229092,25.7778215380254,50.15517742018168,0.513961326904863
JFM2026,Z500,FuXi,east_northeast_india,2026-01-01,weekly,4,Week 4,20.449799076345226,21.576227652430386,15.949655833750876,0.05220692858041276,-0.2821467302806402,33.31471607763694,34.44308415184853,0.9672396330933379
JFM2026,Z500,FuXi,east_northeast_india,2026-01-01,weekly,5,Week 5,25.87542741193541,20.03815940563319,11.077058454627503,-0.2913075940827792,-1.3359475367872422,40.63590916425261,43.05803332665212,0.9437474502371137
JFM2026,Z500,FuXi,east_northeast_india,2026-01-01,weekly,6,Week 6,19.09352633011455,9.655111605845649,12.452554625490814,-0.9775562530581676,-0.5333019532417416,39.63567967771079,32.02107557812368,1.2377997603799822
JFM2026,Z500,FuXi,northwest_india,2026-01-01,daily,1,Week 1,20.11697252875778,42.92984455895361,87.5002433785831,0.5313988966083478,0.7700923820095146,1.2911575600943155,27.02899799701427,0.04776934610143306
JFM2026,Z500,FuXi,northwest_india,2026-01-01,daily,2,Week 1,15.90107391775593,28.38925059362395,68.0414711269441,0.4398910296939218,0.7663032022325105,2.168417586791963,20.5174889953751,0.10568630436603385
JFM2026,Z500,FuXi,northwest_india,2026-01-01,daily,3,Week 1,8.363933509333405,16.83106536816084,45.98661140359166,0.5030657105547593,0.8181224218516748,3.5228711486369693,11.885880551224759,0.29639126301618113
JFM2026,Z500,FuXi,northwest_india,2026-01-01,daily,4,Week 1,4.710944540451369,15.803564050864559,46.30231792814281,0.7019061950020287,0.8982568313801839,4.464640677262353,7.284664128947545,0.6128821587698078
JFM2026,Z500,FuXi,northwest_india,2026-01-01,daily,5,Week 1,5.005690397627549,19.702668000463508,58.2309301776974,0.7459384486654401,0.9140372585093146,4.062247914233847,8.51104243171411,0.4772914653905347
JFM2026,Z500,FuXi,northwest_india,2026-01-01,daily,6,Week 1,18.470786141138408,32.48470158348654,79.29510588589557,0.43140046727324866,0.7670627217811199,6.319795779444995,23.074769190602453,0.2738833800347969
JFM2026,Z500,FuXi,northwest_india,2026-01-01,daily,7,Week 1,9.322576598887316,16.610368066187675,52.60947136874305,0.4387495471659958,0.8227966114020648,7.45001789106321,16.466444378923303,0.45243634385326525
JFM2026,Z500,FuXi,northwest_india,2026-01-01,daily,8,Week 2,38.58255267530117,15.783852934372081,17.754700802556744,-1.4444318402942646,-1.1730894316025386,5.5810409444682465,45.647228951008195,0.1222646165544509
JFM2026,Z500,FuXi,northwest_india,2026-01-01,daily,9,Week 2,32.78898041910769,18.554403973378776,43.57315719368158,-0.7671804745737021,0.24749587748802548,7.147256253642514,40.72190357514303,0.17551380525357502
JFM2026,Z500,FuXi,northwest_india,2026-01-01,daily,10,Week 2,28.255177019120854,17.24071135306249,32.459359172225504,-0.6388637591860065,0.12952141571242237,12.485162452561035,41.19656033172196,0.303063225473882
JFM2026,Z500,FuXi,northwest_india,2026-01-01,daily,11,Week 2,17.45001661405839,23.431029961221867,24.130033098506253,0.25526036871029556,0.2768341202508082,9.318957565116861,26.42576053435248,0.3526467120218762
JFM2026,Z500,FuXi,northwest_india,2026-01-01,daily,12,Week 2,58.30265653368652,61.5123270951366,52.88226181786386,0.052179306376848866,-0.10249929805369296,10.663137426581095,65.68156592261856,0.1623459684128673
JFM2026,Z500,FuXi,northwest_india,2026-01-01,daily,13,Week 2,83.1897129807766,48.9780144761442,37.20683829872134,-0.6985113396398694,-1.2358715973895458,17.159003086183937,95.42113359832584,0.1798239282967918
JFM2026,Z500,FuXi,northwest_india,2026-01-01,daily,14,Week 2,73.602485442174,20.813873879985586,16.257432296858767,-2.5362223229837775,-3.527313052774967,20.79598866710544,89.5162695498432,0.23231518439814014
JFM2026,Z500,FuXi,northwest_india,2026-01-01,daily,15,Week 3,91.98751306371652,27.648683867885723,18.655259014650703,-2.3270123635274054,-3.9309158876580126,30.38634554566114,111.30800902309493,0.272993343536999
JFM2026,Z500,FuXi,northwest_india,2026-01-01,daily,16,Week 3,96.19053903644992,36.41045304768742,20.853465383256484,-1.6418385651633463,-3.61268845578455,35.14034941606446,116.94884937174578,0.3004762304617781
JFM2026,Z500,FuXi,northwest_india,2026-01-01,daily,17,Week 3,68.67844009035494,21.98917864944038,13.140739874547627,-2.123283556209717,-4.226375435935582,41.96689640341112,93.01491605621109,0.4511845861157316
JFM2026,Z500,FuXi,northwest_india,2026-01-01,daily,18,Week 3,27.606795007666214,20.56639239703059,64.19085558411366,-0.3423255996833032,0.5699263585684546,37.535805870551805,45.175651962501966,0.8308857590302933
JFM2026,Z500,FuXi,northwest_india,2026-01-01,daily,19,Week 3,19.62062648162933,18.409393303334703,64.74167740544135,-0.06579430176415557,0.6969397879706423,43.463320280636545,33.27002358940069,1.306380807451044
JFM2026,Z500,FuXi,northwest_india,2026-01-01,daily,20,Week 3,13.30377874373293,17.377955700105662,64.62215695152899,0.23444512269921136,0.7941297633610146,48.18290728893943,15.640751167104947,3.080600590991816
JFM2026,Z500,FuXi,northwest_india,2026-01-01,daily,21,Week 3,17.48409587220414,12.816035922114182,37.511386224160816,-0.3642358665705032,0.5338989668970762,51.49183795534416,26.96929220734124,1.9092765786907713
JFM2026,Z500,FuXi,northwest_india,2026-01-01,daily,22,Week 4,28.242934708157925,15.873574070549283,25.128783767777062,-0.7792423169875704,-0.12392764286404412,49.739826871365864,47.74463851070068,1.0417887415823248
JFM2026,Z500,FuXi,northwest_india,2026-01-01,daily,23,Week 4,22.80862873671923,40.00700874997521,94.13509322136616,0.4298841765636038,0.7577032331281287,53.2911359402743,39.55700535916135,1.3471984407417268
JFM2026,Z500,FuXi,northwest_india,2026-01-01,daily,24,Week 4,19.761211529228554,24.863644908272427,72.32162860000797,0.20521662844960564,0.7267593123694345,48.03986742246034,33.028759462802874,1.4544859753683161
JFM2026,Z500,FuXi,northwest_india,2026-01-01,daily,25,Week 4,19.183063270003522,13.737903557907241,49.341667988185655,-0.39636030993696747,0.6112198056499285,49.27723915483182,31.80601705734627,1.549305562717423
JFM2026,Z500,FuXi,northwest_india,2026-01-01,daily,26,Week 4,28.9203369950716,16.05133572348626,19.90865735431225,-0.8017402098664885,-0.45265130040562007,48.73100547851605,48.55030160130569,1.0037219928867651
JFM2026,Z500,FuXi,northwest_india,2026-01-01,daily,27,Week 4,30.25430507091849,20.355077800381622,30.067201529323494,-0.48632716453440805,-0.006222845229294727,51.651066072478244,51.200601739625036,1.0087980281002165
JFM2026,Z500,FuXi,northwest_india,2026-01-01,daily,28,Week 4,13.680945691296621,17.374144483868204,61.568891006437475,0.21256867041716487,0.7777945084333876,49.11972855246816,16.45950641127989,2.9842771298904713
JFM2026,Z500,FuXi,northwest_india,2026-01-01,daily,29,Week 5,25.207084428996748,12.95418347402007,34.57325935941568,-0.9458643981344073,0.27090806895150743,45.95518855647844,43.39259361607824,1.0590560445193276
JFM2026,Z500,FuXi,northwest_india,2026-01-01,daily,30,Week 5,43.160214098680285,20.549326916940977,8.163436362389275,-1.1003225202037528,-4.287015440890649,51.045307501592,68.70821763266785,0.7429287101361528
JFM2026,Z500,FuXi,northwest_india,2026-01-01,daily,31,Week 5,38.402005701834305,20.627966403026413,10.294252830605478,-0.8616476753714408,-2.730431565432575,50.380380236691366,62.867850986529284,0.8013695306284032
JFM2026,Z500,FuXi,northwest_india,2026-01-01,daily,32,Week 5,30.209388339565926,15.936614962998522,22.510380866815446,-0.8955962988191526,-0.34202031135333977,62.36608827494633,51.741175766317035,1.2053473341351086
JFM2026,Z500,FuXi,northwest_india,2026-01-01,daily,33,Week 5,28.936821319646526,15.28908275419379,20.310754379122223,-0.8926460000819321,-0.4247044092754717,73.28138304178724,47.54886011347115,1.5411806480093886
JFM2026,Z500,FuXi,northwest_india,2026-01-01,daily,34,Week 5,21.328312598354405,14.323461729721817,46.58028833884953,-0.4890473407065563,0.5421172053895194,77.21813221040078,25.015800370096596,3.086774401298223
JFM2026,Z500,FuXi,northwest_india,2026-01-01,daily,35,Week 5,26.091172392441454,14.56448251518214,24.38951523405192,-0.7914246088210681,-0.06977002790173259,68.9702992126056,43.37365285183887,1.59014274052967
JFM2026,Z500,FuXi,northwest_india,2026-01-01,daily,36,Week 6,43.02135853477377,28.489794068239906,10.337588802137791,-0.5100621096708271,-3.161643431384797,56.01411005887537,71.08177095187183,0.7880235580624672
JFM2026,Z500,FuXi,northwest_india,2026-01-01,daily,37,Week 6,44.11405098491095,27.27811995937278,6.028583172414818,-0.6171954317457766,-6.317482354189793,47.00371765673519,68.77238379835609,0.6834679134367704
JFM2026,Z500,FuXi,northwest_india,2026-01-01,daily,38,Week 6,26.703733705854642,17.886386435573062,12.900901730130952,-0.4929641491332948,-1.0699121863308374,49.5858735141599,44.93466030040782,1.1035105903250784
JFM2026,Z500,FuXi,northwest_india,2026-01-01,daily,39,Week 6,34.706446524644065,19.891676825532965,13.300559233301788,-0.7447722898903553,-1.6093975385445796,50.114020002466596,57.14943319081171,0.8768944362955423
JFM2026,Z500,FuXi,northwest_india,2026-01-01,daily,40,Week 6,25.5258035631769,15.892905428674911,26.76508992472785,-0.6061130973020044,0.04630234253037169,42.40894477542212,42.57130499886123,0.9961861581775928
JFM2026,Z500,FuXi,northwest_india,2026-01-01,daily,41,Week 6,15.755150064375405,13.026151876418226,37.082590615882985,-0.20950148699690785,0.5751335113672653,46.13285257306281,24.071711127651906,1.9164758304227323
JFM2026,Z500,FuXi,northwest_india,2026-01-01,daily,42,Week 6,43.00243329155482,23.12130262951835,12.3744190500044,-0.8598620493230673,-2.475107244856035,47.93666323364241,67.55151462253107,0.7096312125865148
JFM2026,Z500,FuXi,northwest_india,2026-01-01,weekly,1,Week 1,8.44349155896969,22.74370082224031,62.566606833950345,0.6287547209241744,0.8650479547120331,3.0000550726371435,11.610546439689344,0.25839051488410514
JFM2026,Z500,FuXi,northwest_india,2026-01-01,weekly,2,Week 2,35.18745743114066,21.575348965104613,7.881687374626424,-0.6309102340848298,-3.464457388200895,7.789419971330062,44.0546786548513,0.17681254770592433
JFM2026,Z500,FuXi,northwest_india,2026-01-01,weekly,3,Week 3,46.109414778322495,13.210259631894157,29.936537465916928,-2.4904245687191753,-0.5402387410641114,26.149436709014548,61.355331391539785,0.42619665016788194
JFM2026,Z500,FuXi,northwest_india,2026-01-01,weekly,4,Week 4,16.47933719605587,14.49372712872056,49.550560935231665,-0.1369978922399231,0.667423801365311,41.1251697624797,27.144911033040003,1.515023192097529
JFM2026,Z500,FuXi,northwest_india,2026-01-01,weekly,5,Week 5,28.285428177201148,14.463104202084763,23.34792173603683,-0.9556955258003317,-0.21147520096160943,49.355753805852565,47.96148329671009,1.0290706294573277
JFM2026,Z500,FuXi,northwest_india,2026-01-01,weekly,6,Week 6,33.53879084163945,18.65575659240505,10.642265599835532,-0.797771678436962,-2.1514709463892503,38.279530309895115,52.80580673483561,0.7249113814720377
JFM2026,Z500,FuXi,south_peninsula,2026-01-01,daily,1,Week 1,7.249562506102314,25.80308298884129,38.90560991605512,0.7190427783673201,0.8136627976853629,1.0,7.935204785422541,0.12602069222423365
JFM2026,Z500,FuXi,south_peninsula,2026-01-01,daily,2,Week 1,10.278919952980354,22.284014836014784,35.36681408534387,0.5387312372289459,0.7093625700020298,1.007987519418028,11.011556638442745,0.09153905778398447
JFM2026,Z500,FuXi,south_peninsula,2026-01-01,daily,3,Week 1,1.63788918169648,12.75164333850816,24.265854124604985,0.8715546586258192,0.9325023066039245,1.0189334101781553,2.5591211543639627,0.39815755047025053
JFM2026,Z500,FuXi,south_peninsula,2026-01-01,daily,4,Week 1,2.207891517686034,11.0998612280188,22.172042662886824,0.8010883674732104,0.9004200221307637,1.0670342451444823,3.1384851516386894,0.33998384366653905
JFM2026,Z500,FuXi,south_peninsula,2026-01-01,daily,5,Week 1,1.629242289829923,8.276244796706527,17.853783192138874,0.8031423272450485,0.908745262990127,1.1020683095312187,2.6861431759503747,0.4102790645704505
JFM2026,Z500,FuXi,south_peninsula,2026-01-01,daily,6,Week 1,2.0722719339404687,11.35447282391719,22.761160463483794,0.8174928976380645,0.9089557873261753,2.0479801943669416,3.5539166456234783,0.576260052944392
JFM2026,Z500,FuXi,south_peninsula,2026-01-01,daily,7,Week 1,4.0222399513001275,8.10905525781735,17.65240333685137,0.5039816817843756,0.7721420775094544,2.303222695765361,5.671578550303641,0.4060990560806132
JFM2026,Z500,FuXi,south_peninsula,2026-01-01,daily,8,Week 2,15.5885002517555,4.334624978912839,3.8551915590118067,-2.5962742630771327,-3.0435086073261868,2.111533069073369,17.70737240491717,0.11924598527599815
JFM2026,Z500,FuXi,south_peninsula,2026-01-01,daily,9,Week 2,14.085120211114837,5.712812482152702,10.682924790674893,-1.4655316895343433,-0.31847040834825635,3.1772095366164694,18.70684415545837,0.16984209149405932
JFM2026,Z500,FuXi,south_peninsula,2026-01-01,daily,10,Week 2,11.506643618272111,7.428600967837831,16.100530629985688,-0.5489650969395434,0.28532519314350446,3.5721338906761586,15.66562150035841,0.22802375830377572
JFM2026,Z500,FuXi,south_peninsula,2026-01-01,daily,11,Week 2,15.042263458569023,4.456601499589514,3.6609886943739594,-2.3752767574023674,-3.1087981183021105,2.935764723445477,17.531774061363986,0.1674539446589852
JFM2026,Z500,FuXi,south_peninsula,2026-01-01,daily,12,Week 2,13.836933749555971,7.176292050499335,5.581742388611552,-0.92814529455963,-1.4789631599243123,3.862462735011521,16.64104706727332,0.23210454963543323
JFM2026,Z500,FuXi,south_peninsula,2026-01-01,daily,13,Week 2,17.122566490465243,8.717031878430552,8.543504031205414,-0.9642656731396577,-1.0041620426378377,3.929046367910729,20.437364786008835,0.19224818899354898
JFM2026,Z500,FuXi,south_peninsula,2026-01-01,daily,14,Week 2,6.886716213487932,4.844254474332413,10.31970724458739,-0.4216256082288061,0.3326636066057045,3.8372995323378887,10.601361192552718,0.36196290859644786
JFM2026,Z500,FuXi,south_peninsula,2026-01-01,daily,15,Week 3,7.707913605456684,6.311143955822476,13.531172846451046,-0.22131798282712123,0.4303587949895774,5.663267698971579,11.031596910105005,0.5133678963363857
JFM2026,Z500,FuXi,south_peninsula,2026-01-01,daily,16,Week 3,12.961075172544506,4.518586241563344,6.7788600120797415,-1.8683916782033627,-0.9119844855105765,7.481273171897996,20.08023185487854,0.37256906324417777
JFM2026,Z500,FuXi,south_peninsula,2026-01-01,daily,17,Week 3,7.94801427901448,6.498438236711364,14.060751327371307,-0.22306529499874062,0.43473758308046395,8.267049531600227,14.63168466855059,0.5650100941123657
JFM2026,Z500,FuXi,south_peninsula,2026-01-01,daily,18,Week 3,6.213736593726545,17.159026373449834,31.338205564280855,0.6378735915144311,0.8017200895251981,9.737986301335468,9.608954314711525,1.0134283068061207
JFM2026,Z500,FuXi,south_peninsula,2026-01-01,daily,19,Week 3,4.278612262121062,13.776443810715717,27.238789410160784,0.68942549173735,0.842922084469546,11.244148834717281,6.240850346617588,1.8017014044907163
JFM2026,Z500,FuXi,south_peninsula,2026-01-01,daily,20,Week 3,4.918346470946683,12.426456223292515,25.542856878975513,0.6042036134382713,0.8074472838237995,16.32435557841178,6.619282963091589,2.466181861303503
JFM2026,Z500,FuXi,south_peninsula,2026-01-01,daily,21,Week 3,5.6413135093233535,10.745966223123592,22.96213929431906,0.4750296630205152,0.7543210831963274,19.857298465192482,7.153420346211056,2.775916625074364
JFM2026,Z500,FuXi,south_peninsula,2026-01-01,daily,22,Week 4,5.081762085922816,11.292182374173905,23.6378862164751,0.5499752025308058,0.7850162218658563,18.223143550419103,6.604303337190006,2.7592832460921866
JFM2026,Z500,FuXi,south_peninsula,2026-01-01,daily,23,Week 4,4.626971119652145,9.607516744968565,20.27416083704004,0.5184009310131799,0.7717798947713356,17.633602395247035,5.028561450715476,3.5066892525968996
JFM2026,Z500,FuXi,south_peninsula,2026-01-01,daily,24,Week 4,5.4730230269251345,4.480405836582333,7.4499372342527534,-0.22154626758096807,0.26535984736063456,16.407989469437272,8.482374335586018,1.9343628116718454
JFM2026,Z500,FuXi,south_peninsula,2026-01-01,daily,25,Week 4,4.674459277827954,5.052842910993815,11.07347133782033,0.07488529523500231,0.5778686614862307,17.419128120933532,4.966821769493126,3.507097481919749
JFM2026,Z500,FuXi,south_peninsula,2026-01-01,daily,26,Week 4,5.42593189489488,4.28636986557655,5.3822249821851775,-0.2658571390374056,-0.008120603069245558,17.496148367001947,8.130058330275943,2.152032329441861
JFM2026,Z500,FuXi,south_peninsula,2026-01-01,daily,27,Week 4,11.808169296482875,7.514525205815018,5.605302632027903,-0.5713792918473779,-1.1066069169954664,17.09531053191545,19.885427503341017,0.8596903701991426
JFM2026,Z500,FuXi,south_peninsula,2026-01-01,daily,28,Week 4,15.107576686679362,8.888858805947047,8.175748081184276,-0.6996081292878353,-0.8478525190187851,14.909830014353181,22.813703224059648,0.6535471189363534
JFM2026,Z500,FuXi,south_peninsula,2026-01-01,daily,29,Week 5,5.809386952869609,4.275929499908204,4.40414713327381,-0.35862552294052663,-0.31907195129314814,13.947285707547044,9.61964826450087,1.4498748108094905
JFM2026,Z500,FuXi,south_peninsula,2026-01-01,daily,30,Week 5,9.884449897033473,6.287647855815633,3.0678024652378673,-0.5720425385927188,-2.22199685574184,13.960894644290663,17.125673088186957,0.8152026826858377
JFM2026,Z500,FuXi,south_peninsula,2026-01-01,daily,31,Week 5,9.521345469233214,6.519282696215285,3.6324343138994855,-0.46048973681732686,-1.621202380122842,13.731784150402818,16.61716206953188,0.8263615708232456
JFM2026,Z500,FuXi,south_peninsula,2026-01-01,daily,32,Week 5,5.155709048985018,4.733812686673098,3.0314962798898955,-0.0891240085395999,-0.7007142918784233,14.4080886370877,9.403419293387055,1.532218035541622
JFM2026,Z500,FuXi,south_peninsula,2026-01-01,daily,33,Week 5,5.2968186391369345,4.427540328794595,4.723824289245892,-0.19633436305231866,-0.12129882798466984,18.307977849302418,7.815566087866343,2.3425018282073684
JFM2026,Z500,FuXi,south_peninsula,2026-01-01,daily,34,Week 5,5.459367308782222,7.756511482091849,17.936923078684618,0.29615687137358704,0.6956352388403855,21.179904683192945,4.897433340453103,4.324694837241707
JFM2026,Z500,FuXi,south_peninsula,2026-01-01,daily,35,Week 5,4.943673802609492,9.17484909432948,20.338699072359898,0.4611711046381207,0.7569326442649471,18.39695158117625,5.747142065001979,3.2010608704467294
JFM2026,Z500,FuXi,south_peninsula,2026-01-01,daily,36,Week 6,5.192162107604768,11.417698486412647,23.754203015268217,0.5452531774434599,0.7814213297635175,15.810466615153931,8.099737427200782,1.9519727345801046
JFM2026,Z500,FuXi,south_peninsula,2026-01-01,daily,37,Week 6,6.9840431973748185,5.216505958608376,9.360163222767175,-0.3388354681833765,0.2538545502724574,15.085320178458387,10.850088799453182,1.3903407112408748
JFM2026,Z500,FuXi,south_peninsula,2026-01-01,daily,38,Week 6,9.858588397348743,5.145582321760611,8.482348217054227,-0.9159324991569722,-0.16224754573592137,15.952278671160425,15.232080466548496,1.0472816701693226
JFM2026,Z500,FuXi,south_peninsula,2026-01-01,daily,39,Week 6,8.79176144902231,4.644048162788797,9.462120066758322,-0.8931245199969609,0.07084655584651378,17.292197161112053,15.289434644858048,1.1309899654744624
JFM2026,Z500,FuXi,south_peninsula,2026-01-01,daily,40,Week 6,5.673689512679001,7.146842986922148,16.71479555575377,0.20612646408195034,0.6605588447819253,17.57437044836547,8.784085289856481,2.0007058069733987
JFM2026,Z500,FuXi,south_peninsula,2026-01-01,daily,41,Week 6,6.603958696904604,5.57904804160105,12.907514635944992,-0.18370708544919245,0.48836326100194183,17.598681764339826,10.929915107262174,1.6101389252919922
JFM2026,Z500,FuXi,south_peninsula,2026-01-01,daily,42,Week 6,19.01192227724576,7.182530433472629,5.065045885158088,-1.6469671731072393,-2.753553809444387,18.66394144784152,29.94310123691883,0.6233135739737443
JFM2026,Z500,FuXi,south_peninsula,2026-01-01,weekly,1,Week 1,1.8316659243152191,13.589659160827699,25.568257409099115,0.8652161983874467,0.9283617223102825,1.050205370508152,2.7057548561117706,0.3881376644805584
JFM2026,Z500,FuXi,south_peninsula,2026-01-01,weekly,2,Week 2,13.851531305118693,4.351422508315303,4.033510007764135,-2.1832191148180304,-2.4341135334871544,2.3263786177035413,16.53519628102436,0.14069253114178465
JFM2026,Z500,FuXi,south_peninsula,2026-01-01,weekly,3,Week 3,3.1970440057546234,8.899943869945037,20.206914805607717,0.6407793068728234,0.8417846545843111,7.258274144587951,5.815733320002039,1.2480410887522273
JFM2026,Z500,FuXi,south_peninsula,2026-01-01,weekly,4,Week 4,5.131903143971807,4.448317644951709,7.397251195899647,-0.15367281601301186,0.30624187173521156,15.26548904387391,7.797031771998133,1.9578590276748158
JFM2026,Z500,FuXi,south_peninsula,2026-01-01,weekly,5,Week 5,4.467012765691947,4.316221305129198,5.991121881345783,-0.03493598912167806,0.2543946101980279,13.024197506493202,7.58005142854428,1.7182202032888383
JFM2026,Z500,FuXi,south_peninsula,2026-01-01,weekly,6,Week 6,6.927276283536799,4.846936102834346,10.298568823863283,-0.4292072634268753,0.32735544112835446,14.375689618686792,11.680438464762505,1.2307491419997039
JFM2026,Z500,SPIRE,All India,2026-01-01,daily,1,Week 1,12.648548064084677,38.38662687519651,67.24106292614067,0.6704959749339808,0.8118925026813129,15.365384873909989,20.825570103322196,0.7378134090772779
JFM2026,Z500,SPIRE,All India,2026-01-01,daily,2,Week 1,17.576063421899956,30.539511169850083,57.94783631505737,0.4244811803257742,0.6966916361408143,8.599219931132255,23.40014619733813,0.36748573528615197
JFM2026,Z500,SPIRE,All India,2026-01-01,daily,3,Week 1,9.70542833635108,19.842281434281446,42.49997979269068,0.5108713497237751,0.7716368717422247,9.851132323501155,14.478383191570499,0.680402790363817
JFM2026,Z500,SPIRE,All India,2026-01-01,daily,4,Week 1,14.73473497887932,15.457120903606128,37.46645455033223,0.046734830453339926,0.6067219288367742,11.352950735503656,20.70638852799263,0.548282512914108
JFM2026,Z500,SPIRE,All India,2026-01-01,daily,5,Week 1,15.248088506499357,14.11215017964619,37.344475350237886,-0.08049363933864018,0.5916909164342503,12.66101437629074,21.918404906505433,0.5776430552449974
JFM2026,Z500,SPIRE,All India,2026-01-01,daily,6,Week 1,29.8125097390163,23.194483069500674,51.65317182558678,-0.28532762078314766,0.422832931931424,12.494220223244406,38.763022743653146,0.3223231662265076
JFM2026,Z500,SPIRE,All India,2026-01-01,daily,7,Week 1,19.68131604802982,12.209936240365426,33.74703736317404,-0.611909813497993,0.4167987003947561,13.112467044062091,27.863955748362105,0.47058885545469853
JFM2026,Z500,SPIRE,All India,2026-01-01,daily,8,Week 2,4.770001560942386,12.551387139406664,12.766926627092523,0.6199621995590938,0.6263782427620419,13.768853504037978,7.52467195410981,1.8298277437221342
JFM2026,Z500,SPIRE,All India,2026-01-01,daily,9,Week 2,10.726523719792572,15.38168497363517,26.030308396838183,0.30264312796821236,0.5879217581188747,15.89355292395571,19.600877821181864,0.8108592415580592
JFM2026,Z500,SPIRE,All India,2026-01-01,daily,10,Week 2,9.111070587927946,14.824824608562704,22.6536024312944,0.3854179844619907,0.5978091954442695,18.94499194979736,16.62724448665945,1.139394562039279
JFM2026,Z500,SPIRE,All India,2026-01-01,daily,11,Week 2,7.474668255474247,14.52901712082056,13.137263018949684,0.485535174656598,0.43103306642391914,22.484054216023953,12.833792218775592,1.751941579911993
JFM2026,Z500,SPIRE,All India,2026-01-01,daily,12,Week 2,11.473020805518658,33.21421044800638,28.144718308518964,0.6545749349219498,0.5923561685800935,24.08742821983022,22.22229810767703,1.0839305684369724
JFM2026,Z500,SPIRE,All India,2026-01-01,daily,13,Week 2,11.495842004603665,31.363540312769484,25.153958727391025,0.6334647845886454,0.5429808035708733,25.20132975650923,21.6461191712821,1.1642424010094072
JFM2026,Z500,SPIRE,All India,2026-01-01,daily,14,Week 2,8.574257332598073,13.542357111193422,17.465920121446814,0.36685635578823794,0.5090864224170165,25.518189455151305,13.06511568408893,1.953154497225622
JFM2026,Z500,SPIRE,All India,2026-01-01,daily,15,Week 3,15.799641908041108,16.40108959041031,23.060058363775198,0.03667120279136016,0.31484813876878126,28.371973914214358,28.891128374781637,0.9820306616677376
JFM2026,Z500,SPIRE,All India,2026-01-01,daily,16,Week 3,18.915771947126718,18.86476507072333,15.684603990648265,-0.002703817206955117,-0.20600889626572627,30.288928440466233,35.0742455544647,0.8635660713908262
JFM2026,Z500,SPIRE,All India,2026-01-01,daily,17,Week 3,13.98772931911978,14.877380520646481,10.017888290673808,0.05979891421692585,-0.3962752341870004,31.24942992101648,25.01216128256989,1.2493694394491661
JFM2026,Z500,SPIRE,All India,2026-01-01,daily,18,Week 3,18.65081679070854,19.137936605327322,44.50254582667303,0.025453100021409103,0.580904497838189,32.612059363068695,33.02777460978759,0.9874131620543486
JFM2026,Z500,SPIRE,All India,2026-01-01,daily,19,Week 3,15.412761111245018,16.885208711598004,45.150953800898726,0.08720339946651656,0.6586393018581541,34.20351780622059,26.896673405608887,1.2716634986945252
JFM2026,Z500,SPIRE,All India,2026-01-01,daily,20,Week 3,13.71390673094225,15.550975489660717,44.01366755094536,0.11813205930006554,0.6884170873724952,35.152726603413036,23.72514184392531,1.4816656032939037
JFM2026,Z500,SPIRE,All India,2026-01-01,daily,21,Week 3,10.26979727590199,12.929083556400046,31.654305356061325,0.20568250401488652,0.6755639664057427,35.95200483127555,12.325746520958894,2.9168216927179373
JFM2026,Z500,SPIRE,All India,2026-01-01,daily,22,Week 4,12.355039054005585,15.227999257872066,27.33379140191972,0.1886630118123569,0.5479939510646203,36.684200160826926,19.005419634047076,1.9301968000279968
JFM2026,Z500,SPIRE,All India,2026-01-01,daily,23,Week 4,23.464653993642134,24.284495642078014,51.74312709095325,0.033759879575811724,0.5465165073537914,36.62413453046228,47.60081392005714,0.7694014348571944
JFM2026,Z500,SPIRE,All India,2026-01-01,daily,24,Week 4,17.035667738554928,15.904544868780507,35.07098251936562,-0.07111947428277143,0.5142517684200005,36.914102583122265,35.92768658149571,1.0274555947093627
JFM2026,Z500,SPIRE,All India,2026-01-01,daily,25,Week 4,11.610855066438663,11.309269358416067,33.248835136131326,-0.026667125741254294,0.6507891173059109,37.24041723598668,17.396601123673275,2.140672018128298
JFM2026,Z500,SPIRE,All India,2026-01-01,daily,26,Week 4,9.517754872424248,9.973148456239175,15.378514155055434,0.04566196781418941,0.38110049017346437,37.97839894466575,8.51111748820189,4.462210631836701
JFM2026,Z500,SPIRE,All India,2026-01-01,daily,27,Week 4,17.213281001080112,19.956796908668732,19.76643660002696,0.13747275778493817,0.12916620484561014,37.23976724350811,30.457673999616752,1.222672724252571
JFM2026,Z500,SPIRE,All India,2026-01-01,daily,28,Week 4,17.632884621798336,16.20451640095931,31.72934497041685,-0.08814630350551322,0.44427202521077824,35.77399587198017,33.38461393186319,1.0715713515511553
JFM2026,Z500,SPIRE,All India,2026-01-01,daily,29,Week 5,10.299615223585569,8.927672350420334,21.57898791721569,-0.1536730761742886,0.5227016548181787,35.36960762551212,15.060308752353178,2.3485313752273242
JFM2026,Z500,SPIRE,All India,2026-01-01,daily,30,Week 5,9.816443981390288,13.503194368392371,5.213183030409656,0.273028017402449,-0.8830039007126331,36.37138109907538,10.951681233257222,3.3210774057799974
JFM2026,Z500,SPIRE,All India,2026-01-01,daily,31,Week 5,12.019064054179118,16.813265436960283,8.759171184949677,0.2851439775786899,-0.37216910143629867,37.09653166212441,17.63940390333539,2.103049052304422
JFM2026,Z500,SPIRE,All India,2026-01-01,daily,32,Week 5,11.262497400047046,14.344535940540364,12.954102613766143,0.21485801654851,0.1305845155125953,38.04286738173489,15.476975110740078,2.4580298869470596
JFM2026,Z500,SPIRE,All India,2026-01-01,daily,33,Week 5,10.64169405840188,13.498590107652499,13.39843666439508,0.2116440329298549,0.20575106447448077,38.789841029997454,12.436889914221743,3.1189341786840754
JFM2026,Z500,SPIRE,All India,2026-01-01,daily,34,Week 5,13.918465413238204,14.214044631818288,32.20619316401286,0.020794870583030756,0.5678326419283024,38.5483253424725,22.8700124476784,1.6855401994495047
JFM2026,Z500,SPIRE,All India,2026-01-01,daily,35,Week 5,11.468259442956388,13.116559534203498,24.499915886158583,0.12566558227017588,0.5319061707703466,39.04282525545349,13.807061110303625,2.827743351285487
JFM2026,Z500,SPIRE,All India,2026-01-01,daily,36,Week 6,13.130677609077516,16.323874627344473,17.22034720503309,0.1956151398588889,0.23749054227897692,37.96862124161273,22.028516460887396,1.72361226907984
JFM2026,Z500,SPIRE,All India,2026-01-01,daily,37,Week 6,11.75115215547925,15.682359191546539,10.463773136072017,0.2506770179187311,-0.12303200792544144,35.81743950916692,20.085311531000915,1.7832653207237568
JFM2026,Z500,SPIRE,All India,2026-01-01,daily,38,Week 6,9.70589212465084,10.916767566485177,14.456535282411396,0.11091886260835704,0.3286156098232228,35.719213111774486,11.421150157937722,3.1274619996962008
JFM2026,Z500,SPIRE,All India,2026-01-01,daily,39,Week 6,10.47880667654202,11.431989066760892,17.024536885924565,0.0833785253513144,0.384488004181446,36.11435706961574,15.580630244813195,2.3179009130030694
JFM2026,Z500,SPIRE,All India,2026-01-01,daily,40,Week 6,10.461602561196003,13.16189946030298,24.852483385170867,0.20516012200603895,0.5790520247389725,36.4130540015384,13.894589646876854,2.6206642244899343
JFM2026,Z500,SPIRE,All India,2026-01-01,daily,41,Week 6,9.58871521638889,9.427460753861338,26.502533419980516,-0.0171047609465258,0.6381962786561429,37.20058628350708,10.11401969265088,3.678120807945236
JFM2026,Z500,SPIRE,All India,2026-01-01,daily,42,Week 6,16.346898231626934,17.312685030509314,10.289500122324979,0.05578492285745518,-0.5886970248592842,36.460024787767,26.749086052511014,1.3630381507686835
JFM2026,Z500,SPIRE,All India,2026-01-01,weekly,1,Week 1,16.19289558266575,20.165286619730267,46.84206390240488,0.19699154849491818,0.6543086654677827,11.919484270483215,22.831949935459875,0.5220528384205716
JFM2026,Z500,SPIRE,All India,2026-01-01,weekly,2,Week 2,5.983067312312615,15.146857249539247,9.111424136362638,0.6049961246915023,0.34334444069671977,20.842628628664198,8.020681214330791,2.5986107752822853
JFM2026,Z500,SPIRE,All India,2026-01-01,weekly,3,Week 3,8.730749003865878,10.825260104729313,25.311893667928167,0.19348367435054892,0.6550732585081807,32.54723435389782,8.792433250835462,3.701732322028736
JFM2026,Z500,SPIRE,All India,2026-01-01,weekly,4,Week 4,11.517110665617196,11.784927717225838,27.70591538127775,0.022725387718515955,0.5843086031584478,36.9221450890584,18.928259912689377,1.9506359939777687
JFM2026,Z500,SPIRE,All India,2026-01-01,weekly,5,Week 5,9.307706229661624,11.30063916058832,14.43376209270535,0.1763557709087087,0.3551434359330595,37.60876859638655,7.0970527402449495,5.299209400420562
JFM2026,Z500,SPIRE,All India,2026-01-01,weekly,6,Week 6,9.212653551282639,11.129210779475,12.735000917717398,0.1722096261962227,0.27658791618415524,36.52761360533091,9.453216845040332,3.864040591060309
JFM2026,Z500,SPIRE,central_india,2026-01-01,daily,1,Week 1,15.758055045494697,46.77273474529865,70.39325814255248,0.6630931432317283,0.7761425531180378,15.708124157803159,24.33723312732235,0.6454359078381976
JFM2026,Z500,SPIRE,central_india,2026-01-01,daily,2,Week 1,23.39963787783525,36.618666200395744,59.554767501508685,0.3609915295718126,0.6070904335703691,8.320697624004527,28.654992867809753,0.2903751420350823
JFM2026,Z500,SPIRE,central_india,2026-01-01,daily,3,Week 1,13.751772362581931,19.80859584317144,38.42102670806746,0.30576743190393574,0.6420769161878123,9.00460588397774,18.679582253361488,0.48205606323756595
JFM2026,Z500,SPIRE,central_india,2026-01-01,daily,4,Week 1,19.63817637792101,13.976141031130576,30.435628357925065,-0.4051215091618472,0.3547635637097839,9.133114476806185,24.862569394737896,0.3673439511339961
JFM2026,Z500,SPIRE,central_india,2026-01-01,daily,5,Week 1,19.480407543104906,13.831778364151441,31.915641141179236,-0.4083805444420161,0.3896281933697311,10.434153403268867,25.45718638959577,0.40987064491672404
JFM2026,Z500,SPIRE,central_india,2026-01-01,daily,6,Week 1,34.45616762987579,25.515121437279756,49.650678544817254,-0.3504214633888596,0.3060282630624296,11.163951671371743,41.59287655030504,0.26841018456295895
JFM2026,Z500,SPIRE,central_india,2026-01-01,daily,7,Week 1,17.024542006937423,11.6832994910907,28.320463489739712,-0.4571690146195242,0.3988607561770561,11.61004860690844,23.86962988708568,0.48639416119266643
JFM2026,Z500,SPIRE,central_india,2026-01-01,daily,8,Week 2,5.0772578527302965,11.4072434471028,13.8119703140764,0.5549093103628104,0.6324016242957143,12.423427219133902,9.146281879526107,1.358303557967491
JFM2026,Z500,SPIRE,central_india,2026-01-01,daily,9,Week 2,6.963308539953694,12.458588354428242,19.444850738123026,0.4410836651907937,0.6418944720258701,14.765402798696396,12.740468499432156,1.1589371928790917
JFM2026,Z500,SPIRE,central_india,2026-01-01,daily,10,Week 2,6.915974073974497,12.02378834158342,18.640304498090245,0.42480906370780913,0.6289774088892668,16.579596174672677,12.435525045156346,1.333244564621777
JFM2026,Z500,SPIRE,central_india,2026-01-01,daily,11,Week 2,5.468978005212609,9.126784521204911,7.017840109117034,0.40077713103600277,0.22070353268554288,19.0089980861241,7.7038142833591845,2.4674787562292306
JFM2026,Z500,SPIRE,central_india,2026-01-01,daily,12,Week 2,7.963522768047791,19.97301514766784,16.97767971733659,0.6012858995414292,0.5309416303856929,20.10675605052576,13.886064883654225,1.4479808512341124
JFM2026,Z500,SPIRE,central_india,2026-01-01,daily,13,Week 2,6.991016980741744,17.006170096993504,12.178357589125309,0.5889129097928008,0.42594747037282044,21.783194438809154,10.220518308250078,2.1313199371919915
JFM2026,Z500,SPIRE,central_india,2026-01-01,daily,14,Week 2,9.425780211798077,9.398176623271025,23.136615166057787,-0.0029371217028100194,0.5926033197100489,23.26208418498479,15.85250815759702,1.4674071732829779
JFM2026,Z500,SPIRE,central_india,2026-01-01,daily,15,Week 3,14.028000449276668,12.510403757197306,24.779958980075055,-0.12130677167044102,0.4338973498480675,26.562257772690973,24.711441658120748,1.0748971322748386
JFM2026,Z500,SPIRE,central_india,2026-01-01,daily,16,Week 3,18.316962666381635,13.5789977708873,11.009461658830709,-0.3489186002852358,-0.6637473505972533,28.542166163417097,32.53692565892299,0.8772238183354498
JFM2026,Z500,SPIRE,central_india,2026-01-01,daily,17,Week 3,12.451771614215001,10.4762419995568,5.8596427673511124,-0.18857235397404692,-1.125005244960334,29.292156906146175,21.914112114996456,1.336680069556672
JFM2026,Z500,SPIRE,central_india,2026-01-01,daily,18,Week 3,16.314639134086406,20.859518074701036,46.36544072236471,0.21788034240957743,0.6481293204613728,30.714931821636554,28.699083397582267,1.070240864355414
JFM2026,Z500,SPIRE,central_india,2026-01-01,daily,19,Week 3,14.823258816356622,20.248928538363394,47.23769803891992,0.2679484848656243,0.6861985356665032,32.08858983086509,25.55005986379341,1.2559105537101825
JFM2026,Z500,SPIRE,central_india,2026-01-01,daily,20,Week 3,12.467630434347093,18.308305835737425,44.216473035894616,0.31901779737530145,0.718032000783374,32.49435103882965,19.86321827055776,1.6359056521567996
JFM2026,Z500,SPIRE,central_india,2026-01-01,daily,21,Week 3,10.186095418423655,15.193806043492762,37.87568410106419,0.32958895294137447,0.7310650444954614,32.73141415620538,13.871866940723132,2.3595536416311034
JFM2026,Z500,SPIRE,central_india,2026-01-01,daily,22,Week 4,11.065640907569747,15.75966676988937,37.78057886008238,0.29785057836934026,0.7071076928558839,33.55481783805986,16.0612393528134,2.089179863456936
JFM2026,Z500,SPIRE,central_india,2026-01-01,daily,23,Week 4,13.193785364256586,16.63854126537762,41.05926043649239,0.2070347301592519,0.6786648073054355,33.38681835762703,22.525924287001917,1.4821508734668059
JFM2026,Z500,SPIRE,central_india,2026-01-01,daily,24,Week 4,8.351271846371171,8.433306672746133,19.924522628374373,0.009727480519601261,0.5808546080557944,33.78564028395981,6.639399099525533,5.088659346652954
JFM2026,Z500,SPIRE,central_india,2026-01-01,daily,25,Week 4,12.145240825634819,12.272911223042417,35.21768619147798,0.010402617202012965,0.655138024695849,34.15210094804502,19.634188292597372,1.739420058476331
JFM2026,Z500,SPIRE,central_india,2026-01-01,daily,26,Week 4,8.291448459020502,7.806155499445475,14.108758600889523,-0.06216798520212685,0.41231906409556496,34.623369559582784,4.431571176989001,7.812888065380771
JFM2026,Z500,SPIRE,central_india,2026-01-01,daily,27,Week 4,13.45347081099476,14.391131221000148,9.107062645254695,0.06515543466361517,-0.47725686481412266,33.525556597270594,22.249812782484486,1.5067792670895013
JFM2026,Z500,SPIRE,central_india,2026-01-01,daily,28,Week 4,10.04199053183628,9.730147069729911,17.19594707887291,-0.032049203354438616,0.4160257364263491,32.07846661978636,15.057244229830046,2.130434104019872
JFM2026,Z500,SPIRE,central_india,2026-01-01,daily,29,Week 5,8.818432258734296,7.675429894225291,18.25651576757861,-0.14891704832962604,0.5169706875616005,31.970537101570212,10.52129121547433,3.0386514779240326
JFM2026,Z500,SPIRE,central_india,2026-01-01,daily,30,Week 5,9.437712914971648,11.474194822458267,1.7602588916113666,0.17748364386324034,-4.361548213133711,33.46607587737288,11.51261534753549,2.906904718616954
JFM2026,Z500,SPIRE,central_india,2026-01-01,daily,31,Week 5,11.02425720929388,13.226300770086485,5.460793848714233,0.16648975394336252,-1.0188012063281953,33.30939985187244,16.122291857391144,2.0660462015269867
JFM2026,Z500,SPIRE,central_india,2026-01-01,daily,32,Week 5,9.485816186376594,10.740704786591934,5.588593230223174,0.1168348469815379,-0.6973531254837433,33.91587890311127,11.210840044248148,3.0252754271088014
JFM2026,Z500,SPIRE,central_india,2026-01-01,daily,33,Week 5,8.810435410597076,9.525593732079043,8.656818383955994,0.07507755858551379,-0.017745206128591873,34.35867745769134,7.903759959992373,4.34713068610506
JFM2026,Z500,SPIRE,central_india,2026-01-01,daily,34,Week 5,12.909113047420327,12.069504343229566,31.08349274065349,-0.06956447260087706,0.584695543865418,34.28559775410521,21.342695631036772,1.606432399487848
JFM2026,Z500,SPIRE,central_india,2026-01-01,daily,35,Week 5,11.227521050860283,10.958785274763253,29.202378512417546,-0.024522405481919085,0.615527172004634,34.999955515822414,15.909632020658345,2.199922378492203
JFM2026,Z500,SPIRE,central_india,2026-01-01,daily,36,Week 6,9.83061551525315,10.477386748396267,21.15960689691926,0.06173020512410843,0.5354065147266776,33.78911947747728,12.005773950432397,2.814405769838798
JFM2026,Z500,SPIRE,central_india,2026-01-01,daily,37,Week 6,8.574707371672828,9.54930375399392,15.909914158951116,0.10205941788305506,0.46104628309081164,30.918122776942308,10.786192144638965,2.8664539220460177
JFM2026,Z500,SPIRE,central_india,2026-01-01,daily,38,Week 6,8.151980954338102,8.463614845063322,16.306378044662882,0.03682042442030442,0.500074085611779,30.937574236697376,8.862076171109932,3.491007483951991
JFM2026,Z500,SPIRE,central_india,2026-01-01,daily,39,Week 6,7.55683866452158,7.788499221232259,16.707882428918776,0.029743927569402362,0.5477081732726432,31.706788580411402,3.7400646162507507,8.477604489142772
JFM2026,Z500,SPIRE,central_india,2026-01-01,daily,40,Week 6,11.036170123379735,13.36089174753684,33.71776573999133,0.17399449588278282,0.6726897562405755,32.408067500143346,17.749322135500666,1.82587634912116
JFM2026,Z500,SPIRE,central_india,2026-01-01,daily,41,Week 6,8.067865112306562,8.295333606259916,23.448025596845355,0.027421259318817448,0.6559256096431423,33.164740508822504,5.4909843572804675,6.039853394382657
JFM2026,Z500,SPIRE,central_india,2026-01-01,daily,42,Week 6,19.240753768082826,16.26190036920076,11.326131015358138,-0.18317990709891863,-0.6987931485158105,32.90179173885966,31.731956915324627,1.0368661418095544
JFM2026,Z500,SPIRE,central_india,2026-01-01,weekly,1,Week 1,20.140330188558387,22.153754006770676,44.096445561078475,0.09088409204132819,0.543266357814219,10.767813758869766,26.24806064635972,0.4102327369608211
JFM2026,Z500,SPIRE,central_india,2026-01-01,weekly,2,Week 2,4.915550841682059,9.862283987217515,8.272258692092766,0.5015808865316499,0.4057788779767364,18.27563724645893,5.552338969393559,3.291520447004525
JFM2026,Z500,SPIRE,central_india,2026-01-01,weekly,3,Week 3,7.782634405233508,10.262979920026837,27.478749160054765,0.24167888216883926,0.7167762491697786,30.346552694651947,6.737915263285373,4.503848966461344
JFM2026,Z500,SPIRE,central_india,2026-01-01,weekly,4,Week 4,8.529922701369896,8.906341451482763,23.03082843430972,0.042264127438118804,0.6296302269065314,33.5866814398507,7.957430944232317,4.2207945849903865
JFM2026,Z500,SPIRE,central_india,2026-01-01,weekly,5,Week 5,8.079246568074197,8.257795735908509,11.980097348108313,0.021621892033233725,0.3256109417716935,33.75801774080774,3.8995557334413102,8.656888129924662
JFM2026,Z500,SPIRE,central_india,2026-01-01,weekly,6,Week 6,7.683099381099274,8.001533633945893,16.185594518442443,0.039796652418692124,0.5253125010425241,32.260886368141655,3.6768264847490397,8.77411172432403
JFM2026,Z500,SPIRE,east_northeast_india,2026-01-01,daily,1,Week 1,5.494292971789918,24.958989483328516,51.04961554759841,0.779867170685742,0.8923734701455868,14.718715093407212,8.95877272803546,1.6429387752349904
JFM2026,Z500,SPIRE,east_northeast_india,2026-01-01,daily,2,Week 1,5.000997592709731,31.61725951762803,60.32966589883686,0.8418269746015953,0.9171054982950577,9.903164834061812,8.554084613586442,1.1577118162161533
JFM2026,Z500,SPIRE,east_northeast_india,2026-01-01,daily,3,Week 1,4.174113317016697,35.31972466489939,66.896254890744,0.8818191999903976,0.9376031838578419,11.305840385363062,6.989452883297506,1.6175572786791799
JFM2026,Z500,SPIRE,east_northeast_india,2026-01-01,daily,4,Week 1,7.11893020644953,23.506875992440204,53.266617725707036,0.6971554106662674,0.8663528770850818,13.323589139842337,12.15095831030137,1.096505213794276
JFM2026,Z500,SPIRE,east_northeast_india,2026-01-01,daily,5,Week 1,11.843536255302585,9.804593522686934,28.38558045419157,-0.20795790543460302,0.5827622311822866,14.424313763589675,18.57190300647471,0.7766739767357678
JFM2026,Z500,SPIRE,east_northeast_india,2026-01-01,daily,6,Week 1,25.886550700960775,12.334062842396598,31.808660320584437,-1.0987853744331035,0.18617915875543078,12.900713880569162,34.90627084031828,0.36958155569194373
JFM2026,Z500,SPIRE,east_northeast_india,2026-01-01,daily,7,Week 1,28.658353081296745,8.905380217790668,24.97766275470537,-2.2180942733971873,-0.14735927707639473,13.519769832354148,36.40956668526844,0.3713246562152672
JFM2026,Z500,SPIRE,east_northeast_india,2026-01-01,daily,8,Week 2,4.165903170113625,18.330715416344127,10.574613648036651,0.7727364657901349,0.6060467730764715,13.811890843503692,5.759514947594612,2.3980996610264986
JFM2026,Z500,SPIRE,east_northeast_india,2026-01-01,daily,9,Week 2,16.28806820814401,27.163696736885324,21.861438339011233,0.40037365436985606,0.25494068800229264,16.320652539909087,24.83448274174466,0.6571770674520816
JFM2026,Z500,SPIRE,east_northeast_india,2026-01-01,daily,10,Week 2,12.645644538959814,25.152853805328984,18.56216509999101,0.4972481199616141,0.3187408650424115,20.478782426571442,21.01924359217597,0.9742873161332167
JFM2026,Z500,SPIRE,east_northeast_india,2026-01-01,daily,11,Week 2,7.165719868354724,19.964871794884623,14.9036816655732,0.641083602140099,0.5191980056238588,23.800729806279765,9.979383492548543,2.3849899970325237
JFM2026,Z500,SPIRE,east_northeast_india,2026-01-01,daily,12,Week 2,11.589205470935243,34.06708109282469,27.710372107762865,0.6598121970192452,0.5817737334646398,27.00063408623868,19.465642381026832,1.3870918594783292
JFM2026,Z500,SPIRE,east_northeast_india,2026-01-01,daily,13,Week 2,22.517482134652834,53.88128080854024,49.150154106995465,0.5820908152746846,0.5418634479632698,28.014647729589573,36.968877196782444,0.7577900616367057
JFM2026,Z500,SPIRE,east_northeast_india,2026-01-01,daily,14,Week 2,8.066303862257783,17.95439439663456,16.039717484589257,0.5507337265705958,0.49710436795362645,28.113858625271885,10.320108578904028,2.7241824453999604
JFM2026,Z500,SPIRE,east_northeast_india,2026-01-01,daily,15,Week 3,23.82852176720057,13.281575246363978,40.608201410293184,-0.7941035852448277,0.4132091316617479,30.671342970250123,38.16670214687138,0.8036152259690147
JFM2026,Z500,SPIRE,east_northeast_india,2026-01-01,daily,16,Week 3,13.45694810537894,10.473801085411036,26.16083967150128,-0.2848199040292192,0.4856071794959059,32.077046596081765,23.045098426274716,1.391924911872337
JFM2026,Z500,SPIRE,east_northeast_india,2026-01-01,daily,17,Week 3,15.991168131612243,19.82829173682683,7.668481203997278,0.1935176088864956,-1.085310990040202,34.9387836044211,27.008008354554775,1.2936453197789697
JFM2026,Z500,SPIRE,east_northeast_india,2026-01-01,daily,18,Week 3,12.850260079202583,14.546465720051282,13.625319643241927,0.11660603156068339,0.05688377112119847,35.86234942480234,20.620946078296946,1.7391224092548598
JFM2026,Z500,SPIRE,east_northeast_india,2026-01-01,daily,19,Week 3,9.58918547847203,9.738097564348209,19.883516817180546,0.015291701987188433,0.5177319200300421,36.733523567777944,9.677439196185494,3.795789652933909
JFM2026,Z500,SPIRE,east_northeast_india,2026-01-01,daily,20,Week 3,9.89396965206538,9.147818232354116,21.523568198880596,-0.08156605222787072,0.5403192648800701,38.794767956885345,9.006716571286212,4.307315285191129
JFM2026,Z500,SPIRE,east_northeast_india,2026-01-01,daily,21,Week 3,12.225877724927512,10.717413459737003,15.46134215085561,-0.14074891025315783,0.2092615501526206,40.69505831634433,16.86117398893293,2.4135364680451734
JFM2026,Z500,SPIRE,east_northeast_india,2026-01-01,daily,22,Week 4,16.62316397230747,17.5007537403566,12.876446906205546,0.0501458269208952,-0.29097445074667827,39.08385441583755,28.021786931213324,1.3947666689415243
JFM2026,Z500,SPIRE,east_northeast_india,2026-01-01,daily,23,Week 4,20.11699962278457,25.680632480124963,22.727639515870695,0.21664703397185647,0.11486630150320354,38.393231594742424,34.779696438217805,1.1038978348457886
JFM2026,Z500,SPIRE,east_northeast_india,2026-01-01,daily,24,Week 4,19.45914373014649,27.625796705517253,22.694205408231152,0.2956169214746943,0.14255011884713575,38.71959952141378,33.63101763108375,1.1513062122041429
JFM2026,Z500,SPIRE,east_northeast_india,2026-01-01,daily,25,Week 4,11.130079993248142,11.588215822026685,21.195774464938346,0.0395346303360804,0.47489156333214844,39.332327550152826,13.864175196814168,2.8369756578949574
JFM2026,Z500,SPIRE,east_northeast_india,2026-01-01,daily,26,Week 4,10.866952618216924,8.72610922197357,20.825023599091416,-0.2453376804925167,0.4781781366773076,40.467282485803715,12.21250466584755,3.313594024571476
JFM2026,Z500,SPIRE,east_northeast_india,2026-01-01,daily,27,Week 4,34.67572615712729,47.28844554782751,39.24861306266936,0.2667188410315521,0.11651078977594465,39.05332360505874,54.249519264414104,0.7198833120476412
JFM2026,Z500,SPIRE,east_northeast_india,2026-01-01,daily,28,Week 4,26.142580938405047,37.54842647596261,29.076931826677463,0.30376360897198307,0.10091679912322149,37.51073504667313,44.0689748367262,0.8511823836531011
JFM2026,Z500,SPIRE,east_northeast_india,2026-01-01,daily,29,Week 5,10.811286051194783,8.783422706201522,22.16246444193953,-0.23087393295571346,0.5121803317714138,36.640802839073324,14.29696103816491,2.5628385459862986
JFM2026,Z500,SPIRE,east_northeast_india,2026-01-01,daily,30,Week 5,9.415243326104369,11.729091799406014,9.32961631014476,0.19727430843527227,-0.009177978291186717,36.302732881198025,9.35530933135918,3.880441746539642
JFM2026,Z500,SPIRE,east_northeast_india,2026-01-01,daily,31,Week 5,16.858585110249553,29.48803128171456,19.323355306748653,0.42829058511262796,0.12755394481817983,36.534465199075306,28.410781919354825,1.285936631479552
JFM2026,Z500,SPIRE,east_northeast_india,2026-01-01,daily,32,Week 5,17.974915682524603,31.062100095264764,21.26092783969523,0.4213232322541909,0.1545563854008044,38.07996586196106,30.37731866882698,1.2535657368942996
JFM2026,Z500,SPIRE,east_northeast_india,2026-01-01,daily,33,Week 5,17.18623902562703,29.95482482385082,19.931020329976516,0.42626140774681165,0.13771403866470888,38.21804778798943,29.001285490207444,1.3178053021440759
JFM2026,Z500,SPIRE,east_northeast_india,2026-01-01,daily,34,Week 5,16.233560125899363,26.911410172451117,21.133443655450048,0.3967777971547005,0.23185447717069374,38.86921532098945,27.506765265520094,1.4130783807470177
JFM2026,Z500,SPIRE,east_northeast_india,2026-01-01,daily,35,Week 5,12.495599250438172,19.79000924296029,19.173387146715218,0.3685905298461085,0.3482842048292486,38.762897760581666,18.66701715527758,2.0765448190324576
JFM2026,Z500,SPIRE,east_northeast_india,2026-01-01,daily,36,Week 6,9.744044356454424,9.217262413496345,15.12066875320686,-0.057151670347015404,0.35558112438724887,39.47294907032949,7.246762978329142,5.446976696819001
JFM2026,Z500,SPIRE,east_northeast_india,2026-01-01,daily,37,Week 6,11.294416585326928,17.39434764452253,9.078860211519318,0.3506846697476732,-0.24403463895131883,37.92167190970668,15.610961740108104,2.42916948622565
JFM2026,Z500,SPIRE,east_northeast_india,2026-01-01,daily,38,Week 6,10.277593661258107,8.481678521489265,21.06132641075073,-0.2117405340486196,0.512015840749141,37.075566445648015,12.31439568180715,3.010749971305708
JFM2026,Z500,SPIRE,east_northeast_india,2026-01-01,daily,39,Week 6,14.885935802451264,9.727746355445912,35.29245457848468,-0.5302553395748881,0.57821194416083,37.08521951955446,24.933686872700566,1.4873540246532244
JFM2026,Z500,SPIRE,east_northeast_india,2026-01-01,daily,40,Week 6,9.91971489411986,14.227409907724484,10.543050988323172,0.3027743659276906,0.05912293271593583,35.94967028101701,11.947727366361969,3.008912839962428
JFM2026,Z500,SPIRE,east_northeast_india,2026-01-01,daily,41,Week 6,10.471513762340077,8.943482808524463,27.291914018758177,-0.1708541276961113,0.6163144235635933,36.388086961730444,13.716232459508133,2.652921424972359
JFM2026,Z500,SPIRE,east_northeast_india,2026-01-01,daily,42,Week 6,15.133109495912711,19.633035268646882,9.868191766576773,0.22920173631635854,-0.5335240593082142,35.89546690254294,24.9432815214623,1.4390835813506293
JFM2026,Z500,SPIRE,east_northeast_india,2026-01-01,weekly,1,Week 1,10.261099770207936,18.17241936560049,45.24480428092673,0.4353476241236375,0.7732093235170966,12.870872433737143,16.529131046839424,0.7786781045697023
JFM2026,Z500,SPIRE,east_northeast_india,2026-01-01,weekly,2,Week 2,8.760659081285127,26.61606392321622,20.033899465349887,0.6708506897729711,0.5627082437726447,22.50588474609237,14.38316068462506,1.56473846323292
JFM2026,Z500,SPIRE,east_northeast_india,2026-01-01,weekly,3,Week 3,8.508763481642223,9.296860475432787,16.612073078097296,0.08477022924815669,0.4877964091753927,35.681838921582184,3.9679861680242854,8.992430268311308
JFM2026,Z500,SPIRE,east_northeast_india,2026-01-01,weekly,4,Week 4,15.485228395488324,21.576227652430386,15.949655833750876,0.2823013992557666,0.029118336038310155,38.937193519755816,25.827728010110345,1.5075733144051127
JFM2026,Z500,SPIRE,east_northeast_india,2026-01-01,weekly,5,Week 5,11.470600008468681,20.03815940563319,11.077058454627503,0.42756219389870564,-0.035527622739661036,37.62973257444302,16.152047964430498,2.329718971693866
JFM2026,Z500,SPIRE,east_northeast_india,2026-01-01,weekly,6,Week 6,8.702026921503405,9.655111605845649,12.452554625490814,0.09871296399776497,0.30118540466467403,37.11266160760776,1.6533157574867718,22.447412987839197
JFM2026,Z500,SPIRE,northwest_india,2026-01-01,daily,1,Week 1,12.671450281708541,42.92984455895361,87.5002433785831,0.7048335391872335,0.8551838281536706,15.909876832023322,21.30132033202568,0.7468962761009449
JFM2026,Z500,SPIRE,northwest_india,2026-01-01,daily,2,Week 1,16.536990869897508,28.38925059362395,68.0414711269441,0.41749110934222355,0.756957182200769,10.109070284519275,22.719921932709312,0.44494300264146136
JFM2026,Z500,SPIRE,northwest_india,2026-01-01,daily,3,Week 1,5.744449798298771,16.83106536816084,45.98661140359166,0.6586995729239167,0.8750842990390435,12.811491747435474,9.919348722725758,1.2915658180343697
JFM2026,Z500,SPIRE,northwest_india,2026-01-01,daily,4,Week 1,12.1326303359918,15.803564050864559,46.30231792814281,0.2322851796631238,0.737969266358963,16.056831363311193,19.510227587991373,0.8229955950485294
JFM2026,Z500,SPIRE,northwest_india,2026-01-01,daily,5,Week 1,13.550089773545862,19.702668000463508,58.2309301776974,0.3122713242071026,0.7673042533891107,18.073545649192624,21.877326992345587,0.8261313484739783
JFM2026,Z500,SPIRE,northwest_india,2026-01-01,daily,6,Week 1,33.208492300076855,32.48470158348654,79.29510588589557,-0.022280971697713037,0.581203758680096,16.95172292894561,44.15128438324408,0.3839463147164748
JFM2026,Z500,SPIRE,northwest_india,2026-01-01,daily,7,Week 1,20.703414500375423,16.610368066187675,52.60947136874305,-0.24641515575561623,0.6064698245062394,17.555953910580786,30.92238025160174,0.5677426436042682
JFM2026,Z500,SPIRE,northwest_india,2026-01-01,daily,8,Week 2,5.539402575196194,15.783852934372081,17.754700802556744,0.6490462374283035,0.6880036089147445,18.231902455666088,7.40512268001597,2.462066226784884
JFM2026,Z500,SPIRE,northwest_india,2026-01-01,daily,9,Week 2,15.514881882314953,18.554403973378776,43.57315719368158,0.16381674644061994,0.6439348699624474,20.743497755516163,26.346703496633445,0.7873280146097498
JFM2026,Z500,SPIRE,northwest_india,2026-01-01,daily,10,Week 2,11.436343665444056,17.24071135306249,32.459359172225504,0.33666636884953105,0.6476719209161161,25.742431820327198,20.674815382002752,1.245110601700258
JFM2026,Z500,SPIRE,northwest_india,2026-01-01,daily,11,Week 2,12.278941211153281,23.431029961221867,24.130033098506253,0.47595384276855035,0.49113450607270825,31.939992391760068,19.830597512579846,1.6106419572833568
JFM2026,Z500,SPIRE,northwest_india,2026-01-01,daily,12,Week 2,19.886093034788395,61.5123270951366,52.88226181786386,0.6767136934352681,0.6239553235585928,34.12817623629376,33.70478652301293,1.0125617087944394
JFM2026,Z500,SPIRE,northwest_india,2026-01-01,daily,13,Week 2,15.285015425819047,48.9780144761442,37.20683829872134,0.6879208847213694,0.5891880061643309,35.264185806438185,26.01851345164355,1.3553497540118151
JFM2026,Z500,SPIRE,northwest_india,2026-01-01,daily,14,Week 2,10.122645227722291,20.813873879985586,16.257432296858767,0.5136587602053202,0.3773527674675803,34.1161709003279,13.434164216849323,2.539508252961424
JFM2026,Z500,SPIRE,northwest_india,2026-01-01,daily,15,Week 3,20.15887611591578,27.648683867885723,18.655259014650703,0.27089201741965896,-0.08060017285657772,37.18205651135512,34.91160737430682,1.0650342194991353
JFM2026,Z500,SPIRE,northwest_india,2026-01-01,daily,16,Week 3,30.32707805724074,36.41045304768742,20.853465383256484,0.16707770657176868,-0.4542944062232812,39.56779999471054,49.116851565587965,0.8055850229299379
JFM2026,Z500,SPIRE,northwest_india,2026-01-01,daily,17,Week 3,19.183302328737287,21.98917864944038,13.140739874547627,0.12760259787031658,-0.4598342644232334,40.27425548026872,32.24231382420769,1.2491118255300464
JFM2026,Z500,SPIRE,northwest_india,2026-01-01,daily,18,Week 3,25.531334327798263,20.56639239703059,64.19085558411366,-0.2414104445213503,0.6022590118877165,41.91849832051065,44.50732377834643,0.9418337199799174
JFM2026,Z500,SPIRE,northwest_india,2026-01-01,daily,19,Week 3,21.147456053727083,18.409393303334703,64.74167740544135,-0.14873182973913668,0.6733563772020881,44.17662490846849,36.23328236061219,1.2192277936290752
JFM2026,Z500,SPIRE,northwest_india,2026-01-01,daily,20,Week 3,19.73761444161102,17.377955700105662,64.62215695152899,-0.1357845987310815,0.6945689315753485,45.60959147095662,34.08270506117626,1.3382033905199233
JFM2026,Z500,SPIRE,northwest_india,2026-01-01,daily,21,Week 3,11.549295691661037,12.816035922114182,37.511386224160816,0.09884025280136532,0.6921122663224262,46.886799520597485,8.443999555988302,5.552676691858229
JFM2026,Z500,SPIRE,northwest_india,2026-01-01,daily,22,Week 4,14.593963644433753,15.873574070549283,25.128783767777062,0.08061262198597285,0.41923318775388696,48.77369258258147,19.759377653760797,2.46838202281631
JFM2026,Z500,SPIRE,northwest_india,2026-01-01,daily,23,Week 4,44.729074361662704,40.00700874997521,94.13509322136616,-0.11803095905515337,0.5248416628591558,49.026275311702044,76.00666119678745,0.6450260350835437
JFM2026,Z500,SPIRE,northwest_india,2026-01-01,daily,24,Week 4,32.018186248298846,24.863644908272427,72.32162860000797,-0.2877511067432441,0.5572806245088442,49.26905727773213,58.305115748417336,0.8450211725901516
JFM2026,Z500,SPIRE,northwest_india,2026-01-01,daily,25,Week 4,14.88317341024038,13.737903557907241,49.341667988185655,-0.08336569313546716,0.6983650124311971,49.56116265442238,20.381925963240374,2.4316231323677626
JFM2026,Z500,SPIRE,northwest_india,2026-01-01,daily,26,Week 4,12.898689089504375,16.05133572348626,19.90865735431225,0.1964102357767612,0.3521065303426655,50.55588828525396,11.481247184920742,4.4033446428758305
JFM2026,Z500,SPIRE,northwest_india,2026-01-01,daily,27,Week 4,18.623239438081264,20.355077800381622,30.067201529323494,0.08508139243112545,0.38061281094222665,50.09929731824306,29.905872231479655,1.6752327747025988
JFM2026,Z500,SPIRE,northwest_india,2026-01-01,daily,28,Week 4,27.021126298835696,17.374144483868204,61.568891006437475,-0.5552493145158695,0.561123712687785,48.06924373794013,46.83815919465478,1.0262837943346381
JFM2026,Z500,SPIRE,northwest_india,2026-01-01,daily,29,Week 5,14.913047578720345,12.95418347402007,34.57325935941568,-0.15121478776557584,0.5686536978279161,47.716758463728354,22.018616028269722,2.1671097948419993
JFM2026,Z500,SPIRE,northwest_india,2026-01-01,daily,30,Week 5,12.701078997279122,20.549326916940977,8.163436362389275,0.381922383705508,-0.5558495752837314,48.92099736810346,12.341229561956585,3.964029444757164
JFM2026,Z500,SPIRE,northwest_india,2026-01-01,daily,31,Week 5,14.246012980567306,20.627966403026413,10.294252830605478,0.30938354745055163,-0.38388023055087506,51.72285580600442,16.23470737700914,3.1859432144278736
JFM2026,Z500,SPIRE,northwest_india,2026-01-01,daily,32,Week 5,13.764964271579172,15.936614962998522,22.510380866815446,0.1362680027384402,0.3885059363046438,53.35750530808669,13.056419619676124,4.086687381560296
JFM2026,Z500,SPIRE,northwest_india,2026-01-01,daily,33,Week 5,13.04349996381977,15.28908275419379,20.310754379122223,0.1468749189520907,0.3578032740513366,55.0750990416598,4.563010410792949,12.06990431391301
JFM2026,Z500,SPIRE,northwest_india,2026-01-01,daily,34,Week 5,17.643511914648,14.323461729721817,46.58028833884953,-0.231791046576187,0.6212236432222187,54.12800871289782,26.4304547024861,2.047940881917799
JFM2026,Z500,SPIRE,northwest_india,2026-01-01,daily,35,Week 5,13.184337146478777,14.56448251518214,24.38951523405192,0.09476103028478278,0.45942602712860836,54.838729662860494,7.058679122806128,7.768978970255238
JFM2026,Z500,SPIRE,northwest_india,2026-01-01,daily,36,Week 6,20.301163188669776,28.489794068239906,10.337588802137791,0.2874233088507552,-0.9638199562040559,52.767214896307216,34.188102210226454,1.5434379648169918
JFM2026,Z500,SPIRE,northwest_india,2026-01-01,daily,37,Week 6,19.136218801605747,27.27811995937278,6.028583172414818,0.2984773573066377,-2.1742481200504886,50.73130022338099,31.342446025534215,1.6186133073995237
JFM2026,Z500,SPIRE,northwest_india,2026-01-01,daily,38,Week 6,13.547075231521225,17.886386435573062,12.900901730130952,0.2426041291057911,-0.0500874679078509,50.628278781038084,14.800644478236656,3.4206806909985263
JFM2026,Z500,SPIRE,northwest_india,2026-01-01,daily,39,Week 6,15.034825993148669,19.891676825532965,13.300559233301788,0.24416497789417335,-0.13039051437060212,50.664102961206915,21.068670539284977,2.404712858684549
JFM2026,Z500,SPIRE,northwest_india,2026-01-01,daily,40,Week 6,13.349879169598882,15.892905428674911,26.76508992472785,0.16001015487626025,0.5012204626570249,51.032025564217236,13.60291135429643,3.7515517255869613
JFM2026,Z500,SPIRE,northwest_india,2026-01-01,daily,41,Week 6,13.68793365869639,13.026151876418226,37.082590615882985,-0.050804089231925254,0.630879789373894,52.1841148874267,13.984159332876617,3.7316590611737652
JFM2026,Z500,SPIRE,northwest_india,2026-01-01,daily,42,Week 6,16.421073311829904,23.12130262951835,12.3744190500044,0.2897859789757019,-0.32701771658719325,50.190143484558085,24.892533964764745,2.016272973880521
JFM2026,Z500,SPIRE,northwest_india,2026-01-01,weekly,1,Week 1,15.250721114734144,22.74370082224031,62.566606833950345,0.3294529666068694,0.7562482307022173,15.35264194449646,23.168466652938797,0.6626524825521442
JFM2026,Z500,SPIRE,northwest_india,2026-01-01,weekly,2,Week 2,7.5326300731891935,21.575348965104613,7.881687374626424,0.6508686795577552,0.04428712848481575,28.595193993000475,7.981520345630531,3.5826750737602095
JFM2026,Z500,SPIRE,northwest_india,2026-01-01,weekly,3,Week 3,10.867013143873818,13.210259631894157,29.936537465916928,0.17738080501937514,0.6369983283388725,42.230803358851354,10.637525512015948,3.969983743977698
JFM2026,Z500,SPIRE,northwest_india,2026-01-01,weekly,4,Week 4,16.71592226367422,14.49372712872056,49.550560935231665,-0.15332116544061258,0.6626491820037341,49.336373462886314,26.960837782615528,1.8299273138573844
JFM2026,Z500,SPIRE,northwest_india,2026-01-01,weekly,5,Week 5,12.341016010229307,14.463104202084763,23.34792173603683,0.14672425519478527,0.4714297850681368,52.251422090970514,4.198939322239981,12.443957409486044
JFM2026,Z500,SPIRE,northwest_india,2026-01-01,weekly,6,Week 6,13.801287088319452,18.65575659240505,10.642265599835532,0.26021295250292364,-0.29683730957933796,51.171025682583945,16.012813871933755,3.195629830699105
JFM2026,Z500,SPIRE,south_peninsula,2026-01-01,daily,1,Week 1,12.647360569681704,25.80308298884129,38.90560991605512,0.5098507966993271,0.6749219303599059,14.299980569173115,19.781721153254065,0.7228885928776116
JFM2026,Z500,SPIRE,south_peninsula,2026-01-01,daily,2,Week 1,18.811004469794653,22.284014836014784,35.36681408534387,0.15585209360959273,0.4681170765225924,5.412784134980755,21.943888218664785,0.24666476975474247
JFM2026,Z500,SPIRE,south_peninsula,2026-01-01,daily,3,Week 1,13.672078273358462,12.75164333850816,24.265854124604985,-0.07218167183759916,0.4365713152666113,5.040705926331348,16.680447675323613,0.302192484545146
JFM2026,Z500,SPIRE,south_peninsula,2026-01-01,daily,4,Week 1,16.41748908107849,11.0998612280188,22.172042662886824,-0.4790715616909409,0.2595409755115041,5.589625900216498,19.781174696609522,0.28257300114611267
JFM2026,Z500,SPIRE,south_peninsula,2026-01-01,daily,5,Week 1,13.192229030984015,8.276244796706527,17.853783192138874,-0.5939872919459523,0.2610961559792755,5.833402600133368,16.869922297174853,0.34578716471683263
JFM2026,Z500,SPIRE,south_peninsula,2026-01-01,daily,6,Week 1,18.479467808303262,11.35447282391719,22.761160463483794,-0.627505573783919,0.18811398751174135,6.786717691315663,23.003635593228395,0.29502804736280364
JFM2026,Z500,SPIRE,south_peninsula,2026-01-01,daily,7,Week 1,15.552175794017854,8.10905525781735,17.65240333685137,-0.9178776441343317,0.11897686126676343,7.74504309127554,19.972823710277666,0.3877790743874676
JFM2026,Z500,SPIRE,south_peninsula,2026-01-01,daily,8,Week 2,3.3407918052450167,4.334624978912839,3.8551915590118067,0.22927777570208252,0.13343040051131594,8.371525557137012,5.380811988644491,1.5558108283292624
JFM2026,Z500,SPIRE,south_peninsula,2026-01-01,daily,9,Week 2,4.763460989855965,5.712812482152702,10.682924790674893,0.16617935478585888,0.5541051647191242,9.10952587358899,7.79286312156738,1.168957510414579
JFM2026,Z500,SPIRE,south_peninsula,2026-01-01,daily,10,Week 2,6.220402130520063,7.428600967837831,16.100530629985688,0.1626415044432553,0.6136523526165552,10.125458349506966,10.114571186762902,1.0010763840150052
JFM2026,Z500,SPIRE,south_peninsula,2026-01-01,daily,11,Week 2,2.9737694367330314,4.456601499589514,3.6609886943739594,0.33272709327792993,0.18771411632519253,11.210600739909646,3.061144222930669,3.6622256004576204
JFM2026,Z500,SPIRE,south_peninsula,2026-01-01,daily,12,Week 2,3.0579425165677625,7.176292050499335,5.581742388611552,0.5738826548516811,0.45215269647576484,11.433048460978217,3.4345888138869523,3.3287968605590788
JFM2026,Z500,SPIRE,south_peninsula,2026-01-01,daily,13,Week 2,4.260638460719889,8.717031878430552,8.543504031205414,0.5112283033789948,0.5013008192940771,11.55539844002736,7.044188842937875,1.6404157664813575
JFM2026,Z500,SPIRE,south_peninsula,2026-01-01,daily,14,Week 2,4.70106066192496,4.844254474332413,10.31970724458739,0.029559514919411,0.5444579433790981,12.484368803007666,7.5563685207331,1.652165159593945
JFM2026,Z500,SPIRE,south_peninsula,2026-01-01,daily,15,Week 3,4.949771230269039,6.311143955822476,13.531172846451046,0.21570934446796686,0.6341949595620409,14.38425668572041,8.489718681769874,1.6943148795504832
JFM2026,Z500,SPIRE,south_peninsula,2026-01-01,daily,16,Week 3,4.373298269193641,4.518586241563344,6.7788600120797415,0.03215341361271373,0.35486228342220605,15.773641720610856,5.654666651065625,2.7894909981366105
JFM2026,Z500,SPIRE,south_peninsula,2026-01-01,daily,17,Week 3,6.0791956970417305,6.498438236711364,14.060751327371307,0.06451435320277776,0.567647876311724,16.03877419661392,9.087077262020257,1.765009115048302
JFM2026,Z500,SPIRE,south_peninsula,2026-01-01,daily,18,Week 3,15.525708310124646,17.159026373449834,31.338205564280855,0.09518710606170644,0.5045757078120396,17.14950710435667,23.540689799702598,0.7285048675410237
JFM2026,Z500,SPIRE,south_peninsula,2026-01-01,daily,19,Week 3,11.109749448037684,13.776443810715717,27.238789410160784,0.1935691386919316,0.5921349777793923,18.549628383461197,18.018926903705964,1.0294524464520738
JFM2026,Z500,SPIRE,south_peninsula,2026-01-01,daily,20,Week 3,8.499570885467943,12.426456223292515,25.542856878975513,0.3160100729654447,0.6672427471312344,18.754087915246693,14.430602639683642,1.29960531680594
JFM2026,Z500,SPIRE,south_peninsula,2026-01-01,daily,21,Week 3,6.605851899088576,10.745966223123592,22.96213929431906,0.38527148123043187,0.7123154853118195,18.862168264658013,10.614766181387694,1.7769744469484035
JFM2026,Z500,SPIRE,south_peninsula,2026-01-01,daily,22,Week 4,7.363259062493307,11.292182374173905,23.6378862164751,0.34793303734328185,0.688497567207965,19.283337833187332,12.59994814400332,1.530429936123573
JFM2026,Z500,SPIRE,south_peninsula,2026-01-01,daily,23,Week 4,7.693064467668703,9.607516744968565,20.27416083704004,0.19926608801410173,0.620548316179193,19.37944209735158,13.452694598955283,1.440562108564968
JFM2026,Z500,SPIRE,south_peninsula,2026-01-01,daily,24,Week 4,4.738884900366366,4.480405836582333,7.4499372342527534,-0.057690993452771844,0.36390270798815827,19.523084387566215,2.7350701267545876,7.138056240895056
JFM2026,Z500,SPIRE,south_peninsula,2026-01-01,daily,25,Week 4,5.272397503252726,5.052842910993815,11.07347133782033,-0.043451695634790344,0.5238713008408319,19.605557518093807,6.424192102430437,3.0518323869357085
JFM2026,Z500,SPIRE,south_peninsula,2026-01-01,daily,26,Week 4,4.75134646376949,4.28636986557655,5.3822249821851775,-0.10847794585509885,0.1172151889792521,20.063680969253095,1.8804320175884515,10.669718863319313
JFM2026,Z500,SPIRE,south_peninsula,2026-01-01,daily,27,Week 4,7.61005627578336,7.514525205815018,5.605302632027903,-0.01271285508423281,-0.35765306092494975,20.03229793458316,12.690063190908932,1.5785814170676589
JFM2026,Z500,SPIRE,south_peninsula,2026-01-01,daily,28,Week 4,8.256070715352532,8.888858805947047,8.175748081184276,0.07118890111868481,-0.009824499650755047,19.584364505102386,13.621018692211406,1.4378046860989084
JFM2026,Z500,SPIRE,south_peninsula,2026-01-01,daily,29,Week 5,4.511041187512499,4.275929499908204,4.40414713327381,-0.054984930787409514,-0.024271226869577944,18.918585646031566,2.281301691647769,8.2928907278225
JFM2026,Z500,SPIRE,south_peninsula,2026-01-01,daily,30,Week 5,5.771299836690752,6.287647855815633,3.0678024652378673,0.08212101424339391,-0.8812488424815399,19.734968807541595,8.126570021367407,2.4284499802071373
JFM2026,Z500,SPIRE,south_peninsula,2026-01-01,daily,31,Week 5,6.048153714723183,6.519282696215285,3.6324343138994855,0.0722669967611026,-0.6650414548667718,18.830996554016572,9.493028411207531,1.9836658796664481
JFM2026,Z500,SPIRE,south_peninsula,2026-01-01,daily,32,Week 5,4.738741498437775,4.733812686673098,3.0314962798898955,-0.0010411928166385032,-0.5631691616688663,18.711830034980494,4.558525699795299,4.104798627288807
JFM2026,Z500,SPIRE,south_peninsula,2026-01-01,daily,33,Week 5,4.529742573141964,4.427540328794595,4.723824289245892,-0.023083300604332058,0.041085718735510146,18.803077494834568,2.7108701180071395,6.936177934137768
JFM2026,Z500,SPIRE,south_peninsula,2026-01-01,daily,34,Week 5,7.373478555035501,7.756511482091849,17.936923078684618,0.049382113072441225,0.5889217719956781,18.77329724601041,12.29810939493168,1.526518966707785
JFM2026,Z500,SPIRE,south_peninsula,2026-01-01,daily,35,Week 5,8.072754514326512,9.17484909432948,20.338699072359898,0.1201212759656306,0.6030840278620716,18.967372412342453,14.007716630685154,1.3540659703804065
JFM2026,Z500,SPIRE,south_peninsula,2026-01-01,daily,36,Week 6,9.32682678091487,11.417698486412647,23.754203015268217,0.18312549661264643,0.6073609889197304,18.46069589042972,16.113135994137224,1.1456923032950665
JFM2026,Z500,SPIRE,south_peninsula,2026-01-01,daily,37,Week 6,4.989197361566961,5.216505958608376,9.360163222767175,0.0435748753754045,0.4669753889086574,16.946952906599765,6.544091606884154,2.5896570409821535
JFM2026,Z500,SPIRE,south_peninsula,2026-01-01,daily,38,Week 6,5.3580636549549165,5.145582321760611,8.482348217054227,-0.041293933301916885,0.36832778873870853,17.242041220814976,7.292888844970395,2.364226520839695
JFM2026,Z500,SPIRE,south_peninsula,2026-01-01,daily,39,Week 6,4.306399639271739,4.644048162788797,9.462120066758322,0.07270564638466126,0.5448800470836668,17.890708370473476,2.3068319836292273,7.755531611074201
JFM2026,Z500,SPIRE,south_peninsula,2026-01-01,daily,40,Week 6,4.772526972455633,7.146842986922148,16.71479555575377,0.3322188578665046,0.7144729077578951,18.481181192405707,4.854959125316355,3.806660512554048
JFM2026,Z500,SPIRE,south_peninsula,2026-01-01,daily,41,Week 6,4.477279884436459,5.57904804160105,12.907514635944992,0.19748318153008948,0.6531261043882081,18.966071209905287,1.4480686950767951,13.097494113633513
JFM2026,Z500,SPIRE,south_peninsula,2026-01-01,daily,42,Week 6,11.877960541580315,7.182530433472629,5.065045885158088,-0.6537292325592732,-1.3450844890439893,19.349148138585253,20.583587557452127,0.9400279754235575
JFM2026,Z500,SPIRE,south_peninsula,2026-01-01,weekly,1,Week 1,15.364480607886817,13.589659160827699,25.568257409099115,-0.1306008801291394,0.39907986836760434,7.244037062975085,19.636741789421535,0.3689021906311109
JFM2026,Z500,SPIRE,south_peninsula,2026-01-01,weekly,2,Week 2,2.9915784447931157,4.351422508315303,4.033510007764135,0.3125056371620104,0.2583188242908526,10.612846606636115,3.5221860971862937,3.0131419277119433
JFM2026,Z500,SPIRE,south_peninsula,2026-01-01,weekly,3,Week 3,6.900699161462684,8.899943869945037,20.206914805607717,0.22463565362853244,0.6584981315629816,17.07315209492288,11.065642275936352,1.5428975263415683
JFM2026,Z500,SPIRE,south_peninsula,2026-01-01,weekly,4,Week 4,4.689049126764892,4.448317644951709,7.397251195899647,-0.054117421692307266,0.36610924753183083,19.638823595369317,2.1933587383560695,8.953767230110605
JFM2026,Z500,SPIRE,south_peninsula,2026-01-01,weekly,5,Week 5,4.501505443249715,4.316221305129198,5.991121881345783,-0.04292739528910028,0.24863731160839875,18.96287549306089,1.794988613256941,10.564343056557583
JFM2026,Z500,SPIRE,south_peninsula,2026-01-01,weekly,6,Week 6,4.377952757289336,4.846936102834346,10.298568823863283,0.09675872254036166,0.57489697528214,18.190970984601837,2.2494505667443327,8.086850741925808
