season,variable,week,metric,model_a,model_b,n_init,diff,ci_lo,ci_hi,p_value,significant_95
jfm,tp,1,acc,ecmwf,fuxi,90,0.014514498529254904,-0.003597508189570869,0.030841846343083908,0.107,False
jfm,tp,1,acc,ecmwf,ncep,90,0.11157463322916195,0.08954331654562313,0.13428491608241722,0.0,True
jfm,tp,1,acc,ecmwf,spire,90,-0.0445452768079021,-0.06589382118247103,-0.02445075954326548,0.0,True
jfm,tp,1,acc,ecmwf,ukmo,90,-0.0017353255955130376,-0.022635544708530044,0.017765701606100286,0.8966,False
jfm,tp,1,acc,fuxi,ncep,90,0.09706013469990704,0.06771758925293865,0.12758088692402908,0.0,True
jfm,tp,1,acc,fuxi,spire,90,-0.059059775337157006,-0.08253878928329159,-0.03462868726430344,0.0,True
jfm,tp,1,acc,fuxi,ukmo,90,-0.016249824124767942,-0.04053875291646156,0.008402958436243465,0.1936,False
jfm,tp,1,acc,ncep,spire,90,-0.15611991003706405,-0.19081579698163575,-0.12271799404979403,0.0,True
jfm,tp,1,acc,ncep,ukmo,90,-0.11330995882467498,-0.14761233548749428,-0.08056858810199055,0.0,True
jfm,tp,1,acc,spire,ukmo,90,0.042809951212389064,0.025144072267139893,0.0610194009795638,0.0,True
jfm,tp,2,acc,ecmwf,fuxi,90,0.06246599764170058,0.02330650558311918,0.10413841722235295,0.0012,True
jfm,tp,2,acc,ecmwf,ncep,90,0.12422922763714972,0.07977287032151627,0.16980220092697296,0.0,True
jfm,tp,2,acc,ecmwf,spire,90,-0.04375649800544623,-0.07348495295053661,-0.013368817441435994,0.0038,True
jfm,tp,2,acc,ecmwf,ukmo,90,0.10756476022588513,0.0632464187230817,0.15443033418019012,0.0,True
jfm,tp,2,acc,fuxi,ncep,90,0.06176322999544914,0.01447939310591206,0.1089580125399948,0.0112,True
jfm,tp,2,acc,fuxi,spire,90,-0.10622249564714681,-0.14759947381891458,-0.06485427831396114,0.0,True
jfm,tp,2,acc,fuxi,ukmo,90,0.04509876258418455,-0.016318311058844938,0.10795651388660084,0.148,False
jfm,tp,2,acc,ncep,spire,90,-0.16798572564259595,-0.22181811902095522,-0.11422668382299084,0.0,True
jfm,tp,2,acc,ncep,ukmo,90,-0.016664467411264594,-0.0894169795828868,0.05743980245005381,0.6738,False
jfm,tp,2,acc,spire,ukmo,90,0.15132125823133136,0.11094185630238455,0.19219285860893845,0.0,True
jfm,tp,3,acc,ecmwf,fuxi,90,0.010835278986885355,-0.02129629846819479,0.04268167323512879,0.518,False
jfm,tp,3,acc,ecmwf,ncep,90,0.061881144940805155,0.033332949914236354,0.092418968745123,0.0,True
jfm,tp,3,acc,ecmwf,spire,90,-0.07534849897176515,-0.11918390779688627,-0.03453444695197072,0.0004,True
jfm,tp,3,acc,ecmwf,ukmo,90,0.06607625935798789,-0.007335756141981791,0.13519982608164685,0.0792,False
jfm,tp,3,acc,fuxi,ncep,90,0.0510458659539198,0.011712459656770025,0.09144360615499637,0.0122,True
jfm,tp,3,acc,fuxi,spire,90,-0.08618377795865051,-0.13080924097902594,-0.042279876375649804,0.0,True
jfm,tp,3,acc,fuxi,ukmo,90,0.05524098037110253,-0.015642030985429132,0.12306300423695643,0.1276,False
jfm,tp,3,acc,ncep,spire,90,-0.1372296439125703,-0.1946022629518272,-0.0820210313359851,0.0,True
jfm,tp,3,acc,ncep,ukmo,90,0.004195114417182733,-0.08059241134595894,0.08283871581940462,0.9136,False
jfm,tp,3,acc,spire,ukmo,90,0.14142475832975304,0.08877970368253459,0.1912817252439963,0.0,True
jfm,tp,4,acc,ecmwf,fuxi,90,-0.02405372055951055,-0.04793275580368359,0.0007527634479140281,0.057,False
jfm,tp,4,acc,ecmwf,ncep,90,0.004916250430380631,-0.02409845707704781,0.03353985594907965,0.7434,False
jfm,tp,4,acc,ecmwf,spire,90,-0.047339236255730555,-0.0727916703321469,-0.02230747781924673,0.0004,True
jfm,tp,4,acc,ecmwf,ukmo,90,-0.006140877604924655,-0.07889241465044976,0.06335232465040128,0.8578,False
jfm,tp,4,acc,fuxi,ncep,90,0.02896997098989118,0.002198771247596088,0.05673330733166638,0.0332,True
jfm,tp,4,acc,fuxi,spire,90,-0.023285515696220005,-0.05492525042519762,0.008594890149225421,0.1514,False
jfm,tp,4,acc,fuxi,ukmo,90,0.017912842954585895,-0.051445782550418505,0.08308177779771381,0.5882,False
jfm,tp,4,acc,ncep,spire,90,-0.052255486686111186,-0.0892517729835262,-0.014572201518215889,0.0104,True
jfm,tp,4,acc,ncep,ukmo,90,-0.011057128035305286,-0.08518873149678857,0.06232022345025967,0.7656,False
jfm,tp,4,acc,spire,ukmo,90,0.0411983586508059,-0.028811379020606456,0.10732558944884325,0.2386,False
jfm,tp,5,acc,ecmwf,fuxi,90,-0.02369029881303214,-0.040267361161331054,-0.0068670199433957906,0.006,True
jfm,tp,5,acc,ecmwf,ncep,90,-0.01803317743016636,-0.04303287851679475,0.0074937620904417255,0.166,False
jfm,tp,5,acc,ecmwf,spire,90,-0.03408277714439567,-0.05687626865081564,-0.011524439128046682,0.003,True
jfm,tp,5,acc,ecmwf,ukmo,90,-0.03122405712121029,-0.09580914035974146,0.03314217920460911,0.3428,False
jfm,tp,5,acc,fuxi,ncep,90,0.005657121382865782,-0.021605949268809873,0.033726747046511206,0.7158,False
jfm,tp,5,acc,fuxi,spire,90,-0.01039247833136353,-0.03609089716677685,0.014070823398922107,0.4102,False
jfm,tp,5,acc,fuxi,ukmo,90,-0.007533758308178151,-0.06983270729835458,0.05453268088032262,0.8258,False
jfm,tp,5,acc,ncep,spire,90,-0.016049599714229312,-0.045311776399083244,0.012199475701690683,0.2726,False
jfm,tp,5,acc,ncep,ukmo,90,-0.013190879691043933,-0.07930683960386369,0.053357773639975146,0.7048,False
jfm,tp,5,acc,spire,ukmo,90,0.0028587200231853793,-0.05877500010974877,0.06493381878187279,0.9178,False
jfm,tp,6,acc,ecmwf,fuxi,90,-0.04249600678772436,-0.06150939845555172,-0.023934045036470588,0.0,True
jfm,tp,6,acc,ecmwf,ncep,90,0.00873066206374673,-0.019100197692781557,0.03728538112946491,0.5422,False
jfm,tp,6,acc,ecmwf,spire,90,-0.0431100469572856,-0.06633548621245938,-0.019971624933526003,0.0004,True
jfm,tp,6,acc,ecmwf,ukmo,90,-0.008509008357143966,-0.07659189541470168,0.05852091229644072,0.8134,False
jfm,tp,6,acc,fuxi,ncep,90,0.05122666885147109,0.017057361184481448,0.08633260336649619,0.003,True
jfm,tp,6,acc,fuxi,spire,90,-0.0006140401695612363,-0.024227568128147615,0.023289522492119446,0.9612,False
jfm,tp,6,acc,fuxi,ukmo,90,0.033986998430580395,-0.035003190799661334,0.10248754298110309,0.3326,False
jfm,tp,6,acc,ncep,spire,90,-0.05184070902103233,-0.0838637668288661,-0.019696839070198004,0.002,True
jfm,tp,6,acc,ncep,ukmo,90,-0.017239670420890696,-0.08845602538933127,0.05256389656263911,0.6282,False
jfm,tp,6,acc,spire,ukmo,90,0.03460103860014163,-0.036238801660709245,0.10527468084039307,0.333,False
jfm,tp,1,rmse,ecmwf,fuxi,90,-0.05846085242547572,-0.10104032557246065,-0.015659140401473867,0.0062,True
jfm,tp,1,rmse,ecmwf,ncep,90,-0.30218766931504715,-0.3556876413174604,-0.24940453235552099,0.0,True
jfm,tp,1,rmse,ecmwf,spire,90,0.1785003306308448,0.12421874425889015,0.23668247803975614,0.0,True
jfm,tp,1,rmse,ecmwf,ukmo,90,-0.03634485183837133,-0.09582712811285389,0.021207744501436206,0.2258,False
jfm,tp,1,rmse,fuxi,ncep,90,-0.24372681688957143,-0.3119161355126372,-0.173809942864682,0.0,True
jfm,tp,1,rmse,fuxi,spire,90,0.23696118305632052,0.17229058681726692,0.3039445296467482,0.0,True
jfm,tp,1,rmse,fuxi,ukmo,90,0.02211600058710439,-0.0514698649706771,0.0921078575079371,0.5336,False
jfm,tp,1,rmse,ncep,spire,90,0.48068799994589195,0.39747117913553454,0.5699547565432501,0.0,True
jfm,tp,1,rmse,ncep,ukmo,90,0.2658428174766758,0.18606333113718698,0.3492367342615517,0.0,True
jfm,tp,1,rmse,spire,ukmo,90,-0.21484518246921613,-0.2841344542600178,-0.15123375733081112,0.0,True
jfm,tp,2,rmse,ecmwf,fuxi,90,-0.2386482566605692,-0.34601383202461644,-0.14256615699400244,0.0,True
jfm,tp,2,rmse,ecmwf,ncep,90,-0.344239340293653,-0.4428331455207846,-0.2508058722404625,0.0,True
jfm,tp,2,rmse,ecmwf,spire,90,0.14872948067001923,0.0798977712855247,0.2191338417222314,0.0002,True
jfm,tp,2,rmse,ecmwf,ukmo,90,-0.3126664704882536,-0.41287752660208255,-0.22012711301909652,0.0,True
jfm,tp,2,rmse,fuxi,ncep,90,-0.10559108363308378,-0.23850423736017465,0.033960270624042915,0.1302,False
jfm,tp,2,rmse,fuxi,spire,90,0.38737773733058845,0.2714591478604446,0.5099346967478086,0.0,True
jfm,tp,2,rmse,fuxi,ukmo,90,-0.07401821382768436,-0.21708086990573827,0.06916208801608782,0.2952,False
jfm,tp,2,rmse,ncep,spire,90,0.4929688209636722,0.3641651128381025,0.625940199054722,0.0,True
jfm,tp,2,rmse,ncep,ukmo,90,0.03157286980539942,-0.12069882435164392,0.18383696651838152,0.6846,False
jfm,tp,2,rmse,spire,ukmo,90,-0.4613959511582728,-0.5612613763828368,-0.3625259231512211,0.0,True
jfm,tp,3,rmse,ecmwf,fuxi,90,-0.030663282872801734,-0.08686600798220574,0.025965828263143222,0.2816,False
jfm,tp,3,rmse,ecmwf,ncep,90,-0.23481119520515037,-0.30651891267696346,-0.16561616850752958,0.0,True
jfm,tp,3,rmse,ecmwf,spire,90,0.2354946448894477,0.15152257318147708,0.32176353026788146,0.0,True
jfm,tp,3,rmse,ecmwf,ukmo,90,-0.2431894852268921,-0.40028214040048393,-0.09042933157650024,0.0016,True
jfm,tp,3,rmse,fuxi,ncep,90,-0.20414791233234864,-0.2948317081296786,-0.11563290394694886,0.0,True
jfm,tp,3,rmse,fuxi,spire,90,0.26615792776224945,0.18043147821354186,0.35267973709390954,0.0,True
jfm,tp,3,rmse,fuxi,ukmo,90,-0.21252620235409037,-0.3673310621606674,-0.05877164565553671,0.0066,True
jfm,tp,3,rmse,ncep,spire,90,0.4703058400945981,0.34017238470738453,0.6015932889031528,0.0,True
jfm,tp,3,rmse,ncep,ukmo,90,-0.00837829002174173,-0.1878552658620396,0.16985226423502142,0.9326,False
jfm,tp,3,rmse,spire,ukmo,90,-0.4786841301163398,-0.6194949375069374,-0.3480742283382868,0.0,True
jfm,tp,4,rmse,ecmwf,fuxi,90,0.06153463345576071,0.014751403259696936,0.10915099433784618,0.0114,True
jfm,tp,4,rmse,ecmwf,ncep,90,-0.14849741374303926,-0.23322494758312154,-0.0629814599205954,0.0006,True
jfm,tp,4,rmse,ecmwf,spire,90,0.2610757602434879,0.18642033733666905,0.3364324441738599,0.0,True
jfm,tp,4,rmse,ecmwf,ukmo,90,-2.8033171742603002e-05,-0.13556950602435386,0.1304294330321881,1.0,False
jfm,tp,4,rmse,fuxi,ncep,90,-0.21003204719879998,-0.29856921162388844,-0.12188467225064482,0.0,True
jfm,tp,4,rmse,fuxi,spire,90,0.19954112678772717,0.11156553147235586,0.28897189397569684,0.0,True
jfm,tp,4,rmse,fuxi,ukmo,90,-0.061562666627503315,-0.1981544997330015,0.0766133854834169,0.3616,False
jfm,tp,4,rmse,ncep,spire,90,0.40957317398652715,0.27721592309421006,0.5393403742703727,0.0,True
jfm,tp,4,rmse,ncep,ukmo,90,0.14846938057129666,-0.006403836466625779,0.2981149922477571,0.062,False
jfm,tp,4,rmse,spire,ukmo,90,-0.2611037934152305,-0.3767189498962132,-0.14673964406453077,0.0,True
jfm,tp,5,rmse,ecmwf,fuxi,90,0.058282385341385634,0.019860337277975582,0.09681764853612276,0.002,True
jfm,tp,5,rmse,ecmwf,ncep,90,-0.09445692746659518,-0.20156395681038644,0.006837687685339344,0.0674,False
jfm,tp,5,rmse,ecmwf,spire,90,0.25556713102492035,0.17434095792513774,0.3369000394550236,0.0,True
jfm,tp,5,rmse,ecmwf,ukmo,90,0.03818836335601761,-0.10283375520871262,0.17594184301026547,0.5828,False
jfm,tp,5,rmse,fuxi,ncep,90,-0.1527393128079808,-0.25478779058761125,-0.05689299275998057,0.0018,True
jfm,tp,5,rmse,fuxi,spire,90,0.1972847456835347,0.1100613177882972,0.2857127573848172,0.0,True
jfm,tp,5,rmse,fuxi,ukmo,90,-0.020094021985368027,-0.1596213428498932,0.11474884057721259,0.7812,False
jfm,tp,5,rmse,ncep,spire,90,0.3500240584915155,0.22423048123339312,0.4781528943699716,0.0,True
jfm,tp,5,rmse,ncep,ukmo,90,0.13264529082261278,-0.02544817146571245,0.2852927200129149,0.0982,False
jfm,tp,5,rmse,spire,ukmo,90,-0.21737876766890274,-0.3277149696935483,-0.11124942956087751,0.0,True
jfm,tp,6,rmse,ecmwf,fuxi,90,0.108223097521424,0.06900695009862401,0.14879992433948544,0.0,True
jfm,tp,6,rmse,ecmwf,ncep,90,-0.17311005729732498,-0.2717912181422133,-0.08228168412332668,0.0,True
jfm,tp,6,rmse,ecmwf,spire,90,0.2936318433611076,0.2171716449437922,0.37231683770254664,0.0,True
jfm,tp,6,rmse,ecmwf,ukmo,90,0.01851607492341545,-0.1317943546353156,0.16677922849607557,0.7988,False
jfm,tp,6,rmse,fuxi,ncep,90,-0.281333154818749,-0.38170786255580075,-0.18659301209910867,0.0,True
jfm,tp,6,rmse,fuxi,spire,90,0.1854087458396836,0.10235992100715016,0.26965124111256916,0.0,True
jfm,tp,6,rmse,fuxi,ukmo,90,-0.08970702259800856,-0.2431775377612484,0.062437224533039584,0.2452,False
jfm,tp,6,rmse,ncep,spire,90,0.4667419006584326,0.3585485253542885,0.575120392423003,0.0,True
jfm,tp,6,rmse,ncep,ukmo,90,0.19162613222074043,0.03840636158764057,0.34269018697137144,0.0114,True
jfm,tp,6,rmse,spire,ukmo,90,-0.27511576843769214,-0.41632749317823053,-0.14289515343594708,0.0,True
jfm,tp,1,bias,ecmwf,fuxi,90,-0.00627147965394631,-0.0780433312105257,0.05697749147491646,0.896,False
jfm,tp,1,bias,ecmwf,ncep,90,0.043571624020627,0.0031824078780548267,0.08417510351384763,0.0352,True
jfm,tp,1,bias,ecmwf,spire,90,-0.11000498042019707,-0.1536976259462123,-0.06744081174038098,0.0,True
jfm,tp,1,bias,ecmwf,ukmo,90,-0.1991595754246221,-0.2507062198212449,-0.14848039117866255,0.0,True
jfm,tp,1,bias,fuxi,ncep,90,0.049843103674573314,-0.01988834131049404,0.12442976272169479,0.1762,False
jfm,tp,1,bias,fuxi,spire,90,-0.10373350076625076,-0.14749525113307524,-0.057606926834827335,0.0,True
jfm,tp,1,bias,fuxi,ukmo,90,-0.19288809577067578,-0.25886837157118253,-0.12529289343280772,0.0,True
jfm,tp,1,bias,ncep,spire,90,-0.15357660444082408,-0.20909737359526143,-0.09918482038763747,0.0,True
jfm,tp,1,bias,ncep,ukmo,90,-0.2427311994452491,-0.3163980624906066,-0.16843527620091261,0.0,True
jfm,tp,1,bias,spire,ukmo,90,-0.08915459500442502,-0.14384598271938445,-0.03875195045430101,0.0002,True
jfm,tp,2,bias,ecmwf,fuxi,90,-0.09645780576055515,-0.2163481748923124,0.013551877852660625,0.0892,False
jfm,tp,2,bias,ecmwf,ncep,90,-0.017919373597009666,-0.09107943953851193,0.051708420255714475,0.6176,False
jfm,tp,2,bias,ecmwf,spire,90,-0.2156934508716498,-0.2679527269785953,-0.1658886448609176,0.0,True
jfm,tp,2,bias,ecmwf,ukmo,90,-0.30573009556633324,-0.3808402254141575,-0.2329633242430843,0.0,True
jfm,tp,2,bias,fuxi,ncep,90,0.07853843216354549,-0.04262608842936307,0.20501528469575633,0.2006,False
jfm,tp,2,bias,fuxi,spire,90,-0.11923564511109463,-0.21858589601577033,-0.012527617205523792,0.0264,True
jfm,tp,2,bias,fuxi,ukmo,90,-0.20927228980577806,-0.3350747034537409,-0.08304149412606546,0.0006,True
jfm,tp,2,bias,ncep,spire,90,-0.19777407727464014,-0.2753113290853073,-0.12140492962422383,0.0,True
jfm,tp,2,bias,ncep,ukmo,90,-0.28781072196932356,-0.3881489803519888,-0.18606145513917535,0.0,True
jfm,tp,2,bias,spire,ukmo,90,-0.09003664469468342,-0.17668554951994445,-0.0072237048047275165,0.0334,True
jfm,tp,3,bias,ecmwf,fuxi,90,-0.014021072134057233,-0.0861014065164021,0.057904676090289826,0.6878,False
jfm,tp,3,bias,ecmwf,ncep,90,0.003937088250576454,-0.06881192336431267,0.07288210984025847,0.8996,False
jfm,tp,3,bias,ecmwf,spire,90,-0.2788762151800367,-0.32731323718239763,-0.23242875373507782,0.0,True
jfm,tp,3,bias,ecmwf,ukmo,90,-0.38110980728655,-0.485472248974881,-0.2859387472416488,0.0,True
jfm,tp,3,bias,fuxi,ncep,90,0.017958160384633687,-0.0625068907212133,0.09742673376320478,0.645,False
jfm,tp,3,bias,fuxi,spire,90,-0.26485514304597946,-0.32491475612463244,-0.20426522422847324,0.0,True
jfm,tp,3,bias,fuxi,ukmo,90,-0.36708873515249274,-0.4909209214044104,-0.2480157526462998,0.0,True
jfm,tp,3,bias,ncep,spire,90,-0.2828133034306131,-0.35094724623351753,-0.2161057688497329,0.0,True
jfm,tp,3,bias,ncep,ukmo,90,-0.3850468955371264,-0.5034901575395493,-0.27379544508683784,0.0,True
jfm,tp,3,bias,spire,ukmo,90,-0.10223359210651327,-0.20472501628176062,-0.007314023085053078,0.0312,True
jfm,tp,4,bias,ecmwf,fuxi,90,0.10698498449776503,0.055641048504126246,0.15786652308658355,0.0,True
jfm,tp,4,bias,ecmwf,ncep,90,-0.11641530502773188,-0.2065132096731708,-0.024591010301637375,0.0118,True
jfm,tp,4,bias,ecmwf,spire,90,-0.2970915011577087,-0.335435756525942,-0.2591161344069644,0.0,True
jfm,tp,4,bias,ecmwf,ukmo,90,-0.32957007019619333,-0.4152547253257975,-0.24363976087192885,0.0,True
jfm,tp,4,bias,fuxi,ncep,90,-0.2234002895254969,-0.3258134322141569,-0.12076344011338246,0.0,True
jfm,tp,4,bias,fuxi,spire,90,-0.4040764856554737,-0.4606064019337514,-0.34647309927612374,0.0,True
jfm,tp,4,bias,fuxi,ukmo,90,-0.4365550546939584,-0.5381546554953599,-0.3337624479194371,0.0,True
jfm,tp,4,bias,ncep,spire,90,-0.18067619612997682,-0.2495064460173116,-0.11379392502516425,0.0,True
jfm,tp,4,bias,ncep,ukmo,90,-0.2131547651684615,-0.30182847343350583,-0.1255501638699407,0.0,True
jfm,tp,4,bias,spire,ukmo,90,-0.03247856903848466,-0.11379472184803403,0.049630722767723665,0.4378,False
jfm,tp,5,bias,ecmwf,fuxi,90,0.04144109842027949,0.0005819469236351593,0.08080795539136343,0.0476,True
jfm,tp,5,bias,ecmwf,ncep,90,-0.3345127475250512,-0.44106159912522735,-0.22854566073977226,0.0,True
jfm,tp,5,bias,ecmwf,spire,90,-0.3690595063940089,-0.4067066975005245,-0.3320057619010164,0.0,True
jfm,tp,5,bias,ecmwf,ukmo,90,-0.40161148419073084,-0.49287681683719603,-0.3129744677148437,0.0,True
jfm,tp,5,bias,fuxi,ncep,90,-0.3759538459453307,-0.4916047322986505,-0.26014928011190336,0.0,True
jfm,tp,5,bias,fuxi,spire,90,-0.4105006048142884,-0.46202332980755123,-0.3596986042849382,0.0,True
jfm,tp,5,bias,fuxi,ukmo,90,-0.4430525826110103,-0.5336917764318893,-0.35361032203163123,0.0,True
jfm,tp,5,bias,ncep,spire,90,-0.0345467588689577,-0.1141161653883585,0.04678885165442282,0.3952,False
jfm,tp,5,bias,ncep,ukmo,90,-0.06709873666567961,-0.17095877013763747,0.03794106052611854,0.2132,False
jfm,tp,5,bias,spire,ukmo,90,-0.03255197779672191,-0.11384921395423049,0.04623606999473653,0.434,False
jfm,tp,6,bias,ecmwf,fuxi,90,0.07175952296145088,0.03655198350393335,0.10770456193877397,0.0006,True
jfm,tp,6,bias,ecmwf,ncep,90,-0.5073556484491414,-0.6123050742656877,-0.40487574498575546,0.0,True
jfm,tp,6,bias,ecmwf,spire,90,-0.4330434305344312,-0.4702496926166304,-0.3949561735999808,0.0,True
jfm,tp,6,bias,ecmwf,ukmo,90,-0.481165216302186,-0.5718126221894635,-0.39231968503618236,0.0,True
jfm,tp,6,bias,fuxi,ncep,90,-0.5791151714105923,-0.6883540154401833,-0.4725547951000443,0.0,True
jfm,tp,6,bias,fuxi,spire,90,-0.504802953495882,-0.5522756093824178,-0.4575153629561737,0.0,True
jfm,tp,6,bias,fuxi,ukmo,90,-0.5529247392636369,-0.6406524640572211,-0.46599614987355864,0.0,True
jfm,tp,6,bias,ncep,spire,90,0.07431221791471027,-0.0024681107637293813,0.15215656497899707,0.0568,False
jfm,tp,6,bias,ncep,ukmo,90,0.026190432146955392,-0.07309822209852382,0.13222367931435697,0.6278,False
jfm,tp,6,bias,spire,ukmo,90,-0.04812178576775488,-0.12350120687453169,0.026553787746531485,0.2108,False
jfm,tp,1,crpss_clim,ecmwf,fuxi,90,0.13345157812130154,0.09614270599957991,0.17586648453946582,0.0,True
jfm,tp,1,crpss_clim,ecmwf,ncep,90,0.1627693984476305,0.13737973630360714,0.18846195894942422,0.0,True
jfm,tp,1,crpss_clim,ecmwf,spire,90,-0.02564778657241762,-0.04520200113435058,-0.006370237632408075,0.0068,True
jfm,tp,1,crpss_clim,ecmwf,ukmo,90,0.1391648754249355,0.11172543537978218,0.16980708742245376,0.0,True
jfm,tp,1,crpss_clim,fuxi,ncep,90,0.02931782032632896,-0.007089487307916963,0.06263652003881963,0.1124,False
jfm,tp,1,crpss_clim,fuxi,spire,90,-0.15909936469371916,-0.21102821402859578,-0.11126766510524636,0.0,True
jfm,tp,1,crpss_clim,fuxi,ukmo,90,0.005713297303633957,-0.03933156929429531,0.04953857744405528,0.7832,False
jfm,tp,1,crpss_clim,ncep,spire,90,-0.18841718502004812,-0.22431177642795946,-0.15329104200850707,0.0,True
jfm,tp,1,crpss_clim,ncep,ukmo,90,-0.023604523022695,-0.057085317407694264,0.011849640282145508,0.1924,False
jfm,tp,1,crpss_clim,spire,ukmo,90,0.16481266199735312,0.13295492620828273,0.1994362046090773,0.0,True
jfm,tp,2,crpss_clim,ecmwf,fuxi,90,0.23519669194065823,0.16125543073623652,0.3236934910265033,0.0,True
jfm,tp,2,crpss_clim,ecmwf,ncep,90,0.17596934850311313,0.14209720805181061,0.2099256344390429,0.0,True
jfm,tp,2,crpss_clim,ecmwf,spire,90,0.1112126894080287,0.07645787765473726,0.14734185498477712,0.0,True
jfm,tp,2,crpss_clim,ecmwf,ukmo,90,0.24211795678809328,0.19956480342521005,0.2895637387005812,0.0,True
jfm,tp,2,crpss_clim,fuxi,ncep,90,-0.0592273434375451,-0.1561022763202255,0.02136301071681949,0.1698,False
jfm,tp,2,crpss_clim,fuxi,spire,90,-0.12398400253262953,-0.2186803970693489,-0.04563317406210423,0.0006,True
jfm,tp,2,crpss_clim,fuxi,ukmo,90,0.006921264847435049,-0.08332569421133997,0.08776564706208448,0.8644,False
jfm,tp,2,crpss_clim,ncep,spire,90,-0.06475665909508443,-0.11538131321932334,-0.011942011224701518,0.016,True
jfm,tp,2,crpss_clim,ncep,ukmo,90,0.06614860828498015,0.011658301836671414,0.12275962142707701,0.0168,True
jfm,tp,2,crpss_clim,spire,ukmo,90,0.13090526738006458,0.08249540254000197,0.17954855864389313,0.0,True
jfm,tp,3,crpss_clim,ecmwf,fuxi,90,0.08988087913564063,0.055223508656507006,0.128041209538196,0.0,True
jfm,tp,3,crpss_clim,ecmwf,ncep,90,0.11386200334925395,0.08874089358358549,0.14035662951789152,0.0,True
jfm,tp,3,crpss_clim,ecmwf,spire,90,0.15072222779055167,0.09765954725464193,0.20311903451658384,0.0,True
jfm,tp,3,crpss_clim,ecmwf,ukmo,90,0.22337869134137578,0.16221101039188696,0.29362114838603437,0.0,True
jfm,tp,3,crpss_clim,fuxi,ncep,90,0.023981124213613314,-0.023570107626252747,0.06669160974732367,0.291,False
jfm,tp,3,crpss_clim,fuxi,spire,90,0.06084134865491103,0.010883847696404197,0.10898885610627228,0.0204,True
jfm,tp,3,crpss_clim,fuxi,ukmo,90,0.13349781220573514,0.06501980706921995,0.20668371643122774,0.0002,True
jfm,tp,3,crpss_clim,ncep,spire,90,0.03686022444129772,-0.02537238816341622,0.09979953107115135,0.2486,False
jfm,tp,3,crpss_clim,ncep,ukmo,90,0.10951668799212183,0.043599092186680996,0.18358821366587164,0.0008,True
jfm,tp,3,crpss_clim,spire,ukmo,90,0.07265646355082411,0.007989814890354267,0.1429873948013466,0.0258,True
jfm,tp,4,crpss_clim,ecmwf,fuxi,90,0.03592795955094136,0.014530723178790155,0.05802801281896516,0.0006,True
jfm,tp,4,crpss_clim,ecmwf,ncep,90,0.09240085220307725,0.05676119357998152,0.1281899320869348,0.0,True
jfm,tp,4,crpss_clim,ecmwf,spire,90,0.16460746652384006,0.10776681595228936,0.22022391803174768,0.0,True
jfm,tp,4,crpss_clim,ecmwf,ukmo,90,0.10458549497854919,0.05845541559000806,0.15489328097130042,0.0,True
jfm,tp,4,crpss_clim,fuxi,ncep,90,0.0564728926521359,0.016548482379066358,0.09630536831179307,0.0064,True
jfm,tp,4,crpss_clim,fuxi,spire,90,0.1286795069728987,0.06816814055367454,0.18816645774794344,0.0,True
jfm,tp,4,crpss_clim,fuxi,ukmo,90,0.06865753542760783,0.017180225064416556,0.12243672508019184,0.0092,True
jfm,tp,4,crpss_clim,ncep,spire,90,0.07220661432076281,0.003150669729130712,0.14345486702550167,0.0402,True
jfm,tp,4,crpss_clim,ncep,ukmo,90,0.012184642775471932,-0.042555764361014846,0.06806090429280816,0.6708,False
jfm,tp,4,crpss_clim,spire,ukmo,90,-0.060021971545290875,-0.12088170602832234,-4.543822660067742e-06,0.0498,True
jfm,tp,5,crpss_clim,ecmwf,fuxi,90,0.014023598194607523,-0.003150874795909479,0.03171499282680432,0.1116,False
jfm,tp,5,crpss_clim,ecmwf,ncep,90,0.06294042375278416,0.023681074956658305,0.10757036327523409,0.0014,True
jfm,tp,5,crpss_clim,ecmwf,spire,90,0.116585145588186,0.05628966321103425,0.1767858395799399,0.0,True
jfm,tp,5,crpss_clim,ecmwf,ukmo,90,0.07029609175584467,0.017966674084445633,0.12488541498685996,0.0058,True
jfm,tp,5,crpss_clim,fuxi,ncep,90,0.04891682555817664,0.00847143860772742,0.09255020361772322,0.0174,True
jfm,tp,5,crpss_clim,fuxi,spire,90,0.10256154739357848,0.043177593520887285,0.16105766246207276,0.001,True
jfm,tp,5,crpss_clim,fuxi,ukmo,90,0.05627249356123715,0.004766668837061996,0.10986045607896311,0.0346,True
jfm,tp,5,crpss_clim,ncep,spire,90,0.05364472183540184,-0.01275770543393403,0.11987865242055756,0.1122,False
jfm,tp,5,crpss_clim,ncep,ukmo,90,0.007355668003060506,-0.05119211926883419,0.06784960101400958,0.822,False
jfm,tp,5,crpss_clim,spire,ukmo,90,-0.04628905383234133,-0.09192621516001542,-0.001176580312192704,0.0446,True
jfm,tp,6,crpss_clim,ecmwf,fuxi,90,-0.009725861447631212,-0.023342680643620377,0.003648993211562108,0.1546,False
jfm,tp,6,crpss_clim,ecmwf,ncep,90,0.10455849234789466,0.06087185074096274,0.14945046814695945,0.0,True
jfm,tp,6,crpss_clim,ecmwf,spire,90,0.08194111717524355,0.02374441887151723,0.13829669799505817,0.0064,True
jfm,tp,6,crpss_clim,ecmwf,ukmo,90,0.06502844381108633,0.02467306914970908,0.10611126900559337,0.0016,True
jfm,tp,6,crpss_clim,fuxi,ncep,90,0.11428435379552587,0.07311624385314648,0.15778919312282488,0.0,True
jfm,tp,6,crpss_clim,fuxi,spire,90,0.09166697862287476,0.03560180345658168,0.14779130737145219,0.0022,True
jfm,tp,6,crpss_clim,fuxi,ukmo,90,0.07475430525871754,0.0330741960285943,0.11762966468368177,0.0006,True
jfm,tp,6,crpss_clim,ncep,spire,90,-0.02261737517265111,-0.0756016687458491,0.03229065769696776,0.4106,False
jfm,tp,6,crpss_clim,ncep,ukmo,90,-0.03953004853680833,-0.08793826211737213,0.008471224368849263,0.104,False
jfm,tp,6,crpss_clim,spire,ukmo,90,-0.01691267336415722,-0.06659540945688674,0.03355715002772811,0.5068,False
jfm,tp,1,crps,ecmwf,fuxi,90,-0.1231383252477824,-0.1594596810239421,-0.09067299675203878,0.0,True
jfm,tp,1,crps,ecmwf,ncep,90,-0.14945152209432538,-0.1754839677031366,-0.12507588792658186,0.0,True
jfm,tp,1,crps,ecmwf,spire,90,0.03785991969719682,0.017054119633439956,0.060864749188171696,0.0,True
jfm,tp,1,crps,ecmwf,ukmo,90,-0.12108984775153292,-0.14787643790118435,-0.09608749804442522,0.0,True
jfm,tp,1,crps,fuxi,ncep,90,-0.026313196846542986,-0.054813832149706,0.004771657426570021,0.0928,False
jfm,tp,1,crps,fuxi,spire,90,0.16099824494497922,0.11617796703872375,0.21046285021949315,0.0,True
jfm,tp,1,crps,fuxi,ukmo,90,0.002048477496249479,-0.03431520718267325,0.039709377664914655,0.9294,False
jfm,tp,1,crps,ncep,spire,90,0.1873114417915222,0.14873593283253528,0.23030446441849267,0.0,True
jfm,tp,1,crps,ncep,ukmo,90,0.028361674342792464,-0.002230787021638512,0.05762564131478054,0.068,False
jfm,tp,1,crps,spire,ukmo,90,-0.15894976744872974,-0.1958018592293155,-0.12491334734289952,0.0,True
jfm,tp,2,crps,ecmwf,fuxi,90,-0.20286630017548574,-0.26347537556022177,-0.1482055818712085,0.0,True
jfm,tp,2,crps,ecmwf,ncep,90,-0.17658661130399494,-0.21660499456404805,-0.1384619885494021,0.0,True
jfm,tp,2,crps,ecmwf,spire,90,-0.07750741136916811,-0.10925494919400888,-0.044313869758835486,0.0,True
jfm,tp,2,crps,ecmwf,ukmo,90,-0.21205734263030546,-0.24938255219736896,-0.17684927854384355,0.0,True
jfm,tp,2,crps,fuxi,ncep,90,0.02627968887149079,-0.03896486338371518,0.09506341093014177,0.4544,False
jfm,tp,2,crps,fuxi,spire,90,0.12535888880631763,0.06270315294929321,0.1917061941663756,0.0,True
jfm,tp,2,crps,fuxi,ukmo,90,-0.00919104245481972,-0.07420502278493012,0.05680590653133014,0.759,False
jfm,tp,2,crps,ncep,spire,90,0.09907919993482683,0.04391778547429441,0.15770579542644542,0.0,True
jfm,tp,2,crps,ncep,ukmo,90,-0.03547073132631051,-0.08966575689137711,0.018393174005510386,0.1842,False
jfm,tp,2,crps,spire,ukmo,90,-0.13454993126113735,-0.18252699951536516,-0.08934058272079563,0.0,True
jfm,tp,3,crps,ecmwf,fuxi,90,-0.0685365369961265,-0.10034755535075668,-0.037097409153477146,0.0,True
jfm,tp,3,crps,ecmwf,ncep,90,-0.1179862572620115,-0.1446825822608876,-0.09195517648161657,0.0,True
jfm,tp,3,crps,ecmwf,spire,90,-0.09624851366447107,-0.14647545020646188,-0.04360586896620365,0.0008,True
jfm,tp,3,crps,ecmwf,ukmo,90,-0.18979354522748382,-0.2524334183160994,-0.133101498090045,0.0,True
jfm,tp,3,crps,fuxi,ncep,90,-0.04944972026588501,-0.08953583051489376,-0.009059331667565205,0.016,True
jfm,tp,3,crps,fuxi,spire,90,-0.027711976668344573,-0.07678817239993838,0.02339822054438534,0.2874,False
jfm,tp,3,crps,fuxi,ukmo,90,-0.12125700823135732,-0.18574729312512722,-0.060121492203434726,0.0,True
jfm,tp,3,crps,ncep,spire,90,0.021737743597540438,-0.041622069670158246,0.08687171490159797,0.5102,False
jfm,tp,3,crps,ncep,ukmo,90,-0.07180728796547231,-0.14076971167022687,-0.0071768857228657,0.0264,True
jfm,tp,3,crps,spire,ukmo,90,-0.09354503156301275,-0.15748441605912722,-0.03472519939671494,0.0004,True
jfm,tp,4,crps,ecmwf,fuxi,90,-0.03286318901633267,-0.05545526387325492,-0.01167889797089459,0.0028,True
jfm,tp,4,crps,ecmwf,ncep,90,-0.08580757278880968,-0.11838791723344737,-0.05404225927659718,0.0,True
jfm,tp,4,crps,ecmwf,spire,90,-0.11428587019326619,-0.16828960988819494,-0.0570960323004381,0.0,True
jfm,tp,4,crps,ecmwf,ukmo,90,-0.08283058959359857,-0.13057008976131573,-0.03696049060334916,0.0004,True
jfm,tp,4,crps,fuxi,ncep,90,-0.05294438377247701,-0.09177015865704942,-0.014463761209149408,0.0086,True
jfm,tp,4,crps,fuxi,spire,90,-0.08142268117693352,-0.14169021693603787,-0.017007504479092758,0.016,True
jfm,tp,4,crps,fuxi,ukmo,90,-0.0499674005772659,-0.1032083901038083,0.002843806157483453,0.0654,False
jfm,tp,4,crps,ncep,spire,90,-0.02847829740445651,-0.08979840689211953,0.0343175781798167,0.3926,False
jfm,tp,4,crps,ncep,ukmo,90,0.0029769831952111137,-0.048524390517953965,0.05274108899923518,0.8966,False
jfm,tp,4,crps,spire,ukmo,90,0.03145528059966762,-0.020628714206522996,0.0818366749392327,0.2354,False
jfm,tp,5,crps,ecmwf,fuxi,90,-0.009976985266440863,-0.02750773026504857,0.00808773625466074,0.2696,False
jfm,tp,5,crps,ecmwf,ncep,90,-0.059457013198345066,-0.10347836200085589,-0.018658911597731413,0.0036,True
jfm,tp,5,crps,ecmwf,spire,90,-0.0769665386452556,-0.13876043460208093,-0.014285559136730634,0.0184,True
jfm,tp,5,crps,ecmwf,ukmo,90,-0.04548268483397788,-0.09650071726466836,0.005789026032791605,0.081,False
jfm,tp,5,crps,fuxi,ncep,90,-0.0494800279319042,-0.09244804372076201,-0.008314504788369828,0.0152,True
jfm,tp,5,crps,fuxi,spire,90,-0.06698955337881474,-0.12643254765053316,-0.0046847614957532275,0.0348,True
jfm,tp,5,crps,fuxi,ukmo,90,-0.03550569956753702,-0.08499628505192892,0.014702775867628257,0.1722,False
jfm,tp,5,crps,ncep,spire,90,-0.017509525446910534,-0.07908532674246894,0.04392434811056709,0.5798,False
jfm,tp,5,crps,ncep,ukmo,90,0.013974328364367183,-0.03945552259535468,0.0667760820320877,0.5964,False
jfm,tp,5,crps,spire,ukmo,90,0.03148385381127772,-0.011429526250068071,0.07510026232096462,0.1508,False
jfm,tp,6,crps,ecmwf,fuxi,90,0.012001483578443661,-0.0028219948270385427,0.0271307594108415,0.1164,False
jfm,tp,6,crps,ecmwf,ncep,90,-0.10035338439261388,-0.1505274013442967,-0.05299651173880532,0.0,True
jfm,tp,6,crps,ecmwf,spire,90,-0.04686627171659319,-0.1092016642278639,0.016827251619426453,0.1432,False
jfm,tp,6,crps,ecmwf,ukmo,90,-0.057235485643702066,-0.10546601485412194,-0.008170968681241599,0.0228,True
jfm,tp,6,crps,fuxi,ncep,90,-0.11235486797105754,-0.1593017855939295,-0.0679395897986991,0.0,True
jfm,tp,6,crps,fuxi,spire,90,-0.05886775529503685,-0.11848251955254342,0.001438439805607438,0.0576,False
jfm,tp,6,crps,fuxi,ukmo,90,-0.06923696922214573,-0.11775795790438048,-0.019615663633788027,0.007,True
jfm,tp,6,crps,ncep,spire,90,0.05348711267602069,-0.0037888759037227665,0.11003396270172491,0.0684,False
jfm,tp,6,crps,ncep,ukmo,90,0.04311789874891181,-0.007237962184618698,0.09375446703917673,0.0962,False
jfm,tp,6,crps,spire,ukmo,90,-0.010369213927108878,-0.06875083556185102,0.0465529840589965,0.7596,False
jfm,tp,1,spread_skill_ratio,ecmwf,fuxi,90,0.17698310388054225,0.1526448096963051,0.20416317424371916,0.0,True
jfm,tp,1,spread_skill_ratio,ecmwf,ncep,90,0.12183449107528388,0.09839660057541492,0.14701663982585952,0.0,True
jfm,tp,1,spread_skill_ratio,ecmwf,spire,90,-0.34111606902553326,-0.3861513024461965,-0.29731731726110117,0.0,True
jfm,tp,1,spread_skill_ratio,ecmwf,ukmo,90,0.10671963209207636,0.07777728064700949,0.13891765965352992,0.0,True
jfm,tp,1,spread_skill_ratio,fuxi,ncep,90,-0.055148612805258374,-0.07080501319292658,-0.04008168183193255,0.0,True
jfm,tp,1,spread_skill_ratio,fuxi,spire,90,-0.5180991729060755,-0.5667252622111829,-0.47175790726697653,0.0,True
jfm,tp,1,spread_skill_ratio,fuxi,ukmo,90,-0.0702634717884659,-0.08520627239743846,-0.05456393697136141,0.0,True
jfm,tp,1,spread_skill_ratio,ncep,spire,90,-0.46295056010081714,-0.5109276827499906,-0.4180303683162118,0.0,True
jfm,tp,1,spread_skill_ratio,ncep,ukmo,90,-0.015114858983207524,-0.03274374506441762,0.0036678932193984267,0.1114,False
jfm,tp,1,spread_skill_ratio,spire,ukmo,90,0.4478357011176096,0.4043044697435807,0.49247565996985304,0.0,True
jfm,tp,2,spread_skill_ratio,ecmwf,fuxi,90,0.3567356582876128,0.30145265383244485,0.4144784606301149,0.0,True
jfm,tp,2,spread_skill_ratio,ecmwf,ncep,90,0.23143105592399416,0.18128681763912208,0.28328854594006736,0.0,True
jfm,tp,2,spread_skill_ratio,ecmwf,spire,90,-0.6380342532489979,-0.7043665830507492,-0.5743982513357261,0.0,True
jfm,tp,2,spread_skill_ratio,ecmwf,ukmo,90,0.2768849896024598,0.22002686362263088,0.3369501582275353,0.0,True
jfm,tp,2,spread_skill_ratio,fuxi,ncep,90,-0.12530460236361862,-0.16454938059857493,-0.08799585071538482,0.0,True
jfm,tp,2,spread_skill_ratio,fuxi,spire,90,-0.9947699115366107,-1.0720864526311589,-0.9180898955874924,0.0,True
jfm,tp,2,spread_skill_ratio,fuxi,ukmo,90,-0.079850668685153,-0.11438114968049726,-0.04592757948639501,0.0,True
jfm,tp,2,spread_skill_ratio,ncep,spire,90,-0.869465309172992,-0.9465627288252314,-0.7960715920804525,0.0,True
jfm,tp,2,spread_skill_ratio,ncep,ukmo,90,0.04545393367846562,-0.0017395243543438692,0.0938916885117265,0.0602,False
jfm,tp,2,spread_skill_ratio,spire,ukmo,90,0.9149192428514576,0.8289404066160257,1.0027925921305718,0.0,True
jfm,tp,3,spread_skill_ratio,ecmwf,fuxi,90,0.3041308163299001,0.2515357037403842,0.3587941819459491,0.0,True
jfm,tp,3,spread_skill_ratio,ecmwf,ncep,90,0.2723536120810337,0.22291199715770607,0.32319406116646004,0.0,True
jfm,tp,3,spread_skill_ratio,ecmwf,spire,90,-0.7297190006166199,-0.8043696503082242,-0.6550733928721085,0.0,True
jfm,tp,3,spread_skill_ratio,ecmwf,ukmo,90,0.25359454115957514,0.19448728617197292,0.3123879618925045,0.0,True
jfm,tp,3,spread_skill_ratio,fuxi,ncep,90,-0.031777204248866375,-0.06877212614435127,0.003540431508360677,0.0766,False
jfm,tp,3,spread_skill_ratio,fuxi,spire,90,-1.03384981694652,-1.1225676858540243,-0.9455056508146618,0.0,True
jfm,tp,3,spread_skill_ratio,fuxi,ukmo,90,-0.05053627517032494,-0.09310096124806384,-0.009001713329814259,0.0174,True
jfm,tp,3,spread_skill_ratio,ncep,spire,90,-1.0020726126976536,-1.0916317320923055,-0.9127107098365222,0.0,True
jfm,tp,3,spread_skill_ratio,ncep,ukmo,90,-0.018759070921458565,-0.06404545114034572,0.028047366383127926,0.412,False
jfm,tp,3,spread_skill_ratio,spire,ukmo,90,0.983313541776195,0.8813953684150666,1.085804055903404,0.0,True
jfm,tp,4,spread_skill_ratio,ecmwf,fuxi,90,0.197551899603514,0.15963244638748803,0.23683458889715175,0.0,True
jfm,tp,4,spread_skill_ratio,ecmwf,ncep,90,0.1913738037625089,0.1330724141339794,0.2502900607529743,0.0,True
jfm,tp,4,spread_skill_ratio,ecmwf,spire,90,-0.738958626119074,-0.8043586202359596,-0.6753831765549005,0.0,True
jfm,tp,4,spread_skill_ratio,ecmwf,ukmo,90,0.15777792933155094,0.09979658209725507,0.21688624960233904,0.0,True
jfm,tp,4,spread_skill_ratio,fuxi,ncep,90,-0.0061780958410050935,-0.05828498590856652,0.04632431608224348,0.8112,False
jfm,tp,4,spread_skill_ratio,fuxi,spire,90,-0.9365105257225881,-1.0127434744266957,-0.8610275642681564,0.0,True
jfm,tp,4,spread_skill_ratio,fuxi,ukmo,90,-0.039773970271963055,-0.08978404533093771,0.012395355969821775,0.1322,False
jfm,tp,4,spread_skill_ratio,ncep,spire,90,-0.9303324298815829,-1.0204432372061805,-0.8410726751748315,0.0,True
jfm,tp,4,spread_skill_ratio,ncep,ukmo,90,-0.03359587443095796,-0.0828185807768196,0.020160885633340505,0.2156,False
jfm,tp,4,spread_skill_ratio,spire,ukmo,90,0.896736555450625,0.8014477248610793,0.9950511550378621,0.0,True
jfm,tp,5,spread_skill_ratio,ecmwf,fuxi,90,0.14175839284367087,0.1126036115738917,0.17269639811467968,0.0,True
jfm,tp,5,spread_skill_ratio,ecmwf,ncep,90,0.08621450039506118,0.0440186462002557,0.13129045182762342,0.0,True
jfm,tp,5,spread_skill_ratio,ecmwf,spire,90,-0.6485469141481043,-0.7007042629280548,-0.5974817563109378,0.0,True
jfm,tp,5,spread_skill_ratio,ecmwf,ukmo,90,0.1395574329461457,0.08518563028012226,0.19501158646137243,0.0,True
jfm,tp,5,spread_skill_ratio,fuxi,ncep,90,-0.05554389244860969,-0.09651720991290098,-0.01309691347019187,0.0092,True
jfm,tp,5,spread_skill_ratio,fuxi,spire,90,-0.7903053069917751,-0.8587622061165042,-0.7257073073239539,0.0,True
jfm,tp,5,spread_skill_ratio,fuxi,ukmo,90,-0.0022009598975251676,-0.04621176394522294,0.04337879510008281,0.9196,False
jfm,tp,5,spread_skill_ratio,ncep,spire,90,-0.7347614145431655,-0.812458250934624,-0.6610809296157014,0.0,True
jfm,tp,5,spread_skill_ratio,ncep,ukmo,90,0.05334293255108452,0.0116378195364955,0.09666756557681104,0.014,True
jfm,tp,5,spread_skill_ratio,spire,ukmo,90,0.7881043470942499,0.702907857980522,0.8772517408449176,0.0,True
jfm,tp,6,spread_skill_ratio,ecmwf,fuxi,90,0.12352435811952328,0.09685071318302584,0.15006482621700382,0.0,True
jfm,tp,6,spread_skill_ratio,ecmwf,ncep,90,0.030201130096836115,-0.004734837673009298,0.06601146447485261,0.0844,False
jfm,tp,6,spread_skill_ratio,ecmwf,spire,90,-0.6544914292021624,-0.6999814657736582,-0.6082066843370513,0.0,True
jfm,tp,6,spread_skill_ratio,ecmwf,ukmo,90,0.05607638633338963,0.008222438737622854,0.1042311690392249,0.0202,True
jfm,tp,6,spread_skill_ratio,fuxi,ncep,90,-0.09332322802268717,-0.125747601201557,-0.060012913712940055,0.0,True
jfm,tp,6,spread_skill_ratio,fuxi,spire,90,-0.7780157873216857,-0.8360591621173111,-0.719231267460249,0.0,True
jfm,tp,6,spread_skill_ratio,fuxi,ukmo,90,-0.06744797178613365,-0.10994204688619129,-0.023732277785174966,0.0042,True
jfm,tp,6,spread_skill_ratio,ncep,spire,90,-0.6846925592989985,-0.7504641046767919,-0.6181620619555703,0.0,True
jfm,tp,6,spread_skill_ratio,ncep,ukmo,90,0.025875256236553512,-0.018692867259992876,0.07000389103467584,0.2552,False
jfm,tp,6,spread_skill_ratio,spire,ukmo,90,0.710567815535552,0.6381554343621232,0.7846908122449364,0.0,True
jfm,z500,1,acc,delysm,ecmwf,90,-0.05202820585618162,-0.07466546392952343,-0.03459668618032707,0.0,True
jfm,z500,1,acc,delysm,fuxi,90,0.030225315550724052,0.002255364103330163,0.056641947335784336,0.0354,True
jfm,z500,1,acc,delysm,ncep,90,0.017724360684191476,-0.005643662965644325,0.040998935803295326,0.1404,False
jfm,z500,1,acc,delysm,spire,90,-0.019120896795688513,-0.03668773048241304,-0.0033373248043017155,0.0166,True
jfm,z500,1,acc,delysm,ukmo,90,-0.034271959467988,-0.05647379177817437,-0.01743025334099886,0.0,True
jfm,z500,1,acc,ecmwf,fuxi,90,0.08225352140690567,0.05776667718035666,0.11172953272607007,0.0,True
jfm,z500,1,acc,ecmwf,ncep,90,0.0697525665403731,0.051384516278987366,0.08997846883444996,0.0,True
jfm,z500,1,acc,ecmwf,spire,90,0.032907309060493106,0.01946464549814079,0.049421155866589954,0.0,True
jfm,z500,1,acc,ecmwf,ukmo,90,0.01775624638819362,0.01078464685243268,0.025441041993968832,0.0,True
jfm,z500,1,acc,fuxi,ncep,90,-0.012500954866532576,-0.05044028708396016,0.022537864136648388,0.5338,False
jfm,z500,1,acc,fuxi,spire,90,-0.049346212346412566,-0.07608116923624414,-0.02734377212971723,0.0,True
jfm,z500,1,acc,fuxi,ukmo,90,-0.06449727501871205,-0.09379495179218532,-0.03996796199841889,0.0,True
jfm,z500,1,acc,ncep,spire,90,-0.03684525747987999,-0.059183921798976816,-0.013516006002428319,0.0024,True
jfm,z500,1,acc,ncep,ukmo,90,-0.051996320152179476,-0.07280233796753592,-0.03218537952657066,0.0,True
jfm,z500,1,acc,spire,ukmo,90,-0.015151062672299487,-0.03173614877212462,-0.00042780533463062173,0.0422,True
jfm,z500,2,acc,delysm,ecmwf,90,-0.23917204878878073,-0.3201269576936751,-0.16216184021896196,0.0,True
jfm,z500,2,acc,delysm,fuxi,90,0.06224200639145794,-0.021497501416274756,0.1456612285706257,0.149,False
jfm,z500,2,acc,delysm,ncep,90,-0.010572327081340038,-0.1224579619885657,0.10464796465354259,0.8612,False
jfm,z500,2,acc,delysm,spire,90,-0.22937312807695187,-0.30817502160190596,-0.1547972450603309,0.0,True
jfm,z500,2,acc,delysm,ukmo,90,-0.12014966247995751,-0.1978390688499982,-0.044088770900553284,0.0018,True
jfm,z500,2,acc,ecmwf,fuxi,90,0.30141405518023867,0.2187148498883075,0.3867235968447551,0.0,True
jfm,z500,2,acc,ecmwf,ncep,90,0.2285997217074407,0.15357063872275553,0.31409577543373124,0.0,True
jfm,z500,2,acc,ecmwf,spire,90,0.009798920711828862,-0.022570287685083575,0.04083371392817787,0.5444,False
jfm,z500,2,acc,ecmwf,ukmo,90,0.11902238630882322,0.07217832210299402,0.16805332288011865,0.0,True
jfm,z500,2,acc,fuxi,ncep,90,-0.07281433347279798,-0.1793355135277987,0.04093588239734473,0.213,False
jfm,z500,2,acc,fuxi,spire,90,-0.2916151344684098,-0.36590723975997996,-0.2184491786281061,0.0,True
jfm,z500,2,acc,fuxi,ukmo,90,-0.18239166887141545,-0.26598138028750096,-0.09815921732203917,0.0,True
jfm,z500,2,acc,ncep,spire,90,-0.21880080099561183,-0.2992966432150692,-0.14638052206139404,0.0,True
jfm,z500,2,acc,ncep,ukmo,90,-0.10957733539861747,-0.2052413123613612,-0.0180199600087758,0.0146,True
jfm,z500,2,acc,spire,ukmo,90,0.10922346559699436,0.06114555478544536,0.16059816007042851,0.0,True
jfm,z500,3,acc,delysm,ecmwf,90,-0.39555715242506134,-0.49793719073810994,-0.2931316087793593,0.0,True
jfm,z500,3,acc,delysm,fuxi,90,0.139748636067133,0.015315863178111117,0.2603387881173358,0.0254,True
jfm,z500,3,acc,delysm,ncep,90,-0.146957148930415,-0.30047523810300764,0.013256494444793114,0.072,False
jfm,z500,3,acc,delysm,spire,90,-0.40757074404462573,-0.5120684688336644,-0.3077074636057261,0.0,True
jfm,z500,3,acc,delysm,ukmo,90,-0.25350313650464057,-0.36275481471249904,-0.1484160455284588,0.0,True
jfm,z500,3,acc,ecmwf,fuxi,90,0.5353057884921943,0.4214041191719458,0.6517214179795617,0.0,True
jfm,z500,3,acc,ecmwf,ncep,90,0.24860000349464634,0.14282134459552312,0.3601548353274003,0.0,True
jfm,z500,3,acc,ecmwf,spire,90,-0.01201359161956439,-0.06724718740396542,0.04250675158178886,0.66,False
jfm,z500,3,acc,ecmwf,ukmo,90,0.14205401592042077,0.06521431866145194,0.2213458389664348,0.0,True
jfm,z500,3,acc,fuxi,ncep,90,-0.286705784997548,-0.45460771162067437,-0.10740564787268699,0.001,True
jfm,z500,3,acc,fuxi,spire,90,-0.5473193801117587,-0.6581213043105812,-0.43653735122244725,0.0,True
jfm,z500,3,acc,fuxi,ukmo,90,-0.3932517725717736,-0.5140668213061351,-0.2682132953651055,0.0,True
jfm,z500,3,acc,ncep,spire,90,-0.2606135951142107,-0.3769186361459979,-0.14711771742373422,0.0,True
jfm,z500,3,acc,ncep,ukmo,90,-0.10654598757422556,-0.23807295514047644,0.020271783890940132,0.097,False
jfm,z500,3,acc,spire,ukmo,90,0.15406760753998516,0.06810265464200904,0.24319841427785702,0.0008,True
jfm,z500,4,acc,delysm,ecmwf,90,-0.6800522173691281,-0.8083172555826772,-0.5490330105853193,0.0,True
jfm,z500,4,acc,delysm,fuxi,90,-0.041639114505278685,-0.18611404253088706,0.09076585251721656,0.5492,False
jfm,z500,4,acc,delysm,ncep,90,-0.5965110971965559,-0.7631988853021766,-0.42018343775516953,0.0,True
jfm,z500,4,acc,delysm,spire,90,-0.6954175647759966,-0.8364514337080156,-0.5493880788511887,0.0,True
jfm,z500,4,acc,delysm,ukmo,90,-0.5998826142521405,-0.7308458883489344,-0.47159093617982345,0.0,True
jfm,z500,4,acc,ecmwf,fuxi,90,0.6384131028638496,0.47786035461849385,0.7854177183555272,0.0,True
jfm,z500,4,acc,ecmwf,ncep,90,0.08354112017257231,-0.023849633737759484,0.19332115494516974,0.125,False
jfm,z500,4,acc,ecmwf,spire,90,-0.015365347406868457,-0.08167308386319455,0.05177830524894542,0.651,False
jfm,z500,4,acc,ecmwf,ukmo,90,0.08016960311698768,-0.03353553386117801,0.19599587787629785,0.1656,False
jfm,z500,4,acc,fuxi,ncep,90,-0.5548719826912771,-0.7555091300064855,-0.3395966245727215,0.0,True
jfm,z500,4,acc,fuxi,spire,90,-0.653778450270718,-0.8225070671287957,-0.46671849009412875,0.0,True
jfm,z500,4,acc,fuxi,ukmo,90,-0.5582434997468618,-0.7139534220381163,-0.39189051874105935,0.0,True
jfm,z500,4,acc,ncep,spire,90,-0.09890646757944077,-0.1956903281064635,-0.0030264844103615007,0.0426,True
jfm,z500,4,acc,ncep,ukmo,90,-0.0033715170555846385,-0.12559358559664158,0.11729135174430746,0.9616,False
jfm,z500,4,acc,spire,ukmo,90,0.09553495052385613,-0.012687855680670584,0.20458365512873541,0.0798,False
jfm,z500,5,acc,delysm,ecmwf,90,-0.6755638034521135,-0.8467732886940187,-0.4908593617903771,0.0,True
jfm,z500,5,acc,delysm,fuxi,90,-0.09402784495578759,-0.1972632420557574,0.010914923902561366,0.0808,False
jfm,z500,5,acc,delysm,ncep,90,-0.7672837460652799,-0.9653857388551664,-0.5513280687739444,0.0,True
jfm,z500,5,acc,delysm,spire,90,-0.7522891101216582,-0.9491865035174619,-0.5383663736521733,0.0,True
jfm,z500,5,acc,delysm,ukmo,90,-0.7519042482626561,-0.926123024206809,-0.5623156676958087,0.0,True
jfm,z500,5,acc,ecmwf,fuxi,90,0.581535958496326,0.3853790559732131,0.7639949518005485,0.0,True
jfm,z500,5,acc,ecmwf,ncep,90,-0.09171994261316635,-0.18821548129695911,0.003184389493887358,0.0614,False
jfm,z500,5,acc,ecmwf,spire,90,-0.07672530666954475,-0.16286170590027996,0.010878942314899831,0.0906,False
jfm,z500,5,acc,ecmwf,ukmo,90,-0.07634044481054253,-0.19694955823570837,0.04909155910039384,0.2304,False
jfm,z500,5,acc,fuxi,ncep,90,-0.6732559011094923,-0.8750806763369989,-0.4503366582567522,0.0,True
jfm,z500,5,acc,fuxi,spire,90,-0.6582612651658707,-0.8742990152200688,-0.4286844658931286,0.0,True
jfm,z500,5,acc,fuxi,ukmo,90,-0.6578764033068685,-0.8383972137658864,-0.46161421047553663,0.0,True
jfm,z500,5,acc,ncep,spire,90,0.014994635943621604,-0.06510852054274494,0.09348284458313025,0.7,False
jfm,z500,5,acc,ncep,ukmo,90,0.01537949780262382,-0.10219988497785502,0.13559831947131845,0.808,False
jfm,z500,5,acc,spire,ukmo,90,0.0003848618590022168,-0.11553564859461547,0.11949225055666866,0.99,False
jfm,z500,6,acc,delysm,ecmwf,90,-0.45569460269058715,-0.6462930731028469,-0.25309165959843105,0.0,True
jfm,z500,6,acc,delysm,fuxi,90,-0.1426766895809832,-0.2479248210831274,-0.04486688112986728,0.0042,True
jfm,z500,6,acc,delysm,ncep,90,-0.699165922965867,-0.9056240192585342,-0.4777406360821149,0.0,True
jfm,z500,6,acc,delysm,spire,90,-0.7370309625735292,-0.9459150656774605,-0.517410905765709,0.0,True
jfm,z500,6,acc,delysm,ukmo,90,-0.6504466985580961,-0.8397582441655691,-0.4480332873518357,0.0,True
jfm,z500,6,acc,ecmwf,fuxi,90,0.3130179131096039,0.12104977700342565,0.4939446194800328,0.0024,True
jfm,z500,6,acc,ecmwf,ncep,90,-0.24347132027527987,-0.32866945908763845,-0.16219089381719204,0.0,True
jfm,z500,6,acc,ecmwf,spire,90,-0.28133635988294203,-0.36520640130659643,-0.202244862023208,0.0,True
jfm,z500,6,acc,ecmwf,ukmo,90,-0.19475209586750905,-0.3095755620555987,-0.08118673367121516,0.0002,True
jfm,z500,6,acc,fuxi,ncep,90,-0.5564892333848838,-0.753392400320198,-0.34777338539947655,0.0,True
jfm,z500,6,acc,fuxi,spire,90,-0.594354272992546,-0.7983659481215217,-0.38004647561276933,0.0,True
jfm,z500,6,acc,fuxi,ukmo,90,-0.507770008977113,-0.6944945444227525,-0.3138335500477103,0.0,True
jfm,z500,6,acc,ncep,spire,90,-0.03786503960766219,-0.08385320297893412,0.005905429052950173,0.087,False
jfm,z500,6,acc,ncep,ukmo,90,0.04871922440777082,-0.05608849790356641,0.15153147405403655,0.3518,False
jfm,z500,6,acc,spire,ukmo,90,0.08658426401543301,-0.016217870707636778,0.18500026999679245,0.0912,False
jfm,z500,1,rmse,delysm,ecmwf,90,5.9586786375956,4.932862493558194,6.974255857244959,0.0,True
jfm,z500,1,rmse,delysm,fuxi,90,3.0887703466680225,1.7981057597923147,4.376771477059471,0.0,True
jfm,z500,1,rmse,delysm,ncep,90,-6.510526201576653,-8.730936770507197,-4.362856086908164,0.0,True
jfm,z500,1,rmse,delysm,spire,90,-1.2232811093027358,-1.9942787227922218,-0.4761405425398761,0.0006,True
jfm,z500,1,rmse,delysm,ukmo,90,4.573639665487647,3.3149921250706758,5.7899996931019375,0.0,True
jfm,z500,1,rmse,ecmwf,fuxi,90,-2.8699082909275777,-3.573112655576972,-2.1511627131435067,0.0,True
jfm,z500,1,rmse,ecmwf,ncep,90,-12.469204839172253,-14.14568257601964,-10.837245315734512,0.0,True
jfm,z500,1,rmse,ecmwf,spire,90,-7.181959746898336,-8.21402789917,-6.168308218878104,0.0,True
jfm,z500,1,rmse,ecmwf,ukmo,90,-1.385038972107953,-2.0782962779522616,-0.681727151434356,0.0,True
jfm,z500,1,rmse,fuxi,ncep,90,-9.599296548244675,-11.06946671581609,-8.157596446600483,0.0,True
jfm,z500,1,rmse,fuxi,spire,90,-4.312051455970758,-5.615422530990685,-3.0153844606060347,0.0,True
jfm,z500,1,rmse,fuxi,ukmo,90,1.4848693188196247,0.7138115450515214,2.259142500781771,0.0,True
jfm,z500,1,rmse,ncep,spire,90,5.287245092273917,3.222299736023475,7.394663727522662,0.0,True
jfm,z500,1,rmse,ncep,ukmo,90,11.0841658670643,9.768318523517346,12.472950608160795,0.0,True
jfm,z500,1,rmse,spire,ukmo,90,5.796920774790383,4.579306503900124,7.035379654493511,0.0,True
jfm,z500,2,rmse,delysm,ecmwf,90,6.052822887870699,4.0263185366137115,8.147357680199475,0.0,True
jfm,z500,2,rmse,delysm,fuxi,90,-2.6094563437437337,-5.834333398429598,0.620087183979221,0.1168,False
jfm,z500,2,rmse,delysm,ncep,90,-11.149195254880443,-15.089488580514484,-7.2200760148969,0.0,True
jfm,z500,2,rmse,delysm,spire,90,2.879674697679526,0.7787433011055855,4.943311773555279,0.0098,True
jfm,z500,2,rmse,delysm,ukmo,90,0.8431100233794382,-1.633373847359688,3.221791997421258,0.4856,False
jfm,z500,2,rmse,ecmwf,fuxi,90,-8.662279231614432,-11.615169113132959,-5.808104007009361,0.0,True
jfm,z500,2,rmse,ecmwf,ncep,90,-17.202018142751143,-20.20309496576731,-14.15513166093275,0.0,True
jfm,z500,2,rmse,ecmwf,spire,90,-3.1731481901911724,-5.415175837903223,-0.9695514546030614,0.0056,True
jfm,z500,2,rmse,ecmwf,ukmo,90,-5.2097128644912605,-6.7268317486205955,-3.736701590934212,0.0,True
jfm,z500,2,rmse,fuxi,ncep,90,-8.539738911136709,-12.436599628353534,-4.626190088294201,0.0,True
jfm,z500,2,rmse,fuxi,spire,90,5.48913104142326,2.127770992550096,8.892210376362748,0.0018,True
jfm,z500,2,rmse,fuxi,ukmo,90,3.452566367123172,0.5837456598945426,6.2954974948987825,0.0172,True
jfm,z500,2,rmse,ncep,spire,90,14.028869952559969,9.400588445172676,18.605236816189983,0.0,True
jfm,z500,2,rmse,ncep,ukmo,90,11.992305278259881,8.860068984675511,15.139499489188472,0.0,True
jfm,z500,2,rmse,spire,ukmo,90,-2.036564674300088,-4.654307625950887,0.501059081558624,0.119,False
jfm,z500,3,rmse,delysm,ecmwf,90,6.804329822350841,4.781608782190498,8.782049126604123,0.0,True
jfm,z500,3,rmse,delysm,fuxi,90,-6.028107495201727,-9.523308940036108,-2.580900076560296,0.0004,True
jfm,z500,3,rmse,delysm,ncep,90,-6.283840288968438,-10.329438735710708,-2.1553247942851352,0.003,True
jfm,z500,3,rmse,delysm,spire,90,5.405139865385237,3.1251462073976852,7.711184119409117,0.0,True
jfm,z500,3,rmse,delysm,ukmo,90,2.137325304239173,-1.065744459821242,5.341391074647161,0.1898,False
jfm,z500,3,rmse,ecmwf,fuxi,90,-12.832437317552568,-16.006245289169073,-9.712981798457982,0.0,True
jfm,z500,3,rmse,ecmwf,ncep,90,-13.088170111319279,-16.238653858880184,-9.872156107353591,0.0,True
jfm,z500,3,rmse,ecmwf,spire,90,-1.3991899569656034,-3.9926638624169453,1.1027073326663634,0.273,False
jfm,z500,3,rmse,ecmwf,ukmo,90,-4.667004518111668,-7.001187313897975,-2.3326030144328356,0.0002,True
jfm,z500,3,rmse,fuxi,ncep,90,-0.2557327937667111,-4.243508175390238,3.6981972116487447,0.9044,False
jfm,z500,3,rmse,fuxi,spire,90,11.433247360586964,7.1445378565303,15.592626396641018,0.0,True
jfm,z500,3,rmse,fuxi,ukmo,90,8.1654327994409,4.616782708493879,11.7659403460092,0.0,True
jfm,z500,3,rmse,ncep,spire,90,11.688980154353676,6.451324823765859,16.7633440988738,0.0,True
jfm,z500,3,rmse,ncep,ukmo,90,8.421165593207611,4.581737275156319,12.27113982744955,0.0,True
jfm,z500,3,rmse,spire,ukmo,90,-3.2678145611460643,-7.023598755045131,0.47533435112688016,0.0816,False
jfm,z500,4,rmse,delysm,ecmwf,90,6.651854182864547,4.505691648155158,8.833298090540723,0.0,True
jfm,z500,4,rmse,delysm,fuxi,90,-4.373441835621364,-7.9790932098881076,-0.7923441437089591,0.0194,True
jfm,z500,4,rmse,delysm,ncep,90,-2.7371061132745496,-6.494808442226375,1.0762192722084742,0.158,False
jfm,z500,4,rmse,delysm,spire,90,8.423470210725558,5.465837136672596,11.389521615696738,0.0,True
jfm,z500,4,rmse,delysm,ukmo,90,6.076835114391795,3.613205775624141,8.56958070035126,0.0,True
jfm,z500,4,rmse,ecmwf,fuxi,90,-11.02529601848591,-13.78378616458991,-8.265515296899489,0.0,True
jfm,z500,4,rmse,ecmwf,ncep,90,-9.388960296139096,-12.191481757128852,-6.561361438755659,0.0,True
jfm,z500,4,rmse,ecmwf,spire,90,1.7716160278610111,-1.2236299840344784,4.609249726058265,0.2396,False
jfm,z500,4,rmse,ecmwf,ukmo,90,-0.5750190684727521,-2.6939019227743124,1.4450234064591954,0.5784,False
jfm,z500,4,rmse,fuxi,ncep,90,1.6363357223468142,-1.7663715421515886,5.078216820306037,0.3622,False
jfm,z500,4,rmse,fuxi,spire,90,12.796912046346922,8.039770884084163,17.36424949965748,0.0,True
jfm,z500,4,rmse,fuxi,ukmo,90,10.450276950013158,7.078821789270233,13.699948381637347,0.0,True
jfm,z500,4,rmse,ncep,spire,90,11.160576324000107,6.165376017082597,15.929393287556731,0.0,True
jfm,z500,4,rmse,ncep,ukmo,90,8.813941227666344,5.43663878167223,12.12678422669049,0.0,True
jfm,z500,4,rmse,spire,ukmo,90,-2.346635096333763,-5.311203228703919,0.703644310305336,0.127,False
jfm,z500,5,rmse,delysm,ecmwf,90,2.783118408764018,1.1745030098205729,4.372609927594238,0.0006,True
jfm,z500,5,rmse,delysm,fuxi,90,-2.0459731650359494,-4.210446325569977,0.12037987982519248,0.061,False
jfm,z500,5,rmse,delysm,ncep,90,-4.588081114138827,-7.7355449521700415,-1.545166575821941,0.0016,True
jfm,z500,5,rmse,delysm,spire,90,4.50958747089976,1.602593328118299,7.467352395002974,0.0028,True
jfm,z500,5,rmse,delysm,ukmo,90,1.8189700037426917,-0.6290117931432173,4.196583059892434,0.1514,False
jfm,z500,5,rmse,ecmwf,fuxi,90,-4.829091573799968,-7.210675299141834,-2.459215418641786,0.0002,True
jfm,z500,5,rmse,ecmwf,ncep,90,-7.371199522902845,-10.31303127781559,-4.43470426314496,0.0,True
jfm,z500,5,rmse,ecmwf,spire,90,1.7264690621357417,-0.7580974696705283,4.294092632620954,0.1736,False
jfm,z500,5,rmse,ecmwf,ukmo,90,-0.9641484050213265,-2.9402208645197754,1.009163033755819,0.3302,False
jfm,z500,5,rmse,fuxi,ncep,90,-2.5421079491028777,-5.557023735622893,0.37471281811436796,0.0878,False
jfm,z500,5,rmse,fuxi,spire,90,6.555560635935709,2.5197938218130225,10.641407650377904,0.0022,True
jfm,z500,5,rmse,fuxi,ukmo,90,3.864943168778641,0.858957403278786,6.793496183052919,0.0112,True
jfm,z500,5,rmse,ncep,spire,90,9.097668585038587,4.6715118443882035,13.477620360854134,0.0,True
jfm,z500,5,rmse,ncep,ukmo,90,6.407051117881519,3.1573769184676554,9.704194747419894,0.0002,True
jfm,z500,5,rmse,spire,ukmo,90,-2.690617467157068,-5.5371698659740005,0.027566759155489142,0.053,False
jfm,z500,6,rmse,delysm,ecmwf,90,1.7746168965683893,0.48725727324968837,3.0393896816896855,0.0076,True
jfm,z500,6,rmse,delysm,fuxi,90,0.7027803429248607,-1.289429080547313,2.6881096669807514,0.479,False
jfm,z500,6,rmse,delysm,ncep,90,-4.429426317182418,-7.627436520413241,-1.2195282225398514,0.0044,True
jfm,z500,6,rmse,delysm,spire,90,3.493362236782275,1.127573337638128,5.853468906517375,0.0024,True
jfm,z500,6,rmse,delysm,ukmo,90,0.884716904102028,-1.416680672488904,3.2265315147453664,0.4638,False
jfm,z500,6,rmse,ecmwf,fuxi,90,-1.0718365536435286,-3.2423710562319266,1.189248027649212,0.3548,False
jfm,z500,6,rmse,ecmwf,ncep,90,-6.204043213750808,-9.422900099952203,-2.9811228567221093,0.0,True
jfm,z500,6,rmse,ecmwf,spire,90,1.7187453402138857,-0.1842309677447442,3.7754353269123713,0.0822,False
jfm,z500,6,rmse,ecmwf,ukmo,90,-0.8898999924663613,-2.8427917651819268,1.1115746246843197,0.375,False
jfm,z500,6,rmse,fuxi,ncep,90,-5.132206660107279,-8.261053895518879,-1.9901759868655142,0.0018,True
jfm,z500,6,rmse,fuxi,spire,90,2.7905818938574143,-0.36069211708004556,5.987618399161522,0.083,False
jfm,z500,6,rmse,fuxi,ukmo,90,0.18193656117716728,-3.2061493259461273,3.410252560844391,0.9106,False
jfm,z500,6,rmse,ncep,spire,90,7.922788553964693,3.8031468352487967,12.135157211916217,0.0,True
jfm,z500,6,rmse,ncep,ukmo,90,5.314143221284446,1.3822471012017945,9.265560562494683,0.0072,True
jfm,z500,6,rmse,spire,ukmo,90,-2.608645332680247,-5.049133935202184,-0.2708222667830849,0.0272,True
jfm,z500,1,bias,delysm,ecmwf,90,4.967592236489271,3.766268222654146,6.185834942250374,0.0,True
jfm,z500,1,bias,delysm,fuxi,90,10.924033012243601,9.618999944591003,12.237182145217911,0.0,True
jfm,z500,1,bias,delysm,ncep,90,23.653280108356665,22.259418836383347,25.03657112454701,0.0,True
jfm,z500,1,bias,delysm,spire,90,-2.5632855909625345,-3.45777280983909,-1.6619167938676351,0.0,True
jfm,z500,1,bias,delysm,ukmo,90,9.099192631108254,7.988131425865052,10.251560667602012,0.0,True
jfm,z500,1,bias,ecmwf,fuxi,90,5.956440775754332,4.9153420540643395,7.041897463800075,0.0,True
jfm,z500,1,bias,ecmwf,ncep,90,18.685687871867394,16.96424674629369,20.441398127006615,0.0,True
jfm,z500,1,bias,ecmwf,spire,90,-7.530877827451805,-8.674676004500338,-6.38815584723696,0.0,True
jfm,z500,1,bias,ecmwf,ukmo,90,4.131600394618984,3.1257695469111884,5.117994216753048,0.0,True
jfm,z500,1,bias,fuxi,ncep,90,12.729247096113063,10.815047525439851,14.672715918115077,0.0,True
jfm,z500,1,bias,fuxi,spire,90,-13.487318603206136,-14.540712030914653,-12.394093040628146,0.0,True
jfm,z500,1,bias,fuxi,ukmo,90,-1.8248403811353477,-3.1310515624348265,-0.5384325365508831,0.0044,True
jfm,z500,1,bias,ncep,spire,90,-26.216565699319197,-27.81737357450071,-24.61653373039648,0.0,True
jfm,z500,1,bias,ncep,ukmo,90,-14.55408747724841,-16.02858229442643,-13.150303757743002,0.0,True
jfm,z500,1,bias,spire,ukmo,90,11.662478222070789,10.542863102385247,12.795588087705557,0.0,True
jfm,z500,2,bias,delysm,ecmwf,90,5.781703292841464,3.316118046207803,8.237270007315205,0.0,True
jfm,z500,2,bias,delysm,fuxi,90,18.34791192312573,15.248943995601902,21.47054805981646,0.0,True
jfm,z500,2,bias,delysm,ncep,90,29.896686862364188,26.588592131059233,33.19865625580291,0.0,True
jfm,z500,2,bias,delysm,spire,90,-5.137213268741001,-7.661225618456738,-2.569611000587265,0.0002,True
jfm,z500,2,bias,delysm,ukmo,90,8.512819338827242,5.598501039287914,11.245301289057757,0.0,True
jfm,z500,2,bias,ecmwf,fuxi,90,12.566208630284263,9.386396048560119,15.71215581128161,0.0,True
jfm,z500,2,bias,ecmwf,ncep,90,24.114983569522725,21.686261024477393,26.56671809678154,0.0,True
jfm,z500,2,bias,ecmwf,spire,90,-10.918916561582465,-13.080416563572781,-8.807338272916034,0.0,True
jfm,z500,2,bias,ecmwf,ukmo,90,2.731116045985777,0.6905322563350363,4.751645581219851,0.008,True
jfm,z500,2,bias,fuxi,ncep,90,11.548774939238461,7.352834091040858,15.884095462937161,0.0,True
jfm,z500,2,bias,fuxi,spire,90,-23.48512519186673,-26.345740089246846,-20.64109638163392,0.0,True
jfm,z500,2,bias,fuxi,ukmo,90,-9.835092584298486,-12.987574823486757,-6.605585765738337,0.0,True
jfm,z500,2,bias,ncep,spire,90,-35.03390013110519,-38.14108354954113,-32.15756705059352,0.0,True
jfm,z500,2,bias,ncep,ukmo,90,-21.38386752353695,-24.20771559795534,-18.642608966193986,0.0,True
jfm,z500,2,bias,spire,ukmo,90,13.650032607568242,10.971199550592962,16.257414845836227,0.0,True
jfm,z500,3,bias,delysm,ecmwf,90,5.590428290246276,2.843222508585223,8.225652736700878,0.0,True
jfm,z500,3,bias,delysm,fuxi,90,22.182052639164983,18.608286782878054,25.84017429622572,0.0,True
jfm,z500,3,bias,delysm,ncep,90,27.839481468709828,24.156989330253833,31.526710131764723,0.0,True
jfm,z500,3,bias,delysm,spire,90,-7.947979479897385,-10.754685844523951,-5.16675476797292,0.0,True
jfm,z500,3,bias,delysm,ukmo,90,8.0422464485696,3.9977016183179037,11.9019364045238,0.0002,True
jfm,z500,3,bias,ecmwf,fuxi,90,16.591624348918707,13.392032429850806,19.835004703613844,0.0,True
jfm,z500,3,bias,ecmwf,ncep,90,22.24905317846355,19.91074323732091,24.614298670193467,0.0,True
jfm,z500,3,bias,ecmwf,spire,90,-13.53840777014366,-15.368168331293859,-11.681850281518567,0.0,True
jfm,z500,3,bias,ecmwf,ukmo,90,2.4518181583233236,-0.3769739043701282,5.163671200016385,0.09,False
jfm,z500,3,bias,fuxi,ncep,90,5.657428829544845,1.2341883277424168,10.153166125095654,0.0116,True
jfm,z500,3,bias,fuxi,spire,90,-30.130032119062367,-33.172493606648075,-27.1230664734331,0.0,True
jfm,z500,3,bias,fuxi,ukmo,90,-14.139806190595383,-18.599225974367048,-9.858345730111491,0.0,True
jfm,z500,3,bias,ncep,spire,90,-35.78746094860721,-39.10390283875959,-32.50273737439762,0.0,True
jfm,z500,3,bias,ncep,ukmo,90,-19.797235020140228,-23.51803692940205,-16.25407422856533,0.0,True
jfm,z500,3,bias,spire,ukmo,90,15.990225928466984,12.225967768216282,19.589316704074243,0.0,True
jfm,z500,4,bias,delysm,ecmwf,90,5.002947550264807,2.545334530621019,7.456875062581725,0.0,True
jfm,z500,4,bias,delysm,fuxi,90,19.1658817384983,16.127831951287607,22.128855894024415,0.0,True
jfm,z500,4,bias,delysm,ncep,90,25.34758311995135,21.935816775322913,28.60552327008817,0.0,True
jfm,z500,4,bias,delysm,spire,90,-10.135792625291554,-13.01873429570971,-7.287213999848323,0.0,True
jfm,z500,4,bias,delysm,ukmo,90,3.3461715742498317,-0.16282466605368082,6.8397735922636045,0.0604,False
jfm,z500,4,bias,ecmwf,fuxi,90,14.162934188233493,11.979648782905329,16.406524398012685,0.0,True
jfm,z500,4,bias,ecmwf,ncep,90,20.34463556968654,17.764990622702047,22.78454617451216,0.0,True
jfm,z500,4,bias,ecmwf,spire,90,-15.13874017555636,-16.710688761942386,-13.577130089262774,0.0,True
jfm,z500,4,bias,ecmwf,ukmo,90,-1.6567759760149752,-4.103939506390747,0.8325538381820969,0.1976,False
jfm,z500,4,bias,fuxi,ncep,90,6.181701381453049,2.7146706213711567,9.543690156008873,0.0008,True
jfm,z500,4,bias,fuxi,spire,90,-29.301674363789854,-31.964163860118443,-26.71226964141627,0.0,True
jfm,z500,4,bias,fuxi,ukmo,90,-15.819710164248468,-18.96143995031935,-12.57079529042753,0.0,True
jfm,z500,4,bias,ncep,spire,90,-35.4833757452429,-38.1674131274901,-32.759292869566124,0.0,True
jfm,z500,4,bias,ncep,ukmo,90,-22.001411545701515,-24.884656147131327,-19.003533106022378,0.0,True
jfm,z500,4,bias,spire,ukmo,90,13.481964199541387,10.668907747530477,16.372630505395367,0.0,True
jfm,z500,5,bias,delysm,ecmwf,90,1.249202462854539,-0.6216425034040564,3.0304580739756113,0.1998,False
jfm,z500,5,bias,delysm,fuxi,90,11.462266605665247,9.25628464061774,13.562996788399632,0.0,True
jfm,z500,5,bias,delysm,ncep,90,22.97726645203332,20.29444290931296,25.55273271569806,0.0,True
jfm,z500,5,bias,delysm,spire,90,-11.818600247041982,-14.18981071934406,-9.542648691213003,0.0,True
jfm,z500,5,bias,delysm,ukmo,90,0.005681877364278165,-2.6486521564721963,2.652505904485905,1.0,False
jfm,z500,5,bias,ecmwf,fuxi,90,10.213064142810708,8.071510601457634,12.368179165674144,0.0,True
jfm,z500,5,bias,ecmwf,ncep,90,21.72806398917878,19.44174000855329,23.909376520332597,0.0,True
jfm,z500,5,bias,ecmwf,spire,90,-13.067802709896522,-14.723687009341235,-11.370250542546867,0.0,True
jfm,z500,5,bias,ecmwf,ukmo,90,-1.243520585490261,-3.56907788350018,1.097636550631539,0.2932,False
jfm,z500,5,bias,fuxi,ncep,90,11.51499984636807,8.688728286743249,14.219290799302591,0.0,True
jfm,z500,5,bias,fuxi,spire,90,-23.28086685270723,-26.00360796168445,-20.522378353285667,0.0,True
jfm,z500,5,bias,fuxi,ukmo,90,-11.45658472830097,-14.319326031866423,-8.630582678933916,0.0,True
jfm,z500,5,bias,ncep,spire,90,-34.7958666990753,-36.55034046371484,-33.100367512230584,0.0,True
jfm,z500,5,bias,ncep,ukmo,90,-22.971584574669038,-26.040216553371973,-19.910374719684786,0.0,True
jfm,z500,5,bias,spire,ukmo,90,11.82428212440626,8.95965889365602,14.656672205830526,0.0,True
jfm,z500,6,bias,delysm,ecmwf,90,0.4565726781652468,-0.8358128351184517,1.7308050022226884,0.4722,False
jfm,z500,6,bias,delysm,fuxi,90,6.9493370655997975,4.724323715041023,9.12000628081397,0.0,True
jfm,z500,6,bias,delysm,ncep,90,25.176144063679505,23.067420588284033,27.349623717896947,0.0,True
jfm,z500,6,bias,delysm,spire,90,-9.396230977537984,-11.263758977863946,-7.460684284984885,0.0,True
jfm,z500,6,bias,delysm,ukmo,90,-3.04240705858675,-5.275018606596847,-0.7367187806999642,0.0128,True
jfm,z500,6,bias,ecmwf,fuxi,90,6.49276438743455,4.331589936143085,8.571522054280077,0.0,True
jfm,z500,6,bias,ecmwf,ncep,90,24.71957138551426,22.672649101484083,26.75356748119426,0.0,True
jfm,z500,6,bias,ecmwf,spire,90,-9.85280365570323,-11.36484904748651,-8.347946052226657,0.0,True
jfm,z500,6,bias,ecmwf,ukmo,90,-3.4989797367519966,-5.653305879138855,-1.3031436953578717,0.0028,True
jfm,z500,6,bias,fuxi,ncep,90,18.22680699807971,15.737027753706572,20.78759533815194,0.0,True
jfm,z500,6,bias,fuxi,spire,90,-16.34556804313778,-18.860777768145017,-13.740430022039112,0.0,True
jfm,z500,6,bias,fuxi,ukmo,90,-9.991744124186548,-13.002445538349354,-6.853302570918221,0.0,True
jfm,z500,6,bias,ncep,spire,90,-34.57237504121749,-36.04234157620147,-33.138541277551596,0.0,True
jfm,z500,6,bias,ncep,ukmo,90,-28.218551122266256,-31.089079837806874,-25.32168068967327,0.0,True
jfm,z500,6,bias,spire,ukmo,90,6.353823918951234,3.635358469206492,9.04762014469421,0.0,True
jfm,z500,1,crpss_clim,delysm,ecmwf,90,-0.2739654814980401,-0.3312879691045498,-0.22114376612445252,0.0,True
jfm,z500,1,crpss_clim,delysm,fuxi,90,-0.13760067215262428,-0.2044964063360821,-0.07338730463131149,0.0,True
jfm,z500,1,crpss_clim,delysm,ncep,90,0.2765817902927154,0.16285896201547365,0.39134005545990647,0.0,True
jfm,z500,1,crpss_clim,delysm,spire,90,-0.04393574754595231,-0.08103399666750331,-0.007119192214902906,0.0186,True
jfm,z500,1,crpss_clim,delysm,ukmo,90,-0.2137297957815003,-0.28003890690417815,-0.15165257475494143,0.0,True
jfm,z500,1,crpss_clim,ecmwf,fuxi,90,0.13636480934541584,0.10190300838592303,0.17199538796878583,0.0,True
jfm,z500,1,crpss_clim,ecmwf,ncep,90,0.5505472717907556,0.47203471052612156,0.6321742533417752,0.0,True
jfm,z500,1,crpss_clim,ecmwf,spire,90,0.2300297339520878,0.19164111274010803,0.2708866228151904,0.0,True
jfm,z500,1,crpss_clim,ecmwf,ukmo,90,0.06023568571653981,0.03281863063376451,0.08737854217973152,0.0,True
jfm,z500,1,crpss_clim,fuxi,ncep,90,0.4141824624453397,0.3428592831782965,0.4870081324761973,0.0,True
jfm,z500,1,crpss_clim,fuxi,spire,90,0.09366492460667197,0.04234369727352026,0.1472321790523166,0.0002,True
jfm,z500,1,crpss_clim,fuxi,ukmo,90,-0.07612912362887603,-0.11406968663587062,-0.03930162957643169,0.0,True
jfm,z500,1,crpss_clim,ncep,spire,90,-0.3205175378386677,-0.41444241725137365,-0.22757185296702376,0.0,True
jfm,z500,1,crpss_clim,ncep,ukmo,90,-0.4903115860742157,-0.566385419148606,-0.4170892518264542,0.0,True
jfm,z500,1,crpss_clim,spire,ukmo,90,-0.169794048235548,-0.2195325161892823,-0.12312062177760982,0.0,True
jfm,z500,2,crpss_clim,delysm,ecmwf,90,-0.2918084531892714,-0.3702166904825413,-0.2177039308653916,0.0,True
jfm,z500,2,crpss_clim,delysm,fuxi,90,0.20634973659733874,0.04622299864352711,0.38860621729732114,0.0086,True
jfm,z500,2,crpss_clim,delysm,ncep,90,0.4420456877331239,0.29461712338736595,0.5913176579126952,0.0,True
jfm,z500,2,crpss_clim,delysm,spire,90,-0.12080605856697252,-0.19197366379261158,-0.04775569390014896,0.0008,True
jfm,z500,2,crpss_clim,delysm,ukmo,90,-0.03291231240673531,-0.12857481494795903,0.06426500813292049,0.5234,False
jfm,z500,2,crpss_clim,ecmwf,fuxi,90,0.49815818978661014,0.35525080989585356,0.664738683473979,0.0,True
jfm,z500,2,crpss_clim,ecmwf,ncep,90,0.7338541409223953,0.6175153114148975,0.8513275067937423,0.0,True
jfm,z500,2,crpss_clim,ecmwf,spire,90,0.17100239462229888,0.10555831735912945,0.24296459689017186,0.0,True
jfm,z500,2,crpss_clim,ecmwf,ukmo,90,0.2588961407825361,0.19586490806534312,0.3293936105232512,0.0,True
jfm,z500,2,crpss_clim,fuxi,ncep,90,0.23569595113578515,0.05958595710475992,0.39224291800321764,0.0094,True
jfm,z500,2,crpss_clim,fuxi,spire,90,-0.32715579516431126,-0.4983459415879011,-0.17398904077505328,0.0,True
jfm,z500,2,crpss_clim,fuxi,ukmo,90,-0.23926204900407405,-0.3791366851215836,-0.10982162302502393,0.0,True
jfm,z500,2,crpss_clim,ncep,spire,90,-0.5628517463000964,-0.7142767918485511,-0.41004934822757527,0.0,True
jfm,z500,2,crpss_clim,ncep,ukmo,90,-0.4749580001398592,-0.6030060341360003,-0.348285093069907,0.0,True
jfm,z500,2,crpss_clim,spire,ukmo,90,0.08789374616023721,0.011957621780589813,0.1652577191148808,0.025,True
jfm,z500,3,crpss_clim,delysm,ecmwf,90,-0.2746201684269331,-0.3465235932821224,-0.2058508482386055,0.0,True
jfm,z500,3,crpss_clim,delysm,fuxi,90,0.3315457873320765,0.16169097821156594,0.5077817507311266,0.0002,True
jfm,z500,3,crpss_clim,delysm,ncep,90,0.32489766242842094,0.16661004242089622,0.48632422463778185,0.0,True
jfm,z500,3,crpss_clim,delysm,spire,90,-0.18920251979496439,-0.2544285517061304,-0.126956233361156,0.0,True
jfm,z500,3,crpss_clim,delysm,ukmo,90,-0.015304374758257772,-0.13613146456864822,0.1116187833784673,0.8044,False
jfm,z500,3,crpss_clim,ecmwf,fuxi,90,0.6061659557590097,0.4495308265622914,0.771787715858285,0.0,True
jfm,z500,3,crpss_clim,ecmwf,ncep,90,0.599517830855354,0.4732554943567442,0.7283960518632338,0.0,True
jfm,z500,3,crpss_clim,ecmwf,spire,90,0.08541764863196871,0.023087460937567465,0.148412214514027,0.0084,True
jfm,z500,3,crpss_clim,ecmwf,ukmo,90,0.2593157936686753,0.1643803982422792,0.36187606487953916,0.0,True
jfm,z500,3,crpss_clim,fuxi,ncep,90,-0.0066481249036556,-0.18507360743533402,0.164270869614227,0.9466,False
jfm,z500,3,crpss_clim,fuxi,spire,90,-0.5207483071270409,-0.7014877286947957,-0.3468819846711208,0.0,True
jfm,z500,3,crpss_clim,fuxi,ukmo,90,-0.3468501620903343,-0.5371527972584911,-0.1672682343333417,0.0002,True
jfm,z500,3,crpss_clim,ncep,spire,90,-0.5141001822233853,-0.6838823117658639,-0.346759233637493,0.0,True
jfm,z500,3,crpss_clim,ncep,ukmo,90,-0.34020203718667874,-0.5086291411296568,-0.1776293700451555,0.0,True
jfm,z500,3,crpss_clim,spire,ukmo,90,0.17389814503670661,0.05098886567759245,0.30298386109017283,0.0036,True
jfm,z500,4,crpss_clim,delysm,ecmwf,90,-0.25410671960631537,-0.3329367213041348,-0.17614243366897225,0.0,True
jfm,z500,4,crpss_clim,delysm,fuxi,90,0.20386627276275132,0.06825430102975873,0.34122512488931245,0.0026,True
jfm,z500,4,crpss_clim,delysm,ncep,90,0.27543536741786845,0.10287714984694211,0.4577263376311514,0.0018,True
jfm,z500,4,crpss_clim,delysm,spire,90,-0.2536498903529198,-0.3424554430218982,-0.16942884782097084,0.0,True
jfm,z500,4,crpss_clim,delysm,ukmo,90,-0.12906050574620767,-0.21783978098257767,-0.039628362282279145,0.0058,True
jfm,z500,4,crpss_clim,ecmwf,fuxi,90,0.4579729923690667,0.3482400694738741,0.5680161683540274,0.0,True
jfm,z500,4,crpss_clim,ecmwf,ncep,90,0.5295420870241838,0.40088211118143324,0.6673588923747028,0.0,True
jfm,z500,4,crpss_clim,ecmwf,spire,90,0.00045682925339557423,-0.07294265426148548,0.07468773908199314,0.996,False
jfm,z500,4,crpss_clim,ecmwf,ukmo,90,0.1250462138601077,0.06097352234684031,0.1891358646712113,0.0002,True
jfm,z500,4,crpss_clim,fuxi,ncep,90,0.07156909465511713,-0.0875471977171752,0.23984183836297365,0.3894,False
jfm,z500,4,crpss_clim,fuxi,spire,90,-0.4575161631156711,-0.6038840549159603,-0.3135879742652826,0.0,True
jfm,z500,4,crpss_clim,fuxi,ukmo,90,-0.332926778508959,-0.4482464700700377,-0.21841231444820758,0.0,True
jfm,z500,4,crpss_clim,ncep,spire,90,-0.5290852577707883,-0.6966133262680217,-0.3598607388622586,0.0,True
jfm,z500,4,crpss_clim,ncep,ukmo,90,-0.4044958731640761,-0.5561310207635578,-0.26411322788690655,0.0,True
jfm,z500,4,crpss_clim,spire,ukmo,90,0.12458938460671212,0.038117084761547196,0.2136675425201557,0.0042,True
jfm,z500,5,crpss_clim,delysm,ecmwf,90,-0.12680615317971353,-0.17770647703032388,-0.07470513089976857,0.0,True
jfm,z500,5,crpss_clim,delysm,fuxi,90,0.07681146595479542,0.008849238043965512,0.14962333029843009,0.0284,True
jfm,z500,5,crpss_clim,delysm,ncep,90,0.4014634880973885,0.23134252682583095,0.5883228393494445,0.0,True
jfm,z500,5,crpss_clim,delysm,spire,90,-0.1230137743251078,-0.1895730794540638,-0.05703857996726843,0.0,True
jfm,z500,5,crpss_clim,delysm,ukmo,90,0.031150418870418167,-0.051804561491874866,0.12473415614884487,0.4932,False
jfm,z500,5,crpss_clim,ecmwf,fuxi,90,0.20361761913450893,0.12976168742449393,0.28084903449824317,0.0,True
jfm,z500,5,crpss_clim,ecmwf,ncep,90,0.5282696412771021,0.3668481590420066,0.7030263091905915,0.0,True
jfm,z500,5,crpss_clim,ecmwf,spire,90,0.0037923788546057324,-0.05925390766406361,0.06949661887140224,0.906,False
jfm,z500,5,crpss_clim,ecmwf,ukmo,90,0.1579565720501317,0.09012718647000173,0.23288789907467247,0.0,True
jfm,z500,5,crpss_clim,fuxi,ncep,90,0.3246520221425931,0.15853847560403173,0.5033611355754759,0.0002,True
jfm,z500,5,crpss_clim,fuxi,spire,90,-0.19982524027990323,-0.30498008143032435,-0.09297365558433886,0.0002,True
jfm,z500,5,crpss_clim,fuxi,ukmo,90,-0.04566104708437725,-0.14652646174528136,0.058487735862681585,0.3896,False
jfm,z500,5,crpss_clim,ncep,spire,90,-0.5244772624224963,-0.7140445905340544,-0.34157239731514055,0.0,True
jfm,z500,5,crpss_clim,ncep,ukmo,90,-0.3703130692269704,-0.5355113597797408,-0.21322612871182564,0.0,True
jfm,z500,5,crpss_clim,spire,ukmo,90,0.15416419319552596,0.0693712633482306,0.24696515056430046,0.0,True
jfm,z500,6,crpss_clim,delysm,ecmwf,90,-0.10919805293611766,-0.15430570346835495,-0.06279635372305438,0.0,True
jfm,z500,6,crpss_clim,delysm,fuxi,90,-0.02703486246499072,-0.09904825996654684,0.04662799959473476,0.4622,False
jfm,z500,6,crpss_clim,delysm,ncep,90,0.4038189040325108,0.218835896660343,0.6026823466602266,0.0,True
jfm,z500,6,crpss_clim,delysm,spire,90,-0.1291839638938515,-0.19175755045263093,-0.06888603222820511,0.0,True
jfm,z500,6,crpss_clim,delysm,ukmo,90,0.03983311999230443,-0.030661235145943398,0.10977277382899515,0.2692,False
jfm,z500,6,crpss_clim,ecmwf,fuxi,90,0.08216319047112694,0.014412965697743883,0.1507144752658901,0.0178,True
jfm,z500,6,crpss_clim,ecmwf,ncep,90,0.5130169569686285,0.3261320003427024,0.7165181601127399,0.0,True
jfm,z500,6,crpss_clim,ecmwf,spire,90,-0.01998591095773386,-0.07179737616559025,0.02841911597547362,0.4288,False
jfm,z500,6,crpss_clim,ecmwf,ukmo,90,0.1490311729284221,0.08739362322345054,0.21048496355431118,0.0,True
jfm,z500,6,crpss_clim,fuxi,ncep,90,0.4308537664975015,0.2526769666048916,0.6246229206589129,0.0,True
jfm,z500,6,crpss_clim,fuxi,spire,90,-0.1021491014288608,-0.18667382077450928,-0.018736314188584735,0.0142,True
jfm,z500,6,crpss_clim,fuxi,ukmo,90,0.06686798245729515,-0.037483435510433157,0.17140576129283203,0.2052,False
jfm,z500,6,crpss_clim,ncep,spire,90,-0.5330028679263623,-0.740315088006079,-0.338348490928427,0.0,True
jfm,z500,6,crpss_clim,ncep,ukmo,90,-0.3639857840402064,-0.5784173426758471,-0.1626797165339832,0.0,True
jfm,z500,6,crpss_clim,spire,ukmo,90,0.16901708388615594,0.0993185362551662,0.24370422105420117,0.0,True
jfm,z500,1,crps,delysm,ecmwf,90,5.654775079313353,4.701714712342435,6.632061971499522,0.0,True
jfm,z500,1,crps,delysm,fuxi,90,3.0979221302632274,1.934505235476139,4.280545885749959,0.0,True
jfm,z500,1,crps,delysm,ncep,90,-5.6069279398016025,-7.702768478660382,-3.528154539072528,0.0,True
jfm,z500,1,crps,delysm,spire,90,0.8861635631062352,0.19904165613834246,1.5872596484404649,0.0124,True
jfm,z500,1,crps,delysm,ukmo,90,4.188151830528311,3.0805309631134548,5.320301284185238,0.0,True
jfm,z500,1,crps,ecmwf,fuxi,90,-2.556852949050126,-3.11019229931562,-2.0011268484375884,0.0,True
jfm,z500,1,crps,ecmwf,ncep,90,-11.261703019114956,-12.811636200316135,-9.752774813850687,0.0,True
jfm,z500,1,crps,ecmwf,spire,90,-4.768611516207118,-5.483142898573261,-4.078330891240641,0.0,True
jfm,z500,1,crps,ecmwf,ukmo,90,-1.4666232487850421,-2.0123708637904945,-0.9277855887475225,0.0,True
jfm,z500,1,crps,fuxi,ncep,90,-8.704850070064829,-10.10895861053309,-7.346465335114722,0.0,True
jfm,z500,1,crps,fuxi,spire,90,-2.211758567156992,-3.144195900367999,-1.2779940575270596,0.0,True
jfm,z500,1,crps,fuxi,ukmo,90,1.090229700265084,0.47440529782781304,1.7079595348291252,0.0002,True
jfm,z500,1,crps,ncep,spire,90,6.493091502907838,4.760407387082891,8.295059806478026,0.0,True
jfm,z500,1,crps,ncep,ukmo,90,9.795079770329913,8.456925260098638,11.134155375865168,0.0,True
jfm,z500,1,crps,spire,ukmo,90,3.301988267422076,2.468900149124555,4.135773044355529,0.0,True
jfm,z500,2,crps,delysm,ecmwf,90,5.416135880230188,3.848823821106179,6.9989609695626305,0.0,True
jfm,z500,2,crps,delysm,fuxi,90,-1.9612793650318388,-4.624663231222196,0.751381745119647,0.1546,False
jfm,z500,2,crps,delysm,ncep,90,-10.066340848822783,-13.81883570914878,-6.442425404637627,0.0,True
jfm,z500,2,crps,delysm,spire,90,3.0886233054542185,1.5440717043395016,4.638065709909938,0.0,True
jfm,z500,2,crps,delysm,ukmo,90,0.47119901367845607,-1.5133405312674313,2.4555888703206477,0.6384,False
jfm,z500,2,crps,ecmwf,fuxi,90,-7.377415245262027,-9.55920375173006,-5.141542525376406,0.0,True
jfm,z500,2,crps,ecmwf,ncep,90,-15.482476729052971,-18.299828110377497,-12.70785435875519,0.0,True
jfm,z500,2,crps,ecmwf,spire,90,-2.3275125747759695,-3.7732859947754864,-0.8637967296665197,0.0014,True
jfm,z500,2,crps,ecmwf,ukmo,90,-4.944936866551732,-6.031098664626238,-3.8452023025239392,0.0,True
jfm,z500,2,crps,fuxi,ncep,90,-8.105061483790944,-11.861983026347644,-4.602353918234701,0.0,True
jfm,z500,2,crps,fuxi,spire,90,5.049902670486057,2.5791364236349117,7.500789525757878,0.0002,True
jfm,z500,2,crps,fuxi,ukmo,90,2.432478378710295,0.039824162959896985,4.80137971832169,0.0474,True
jfm,z500,2,crps,ncep,spire,90,13.154964154277001,9.307048336159887,17.15926694054058,0.0,True
jfm,z500,2,crps,ncep,ukmo,90,10.537539862501239,7.71678453000606,13.38423780599319,0.0,True
jfm,z500,2,crps,spire,ukmo,90,-2.6174242917757624,-4.514962229673241,-0.8320723264897878,0.0032,True
jfm,z500,3,crps,delysm,ecmwf,90,5.672728723215245,4.324196836636713,7.051661931483353,0.0,True
jfm,z500,3,crps,delysm,fuxi,90,-3.785348933737467,-6.608887847708,-0.9874954570373804,0.0074,True
jfm,z500,3,crps,delysm,ncep,90,-6.854093509795494,-10.597309572020807,-3.164477882689083,0.0,True
jfm,z500,3,crps,delysm,spire,90,4.348973751096278,2.746274402203968,5.961151376788916,0.0,True
jfm,z500,3,crps,delysm,ukmo,90,0.5512141390306162,-2.0436855843494377,3.1431426155322724,0.6904,False
jfm,z500,3,crps,ecmwf,fuxi,90,-9.458077656952712,-11.825770740153267,-7.168640397212456,0.0,True
jfm,z500,3,crps,ecmwf,ncep,90,-12.526822233010739,-15.635154705987885,-9.511479061086686,0.0,True
jfm,z500,3,crps,ecmwf,spire,90,-1.3237549721189676,-3.0151861271933207,0.36024974525962766,0.1196,False
jfm,z500,3,crps,ecmwf,ukmo,90,-5.121514584184629,-7.027502674293376,-3.2927800818480555,0.0,True
jfm,z500,3,crps,fuxi,ncep,90,-3.0687445760580268,-6.844854293834489,0.5666083392612735,0.0938,False
jfm,z500,3,crps,fuxi,spire,90,8.134322684833744,5.1125920567043375,11.142701519399191,0.0,True
jfm,z500,3,crps,fuxi,ukmo,90,4.336563072768083,1.4417786744712537,7.31263793064403,0.0024,True
jfm,z500,3,crps,ncep,spire,90,11.203067260891771,6.741415107105779,15.712073394523307,0.0,True
jfm,z500,3,crps,ncep,ukmo,90,7.40530764882611,4.127483256936519,10.840483247824745,0.0,True
jfm,z500,3,crps,spire,ukmo,90,-3.7977596120656614,-6.6849572786034095,-1.0664333942140451,0.005,True
jfm,z500,4,crps,delysm,ecmwf,90,6.174004276911454,4.4441065673533,7.9638019167605965,0.0,True
jfm,z500,4,crps,delysm,fuxi,90,-1.8100273107490779,-4.400510063548482,0.8552110815280178,0.1824,False
jfm,z500,4,crps,delysm,ncep,90,-3.398622831007657,-6.709154585879157,-0.19422630274422742,0.0374,True
jfm,z500,4,crps,delysm,spire,90,6.097846926987444,4.116512986125196,8.253259184976045,0.0,True
jfm,z500,4,crps,delysm,ukmo,90,3.4281532176432528,1.449203230844922,5.4249325131582165,0.0014,True
jfm,z500,4,crps,ecmwf,fuxi,90,-7.984031587660532,-9.853069951730282,-6.078624883864702,0.0,True
jfm,z500,4,crps,ecmwf,ncep,90,-9.57262710791911,-12.041884427001257,-7.190863455113386,0.0,True
jfm,z500,4,crps,ecmwf,spire,90,-0.07615734992401002,-1.9184191745549422,1.791443542463179,0.9336,False
jfm,z500,4,crps,ecmwf,ukmo,90,-2.745851059268201,-4.254664254128292,-1.2808347522310972,0.0004,True
jfm,z500,4,crps,fuxi,ncep,90,-1.588595520258579,-4.306529498648491,1.0815120083175014,0.2458,False
jfm,z500,4,crps,fuxi,spire,90,7.907874237736522,4.758718579029787,11.03281956478635,0.0,True
jfm,z500,4,crps,fuxi,ukmo,90,5.238180528392331,2.9236167153812334,7.4652926993193685,0.0,True
jfm,z500,4,crps,ncep,spire,90,9.4964697579951,5.621954180951713,13.487330679216164,0.0,True
jfm,z500,4,crps,ncep,ukmo,90,6.82677604865091,4.140889794496359,9.528298870905926,0.0,True
jfm,z500,4,crps,spire,ukmo,90,-2.669693709344191,-5.027844888315445,-0.4109203287488684,0.019,True
jfm,z500,5,crps,delysm,ecmwf,90,2.470066235411217,1.3581551693069283,3.620435796648947,0.0,True
jfm,z500,5,crps,delysm,fuxi,90,-1.2207304793360727,-2.8016575114936892,0.2722476727909766,0.1126,False
jfm,z500,5,crps,delysm,ncep,90,-5.657966630643443,-8.314436929307497,-3.091358599517498,0.0,True
jfm,z500,5,crps,delysm,spire,90,2.7894772856533017,1.0946276166192863,4.528198797514475,0.0014,True
jfm,z500,5,crps,delysm,ukmo,90,-0.5097925190210582,-2.312361173232407,1.2571686736143637,0.581,False
jfm,z500,5,crps,ecmwf,fuxi,90,-3.6907967147472895,-5.192868536782513,-2.24228353439809,0.0,True
jfm,z500,5,crps,ecmwf,ncep,90,-8.12803286605466,-10.601536078288188,-5.7260288601832565,0.0,True
jfm,z500,5,crps,ecmwf,spire,90,0.3194110502420848,-1.150213282621702,1.7831016855376198,0.6654,False
jfm,z500,5,crps,ecmwf,ukmo,90,-2.979858754432275,-4.484928731374141,-1.5628733059674151,0.0002,True
jfm,z500,5,crps,fuxi,ncep,90,-4.437236151307371,-6.740837783010503,-2.200511607504774,0.0002,True
jfm,z500,5,crps,fuxi,spire,90,4.010207764989374,1.5059931040582186,6.572672483876982,0.0014,True
jfm,z500,5,crps,fuxi,ukmo,90,0.7109379603150145,-1.1587293622667867,2.611712846320205,0.4586,False
jfm,z500,5,crps,ncep,spire,90,8.447443916296745,4.998616992778637,11.884027691699464,0.0,True
jfm,z500,5,crps,ncep,ukmo,90,5.148174111622385,2.5600163193496583,7.812811038109084,0.0004,True
jfm,z500,5,crps,spire,ukmo,90,-3.29926980467436,-5.381231914042977,-1.31032101983001,0.0006,True
jfm,z500,6,crps,delysm,ecmwf,90,1.6475826837830034,0.7626754664005512,2.5133994306155456,0.0002,True
jfm,z500,6,crps,delysm,fuxi,90,1.1917411806399087,-0.2638248449687866,2.6262195682987284,0.1138,False
jfm,z500,6,crps,delysm,ncep,90,-5.194735331260784,-7.900001556158149,-2.474588530813667,0.0002,True
jfm,z500,6,crps,delysm,spire,90,2.794054891974433,1.3677350689564487,4.259720951937752,0.0,True
jfm,z500,6,crps,delysm,ukmo,90,-1.6702607537945262,-3.3965926520681182,0.06530547884101498,0.0608,False
jfm,z500,6,crps,ecmwf,fuxi,90,-0.4558415031430947,-1.9058527652934227,0.9804777847640723,0.5198,False
jfm,z500,6,crps,ecmwf,ncep,90,-6.842318015043787,-9.410843319918799,-4.223851700952083,0.0,True
jfm,z500,6,crps,ecmwf,spire,90,1.1464722081914296,-0.15551818090623257,2.464988795306204,0.0828,False
jfm,z500,6,crps,ecmwf,ukmo,90,-3.3178434375775296,-4.7874085598986245,-1.900674582309231,0.0,True
jfm,z500,6,crps,fuxi,ncep,90,-6.3864765119006925,-9.121564127895075,-3.6993979307385225,0.0,True
jfm,z500,6,crps,fuxi,spire,90,1.6023137113345243,-0.3748669533876961,3.578425436840696,0.1106,False
jfm,z500,6,crps,fuxi,ukmo,90,-2.862001934434435,-5.269010627623696,-0.45711507055176465,0.0176,True
jfm,z500,6,crps,ncep,spire,90,7.988790223235217,4.607402496178717,11.298293006097657,0.0,True
jfm,z500,6,crps,ncep,ukmo,90,3.5244745774662576,0.31147468623645586,6.673022497370899,0.032,True
jfm,z500,6,crps,spire,ukmo,90,-4.464315645768959,-6.434939638806844,-2.542106325312876,0.0,True
jfm,z500,1,spread_skill_ratio,delysm,ecmwf,90,-0.5267328880649609,-0.6015445593461544,-0.447784634633232,0.0,True
jfm,z500,1,spread_skill_ratio,delysm,fuxi,90,0.11944735089918415,0.06655067565257863,0.17586358213139322,0.0,True
jfm,z500,1,spread_skill_ratio,delysm,ncep,90,0.1403495291122133,0.0893124506998229,0.19578646808016226,0.0,True
jfm,z500,1,spread_skill_ratio,delysm,spire,90,-0.7777139405254878,-0.8719708200382515,-0.6889137997269871,0.0,True
jfm,z500,1,spread_skill_ratio,delysm,ukmo,90,0.01935975064886264,-0.03814169785389153,0.07957646077447697,0.5106,False
jfm,z500,1,spread_skill_ratio,ecmwf,fuxi,90,0.646180238964145,0.5750740373696424,0.7172119675568001,0.0,True
jfm,z500,1,spread_skill_ratio,ecmwf,ncep,90,0.6670824171771742,0.5889888099629826,0.7464098226280275,0.0,True
jfm,z500,1,spread_skill_ratio,ecmwf,spire,90,-0.25098105246052693,-0.3634919528743946,-0.14270778656554275,0.0,True
jfm,z500,1,spread_skill_ratio,ecmwf,ukmo,90,0.5460926387138235,0.4688054992373789,0.6253614807399047,0.0,True
jfm,z500,1,spread_skill_ratio,fuxi,ncep,90,0.020902178213029143,-0.003292998227787349,0.04399714311158783,0.0928,False
jfm,z500,1,spread_skill_ratio,fuxi,spire,90,-0.8971612914246719,-1.0179915178934351,-0.7809830885167598,0.0,True
jfm,z500,1,spread_skill_ratio,fuxi,ukmo,90,-0.10008760025032151,-0.13630240468658605,-0.06515644616576834,0.0,True
jfm,z500,1,spread_skill_ratio,ncep,spire,90,-0.9180634696377011,-1.0378586568447161,-0.8014661724692527,0.0,True
jfm,z500,1,spread_skill_ratio,ncep,ukmo,90,-0.12098977846335066,-0.15654508706605177,-0.08773652900211892,0.0,True
jfm,z500,1,spread_skill_ratio,spire,ukmo,90,0.7970736911743505,0.6803726485313468,0.9175550163241264,0.0,True
jfm,z500,2,spread_skill_ratio,delysm,ecmwf,90,-0.7848826899688156,-0.947925863827927,-0.6318008453933542,0.0,True
jfm,z500,2,spread_skill_ratio,delysm,fuxi,90,0.11167140327349462,0.009587963770025474,0.20965090265514325,0.0306,True
jfm,z500,2,spread_skill_ratio,delysm,ncep,90,0.1285292154388677,0.05587832929375809,0.19953751539962972,0.0008,True
jfm,z500,2,spread_skill_ratio,delysm,spire,90,-0.970279104576025,-1.1542890806610815,-0.807570613361005,0.0,True
jfm,z500,2,spread_skill_ratio,delysm,ukmo,90,-0.07850099447259118,-0.17853206296534097,0.01655440960284601,0.1068,False
jfm,z500,2,spread_skill_ratio,ecmwf,fuxi,90,0.8965540932423102,0.7146488821330245,1.0948800220678694,0.0,True
jfm,z500,2,spread_skill_ratio,ecmwf,ncep,90,0.9134119054076832,0.7489849114229833,1.0874736335447983,0.0,True
jfm,z500,2,spread_skill_ratio,ecmwf,spire,90,-0.18539641460720935,-0.3891976792624147,0.0048839815856170105,0.0568,False
jfm,z500,2,spread_skill_ratio,ecmwf,ukmo,90,0.7063816954962244,0.5510837064503883,0.8729222824523639,0.0,True
jfm,z500,2,spread_skill_ratio,fuxi,ncep,90,0.016857812165373076,-0.06308954320461825,0.09896271890580571,0.6994,False
jfm,z500,2,spread_skill_ratio,fuxi,spire,90,-1.0819505078495195,-1.302438233840723,-0.8845642570924295,0.0,True
jfm,z500,2,spread_skill_ratio,fuxi,ukmo,90,-0.1901723977460858,-0.2935838679324312,-0.08842465283721675,0.0,True
jfm,z500,2,spread_skill_ratio,ncep,spire,90,-1.0988083200148926,-1.3011123116657495,-0.9173352432026374,0.0,True
jfm,z500,2,spread_skill_ratio,ncep,ukmo,90,-0.20703020991145887,-0.30135252309442784,-0.11860448580279019,0.0,True
jfm,z500,2,spread_skill_ratio,spire,ukmo,90,0.8917781101034338,0.7246111557736857,1.075559142879996,0.0,True
jfm,z500,3,spread_skill_ratio,delysm,ecmwf,90,-0.665862375903145,-0.8624775428238618,-0.4863245932891591,0.0,True
jfm,z500,3,spread_skill_ratio,delysm,fuxi,90,0.14237060152942616,0.025273214338380087,0.26727779874813495,0.0178,True
jfm,z500,3,spread_skill_ratio,delysm,ncep,90,0.013073576323147429,-0.1235084625575107,0.14887806294260963,0.851,False
jfm,z500,3,spread_skill_ratio,delysm,spire,90,-1.0004141590230904,-1.2293392908396137,-0.8022912748133743,0.0,True
jfm,z500,3,spread_skill_ratio,delysm,ukmo,90,-0.1631082936395497,-0.30103407605004007,-0.029452915959822044,0.0168,True
jfm,z500,3,spread_skill_ratio,ecmwf,fuxi,90,0.8082329774325712,0.6204297000674558,1.0178251969580854,0.0,True
jfm,z500,3,spread_skill_ratio,ecmwf,ncep,90,0.6789359522262924,0.4908952532195563,0.8893400955658217,0.0,True
jfm,z500,3,spread_skill_ratio,ecmwf,spire,90,-0.3345517831199454,-0.5242955395760059,-0.15575368288662905,0.0002,True
jfm,z500,3,spread_skill_ratio,ecmwf,ukmo,90,0.5027540822635953,0.3338413084539009,0.685439207740457,0.0,True
jfm,z500,3,spread_skill_ratio,fuxi,ncep,90,-0.12929702520627873,-0.23937292696193724,-0.021992671841460254,0.0178,True
jfm,z500,3,spread_skill_ratio,fuxi,spire,90,-1.1427847605525165,-1.4253938829316077,-0.8971633591324576,0.0,True
jfm,z500,3,spread_skill_ratio,fuxi,ukmo,90,-0.30547889516897586,-0.44276735748901014,-0.17598018170181354,0.0,True
jfm,z500,3,spread_skill_ratio,ncep,spire,90,-1.0134877353462377,-1.3089903313456808,-0.7549571826359787,0.0,True
jfm,z500,3,spread_skill_ratio,ncep,ukmo,90,-0.17618186996269714,-0.3237832623037979,-0.03958495846272164,0.0104,True
jfm,z500,3,spread_skill_ratio,spire,ukmo,90,0.8373058653835407,0.6071115946417232,1.096937700850519,0.0,True
jfm,z500,4,spread_skill_ratio,delysm,ecmwf,90,-0.36880019178909906,-0.45763761144823684,-0.2769872530153506,0.0,True
jfm,z500,4,spread_skill_ratio,delysm,fuxi,90,0.04432015910146003,-0.05570871185618824,0.14241357420522438,0.3806,False
jfm,z500,4,spread_skill_ratio,delysm,ncep,90,0.017967339708471752,-0.11203145259213212,0.14487169178116902,0.7826,False
jfm,z500,4,spread_skill_ratio,delysm,spire,90,-1.0086580747166536,-1.2240246006825135,-0.8143616423092663,0.0,True
jfm,z500,4,spread_skill_ratio,delysm,ukmo,90,-0.28573867076693826,-0.4845908899786202,-0.12803794172832508,0.0002,True
jfm,z500,4,spread_skill_ratio,ecmwf,fuxi,90,0.4131203508905591,0.31186634662984236,0.5136652130100476,0.0,True
jfm,z500,4,spread_skill_ratio,ecmwf,ncep,90,0.3867675314975708,0.2752452386074469,0.49969233517700423,0.0,True
jfm,z500,4,spread_skill_ratio,ecmwf,spire,90,-0.6398578829275545,-0.8801689963635186,-0.41711515006834954,0.0,True
jfm,z500,4,spread_skill_ratio,ecmwf,ukmo,90,0.0830615210221608,-0.1300361231846369,0.24985829927179468,0.3812,False
jfm,z500,4,spread_skill_ratio,fuxi,ncep,90,-0.02635281939298828,-0.1324522045374569,0.08010944075587594,0.6508,False
jfm,z500,4,spread_skill_ratio,fuxi,spire,90,-1.0529782338181137,-1.3072849904410757,-0.808354105268973,0.0,True
jfm,z500,4,spread_skill_ratio,fuxi,ukmo,90,-0.3300588298683983,-0.5506042070605658,-0.15043698978236494,0.0,True
jfm,z500,4,spread_skill_ratio,ncep,spire,90,-1.0266254144251254,-1.2992577553815603,-0.771052726754148,0.0,True
jfm,z500,4,spread_skill_ratio,ncep,ukmo,90,-0.30370601047541,-0.5315432078803636,-0.12323485942127968,0.0004,True
jfm,z500,4,spread_skill_ratio,spire,ukmo,90,0.7229194039497153,0.45754761671647703,0.9908224983125946,0.0,True
jfm,z500,5,spread_skill_ratio,delysm,ecmwf,90,-0.22649167805131698,-0.3259070482085436,-0.1323253259721752,0.0,True
jfm,z500,5,spread_skill_ratio,delysm,fuxi,90,-0.09497314813012248,-0.2192583446750483,0.017038248748465833,0.099,False
jfm,z500,5,spread_skill_ratio,delysm,ncep,90,0.062338268019714205,-0.07710856375817701,0.19705272775432106,0.3676,False
jfm,z500,5,spread_skill_ratio,delysm,spire,90,-0.7103298148646814,-0.9114246266409867,-0.5246985202954898,0.0,True
jfm,z500,5,spread_skill_ratio,delysm,ukmo,90,-0.12411254733740751,-0.24405309533707378,-0.005883447370249678,0.038,True
jfm,z500,5,spread_skill_ratio,ecmwf,fuxi,90,0.1315185299211945,-0.014696156994535872,0.27197938670154576,0.0776,False
jfm,z500,5,spread_skill_ratio,ecmwf,ncep,90,0.2888299460710312,0.14666967163114936,0.4292920870199942,0.0,True
jfm,z500,5,spread_skill_ratio,ecmwf,spire,90,-0.4838381368133644,-0.6694259607298785,-0.30811236113183327,0.0,True
jfm,z500,5,spread_skill_ratio,ecmwf,ukmo,90,0.10237913071390947,-1.3067811347702485e-05,0.20338973669187171,0.0502,False
jfm,z500,5,spread_skill_ratio,fuxi,ncep,90,0.15731141614983668,0.00821880751658783,0.3233953072816041,0.038,True
jfm,z500,5,spread_skill_ratio,fuxi,spire,90,-0.6153566667345589,-0.8543590767622015,-0.38610382330041304,0.0,True
jfm,z500,5,spread_skill_ratio,fuxi,ukmo,90,-0.029139399207285033,-0.18048644506710715,0.13701834564044477,0.6982,False
jfm,z500,5,spread_skill_ratio,ncep,spire,90,-0.7726680828843956,-1.0219690761688207,-0.5270784573563224,0.0,True
jfm,z500,5,spread_skill_ratio,ncep,ukmo,90,-0.1864508153571217,-0.3373340439669713,-0.02814552394868961,0.0232,True
jfm,z500,5,spread_skill_ratio,spire,ukmo,90,0.5862172675272739,0.38380342820178026,0.8018990599188094,0.0,True
jfm,z500,6,spread_skill_ratio,delysm,ecmwf,90,-0.17810777472898176,-0.2604174303067457,-0.10037788982087156,0.0,True
jfm,z500,6,spread_skill_ratio,delysm,fuxi,90,-0.11312986552678805,-0.2377373240327368,-0.0029525141125582095,0.0432,True
jfm,z500,6,spread_skill_ratio,delysm,ncep,90,0.13078734719761875,0.006572040210562782,0.2496120188820392,0.0404,True
jfm,z500,6,spread_skill_ratio,delysm,spire,90,-0.4851159320504449,-0.6158044830404409,-0.36537100637204434,0.0,True
jfm,z500,6,spread_skill_ratio,delysm,ukmo,90,-0.15380003840168965,-0.27784975195531547,-0.03801711675400276,0.0094,True
jfm,z500,6,spread_skill_ratio,ecmwf,fuxi,90,0.0649779092021937,-0.07439384859699268,0.20052027762998248,0.3518,False
jfm,z500,6,spread_skill_ratio,ecmwf,ncep,90,0.3088951219266005,0.16121984559954367,0.4526285698859941,0.0,True
jfm,z500,6,spread_skill_ratio,ecmwf,spire,90,-0.30700815732146314,-0.440472304915595,-0.1846262512985276,0.0,True
jfm,z500,6,spread_skill_ratio,ecmwf,ukmo,90,0.024307736327292107,-0.09760876284619359,0.14330146364919014,0.6772,False
jfm,z500,6,spread_skill_ratio,fuxi,ncep,90,0.2439172127244068,0.09708393040512073,0.4017350975781074,0.001,True
jfm,z500,6,spread_skill_ratio,fuxi,spire,90,-0.37198606652365684,-0.547267027008147,-0.2041454486620552,0.0,True
jfm,z500,6,spread_skill_ratio,fuxi,ukmo,90,-0.0406701728749016,-0.21548531405213306,0.13254840793035563,0.6452,False
jfm,z500,6,spread_skill_ratio,ncep,spire,90,-0.6159032792480637,-0.8185914419848971,-0.42278248658697787,0.0,True
jfm,z500,6,spread_skill_ratio,ncep,ukmo,90,-0.2845873855993084,-0.45754945294609994,-0.11999715707649768,0.0012,True
jfm,z500,6,spread_skill_ratio,spire,ukmo,90,0.33131589364875524,0.18972769120126143,0.48253476601401935,0.0,True
jjas_tp,tp,1,acc,ecmwf,fuxi,35,0.14325504249858684,0.04737499047420346,0.243916210305506,0.002,True
jjas_tp,tp,1,acc,ecmwf,ncep,35,0.10508045718320635,0.053373056623826846,0.16341619559984322,0.0,True
jjas_tp,tp,1,acc,ecmwf,ukmo,35,0.0034543689695974433,-0.03341788977914074,0.041394856549065606,0.8526,False
jjas_tp,tp,1,acc,fuxi,ncep,35,-0.03817458531538048,-0.1338576577607141,0.04945802097636235,0.423,False
jjas_tp,tp,1,acc,fuxi,ukmo,35,-0.1398006735289894,-0.24634322281081017,-0.03575147174930285,0.0078,True
jjas_tp,tp,1,acc,ncep,ukmo,35,-0.10162608821360891,-0.16338642176854784,-0.040799654669964776,0.0006,True
jjas_tp,tp,2,acc,ecmwf,fuxi,35,0.0862791856028974,-0.015331530375118842,0.18844266884017763,0.0976,False
jjas_tp,tp,2,acc,ecmwf,ncep,35,0.09736872553318597,0.008065902753220295,0.1847457997013892,0.0326,True
jjas_tp,tp,2,acc,ecmwf,ukmo,35,-0.025391172157863184,-0.08416302761368433,0.03253484883725154,0.3752,False
jjas_tp,tp,2,acc,fuxi,ncep,35,0.011089539930288564,-0.09223459325833773,0.1032582062821145,0.798,False
jjas_tp,tp,2,acc,fuxi,ukmo,35,-0.11167035776076059,-0.21159308744306207,-0.014268986001890447,0.0222,True
jjas_tp,tp,2,acc,ncep,ukmo,35,-0.12275989769104916,-0.18951800156384654,-0.05904304601524354,0.0,True
jjas_tp,tp,3,acc,ecmwf,fuxi,35,0.060484844318537664,-0.022766940287155975,0.1458337869387363,0.1454,False
jjas_tp,tp,3,acc,ecmwf,ncep,35,0.056836050397637485,-0.020840591444466424,0.1371959294397769,0.1598,False
jjas_tp,tp,3,acc,ecmwf,ukmo,35,-0.00869474023315605,-0.07708471675057837,0.06077493501011606,0.7936,False
jjas_tp,tp,3,acc,fuxi,ncep,35,-0.00364879392090018,-0.10096177513168378,0.08430465757751421,0.9534,False
jjas_tp,tp,3,acc,fuxi,ukmo,35,-0.0691795845516937,-0.1674980359027133,0.023946732507059993,0.1528,False
jjas_tp,tp,3,acc,ncep,ukmo,35,-0.06553079063079353,-0.14037491092329582,0.010321082135358171,0.0878,False
jjas_tp,tp,4,acc,ecmwf,fuxi,35,0.051099482897816594,-0.01174068979154087,0.11269197951337548,0.1124,False
jjas_tp,tp,4,acc,ecmwf,ncep,35,0.10784936793350436,0.04715437562059294,0.16415568584627765,0.0,True
jjas_tp,tp,4,acc,ecmwf,ukmo,35,0.06777540050665158,0.02508621388969229,0.11243594055697605,0.0028,True
jjas_tp,tp,4,acc,fuxi,ncep,35,0.05674988503568777,-0.006561228184517284,0.12068392765593394,0.0766,False
jjas_tp,tp,4,acc,fuxi,ukmo,35,0.016675917608834995,-0.05667132632408419,0.09029879799104258,0.6394,False
jjas_tp,tp,4,acc,ncep,ukmo,35,-0.04007396742685278,-0.10455162020814582,0.025435513491007488,0.2272,False
jjas_tp,tp,5,acc,ecmwf,fuxi,35,0.04932876844623636,-0.005007328506686836,0.10460734712306761,0.077,False
jjas_tp,tp,5,acc,ecmwf,ncep,35,0.08973047967601558,0.038576275975785265,0.14097878950085355,0.0004,True
jjas_tp,tp,5,acc,ecmwf,ukmo,35,0.04532193698339819,-0.013094139069031544,0.10371894177947955,0.1292,False
jjas_tp,tp,5,acc,fuxi,ncep,35,0.040401711229779216,-0.022181195532060164,0.10191244488524706,0.1956,False
jjas_tp,tp,5,acc,fuxi,ukmo,35,-0.004006831462838173,-0.08139294856937558,0.07616443068736309,0.9116,False
jjas_tp,tp,5,acc,ncep,ukmo,35,-0.04440854269261739,-0.11986337328317587,0.029911563357512813,0.2368,False
jjas_tp,tp,6,acc,ecmwf,fuxi,35,0.03393477623229008,-0.02080374273308661,0.09016715156324526,0.2308,False
jjas_tp,tp,6,acc,ecmwf,ncep,35,0.05237616961428084,-0.002625069762739979,0.10404609128857166,0.062,False
jjas_tp,tp,6,acc,ecmwf,ukmo,35,0.04913905223003807,-0.014662266757945129,0.11468229619538298,0.1316,False
jjas_tp,tp,6,acc,fuxi,ncep,35,0.01844139338199076,-0.046513750945465206,0.08250368903254918,0.58,False
jjas_tp,tp,6,acc,fuxi,ukmo,35,0.015204275997747985,-0.05724257676832332,0.0911418658146036,0.6862,False
jjas_tp,tp,6,acc,ncep,ukmo,35,-0.003237117384242774,-0.07263022303550366,0.06579346545465432,0.9272,False
jjas_tp,tp,1,rmse,ecmwf,fuxi,35,-0.5011954339655,-1.1092499626529786,0.056686049854281335,0.0792,False
jjas_tp,tp,1,rmse,ecmwf,ncep,35,-0.2113096829918062,-0.5854832697305564,0.12948672067121075,0.2252,False
jjas_tp,tp,1,rmse,ecmwf,ukmo,35,0.2256826973968291,-0.0699578211856437,0.5168858789776412,0.1352,False
jjas_tp,tp,1,rmse,fuxi,ncep,35,0.28988575097369385,-0.2245415530307071,0.8594157522799836,0.2842,False
jjas_tp,tp,1,rmse,fuxi,ukmo,35,0.7268781313623291,0.13816168638730744,1.3843314696282,0.0132,True
jjas_tp,tp,1,rmse,ncep,ukmo,35,0.4369923803886353,0.10707629260373996,0.7708219683608178,0.0072,True
jjas_tp,tp,2,rmse,ecmwf,fuxi,35,-0.7017534130836012,-1.386434631369594,-0.04726578480857761,0.0346,True
jjas_tp,tp,2,rmse,ecmwf,ncep,35,-0.4518954526944281,-0.8214990842787994,-0.09739637252053113,0.0124,True
jjas_tp,tp,2,rmse,ecmwf,ukmo,35,0.08559194530723424,-0.24185442587084138,0.3999971167116846,0.5982,False
jjas_tp,tp,2,rmse,fuxi,ncep,35,0.24985796038917307,-0.3222478954855547,0.8360595524575947,0.4116,False
jjas_tp,tp,2,rmse,fuxi,ukmo,35,0.7873453583908354,0.19122766086063225,1.4288519831942135,0.0076,True
jjas_tp,tp,2,rmse,ncep,ukmo,35,0.5374873980016623,0.2241371087293111,0.8775256010799242,0.0002,True
jjas_tp,tp,3,rmse,ecmwf,fuxi,35,-1.0261141126081679,-1.512180645004819,-0.5574187142412448,0.0,True
jjas_tp,tp,3,rmse,ecmwf,ncep,35,-0.5270031875046399,-0.8980778585377522,-0.18339765832953625,0.0016,True
jjas_tp,tp,3,rmse,ecmwf,ukmo,35,-0.3526081719417675,-0.7478097486485022,-0.0030758004545914353,0.0482,True
jjas_tp,tp,3,rmse,fuxi,ncep,35,0.49911092510352795,-0.010588670885743843,0.9673627866467605,0.0546,False
jjas_tp,tp,3,rmse,fuxi,ukmo,35,0.6735059406664003,0.1570625087362763,1.2206176436855332,0.0098,True
jjas_tp,tp,3,rmse,ncep,ukmo,35,0.1743950155628724,-0.2930788563673683,0.6540150298055973,0.4596,False
jjas_tp,tp,4,rmse,ecmwf,fuxi,35,-0.9054681631525128,-1.3830821782728588,-0.439660749500759,0.0,True
jjas_tp,tp,4,rmse,ecmwf,ncep,35,-0.6116774694585452,-0.9091337867365702,-0.33318558463851145,0.0,True
jjas_tp,tp,4,rmse,ecmwf,ukmo,35,-0.9089749341579942,-1.2390230411870138,-0.6168997046910946,0.0,True
jjas_tp,tp,4,rmse,fuxi,ncep,35,0.2937906936939676,-0.143457912858929,0.7137487567084702,0.188,False
jjas_tp,tp,4,rmse,fuxi,ukmo,35,-0.0035067710054814683,-0.4391433036047842,0.4138769635049903,0.9808,False
jjas_tp,tp,4,rmse,ncep,ukmo,35,-0.29729746469944907,-0.5837775278395981,-0.0014442685547531315,0.0494,True
jjas_tp,tp,5,rmse,ecmwf,fuxi,35,-0.8722970097238214,-1.3392168336186332,-0.43539321825553673,0.0,True
jjas_tp,tp,5,rmse,ecmwf,ncep,35,-0.5675343556248098,-0.8138014630523422,-0.3339390967876279,0.0,True
jjas_tp,tp,5,rmse,ecmwf,ukmo,35,-0.7350666035016147,-1.0191701020441446,-0.4238818692518271,0.0,True
jjas_tp,tp,5,rmse,fuxi,ncep,35,0.3047626540990116,-0.08061405798681683,0.6908857971983813,0.121,False
jjas_tp,tp,5,rmse,fuxi,ukmo,35,0.13723040622220672,-0.24122354183392863,0.5370515042860792,0.5074,False
jjas_tp,tp,5,rmse,ncep,ukmo,35,-0.16753224787680487,-0.45792091054922635,0.11268043787565846,0.2524,False
jjas_tp,tp,6,rmse,ecmwf,fuxi,35,-0.6660113973927473,-1.0509254957176728,-0.3031833016465022,0.0002,True
jjas_tp,tp,6,rmse,ecmwf,ncep,35,-0.29659550634633725,-0.5212770659706988,-0.09154129248027242,0.0042,True
jjas_tp,tp,6,rmse,ecmwf,ukmo,35,-0.7588911181331319,-1.0450598329885474,-0.4499817702539616,0.0,True
jjas_tp,tp,6,rmse,fuxi,ncep,35,0.36941589104641004,-0.003375651859903508,0.7483264003140208,0.0526,False
jjas_tp,tp,6,rmse,fuxi,ukmo,35,-0.09287972074038464,-0.37428310082799837,0.19700765960853597,0.5144,False
jjas_tp,tp,6,rmse,ncep,ukmo,35,-0.4622956117867947,-0.7397093171304203,-0.17703127425965867,0.0018,True
jjas_tp,tp,1,bias,ecmwf,fuxi,35,3.259091312943175,2.4439750177964075,4.135216597279377,0.0,True
jjas_tp,tp,1,bias,ecmwf,ncep,35,1.076950852190815,0.7100116324420445,1.441767191990183,0.0,True
jjas_tp,tp,1,bias,ecmwf,ukmo,35,0.058468606632965714,-0.18531232911934933,0.31323388365733384,0.6516,False
jjas_tp,tp,1,bias,fuxi,ncep,35,-2.18214046075236,-3.036402292988509,-1.3614565876945395,0.0,True
jjas_tp,tp,1,bias,fuxi,ukmo,35,-3.200622706310209,-4.080930887808577,-2.3652701558171465,0.0,True
jjas_tp,tp,1,bias,ncep,ukmo,35,-1.0184822455578493,-1.4021756652625343,-0.6397032138308213,0.0,True
jjas_tp,tp,2,bias,ecmwf,fuxi,35,3.273859469924499,2.368027573578214,4.22300404237606,0.0,True
jjas_tp,tp,2,bias,ecmwf,ncep,35,1.1526694887700537,0.748850441960283,1.5573684717192162,0.0,True
jjas_tp,tp,2,bias,ecmwf,ukmo,35,1.1606210633476666,0.8021157883571425,1.563693113899358,0.0,True
jjas_tp,tp,2,bias,fuxi,ncep,35,-2.121189981154446,-3.1352770857880077,-1.115677054744671,0.0,True
jjas_tp,tp,2,bias,fuxi,ukmo,35,-2.113238406576833,-3.1689137716942164,-1.0871701378958896,0.0,True
jjas_tp,tp,2,bias,ncep,ukmo,35,0.007951574577612752,-0.495750910222574,0.5168848617422853,0.964,False
jjas_tp,tp,3,bias,ecmwf,fuxi,35,2.8701116720768662,2.0569444790437315,3.6972340655277747,0.0,True
jjas_tp,tp,3,bias,ecmwf,ncep,35,0.9160428917904087,0.5217841764601161,1.3263996805397709,0.0,True
jjas_tp,tp,3,bias,ecmwf,ukmo,35,1.40098165309696,0.8860762193493288,1.9067017903604329,0.0,True
jjas_tp,tp,3,bias,fuxi,ncep,35,-1.9540687802864576,-2.8125986807295082,-1.0965963364087934,0.0,True
jjas_tp,tp,3,bias,fuxi,ukmo,35,-1.4691300189799061,-2.3922210878267767,-0.5341498203878707,0.0028,True
jjas_tp,tp,3,bias,ncep,ukmo,35,0.48493876130655145,-0.011851862887949444,1.0066430654546326,0.0562,False
jjas_tp,tp,4,bias,ecmwf,fuxi,35,2.620199151013422,1.7931101531416744,3.4703436335099545,0.0,True
jjas_tp,tp,4,bias,ecmwf,ncep,35,1.2967489669403638,0.9248447600916713,1.7004904195187676,0.0,True
jjas_tp,tp,4,bias,ecmwf,ukmo,35,1.8866105968153497,1.3679017813379397,2.391329838922461,0.0,True
jjas_tp,tp,4,bias,fuxi,ncep,35,-1.3234501840730586,-2.1267707666085176,-0.5162873030693788,0.0008,True
jjas_tp,tp,4,bias,fuxi,ukmo,35,-0.7335885541980725,-1.5978204515474244,0.11392096547003677,0.086,False
jjas_tp,tp,4,bias,ncep,ukmo,35,0.5898616298749861,0.049207493122748094,1.1608846788588467,0.0316,True
jjas_tp,tp,5,bias,ecmwf,fuxi,35,2.3537920103170618,1.5851678151153195,3.176259007137867,0.0,True
jjas_tp,tp,5,bias,ecmwf,ncep,35,1.0768954054455784,0.7391488992999943,1.4267118706743698,0.0,True
jjas_tp,tp,5,bias,ecmwf,ukmo,35,1.9667321064204195,1.481999877740431,2.468098365319422,0.0,True
jjas_tp,tp,5,bias,fuxi,ncep,35,-1.2768966048714832,-2.031608514779225,-0.5432420626698046,0.0002,True
jjas_tp,tp,5,bias,fuxi,ukmo,35,-0.38705990389664224,-1.2514412591221236,0.40182742008593575,0.347,False
jjas_tp,tp,5,bias,ncep,ukmo,35,0.8898367009748409,0.3575120936884651,1.4224831564548865,0.0014,True
jjas_tp,tp,6,bias,ecmwf,fuxi,35,2.2510438241125152,1.5494549584419544,3.0213478711836372,0.0,True
jjas_tp,tp,6,bias,ecmwf,ncep,35,0.7819964071845138,0.4387111144466058,1.142446262328908,0.0,True
jjas_tp,tp,6,bias,ecmwf,ukmo,35,1.9030587474160328,1.4635582859717962,2.3634746901479105,0.0,True
jjas_tp,tp,6,bias,fuxi,ncep,35,-1.4690474169280014,-2.146893386138266,-0.8321687698370558,0.0,True
jjas_tp,tp,6,bias,fuxi,ukmo,35,-0.3479850766964825,-1.0075544420789129,0.2592152534139533,0.272,False
jjas_tp,tp,6,bias,ncep,ukmo,35,1.121062340231519,0.7225407251936887,1.5126644572637618,0.0,True
jjas_tp,tp,1,crpss_clim,ecmwf,fuxi,35,0.08174360755608215,0.034965385975312464,0.13055952134757756,0.0,True
jjas_tp,tp,1,crpss_clim,ecmwf,ncep,35,0.14624285155986833,0.10448598156241554,0.1980603535061728,0.0,True
jjas_tp,tp,1,crpss_clim,ecmwf,ukmo,35,0.12309795610800335,0.0924591698618796,0.15518296234894127,0.0,True
jjas_tp,tp,1,crpss_clim,fuxi,ncep,35,0.06449924400378616,0.01282450540010208,0.11708826001954,0.0142,True
jjas_tp,tp,1,crpss_clim,fuxi,ukmo,35,0.0413543485519212,-0.010441818263283251,0.0942550813455519,0.1236,False
jjas_tp,tp,1,crpss_clim,ncep,ukmo,35,-0.02314489545186496,-0.06721659082131322,0.019255519633074664,0.2918,False
jjas_tp,tp,2,crpss_clim,ecmwf,fuxi,35,0.15066486974452475,0.07992535653222715,0.22604496960245812,0.0,True
jjas_tp,tp,2,crpss_clim,ecmwf,ncep,35,0.16747847457261653,0.12563091779162497,0.20945598346960873,0.0,True
jjas_tp,tp,2,crpss_clim,ecmwf,ukmo,35,0.11366033951416044,0.07622022861331912,0.15262970840533854,0.0,True
jjas_tp,tp,2,crpss_clim,fuxi,ncep,35,0.016813604828091765,-0.050639449695314386,0.0809029918059848,0.5998,False
jjas_tp,tp,2,crpss_clim,fuxi,ukmo,35,-0.037004530230364326,-0.10877287416132687,0.0330963592148365,0.299,False
jjas_tp,tp,2,crpss_clim,ncep,ukmo,35,-0.05381813505845609,-0.08899246736172223,-0.019051382354800167,0.0018,True
jjas_tp,tp,3,crpss_clim,ecmwf,fuxi,35,0.16385607659255702,0.10636170879791297,0.22890269757273257,0.0,True
jjas_tp,tp,3,crpss_clim,ecmwf,ncep,35,0.11524674373991246,0.07475314997219004,0.15567075801452265,0.0,True
jjas_tp,tp,3,crpss_clim,ecmwf,ukmo,35,0.166591007176583,0.11010541115364805,0.2326918154828244,0.0,True
jjas_tp,tp,3,crpss_clim,fuxi,ncep,35,-0.04860933285264454,-0.11047780653107374,0.013344641404773658,0.1198,False
jjas_tp,tp,3,crpss_clim,fuxi,ukmo,35,0.0027349305840259908,-0.06792924219202753,0.07003946881663256,0.9342,False
jjas_tp,tp,3,crpss_clim,ncep,ukmo,35,0.051344263436670534,-0.015804280576571746,0.12344449129866669,0.1454,False
jjas_tp,tp,4,crpss_clim,ecmwf,fuxi,35,0.14248581659899373,0.08155931536397008,0.21251351806894825,0.0,True
jjas_tp,tp,4,crpss_clim,ecmwf,ncep,35,0.12732995152953042,0.09408329217149809,0.1613475701572243,0.0,True
jjas_tp,tp,4,crpss_clim,ecmwf,ukmo,35,0.21225368760821994,0.16479467125631087,0.26673393446797267,0.0,True
jjas_tp,tp,4,crpss_clim,fuxi,ncep,35,-0.015155865069463328,-0.07889978549380693,0.04552725337732085,0.6346,False
jjas_tp,tp,4,crpss_clim,fuxi,ukmo,35,0.06976787100922621,-0.0014693944165515632,0.14048605774961756,0.0544,False
jjas_tp,tp,4,crpss_clim,ncep,ukmo,35,0.08492373607868954,0.034546343745503666,0.13766539217990786,0.0004,True
jjas_tp,tp,5,crpss_clim,ecmwf,fuxi,35,0.1381705924377136,0.07639667476538717,0.2070510067072621,0.0,True
jjas_tp,tp,5,crpss_clim,ecmwf,ncep,35,0.11252807963446194,0.07983909034170146,0.1468106102795183,0.0,True
jjas_tp,tp,5,crpss_clim,ecmwf,ukmo,35,0.18270317927564075,0.1396400631844378,0.22399915220257824,0.0,True
jjas_tp,tp,5,crpss_clim,fuxi,ncep,35,-0.025642512803251645,-0.08689771261491316,0.0348037109614714,0.4096,False
jjas_tp,tp,5,crpss_clim,fuxi,ukmo,35,0.04453258683792716,-0.022296959165540205,0.10835535177389657,0.184,False
jjas_tp,tp,5,crpss_clim,ncep,ukmo,35,0.0701750996411788,0.023704498568209442,0.11828725406393532,0.0028,True
jjas_tp,tp,6,crpss_clim,ecmwf,fuxi,35,0.10384408702145298,0.056187467966610054,0.1542540748753206,0.0,True
jjas_tp,tp,6,crpss_clim,ecmwf,ncep,35,0.06859974167143863,0.04107548265616756,0.09725679021209499,0.0,True
jjas_tp,tp,6,crpss_clim,ecmwf,ukmo,35,0.18440340485578732,0.13387847324451954,0.2334396532307301,0.0,True
jjas_tp,tp,6,crpss_clim,fuxi,ncep,35,-0.03524434535001435,-0.08446494343827848,0.013604615994038638,0.157,False
jjas_tp,tp,6,crpss_clim,fuxi,ukmo,35,0.08055931783433434,0.032235159591843615,0.1292597233228985,0.001,True
jjas_tp,tp,6,crpss_clim,ncep,ukmo,35,0.11580366318434869,0.06944065505349638,0.16211813748947188,0.0,True
jjas_tp,tp,1,crps,ecmwf,fuxi,35,-0.49418646975660385,-0.7622273472200093,-0.24061991181599363,0.0,True
jjas_tp,tp,1,crps,ecmwf,ncep,35,-0.7310320845722535,-0.982262139975958,-0.5166560949016898,0.0,True
jjas_tp,tp,1,crps,ecmwf,ukmo,35,-0.5494197059242754,-0.68935585412216,-0.4156543097065223,0.0,True
jjas_tp,tp,1,crps,fuxi,ncep,35,-0.2368456148156497,-0.5146403870633491,0.04123027742474566,0.0956,False
jjas_tp,tp,1,crps,fuxi,ukmo,35,-0.05523323616767151,-0.3121833445102595,0.22142539760094587,0.672,False
jjas_tp,tp,1,crps,ncep,ukmo,35,0.1816123786479782,-0.0233057358945925,0.38971197293246546,0.0818,False
jjas_tp,tp,2,crps,ecmwf,fuxi,35,-0.8803034881830563,-1.280312709666526,-0.49935948912665307,0.0,True
jjas_tp,tp,2,crps,ecmwf,ncep,35,-0.8827226808589899,-1.1252703466115317,-0.6532573750812837,0.0,True
jjas_tp,tp,2,crps,ecmwf,ukmo,35,-0.5874317596486831,-0.7780474110871853,-0.4033779278834583,0.0,True
jjas_tp,tp,2,crps,fuxi,ncep,35,-0.0024191926759336013,-0.3437697035835474,0.376716626153583,0.977,False
jjas_tp,tp,2,crps,fuxi,ukmo,35,0.29287172853437315,-0.059846103206192894,0.6754772452505933,0.1122,False
jjas_tp,tp,2,crps,ncep,ukmo,35,0.29529092121030676,0.11395276865585945,0.4916504342281575,0.0008,True
jjas_tp,tp,3,crps,ecmwf,fuxi,35,-0.897548509977387,-1.2643652342994551,-0.5626200174462928,0.0,True
jjas_tp,tp,3,crps,ecmwf,ncep,35,-0.6246410946270213,-0.8613538033645679,-0.3992662430946065,0.0,True
jjas_tp,tp,3,crps,ecmwf,ukmo,35,-0.7587822205082002,-1.0641902029991843,-0.4911870505537608,0.0,True
jjas_tp,tp,3,crps,fuxi,ncep,35,0.27290741535036567,-0.04789876686475103,0.5994213837145385,0.1012,False
jjas_tp,tp,3,crps,fuxi,ukmo,35,0.1387662894691868,-0.21083616274892739,0.5202943938960349,0.4654,False
jjas_tp,tp,3,crps,ncep,ukmo,35,-0.13414112588117888,-0.4617353570235978,0.18219689861444532,0.4152,False
jjas_tp,tp,4,crps,ecmwf,fuxi,35,-0.7390697395592145,-1.1100314594176215,-0.3955914694583566,0.0,True
jjas_tp,tp,4,crps,ecmwf,ncep,35,-0.6413062671798686,-0.8314093559152658,-0.45288881521462165,0.0,True
jjas_tp,tp,4,crps,ecmwf,ukmo,35,-1.0251242935660878,-1.3260733883337048,-0.7510661302016897,0.0,True
jjas_tp,tp,4,crps,fuxi,ncep,35,0.0977634723793459,-0.21510659874493354,0.4187826918473189,0.5396,False
jjas_tp,tp,4,crps,fuxi,ukmo,35,-0.2860545540068733,-0.6581623888935956,0.07568234485487017,0.1264,False
jjas_tp,tp,4,crps,ncep,ukmo,35,-0.3838180263862192,-0.6460109166079181,-0.12695146075806346,0.0032,True
jjas_tp,tp,5,crps,ecmwf,fuxi,35,-0.7080875085376848,-1.0839523286277208,-0.3690085407436089,0.0,True
jjas_tp,tp,5,crps,ecmwf,ncep,35,-0.6104557103466162,-0.8228808206305451,-0.4056862981487903,0.0,True
jjas_tp,tp,5,crps,ecmwf,ukmo,35,-0.8251739104753035,-1.0456125650890324,-0.5759570064849839,0.0,True
jjas_tp,tp,5,crps,fuxi,ncep,35,0.0976317981910686,-0.22685159623197027,0.4189856241554817,0.5482,False
jjas_tp,tp,5,crps,fuxi,ukmo,35,-0.11708640193761877,-0.42034836165562844,0.21378938109851017,0.4768,False
jjas_tp,tp,5,crps,ncep,ukmo,35,-0.21471820012868736,-0.43396452457132084,0.014543157590416453,0.0668,False
jjas_tp,tp,6,crps,ecmwf,fuxi,35,-0.5365835935731762,-0.8373978191780121,-0.26438799157378057,0.0,True
jjas_tp,tp,6,crps,ecmwf,ncep,35,-0.3255906507155619,-0.4835733704516023,-0.18286407100622348,0.0,True
jjas_tp,tp,6,crps,ecmwf,ukmo,35,-0.8138169578332621,-1.076663147072829,-0.5427918096135119,0.0,True
jjas_tp,tp,6,crps,fuxi,ncep,35,0.21099294285761427,-0.057546390253806756,0.5076550880641618,0.1246,False
jjas_tp,tp,6,crps,fuxi,ukmo,35,-0.27723336426008593,-0.5215256125864008,-0.038129902410227935,0.0236,True
jjas_tp,tp,6,crps,ncep,ukmo,35,-0.4882263071177002,-0.7240534256736547,-0.25475884798191145,0.0002,True
jjas_tp,tp,1,spread_skill_ratio,ecmwf,fuxi,35,0.24572098221769087,0.19678070112918064,0.29248518189447037,0.0,True
jjas_tp,tp,1,spread_skill_ratio,ecmwf,ncep,35,0.20562214541100787,0.17336583664397856,0.23994421474990263,0.0,True
jjas_tp,tp,1,spread_skill_ratio,ecmwf,ukmo,35,0.2372741297260898,0.21059819225284818,0.26731713276801833,0.0,True
jjas_tp,tp,1,spread_skill_ratio,fuxi,ncep,35,-0.040098836806683,-0.08595534721988707,0.00949841073231302,0.11,False
jjas_tp,tp,1,spread_skill_ratio,fuxi,ukmo,35,-0.00844685249160107,-0.05037317855147729,0.03682009435919372,0.687,False
jjas_tp,tp,1,spread_skill_ratio,ncep,ukmo,35,0.03165198431508193,0.009966337036585286,0.054279997773141284,0.0056,True
jjas_tp,tp,2,spread_skill_ratio,ecmwf,fuxi,35,0.3696426397987831,0.32586977161808545,0.4207321479064867,0.0,True
jjas_tp,tp,2,spread_skill_ratio,ecmwf,ncep,35,0.26671251219344944,0.22846357265292042,0.3087007292085204,0.0,True
jjas_tp,tp,2,spread_skill_ratio,ecmwf,ukmo,35,0.3127569224585161,0.2652775861946502,0.36514834320613276,0.0,True
jjas_tp,tp,2,spread_skill_ratio,fuxi,ncep,35,-0.10293012760533365,-0.13673241463387995,-0.06918140355675992,0.0,True
jjas_tp,tp,2,spread_skill_ratio,fuxi,ukmo,35,-0.056885717340266984,-0.09537433878348033,-0.01954206856615052,0.003,True
jjas_tp,tp,2,spread_skill_ratio,ncep,ukmo,35,0.04604441026506667,0.01653938455600616,0.07672668952382496,0.0012,True
jjas_tp,tp,3,spread_skill_ratio,ecmwf,fuxi,35,0.3207094039358891,0.28149516881086956,0.36117265373028085,0.0,True
jjas_tp,tp,3,spread_skill_ratio,ecmwf,ncep,35,0.1524659915330857,0.11204918783002159,0.19162181391501312,0.0,True
jjas_tp,tp,3,spread_skill_ratio,ecmwf,ukmo,35,0.2549482967213019,0.19306244184416618,0.31812669407035815,0.0,True
jjas_tp,tp,3,spread_skill_ratio,fuxi,ncep,35,-0.16824341240280338,-0.21412255765328428,-0.12224452759723897,0.0,True
jjas_tp,tp,3,spread_skill_ratio,fuxi,ukmo,35,-0.06576110721458717,-0.11483207368045065,-0.017067520233160976,0.01,True
jjas_tp,tp,3,spread_skill_ratio,ncep,ukmo,35,0.10248230518821622,0.045706758999785636,0.1629339849282467,0.0,True
jjas_tp,tp,4,spread_skill_ratio,ecmwf,fuxi,35,0.27539935253585834,0.228359266897222,0.32421029057929734,0.0,True
jjas_tp,tp,4,spread_skill_ratio,ecmwf,ncep,35,0.21802744124812373,0.1828150758748067,0.25793002061478476,0.0,True
jjas_tp,tp,4,spread_skill_ratio,ecmwf,ukmo,35,0.26490993909999044,0.21091692037464835,0.3199850565827343,0.0,True
jjas_tp,tp,4,spread_skill_ratio,fuxi,ncep,35,-0.05737191128773461,-0.10510433712379835,-0.009906271245350512,0.0166,True
jjas_tp,tp,4,spread_skill_ratio,fuxi,ukmo,35,-0.0104894134358679,-0.06002116959970182,0.03635547139494241,0.6712,False
jjas_tp,tp,4,spread_skill_ratio,ncep,ukmo,35,0.04688249785186671,-0.004198096278862827,0.09888260654757414,0.0744,False
jjas_tp,tp,5,spread_skill_ratio,ecmwf,fuxi,35,0.2501636429663638,0.20825572329285338,0.2950370287281664,0.0,True
jjas_tp,tp,5,spread_skill_ratio,ecmwf,ncep,35,0.17731222409262526,0.14199002471753586,0.21043040452553777,0.0,True
jjas_tp,tp,5,spread_skill_ratio,ecmwf,ukmo,35,0.2781234676052217,0.2172057987885007,0.3420974128599399,0.0,True
jjas_tp,tp,5,spread_skill_ratio,fuxi,ncep,35,-0.07285141887373853,-0.11851379909345204,-0.029395003317548934,0.0008,True
jjas_tp,tp,5,spread_skill_ratio,fuxi,ukmo,35,0.027959824638857933,-0.028129452932995784,0.08347792127859209,0.3118,False
jjas_tp,tp,5,spread_skill_ratio,ncep,ukmo,35,0.10081124351259646,0.03656122311770847,0.16771886310965747,0.0012,True
jjas_tp,tp,6,spread_skill_ratio,ecmwf,fuxi,35,0.2595207246746347,0.2179697819670125,0.30224068452173763,0.0,True
jjas_tp,tp,6,spread_skill_ratio,ecmwf,ncep,35,0.14671047137023208,0.11281247676754796,0.18125508196306522,0.0,True
jjas_tp,tp,6,spread_skill_ratio,ecmwf,ukmo,35,0.2629722645638133,0.21229968449874062,0.3158348067085918,0.0,True
jjas_tp,tp,6,spread_skill_ratio,fuxi,ncep,35,-0.11281025330440264,-0.1578078697707781,-0.0672403198988425,0.0,True
jjas_tp,tp,6,spread_skill_ratio,fuxi,ukmo,35,0.0034515398891785676,-0.04971600903619548,0.053493616135385676,0.8792,False
jjas_tp,tp,6,spread_skill_ratio,ncep,ukmo,35,0.11626179319358121,0.06136355129993639,0.17463572475828365,0.0,True
jjas_z500,z500,1,acc,ecmwf,fuxi,35,0.23898623216270043,0.12483702192212917,0.36994868249286694,0.0,True
jjas_z500,z500,1,acc,ecmwf,ncep,35,0.20940226773321458,0.1435421892681669,0.28236632148796365,0.0,True
jjas_z500,z500,1,acc,ecmwf,ukmo,35,0.03750671846296705,0.009459950474219395,0.06833414547296625,0.0074,True
jjas_z500,z500,1,acc,fuxi,ncep,35,-0.029583964429485854,-0.1660261878481675,0.09540612930936523,0.6824,False
jjas_z500,z500,1,acc,fuxi,ukmo,35,-0.20147951369973338,-0.3397241204753104,-0.08043162861030012,0.0004,True
jjas_z500,z500,1,acc,ncep,ukmo,35,-0.17189554927024753,-0.25254052778259933,-0.09794016026624999,0.0,True
jjas_z500,z500,2,acc,ecmwf,fuxi,35,0.29651070384810163,0.12106741359964347,0.47431864454022715,0.0002,True
jjas_z500,z500,2,acc,ecmwf,ncep,35,0.3836066646799868,0.2542238055448095,0.5179763601624437,0.0,True
jjas_z500,z500,2,acc,ecmwf,ukmo,35,0.11267506057986276,0.01078798258915591,0.210117591330029,0.0316,True
jjas_z500,z500,2,acc,fuxi,ncep,35,0.08709596083188514,-0.09326964894399696,0.2783043417496941,0.3458,False
jjas_z500,z500,2,acc,fuxi,ukmo,35,-0.18383564326823887,-0.38418076386241323,0.015477939066772285,0.073,False
jjas_z500,z500,2,acc,ncep,ukmo,35,-0.270931604100124,-0.425983882081617,-0.12662051676096617,0.0004,True
jjas_z500,z500,3,acc,ecmwf,fuxi,35,0.23937646188237954,0.03646958211060074,0.4403018223822933,0.0212,True
jjas_z500,z500,3,acc,ecmwf,ncep,35,0.2923694232298653,0.1209975039077608,0.47018009678317946,0.0004,True
jjas_z500,z500,3,acc,ecmwf,ukmo,35,0.16270376834911193,0.013411621905643729,0.3094170578689035,0.0328,True
jjas_z500,z500,3,acc,fuxi,ncep,35,0.05299296134748577,-0.16736544635066186,0.27444308971000897,0.631,False
jjas_z500,z500,3,acc,fuxi,ukmo,35,-0.07667269353326761,-0.30397028724262587,0.14510247024342565,0.5022,False
jjas_z500,z500,3,acc,ncep,ukmo,35,-0.12966565488075338,-0.32701323528636655,0.05948373940269917,0.18,False
jjas_z500,z500,4,acc,ecmwf,fuxi,35,0.1725741150417837,-0.03805513232593449,0.3771974399332248,0.1072,False
jjas_z500,z500,4,acc,ecmwf,ncep,35,0.3541925074499088,0.17418515240282778,0.5366822526484508,0.0004,True
jjas_z500,z500,4,acc,ecmwf,ukmo,35,0.1997976706327466,0.017208296946323927,0.3690715533552271,0.0322,True
jjas_z500,z500,4,acc,fuxi,ncep,35,0.1816183924081251,-0.04432972490445187,0.4132427494136319,0.1136,False
jjas_z500,z500,4,acc,fuxi,ukmo,35,0.0272235555909629,-0.13817494091029098,0.19637343947786517,0.7324,False
jjas_z500,z500,4,acc,ncep,ukmo,35,-0.1543948368171622,-0.36296750013658463,0.049713923837231416,0.1396,False
jjas_z500,z500,5,acc,ecmwf,fuxi,35,0.2316803565132818,0.041322209548750946,0.40889077668454793,0.0186,True
jjas_z500,z500,5,acc,ecmwf,ncep,35,0.20864602113908703,0.00010399042406914358,0.41852832447211075,0.0498,True
jjas_z500,z500,5,acc,ecmwf,ukmo,35,0.12678793031319557,-0.08816132549572803,0.3230624693728482,0.2218,False
jjas_z500,z500,5,acc,fuxi,ncep,35,-0.023034335374194755,-0.21400305924314017,0.16479062075713902,0.8112,False
jjas_z500,z500,5,acc,fuxi,ukmo,35,-0.10489242620008624,-0.31605309298229195,0.11312145360806365,0.3304,False
jjas_z500,z500,5,acc,ncep,ukmo,35,-0.08185809082589149,-0.31714776824525226,0.15837314403973735,0.4908,False
jjas_z500,z500,6,acc,ecmwf,fuxi,35,0.22587648380992226,0.003906621875924109,0.44540157015148635,0.0466,True
jjas_z500,z500,6,acc,ecmwf,ncep,35,0.18212953993454595,-0.011309684414168877,0.36956636268170784,0.0662,False
jjas_z500,z500,6,acc,ecmwf,ukmo,35,0.2088250008769006,-0.04464959258154228,0.4376745039805902,0.1016,False
jjas_z500,z500,6,acc,fuxi,ncep,35,-0.04374694387537632,-0.2438023435429159,0.1506570761875436,0.6758,False
jjas_z500,z500,6,acc,fuxi,ukmo,35,-0.017051482933021667,-0.1871202840024042,0.1502929014584023,0.836,False
jjas_z500,z500,6,acc,ncep,ukmo,35,0.026695460942354657,-0.20764006357285417,0.26321228750852144,0.8258,False
jjas_z500,z500,1,rmse,ecmwf,fuxi,35,-3.885627215224374,-5.737052520487281,-2.147811651688191,0.0,True
jjas_z500,z500,1,rmse,ecmwf,ncep,35,-8.267369303820825,-9.749437557097004,-6.878259623937769,0.0,True
jjas_z500,z500,1,rmse,ecmwf,ukmo,35,-8.390119304860626,-9.359331014914785,-7.378318412405247,0.0,True
jjas_z500,z500,1,rmse,fuxi,ncep,35,-4.381742088596452,-6.799303021392731,-1.8431648022927765,0.0006,True
jjas_z500,z500,1,rmse,fuxi,ukmo,35,-4.504492089636253,-6.446462335307687,-2.4988113786187593,0.0002,True
jjas_z500,z500,1,rmse,ncep,ukmo,35,-0.12275000103980105,-2.0588332690934403,1.9441922258366433,0.8928,False
jjas_z500,z500,2,rmse,ecmwf,fuxi,35,-15.12785164384443,-20.642120328987563,-9.841975392438645,0.0,True
jjas_z500,z500,2,rmse,ecmwf,ncep,35,-9.18069016691204,-11.773019478521999,-6.730479204923207,0.0,True
jjas_z500,z500,2,rmse,ecmwf,ukmo,35,-7.738552167422839,-9.485998187051827,-6.000465759127062,0.0,True
jjas_z500,z500,2,rmse,fuxi,ncep,35,5.94716147693239,0.09689634062946972,11.981644271957983,0.0464,True
jjas_z500,z500,2,rmse,fuxi,ukmo,35,7.389299476421591,1.8696408549328576,13.117716475942665,0.0086,True
jjas_z500,z500,2,rmse,ncep,ukmo,35,1.4421379994892014,-1.3507035728333892,4.319359388490599,0.3236,False
jjas_z500,z500,3,rmse,ecmwf,fuxi,35,-21.48567892328309,-28.926231521836566,-14.278864706920043,0.0,True
jjas_z500,z500,3,rmse,ecmwf,ncep,35,-11.597077260098365,-15.247429595233413,-8.373653804129814,0.0,True
jjas_z500,z500,3,rmse,ecmwf,ukmo,35,-8.005343628952657,-9.787640844657648,-6.28405289424987,0.0,True
jjas_z500,z500,3,rmse,fuxi,ncep,35,9.888601663184723,1.363512691784071,18.709794711955627,0.0208,True
jjas_z500,z500,3,rmse,fuxi,ukmo,35,13.48033529433043,5.933533691052402,21.24830259516868,0.0004,True
jjas_z500,z500,3,rmse,ncep,ukmo,35,3.5917336311457078,0.7224898379234013,6.788514685014188,0.0092,True
jjas_z500,z500,4,rmse,ecmwf,fuxi,35,-22.32226487235582,-29.93766871700292,-14.936992317350729,0.0,True
jjas_z500,z500,4,rmse,ecmwf,ncep,35,-14.034437124711367,-17.977210786385317,-10.481180992959091,0.0,True
jjas_z500,z500,4,rmse,ecmwf,ukmo,35,-7.232044986897495,-9.518416258201768,-4.926395601009987,0.0,True
jjas_z500,z500,4,rmse,fuxi,ncep,35,8.287827747644453,-0.49660606824806436,17.31158874351041,0.0694,False
jjas_z500,z500,4,rmse,fuxi,ukmo,35,15.090219885458325,6.859489712447825,23.572030850141246,0.0,True
jjas_z500,z500,4,rmse,ncep,ukmo,35,6.802392137813872,3.663223525210582,10.349167541610562,0.0,True
jjas_z500,z500,5,rmse,ecmwf,fuxi,35,-22.748478122804492,-30.00401951664776,-15.827955435686324,0.0,True
jjas_z500,z500,5,rmse,ecmwf,ncep,35,-16.319218861571514,-20.757614836611094,-12.234507676389251,0.0,True
jjas_z500,z500,5,rmse,ecmwf,ukmo,35,-6.991807108201256,-9.488144485031704,-4.602485974748447,0.0,True
jjas_z500,z500,5,rmse,fuxi,ncep,35,6.429259261232982,-1.7995909746872334,15.034644291792867,0.1346,False
jjas_z500,z500,5,rmse,fuxi,ukmo,35,15.756671014603238,8.144126656055752,23.61307074779501,0.0,True
jjas_z500,z500,5,rmse,ncep,ukmo,35,9.327411753370257,5.165576325267951,13.926552461997714,0.0,True
jjas_z500,z500,6,rmse,ecmwf,fuxi,35,-22.199142596183794,-29.397049004523016,-15.241010706443209,0.0,True
jjas_z500,z500,6,rmse,ecmwf,ncep,35,-18.02501571213002,-22.221847422632244,-13.901589918471457,0.0,True
jjas_z500,z500,6,rmse,ecmwf,ukmo,35,-9.591246417036153,-12.319520749910318,-6.8038747600373615,0.0,True
jjas_z500,z500,6,rmse,fuxi,ncep,35,4.1741268840537735,-3.9382977921320643,12.807305259380174,0.327,False
jjas_z500,z500,6,rmse,fuxi,ukmo,35,12.607896179147641,5.286884369628079,20.32474476532968,0.0008,True
jjas_z500,z500,6,rmse,ncep,ukmo,35,8.433769295093867,4.09865979034486,12.918857730498855,0.0,True
jjas_z500,z500,1,bias,ecmwf,fuxi,35,-5.0978575220512194,-7.95760347521341,-2.4242037036369353,0.0002,True
jjas_z500,z500,1,bias,ecmwf,ncep,35,8.538203494402099,6.598862871431585,10.490662516260729,0.0,True
jjas_z500,z500,1,bias,ecmwf,ukmo,35,9.512212674720947,8.530466660141009,10.493575951484214,0.0,True
jjas_z500,z500,1,bias,fuxi,ncep,35,13.636061016453318,11.130643550426882,16.153855872208904,0.0,True
jjas_z500,z500,1,bias,fuxi,ukmo,35,14.610070196772167,11.570427858877807,17.730645701833435,0.0,True
jjas_z500,z500,1,bias,ncep,ukmo,35,0.9740091803188484,-1.5513238712220194,3.475816002945209,0.44,False
jjas_z500,z500,2,bias,ecmwf,fuxi,35,-16.738493913646185,-23.869481503084597,-9.458141129431151,0.0,True
jjas_z500,z500,2,bias,ecmwf,ncep,35,12.223858479536384,9.330538313365654,15.303853987970616,0.0,True
jjas_z500,z500,2,bias,ecmwf,ukmo,35,12.142921759852547,10.250278243803507,13.914606412622396,0.0,True
jjas_z500,z500,2,bias,fuxi,ncep,35,28.96235239318257,21.42081138686997,36.43829243410912,0.0,True
jjas_z500,z500,2,bias,fuxi,ukmo,35,28.88141567349873,21.3810632232851,36.312212911095564,0.0,True
jjas_z500,z500,2,bias,ncep,ukmo,35,-0.08093671968383731,-3.8783162560960758,3.5373279610584953,0.9656,False
jjas_z500,z500,3,bias,ecmwf,fuxi,35,-24.364932205843598,-33.57405709511766,-15.579688964272664,0.0,True
jjas_z500,z500,3,bias,ecmwf,ncep,35,15.613688197231266,12.53546805321775,18.99711061482638,0.0,True
jjas_z500,z500,3,bias,ecmwf,ukmo,35,12.76070949361204,11.250444129934273,14.26208234333543,0.0,True
jjas_z500,z500,3,bias,fuxi,ncep,35,39.97862040307486,30.66636942937647,49.34433854419276,0.0,True
jjas_z500,z500,3,bias,fuxi,ukmo,35,37.12564169945564,28.274563181744668,46.30142258464036,0.0,True
jjas_z500,z500,3,bias,ncep,ukmo,35,-2.8529787036192253,-6.660678484734694,0.6126996242706169,0.1152,False
jjas_z500,z500,4,bias,ecmwf,fuxi,35,-26.107037043166116,-36.233788944860535,-16.30728024804514,0.0,True
jjas_z500,z500,4,bias,ecmwf,ncep,35,18.178662712785286,14.39132196742242,22.314014029293922,0.0,True
jjas_z500,z500,4,bias,ecmwf,ukmo,35,11.501473586612422,9.584577201652975,13.357236976903726,0.0,True
jjas_z500,z500,4,bias,fuxi,ncep,35,44.2856997559514,33.96411135803037,54.72236732644158,0.0,True
jjas_z500,z500,4,bias,fuxi,ukmo,35,37.608510629778536,27.895829497986785,47.3919732192462,0.0,True
jjas_z500,z500,4,bias,ncep,ukmo,35,-6.677189126172863,-10.705779812350963,-2.8072045236579446,0.0002,True
jjas_z500,z500,5,bias,ecmwf,fuxi,35,-25.637111931357403,-35.36414780031354,-16.099942877832085,0.0,True
jjas_z500,z500,5,bias,ecmwf,ncep,35,20.615524202989832,16.404441116587297,25.206999386003517,0.0,True
jjas_z500,z500,5,bias,ecmwf,ukmo,35,12.36927841014242,10.439160177112655,14.164854122752793,0.0,True
jjas_z500,z500,5,bias,fuxi,ncep,35,46.252636134347235,36.073577269469844,56.63106326732788,0.0,True
jjas_z500,z500,5,bias,fuxi,ukmo,35,38.006390341499824,28.353569441698234,47.7096300403019,0.0,True
jjas_z500,z500,5,bias,ncep,ukmo,35,-8.246245792847413,-13.61605613381203,-3.271571751551963,0.0016,True
jjas_z500,z500,6,bias,ecmwf,fuxi,35,-23.184592767088528,-32.711301577939295,-13.660542456570049,0.0,True
jjas_z500,z500,6,bias,ecmwf,ncep,35,24.511782644819256,20.318730837328978,28.92701325424912,0.0,True
jjas_z500,z500,6,bias,ecmwf,ukmo,35,15.973986879530397,14.320364673006605,17.663011740088614,0.0,True
jjas_z500,z500,6,bias,fuxi,ncep,35,47.69637541190778,37.847495397421014,57.71148351266145,0.0,True
jjas_z500,z500,6,bias,fuxi,ukmo,35,39.158579646618925,29.125152272361746,48.993681819751465,0.0,True
jjas_z500,z500,6,bias,ncep,ukmo,35,-8.537795765288859,-13.5706280579451,-3.487287029851809,0.0004,True
jjas_z500,z500,1,crpss_clim,ecmwf,fuxi,35,0.240621403448478,0.13609550469038592,0.359659750142008,0.0,True
jjas_z500,z500,1,crpss_clim,ecmwf,ncep,35,0.5879164926508771,0.4885847723124076,0.6897342936509118,0.0,True
jjas_z500,z500,1,crpss_clim,ecmwf,ukmo,35,0.8033104869936026,0.6374426142615768,0.9915199605684584,0.0,True
jjas_z500,z500,1,crpss_clim,fuxi,ncep,35,0.34729508920239904,0.19584880384314335,0.4891717438146108,0.0,True
jjas_z500,z500,1,crpss_clim,fuxi,ukmo,35,0.5626890835451246,0.40149908564463704,0.7387127308122904,0.0,True
jjas_z500,z500,1,crpss_clim,ncep,ukmo,35,0.21539399434272558,0.046404281429105146,0.38705475147615037,0.0112,True
jjas_z500,z500,2,crpss_clim,ecmwf,fuxi,35,0.7314142031258897,0.43880625788711863,1.0575202253327405,0.0,True
jjas_z500,z500,2,crpss_clim,ecmwf,ncep,35,0.6591790591574519,0.4694885021851904,0.8811369396221265,0.0,True
jjas_z500,z500,2,crpss_clim,ecmwf,ukmo,35,0.6560040797060264,0.4712843209402691,0.8632229182731093,0.0,True
jjas_z500,z500,2,crpss_clim,fuxi,ncep,35,-0.07223514396843776,-0.4349537731411631,0.28699208902805723,0.6826,False
jjas_z500,z500,2,crpss_clim,fuxi,ukmo,35,-0.07541012341986333,-0.38318488884721735,0.22413320622680416,0.6222,False
jjas_z500,z500,2,crpss_clim,ncep,ukmo,35,-0.003174979451425572,-0.2819042768801939,0.2674364346210233,0.9974,False
jjas_z500,z500,3,crpss_clim,ecmwf,fuxi,35,0.9527208557115383,0.5494044478358138,1.4224775169648705,0.0,True
jjas_z500,z500,3,crpss_clim,ecmwf,ncep,35,0.7289012369693384,0.52271033445222,0.9631013756033356,0.0,True
jjas_z500,z500,3,crpss_clim,ecmwf,ukmo,35,0.5804425117795698,0.4547498542309868,0.7227379300222423,0.0,True
jjas_z500,z500,3,crpss_clim,fuxi,ncep,35,-0.22381961874219994,-0.7737620016158014,0.2642040059546981,0.4156,False
jjas_z500,z500,3,crpss_clim,fuxi,ukmo,35,-0.3722783439319685,-0.777746762356341,-0.008731583439623306,0.0444,True
jjas_z500,z500,3,crpss_clim,ncep,ukmo,35,-0.14845872518976855,-0.41575364641125123,0.09825014459900544,0.2626,False
jjas_z500,z500,4,crpss_clim,ecmwf,fuxi,35,0.9377037016278196,0.556654160373569,1.3769956754980663,0.0,True
jjas_z500,z500,4,crpss_clim,ecmwf,ncep,35,0.9892999590384047,0.6845719869240973,1.3440162236923952,0.0,True
jjas_z500,z500,4,crpss_clim,ecmwf,ukmo,35,0.5073665927744987,0.36349180425775024,0.6507900310513411,0.0,True
jjas_z500,z500,4,crpss_clim,fuxi,ncep,35,0.051596257410585156,-0.5008625827578811,0.5548856700392361,0.8342,False
jjas_z500,z500,4,crpss_clim,fuxi,ukmo,35,-0.4303371088533209,-0.8954194469588993,-0.027634434943713083,0.0328,True
jjas_z500,z500,4,crpss_clim,ncep,ukmo,35,-0.48193336626390604,-0.836460381171752,-0.17688984158530022,0.0008,True
jjas_z500,z500,5,crpss_clim,ecmwf,fuxi,35,0.9312895268337513,0.567062866613065,1.3560257369479973,0.0,True
jjas_z500,z500,5,crpss_clim,ecmwf,ncep,35,1.177828992101871,0.8153780606677541,1.5959099073723362,0.0,True
jjas_z500,z500,5,crpss_clim,ecmwf,ukmo,35,0.4860396424267638,0.3308782959468808,0.6541116449278592,0.0,True
jjas_z500,z500,5,crpss_clim,fuxi,ncep,35,0.24653946526811965,-0.33491637868693436,0.7889124353503109,0.3804,False
jjas_z500,z500,5,crpss_clim,fuxi,ukmo,35,-0.44524988440698754,-0.9160965520248984,-0.037892390284287494,0.0324,True
jjas_z500,z500,5,crpss_clim,ncep,ukmo,35,-0.6917893496751072,-1.134208335017447,-0.29801507355913104,0.0002,True
jjas_z500,z500,6,crpss_clim,ecmwf,fuxi,35,0.8370753560698241,0.5166037715084761,1.1924888764688168,0.0,True
jjas_z500,z500,6,crpss_clim,ecmwf,ncep,35,1.2621889711769496,0.9500140104021629,1.5993936548387617,0.0,True
jjas_z500,z500,6,crpss_clim,ecmwf,ukmo,35,0.6949842349514825,0.49225887639958055,0.9153740938355521,0.0,True
jjas_z500,z500,6,crpss_clim,fuxi,ncep,35,0.4251136151071256,-0.018020890869832277,0.8591177715805095,0.059,False
jjas_z500,z500,6,crpss_clim,fuxi,ukmo,35,-0.14209112111834155,-0.4726139048465602,0.18869487878988897,0.408,False
jjas_z500,z500,6,crpss_clim,ncep,ukmo,35,-0.5672047362254671,-0.9740051127031935,-0.17464381528932127,0.0036,True
jjas_z500,z500,1,crps,ecmwf,fuxi,35,-2.7099085124646596,-3.767677903696843,-1.7861243342825,0.0,True
jjas_z500,z500,1,crps,ecmwf,ncep,35,-7.813918598002788,-9.340273556524748,-6.334758195361039,0.0,True
jjas_z500,z500,1,crps,ecmwf,ukmo,35,-8.71899870522732,-9.714782293851245,-7.697950301998233,0.0,True
jjas_z500,z500,1,crps,fuxi,ncep,35,-5.104010085538128,-6.940649240008551,-3.1777643320563835,0.0,True
jjas_z500,z500,1,crps,fuxi,ukmo,35,-6.00909019276266,-7.436444460307608,-4.504901637437434,0.0,True
jjas_z500,z500,1,crps,ncep,ukmo,35,-0.9050801072245314,-2.9262517813763345,1.1529354740710773,0.3648,False
jjas_z500,z500,2,crps,ecmwf,fuxi,35,-7.317956720802633,-9.758526994281096,-4.906807302304693,0.0,True
jjas_z500,z500,2,crps,ecmwf,ncep,35,-8.479265206169874,-11.03435955775837,-6.132814019137637,0.0,True
jjas_z500,z500,2,crps,ecmwf,ukmo,35,-7.383906909297145,-8.953861649828903,-5.874002829220982,0.0,True
jjas_z500,z500,2,crps,fuxi,ncep,35,-1.1613084853672397,-4.75662150403496,2.2964871135485083,0.5226,False
jjas_z500,z500,2,crps,fuxi,ukmo,35,-0.06595018849451151,-2.8254530810564327,2.6797050510801186,0.9598,False
jjas_z500,z500,2,crps,ncep,ukmo,35,1.0953582968727282,-1.5310449324350572,3.916109455315531,0.442,False
jjas_z500,z500,3,crps,ecmwf,fuxi,35,-9.244906207602556,-12.463950718360259,-6.312543233533741,0.0,True
jjas_z500,z500,3,crps,ecmwf,ncep,35,-10.621436932611203,-14.072089589173368,-7.377318684592014,0.0,True
jjas_z500,z500,3,crps,ecmwf,ukmo,35,-7.385761099230658,-8.965102372373165,-5.875748341707532,0.0,True
jjas_z500,z500,3,crps,fuxi,ncep,35,-1.3765307250086476,-6.289832884328945,3.7607712311932926,0.5924,False
jjas_z500,z500,3,crps,fuxi,ukmo,35,1.859145108371898,-1.5404652961070278,5.431808620853088,0.2852,False
jjas_z500,z500,3,crps,ncep,ukmo,35,3.2356758333805455,0.36572679695608545,6.381291097645964,0.0258,True
jjas_z500,z500,4,crps,ecmwf,fuxi,35,-8.776655859403242,-11.601718814058502,-6.02033669251677,0.0,True
jjas_z500,z500,4,crps,ecmwf,ncep,35,-12.555411448700568,-16.251089363644567,-9.17015074817926,0.0,True
jjas_z500,z500,4,crps,ecmwf,ukmo,35,-6.500863131728971,-8.35534020864242,-4.658145068656333,0.0,True
jjas_z500,z500,4,crps,fuxi,ncep,35,-3.778755589297324,-8.770692323295336,1.1191161708372466,0.1222,False
jjas_z500,z500,4,crps,fuxi,ukmo,35,2.275792727674272,-1.4927674132855233,6.038456055192241,0.2322,False
jjas_z500,z500,4,crps,ncep,ukmo,35,6.054548316971596,3.12029587403893,9.225594941776208,0.0,True
jjas_z500,z500,5,crps,ecmwf,fuxi,35,-9.102762331322689,-11.783980574277821,-6.551265795814146,0.0,True
jjas_z500,z500,5,crps,ecmwf,ncep,35,-14.47157161241501,-18.50990410809387,-10.62329371491918,0.0,True
jjas_z500,z500,5,crps,ecmwf,ukmo,35,-6.400569458322716,-8.5106301148933,-4.3507210768956055,0.0,True
jjas_z500,z500,5,crps,fuxi,ncep,35,-5.368809281092322,-10.13036184213871,-0.442793358170768,0.032,True
jjas_z500,z500,5,crps,fuxi,ukmo,35,2.702192872999973,-0.6652544959583772,6.2359265012679845,0.1166,False
jjas_z500,z500,5,crps,ncep,ukmo,35,8.071002154092294,4.155642798778488,12.184480500087632,0.0,True
jjas_z500,z500,6,crps,ecmwf,fuxi,35,-8.789103193805865,-11.467063394999252,-6.170522281821472,0.0,True
jjas_z500,z500,6,crps,ecmwf,ncep,35,-15.792822430473691,-19.70996811690614,-11.916963902413546,0.0,True
jjas_z500,z500,6,crps,ecmwf,ukmo,35,-8.605508545770572,-10.888104410700315,-6.386209082744314,0.0,True
jjas_z500,z500,6,crps,fuxi,ncep,35,-7.003719236667827,-11.451157552981947,-2.424762703669022,0.0034,True
jjas_z500,z500,6,crps,fuxi,ukmo,35,0.18359464803529235,-3.10494076105885,3.5181296882750024,0.934,False
jjas_z500,z500,6,crps,ncep,ukmo,35,7.187313884703119,3.2354560697469865,11.219994319002744,0.0004,True
jjas_z500,z500,1,spread_skill_ratio,ecmwf,fuxi,35,-0.29666393161227356,-0.7362763973041319,0.10475255174203128,0.1662,False
jjas_z500,z500,1,spread_skill_ratio,ecmwf,ncep,35,0.7421213816853874,0.6564719702019849,0.8277046373071004,0.0,True
jjas_z500,z500,1,spread_skill_ratio,ecmwf,ukmo,35,0.783685881059961,0.6905265144136278,0.8774723890478994,0.0,True
jjas_z500,z500,1,spread_skill_ratio,fuxi,ncep,35,1.038785313297661,0.6606138702138153,1.4638087712221022,0.0,True
jjas_z500,z500,1,spread_skill_ratio,fuxi,ukmo,35,1.0803498126722346,0.7045888026000381,1.499820934416255,0.0,True
jjas_z500,z500,1,spread_skill_ratio,ncep,ukmo,35,0.041564499374573544,0.0060310745443835495,0.07597134429652043,0.0236,True
jjas_z500,z500,2,spread_skill_ratio,ecmwf,fuxi,35,0.003461213803157781,-0.3544431319409432,0.3092882750765002,0.9346,False
jjas_z500,z500,2,spread_skill_ratio,ecmwf,ncep,35,0.7915586198616467,0.6737280993445335,0.9152955052911632,0.0,True
jjas_z500,z500,2,spread_skill_ratio,ecmwf,ukmo,35,0.7605252230152455,0.6279168570098886,0.8992873990853748,0.0,True
jjas_z500,z500,2,spread_skill_ratio,fuxi,ncep,35,0.7880974060584889,0.48742072922716684,1.1414816083994863,0.0,True
jjas_z500,z500,2,spread_skill_ratio,fuxi,ukmo,35,0.7570640092120877,0.4605725830398299,1.0962031755623098,0.0,True
jjas_z500,z500,2,spread_skill_ratio,ncep,ukmo,35,-0.031033396846401162,-0.09500604458440896,0.03327113504913333,0.3388,False
jjas_z500,z500,3,spread_skill_ratio,ecmwf,fuxi,35,-0.11481306035574645,-0.44728486849287175,0.19273411511321217,0.487,False
jjas_z500,z500,3,spread_skill_ratio,ecmwf,ncep,35,0.7098136352316744,0.5943157683676754,0.8354356937899476,0.0,True
jjas_z500,z500,3,spread_skill_ratio,ecmwf,ukmo,35,0.6006173166569724,0.48745180328935805,0.7263566662058618,0.0,True
jjas_z500,z500,3,spread_skill_ratio,fuxi,ncep,35,0.8246266955874209,0.5391752508790628,1.1433320036122345,0.0,True
jjas_z500,z500,3,spread_skill_ratio,fuxi,ukmo,35,0.7154303770127188,0.43436301341838546,1.0264035612735782,0.0,True
jjas_z500,z500,3,spread_skill_ratio,ncep,ukmo,35,-0.10919631857470208,-0.2111869910035122,-0.01606328222267504,0.0206,True
jjas_z500,z500,4,spread_skill_ratio,ecmwf,fuxi,35,-0.22516921857028027,-0.5602990549099149,0.07283548824903803,0.1498,False
jjas_z500,z500,4,spread_skill_ratio,ecmwf,ncep,35,0.7908301619120213,0.6380673864469515,0.9542810213511937,0.0,True
jjas_z500,z500,4,spread_skill_ratio,ecmwf,ukmo,35,0.5424365419885048,0.3581123881587518,0.7376896315125941,0.0,True
jjas_z500,z500,4,spread_skill_ratio,fuxi,ncep,35,1.0159993804823015,0.7399274271043352,1.3202988391842112,0.0,True
jjas_z500,z500,4,spread_skill_ratio,fuxi,ukmo,35,0.767605760558785,0.48984105279563217,1.078454996832103,0.0,True
jjas_z500,z500,4,spread_skill_ratio,ncep,ukmo,35,-0.24839361992351655,-0.36296093671307633,-0.1398849013806972,0.0,True
jjas_z500,z500,5,spread_skill_ratio,ecmwf,fuxi,35,-0.24401731099285762,-0.5513922237342332,0.0409064507880507,0.0968,False
jjas_z500,z500,5,spread_skill_ratio,ecmwf,ncep,35,0.9028746304057973,0.706431074153224,1.1157603953606585,0.0,True
jjas_z500,z500,5,spread_skill_ratio,ecmwf,ukmo,35,0.5647045328488762,0.35162108814872417,0.7915647705460948,0.0,True
jjas_z500,z500,5,spread_skill_ratio,fuxi,ncep,35,1.146891941398655,0.8548010510033021,1.4471949859538318,0.0,True
jjas_z500,z500,5,spread_skill_ratio,fuxi,ukmo,35,0.8087218438417338,0.5251199714666667,1.1058069578087726,0.0,True
jjas_z500,z500,5,spread_skill_ratio,ncep,ukmo,35,-0.338170097556921,-0.5028233737295031,-0.19849294802693562,0.0,True
jjas_z500,z500,6,spread_skill_ratio,ecmwf,fuxi,35,-0.2592448824058018,-0.5935898164968052,0.07636728466410436,0.126,False
jjas_z500,z500,6,spread_skill_ratio,ecmwf,ncep,35,1.001271895553326,0.7652085404440939,1.2703679376776102,0.0,True
jjas_z500,z500,6,spread_skill_ratio,ecmwf,ukmo,35,0.6664365401768728,0.39466219572104416,0.9694985315675105,0.0,True
jjas_z500,z500,6,spread_skill_ratio,fuxi,ncep,35,1.2605167779591278,0.9801662862659117,1.5618936799249852,0.0,True
jjas_z500,z500,6,spread_skill_ratio,fuxi,ukmo,35,0.9256814225826746,0.5968637447023516,1.2741119196372392,0.0,True
jjas_z500,z500,6,spread_skill_ratio,ncep,ukmo,35,-0.3348353553764532,-0.5176044697109184,-0.17595178206155987,0.0,True
jjas17,tp,1,acc,ecmwf,fuxi,17,-0.008603438689248899,-0.07078428601086949,0.058558524678598026,0.7872,False
jjas17,tp,1,acc,ecmwf,ncep,17,0.09377178592706992,0.030685550278630812,0.15985059369397778,0.0036,True
jjas17,tp,1,acc,ecmwf,ukmo,17,-0.010425284804581436,-0.06641927923538907,0.03521260859636283,0.715,False
jjas17,tp,1,acc,fuxi,ncep,17,0.10237522461631882,0.035688783995038775,0.17379942348206368,0.003,True
jjas17,tp,1,acc,fuxi,ukmo,17,-0.0018218461153325372,-0.06429627308139002,0.0608332286586762,0.9444,False
jjas17,tp,1,acc,ncep,ukmo,17,-0.10419707073165135,-0.166197485519635,-0.04570065233736812,0.0,True
jjas17,tp,2,acc,ecmwf,fuxi,17,-0.008586167462310057,-0.11507699971903093,0.09294224858629828,0.8818,False
jjas17,tp,2,acc,ecmwf,ncep,17,0.11725149630555419,0.02494115075179983,0.2054664243137033,0.0112,True
jjas17,tp,2,acc,ecmwf,ukmo,17,0.009439023967692278,-0.06966148096345602,0.08958986814498344,0.823,False
jjas17,tp,2,acc,fuxi,ncep,17,0.12583766376786426,0.012936539079172655,0.2367110490950179,0.0302,True
jjas17,tp,2,acc,fuxi,ukmo,17,0.018025191430002335,-0.0943980888903121,0.1234185517711359,0.7276,False
jjas17,tp,2,acc,ncep,ukmo,17,-0.10781247233786191,-0.18102075432853887,-0.03880828597841611,0.0016,True
jjas17,tp,3,acc,ecmwf,fuxi,17,0.0319538084261995,-0.05329186835918714,0.1208160894026939,0.4788,False
jjas17,tp,3,acc,ecmwf,ncep,17,0.11004727203024472,0.0011107664974320758,0.22003894960221634,0.0478,True
jjas17,tp,3,acc,ecmwf,ukmo,17,0.011623350440503104,-0.06971116807462818,0.10152943512710538,0.8206,False
jjas17,tp,3,acc,fuxi,ncep,17,0.07809346360404523,-0.04694087118552812,0.19324054484950215,0.1958,False
jjas17,tp,3,acc,fuxi,ukmo,17,-0.020330457985696396,-0.12120887248300644,0.06946556166279838,0.7106,False
jjas17,tp,3,acc,ncep,ukmo,17,-0.09842392158974161,-0.17822469397676238,-0.01813530900993107,0.019,True
jjas17,tp,4,acc,ecmwf,fuxi,17,0.005815996399747236,-0.06926601211289722,0.08167697931275422,0.877,False
jjas17,tp,4,acc,ecmwf,ncep,17,0.12108659590096266,0.02821954943938893,0.19936373533062382,0.0126,True
jjas17,tp,4,acc,ecmwf,ukmo,17,0.06935945393269367,0.008826028200930602,0.13966960741414527,0.024,True
jjas17,tp,4,acc,fuxi,ncep,17,0.11527059950121543,0.020595791631730233,0.20901885314579055,0.0166,True
jjas17,tp,4,acc,fuxi,ukmo,17,0.06354345753294643,-0.028460643291864148,0.15568425089115254,0.1716,False
jjas17,tp,4,acc,ncep,ukmo,17,-0.05172714196826899,-0.14773756150191214,0.046935644790281186,0.3114,False
jjas17,tp,5,acc,ecmwf,fuxi,17,0.008848567251379273,-0.05094802166990377,0.07095063769451493,0.7782,False
jjas17,tp,5,acc,ecmwf,ncep,17,0.08047312280248319,0.010748592346751571,0.1515421765012355,0.0222,True
jjas17,tp,5,acc,ecmwf,ukmo,17,0.053535617959155,-0.03430291875753645,0.1419493013776595,0.226,False
jjas17,tp,5,acc,fuxi,ncep,17,0.07162455555110392,-0.013018619018657666,0.16337808918856203,0.0998,False
jjas17,tp,5,acc,fuxi,ukmo,17,0.044687050707775726,-0.05678419399353035,0.160786317194327,0.438,False
jjas17,tp,5,acc,ncep,ukmo,17,-0.026937504843328186,-0.12161692905774213,0.06683016965538646,0.5728,False
jjas17,tp,6,acc,ecmwf,fuxi,17,0.020567248900476454,-0.05420118122650515,0.09669073598513545,0.5984,False
jjas17,tp,6,acc,ecmwf,ncep,17,0.046318696050964725,-0.041476945618210546,0.12527769177674608,0.2754,False
jjas17,tp,6,acc,ecmwf,ukmo,17,0.04136230125769792,-0.04667730100693148,0.1296591122772908,0.3462,False
jjas17,tp,6,acc,fuxi,ncep,17,0.02575144715048827,-0.0813422663312881,0.1320718989562716,0.642,False
jjas17,tp,6,acc,fuxi,ukmo,17,0.02079505235722147,-0.07965132961327089,0.13454462479829823,0.7078,False
jjas17,tp,6,acc,ncep,ukmo,17,-0.004956394793266802,-0.0987641032413972,0.08578183142851445,0.9392,False
jjas17,tp,1,rmse,ecmwf,fuxi,17,0.5684498546841406,0.1741711882822558,0.9712213268965472,0.005,True
jjas17,tp,1,rmse,ecmwf,ncep,17,-0.1635321143112911,-0.5845760101941976,0.2505502857548303,0.4388,False
jjas17,tp,1,rmse,ecmwf,ukmo,17,0.44296347351543375,0.15678993200667313,0.7570538159706622,0.0014,True
jjas17,tp,1,rmse,fuxi,ncep,17,-0.7319819689954317,-1.0714076981793346,-0.39913870849854993,0.0,True
jjas17,tp,1,rmse,fuxi,ukmo,17,-0.1254863811687068,-0.45180995832722853,0.21431634087176635,0.4576,False
jjas17,tp,1,rmse,ncep,ukmo,17,0.6064955878267249,0.22783948902604023,0.9777725940697826,0.0016,True
jjas17,tp,2,rmse,ecmwf,fuxi,17,0.2795184824835779,-0.2961619422222578,0.85882258290516,0.3466,False
jjas17,tp,2,rmse,ecmwf,ncep,17,-0.5013539358202834,-0.9790307889362889,-0.04776911529571754,0.0248,True
jjas17,tp,2,rmse,ecmwf,ukmo,17,-0.04651304902141007,-0.5355939109655601,0.401998619247824,0.8622,False
jjas17,tp,2,rmse,fuxi,ncep,17,-0.7808724183038613,-1.410256448784835,-0.15493186913903154,0.016,True
jjas17,tp,2,rmse,fuxi,ukmo,17,-0.326031531504988,-0.8629179803968104,0.2448811820249418,0.2584,False
jjas17,tp,2,rmse,ncep,ukmo,17,0.45484088679887336,0.044938142475246114,0.9161899090298529,0.031,True
jjas17,tp,3,rmse,ecmwf,fuxi,17,-0.39847221049674175,-0.7615724065058854,-0.049376112009218286,0.024,True
jjas17,tp,3,rmse,ecmwf,ncep,17,-0.7357397667344401,-1.3104640456616996,-0.21554554771095058,0.0038,True
jjas17,tp,3,rmse,ecmwf,ukmo,17,-0.43267222263480853,-0.7745562860995185,-0.119931997857971,0.0054,True
jjas17,tp,3,rmse,fuxi,ncep,17,-0.33726755623769833,-1.0021338912003472,0.24857036573559674,0.2708,False
jjas17,tp,3,rmse,fuxi,ukmo,17,-0.03420001213806678,-0.4599260642341047,0.3819412276460673,0.8366,False
jjas17,tp,3,rmse,ncep,ukmo,17,0.30306754409963155,-0.3042992485298009,0.9786774480975662,0.3358,False
jjas17,tp,4,rmse,ecmwf,fuxi,17,-0.14617320403928602,-0.47752111557445576,0.18234981417038493,0.3862,False
jjas17,tp,4,rmse,ecmwf,ncep,17,-0.7168527140197583,-1.1398808072637603,-0.340200260744113,0.0,True
jjas17,tp,4,rmse,ecmwf,ukmo,17,-0.8904930683034848,-1.3239297539038883,-0.49007515202006663,0.0,True
jjas17,tp,4,rmse,fuxi,ncep,17,-0.5706795099804722,-1.0825578525235697,-0.08315561388744953,0.0188,True
jjas17,tp,4,rmse,fuxi,ukmo,17,-0.7443198642641988,-1.2726535650216158,-0.2539389539600072,0.0014,True
jjas17,tp,4,rmse,ncep,ukmo,17,-0.1736403542837266,-0.6193621211088336,0.31257210617860887,0.4646,False
jjas17,tp,5,rmse,ecmwf,fuxi,17,-0.12594009849762244,-0.3738856911113927,0.11509852010310526,0.3136,False
jjas17,tp,5,rmse,ecmwf,ncep,17,-0.5232285694766308,-0.8845856001833715,-0.17014594519292747,0.003,True
jjas17,tp,5,rmse,ecmwf,ukmo,17,-0.6383135428204891,-1.020205995389612,-0.1762659804221667,0.0102,True
jjas17,tp,5,rmse,fuxi,ncep,17,-0.3972884709790083,-0.8114931965449338,-0.02504069059048697,0.0338,True
jjas17,tp,5,rmse,fuxi,ukmo,17,-0.5123734443228667,-0.9018360570343843,-0.09476794040548003,0.0188,True
jjas17,tp,5,rmse,ncep,ukmo,17,-0.11508497334385837,-0.5289974899380192,0.3030321710401317,0.6112,False
jjas17,tp,6,rmse,ecmwf,fuxi,17,-0.13690963394996736,-0.4123111354165484,0.16691728549158624,0.3406,False
jjas17,tp,6,rmse,ecmwf,ncep,17,-0.3895769425854745,-0.7816141008138217,-0.06189587977444606,0.0164,True
jjas17,tp,6,rmse,ecmwf,ukmo,17,-0.6295802895553955,-1.064606126607463,-0.15438693056955927,0.012,True
jjas17,tp,6,rmse,fuxi,ncep,17,-0.2526673086355071,-0.6511113240723073,0.11990142049081907,0.1822,False
jjas17,tp,6,rmse,fuxi,ukmo,17,-0.4926706556054281,-0.7966529442365704,-0.19177490413433143,0.0002,True
jjas17,tp,6,rmse,ncep,ukmo,17,-0.24000334696992098,-0.6676356714323264,0.2158075024336433,0.2902,False
jjas17,tp,1,bias,ecmwf,fuxi,17,1.2467416360437706,0.8557360008200758,1.6714384867520078,0.0,True
jjas17,tp,1,bias,ecmwf,ncep,17,0.9012675979435784,0.2765000770985472,1.4740400189963596,0.0058,True
jjas17,tp,1,bias,ecmwf,ukmo,17,0.10424997262409486,-0.2129659935176757,0.42522812082109107,0.5098,False
jjas17,tp,1,bias,fuxi,ncep,17,-0.34547403810019217,-0.9920919441496049,0.2557865940564148,0.2692,False
jjas17,tp,1,bias,fuxi,ukmo,17,-1.1424916634196758,-1.677008250247865,-0.6253779169946212,0.0,True
jjas17,tp,1,bias,ncep,ukmo,17,-0.7970176253194835,-1.3829608731922327,-0.24214502322868442,0.0044,True
jjas17,tp,2,bias,ecmwf,fuxi,17,0.9825864368345003,0.37279104960865844,1.6395116949173805,0.001,True
jjas17,tp,2,bias,ecmwf,ncep,17,1.2181885515615603,0.639545099837292,1.8183741865349006,0.0,True
jjas17,tp,2,bias,ecmwf,ukmo,17,1.3546390057466993,0.8051689391186015,1.9750600796038595,0.0,True
jjas17,tp,2,bias,fuxi,ncep,17,0.23560211472705994,-0.5456272924246862,1.0948175858824862,0.5804,False
jjas17,tp,2,bias,fuxi,ukmo,17,0.37205256891219907,-0.43221766092749697,1.2155332614031669,0.3816,False
jjas17,tp,2,bias,ncep,ukmo,17,0.13645045418513913,-0.6028928078500394,0.8257718313569342,0.7178,False
jjas17,tp,3,bias,ecmwf,fuxi,17,0.9190172252851383,0.30412020120833294,1.4762157944351342,0.0028,True
jjas17,tp,3,bias,ecmwf,ncep,17,1.056299780357063,0.4675597714910113,1.701082414613838,0.0,True
jjas17,tp,3,bias,ecmwf,ukmo,17,1.3058629078990895,0.6344031294267954,1.9596588441663596,0.0004,True
jjas17,tp,3,bias,fuxi,ncep,17,0.13728255507192477,-0.6723071730639453,0.9943452655060534,0.7606,False
jjas17,tp,3,bias,fuxi,ukmo,17,0.38684568261395125,-0.5798658787934218,1.4936631358836603,0.4742,False
jjas17,tp,3,bias,ncep,ukmo,17,0.24956312754202647,-0.38729545816033734,0.9325657147752017,0.4674,False
jjas17,tp,4,bias,ecmwf,fuxi,17,0.6902189597887098,0.2168251724357676,1.1883400524234795,0.0028,True
jjas17,tp,4,bias,ecmwf,ncep,17,1.3410084599950134,0.8342088636652332,1.931900710398254,0.0,True
jjas17,tp,4,bias,ecmwf,ukmo,17,1.9897238261198245,1.428657213269431,2.5809739026573117,0.0,True
jjas17,tp,4,bias,fuxi,ncep,17,0.6507895002063036,-0.022607472040081057,1.2628000490981397,0.0542,False
jjas17,tp,4,bias,fuxi,ukmo,17,1.2995048663311146,0.7400448678279478,1.9232379518995812,0.0,True
jjas17,tp,4,bias,ncep,ukmo,17,0.6487153661248111,-0.04776786017306727,1.3338348703783642,0.0694,False
jjas17,tp,5,bias,ecmwf,fuxi,17,0.6765364528621621,0.36737309387010003,1.0126098683719853,0.0,True
jjas17,tp,5,bias,ecmwf,ncep,17,1.0820295434710574,0.5366751361888346,1.6411964595783024,0.0002,True
jjas17,tp,5,bias,ecmwf,ukmo,17,2.0385651789545727,1.404780498435794,2.7644134913235727,0.0,True
jjas17,tp,5,bias,fuxi,ncep,17,0.4054930906088954,-0.1804199434184008,1.014834179498163,0.1864,False
jjas17,tp,5,bias,fuxi,ukmo,17,1.3620287260924107,0.6992144086985201,2.066745480378014,0.0,True
jjas17,tp,5,bias,ncep,ukmo,17,0.9565356354835153,0.2453468142270232,1.678688076461461,0.0074,True
jjas17,tp,6,bias,ecmwf,fuxi,17,0.9081386211051419,0.6911231137471465,1.121442863098641,0.0,True
jjas17,tp,6,bias,ecmwf,ncep,17,0.8285614162781259,0.34488796285182755,1.3754897095567802,0.0,True
jjas17,tp,6,bias,ecmwf,ukmo,17,1.833005660955953,1.3159813412466523,2.411506466227752,0.0,True
jjas17,tp,6,bias,fuxi,ncep,17,-0.07957720482701602,-0.579856623700066,0.47523723272641316,0.7434,False
jjas17,tp,6,bias,fuxi,ukmo,17,0.9248670398508112,0.3888982841500881,1.5220220841872885,0.0,True
jjas17,tp,6,bias,ncep,ukmo,17,1.0044442446778272,0.4138088059816247,1.5604297663835194,0.0016,True
jjas17,tp,1,crpss_clim,ecmwf,fuxi,17,0.06393562847451034,0.028581856016198563,0.10145277940783864,0.0002,True
jjas17,tp,1,crpss_clim,ecmwf,ncep,17,0.14248510492335414,0.1003907249885091,0.18608903667729335,0.0,True
jjas17,tp,1,crpss_clim,ecmwf,ukmo,17,0.10037787465654519,0.07192618369785561,0.1295568538849341,0.0,True
jjas17,tp,1,crpss_clim,fuxi,ncep,17,0.07854947644884379,0.024195738100407302,0.13876961335055438,0.0022,True
jjas17,tp,1,crpss_clim,fuxi,ukmo,17,0.03644224618203484,-0.006582538921136299,0.07963065132135672,0.0934,False
jjas17,tp,1,crpss_clim,ncep,ukmo,17,-0.042107230266808945,-0.08085998340064204,-0.0047132396415468505,0.0254,True
jjas17,tp,2,crpss_clim,ecmwf,fuxi,17,0.10767781109233489,0.038410509456888835,0.1785007724265138,0.0018,True
jjas17,tp,2,crpss_clim,ecmwf,ncep,17,0.17553596249321776,0.12573113736392055,0.2310512371984666,0.0,True
jjas17,tp,2,crpss_clim,ecmwf,ukmo,17,0.14467922400485594,0.08695383494992197,0.20278208103593287,0.0,True
jjas17,tp,2,crpss_clim,fuxi,ncep,17,0.06785815140088287,-0.010951412623954142,0.14644565355167544,0.0942,False
jjas17,tp,2,crpss_clim,fuxi,ukmo,17,0.03700141291252104,-0.03893859234310024,0.11806490973781868,0.3656,False
jjas17,tp,2,crpss_clim,ncep,ukmo,17,-0.030856738488361832,-0.08283440091145755,0.017993709909595413,0.229,False
jjas17,tp,3,crpss_clim,ecmwf,fuxi,17,0.10346978390600431,0.05822193802620935,0.14843891517522265,0.0,True
jjas17,tp,3,crpss_clim,ecmwf,ncep,17,0.12964266361321203,0.07459414089509682,0.18716948395686375,0.0,True
jjas17,tp,3,crpss_clim,ecmwf,ukmo,17,0.1725681324432645,0.11782711460877349,0.2293829665638087,0.0,True
jjas17,tp,3,crpss_clim,fuxi,ncep,17,0.02617287970720772,-0.037778173214850386,0.09041700275974827,0.4226,False
jjas17,tp,3,crpss_clim,fuxi,ukmo,17,0.06909834853726018,0.0019611103961081748,0.13412159186498834,0.045,True
jjas17,tp,3,crpss_clim,ncep,ukmo,17,0.04292546883005246,-0.031887684168219375,0.11867893745013289,0.2632,False
jjas17,tp,4,crpss_clim,ecmwf,fuxi,17,0.050523535432456135,0.010183115562994042,0.09327217582559616,0.0122,True
jjas17,tp,4,crpss_clim,ecmwf,ncep,17,0.14523220927466773,0.10149982042306392,0.19275773491516499,0.0,True
jjas17,tp,4,crpss_clim,ecmwf,ukmo,17,0.20388258973054207,0.13047313702144778,0.2848599219693961,0.0,True
jjas17,tp,4,crpss_clim,fuxi,ncep,17,0.09470867384221159,0.022681706866403424,0.161966944857226,0.0112,True
jjas17,tp,4,crpss_clim,fuxi,ukmo,17,0.15335905429808594,0.06956228916576497,0.24784197554299497,0.0,True
jjas17,tp,4,crpss_clim,ncep,ukmo,17,0.05865038045587435,-0.019130868797169007,0.14013563292046596,0.1478,False
jjas17,tp,5,crpss_clim,ecmwf,fuxi,17,0.04757508880640246,0.01268911041071669,0.08272838289458313,0.007,True
jjas17,tp,5,crpss_clim,ecmwf,ncep,17,0.11291874925773059,0.06593125594416036,0.16201521139659458,0.0,True
jjas17,tp,5,crpss_clim,ecmwf,ukmo,17,0.16842509524156402,0.10168549524754521,0.22824717524056193,0.0,True
jjas17,tp,5,crpss_clim,fuxi,ncep,17,0.06534366045132813,0.003996015984429337,0.13236231146050897,0.0374,True
jjas17,tp,5,crpss_clim,fuxi,ukmo,17,0.12085000643516156,0.05381120612522437,0.18599116566134105,0.0002,True
jjas17,tp,5,crpss_clim,ncep,ukmo,17,0.05550634598383342,-0.012645720343095464,0.12353407144131139,0.1214,False
jjas17,tp,6,crpss_clim,ecmwf,fuxi,17,0.040109453900540715,0.005625305845254947,0.0750575751309935,0.0238,True
jjas17,tp,6,crpss_clim,ecmwf,ncep,17,0.08111755078876205,0.03965430090912969,0.12709511965297007,0.0,True
jjas17,tp,6,crpss_clim,ecmwf,ukmo,17,0.16160418424168937,0.0827692398151771,0.2384449163992551,0.0,True
jjas17,tp,6,crpss_clim,fuxi,ncep,17,0.04100809688822134,-0.013246739389390931,0.0958117267060283,0.1348,False
jjas17,tp,6,crpss_clim,fuxi,ukmo,17,0.12149473034114866,0.04984323506975291,0.19310736962589398,0.0004,True
jjas17,tp,6,crpss_clim,ncep,ukmo,17,0.08048663345292732,0.007534090861838792,0.1548812499264253,0.0306,True
jjas17,tp,1,crps,ecmwf,fuxi,17,-0.35294917630033806,-0.5925806258815774,-0.1504704910710637,0.0,True
jjas17,tp,1,crps,ecmwf,ncep,17,-0.7097716710940376,-0.9408735582310616,-0.491131877333893,0.0,True
jjas17,tp,1,crps,ecmwf,ukmo,17,-0.4736663810489019,-0.6316630987270323,-0.3365250919861711,0.0,True
jjas17,tp,1,crps,fuxi,ncep,17,-0.35682249479369954,-0.6635571331417272,-0.07321234064165433,0.0098,True
jjas17,tp,1,crps,fuxi,ukmo,17,-0.12071720474856384,-0.3536411823123276,0.11992834653149673,0.3226,False
jjas17,tp,1,crps,ncep,ukmo,17,0.2361052900451357,0.04634230017712957,0.43352446500807806,0.0114,True
jjas17,tp,2,crps,ecmwf,fuxi,17,-0.6026323705151286,-0.9814421531486682,-0.24514154169246452,0.0012,True
jjas17,tp,2,crps,ecmwf,ncep,17,-0.8831877124594447,-1.199888347290022,-0.607932516096751,0.0,True
jjas17,tp,2,crps,ecmwf,ukmo,17,-0.7090014400652977,-0.9979460900788427,-0.42987304446369184,0.0,True
jjas17,tp,2,crps,fuxi,ncep,17,-0.2805553419443161,-0.6938446651877656,0.14001508845816865,0.1878,False
jjas17,tp,2,crps,fuxi,ukmo,17,-0.10636906955016912,-0.4978672548384262,0.27104806997277214,0.58,False
jjas17,tp,2,crps,ncep,ukmo,17,0.17418627239414697,-0.08071160352608064,0.4585323790767219,0.1968,False
jjas17,tp,3,crps,ecmwf,fuxi,17,-0.570794532368371,-0.8287099584956853,-0.3278167989264537,0.0,True
jjas17,tp,3,crps,ecmwf,ncep,17,-0.7402377517947807,-1.1134110596972355,-0.4017974888218804,0.0,True
jjas17,tp,3,crps,ecmwf,ukmo,17,-0.8206441840811767,-1.0839886641214664,-0.5868214516165027,0.0,True
jjas17,tp,3,crps,fuxi,ncep,17,-0.16944321942640972,-0.5600498796563379,0.18628648697177827,0.3752,False
jjas17,tp,3,crps,fuxi,ukmo,17,-0.2498496517128057,-0.5579196288995594,0.06427900824335578,0.1174,False
jjas17,tp,3,crps,ncep,ukmo,17,-0.08040643228639599,-0.43688380873628563,0.3085575558538235,0.6616,False
jjas17,tp,4,crps,ecmwf,fuxi,17,-0.23978469478456788,-0.45880835780928564,-0.04252701978275611,0.0144,True
jjas17,tp,4,crps,ecmwf,ncep,17,-0.7310703005324903,-1.0048547306066888,-0.49098098193887824,0.0,True
jjas17,tp,4,crps,ecmwf,ukmo,17,-0.9579070497339996,-1.4348388387887059,-0.5661125643415342,0.0,True
jjas17,tp,4,crps,fuxi,ncep,17,-0.49128560574792246,-0.8350169826433622,-0.14103731457765023,0.005,True
jjas17,tp,4,crps,fuxi,ukmo,17,-0.7181223549494318,-1.2825480975209673,-0.23870172590484298,0.0026,True
jjas17,tp,4,crps,ncep,ukmo,17,-0.2268367492015093,-0.6556206563921539,0.1639078541141491,0.2652,False
jjas17,tp,5,crps,ecmwf,fuxi,17,-0.23425445304965908,-0.4046454263909026,-0.07412888689651524,0.0032,True
jjas17,tp,5,crps,ecmwf,ncep,17,-0.635472028896344,-0.9772539778680223,-0.33048682896394865,0.0,True
jjas17,tp,5,crps,ecmwf,ukmo,17,-0.753322018525421,-1.071012669920132,-0.3928632020955009,0.0,True
jjas17,tp,5,crps,fuxi,ncep,17,-0.40121757584668494,-0.7954854627109861,-0.05244775096196837,0.0214,True
jjas17,tp,5,crps,fuxi,ukmo,17,-0.5190675654757619,-0.8869199791455813,-0.149193572631055,0.0062,True
jjas17,tp,5,crps,ncep,ukmo,17,-0.117849989629077,-0.4515383270516975,0.22221609946603973,0.4972,False
jjas17,tp,6,crps,ecmwf,fuxi,17,-0.19140861081094585,-0.37577131468372327,-0.0192693609238964,0.0278,True
jjas17,tp,6,crps,ecmwf,ncep,17,-0.4181239826217702,-0.6890699003921807,-0.19081657878933458,0.0,True
jjas17,tp,6,crps,ecmwf,ukmo,17,-0.7312837317407475,-1.1431141741795159,-0.30255191698631456,0.0012,True
jjas17,tp,6,crps,fuxi,ncep,17,-0.22671537181082435,-0.5134765165966146,0.04304406663612849,0.098,False
jjas17,tp,6,crps,fuxi,ukmo,17,-0.5398751209298016,-0.917721291659641,-0.17751401188010507,0.0036,True
jjas17,tp,6,crps,ncep,ukmo,17,-0.31315974911897726,-0.6748418427399971,0.05765479018331992,0.0976,False
jjas17,tp,1,spread_skill_ratio,ecmwf,fuxi,17,0.33425728683284384,0.29742492485932637,0.3709993501631787,0.0,True
jjas17,tp,1,spread_skill_ratio,ecmwf,ncep,17,0.1856574210219012,0.14001498446535848,0.2292007227077009,0.0,True
jjas17,tp,1,spread_skill_ratio,ecmwf,ukmo,17,0.2255021828257201,0.19123173235842897,0.26043896944860956,0.0,True
jjas17,tp,1,spread_skill_ratio,fuxi,ncep,17,-0.14859986581094264,-0.18407234798822653,-0.11704828892160199,0.0,True
jjas17,tp,1,spread_skill_ratio,fuxi,ukmo,17,-0.10875510400712374,-0.1413672142193137,-0.07806616091236784,0.0,True
jjas17,tp,1,spread_skill_ratio,ncep,ukmo,17,0.03984476180381891,0.006507085450350348,0.07267075881310427,0.0206,True
jjas17,tp,2,spread_skill_ratio,ecmwf,fuxi,17,0.3955738115207477,0.34994661103684543,0.443845928610935,0.0,True
jjas17,tp,2,spread_skill_ratio,ecmwf,ncep,17,0.259974331899545,0.2098214720240833,0.3119409911044191,0.0,True
jjas17,tp,2,spread_skill_ratio,ecmwf,ukmo,17,0.32222259639897033,0.27078511810724865,0.3763241259606729,0.0,True
jjas17,tp,2,spread_skill_ratio,fuxi,ncep,17,-0.13559947962120272,-0.1783244536224284,-0.09555088083349358,0.0,True
jjas17,tp,2,spread_skill_ratio,fuxi,ukmo,17,-0.07335121512177739,-0.1227457113802764,-0.025832798337422722,0.0024,True
jjas17,tp,2,spread_skill_ratio,ncep,ukmo,17,0.06224826449942533,0.021834513451715724,0.1070900685599898,0.0008,True
jjas17,tp,3,spread_skill_ratio,ecmwf,fuxi,17,0.30588012923038294,0.26962246622167696,0.3418968882434977,0.0,True
jjas17,tp,3,spread_skill_ratio,ecmwf,ncep,17,0.16467485524539538,0.10918121173344868,0.22065334576181422,0.0,True
jjas17,tp,3,spread_skill_ratio,ecmwf,ukmo,17,0.24495568666734158,0.1654598903066079,0.3261877149769174,0.0,True
jjas17,tp,3,spread_skill_ratio,fuxi,ncep,17,-0.14120527398498756,-0.2022384354284854,-0.07850206735388866,0.0,True
jjas17,tp,3,spread_skill_ratio,fuxi,ukmo,17,-0.06092444256304136,-0.13611591941066337,0.01844981850693897,0.1244,False
jjas17,tp,3,spread_skill_ratio,ncep,ukmo,17,0.0802808314219462,0.005840075459396407,0.15951633873668383,0.0322,True
jjas17,tp,4,spread_skill_ratio,ecmwf,fuxi,17,0.22205372004505525,0.1554672510448181,0.2898428692613742,0.0,True
jjas17,tp,4,spread_skill_ratio,ecmwf,ncep,17,0.24536210441313777,0.1918652144102338,0.31146336795235346,0.0,True
jjas17,tp,4,spread_skill_ratio,ecmwf,ukmo,17,0.2843453698950847,0.21167195322771856,0.3583492834454888,0.0,True
jjas17,tp,4,spread_skill_ratio,fuxi,ncep,17,0.023308384368082524,-0.03517473909014316,0.0772605806912383,0.4284,False
jjas17,tp,4,spread_skill_ratio,fuxi,ukmo,17,0.06229164985002944,0.014801733556844148,0.11081504418375243,0.0098,True
jjas17,tp,4,spread_skill_ratio,ncep,ukmo,17,0.038983265481946916,-0.017113007840510546,0.09634223485873265,0.1812,False
jjas17,tp,5,spread_skill_ratio,ecmwf,fuxi,17,0.18251839339709092,0.14180336904763424,0.22045711020484293,0.0,True
jjas17,tp,5,spread_skill_ratio,ecmwf,ncep,17,0.17454065838953065,0.1101926668341552,0.2296784418430472,0.0,True
jjas17,tp,5,spread_skill_ratio,ecmwf,ukmo,17,0.28484335460198673,0.21476624574637315,0.35302945668999736,0.0,True
jjas17,tp,5,spread_skill_ratio,fuxi,ncep,17,-0.007977735007560272,-0.07459151501365127,0.0514859603118129,0.8308,False
jjas17,tp,5,spread_skill_ratio,fuxi,ukmo,17,0.10232496120489581,0.058541166404505886,0.14189941048446716,0.0,True
jjas17,tp,5,spread_skill_ratio,ncep,ukmo,17,0.11030269621245609,0.031109178705752367,0.19647406289821334,0.0064,True
jjas17,tp,6,spread_skill_ratio,ecmwf,fuxi,17,0.214378549950209,0.15804638690624737,0.2713634204834731,0.0,True
jjas17,tp,6,spread_skill_ratio,ecmwf,ncep,17,0.16475277447711684,0.1211888282608482,0.2129053784160877,0.0,True
jjas17,tp,6,spread_skill_ratio,ecmwf,ukmo,17,0.23088691893948082,0.15973926924507065,0.2987418101800022,0.0,True
jjas17,tp,6,spread_skill_ratio,fuxi,ncep,17,-0.04962577547309216,-0.11774598317785027,0.01469181872588042,0.138,False
jjas17,tp,6,spread_skill_ratio,fuxi,ukmo,17,0.016508368989271827,-0.07405269302569409,0.09261807158044777,0.665,False
jjas17,tp,6,spread_skill_ratio,ncep,ukmo,17,0.06613414446236399,-0.006316028899755612,0.1355698126704599,0.0714,False
jjas17,z500,1,acc,delysm,ecmwf,17,-0.06472826331849979,-0.16041505732017936,0.00734892301307497,0.0874,False
jjas17,z500,1,acc,delysm,fuxi,17,-0.055954889941047914,-0.1475336355069534,0.010647708349270419,0.1256,False
jjas17,z500,1,acc,delysm,ncep,17,0.13208335547169048,0.04272550161792359,0.23131042168689633,0.0022,True
jjas17,z500,1,acc,delysm,ukmo,17,-0.019858734698199987,-0.10846194849355315,0.05213391180369605,0.636,False
jjas17,z500,1,acc,ecmwf,fuxi,17,0.008773373377451876,-0.024947264630798858,0.04637041635499438,0.6578,False
jjas17,z500,1,acc,ecmwf,ncep,17,0.19681161879019027,0.10318110071950956,0.3013142748470282,0.0,True
jjas17,z500,1,acc,ecmwf,ukmo,17,0.0448695286202998,0.00276441386992789,0.09082236484784355,0.0352,True
jjas17,z500,1,acc,fuxi,ncep,17,0.1880382454127384,0.08932422762783486,0.291980606237932,0.0,True
jjas17,z500,1,acc,fuxi,ukmo,17,0.03609615524284793,-0.013542760347009483,0.09000624736790655,0.1736,False
jjas17,z500,1,acc,ncep,ukmo,17,-0.15194209016989046,-0.2604212201411465,-0.050981710533806686,0.001,True
jjas17,z500,2,acc,delysm,ecmwf,17,-0.04048809471371706,-0.1776534087925771,0.0875823711008019,0.57,False
jjas17,z500,2,acc,delysm,fuxi,17,-0.03833965641605808,-0.24447063547310088,0.15985890662173705,0.7318,False
jjas17,z500,2,acc,delysm,ncep,17,0.35666705347104766,0.15036200478321915,0.5831206276437844,0.0002,True
jjas17,z500,2,acc,delysm,ukmo,17,0.14919154832906573,-0.05837511486839702,0.3583103011507235,0.1586,False
jjas17,z500,2,acc,ecmwf,fuxi,17,0.0021484382976589833,-0.1484788418235014,0.17278847522161966,1.0,False
jjas17,z500,2,acc,ecmwf,ncep,17,0.3971551481847647,0.20928744553841744,0.6025345801093538,0.0,True
jjas17,z500,2,acc,ecmwf,ukmo,17,0.1896796430427828,0.06198712303520826,0.3241900890629761,0.002,True
jjas17,z500,2,acc,fuxi,ncep,17,0.39500670988710573,0.13670851960532482,0.6455515690003479,0.002,True
jjas17,z500,2,acc,fuxi,ukmo,17,0.1875312047451238,-0.03574879832109685,0.42186238162455225,0.1052,False
jjas17,z500,2,acc,ncep,ukmo,17,-0.2074755051419819,-0.4580681985424615,0.023647343349906286,0.0852,False
jjas17,z500,3,acc,delysm,ecmwf,17,-0.4199209742699558,-0.7892737136143454,-0.06499575853849109,0.0224,True
jjas17,z500,3,acc,delysm,fuxi,17,-0.27736970419610196,-0.6362909018869672,0.06666747708804643,0.1126,False
jjas17,z500,3,acc,delysm,ncep,17,-0.11329893343768377,-0.44393552985702206,0.2173283677819184,0.501,False
jjas17,z500,3,acc,delysm,ukmo,17,-0.3490298375213399,-0.7482154013187122,0.035520268491095,0.078,False
jjas17,z500,3,acc,ecmwf,fuxi,17,0.14255127007385382,-0.1141026536184799,0.4231767854502797,0.2962,False
jjas17,z500,3,acc,ecmwf,ncep,17,0.30662204083227207,0.06620754613905888,0.5791726285713039,0.0088,True
jjas17,z500,3,acc,ecmwf,ukmo,17,0.07089113674861586,-0.0794116154576996,0.21758395281059587,0.3564,False
jjas17,z500,3,acc,fuxi,ncep,17,0.16407077075841822,-0.1355185374783103,0.490505590099319,0.309,False
jjas17,z500,3,acc,fuxi,ukmo,17,-0.07166013332523796,-0.3770951850822944,0.18412899663265433,0.6382,False
jjas17,z500,3,acc,ncep,ukmo,17,-0.23573090408365618,-0.5323570067743715,0.0396561106952767,0.0994,False
jjas17,z500,4,acc,delysm,ecmwf,17,-0.5069056544679201,-0.8482505810193903,-0.11926621229871527,0.009,True
jjas17,z500,4,acc,delysm,fuxi,17,-0.4273585159484635,-0.7100436109586301,-0.10183843421081414,0.0126,True
jjas17,z500,4,acc,delysm,ncep,17,-0.09653811547330252,-0.3826446546744327,0.2377612108021921,0.5226,False
jjas17,z500,4,acc,delysm,ukmo,17,-0.3802331330974439,-0.6480639612320075,-0.10501178418644201,0.007,True
jjas17,z500,4,acc,ecmwf,fuxi,17,0.07954713851945666,-0.1701110072886581,0.33911030700279327,0.5452,False
jjas17,z500,4,acc,ecmwf,ncep,17,0.41036753899461764,0.1138327233006239,0.6984352880520206,0.0084,True
jjas17,z500,4,acc,ecmwf,ukmo,17,0.1266725213704763,-0.12198292486383862,0.3831602565767859,0.3206,False
jjas17,z500,4,acc,fuxi,ncep,17,0.330820400475161,0.022166333899538097,0.6570574404174396,0.0374,True
jjas17,z500,4,acc,fuxi,ukmo,17,0.04712538285101964,-0.16030843437290299,0.21565446839865962,0.6056,False
jjas17,z500,4,acc,ncep,ukmo,17,-0.28369501762414134,-0.5623525545988824,-0.005197996655502335,0.0464,True
jjas17,z500,5,acc,delysm,ecmwf,17,-0.42427303110669445,-0.8634367379516068,0.06065647747901736,0.084,False
jjas17,z500,5,acc,delysm,fuxi,17,-0.10539180222852547,-0.4369305875841724,0.24989540411872663,0.5472,False
jjas17,z500,5,acc,delysm,ncep,17,-0.24221502038723425,-0.5088737417816104,0.07163081723393491,0.1198,False
jjas17,z500,5,acc,delysm,ukmo,17,-0.40135327936144566,-0.7555977149504071,-0.02953251607613674,0.0356,True
jjas17,z500,5,acc,ecmwf,fuxi,17,0.31888122887816894,0.0996313616016616,0.5308715535731617,0.0038,True
jjas17,z500,5,acc,ecmwf,ncep,17,0.18205801071946018,-0.14615468073866666,0.5136749443519765,0.291,False
jjas17,z500,5,acc,ecmwf,ukmo,17,0.022919751745248768,-0.2638595896498853,0.27618060838809133,0.8286,False
jjas17,z500,5,acc,fuxi,ncep,17,-0.1368232181587088,-0.42039045127884905,0.14780551763327718,0.3426,False
jjas17,z500,5,acc,fuxi,ukmo,17,-0.2959614771329202,-0.5576275083424748,-0.015241188210425432,0.039,True
jjas17,z500,5,acc,ncep,ukmo,17,-0.1591382589742114,-0.49782651570090475,0.2142286970293397,0.384,False
jjas17,z500,6,acc,delysm,ecmwf,17,-0.43466860489890324,-0.9060481570924535,0.09589246201221895,0.1036,False
jjas17,z500,6,acc,delysm,fuxi,17,-0.2880095556746056,-0.6077264211686807,0.04500837234999157,0.0922,False
jjas17,z500,6,acc,delysm,ncep,17,-0.2696543786172467,-0.5345954105863607,0.03225664033311069,0.079,False
jjas17,z500,6,acc,delysm,ukmo,17,-0.32714884862661675,-0.618736970756341,-0.014372320803458365,0.0416,True
jjas17,z500,6,acc,ecmwf,fuxi,17,0.14665904922429762,-0.15184027998080737,0.44521062764919234,0.3532,False
jjas17,z500,6,acc,ecmwf,ncep,17,0.16501422628165652,-0.16003142552039917,0.4802510944254832,0.3366,False
jjas17,z500,6,acc,ecmwf,ukmo,17,0.10751975627228649,-0.2729611276182712,0.4390258131902309,0.5384,False
jjas17,z500,6,acc,fuxi,ncep,17,0.018355177057358896,-0.19384198437764047,0.24795942139692723,0.8868,False
jjas17,z500,6,acc,fuxi,ukmo,17,-0.03913929295201113,-0.345430070559035,0.2590105034897202,0.8048,False
jjas17,z500,6,acc,ncep,ukmo,17,-0.057494470009370024,-0.3944676219397388,0.2756800509720704,0.7438,False
jjas17,z500,1,rmse,delysm,ecmwf,17,0.9329457325699693,-0.492603559413191,2.2795277632705564,0.1886,False
jjas17,z500,1,rmse,delysm,fuxi,17,0.5672870600312852,-0.6736883609515864,1.9146236528855434,0.4048,False
jjas17,z500,1,rmse,delysm,ncep,17,-7.908754569680743,-10.5038733151829,-5.268844500681378,0.0,True
jjas17,z500,1,rmse,delysm,ukmo,17,-7.491101713442439,-9.111198338114276,-5.85728874467842,0.0,True
jjas17,z500,1,rmse,ecmwf,fuxi,17,-0.3656586725386841,-1.4139874187125405,0.6435414172077908,0.4956,False
jjas17,z500,1,rmse,ecmwf,ncep,17,-8.841700302250711,-11.112899519118974,-6.773115355166345,0.0,True
jjas17,z500,1,rmse,ecmwf,ukmo,17,-8.424047446012409,-9.489783095550404,-7.331458054986111,0.0,True
jjas17,z500,1,rmse,fuxi,ncep,17,-8.476041629712029,-10.405292912277384,-6.551195665174832,0.0,True
jjas17,z500,1,rmse,fuxi,ukmo,17,-8.058388773473723,-9.752254825775324,-6.177172757753788,0.0,True
jjas17,z500,1,rmse,ncep,ukmo,17,0.4176528562383037,-2.222275143137858,3.3247096061689865,0.802,False
jjas17,z500,2,rmse,delysm,ecmwf,17,-0.019494099314274038,-1.808800767639886,1.7681661360533203,0.9806,False
jjas17,z500,2,rmse,delysm,fuxi,17,-0.5351446729492562,-3.0884156620304455,2.0195659583553125,0.6574,False
jjas17,z500,2,rmse,delysm,ncep,17,-7.9143692536947885,-12.050041763315138,-4.082191820634093,0.0,True
jjas17,z500,2,rmse,delysm,ukmo,17,-7.255195293104199,-9.727710489738039,-4.839326021259638,0.0,True
jjas17,z500,2,rmse,ecmwf,fuxi,17,-0.5156505736349821,-2.635807244406589,1.4473724925471092,0.6054,False
jjas17,z500,2,rmse,ecmwf,ncep,17,-7.8948751543805145,-11.971046628788658,-4.3817790052581165,0.0,True
jjas17,z500,2,rmse,ecmwf,ukmo,17,-7.235701193789925,-9.559388409606374,-4.873796614869746,0.0,True
jjas17,z500,2,rmse,fuxi,ncep,17,-7.379224580745532,-11.546457423130674,-3.375424950369248,0.0002,True
jjas17,z500,2,rmse,fuxi,ukmo,17,-6.720050620154943,-9.644360384261882,-3.6663149260247105,0.0,True
jjas17,z500,2,rmse,ncep,ukmo,17,0.6591739605905893,-3.0692589734769813,4.389385547523973,0.7384,False
jjas17,z500,3,rmse,delysm,ecmwf,17,2.306918620003408,0.05534943952312121,4.851551217479041,0.0408,True
jjas17,z500,3,rmse,delysm,fuxi,17,-0.3521426169350512,-3.650051333229194,3.2619257546145306,0.8284,False
jjas17,z500,3,rmse,delysm,ncep,17,-9.175181022533247,-15.226879128091724,-3.2497708682150948,0.0018,True
jjas17,z500,3,rmse,delysm,ukmo,17,-5.741512609007243,-9.847695066828448,-1.471217308629182,0.0092,True
jjas17,z500,3,rmse,ecmwf,fuxi,17,-2.6590612369384594,-4.719096105069596,-0.4262805365721739,0.0196,True
jjas17,z500,3,rmse,ecmwf,ncep,17,-11.482099642536655,-16.457330449426724,-6.955184923787886,0.0,True
jjas17,z500,3,rmse,ecmwf,ukmo,17,-8.048431229010651,-10.757848413221218,-5.367266252725814,0.0,True
jjas17,z500,3,rmse,fuxi,ncep,17,-8.823038405598195,-13.217883073916031,-4.990170050674371,0.0,True
jjas17,z500,3,rmse,fuxi,ukmo,17,-5.389369992072192,-7.5181805710170035,-3.4543137749971264,0.0,True
jjas17,z500,3,rmse,ncep,ukmo,17,3.4336684135260036,0.09305363769682513,7.240393414996052,0.0402,True
jjas17,z500,4,rmse,delysm,ecmwf,17,4.543799738873146,1.3876347616335118,7.688019361533172,0.0048,True
jjas17,z500,4,rmse,delysm,fuxi,17,2.713841629433171,-1.2733318783945058,6.751172785489729,0.1894,False
jjas17,z500,4,rmse,delysm,ncep,17,-9.934012249860455,-17.45914747957784,-2.770375248528702,0.0038,True
jjas17,z500,4,rmse,delysm,ukmo,17,-3.576486465359153,-9.189878127683707,2.3286716562716308,0.2294,False
jjas17,z500,4,rmse,ecmwf,fuxi,17,-1.8299581094399748,-3.8344596352454055,-0.10782863991724638,0.0368,True
jjas17,z500,4,rmse,ecmwf,ncep,17,-14.4778119887336,-20.029314231308597,-9.61611930978937,0.0,True
jjas17,z500,4,rmse,ecmwf,ukmo,17,-8.120286204232299,-11.458325870445115,-4.529109937134331,0.0,True
jjas17,z500,4,rmse,fuxi,ncep,17,-12.647853879293626,-18.215573607293152,-7.655926947973188,0.0,True
jjas17,z500,4,rmse,fuxi,ukmo,17,-6.290328094792324,-9.224928750909827,-3.4700278401285964,0.0,True
jjas17,z500,4,rmse,ncep,ukmo,17,6.357525784501302,1.8305825310120147,11.810808502473261,0.0018,True
jjas17,z500,5,rmse,delysm,ecmwf,17,4.082679242527867,0.6482003071887253,7.6877441737048064,0.0182,True
jjas17,z500,5,rmse,delysm,fuxi,17,1.298539488115635,-2.231027008998703,5.033174399679168,0.4924,False
jjas17,z500,5,rmse,delysm,ncep,17,-12.130667586700458,-19.392010688470332,-4.815260844380403,0.0014,True
jjas17,z500,5,rmse,delysm,ukmo,17,-3.1371795585852276,-8.595772899634035,2.718515746185511,0.2782,False
jjas17,z500,5,rmse,ecmwf,fuxi,17,-2.784139754412232,-4.71752756804806,-1.165760141432758,0.0,True
jjas17,z500,5,rmse,ecmwf,ncep,17,-16.213346829228325,-22.264948170232678,-10.720078453653732,0.0,True
jjas17,z500,5,rmse,ecmwf,ukmo,17,-7.219858801113094,-10.493678876766374,-3.803757447846768,0.0,True
jjas17,z500,5,rmse,fuxi,ncep,17,-13.429207074816093,-18.583065758641204,-8.58415221983683,0.0,True
jjas17,z500,5,rmse,fuxi,ukmo,17,-4.4357190467008625,-7.583610948493511,-1.2683295608801075,0.0068,True
jjas17,z500,5,rmse,ncep,ukmo,17,8.99348802811523,3.5835970559383368,14.773787474824294,0.0004,True
jjas17,z500,6,rmse,delysm,ecmwf,17,3.6454601241589017,0.4737807340391431,6.886125761988429,0.0242,True
jjas17,z500,6,rmse,delysm,fuxi,17,1.6057598613432251,-1.4617401237588603,5.041067359976079,0.3366,False
jjas17,z500,6,rmse,delysm,ncep,17,-14.29927071089621,-21.407071535835932,-6.5876885063101005,0.0,True
jjas17,z500,6,rmse,delysm,ukmo,17,-4.867770454374323,-9.804361155253499,0.7591048402904785,0.089,False
jjas17,z500,6,rmse,ecmwf,fuxi,17,-2.0397002628156766,-4.375928093772833,0.0465965496084969,0.0574,False
jjas17,z500,6,rmse,ecmwf,ncep,17,-17.94473083505511,-23.81035326947543,-12.18401710502107,0.0,True
jjas17,z500,6,rmse,ecmwf,ukmo,17,-8.513230578533225,-12.257068137107039,-4.611112043617824,0.0,True
jjas17,z500,6,rmse,fuxi,ncep,17,-15.905030572239435,-20.578365735453474,-11.166410155701252,0.0,True
jjas17,z500,6,rmse,fuxi,ukmo,17,-6.473530315717548,-10.441625629900683,-2.195292173954641,0.0022,True
jjas17,z500,6,rmse,ncep,ukmo,17,9.431500256521886,2.7709997682858414,16.42231852869085,0.004,True
jjas17,z500,1,bias,delysm,ecmwf,17,1.9720706832664057,0.15368986921991268,3.902470540941445,0.0342,True
jjas17,z500,1,bias,delysm,fuxi,17,1.9256771059879245,-0.21814325361412762,4.037804222516573,0.0776,False
jjas17,z500,1,bias,delysm,ncep,17,11.225085940949853,8.99720423624963,13.482641986398397,0.0,True
jjas17,z500,1,bias,delysm,ukmo,17,11.519900666802268,9.215314693063743,13.699390975158657,0.0,True
jjas17,z500,1,bias,ecmwf,fuxi,17,-0.046393577278481146,-1.9751135525158268,1.9234246717139656,0.9452,False
jjas17,z500,1,bias,ecmwf,ncep,17,9.253015257683447,6.506460560442112,12.146133109911958,0.0,True
jjas17,z500,1,bias,ecmwf,ukmo,17,9.547829983535863,8.357997896440978,10.737883757549634,0.0,True
jjas17,z500,1,bias,fuxi,ncep,17,9.29940883496193,6.6242192885658495,12.079708712390278,0.0,True
jjas17,z500,1,bias,fuxi,ukmo,17,9.594223560814346,6.929489877626139,12.0884838587114,0.0,True
jjas17,z500,1,bias,ncep,ukmo,17,0.2948147258524152,-3.392907129249494,3.7254525835903034,0.8352,False
jjas17,z500,2,bias,delysm,ecmwf,17,-0.3204408642702903,-3.161587866570137,2.601865923386635,0.8086,False
jjas17,z500,2,bias,delysm,fuxi,17,3.8400976244638096,1.0853894748955764,6.4867134788226135,0.008,True
jjas17,z500,2,bias,delysm,ncep,17,11.624024136445062,8.0606973928454,15.524527120027553,0.0,True
jjas17,z500,2,bias,delysm,ukmo,17,11.431579754954345,7.919330639386958,14.830666018783953,0.0,True
jjas17,z500,2,bias,ecmwf,fuxi,17,4.1605384887341,1.1735021248988895,7.148768766860528,0.0048,True
jjas17,z500,2,bias,ecmwf,ncep,17,11.944465000715352,7.700458695518997,16.115183744148823,0.0,True
jjas17,z500,2,bias,ecmwf,ukmo,17,11.752020619224634,8.552417240075693,14.59452519118149,0.0,True
jjas17,z500,2,bias,fuxi,ncep,17,7.783926511981253,3.333187981650926,12.382167144815337,0.0,True
jjas17,z500,2,bias,fuxi,ukmo,17,7.591482130490535,3.6757991272918407,11.155361192051105,0.0,True
jjas17,z500,2,bias,ncep,ukmo,17,-0.19244438149071819,-5.736672518194818,5.000649897109451,0.9632,False
jjas17,z500,3,bias,delysm,ecmwf,17,5.170512339887053,2.9876520182655275,7.30850198378241,0.0,True
jjas17,z500,3,bias,delysm,fuxi,17,7.577588142190356,4.901134029008701,10.142173723076858,0.0,True
jjas17,z500,3,bias,delysm,ncep,17,20.07848499326328,16.4256817476077,24.01340646437957,0.0,True
jjas17,z500,3,bias,delysm,ukmo,17,17.8262927685531,14.77067934001338,20.917978977879212,0.0,True
jjas17,z500,3,bias,ecmwf,fuxi,17,2.4070758023033023,-0.07899335855923767,4.892560796756659,0.0568,False
jjas17,z500,3,bias,ecmwf,ncep,17,14.907972653376227,10.462052731433776,19.712011212567376,0.0,True
jjas17,z500,3,bias,ecmwf,ukmo,17,12.655780428666045,10.69051378237928,14.612738765074505,0.0,True
jjas17,z500,3,bias,fuxi,ncep,17,12.500896851072925,7.884064686670782,17.607758869923643,0.0,True
jjas17,z500,3,bias,fuxi,ukmo,17,10.248704626362743,7.6649460949974255,12.770722762124809,0.0,True
jjas17,z500,3,bias,ncep,ukmo,17,-2.252192224710182,-7.106295071694229,2.3547850535926536,0.3668,False
jjas17,z500,4,bias,delysm,ecmwf,17,10.171372695380457,7.23928000934648,13.120840596194773,0.0,True
jjas17,z500,4,bias,delysm,fuxi,17,13.345163131039499,10.287094214871193,16.406125248441242,0.0,True
jjas17,z500,4,bias,delysm,ncep,17,28.255709740090953,23.718100331726063,33.18104475922607,0.0,True
jjas17,z500,4,bias,delysm,ukmo,17,22.30948238296044,18.182937107676423,26.571040610167834,0.0,True
jjas17,z500,4,bias,ecmwf,fuxi,17,3.173790435659042,1.1754984964670203,5.300751756967545,0.001,True
jjas17,z500,4,bias,ecmwf,ncep,17,18.084337044710498,12.882222999093939,23.87331228717737,0.0,True
jjas17,z500,4,bias,ecmwf,ukmo,17,12.138109687579982,9.259302673406388,14.982722993883684,0.0,True
jjas17,z500,4,bias,fuxi,ncep,17,14.910546609051455,9.752274751080602,20.522869317576838,0.0,True
jjas17,z500,4,bias,fuxi,ukmo,17,8.96431925192094,5.899290612700103,12.26805140033654,0.0,True
jjas17,z500,4,bias,ncep,ukmo,17,-5.946227357130514,-12.398989205972445,-0.2691887268542718,0.0384,True
jjas17,z500,5,bias,delysm,ecmwf,17,9.324276351800453,5.759005876436335,12.674095747212558,0.0,True
jjas17,z500,5,bias,delysm,fuxi,17,12.283260428842345,10.146514325358975,14.332496672760753,0.0,True
jjas17,z500,5,bias,delysm,ncep,17,29.904318204026392,25.943807592915658,34.08829772047278,0.0,True
jjas17,z500,5,bias,delysm,ukmo,17,22.06243386379153,18.383501962490627,25.771167170766354,0.0,True
jjas17,z500,5,bias,ecmwf,fuxi,17,2.958984077041891,0.8854914333354504,5.190388353887701,0.0062,True
jjas17,z500,5,bias,ecmwf,ncep,17,20.58004185222594,14.518500988320975,27.544326138333048,0.0,True
jjas17,z500,5,bias,ecmwf,ukmo,17,12.738157511991075,10.515235026455365,14.863275140568305,0.0,True
jjas17,z500,5,bias,fuxi,ncep,17,17.621057775184045,12.580705851564176,23.230130209723228,0.0,True
jjas17,z500,5,bias,fuxi,ukmo,17,9.779173434949183,7.1238239017724005,12.523084246528901,0.0,True
jjas17,z500,5,bias,ncep,ukmo,17,-7.841884340234863,-15.0500460693696,-1.0033030159311442,0.0254,True
jjas17,z500,6,bias,delysm,ecmwf,17,6.79380449252441,3.290499257010795,10.326382032818447,0.0002,True
jjas17,z500,6,bias,delysm,fuxi,17,11.839295124816855,9.88488412711132,13.716116031974728,0.0,True
jjas17,z500,6,bias,delysm,ncep,17,31.19713818463734,27.828001645212964,34.75689665730495,0.0,True
jjas17,z500,6,bias,delysm,ukmo,17,21.892290654481826,16.621712784560593,27.042948557153903,0.0,True
jjas17,z500,6,bias,ecmwf,fuxi,17,5.045490632292445,2.2749430359486795,7.925466346356442,0.0,True
jjas17,z500,6,bias,ecmwf,ncep,17,24.40333369211293,18.362783377941504,30.82331443142311,0.0,True
jjas17,z500,6,bias,ecmwf,ukmo,17,15.098486161957416,12.335575713010904,17.876279908773714,0.0,True
jjas17,z500,6,bias,fuxi,ncep,17,19.357843059820485,15.21641116579105,23.61563872246232,0.0,True
jjas17,z500,6,bias,fuxi,ukmo,17,10.052995529664972,5.523094716448338,14.247405120609772,0.0,True
jjas17,z500,6,bias,ncep,ukmo,17,-9.304847530155513,-17.54878862510586,-1.4390531328148624,0.0198,True
jjas17,z500,1,crpss_clim,delysm,ecmwf,17,-0.0818455847240892,-0.1730001541494753,0.0039287241205866645,0.0644,False
jjas17,z500,1,crpss_clim,delysm,fuxi,17,-0.041255626515340205,-0.13888032783436308,0.044681422177994715,0.3816,False
jjas17,z500,1,crpss_clim,delysm,ncep,17,0.5214392057445683,0.35541548893519914,0.6673937060198993,0.0,True
jjas17,z500,1,crpss_clim,delysm,ukmo,17,0.68543097986938,0.4703423029572862,0.9096849603091921,0.0,True
jjas17,z500,1,crpss_clim,ecmwf,fuxi,17,0.040589958208749,-0.004675656086552518,0.08604920605495377,0.0782,False
jjas17,z500,1,crpss_clim,ecmwf,ncep,17,0.6032847904686574,0.4707735128158027,0.7375360824567833,0.0,True
jjas17,z500,1,crpss_clim,ecmwf,ukmo,17,0.7672765645934692,0.5515844425762478,1.007944645978297,0.0,True
jjas17,z500,1,crpss_clim,fuxi,ncep,17,0.5626948322599084,0.4113350139478905,0.7138541370546302,0.0,True
jjas17,z500,1,crpss_clim,fuxi,ukmo,17,0.7266866063847202,0.47932236707998793,0.9927329303756487,0.0,True
jjas17,z500,1,crpss_clim,ncep,ukmo,17,0.16399177412481178,-0.04967104625206118,0.36824253757009145,0.126,False
jjas17,z500,2,crpss_clim,delysm,ecmwf,17,-0.08942847489443118,-0.22577701102799055,0.028743363325451663,0.1594,False
jjas17,z500,2,crpss_clim,delysm,fuxi,17,0.008258198602966116,-0.21072241510587691,0.21830334553620867,0.9324,False
jjas17,z500,2,crpss_clim,delysm,ncep,17,0.48298286095301607,0.17414925560354105,0.8827301946214116,0.0002,True
jjas17,z500,2,crpss_clim,delysm,ukmo,17,0.4922766780374647,0.32041648223728064,0.6843131577617888,0.0,True
jjas17,z500,2,crpss_clim,ecmwf,fuxi,17,0.09768667349739729,-0.026346339304461733,0.24777971494066459,0.1468,False
jjas17,z500,2,crpss_clim,ecmwf,ncep,17,0.5724113358474473,0.300902191572836,0.9456739883465699,0.0,True
jjas17,z500,2,crpss_clim,ecmwf,ukmo,17,0.581705152931896,0.3566474121558846,0.8500044472599503,0.0,True
jjas17,z500,2,crpss_clim,fuxi,ncep,17,0.47472466235004995,0.17082489710582718,0.8550439294399642,0.0006,True
jjas17,z500,2,crpss_clim,fuxi,ukmo,17,0.4840184794344986,0.2257366597441472,0.7876517560867297,0.0002,True
jjas17,z500,2,crpss_clim,ncep,ukmo,17,0.009293817084448638,-0.40961151898180853,0.3846854619597599,0.953,False
jjas17,z500,3,crpss_clim,delysm,ecmwf,17,-0.27127596221992667,-0.47411892623098717,-0.09271697417026456,0.0008,True
jjas17,z500,3,crpss_clim,delysm,fuxi,17,-0.12915439953395788,-0.3678750336666185,0.08947479528467878,0.2644,False
jjas17,z500,3,crpss_clim,delysm,ncep,17,0.47225041775691645,0.03676659353627777,0.916971686418653,0.0324,True
jjas17,z500,3,crpss_clim,delysm,ukmo,17,0.25452378546536214,-0.029649482012613138,0.5188550341735606,0.0718,False
jjas17,z500,3,crpss_clim,ecmwf,fuxi,17,0.14212156268596882,0.0024812829138393796,0.2608755401807628,0.0446,True
jjas17,z500,3,crpss_clim,ecmwf,ncep,17,0.7435263799768431,0.43318574632007634,1.1087718838475553,0.0,True
jjas17,z500,3,crpss_clim,ecmwf,ukmo,17,0.5257997476852889,0.3764818858854667,0.685198632705497,0.0,True
jjas17,z500,3,crpss_clim,fuxi,ncep,17,0.6014048172908744,0.31836171780183603,0.9301460262044389,0.0,True
jjas17,z500,3,crpss_clim,fuxi,ukmo,17,0.38367818499932005,0.2574291702367961,0.5469847156388192,0.0,True
jjas17,z500,3,crpss_clim,ncep,ukmo,17,-0.21772663229155426,-0.5753573707847462,0.0671734838416202,0.1616,False
jjas17,z500,4,crpss_clim,delysm,ecmwf,17,-0.47493150125482536,-0.7813125322696145,-0.19616780980725632,0.0002,True
jjas17,z500,4,crpss_clim,delysm,fuxi,17,-0.35793540585221706,-0.6967947852929686,-0.04751700860212954,0.0204,True
jjas17,z500,4,crpss_clim,delysm,ncep,17,0.5186088638339108,-0.0457185729877002,1.0869255307023316,0.0744,False
jjas17,z500,4,crpss_clim,delysm,ukmo,17,0.10118231835262895,-0.3377066467017127,0.4773967915899382,0.611,False
jjas17,z500,4,crpss_clim,ecmwf,fuxi,17,0.1169960954026083,0.024207360299814372,0.21854663939762048,0.012,True
jjas17,z500,4,crpss_clim,ecmwf,ncep,17,0.9935403650887361,0.6218273012382831,1.4470636318247214,0.0,True
jjas17,z500,4,crpss_clim,ecmwf,ukmo,17,0.5761138196074542,0.3466470396619852,0.8152598102839164,0.0,True
jjas17,z500,4,crpss_clim,fuxi,ncep,17,0.8765442696861279,0.4980895593425124,1.3395936847880952,0.0,True
jjas17,z500,4,crpss_clim,fuxi,ukmo,17,0.459117724204846,0.26556058574083563,0.6705796379643061,0.0,True
jjas17,z500,4,crpss_clim,ncep,ukmo,17,-0.41742654548128183,-0.8593780049158887,-0.04532072315184224,0.0238,True
jjas17,z500,5,crpss_clim,delysm,ecmwf,17,-0.375757511136316,-0.6405434789543909,-0.13437644587644335,0.0004,True
jjas17,z500,5,crpss_clim,delysm,fuxi,17,-0.24490261944284825,-0.516490789113871,0.0034810532038576847,0.0534,False
jjas17,z500,5,crpss_clim,delysm,ncep,17,0.7776322802896798,0.20632091589962584,1.3980297254432164,0.0062,True
jjas17,z500,5,crpss_clim,delysm,ukmo,17,0.1072331653658175,-0.30858445053116673,0.48098743621894036,0.5776,False
jjas17,z500,5,crpss_clim,ecmwf,fuxi,17,0.13085489169346776,0.06486324145212574,0.20623788879190236,0.0,True
jjas17,z500,5,crpss_clim,ecmwf,ncep,17,1.1533897914259958,0.699332328475888,1.7007152229716138,0.0,True
jjas17,z500,5,crpss_clim,ecmwf,ukmo,17,0.4829906765021335,0.26117821985484607,0.7083854261678987,0.0,True
jjas17,z500,5,crpss_clim,fuxi,ncep,17,1.022534899732528,0.5710759498931552,1.5728868881098053,0.0,True
jjas17,z500,5,crpss_clim,fuxi,ukmo,17,0.35213578480866575,0.12558871058659166,0.5818830783963523,0.0022,True
jjas17,z500,5,crpss_clim,ncep,ukmo,17,-0.6703991149238623,-1.2328021743710722,-0.200586376378713,0.0024,True
jjas17,z500,6,crpss_clim,delysm,ecmwf,17,-0.2913132507594392,-0.5088319272237513,-0.09513318014256449,0.0022,True
jjas17,z500,6,crpss_clim,delysm,fuxi,17,-0.20581350438130286,-0.4392505689404529,-0.0002815506153896114,0.0496,True
jjas17,z500,6,crpss_clim,delysm,ncep,17,0.9597007056368405,0.40083617526589715,1.5244610231345768,0.0006,True
jjas17,z500,6,crpss_clim,delysm,ukmo,17,0.3110570999013186,-0.05405120565225486,0.6273703342740048,0.089,False
jjas17,z500,6,crpss_clim,ecmwf,fuxi,17,0.08549974637813634,0.0017488154352007627,0.1796729818067505,0.045,True
jjas17,z500,6,crpss_clim,ecmwf,ncep,17,1.2510139563962797,0.7995417376599583,1.7415139280290748,0.0,True
jjas17,z500,6,crpss_clim,ecmwf,ukmo,17,0.6023703506607578,0.3311187390226411,0.9015741843257368,0.0,True
jjas17,z500,6,crpss_clim,fuxi,ncep,17,1.1655142100181433,0.7491155169091069,1.6318976201315958,0.0,True
jjas17,z500,6,crpss_clim,fuxi,ukmo,17,0.5168706042826214,0.22236203598830415,0.8339273947375185,0.0004,True
jjas17,z500,6,crpss_clim,ncep,ukmo,17,-0.6486436057355219,-1.2776577455769655,-0.05991036690903601,0.0314,True
jjas17,z500,1,crps,delysm,ecmwf,17,0.9722016422751616,-0.1622562399643968,2.042743776871736,0.0878,False
jjas17,z500,1,crps,delysm,fuxi,17,0.007823400827935867,-1.1399101361286053,1.211447057106594,1.0,False
jjas17,z500,1,crps,delysm,ncep,17,-7.349595272773783,-9.964631433371396,-4.6853835586281045,0.0,True
jjas17,z500,1,crps,delysm,ukmo,17,-7.667536077583549,-9.304098428724142,-5.974493367064259,0.0,True
jjas17,z500,1,crps,ecmwf,fuxi,17,-0.9643782414472257,-1.8945219331553707,-0.15018138968579658,0.0134,True
jjas17,z500,1,crps,ecmwf,ncep,17,-8.321796915048944,-10.642632105630335,-6.112331240337145,0.0,True
jjas17,z500,1,crps,ecmwf,ukmo,17,-8.63973771985871,-9.814523802697886,-7.412186955524229,0.0,True
jjas17,z500,1,crps,fuxi,ncep,17,-7.357418673601719,-9.454555411023966,-5.301788201704782,0.0,True
jjas17,z500,1,crps,fuxi,ukmo,17,-7.675359478411485,-9.408137768485481,-5.705512502241623,0.0,True
jjas17,z500,1,crps,ncep,ukmo,17,-0.3179408048097656,-3.1750130447862097,2.81433771058552,0.8342,False
jjas17,z500,2,crps,delysm,ecmwf,17,0.6071188224842627,-0.7334955954110874,1.924095551492242,0.368,False
jjas17,z500,2,crps,delysm,fuxi,17,-0.5644533398391092,-2.563594864367832,1.4717744859858815,0.5802,False
jjas17,z500,2,crps,delysm,ncep,17,-6.821327808672621,-10.949782725589431,-3.080373918608576,0.0,True
jjas17,z500,2,crps,delysm,ukmo,17,-6.229041209836533,-8.451506965280618,-4.1314509342585675,0.0,True
jjas17,z500,2,crps,ecmwf,fuxi,17,-1.171572162323372,-2.7677794288209445,0.29296919643750535,0.1224,False
jjas17,z500,2,crps,ecmwf,ncep,17,-7.428446631156883,-11.30347261894571,-3.9488904995216756,0.0,True
jjas17,z500,2,crps,ecmwf,ukmo,17,-6.836160032320795,-8.87695590919712,-4.849450862118903,0.0,True
jjas17,z500,2,crps,fuxi,ncep,17,-6.256874468833511,-10.255593854259486,-2.6209233994797154,0.0002,True
jjas17,z500,2,crps,fuxi,ukmo,17,-5.6645878699974235,-7.9963629391376285,-3.307420423323908,0.0002,True
jjas17,z500,2,crps,ncep,ukmo,17,0.5922865988360879,-2.910651249374561,4.300881713187518,0.7654,False
jjas17,z500,3,crps,delysm,ecmwf,17,2.3509455786300197,0.5999278870102219,4.3425375600346,0.0056,True
jjas17,z500,3,crps,delysm,fuxi,17,0.09118422221711953,-2.528024486571294,2.855413880250392,0.9832,False
jjas17,z500,3,crps,delysm,ncep,17,-8.325606521933576,-14.02355276119454,-2.9286504235631043,0.0016,True
jjas17,z500,3,crps,delysm,ukmo,17,-5.0537463053004785,-8.541445037385632,-1.4156782425187429,0.0084,True
jjas17,z500,3,crps,ecmwf,fuxi,17,-2.2597613564129,-3.8341069670423895,-0.6606735139558371,0.0038,True
jjas17,z500,3,crps,ecmwf,ncep,17,-10.676552100563596,-15.654091041641966,-6.3493989864631555,0.0,True
jjas17,z500,3,crps,ecmwf,ukmo,17,-7.404691883930498,-9.64533336860584,-5.164783689987458,0.0,True
jjas17,z500,3,crps,fuxi,ncep,17,-8.416790744150696,-12.799913360431312,-4.629953733849524,0.0,True
jjas17,z500,3,crps,fuxi,ukmo,17,-5.144930527517598,-6.951103028046139,-3.48860600401973,0.0,True
jjas17,z500,3,crps,ncep,ukmo,17,3.2718602166330975,-0.040446809421861546,7.072467022826475,0.054,False
jjas17,z500,4,crps,delysm,ecmwf,17,3.7176888637970915,1.2770652570271506,6.364473447288635,0.0034,True
jjas17,z500,4,crps,delysm,fuxi,17,2.088069313448006,-1.1028660683067777,5.465758884284389,0.2092,False
jjas17,z500,4,crps,delysm,ncep,17,-9.297920292904477,-16.352304251324348,-2.5019857507906034,0.0048,True
jjas17,z500,4,crps,delysm,ukmo,17,-3.915532603315306,-8.537018068236543,1.0571357932522305,0.1204,False
jjas17,z500,4,crps,ecmwf,fuxi,17,-1.6296195503490853,-3.319445828707011,-0.3611984862177696,0.0058,True
jjas17,z500,4,crps,ecmwf,ncep,17,-13.015609156701569,-18.18107566923763,-8.300999405071703,0.0,True
jjas17,z500,4,crps,ecmwf,ukmo,17,-7.6332214671123975,-10.520376208882071,-4.728093119584383,0.0,True
jjas17,z500,4,crps,fuxi,ncep,17,-11.385989606352483,-16.58755037924205,-6.699807085428164,0.0,True
jjas17,z500,4,crps,fuxi,ukmo,17,-6.003601916763312,-8.790853399476049,-3.4910863568400146,0.0,True
jjas17,z500,4,crps,ncep,ukmo,17,5.382387689589171,1.2545185349495869,10.192587252503493,0.0054,True
jjas17,z500,5,crps,delysm,ecmwf,17,3.098964298549392,0.47880929688234686,5.9486713141507135,0.0186,True
jjas17,z500,5,crps,delysm,fuxi,17,1.1079750015820533,-1.8930491869174926,4.098997814442514,0.4946,False
jjas17,z500,5,crps,delysm,ncep,17,-11.415640642370736,-18.280527298363314,-4.575640606089259,0.0008,True
jjas17,z500,5,crps,delysm,ukmo,17,-3.5026969924013027,-8.240022993913648,1.5458339885748242,0.1668,False
jjas17,z500,5,crps,ecmwf,fuxi,17,-1.9909892969673386,-3.4311038140662276,-0.8565745013760625,0.0,True
jjas17,z500,5,crps,ecmwf,ncep,17,-14.514604940920128,-20.00352407846619,-9.452529626178732,0.0,True
jjas17,z500,5,crps,ecmwf,ukmo,17,-6.601661290950695,-9.427815161046667,-3.754528903276363,0.0,True
jjas17,z500,5,crps,fuxi,ncep,17,-12.52361564395279,-17.44759222825104,-7.914106195793502,0.0,True
jjas17,z500,5,crps,fuxi,ukmo,17,-4.610671993983356,-7.378915728266161,-1.8041763716861579,0.001,True
jjas17,z500,5,crps,ncep,ukmo,17,7.912943649969433,2.6382815084971556,13.502910744924705,0.0012,True
jjas17,z500,6,crps,delysm,ecmwf,17,2.5660803376198835,0.48184790534414723,4.929001175711771,0.0156,True
jjas17,z500,6,crps,delysm,fuxi,17,1.24513679524917,-1.071349700503501,3.8448864441388944,0.3158,False
jjas17,z500,6,crps,delysm,ncep,17,-13.36180446924954,-19.730842653958252,-6.585506940375018,0.0,True
jjas17,z500,6,crps,delysm,ukmo,17,-5.0810046458008955,-9.353727725941495,-0.3428558244512227,0.037,True
jjas17,z500,6,crps,ecmwf,fuxi,17,-1.3209435423707134,-2.663084255028833,-0.09684009067021253,0.0322,True
jjas17,z500,6,crps,ecmwf,ncep,17,-15.927884806869423,-21.34590206480307,-10.600503830728085,0.0,True
jjas17,z500,6,crps,ecmwf,ukmo,17,-7.647084983420779,-10.867140367070046,-4.435695362158587,0.0,True
jjas17,z500,6,crps,fuxi,ncep,17,-14.60694126449871,-19.06010782308591,-10.072369413166314,0.0,True
jjas17,z500,6,crps,fuxi,ukmo,17,-6.326141441050066,-9.621238840169605,-3.0138895249245468,0.0,True
jjas17,z500,6,crps,ncep,ukmo,17,8.280799823448644,2.271524409843373,14.400099273997196,0.008,True
jjas17,z500,1,spread_skill_ratio,delysm,ecmwf,17,-0.43964438327993083,-0.6050298790956783,-0.2751192698116354,0.0,True
jjas17,z500,1,spread_skill_ratio,delysm,fuxi,17,0.29358755500234723,0.20484622292877958,0.3805209691707392,0.0,True
jjas17,z500,1,spread_skill_ratio,delysm,ncep,17,0.3627211303933282,0.2594340090202807,0.47050811657079733,0.0,True
jjas17,z500,1,spread_skill_ratio,delysm,ukmo,17,0.40540215439787675,0.3091566406285646,0.5106395926878788,0.0,True
jjas17,z500,1,spread_skill_ratio,ecmwf,fuxi,17,0.7332319382822781,0.6263348742536186,0.8325513560630553,0.0,True
jjas17,z500,1,spread_skill_ratio,ecmwf,ncep,17,0.802365513673259,0.6956868354933977,0.9020548069801166,0.0,True
jjas17,z500,1,spread_skill_ratio,ecmwf,ukmo,17,0.8450465376778076,0.7253960689912822,0.9602669294959248,0.0,True
jjas17,z500,1,spread_skill_ratio,fuxi,ncep,17,0.06913357539098094,0.018263696139686276,0.12178142447484765,0.0072,True
jjas17,z500,1,spread_skill_ratio,fuxi,ukmo,17,0.11181459939552948,0.04402163834182072,0.17428564580345235,0.0018,True
jjas17,z500,1,spread_skill_ratio,ncep,ukmo,17,0.04268102400454854,-0.010683115805997592,0.09379660410963275,0.1138,False
jjas17,z500,2,spread_skill_ratio,delysm,ecmwf,17,-0.3815467189586508,-0.5705613912410177,-0.1955888131893716,0.0,True
jjas17,z500,2,spread_skill_ratio,delysm,fuxi,17,0.20600400552767173,0.04760594450789765,0.35873339148113426,0.0114,True
jjas17,z500,2,spread_skill_ratio,delysm,ncep,17,0.3068956829946708,0.1350935145565963,0.48312078848055773,0.0,True
jjas17,z500,2,spread_skill_ratio,delysm,ukmo,17,0.28581801599607704,0.1384188092875037,0.4399131950473398,0.0,True
jjas17,z500,2,spread_skill_ratio,ecmwf,fuxi,17,0.5875507244863225,0.4010375753847324,0.7811796435917249,0.0,True
jjas17,z500,2,spread_skill_ratio,ecmwf,ncep,17,0.6884424019533215,0.5178123249383603,0.8959900709108621,0.0,True
jjas17,z500,2,spread_skill_ratio,ecmwf,ukmo,17,0.6673647349547278,0.48054021038243555,0.8654986707459817,0.0,True
jjas17,z500,2,spread_skill_ratio,fuxi,ncep,17,0.10089167746699906,-0.007849339687206256,0.22042905351900233,0.0762,False
jjas17,z500,2,spread_skill_ratio,fuxi,ukmo,17,0.0798140104684053,-0.05280833030974623,0.22064991985234858,0.2458,False
jjas17,z500,2,spread_skill_ratio,ncep,ukmo,17,-0.021077666998593758,-0.12596812984912295,0.0841683353753365,0.7086,False
jjas17,z500,3,spread_skill_ratio,delysm,ecmwf,17,-0.484677282071559,-0.7030338263604622,-0.28653552041864505,0.0,True
jjas17,z500,3,spread_skill_ratio,delysm,fuxi,17,0.005501375573291334,-0.19555672619871028,0.21170355564710272,0.9794,False
jjas17,z500,3,spread_skill_ratio,delysm,ncep,17,0.20201085048403367,0.017976158141351332,0.40242452630399345,0.0302,True
jjas17,z500,3,spread_skill_ratio,delysm,ukmo,17,0.06219012362600196,-0.11021860302747265,0.22742209383275733,0.4702,False
jjas17,z500,3,spread_skill_ratio,ecmwf,fuxi,17,0.49017865764485036,0.29812769551193147,0.6802174190692181,0.0,True
jjas17,z500,3,spread_skill_ratio,ecmwf,ncep,17,0.6866881325555927,0.5123704760394258,0.8850005923672811,0.0,True
jjas17,z500,3,spread_skill_ratio,ecmwf,ukmo,17,0.546867405697561,0.4098459684391102,0.7071167393664631,0.0,True
jjas17,z500,3,spread_skill_ratio,fuxi,ncep,17,0.19650947491074233,0.0798441157404242,0.31021142922235406,0.0004,True
jjas17,z500,3,spread_skill_ratio,fuxi,ukmo,17,0.056688748052710625,-0.07554178877847019,0.20362320337153925,0.4398,False
jjas17,z500,3,spread_skill_ratio,ncep,ukmo,17,-0.1398207268580317,-0.2673046978221572,-0.023890870446116885,0.0172,True
jjas17,z500,4,spread_skill_ratio,delysm,ecmwf,17,-0.39351795271562007,-0.6474978296502769,-0.15123613292367666,0.0008,True
jjas17,z500,4,spread_skill_ratio,delysm,fuxi,17,0.00025072513146262576,-0.2392540571672614,0.2361461197067896,0.999,False
jjas17,z500,4,spread_skill_ratio,delysm,ncep,17,0.3929716495305447,0.20508004481017034,0.584650900767756,0.0,True
jjas17,z500,4,spread_skill_ratio,delysm,ukmo,17,0.16857807715513518,-0.07975845006401182,0.40275122125590274,0.1746,False
jjas17,z500,4,spread_skill_ratio,ecmwf,fuxi,17,0.3937686778470827,0.2403842855426389,0.5467688602926589,0.0,True
jjas17,z500,4,spread_skill_ratio,ecmwf,ncep,17,0.7864896022461647,0.6320824397264201,0.9703846304804548,0.0,True
jjas17,z500,4,spread_skill_ratio,ecmwf,ukmo,17,0.5620960298707552,0.36348598461233106,0.7814663196682174,0.0,True
jjas17,z500,4,spread_skill_ratio,fuxi,ncep,17,0.39272092439908207,0.27265932828401146,0.5287384890084526,0.0,True
jjas17,z500,4,spread_skill_ratio,fuxi,ukmo,17,0.16832735202367255,0.05709445792621479,0.2856139053736271,0.0026,True
jjas17,z500,4,spread_skill_ratio,ncep,ukmo,17,-0.22439357237540952,-0.37732922858143286,-0.10169872687608345,0.0,True
jjas17,z500,5,spread_skill_ratio,delysm,ecmwf,17,-0.3533528303138107,-0.6371756439892017,-0.08041432146801553,0.0086,True
jjas17,z500,5,spread_skill_ratio,delysm,fuxi,17,0.0008366896113927158,-0.2248381470031316,0.22565886512296976,1.0,False
jjas17,z500,5,spread_skill_ratio,delysm,ncep,17,0.43226838737286444,0.2422567539483136,0.6457790905593257,0.0,True
jjas17,z500,5,spread_skill_ratio,delysm,ukmo,17,0.1631873213124153,-0.052933435526442044,0.3807346842405203,0.1422,False
jjas17,z500,5,spread_skill_ratio,ecmwf,fuxi,17,0.3541895199252034,0.22823986259832207,0.5062542241310527,0.0,True
jjas17,z500,5,spread_skill_ratio,ecmwf,ncep,17,0.7856212176866751,0.5685874946019521,1.0226020779595029,0.0,True
jjas17,z500,5,spread_skill_ratio,ecmwf,ukmo,17,0.516540151626226,0.28266156348548016,0.7642098167215585,0.0,True
jjas17,z500,5,spread_skill_ratio,fuxi,ncep,17,0.4314316977614717,0.27582167019509013,0.6084269690312888,0.0,True
jjas17,z500,5,spread_skill_ratio,fuxi,ukmo,17,0.1623506317010226,-0.012102954774170463,0.3448235240483999,0.0676,False
jjas17,z500,5,spread_skill_ratio,ncep,ukmo,17,-0.2690810660604491,-0.40609949650292676,-0.1353375424240748,0.0,True
jjas17,z500,6,spread_skill_ratio,delysm,ecmwf,17,-0.36563397522795626,-0.660152741383,-0.09643566445820814,0.005,True
jjas17,z500,6,spread_skill_ratio,delysm,fuxi,17,-0.04092086298267639,-0.24876977507870096,0.1540031402715959,0.7008,False
jjas17,z500,6,spread_skill_ratio,delysm,ncep,17,0.48629517995974664,0.3040778241454195,0.6714034883673011,0.0,True
jjas17,z500,6,spread_skill_ratio,delysm,ukmo,17,0.10721662952416611,-0.13064632280831834,0.3385871269731216,0.3698,False
jjas17,z500,6,spread_skill_ratio,ecmwf,fuxi,17,0.3247131122452799,0.12346179957409971,0.5498763189270002,0.0006,True
jjas17,z500,6,spread_skill_ratio,ecmwf,ncep,17,0.8519291551877028,0.6132136093099858,1.1159283746466993,0.0,True
jjas17,z500,6,spread_skill_ratio,ecmwf,ukmo,17,0.47285060475212237,0.19160772747679541,0.7656026601194372,0.0004,True
jjas17,z500,6,spread_skill_ratio,fuxi,ncep,17,0.5272160429424231,0.3785024995407494,0.6994757800994874,0.0,True
jjas17,z500,6,spread_skill_ratio,fuxi,ukmo,17,0.1481374925068425,-0.09564169750360757,0.3926447602003682,0.2394,False
jjas17,z500,6,spread_skill_ratio,ncep,ukmo,17,-0.37907855043558053,-0.607239058143816,-0.16175441847510016,0.0002,True
