method,case_id,erpas_init,fuxi_init,year,init_month,season_memberships,week,valid_period_start,valid_period_end_exclusive,model,erpas_source_count,acc,rmse_mm_day,mae_mm_day,bias_mm_day
common_imd_1991_2020,paired_20230104,2023-01-04,2023-01-02,2023,1,JF;JFM,1,2023-01-05,2023-01-12,ERPAS,4,0.3748968096865116,0.4772087122747513,0.17248591184458598,0.14694748457723777
common_imd_1991_2020,paired_20230104,2023-01-04,2023-01-02,2023,1,JF;JFM,2,2023-01-12,2023-01-19,ERPAS,4,0.6378906768448549,0.6054774484101196,0.24710549666320897,0.1232928293676796
common_imd_1991_2020,paired_20230104,2023-01-04,2023-01-02,2023,1,JF;JFM,3,2023-01-19,2023-01-26,ERPAS,4,-0.4388377850652785,1.2488701972630372,0.5444726057940981,-0.25058640055781917
common_imd_1991_2020,paired_20230104,2023-01-04,2023-01-02,2023,1,JF;JFM,4,2023-01-26,2023-02-02,ERPAS,4,0.3383549332583227,1.3510632699000176,0.94487670813402,0.5709628207681903
common_imd_1991_2020,paired_20230104,2023-01-04,2023-01-02,2023,1,JF;JFM,1,2023-01-05,2023-01-12,FuXi-S2S,4,0.5437012157514904,0.3837977326422854,0.12526969885405304,0.08881741461959874
common_imd_1991_2020,paired_20230104,2023-01-04,2023-01-02,2023,1,JF;JFM,2,2023-01-12,2023-01-19,FuXi-S2S,4,0.269081253795349,1.4361652102339963,0.5069771679658329,0.4960097443584764
common_imd_1991_2020,paired_20230104,2023-01-04,2023-01-02,2023,1,JF;JFM,3,2023-01-19,2023-01-26,FuXi-S2S,4,-0.25386826765876314,1.269618877706555,0.5172319014271226,-0.17509292146432456
common_imd_1991_2020,paired_20230104,2023-01-04,2023-01-02,2023,1,JF;JFM,4,2023-01-26,2023-02-02,FuXi-S2S,4,-0.09190023977579005,1.4144215474220794,0.7322240438089015,-0.11741445766681236
common_imd_1991_2020,paired_20230111,2023-01-11,2023-01-09,2023,1,JF;JFM,1,2023-01-12,2023-01-19,ERPAS,4,0.7841154435040287,0.4755298298653679,0.17389767479467105,0.0686671990294747
common_imd_1991_2020,paired_20230111,2023-01-11,2023-01-09,2023,1,JF;JFM,2,2023-01-19,2023-01-26,ERPAS,4,0.6624632688620967,0.8388902943418195,0.4936961034272345,0.32732948976890575
common_imd_1991_2020,paired_20230111,2023-01-11,2023-01-09,2023,1,JF;JFM,3,2023-01-26,2023-02-02,ERPAS,4,0.11376015390107401,1.1976253553443696,0.6421309481898022,-0.11299900889459616
common_imd_1991_2020,paired_20230111,2023-01-11,2023-01-09,2023,1,JF;JFM,4,2023-02-02,2023-02-09,ERPAS,4,0.7446612390030738,0.8286053326146392,0.4804141234023458,0.2737631656758355
common_imd_1991_2020,paired_20230111,2023-01-11,2023-01-09,2023,1,JF;JFM,1,2023-01-12,2023-01-19,FuXi-S2S,4,0.6511000803316572,0.9098371076463286,0.26264856633352657,0.22193787809989157
common_imd_1991_2020,paired_20230111,2023-01-11,2023-01-09,2023,1,JF;JFM,2,2023-01-19,2023-01-26,FuXi-S2S,4,-0.0978301570304623,1.1360136766731919,0.47444709790028944,-0.26348257328656344
common_imd_1991_2020,paired_20230111,2023-01-11,2023-01-09,2023,1,JF;JFM,3,2023-01-26,2023-02-02,FuXi-S2S,4,-0.17033205887227562,1.56649201094743,0.9743015284789722,0.15107932723872197
common_imd_1991_2020,paired_20230111,2023-01-11,2023-01-09,2023,1,JF;JFM,4,2023-02-02,2023-02-09,FuXi-S2S,4,0.8353547107392794,0.6235721833034407,0.2414831252444184,0.09107992892264141
common_imd_1991_2020,paired_20230118,2023-01-18,2023-01-16,2023,1,JF;JFM,1,2023-01-19,2023-01-26,ERPAS,4,0.7759001925908935,0.8466230119980539,0.43190514212995,0.3585189991810606
common_imd_1991_2020,paired_20230118,2023-01-18,2023-01-16,2023,1,JF;JFM,2,2023-01-26,2023-02-02,ERPAS,4,-0.1738430969631802,2.771841032569875,2.246217587236802,1.738794530282711
common_imd_1991_2020,paired_20230118,2023-01-18,2023-01-16,2023,1,JF;JFM,3,2023-02-02,2023-02-09,ERPAS,4,0.6927807370789606,1.0388702284527267,0.7152710381710835,0.584609722415638
common_imd_1991_2020,paired_20230118,2023-01-18,2023-01-16,2023,1,JF;JFM,4,2023-02-09,2023-02-16,ERPAS,4,0.33799444987520283,0.9346769163504188,0.5238045793711414,0.25083486401955096
common_imd_1991_2020,paired_20230118,2023-01-18,2023-01-16,2023,1,JF;JFM,1,2023-01-19,2023-01-26,FuXi-S2S,4,0.46606598300129554,0.8791859903993988,0.4220104326494033,0.02445603831542944
common_imd_1991_2020,paired_20230118,2023-01-18,2023-01-16,2023,1,JF;JFM,2,2023-01-26,2023-02-02,FuXi-S2S,4,-0.025829478994844685,1.8370617068632924,1.2009506545870123,0.5620387879296311
common_imd_1991_2020,paired_20230118,2023-01-18,2023-01-16,2023,1,JF;JFM,3,2023-02-02,2023-02-09,FuXi-S2S,4,0.6927332640456302,0.8875170062283129,0.3655192503106572,0.28223199408480665
common_imd_1991_2020,paired_20230118,2023-01-18,2023-01-16,2023,1,JF;JFM,4,2023-02-09,2023-02-16,FuXi-S2S,4,0.699930786095988,0.6593904484639976,0.29003081974019135,0.07029111435958893
common_imd_1991_2020,paired_20230125,2023-01-25,2023-01-23,2023,1,JF;JFM,1,2023-01-26,2023-02-02,ERPAS,8,0.31141915575552237,1.097315015662328,0.5488071824110307,-0.11892969687057472
common_imd_1991_2020,paired_20230125,2023-01-25,2023-01-23,2023,1,JF;JFM,2,2023-02-02,2023-02-09,ERPAS,8,0.6424620622895519,0.8951319667562919,0.37240102587826357,0.2102479629117666
common_imd_1991_2020,paired_20230125,2023-01-25,2023-01-23,2023,1,JF;JFM,3,2023-02-09,2023-02-16,ERPAS,8,0.4558694648692864,0.6603585022971598,0.17118400588024457,-0.014364106442453334
common_imd_1991_2020,paired_20230125,2023-01-25,2023-01-23,2023,1,JF;JFM,4,2023-02-16,2023-02-23,ERPAS,8,-0.12838876943644473,1.4160164251481289,0.4890911952518885,0.020492292773625322
common_imd_1991_2020,paired_20230125,2023-01-25,2023-01-23,2023,1,JF;JFM,1,2023-01-26,2023-02-02,FuXi-S2S,8,0.009373042836637384,1.3126727880855902,0.6526724220415876,-0.1436237742629877
common_imd_1991_2020,paired_20230125,2023-01-25,2023-01-23,2023,1,JF;JFM,2,2023-02-02,2023-02-09,FuXi-S2S,8,0.5986365070432186,0.9179146733968938,0.3186042681267655,0.16439852756814438
common_imd_1991_2020,paired_20230125,2023-01-25,2023-01-23,2023,1,JF;JFM,3,2023-02-09,2023-02-16,FuXi-S2S,8,0.6617206947893732,0.8352719297623675,0.30463811029839044,0.16217550036962078
common_imd_1991_2020,paired_20230125,2023-01-25,2023-01-23,2023,1,JF;JFM,4,2023-02-16,2023-02-23,FuXi-S2S,8,0.45073579192873736,1.0654924563370538,0.4115236743082962,0.2690903102719949
common_imd_1991_2020,paired_20230201,2023-02-01,2023-01-30,2023,2,JF;JFM,1,2023-02-02,2023-02-09,ERPAS,4,0.8569464115708729,0.5790414005489133,0.19363825594956519,-0.023670755927742308
common_imd_1991_2020,paired_20230201,2023-02-01,2023-01-30,2023,2,JF;JFM,2,2023-02-09,2023-02-16,ERPAS,4,0.422238810327017,0.7438724848146797,0.20887839063107327,0.04725227157584363
common_imd_1991_2020,paired_20230201,2023-02-01,2023-01-30,2023,2,JF;JFM,3,2023-02-16,2023-02-23,ERPAS,4,0.2023831634881882,1.2585371443349296,0.34355007676702104,-0.1114394906974447
common_imd_1991_2020,paired_20230201,2023-02-01,2023-01-30,2023,2,JF;JFM,4,2023-02-23,2023-03-02,ERPAS,4,0.556342539416958,0.9126999886116676,0.33905863552392257,0.2994228271453525
common_imd_1991_2020,paired_20230201,2023-02-01,2023-01-30,2023,2,JF;JFM,1,2023-02-02,2023-02-09,FuXi-S2S,4,0.8884883535031467,0.5185991018551256,0.16202659496465735,-0.062459935929325285
common_imd_1991_2020,paired_20230201,2023-02-01,2023-01-30,2023,2,JF;JFM,2,2023-02-09,2023-02-16,FuXi-S2S,4,0.5760072908832299,0.8138462629088146,0.2898256970434165,-0.004981249003222492
common_imd_1991_2020,paired_20230201,2023-02-01,2023-01-30,2023,2,JF;JFM,3,2023-02-16,2023-02-23,FuXi-S2S,4,0.33823314616346684,1.3608846929958092,0.4610417351561771,0.4032949404334766
common_imd_1991_2020,paired_20230201,2023-02-01,2023-01-30,2023,2,JF;JFM,4,2023-02-23,2023-03-02,FuXi-S2S,4,0.06163193804693044,1.4997429790534313,0.6151243459053309,0.6032532096900095
common_imd_1991_2020,paired_20230208,2023-02-08,2023-02-06,2023,2,JF;JFM,1,2023-02-09,2023-02-16,ERPAS,4,0.5778366783965699,0.6186987220891108,0.18417006705322644,0.03484081917723586
common_imd_1991_2020,paired_20230208,2023-02-08,2023-02-06,2023,2,JF;JFM,2,2023-02-16,2023-02-23,ERPAS,4,-0.20578962771020867,1.4603801719379002,0.5308219427888012,0.19505495037937334
common_imd_1991_2020,paired_20230208,2023-02-08,2023-02-06,2023,2,JF;JFM,3,2023-02-23,2023-03-02,ERPAS,4,0.6427126457981139,0.7964380523365044,0.3454738264568189,0.2666783691544165
common_imd_1991_2020,paired_20230208,2023-02-08,2023-02-06,2023,2,JF;JFM,4,2023-03-02,2023-03-09,ERPAS,4,0.03638868816164411,1.152274164342447,0.570208351928346,0.3013823443090491
common_imd_1991_2020,paired_20230208,2023-02-08,2023-02-06,2023,2,JF;JFM,1,2023-02-09,2023-02-16,FuXi-S2S,4,0.6251581703703841,1.1799906115531116,0.33957425627203935,0.2182929803091113
common_imd_1991_2020,paired_20230208,2023-02-08,2023-02-06,2023,2,JF;JFM,2,2023-02-16,2023-02-23,FuXi-S2S,4,0.46557145857351145,1.8307444132028927,0.7168434512447364,0.6872182060451979
common_imd_1991_2020,paired_20230208,2023-02-08,2023-02-06,2023,2,JF;JFM,3,2023-02-23,2023-03-02,FuXi-S2S,4,0.1040733481907061,1.5896554943704266,0.6029231468433286,0.5825424315513557
common_imd_1991_2020,paired_20230208,2023-02-08,2023-02-06,2023,2,JF;JFM,4,2023-03-02,2023-03-09,FuXi-S2S,4,-0.3922551147268462,1.8096445529895702,0.8517938417930677,0.6463623963146856
common_imd_1991_2020,paired_20230215,2023-02-15,2023-02-13,2023,2,JF;JFM,1,2023-02-16,2023-02-23,ERPAS,4,0.5237627855962949,0.9899933021375414,0.2976099539266607,-0.003340316527259952
common_imd_1991_2020,paired_20230215,2023-02-15,2023-02-13,2023,2,JF;JFM,2,2023-02-23,2023-03-02,ERPAS,4,0.49672280540982117,1.076092681761611,0.44960349195533467,0.3989958568183942
common_imd_1991_2020,paired_20230215,2023-02-15,2023-02-13,2023,2,JF;JFM,3,2023-03-02,2023-03-09,ERPAS,4,0.057145578326964784,1.193799244517474,0.6092965362336557,0.44696205465124583
common_imd_1991_2020,paired_20230215,2023-02-15,2023-02-13,2023,2,JF;JFM,4,2023-03-09,2023-03-16,ERPAS,4,0.14055932689495668,1.6205318171394405,0.8021520810254029,0.7454078094430303
common_imd_1991_2020,paired_20230215,2023-02-15,2023-02-13,2023,2,JF;JFM,1,2023-02-16,2023-02-23,FuXi-S2S,4,0.6575311899052664,0.9899060948166758,0.2884545698484208,0.20753913075897848
common_imd_1991_2020,paired_20230215,2023-02-15,2023-02-13,2023,2,JF;JFM,2,2023-02-23,2023-03-02,FuXi-S2S,4,0.18671223209569482,2.0759289590421175,0.6545793115658266,0.6330065969196877
common_imd_1991_2020,paired_20230215,2023-02-15,2023-02-13,2023,2,JF;JFM,3,2023-03-02,2023-03-09,FuXi-S2S,4,-0.3246774614738404,1.7481509217712488,0.7332100928065126,0.49380395325576637
common_imd_1991_2020,paired_20230215,2023-02-15,2023-02-13,2023,2,JF;JFM,4,2023-03-09,2023-03-16,FuXi-S2S,4,0.34546241968291463,1.3510366011100083,0.4808193240685409,0.39002610712508956
common_imd_1991_2020,paired_20230222,2023-02-22,2023-02-20,2023,2,JF;JFM,1,2023-02-23,2023-03-02,ERPAS,4,0.26415566116185957,1.10940813239506,0.4202090396287141,0.39153297195118525
common_imd_1991_2020,paired_20230222,2023-02-22,2023-02-20,2023,2,JF;JFM,2,2023-03-02,2023-03-09,ERPAS,4,0.6473883118853514,0.6615130436192715,0.36610320032219773,0.07766344552359469
common_imd_1991_2020,paired_20230222,2023-02-22,2023-02-20,2023,2,JF;JFM,3,2023-03-09,2023-03-16,ERPAS,4,0.5643858627100963,1.0055111578084934,0.6223860814127266,0.470883409481456
common_imd_1991_2020,paired_20230222,2023-02-22,2023-02-20,2023,2,JF;JFM,4,2023-03-16,2023-03-23,ERPAS,4,-0.20095264972135485,3.751990654606364,2.810719099616575,-2.1491166008701383
common_imd_1991_2020,paired_20230222,2023-02-22,2023-02-20,2023,2,JF;JFM,1,2023-02-23,2023-03-02,FuXi-S2S,4,0.710526126133929,1.0483815972781925,0.22288157008620146,0.15879748522933604
common_imd_1991_2020,paired_20230222,2023-02-22,2023-02-20,2023,2,JF;JFM,2,2023-03-02,2023-03-09,FuXi-S2S,4,0.2460396723268323,0.9141042388869249,0.4808599260012073,0.24929434565965447
common_imd_1991_2020,paired_20230222,2023-02-22,2023-02-20,2023,2,JF;JFM,3,2023-03-09,2023-03-16,FuXi-S2S,4,0.44059179691819844,1.0542957773771027,0.46427867158298725,0.3798776666984858
common_imd_1991_2020,paired_20230222,2023-02-22,2023-02-20,2023,2,JF;JFM,4,2023-03-16,2023-03-23,FuXi-S2S,4,0.13231317507959214,3.571768274456086,2.7254735661773957,-2.2124783972953077
common_imd_1991_2020,paired_20230301,2023-03-01,2023-02-27,2023,3,JFM;MAM,1,2023-03-02,2023-03-09,ERPAS,4,0.555474898837623,0.7174298775720634,0.33908354063068863,0.09282697348203538
common_imd_1991_2020,paired_20230301,2023-03-01,2023-02-27,2023,3,JFM;MAM,2,2023-03-09,2023-03-16,ERPAS,4,0.6843629400614812,0.8637253525759887,0.46726043821164237,0.2615178708462897
common_imd_1991_2020,paired_20230301,2023-03-01,2023-02-27,2023,3,JFM;MAM,3,2023-03-16,2023-03-23,ERPAS,4,0.24093521586222338,3.016480777399269,2.1215277507384562,-1.0338282128885437
common_imd_1991_2020,paired_20230301,2023-03-01,2023-02-27,2023,3,JFM;MAM,4,2023-03-23,2023-03-30,ERPAS,4,-0.07618421275635724,2.6144280377499376,1.5827357958257204,1.3464727463911603
common_imd_1991_2020,paired_20230301,2023-03-01,2023-02-27,2023,3,JFM;MAM,1,2023-03-02,2023-03-09,FuXi-S2S,4,0.657626452290473,0.6341320138606675,0.2799444180463416,0.07657267675367331
common_imd_1991_2020,paired_20230301,2023-03-01,2023-02-27,2023,3,JFM;MAM,2,2023-03-09,2023-03-16,FuXi-S2S,4,0.35715294660358343,1.0728478400261066,0.40502570353685663,0.28117135941216853
common_imd_1991_2020,paired_20230301,2023-03-01,2023-02-27,2023,3,JFM;MAM,3,2023-03-16,2023-03-23,FuXi-S2S,4,0.23239464836764678,3.460353040474213,2.58700315107966,-2.050605436072308
common_imd_1991_2020,paired_20230301,2023-03-01,2023-02-27,2023,3,JFM;MAM,4,2023-03-23,2023-03-30,FuXi-S2S,4,0.31141750381232275,1.6010160024329922,0.7875233078225121,0.07659692233374736
common_imd_1991_2020,paired_20230308,2023-03-08,2023-03-06,2023,3,JFM;MAM,1,2023-03-09,2023-03-16,ERPAS,4,0.8130422333156968,0.6830298869136299,0.4502213573844536,0.30030052901710375
common_imd_1991_2020,paired_20230308,2023-03-08,2023-03-06,2023,3,JFM;MAM,2,2023-03-16,2023-03-23,ERPAS,4,0.40507910459982055,2.7407731951287335,1.9762714704554964,-0.6209018928866711
common_imd_1991_2020,paired_20230308,2023-03-08,2023-03-06,2023,3,JFM;MAM,3,2023-03-23,2023-03-30,ERPAS,4,-0.16966958674248647,1.8902771416477484,1.0473790329904373,0.07665521453025717
common_imd_1991_2020,paired_20230308,2023-03-08,2023-03-06,2023,3,JFM;MAM,4,2023-03-30,2023-04-06,ERPAS,4,-0.1038392896417674,2.1697239805207227,1.3851297360051216,-0.5219104453307631
common_imd_1991_2020,paired_20230308,2023-03-08,2023-03-06,2023,3,JFM;MAM,1,2023-03-09,2023-03-16,FuXi-S2S,4,0.9266349596041911,0.4169969056394632,0.160960588825713,-0.0840132727223011
common_imd_1991_2020,paired_20230308,2023-03-08,2023-03-06,2023,3,JFM;MAM,2,2023-03-16,2023-03-23,FuXi-S2S,4,0.4394832715228796,3.524829858350223,2.6519531861882366,-2.516784042729399
common_imd_1991_2020,paired_20230308,2023-03-08,2023-03-06,2023,3,JFM;MAM,3,2023-03-23,2023-03-30,FuXi-S2S,4,0.45925873197532013,1.636696021983339,0.9692448676642609,0.6697126834922793
common_imd_1991_2020,paired_20230308,2023-03-08,2023-03-06,2023,3,JFM;MAM,4,2023-03-30,2023-04-06,FuXi-S2S,4,0.13896477122581213,1.9161580509452805,1.2722721492103708,-0.9804610031690508
common_imd_1991_2020,paired_20230315,2023-03-15,2023-03-13,2023,3,JFM;MAM,1,2023-03-16,2023-03-23,ERPAS,20,0.6533051533925702,2.0734868760807914,1.4905818859539886,0.0696135423320721
common_imd_1991_2020,paired_20230315,2023-03-15,2023-03-13,2023,3,JFM;MAM,2,2023-03-23,2023-03-30,ERPAS,20,0.056134393893588846,1.5961303322973515,0.9599869575223627,0.07252444482192981
common_imd_1991_2020,paired_20230315,2023-03-15,2023-03-13,2023,3,JFM;MAM,3,2023-03-30,2023-04-06,ERPAS,20,-0.26210351642982943,2.1439321718713256,1.373363137110885,-0.582445445141992
common_imd_1991_2020,paired_20230315,2023-03-15,2023-03-13,2023,3,JFM;MAM,4,2023-04-06,2023-04-13,ERPAS,20,-0.19149568545809614,2.6698846814261725,1.4421431074481987,1.0819760949448212
common_imd_1991_2020,paired_20230315,2023-03-15,2023-03-13,2023,3,JFM;MAM,1,2023-03-16,2023-03-23,FuXi-S2S,20,0.7256558674468381,1.956116410216423,1.3203286067821791,-0.5186377809326312
common_imd_1991_2020,paired_20230315,2023-03-15,2023-03-13,2023,3,JFM;MAM,2,2023-03-23,2023-03-30,FuXi-S2S,20,0.5541753182941629,1.203224235769646,0.7402309972169883,0.24952076581282104
common_imd_1991_2020,paired_20230315,2023-03-15,2023-03-13,2023,3,JFM;MAM,3,2023-03-30,2023-04-06,FuXi-S2S,20,0.17416632489969341,1.8729306860424124,1.2290194248876722,-0.9538622011687093
common_imd_1991_2020,paired_20230315,2023-03-15,2023-03-13,2023,3,JFM;MAM,4,2023-04-06,2023-04-13,FuXi-S2S,20,0.30159511866441985,1.689951172280996,0.8156572406540246,0.37682869462726964
common_imd_1991_2020,paired_20230322,2023-03-22,2023-03-20,2023,3,JFM;MAM,1,2023-03-23,2023-03-30,ERPAS,20,0.31196437453576964,1.5161015692146593,0.8952267247752282,0.0964770751326232
common_imd_1991_2020,paired_20230322,2023-03-22,2023-03-20,2023,3,JFM;MAM,2,2023-03-30,2023-04-06,ERPAS,20,-0.14227480755448987,2.206723625471103,1.399932498185653,-0.39195751212182045
common_imd_1991_2020,paired_20230322,2023-03-22,2023-03-20,2023,3,JFM;MAM,3,2023-04-06,2023-04-13,ERPAS,20,0.12422842752823032,2.1171372161915265,1.2400683451666041,0.877430255774095
common_imd_1991_2020,paired_20230322,2023-03-22,2023-03-20,2023,3,JFM;MAM,4,2023-04-13,2023-04-20,ERPAS,20,0.060837099740915744,2.3096974071715484,1.0465498263126547,0.8361355657161251
common_imd_1991_2020,paired_20230322,2023-03-22,2023-03-20,2023,3,JFM;MAM,1,2023-03-23,2023-03-30,FuXi-S2S,20,0.5933939078215685,1.1914552923381547,0.5887797664967467,0.02745584870938735
common_imd_1991_2020,paired_20230322,2023-03-22,2023-03-20,2023,3,JFM;MAM,2,2023-03-30,2023-04-06,FuXi-S2S,20,0.23601620185000066,1.9222049232137652,1.1804108575646912,-0.8918065068165121
common_imd_1991_2020,paired_20230322,2023-03-22,2023-03-20,2023,3,JFM;MAM,3,2023-04-06,2023-04-13,FuXi-S2S,20,0.004375480709233469,2.0389489624230723,0.9329691331048152,0.5513138983862093
common_imd_1991_2020,paired_20230322,2023-03-22,2023-03-20,2023,3,JFM;MAM,4,2023-04-13,2023-04-20,FuXi-S2S,20,-0.1638943473563936,2.0754859026807724,0.8275961891354507,0.2619190845084123
common_imd_1991_2020,paired_20230329,2023-03-29,2023-03-27,2023,3,JFM;MAM,1,2023-03-30,2023-04-06,ERPAS,20,0.03405879709036529,2.144722284490792,1.290432778177615,-0.06005395614764512
common_imd_1991_2020,paired_20230329,2023-03-29,2023-03-27,2023,3,JFM;MAM,2,2023-04-06,2023-04-13,ERPAS,20,0.7085707657273665,1.2876909050359673,0.7082314435907602,0.46512266296318006
common_imd_1991_2020,paired_20230329,2023-03-29,2023-03-27,2023,3,JFM;MAM,3,2023-04-13,2023-04-20,ERPAS,20,0.07676264878950559,1.8425443163823845,0.8251219282940983,0.2731562645376748
common_imd_1991_2020,paired_20230329,2023-03-29,2023-03-27,2023,3,JFM;MAM,4,2023-04-20,2023-04-27,ERPAS,20,-0.07551591149684693,2.647400184500092,1.6982888028977172,0.2425944083048414
common_imd_1991_2020,paired_20230329,2023-03-29,2023-03-27,2023,3,JFM;MAM,1,2023-03-30,2023-04-06,FuXi-S2S,20,0.5357150836418145,1.5270598533103197,0.7708587730555589,-0.2985705046074108
common_imd_1991_2020,paired_20230329,2023-03-29,2023-03-27,2023,3,JFM;MAM,2,2023-04-06,2023-04-13,FuXi-S2S,20,0.1298361818534183,2.057807158753357,0.8936443765701376,0.6302219562098632
common_imd_1991_2020,paired_20230329,2023-03-29,2023-03-27,2023,3,JFM;MAM,3,2023-04-13,2023-04-20,FuXi-S2S,20,0.18982279326125748,1.673290848604158,0.80879340369513,0.30010541598273965
common_imd_1991_2020,paired_20230329,2023-03-29,2023-03-27,2023,3,JFM;MAM,4,2023-04-20,2023-04-27,FuXi-S2S,20,0.04482261597855421,2.158880379163098,1.3548435218933603,-0.9182946367193097
common_imd_1991_2020,paired_20230405,2023-04-05,2023-04-03,2023,4,MAM,1,2023-04-06,2023-04-13,ERPAS,20,0.9137313130732904,0.7079320541545527,0.42612438354168997,0.15202895908084826
common_imd_1991_2020,paired_20230405,2023-04-05,2023-04-03,2023,4,MAM,2,2023-04-13,2023-04-20,ERPAS,20,0.07596204509813917,1.8430164087451044,0.7954367648696704,0.24948408054061974
common_imd_1991_2020,paired_20230405,2023-04-05,2023-04-03,2023,4,MAM,3,2023-04-20,2023-04-27,ERPAS,20,-0.3211753486781385,3.5615113978734105,2.1341375191436716,0.6264715137979936
common_imd_1991_2020,paired_20230405,2023-04-05,2023-04-03,2023,4,MAM,4,2023-04-27,2023-05-04,ERPAS,20,-0.26490897424993454,5.0436990021397685,3.884236621690742,-2.286466000834959
common_imd_1991_2020,paired_20230405,2023-04-05,2023-04-03,2023,4,MAM,1,2023-04-06,2023-04-13,FuXi-S2S,20,0.9130497907892777,0.7520124481328073,0.3501330884700758,-0.07705778591279533
common_imd_1991_2020,paired_20230405,2023-04-05,2023-04-03,2023,4,MAM,2,2023-04-13,2023-04-20,FuXi-S2S,20,0.07143827822386467,1.8801566520426494,0.6287501704424008,-0.016364950887177345
common_imd_1991_2020,paired_20230405,2023-04-05,2023-04-03,2023,4,MAM,3,2023-04-20,2023-04-27,FuXi-S2S,20,-0.3727961470978738,2.657491177963316,1.6138587588779219,-0.585905202572215
common_imd_1991_2020,paired_20230405,2023-04-05,2023-04-03,2023,4,MAM,4,2023-04-27,2023-05-04,FuXi-S2S,20,-0.0823196587401916,4.786743174241986,3.820123347438885,-2.922807749331714
common_imd_1991_2020,paired_20230412,2023-04-12,2023-04-10,2023,4,MAM,1,2023-04-13,2023-04-20,ERPAS,20,0.7752689299852537,1.1250493871529599,0.5641706914410757,0.3200214862787244
common_imd_1991_2020,paired_20230412,2023-04-12,2023-04-10,2023,4,MAM,2,2023-04-20,2023-04-27,ERPAS,20,0.2582737158424271,1.9828489484872087,1.3750493720018027,-0.27601373614009767
common_imd_1991_2020,paired_20230412,2023-04-12,2023-04-10,2023,4,MAM,3,2023-04-27,2023-05-04,ERPAS,20,-0.24142671616684958,4.830694238390539,3.7189897757286365,-2.3398089156723136
common_imd_1991_2020,paired_20230412,2023-04-12,2023-04-10,2023,4,MAM,4,2023-05-04,2023-05-11,ERPAS,20,-0.4000594725299516,4.143888543394375,2.0327082380856765,0.38379465221819736
common_imd_1991_2020,paired_20230412,2023-04-12,2023-04-10,2023,4,MAM,1,2023-04-13,2023-04-20,FuXi-S2S,20,0.7895204168701979,0.9615187325972041,0.37342745806243666,-0.21286270782517364
common_imd_1991_2020,paired_20230412,2023-04-12,2023-04-10,2023,4,MAM,2,2023-04-20,2023-04-27,FuXi-S2S,20,0.0802486993609204,2.2787518906479955,1.2905112969345995,-0.5848454578191192
common_imd_1991_2020,paired_20230412,2023-04-12,2023-04-10,2023,4,MAM,3,2023-04-27,2023-05-04,FuXi-S2S,20,0.462657261317526,4.560020273832964,3.550687173114032,-3.3570988543193567
common_imd_1991_2020,paired_20230412,2023-04-12,2023-04-10,2023,4,MAM,4,2023-05-04,2023-05-11,FuXi-S2S,20,0.1493579718058761,2.3875430705032916,1.3479135031964689,-0.5906065722648831
common_imd_1991_2020,paired_20230419,2023-04-19,2023-04-17,2023,4,MAM,1,2023-04-20,2023-04-27,ERPAS,20,-0.11545309565958897,2.410901317295589,1.5149976486705623,-0.3113498372376644
common_imd_1991_2020,paired_20230419,2023-04-19,2023-04-17,2023,4,MAM,2,2023-04-27,2023-05-04,ERPAS,20,-0.007686513261929765,4.368722817061533,3.3207644295106338,-1.7601384500106598
common_imd_1991_2020,paired_20230419,2023-04-19,2023-04-17,2023,4,MAM,3,2023-05-04,2023-05-11,ERPAS,20,0.04044797344070149,3.5699955790113416,2.3917822258961863,1.4646760137413162
common_imd_1991_2020,paired_20230419,2023-04-19,2023-04-17,2023,4,MAM,4,2023-05-11,2023-05-18,ERPAS,20,0.017932577106357105,2.4634555637375173,1.3688070200881957,1.1176812573281163
common_imd_1991_2020,paired_20230419,2023-04-19,2023-04-17,2023,4,MAM,1,2023-04-20,2023-04-27,FuXi-S2S,20,0.16913878051832837,2.231574137501309,1.2360694226444566,-0.6553209786101625
common_imd_1991_2020,paired_20230419,2023-04-19,2023-04-17,2023,4,MAM,2,2023-04-27,2023-05-04,FuXi-S2S,20,-0.0062605863729763055,4.782741862202772,3.6200141445922966,-2.6530266903729856
common_imd_1991_2020,paired_20230419,2023-04-19,2023-04-17,2023,4,MAM,3,2023-05-04,2023-05-11,FuXi-S2S,20,0.3649811783961344,2.3559377850137646,1.272935562130915,-0.3142123444563274
common_imd_1991_2020,paired_20230419,2023-04-19,2023-04-17,2023,4,MAM,4,2023-05-11,2023-05-18,FuXi-S2S,20,-0.42836483379786044,2.741196727932016,1.4823744946006776,1.29314027570899
common_imd_1991_2020,paired_20230426,2023-04-26,2023-04-24,2023,4,MAM,1,2023-04-27,2023-05-04,ERPAS,20,0.5826013718768138,2.927229385887719,2.1636203175685265,0.5291105253142925
common_imd_1991_2020,paired_20230426,2023-04-26,2023-04-24,2023,4,MAM,2,2023-05-04,2023-05-11,ERPAS,20,0.24903955810512352,2.4771934408439047,1.6971818282450608,0.236133746604873
common_imd_1991_2020,paired_20230426,2023-04-26,2023-04-24,2023,4,MAM,3,2023-05-11,2023-05-18,ERPAS,20,0.2748625832647167,1.7099710946158422,0.9221844816629404,0.49914661812590666
common_imd_1991_2020,paired_20230426,2023-04-26,2023-04-24,2023,4,MAM,4,2023-05-18,2023-05-25,ERPAS,20,0.08649927801673399,2.10494311377463,1.2768158415374287,0.1367958903424926
common_imd_1991_2020,paired_20230426,2023-04-26,2023-04-24,2023,4,MAM,1,2023-04-27,2023-05-04,FuXi-S2S,20,0.5560417935177413,3.2094064533552396,2.3286855771420316,-1.4280389610434288
common_imd_1991_2020,paired_20230426,2023-04-26,2023-04-24,2023,4,MAM,2,2023-05-04,2023-05-11,FuXi-S2S,20,0.29822141742361097,2.24647170455609,1.3049363720860303,-0.5553191953500999
common_imd_1991_2020,paired_20230426,2023-04-26,2023-04-24,2023,4,MAM,3,2023-05-11,2023-05-18,FuXi-S2S,20,-0.2921938553094596,1.9472694438135822,1.0581897462473102,0.8466783039842548
common_imd_1991_2020,paired_20230426,2023-04-26,2023-04-24,2023,4,MAM,4,2023-05-18,2023-05-25,FuXi-S2S,20,0.3369032720553588,1.7816994227876997,1.0859650194390222,-0.46099258637542956
common_imd_1991_2020,paired_20230503,2023-05-03,2023-05-01,2023,5,MAM,1,2023-05-04,2023-05-11,ERPAS,20,0.4965791544976506,2.0202229859661234,0.9944283941950635,0.16968719007922986
common_imd_1991_2020,paired_20230503,2023-05-03,2023-05-01,2023,5,MAM,2,2023-05-11,2023-05-18,ERPAS,20,-0.09758447174685905,2.814484308002283,1.386755879230148,1.0665981998902205
common_imd_1991_2020,paired_20230503,2023-05-03,2023-05-01,2023,5,MAM,3,2023-05-18,2023-05-25,ERPAS,20,-0.05740624427412023,2.8818193448309466,1.5590639552286738,0.718454346694124
common_imd_1991_2020,paired_20230503,2023-05-03,2023-05-01,2023,5,MAM,4,2023-05-25,2023-06-01,ERPAS,20,-0.020670979745668807,4.019891054812967,2.49031045120002,0.40410471246433494
common_imd_1991_2020,paired_20230503,2023-05-03,2023-05-01,2023,5,MAM,1,2023-05-04,2023-05-11,FuXi-S2S,20,0.7021333558647057,1.6375462271414614,0.89622959577381,-0.4071658185530761
common_imd_1991_2020,paired_20230503,2023-05-03,2023-05-01,2023,5,MAM,2,2023-05-11,2023-05-18,FuXi-S2S,20,0.25761117195583866,1.307899844965078,0.5569694971813461,0.11893669727123063
common_imd_1991_2020,paired_20230503,2023-05-03,2023-05-01,2023,5,MAM,3,2023-05-18,2023-05-25,FuXi-S2S,20,0.624612794310411,1.3836336349373666,0.8694856389501981,-0.5051391591410417
common_imd_1991_2020,paired_20230503,2023-05-03,2023-05-01,2023,5,MAM,4,2023-05-25,2023-06-01,FuXi-S2S,20,0.33928963002082896,3.318375168986244,2.2874937192247677,-1.5182297250037928
common_imd_1991_2020,paired_20230510,2023-05-10,2023-05-08,2023,5,MAM,1,2023-05-11,2023-05-18,ERPAS,20,0.38001613665687867,1.6077868098621588,0.6988361755323474,0.05653623350408432
common_imd_1991_2020,paired_20230510,2023-05-10,2023-05-08,2023,5,MAM,2,2023-05-18,2023-05-25,ERPAS,20,-0.266161717911679,4.061608421928526,1.8952232360961885,0.8463187499643978
common_imd_1991_2020,paired_20230510,2023-05-10,2023-05-08,2023,5,MAM,3,2023-05-25,2023-06-01,ERPAS,20,0.22166658153540433,3.535019977171516,2.2894464522942055,0.8140381089379919
common_imd_1991_2020,paired_20230510,2023-05-10,2023-05-08,2023,5,MAM,4,2023-06-01,2023-06-08,ERPAS,20,0.0379628030453277,4.8016589298625725,3.0738757197300908,2.7248500804471654
common_imd_1991_2020,paired_20230510,2023-05-10,2023-05-08,2023,5,MAM,1,2023-05-11,2023-05-18,FuXi-S2S,20,0.14662335058577866,1.5626810464604075,0.6710332833970752,0.08850016238014878
common_imd_1991_2020,paired_20230510,2023-05-10,2023-05-08,2023,5,MAM,2,2023-05-18,2023-05-25,FuXi-S2S,20,0.3751256983305592,1.8038639743924747,1.1669257708543839,-0.6613320770575378
common_imd_1991_2020,paired_20230510,2023-05-10,2023-05-08,2023,5,MAM,3,2023-05-25,2023-06-01,FuXi-S2S,20,0.3525397700997113,3.382550233728995,2.376643842323281,-1.718452918860412
common_imd_1991_2020,paired_20230510,2023-05-10,2023-05-08,2023,5,MAM,4,2023-06-01,2023-06-08,FuXi-S2S,20,0.32134356305119355,3.075011703743976,1.4789442413252445,0.6210176143387377
common_imd_1991_2020,paired_20230517,2023-05-17,2023-05-15,2023,5,MAM,1,2023-05-18,2023-05-25,ERPAS,20,-0.24971763905657943,3.364515370869199,1.5617054935125478,-0.03227632393344092
common_imd_1991_2020,paired_20230517,2023-05-17,2023-05-15,2023,5,MAM,2,2023-05-25,2023-06-01,ERPAS,20,0.5125374964296968,2.797403976353258,1.8524055075160142,-0.36442296736521174
common_imd_1991_2020,paired_20230517,2023-05-17,2023-05-15,2023,5,MAM,3,2023-06-01,2023-06-08,ERPAS,20,0.4414695862834016,3.107139551903647,1.9237388664699633,1.49565427747108
common_imd_1991_2020,paired_20230517,2023-05-17,2023-05-15,2023,5,MAM,4,2023-06-08,2023-06-15,ERPAS,20,0.19426873380247997,5.306310796508251,3.7002981420314733,2.5057721292422412
common_imd_1991_2020,paired_20230517,2023-05-17,2023-05-15,2023,5,MAM,1,2023-05-18,2023-05-25,FuXi-S2S,20,0.11194282745533543,2.0229394392691646,1.1834700820511115,-0.4296896466717871
common_imd_1991_2020,paired_20230517,2023-05-17,2023-05-15,2023,5,MAM,2,2023-05-25,2023-06-01,FuXi-S2S,20,0.5639916356733623,2.920151245405904,1.9244249438229941,-1.411026218809198
common_imd_1991_2020,paired_20230517,2023-05-17,2023-05-15,2023,5,MAM,3,2023-06-01,2023-06-08,FuXi-S2S,20,0.5885970303972091,2.4037579125625848,1.320325002927078,0.33907508076929666
common_imd_1991_2020,paired_20230517,2023-05-17,2023-05-15,2023,5,MAM,4,2023-06-08,2023-06-15,FuXi-S2S,20,0.5790123344395731,4.132490607097166,2.25157540657063,1.6890026827640803
common_imd_1991_2020,paired_20230524,2023-05-24,2023-05-22,2023,5,MAM,1,2023-05-25,2023-06-01,ERPAS,20,0.555542714799964,2.7671811484269897,1.9659265746033858,-0.06743265004029134
common_imd_1991_2020,paired_20230524,2023-05-24,2023-05-22,2023,5,MAM,2,2023-06-01,2023-06-08,ERPAS,20,0.7249478949816827,2.0685014882549697,1.2259917784599843,0.46466273194838476
common_imd_1991_2020,paired_20230524,2023-05-24,2023-05-22,2023,5,MAM,3,2023-06-08,2023-06-15,ERPAS,20,0.3161684036487258,4.33628099066699,2.648290202695572,1.22347471993263
common_imd_1991_2020,paired_20230524,2023-05-24,2023-05-22,2023,5,MAM,4,2023-06-15,2023-06-22,ERPAS,20,0.3632302314886729,8.964317391775573,5.486221173646671,0.8812584108873156
common_imd_1991_2020,paired_20230524,2023-05-24,2023-05-22,2023,5,MAM,1,2023-05-25,2023-06-01,FuXi-S2S,20,0.7162033188044836,2.584834019894366,1.811670721888446,-1.3964100121406642
common_imd_1991_2020,paired_20230524,2023-05-24,2023-05-22,2023,5,MAM,2,2023-06-01,2023-06-08,FuXi-S2S,20,0.8131135624000172,1.721679579931707,0.9939195057132388,0.1723677039385629
common_imd_1991_2020,paired_20230524,2023-05-24,2023-05-22,2023,5,MAM,3,2023-06-08,2023-06-15,FuXi-S2S,20,0.44832533361135724,4.384191236575722,2.400273205455712,1.6087597335883173
common_imd_1991_2020,paired_20230524,2023-05-24,2023-05-22,2023,5,MAM,4,2023-06-15,2023-06-22,FuXi-S2S,20,-0.13574284075033266,10.902436365239089,7.053935569920282,2.379859173509754
common_imd_1991_2020,paired_20230531,2023-05-31,2023-05-29,2023,5,MAM,1,2023-06-01,2023-06-08,ERPAS,20,0.8239465411751673,1.7271026179784492,1.0737660696314382,0.3180462492633523
common_imd_1991_2020,paired_20230531,2023-05-31,2023-05-29,2023,5,MAM,2,2023-06-08,2023-06-15,ERPAS,20,0.5015964335359016,3.8214235125351608,1.8127708061614913,0.4262171165272904
common_imd_1991_2020,paired_20230531,2023-05-31,2023-05-29,2023,5,MAM,3,2023-06-15,2023-06-22,ERPAS,20,0.32005541691064526,9.125761267952011,5.5107553787928305,0.8762877532711324
common_imd_1991_2020,paired_20230531,2023-05-31,2023-05-29,2023,5,MAM,4,2023-06-22,2023-06-29,ERPAS,20,0.12407609029921256,6.612729403562683,4.6701210525184385,0.12568953933616703
common_imd_1991_2020,paired_20230531,2023-05-31,2023-05-29,2023,5,MAM,1,2023-06-01,2023-06-08,FuXi-S2S,20,0.8548912995406047,1.5217233184154906,0.9149298146743663,-0.12226185770067871
common_imd_1991_2020,paired_20230531,2023-05-31,2023-05-29,2023,5,MAM,2,2023-06-08,2023-06-15,FuXi-S2S,20,0.4826862599780227,3.8505316327646226,1.527320610178334,-0.5314018952792282
common_imd_1991_2020,paired_20230531,2023-05-31,2023-05-29,2023,5,MAM,3,2023-06-15,2023-06-22,FuXi-S2S,20,-0.07443135402595061,10.450667112351978,5.768152430522436,0.11741060458346392
common_imd_1991_2020,paired_20230531,2023-05-31,2023-05-29,2023,5,MAM,4,2023-06-22,2023-06-29,FuXi-S2S,20,0.31028207930474394,6.153744173916265,4.179223033557292,0.03126671068991642
common_imd_1991_2020,paired_20230607,2023-06-07,2023-06-05,2023,6,JJAS,1,2023-06-08,2023-06-15,ERPAS,20,0.6473150023030432,3.319085951514032,1.3843427549238423,-0.010199035380520449
common_imd_1991_2020,paired_20230607,2023-06-07,2023-06-05,2023,6,JJAS,2,2023-06-15,2023-06-22,ERPAS,20,0.33415144208515346,9.166371281159414,4.9826662005313125,0.010560560984039947
common_imd_1991_2020,paired_20230607,2023-06-07,2023-06-05,2023,6,JJAS,3,2023-06-22,2023-06-29,ERPAS,20,0.2626889584472682,6.377116943885891,4.464332193696165,0.0635932384804346
common_imd_1991_2020,paired_20230607,2023-06-07,2023-06-05,2023,6,JJAS,4,2023-06-29,2023-07-06,ERPAS,20,-0.08906956242824994,6.784905054458764,5.133280695386451,1.9183869433583833
common_imd_1991_2020,paired_20230607,2023-06-07,2023-06-05,2023,6,JJAS,1,2023-06-08,2023-06-15,FuXi-S2S,20,0.45544010753842706,4.632969570994015,1.798604323828669,0.525283799149745
common_imd_1991_2020,paired_20230607,2023-06-07,2023-06-05,2023,6,JJAS,2,2023-06-15,2023-06-22,FuXi-S2S,20,-0.1989222180718341,10.753348327257534,6.448650583060057,0.35307410701160313
common_imd_1991_2020,paired_20230607,2023-06-07,2023-06-05,2023,6,JJAS,3,2023-06-22,2023-06-29,FuXi-S2S,20,0.41490438166958965,5.7576962805648115,3.925574568359422,-0.10628751180411405
common_imd_1991_2020,paired_20230607,2023-06-07,2023-06-05,2023,6,JJAS,4,2023-06-29,2023-07-06,FuXi-S2S,20,-0.21627674707288122,6.946479227918081,4.1842781388748795,0.283025553631538
common_imd_1991_2020,paired_20230614,2023-06-14,2023-06-12,2023,6,JJAS,1,2023-06-15,2023-06-22,ERPAS,20,0.6182807914426547,7.779995602364109,3.176464864919958,-0.39037427426530913
common_imd_1991_2020,paired_20230614,2023-06-14,2023-06-12,2023,6,JJAS,2,2023-06-22,2023-06-29,ERPAS,20,-0.014919406417321859,7.139569575443098,4.905739602620913,-0.44762698902679376
common_imd_1991_2020,paired_20230614,2023-06-14,2023-06-12,2023,6,JJAS,3,2023-06-29,2023-07-06,ERPAS,20,-0.10565750837203026,7.391900266719842,5.560745910965381,3.0392344205066357
common_imd_1991_2020,paired_20230614,2023-06-14,2023-06-12,2023,6,JJAS,4,2023-07-06,2023-07-13,ERPAS,20,-0.07220418841417776,8.100384168352523,5.782872789372828,-1.0896341749244745
common_imd_1991_2020,paired_20230614,2023-06-14,2023-06-12,2023,6,JJAS,1,2023-06-15,2023-06-22,FuXi-S2S,20,0.4851954896823374,8.465439251550102,4.333516818162671,-0.38399275498550334
common_imd_1991_2020,paired_20230614,2023-06-14,2023-06-12,2023,6,JJAS,2,2023-06-22,2023-06-29,FuXi-S2S,20,0.4627192748171695,5.77605835457897,3.94333162684288,-0.44968712759014645
common_imd_1991_2020,paired_20230614,2023-06-14,2023-06-12,2023,6,JJAS,3,2023-06-29,2023-07-06,FuXi-S2S,20,-0.2563015462010811,7.247832970994587,4.722305534353981,0.622498706690311
common_imd_1991_2020,paired_20230614,2023-06-14,2023-06-12,2023,6,JJAS,4,2023-07-06,2023-07-13,FuXi-S2S,20,-0.11049851418549908,8.281233710170474,5.897523596273157,-1.8707778655898284
common_imd_1991_2020,paired_20230621,2023-06-21,2023-06-19,2023,6,JJAS,1,2023-06-22,2023-06-29,ERPAS,20,0.5831588792453839,5.1308762291840475,3.687481488171903,0.2388778328630488
common_imd_1991_2020,paired_20230621,2023-06-21,2023-06-19,2023,6,JJAS,2,2023-06-29,2023-07-06,ERPAS,20,0.32562240616897065,6.144053808086754,4.528941227447868,1.988699631341654
common_imd_1991_2020,paired_20230621,2023-06-21,2023-06-19,2023,6,JJAS,3,2023-07-06,2023-07-13,ERPAS,20,-0.3508270788799624,9.27643401551843,6.899138817676517,-1.399487086901033
common_imd_1991_2020,paired_20230621,2023-06-21,2023-06-19,2023,6,JJAS,4,2023-07-13,2023-07-20,ERPAS,20,-0.026687560948386715,6.839968195721444,4.933901149647552,0.36171627459110045
common_imd_1991_2020,paired_20230621,2023-06-21,2023-06-19,2023,6,JJAS,1,2023-06-22,2023-06-29,FuXi-S2S,20,0.5114366545320227,6.036227613641169,4.188234850877173,1.0487115896233252
common_imd_1991_2020,paired_20230621,2023-06-21,2023-06-19,2023,6,JJAS,2,2023-06-29,2023-07-06,FuXi-S2S,20,-0.2485127802866663,8.471806588985126,5.654655712715785,1.0404713832947554
common_imd_1991_2020,paired_20230621,2023-06-21,2023-06-19,2023,6,JJAS,3,2023-07-06,2023-07-13,FuXi-S2S,20,-0.1581800499001261,8.82768000979747,6.199645198626488,-3.077124706412323
common_imd_1991_2020,paired_20230621,2023-06-21,2023-06-19,2023,6,JJAS,4,2023-07-13,2023-07-20,FuXi-S2S,20,0.06520450784380616,6.190215547395082,4.242152891059342,0.022453788052185612
common_imd_1991_2020,paired_20230628,2023-06-28,2023-06-26,2023,6,JJAS,1,2023-06-29,2023-07-06,ERPAS,20,0.2783884106772682,6.815555676100613,4.261704864525713,0.6684977346514505
common_imd_1991_2020,paired_20230628,2023-06-28,2023-06-26,2023,6,JJAS,2,2023-07-06,2023-07-13,ERPAS,20,-0.44540550442771953,9.376237932794597,6.7989906932459325,-1.8239895217091564
common_imd_1991_2020,paired_20230628,2023-06-28,2023-06-26,2023,6,JJAS,3,2023-07-13,2023-07-20,ERPAS,20,-0.07999257619515841,6.7615927715022535,4.84735719335879,0.7804712474941957
common_imd_1991_2020,paired_20230628,2023-06-28,2023-06-26,2023,6,JJAS,4,2023-07-20,2023-07-27,ERPAS,20,0.04162895389208945,10.513780666552497,6.826110025776218,-0.9675026263982405
common_imd_1991_2020,paired_20230628,2023-06-28,2023-06-26,2023,6,JJAS,1,2023-06-29,2023-07-06,FuXi-S2S,20,0.28814691793656133,6.320621161105397,3.8166982206819933,-0.40320981999437877
common_imd_1991_2020,paired_20230628,2023-06-28,2023-06-26,2023,6,JJAS,2,2023-07-06,2023-07-13,FuXi-S2S,20,-0.3118862867144612,9.561541296676667,6.830419222043317,-0.48728607213118375
common_imd_1991_2020,paired_20230628,2023-06-28,2023-06-26,2023,6,JJAS,3,2023-07-13,2023-07-20,FuXi-S2S,20,0.31177198884944957,5.535802491571492,3.5445338093670657,-0.3086212002487002
common_imd_1991_2020,paired_20230628,2023-06-28,2023-06-26,2023,6,JJAS,4,2023-07-20,2023-07-27,FuXi-S2S,20,0.2215236836408581,9.91154517610146,6.346313452986953,-0.8361564352272636
common_imd_1991_2020,paired_20230705,2023-07-05,2023-07-03,2023,7,JJAS,1,2023-07-06,2023-07-13,ERPAS,20,0.42876947251887354,6.959907804074097,5.040058884194802,0.8684371438350925
common_imd_1991_2020,paired_20230705,2023-07-05,2023-07-03,2023,7,JJAS,2,2023-07-13,2023-07-20,ERPAS,20,0.12065035082245784,6.424594588293115,4.692397066395053,1.117090135874823
common_imd_1991_2020,paired_20230705,2023-07-05,2023-07-03,2023,7,JJAS,3,2023-07-20,2023-07-27,ERPAS,20,0.3655910041700542,9.339365443151495,6.2669801118699695,0.3515133726567753
common_imd_1991_2020,paired_20230705,2023-07-05,2023-07-03,2023,7,JJAS,4,2023-07-27,2023-08-03,ERPAS,20,0.28477925200421156,6.651942968623231,4.901812754820623,0.5380255202819123
common_imd_1991_2020,paired_20230705,2023-07-05,2023-07-03,2023,7,JJAS,1,2023-07-06,2023-07-13,FuXi-S2S,20,0.26904308758254486,7.5452965943085335,5.251881741022733,-1.3320975053911317
common_imd_1991_2020,paired_20230705,2023-07-05,2023-07-03,2023,7,JJAS,2,2023-07-13,2023-07-20,FuXi-S2S,20,0.27167993872187546,5.779876837479609,3.8114674869446024,-0.10147981992443494
common_imd_1991_2020,paired_20230705,2023-07-05,2023-07-03,2023,7,JJAS,3,2023-07-20,2023-07-27,FuXi-S2S,20,0.30373173750611965,9.789062673947342,5.904075820044876,-2.027757922302614
common_imd_1991_2020,paired_20230705,2023-07-05,2023-07-03,2023,7,JJAS,4,2023-07-27,2023-08-03,FuXi-S2S,20,0.04898512285294806,7.715911879066589,5.755057283689747,1.7288973212378556
common_imd_1991_2020,paired_20230712,2023-07-12,2023-07-10,2023,7,JJAS,1,2023-07-13,2023-07-20,ERPAS,20,0.2874067424265691,6.043061167594546,4.313967963608647,-0.34071488634170083
common_imd_1991_2020,paired_20230712,2023-07-12,2023-07-10,2023,7,JJAS,2,2023-07-20,2023-07-27,ERPAS,20,0.7331025068931414,6.8981587671947695,4.902651240915309,0.2796743779049722
common_imd_1991_2020,paired_20230712,2023-07-12,2023-07-10,2023,7,JJAS,3,2023-07-27,2023-08-03,ERPAS,20,0.00533385113146258,8.30886186142963,6.58449078219769,3.577279054739335
common_imd_1991_2020,paired_20230712,2023-07-12,2023-07-10,2023,7,JJAS,4,2023-08-03,2023-08-10,ERPAS,20,0.5720275094901207,6.340110257169043,5.570281436900386,3.789379330372757
common_imd_1991_2020,paired_20230712,2023-07-12,2023-07-10,2023,7,JJAS,1,2023-07-13,2023-07-20,FuXi-S2S,20,0.5431076230433037,4.866364402236998,3.305918791182286,0.4076989488176247
common_imd_1991_2020,paired_20230712,2023-07-12,2023-07-10,2023,7,JJAS,2,2023-07-20,2023-07-27,FuXi-S2S,20,0.4837312942852813,9.048594297241344,5.806042656535754,-1.653976907187512
common_imd_1991_2020,paired_20230712,2023-07-12,2023-07-10,2023,7,JJAS,3,2023-07-27,2023-08-03,FuXi-S2S,20,0.18390895020153852,7.204480028750002,5.354381002228278,1.4202012531365868
common_imd_1991_2020,paired_20230712,2023-07-12,2023-07-10,2023,7,JJAS,4,2023-08-03,2023-08-10,FuXi-S2S,20,0.6214157504086666,5.0378668331739815,3.8337452974254784,1.3448068721918391
common_imd_1991_2020,paired_20230719,2023-07-19,2023-07-17,2023,7,JJAS,1,2023-07-20,2023-07-27,ERPAS,20,0.6160120772686318,8.081363271394176,4.863886911319881,-1.090354707209997
common_imd_1991_2020,paired_20230719,2023-07-19,2023-07-17,2023,7,JJAS,2,2023-07-27,2023-08-03,ERPAS,20,0.12694072781962956,7.116199034784162,5.442938233478464,1.2835851661492794
common_imd_1991_2020,paired_20230719,2023-07-19,2023-07-17,2023,7,JJAS,3,2023-08-03,2023-08-10,ERPAS,20,0.5728189297373504,6.5688880015923345,5.657275870330934,4.0741212057964304
common_imd_1991_2020,paired_20230719,2023-07-19,2023-07-17,2023,7,JJAS,4,2023-08-10,2023-08-17,ERPAS,20,0.41540955092005566,5.991882992262453,5.041728560908874,4.38308597926623
common_imd_1991_2020,paired_20230719,2023-07-19,2023-07-17,2023,7,JJAS,1,2023-07-20,2023-07-27,FuXi-S2S,20,0.45466409767452476,9.253948639992673,5.45965618767603,-2.3252590023236928
common_imd_1991_2020,paired_20230719,2023-07-19,2023-07-17,2023,7,JJAS,2,2023-07-27,2023-08-03,FuXi-S2S,20,-0.019678933449109696,8.393158811548316,6.163794450030031,2.533910176295481
common_imd_1991_2020,paired_20230719,2023-07-19,2023-07-17,2023,7,JJAS,3,2023-08-03,2023-08-10,FuXi-S2S,20,0.6009720690103394,5.490723253267989,4.273832591781775,2.3634722311299563
common_imd_1991_2020,paired_20230719,2023-07-19,2023-07-17,2023,7,JJAS,4,2023-08-10,2023-08-17,FuXi-S2S,20,0.20156893714789403,5.71869043049613,4.307557861774209,3.2696254982578323
common_imd_1991_2020,paired_20230726,2023-07-26,2023-07-24,2023,7,JJAS,1,2023-07-27,2023-08-03,ERPAS,20,0.25697714764000934,7.405795109386923,5.321707064475565,1.3369563945736753
common_imd_1991_2020,paired_20230726,2023-07-26,2023-07-24,2023,7,JJAS,2,2023-08-03,2023-08-10,ERPAS,20,0.623871927427191,5.441054543477382,4.246975023869281,2.290165315748429
common_imd_1991_2020,paired_20230726,2023-07-26,2023-07-24,2023,7,JJAS,3,2023-08-10,2023-08-17,ERPAS,20,0.38734757425292204,5.981146279027128,4.865259723577002,4.330289475060705
common_imd_1991_2020,paired_20230726,2023-07-26,2023-07-24,2023,7,JJAS,4,2023-08-17,2023-08-24,ERPAS,20,0.10754016397108632,4.132675565258734,3.2486112421278035,0.39072660166059264
common_imd_1991_2020,paired_20230726,2023-07-26,2023-07-24,2023,7,JJAS,1,2023-07-27,2023-08-03,FuXi-S2S,20,0.5955249408873133,5.8239237306633385,4.3062619443274555,0.19509223676034018
common_imd_1991_2020,paired_20230726,2023-07-26,2023-07-24,2023,7,JJAS,2,2023-08-03,2023-08-10,FuXi-S2S,20,0.8246170934199208,3.6570473971557975,2.2508109583892595,0.4084477337738806
common_imd_1991_2020,paired_20230726,2023-07-26,2023-07-24,2023,7,JJAS,3,2023-08-10,2023-08-17,FuXi-S2S,20,0.44439440471194147,4.531344373765448,2.69809815779385,1.2877881418717139
common_imd_1991_2020,paired_20230726,2023-07-26,2023-07-24,2023,7,JJAS,4,2023-08-17,2023-08-24,FuXi-S2S,20,0.1799923578696689,3.823303401397776,2.6641907765998005,-0.6013677186425382
common_imd_1991_2020,paired_20230802,2023-08-02,2023-07-31,2023,8,JJAS,1,2023-08-03,2023-08-10,ERPAS,20,0.45658318884099813,6.116715902311544,4.1103346892123,1.489402361854632
common_imd_1991_2020,paired_20230802,2023-08-02,2023-07-31,2023,8,JJAS,2,2023-08-10,2023-08-17,ERPAS,20,-0.01109214094336008,7.034678766158008,5.292257072169624,4.369775256417977
common_imd_1991_2020,paired_20230802,2023-08-02,2023-07-31,2023,8,JJAS,3,2023-08-17,2023-08-24,ERPAS,20,0.0818330471953055,4.38967566324206,3.3892621689769045,0.9147405638120373
common_imd_1991_2020,paired_20230802,2023-08-02,2023-07-31,2023,8,JJAS,4,2023-08-24,2023-08-31,ERPAS,20,0.047343159915813136,7.19431411980517,6.209256270715327,5.313247172832905
common_imd_1991_2020,paired_20230802,2023-08-02,2023-07-31,2023,8,JJAS,1,2023-08-03,2023-08-10,FuXi-S2S,20,0.7070958574817721,4.694802890982406,3.042115595867696,1.06483301206934
common_imd_1991_2020,paired_20230802,2023-08-02,2023-07-31,2023,8,JJAS,2,2023-08-10,2023-08-17,FuXi-S2S,20,0.37991708602230195,5.346459473412816,2.5459197305215526,0.39508766641260207
common_imd_1991_2020,paired_20230802,2023-08-02,2023-07-31,2023,8,JJAS,3,2023-08-17,2023-08-24,FuXi-S2S,20,0.007493120353264536,5.118410719630564,3.606305607138912,-2.229642028976029
common_imd_1991_2020,paired_20230802,2023-08-02,2023-07-31,2023,8,JJAS,4,2023-08-24,2023-08-31,FuXi-S2S,20,-0.043856813667724946,6.746460052340642,5.173740431560263,4.243480793867121
common_imd_1991_2020,paired_20230809,2023-08-09,2023-08-07,2023,8,JJAS,1,2023-08-10,2023-08-17,ERPAS,20,0.40849244281473507,4.628192770997627,2.9645907275412267,1.676512752915375
common_imd_1991_2020,paired_20230809,2023-08-09,2023-08-07,2023,8,JJAS,2,2023-08-17,2023-08-24,ERPAS,20,0.20613177308490782,3.978309197839698,2.7680510566161844,0.008986626211846656
common_imd_1991_2020,paired_20230809,2023-08-09,2023-08-07,2023,8,JJAS,3,2023-08-24,2023-08-31,ERPAS,20,0.026351767801718155,7.739761398113063,6.140179174362983,5.288867738893998
common_imd_1991_2020,paired_20230809,2023-08-09,2023-08-07,2023,8,JJAS,4,2023-08-31,2023-09-07,ERPAS,20,0.3625514760553166,5.483685412818028,4.225373010357909,2.7485844928337686
common_imd_1991_2020,paired_20230809,2023-08-09,2023-08-07,2023,8,JJAS,1,2023-08-10,2023-08-17,FuXi-S2S,20,0.4196068000179838,5.20054361159547,2.416590688296761,0.3667202535606458
common_imd_1991_2020,paired_20230809,2023-08-09,2023-08-07,2023,8,JJAS,2,2023-08-17,2023-08-24,FuXi-S2S,20,-0.0466330771411468,6.319746138680857,4.454076352471723,-3.279262407659234
common_imd_1991_2020,paired_20230809,2023-08-09,2023-08-07,2023,8,JJAS,3,2023-08-24,2023-08-31,FuXi-S2S,20,0.19763400769318268,5.30783306804023,4.118172988618998,3.0938936187535284
common_imd_1991_2020,paired_20230809,2023-08-09,2023-08-07,2023,8,JJAS,4,2023-08-31,2023-09-07,FuXi-S2S,20,-0.2548905168996129,6.734127734445409,4.938750884136908,2.083124315044735
common_imd_1991_2020,paired_20230816,2023-08-16,2023-08-14,2023,8,JJAS,1,2023-08-17,2023-08-24,ERPAS,20,0.2813140657506164,4.180003589207135,2.844312834506494,-0.5094187065058879
common_imd_1991_2020,paired_20230816,2023-08-16,2023-08-14,2023,8,JJAS,2,2023-08-24,2023-08-31,ERPAS,20,0.25310816709943795,6.462754252221508,4.814971086012683,4.003997302850342
common_imd_1991_2020,paired_20230816,2023-08-16,2023-08-14,2023,8,JJAS,3,2023-08-31,2023-09-07,ERPAS,20,0.33464681324509493,5.582929950645213,3.832846891612546,2.5512663870318275
common_imd_1991_2020,paired_20230816,2023-08-16,2023-08-14,2023,8,JJAS,4,2023-09-07,2023-09-14,ERPAS,20,-0.03523831100293633,5.210843273226223,4.0399631923689325,-0.06494748970332255
common_imd_1991_2020,paired_20230816,2023-08-16,2023-08-14,2023,8,JJAS,1,2023-08-17,2023-08-24,FuXi-S2S,20,0.3549317663610239,3.768666550956814,2.6245066037696256,-1.546402431417706
common_imd_1991_2020,paired_20230816,2023-08-16,2023-08-14,2023,8,JJAS,2,2023-08-24,2023-08-31,FuXi-S2S,20,0.7430680946753928,4.576992897091836,2.9422283625028594,2.119438118340138
common_imd_1991_2020,paired_20230816,2023-08-16,2023-08-14,2023,8,JJAS,3,2023-08-31,2023-09-07,FuXi-S2S,20,0.2825075070342145,5.118006236568168,3.260004347185426,0.680049608056195
common_imd_1991_2020,paired_20230816,2023-08-16,2023-08-14,2023,8,JJAS,4,2023-09-07,2023-09-14,FuXi-S2S,20,0.32625733877119956,4.910627041646804,3.717681233200364,1.4214090786578928
common_imd_1991_2020,paired_20230823,2023-08-23,2023-08-21,2023,8,JJAS,1,2023-08-24,2023-08-31,ERPAS,20,0.7652436821265157,3.349337556903025,1.792230425571128,0.7502292256864536
common_imd_1991_2020,paired_20230823,2023-08-23,2023-08-21,2023,8,JJAS,2,2023-08-31,2023-09-07,ERPAS,20,0.440138690643952,4.561821820442542,2.9075999283804355,0.5990228877238508
common_imd_1991_2020,paired_20230823,2023-08-23,2023-08-21,2023,8,JJAS,3,2023-09-07,2023-09-14,ERPAS,20,-0.07327542061124832,5.651910720664467,4.518193857649303,-0.10057451394219116
common_imd_1991_2020,paired_20230823,2023-08-23,2023-08-21,2023,8,JJAS,4,2023-09-14,2023-09-21,ERPAS,20,-0.09670608016017923,8.611141298483323,5.614707153783998,-1.332151925765164
common_imd_1991_2020,paired_20230823,2023-08-23,2023-08-21,2023,8,JJAS,1,2023-08-24,2023-08-31,FuXi-S2S,20,0.8016890963995398,3.275617877107321,1.5572084897391285,0.4265854278913519
common_imd_1991_2020,paired_20230823,2023-08-23,2023-08-21,2023,8,JJAS,2,2023-08-31,2023-09-07,FuXi-S2S,20,0.5504521784080915,4.203952802772155,2.894756925972454,-0.7053610122941008
common_imd_1991_2020,paired_20230823,2023-08-23,2023-08-21,2023,8,JJAS,3,2023-09-07,2023-09-14,FuXi-S2S,20,0.13928721293332222,4.942216901497895,3.6422145344351526,-0.7104941143753676
common_imd_1991_2020,paired_20230823,2023-08-23,2023-08-21,2023,8,JJAS,4,2023-09-14,2023-09-21,FuXi-S2S,20,-0.15557407114690286,9.091764953369442,5.941760393894789,-1.0849757069061299
common_imd_1991_2020,paired_20230830,2023-08-30,2023-08-28,2023,8,JJAS,1,2023-08-31,2023-09-07,ERPAS,20,0.7592829956248627,3.3240467355428995,2.1836196975686146,-0.9954195665074497
common_imd_1991_2020,paired_20230830,2023-08-30,2023-08-28,2023,8,JJAS,2,2023-09-07,2023-09-14,ERPAS,20,0.09566889781370048,7.1842105720173155,5.071753076178077,0.32686506920129726
common_imd_1991_2020,paired_20230830,2023-08-30,2023-08-28,2023,8,JJAS,3,2023-09-14,2023-09-21,ERPAS,20,0.029710657293211578,8.249363866895688,5.357862082936203,-0.43124842538030694
common_imd_1991_2020,paired_20230830,2023-08-30,2023-08-28,2023,8,JJAS,4,2023-09-21,2023-09-28,ERPAS,20,-0.20378510996354343,5.099255962125189,3.437639301012895,-0.6084641006021737
common_imd_1991_2020,paired_20230830,2023-08-30,2023-08-28,2023,8,JJAS,1,2023-08-31,2023-09-07,FuXi-S2S,20,0.53200700372852,4.5331254796002085,3.328276721263896,-1.2654398487197644
common_imd_1991_2020,paired_20230830,2023-08-30,2023-08-28,2023,8,JJAS,2,2023-09-07,2023-09-14,FuXi-S2S,20,0.2203974861181518,5.343510012587859,3.9935198269776717,0.2027418848879263
common_imd_1991_2020,paired_20230830,2023-08-30,2023-08-28,2023,8,JJAS,3,2023-09-14,2023-09-21,FuXi-S2S,20,0.03733289864080977,8.510351214602203,5.4765149739522165,-1.8327245148990172
common_imd_1991_2020,paired_20230830,2023-08-30,2023-08-28,2023,8,JJAS,4,2023-09-21,2023-09-28,FuXi-S2S,20,-0.058553852353059425,4.987944848383227,3.501698564504467,-1.2199816626179443
common_imd_1991_2020,paired_20230906,2023-09-06,2023-09-04,2023,9,JJAS,1,2023-09-07,2023-09-14,ERPAS,20,0.5369155025163501,4.322798318512998,3.0092555622216537,0.024843585538106845
common_imd_1991_2020,paired_20230906,2023-09-06,2023-09-04,2023,9,JJAS,2,2023-09-14,2023-09-21,ERPAS,20,0.040436254551082323,8.614450204569042,5.992047252169163,0.3671501742400981
common_imd_1991_2020,paired_20230906,2023-09-06,2023-09-04,2023,9,JJAS,3,2023-09-21,2023-09-28,ERPAS,20,-0.09097837599405527,5.05112145042298,3.537469959951333,0.1759826097799279
common_imd_1991_2020,paired_20230906,2023-09-06,2023-09-04,2023,9,JJAS,4,2023-09-28,2023-10-05,ERPAS,20,0.11735215527204751,5.487906837512545,3.3642535005302943,-0.6274360381906638
common_imd_1991_2020,paired_20230906,2023-09-06,2023-09-04,2023,9,JJAS,1,2023-09-07,2023-09-14,FuXi-S2S,20,0.6376869417732783,4.063000158063985,2.8317321428094546,0.8005181524292564
common_imd_1991_2020,paired_20230906,2023-09-06,2023-09-04,2023,9,JJAS,2,2023-09-14,2023-09-21,FuXi-S2S,20,0.6315675524213928,6.634654002902132,3.878542528470355,-1.684669321201709
common_imd_1991_2020,paired_20230906,2023-09-06,2023-09-04,2023,9,JJAS,3,2023-09-21,2023-09-28,FuXi-S2S,20,0.021107697504050553,5.0493015047105905,3.542483922545654,-0.6179494967947693
common_imd_1991_2020,paired_20230906,2023-09-06,2023-09-04,2023,9,JJAS,4,2023-09-28,2023-10-05,FuXi-S2S,20,0.19133141053014308,5.694706665880473,3.2487651354070928,-0.6126370268418545
common_imd_1991_2020,paired_20230913,2023-09-13,2023-09-11,2023,9,JJAS,1,2023-09-14,2023-09-21,ERPAS,20,0.43144591523665665,7.389778411987383,4.8341823673756465,-0.028154146307781965
common_imd_1991_2020,paired_20230913,2023-09-13,2023-09-11,2023,9,JJAS,2,2023-09-21,2023-09-28,ERPAS,20,0.10085872069602715,6.30769664695698,4.863596109693202,3.383517713801029
common_imd_1991_2020,paired_20230913,2023-09-13,2023-09-11,2023,9,JJAS,3,2023-09-28,2023-10-05,ERPAS,20,0.14514073330148253,5.617762661404873,3.749696357668651,0.5521670478978408
common_imd_1991_2020,paired_20230913,2023-09-13,2023-09-11,2023,9,JJAS,4,2023-10-05,2023-10-12,ERPAS,20,-0.25527303176152233,4.220909306302539,3.134093593559517,2.156584379695588
common_imd_1991_2020,paired_20230913,2023-09-13,2023-09-11,2023,9,JJAS,1,2023-09-14,2023-09-21,FuXi-S2S,20,0.6150080612404033,6.372832346461601,4.330422321165988,-0.11889137462623063
common_imd_1991_2020,paired_20230913,2023-09-13,2023-09-11,2023,9,JJAS,2,2023-09-21,2023-09-28,FuXi-S2S,20,0.04002601672915492,4.823023381842162,3.316256570424877,-0.7627682685006034
common_imd_1991_2020,paired_20230913,2023-09-13,2023-09-11,2023,9,JJAS,3,2023-09-28,2023-10-05,FuXi-S2S,20,0.22676219906407444,5.4633955383133115,3.4240049269894097,-0.04780123144295444
common_imd_1991_2020,paired_20230913,2023-09-13,2023-09-11,2023,9,JJAS,4,2023-10-05,2023-10-12,FuXi-S2S,20,0.7280985348528336,1.9877853468756086,1.2082897014028535,0.6659085766610627
common_imd_1991_2020,paired_20230920,2023-09-20,2023-09-18,2023,9,JJAS,1,2023-09-21,2023-09-28,ERPAS,20,0.4015041981280877,4.868345750666461,3.1444621379990103,1.4042592522104782
common_imd_1991_2020,paired_20230920,2023-09-20,2023-09-18,2023,9,JJAS,2,2023-09-28,2023-10-05,ERPAS,20,0.07806507596666948,5.824554132533293,4.538805460979863,1.1638513633950691
common_imd_1991_2020,paired_20230920,2023-09-20,2023-09-18,2023,9,JJAS,3,2023-10-05,2023-10-12,ERPAS,20,-0.1365920123237348,5.177020998485893,4.218336153440887,3.580948571195871
common_imd_1991_2020,paired_20230920,2023-09-20,2023-09-18,2023,9,JJAS,4,2023-10-12,2023-10-19,ERPAS,20,-0.13347980012860497,3.5270903128236286,2.782271873831011,1.9417329976951705
common_imd_1991_2020,paired_20230920,2023-09-20,2023-09-18,2023,9,JJAS,1,2023-09-21,2023-09-28,FuXi-S2S,20,0.5465160711376916,3.6692448532329918,2.2933296778076624,-0.3487901847353216
common_imd_1991_2020,paired_20230920,2023-09-20,2023-09-18,2023,9,JJAS,2,2023-09-28,2023-10-05,FuXi-S2S,20,0.5448029854468532,4.732954012311321,2.520119817549957,-1.1582124065802706
common_imd_1991_2020,paired_20230920,2023-09-20,2023-09-18,2023,9,JJAS,3,2023-10-05,2023-10-12,FuXi-S2S,20,0.6818505436819723,2.179196300307372,1.3179510906889211,0.6608122468050831
common_imd_1991_2020,paired_20230920,2023-09-20,2023-09-18,2023,9,JJAS,4,2023-10-12,2023-10-19,FuXi-S2S,20,0.366109890004788,2.263234855990726,1.5442210264636762,0.5097628736477514
common_imd_1991_2020,paired_20230927,2023-09-27,2023-09-25,2023,9,JJAS,1,2023-09-28,2023-10-05,ERPAS,20,0.47847507393818933,5.017480194255085,3.4152753455775167,0.9340979132610757
common_imd_1991_2020,paired_20230927,2023-09-27,2023-09-25,2023,9,JJAS,2,2023-10-05,2023-10-12,ERPAS,20,0.24715268287286116,4.886924555325915,3.7583336846251396,3.5235922601832095
common_imd_1991_2020,paired_20230927,2023-09-27,2023-09-25,2023,9,JJAS,3,2023-10-12,2023-10-19,ERPAS,20,0.2736003982147843,2.7293662899082998,1.941495318789436,1.208622650195602
common_imd_1991_2020,paired_20230927,2023-09-27,2023-09-25,2023,9,JJAS,4,2023-10-19,2023-10-26,ERPAS,20,0.4819253160563818,1.9853116582975245,1.1651704347097063,1.122399166792066
common_imd_1991_2020,paired_20230927,2023-09-27,2023-09-25,2023,9,JJAS,1,2023-09-28,2023-10-05,FuXi-S2S,20,0.6968586010975252,4.040689797971035,2.1859977601600136,-0.18695099868892506
common_imd_1991_2020,paired_20230927,2023-09-27,2023-09-25,2023,9,JJAS,2,2023-10-05,2023-10-12,FuXi-S2S,20,0.7328950507887815,1.9712451819769923,0.8023937808083661,0.09556127140772663
common_imd_1991_2020,paired_20230927,2023-09-27,2023-09-25,2023,9,JJAS,3,2023-10-12,2023-10-19,FuXi-S2S,20,0.6616293382818582,1.7854018991529577,1.0346229020609101,-0.3600543328459516
common_imd_1991_2020,paired_20230927,2023-09-27,2023-09-25,2023,9,JJAS,4,2023-10-19,2023-10-26,FuXi-S2S,20,0.567487091060631,1.7102319301710942,0.9512936775373574,0.9152076260133617
common_imd_1991_2020,paired_20231004,2023-10-04,2023-10-02,2023,10,OND,1,2023-10-05,2023-10-12,ERPAS,20,0.6463435076745148,2.2456026493147614,1.0264647780797997,0.3106501444941426
common_imd_1991_2020,paired_20231004,2023-10-04,2023-10-02,2023,10,OND,2,2023-10-12,2023-10-19,ERPAS,20,0.5104200645918668,2.225521023575378,1.331279704269031,0.45927088019558837
common_imd_1991_2020,paired_20231004,2023-10-04,2023-10-02,2023,10,OND,3,2023-10-19,2023-10-26,ERPAS,20,0.7361965333020137,1.421260862413121,0.8500025214902244,0.7896505393547785
common_imd_1991_2020,paired_20231004,2023-10-04,2023-10-02,2023,10,OND,4,2023-10-26,2023-11-02,ERPAS,20,0.8437234624714219,1.1198795786727174,0.7040762907998297,0.6496997074532748
common_imd_1991_2020,paired_20231004,2023-10-04,2023-10-02,2023,10,OND,1,2023-10-05,2023-10-12,FuXi-S2S,20,0.726648700946932,2.278157328900503,0.9170288954087863,-0.09533615887541638
common_imd_1991_2020,paired_20231004,2023-10-04,2023-10-02,2023,10,OND,2,2023-10-12,2023-10-19,FuXi-S2S,20,0.6901030417288658,1.7776136752048843,0.8682157369601956,-0.5141224450642676
common_imd_1991_2020,paired_20231004,2023-10-04,2023-10-02,2023,10,OND,3,2023-10-19,2023-10-26,FuXi-S2S,20,0.7421434800636869,1.382223138987239,0.8012229386072374,0.7540463472881667
common_imd_1991_2020,paired_20231004,2023-10-04,2023-10-02,2023,10,OND,4,2023-10-26,2023-11-02,FuXi-S2S,20,0.44412028347646776,2.0428169054088032,1.0872125283185827,1.0841137074541725
common_imd_1991_2020,paired_20231011,2023-10-11,2023-10-09,2023,10,OND,1,2023-10-12,2023-10-19,ERPAS,20,0.77985297322633,1.5162908412503149,0.8702176286430264,0.09979609507879723
common_imd_1991_2020,paired_20231011,2023-10-11,2023-10-09,2023,10,OND,2,2023-10-19,2023-10-26,ERPAS,20,0.5157680539588533,2.1148789737486844,1.2715886226658297,1.2454885351790215
common_imd_1991_2020,paired_20231011,2023-10-11,2023-10-09,2023,10,OND,3,2023-10-26,2023-11-02,ERPAS,20,0.8094239998894975,1.6273343410681835,1.3005771113856597,1.2904430833283633
common_imd_1991_2020,paired_20231011,2023-10-11,2023-10-09,2023,10,OND,4,2023-11-02,2023-11-09,ERPAS,20,0.04071358963023893,2.529297465809448,1.2953262375006716,-0.28555602740216074
common_imd_1991_2020,paired_20231011,2023-10-11,2023-10-09,2023,10,OND,1,2023-10-12,2023-10-19,FuXi-S2S,20,0.7587653066217588,1.5681039644165682,0.7673873420441097,-0.35545393829285876
common_imd_1991_2020,paired_20231011,2023-10-11,2023-10-09,2023,10,OND,2,2023-10-19,2023-10-26,FuXi-S2S,20,0.892146216372737,0.8611697872002282,0.4958059497138025,0.3501416709337907
common_imd_1991_2020,paired_20231011,2023-10-11,2023-10-09,2023,10,OND,3,2023-10-26,2023-11-02,FuXi-S2S,20,0.9296303501265669,0.708024180755853,0.3602285354956697,0.13693878031566198
common_imd_1991_2020,paired_20231011,2023-10-11,2023-10-09,2023,10,OND,4,2023-11-02,2023-11-09,FuXi-S2S,20,-0.21928394737016849,2.9212742402742404,1.4071423533864373,-0.8021079633140877
common_imd_1991_2020,paired_20231018,2023-10-18,2023-10-16,2023,10,OND,1,2023-10-19,2023-10-26,ERPAS,20,0.6948805702940152,1.3974886009118044,0.7616544620788686,0.6391529719239288
common_imd_1991_2020,paired_20231018,2023-10-18,2023-10-16,2023,10,OND,2,2023-10-26,2023-11-02,ERPAS,20,0.35413970014305735,2.458103153418684,1.3443630382675116,1.3015831374014457
common_imd_1991_2020,paired_20231018,2023-10-18,2023-10-16,2023,10,OND,3,2023-11-02,2023-11-09,ERPAS,20,0.3098034573320183,2.3243686902773173,1.290132448099784,-0.2371111524390452
common_imd_1991_2020,paired_20231018,2023-10-18,2023-10-16,2023,10,OND,4,2023-11-09,2023-11-16,ERPAS,20,0.43329233385635174,1.0755470649001617,0.6292965241390213,0.37603661488867446
common_imd_1991_2020,paired_20231018,2023-10-18,2023-10-16,2023,10,OND,1,2023-10-19,2023-10-26,FuXi-S2S,20,0.9346332816690113,0.623075538497144,0.21389757426594375,0.08885832461513721
common_imd_1991_2020,paired_20231018,2023-10-18,2023-10-16,2023,10,OND,2,2023-10-26,2023-11-02,FuXi-S2S,20,0.8886800635117805,0.854557564681445,0.415183347050051,0.402694910333733
common_imd_1991_2020,paired_20231018,2023-10-18,2023-10-16,2023,10,OND,3,2023-11-02,2023-11-09,FuXi-S2S,20,-0.11079091645929401,2.7345930452878173,1.2696034584393867,-0.8640320969244377
common_imd_1991_2020,paired_20231018,2023-10-18,2023-10-16,2023,10,OND,4,2023-11-09,2023-11-16,FuXi-S2S,20,0.2495952682866569,1.595138812299699,0.8199699301576276,0.7366794008504419
common_imd_1991_2020,paired_20231025,2023-10-25,2023-10-23,2023,10,OND,1,2023-10-26,2023-11-02,ERPAS,20,0.9562424212219239,0.5315106714847825,0.23708943426404394,0.02246907476832113
common_imd_1991_2020,paired_20231025,2023-10-25,2023-10-23,2023,10,OND,2,2023-11-02,2023-11-09,ERPAS,20,0.5440617930305359,1.9738625605085038,1.0127746322016662,-0.32506727700367144
common_imd_1991_2020,paired_20231025,2023-10-25,2023-10-23,2023,10,OND,3,2023-11-09,2023-11-16,ERPAS,20,0.17432754122208102,1.585060810982252,0.9854849490848757,0.7904759685712802
common_imd_1991_2020,paired_20231025,2023-10-25,2023-10-23,2023,10,OND,4,2023-11-16,2023-11-23,ERPAS,20,0.181027659583608,1.5086068557133545,1.0516752600691541,0.48320058672426625
common_imd_1991_2020,paired_20231025,2023-10-25,2023-10-23,2023,10,OND,1,2023-10-26,2023-11-02,FuXi-S2S,20,0.9605745088476619,0.507782181332359,0.1926095946722107,0.05297218887499414
common_imd_1991_2020,paired_20231025,2023-10-25,2023-10-23,2023,10,OND,2,2023-11-02,2023-11-09,FuXi-S2S,20,-0.13195174874954377,3.1785275349045947,1.780471283634657,-0.6379862749824834
common_imd_1991_2020,paired_20231025,2023-10-25,2023-10-23,2023,10,OND,3,2023-11-09,2023-11-16,FuXi-S2S,20,0.6486089115151978,1.1090739674661039,0.656334047537745,0.4591044086133608
common_imd_1991_2020,paired_20231025,2023-10-25,2023-10-23,2023,10,OND,4,2023-11-16,2023-11-23,FuXi-S2S,20,0.2544252777112227,1.3558736840141556,0.741966735793193,0.2949805200196101
common_imd_1991_2020,paired_20231101,2023-11-01,2023-10-30,2023,11,OND,1,2023-11-02,2023-11-09,ERPAS,20,0.8685988047188886,1.1601998917441096,0.5858227494404834,0.10815187008835014
common_imd_1991_2020,paired_20231101,2023-11-01,2023-10-30,2023,11,OND,2,2023-11-09,2023-11-16,ERPAS,20,0.5159148911534868,0.9783561602432684,0.42571118933181074,0.03531478298853147
common_imd_1991_2020,paired_20231101,2023-11-01,2023-10-30,2023,11,OND,3,2023-11-16,2023-11-23,ERPAS,20,0.4395568945411517,1.1601664122893414,0.5504249576800605,0.04787729337521331
common_imd_1991_2020,paired_20231101,2023-11-01,2023-10-30,2023,11,OND,4,2023-11-23,2023-11-30,ERPAS,20,-0.22871442388590507,2.724261778410495,1.569205077327686,-0.9099778652785291
common_imd_1991_2020,paired_20231101,2023-11-01,2023-10-30,2023,11,OND,1,2023-11-02,2023-11-09,FuXi-S2S,20,0.5607343278499255,1.9477060748626187,0.8621833288215229,-0.3270042045038693
common_imd_1991_2020,paired_20231101,2023-11-01,2023-10-30,2023,11,OND,2,2023-11-09,2023-11-16,FuXi-S2S,20,0.5651598622793819,0.9975570433336189,0.38263490686541163,0.10542386699227484
common_imd_1991_2020,paired_20231101,2023-11-01,2023-10-30,2023,11,OND,3,2023-11-16,2023-11-23,FuXi-S2S,20,0.07235329997348759,1.5538444170190047,0.5900041920507082,-0.23512511515533036
common_imd_1991_2020,paired_20231101,2023-11-01,2023-10-30,2023,11,OND,4,2023-11-23,2023-11-30,FuXi-S2S,20,-0.2680345263355598,2.624813445005925,1.5228196401760918,-0.9638402991986281
common_imd_1991_2020,paired_20231108,2023-11-08,2023-11-06,2023,11,OND,1,2023-11-09,2023-11-16,ERPAS,20,0.46578273694177824,1.1450714093344627,0.4736022688020833,0.04446963034849678
common_imd_1991_2020,paired_20231108,2023-11-08,2023-11-06,2023,11,OND,2,2023-11-16,2023-11-23,ERPAS,20,0.5745253865866878,1.103472431318726,0.43409926287208683,-0.13507963863554256
common_imd_1991_2020,paired_20231108,2023-11-08,2023-11-06,2023,11,OND,3,2023-11-23,2023-11-30,ERPAS,20,-0.1709747456447557,2.799177086051382,1.5528241265142264,-1.1884639538282387
common_imd_1991_2020,paired_20231108,2023-11-08,2023-11-06,2023,11,OND,4,2023-11-30,2023-12-07,ERPAS,20,0.08736665146808809,5.5475434490291775,2.2882350962932025,-1.9256098993703636
common_imd_1991_2020,paired_20231108,2023-11-08,2023-11-06,2023,11,OND,1,2023-11-09,2023-11-16,FuXi-S2S,20,0.4503704048590308,1.2660187026594787,0.4202538871140376,0.09493631864080763
common_imd_1991_2020,paired_20231108,2023-11-08,2023-11-06,2023,11,OND,2,2023-11-16,2023-11-23,FuXi-S2S,20,0.32138593770231116,1.23832375868095,0.44935907625537574,-0.056139193705200735
common_imd_1991_2020,paired_20231108,2023-11-08,2023-11-06,2023,11,OND,3,2023-11-23,2023-11-30,FuXi-S2S,20,-0.2639555520526725,2.785352971031228,1.8554094657078863,-0.07008943704982037
common_imd_1991_2020,paired_20231108,2023-11-08,2023-11-06,2023,11,OND,4,2023-11-30,2023-12-07,FuXi-S2S,20,-0.336522324792432,5.7819104557235415,2.452414246784744,-1.5994933776313063
common_imd_1991_2020,paired_20231115,2023-11-15,2023-11-13,2023,11,OND,1,2023-11-16,2023-11-23,ERPAS,20,0.43571699954183535,1.631542698066319,0.7554526992210578,0.5391651515572161
common_imd_1991_2020,paired_20231115,2023-11-15,2023-11-13,2023,11,OND,2,2023-11-23,2023-11-30,ERPAS,20,-0.04798840122522991,2.5177866584400985,1.538815746047079,-0.5006847531168236
common_imd_1991_2020,paired_20231115,2023-11-15,2023-11-13,2023,11,OND,3,2023-11-30,2023-12-07,ERPAS,20,-0.2657412253120939,5.852988414195936,2.413452694811328,-1.7650003421035527
common_imd_1991_2020,paired_20231115,2023-11-15,2023-11-13,2023,11,OND,4,2023-12-07,2023-12-14,ERPAS,20,0.6389192266916247,1.1815051090171713,0.7086765875948982,-0.1005020134197635
common_imd_1991_2020,paired_20231115,2023-11-15,2023-11-13,2023,11,OND,1,2023-11-16,2023-11-23,FuXi-S2S,20,0.22102627662336008,1.4329780595816648,0.6016740873401344,0.20639621188341678
common_imd_1991_2020,paired_20231115,2023-11-15,2023-11-13,2023,11,OND,2,2023-11-23,2023-11-30,FuXi-S2S,20,-0.14193738781665813,2.978247744653395,1.7257773706211075,-0.581082455538181
common_imd_1991_2020,paired_20231115,2023-11-15,2023-11-13,2023,11,OND,3,2023-11-30,2023-12-07,FuXi-S2S,20,-0.5177756903343574,6.030479369689594,2.4938137096485775,-2.144656377358732
common_imd_1991_2020,paired_20231115,2023-11-15,2023-11-13,2023,11,OND,4,2023-12-07,2023-12-14,FuXi-S2S,20,-0.02434121745672762,1.6231850087878603,0.9051666130104732,0.12759145579007264
common_imd_1991_2020,paired_20231122,2023-11-22,2023-11-20,2023,11,OND,1,2023-11-23,2023-11-30,ERPAS,20,0.4444622210061357,2.133782931490616,1.1850080095109468,-0.2410403400906756
common_imd_1991_2020,paired_20231122,2023-11-22,2023-11-20,2023,11,OND,2,2023-11-30,2023-12-07,ERPAS,20,-0.30203672203899234,5.976465366746565,2.586345766372352,-1.640994609122662
common_imd_1991_2020,paired_20231122,2023-11-22,2023-11-20,2023,11,OND,3,2023-12-07,2023-12-14,ERPAS,20,0.4771003163376018,1.257683240029606,0.8340556495444428,0.11433113395492371
common_imd_1991_2020,paired_20231122,2023-11-22,2023-11-20,2023,11,OND,4,2023-12-14,2023-12-21,ERPAS,20,0.18141516618660777,1.9752501677350738,0.7865977826634504,0.4569214644646693
common_imd_1991_2020,paired_20231122,2023-11-22,2023-11-20,2023,11,OND,1,2023-11-23,2023-11-30,FuXi-S2S,20,-0.08877691552870151,2.6571495878784153,1.4283441706973683,-1.1589181492725973
common_imd_1991_2020,paired_20231122,2023-11-22,2023-11-20,2023,11,OND,2,2023-11-30,2023-12-07,FuXi-S2S,20,-0.3129961041344579,6.204047885051929,2.5763367976497626,-2.342878231771472
common_imd_1991_2020,paired_20231122,2023-11-22,2023-11-20,2023,11,OND,3,2023-12-07,2023-12-14,FuXi-S2S,20,0.09227490956507448,1.4663450740264712,0.8058963323513262,-0.03711966739548742
common_imd_1991_2020,paired_20231122,2023-11-22,2023-11-20,2023,11,OND,4,2023-12-14,2023-12-21,FuXi-S2S,20,0.24859795275303162,1.939225314478743,0.7969169127514326,0.4456991230197284
common_imd_1991_2020,paired_20231129,2023-11-29,2023-11-27,2023,11,OND,1,2023-11-30,2023-12-07,ERPAS,20,0.04356438816817567,5.654483671672362,2.336947766095591,-1.293206188798645
common_imd_1991_2020,paired_20231129,2023-11-29,2023-11-27,2023,11,OND,2,2023-12-07,2023-12-14,ERPAS,20,0.7673969937454421,0.9738187424099599,0.48382258600762684,-0.23645945997447898
common_imd_1991_2020,paired_20231129,2023-11-29,2023-11-27,2023,11,OND,3,2023-12-14,2023-12-21,ERPAS,20,0.28774391376000835,1.882270930435108,0.5900122507814455,0.22350516777399182
common_imd_1991_2020,paired_20231129,2023-11-29,2023-11-27,2023,11,OND,4,2023-12-21,2023-12-28,ERPAS,20,-0.27058130452867607,0.8856054513147361,0.6451319413782316,0.6378741762197766
common_imd_1991_2020,paired_20231129,2023-11-29,2023-11-27,2023,11,OND,1,2023-11-30,2023-12-07,FuXi-S2S,20,0.5414950517575551,4.562499791258228,1.6284677892836517,-1.2989235224506528
common_imd_1991_2020,paired_20231129,2023-11-29,2023-11-27,2023,11,OND,2,2023-12-07,2023-12-14,FuXi-S2S,20,0.7993093646976475,0.9787549892956902,0.4617060708918246,-0.20684980889501564
common_imd_1991_2020,paired_20231129,2023-11-29,2023-11-27,2023,11,OND,3,2023-12-14,2023-12-21,FuXi-S2S,20,0.42304595938811806,1.8089666921175225,0.6633463993056569,0.39415250150129816
common_imd_1991_2020,paired_20231129,2023-11-29,2023-11-27,2023,11,OND,4,2023-12-21,2023-12-28,FuXi-S2S,20,-0.14565678623117886,0.671978510941156,0.3922878020773879,0.38690073260205404
common_imd_1991_2020,paired_20231206,2023-12-06,2023-12-04,2023,12,OND,1,2023-12-07,2023-12-14,ERPAS,20,0.7496595816835382,0.9766208186881603,0.5555309340291391,0.2183806786340012
common_imd_1991_2020,paired_20231206,2023-12-06,2023-12-04,2023,12,OND,2,2023-12-14,2023-12-21,ERPAS,20,0.48274745428224464,1.764379807915343,0.4517516976998958,0.14277933664173992
common_imd_1991_2020,paired_20231206,2023-12-06,2023-12-04,2023,12,OND,3,2023-12-21,2023-12-28,ERPAS,20,0.039948015888513135,0.8135749614672781,0.6168694682663916,0.6149837813775921
common_imd_1991_2020,paired_20231206,2023-12-06,2023-12-04,2023,12,OND,4,2023-12-28,2024-01-04,ERPAS,20,0.1740580656604796,0.9215492313301319,0.631941119466918,0.6318039916427248
common_imd_1991_2020,paired_20231206,2023-12-06,2023-12-04,2023,12,OND,1,2023-12-07,2023-12-14,FuXi-S2S,20,0.6916967221778024,1.083211056581624,0.5230375116805754,0.002155693461847624
common_imd_1991_2020,paired_20231206,2023-12-06,2023-12-04,2023,12,OND,2,2023-12-14,2023-12-21,FuXi-S2S,20,0.5623442650678601,1.7518440375596815,0.2857970731652765,-0.1127880563758697
common_imd_1991_2020,paired_20231206,2023-12-06,2023-12-04,2023,12,OND,3,2023-12-21,2023-12-28,FuXi-S2S,20,-0.3585361811584753,1.0705559247338485,0.4005122673459356,0.39254845268995
common_imd_1991_2020,paired_20231206,2023-12-06,2023-12-04,2023,12,OND,4,2023-12-28,2024-01-04,FuXi-S2S,20,-0.4775634381683976,1.5179499615278587,0.7936311654082295,0.767033138096199
common_imd_1991_2020,paired_20231213,2023-12-13,2023-12-11,2023,12,OND,1,2023-12-14,2023-12-21,ERPAS,20,0.5949313938332877,1.7053449640576608,0.30334313549163355,-0.015462295477582232
common_imd_1991_2020,paired_20231213,2023-12-13,2023-12-11,2023,12,OND,2,2023-12-21,2023-12-28,ERPAS,20,0.00021224421425696134,1.3625595658206244,0.7244537161258056,0.7222253370330737
common_imd_1991_2020,paired_20231213,2023-12-13,2023-12-11,2023,12,OND,3,2023-12-28,2024-01-04,ERPAS,20,0.5118330258560534,0.6412933227279425,0.5018716455139494,0.4925347435149083
common_imd_1991_2020,paired_20231213,2023-12-13,2023-12-11,2023,12,OND,4,2024-01-04,2024-01-11,ERPAS,20,0.3783947512833286,1.648711584679538,0.8837808124674073,0.2913550410265713
common_imd_1991_2020,paired_20231213,2023-12-13,2023-12-11,2023,12,OND,1,2023-12-14,2023-12-21,FuXi-S2S,20,0.7539679788085908,1.4781551889186033,0.22436511190061165,-0.1122838820999717
common_imd_1991_2020,paired_20231213,2023-12-13,2023-12-11,2023,12,OND,2,2023-12-21,2023-12-28,FuXi-S2S,20,-0.133995141206069,1.7333821995918903,0.5130902136123789,0.5079297209679084
common_imd_1991_2020,paired_20231213,2023-12-13,2023-12-11,2023,12,OND,3,2023-12-28,2024-01-04,FuXi-S2S,20,0.14072770889411168,0.83200335616386,0.5253594658770474,0.5193137131829478
common_imd_1991_2020,paired_20231213,2023-12-13,2023-12-11,2023,12,OND,4,2024-01-04,2024-01-11,FuXi-S2S,20,-0.007484294230448856,1.8323253232852397,0.938966679637072,0.1477333787772647
common_imd_1991_2020,paired_20231220,2023-12-20,2023-12-18,2023,12,OND,1,2023-12-21,2023-12-28,ERPAS,20,0.7101577379220024,0.20164587761763808,0.06692794014030319,0.05401687784138536
common_imd_1991_2020,paired_20231220,2023-12-20,2023-12-18,2023,12,OND,2,2023-12-28,2024-01-04,ERPAS,20,0.26134219396420755,0.8149399956986823,0.5187374724858922,0.5107595968346504
common_imd_1991_2020,paired_20231220,2023-12-20,2023-12-18,2023,12,OND,3,2024-01-04,2024-01-11,ERPAS,20,0.4104328038365206,1.6398245607843909,0.890607361590321,0.3189398834110695
common_imd_1991_2020,paired_20231220,2023-12-20,2023-12-18,2023,12,OND,4,2024-01-11,2024-01-18,ERPAS,20,0.7062626992078996,0.9995113934591899,0.6825823162962738,0.6741506555489616
common_imd_1991_2020,paired_20231220,2023-12-20,2023-12-18,2023,12,OND,1,2023-12-21,2023-12-28,FuXi-S2S,20,0.3636769242384997,0.3645217775963146,0.10700874325073571,0.09348461501476081
common_imd_1991_2020,paired_20231220,2023-12-20,2023-12-18,2023,12,OND,2,2023-12-28,2024-01-04,FuXi-S2S,20,-0.14191909991529236,0.7476646324824296,0.27522118087678404,0.20759321846441603
common_imd_1991_2020,paired_20231220,2023-12-20,2023-12-18,2023,12,OND,3,2024-01-04,2024-01-11,FuXi-S2S,20,-0.28047429059079915,2.000831888307238,0.918202313673484,0.009686115640664177
common_imd_1991_2020,paired_20231220,2023-12-20,2023-12-18,2023,12,OND,4,2024-01-11,2024-01-18,FuXi-S2S,20,0.7255625439005854,0.8856787973629502,0.5420374483671061,0.5310983670211465
common_imd_1991_2020,paired_20231227,2023-12-27,2023-12-25,2023,12,OND,1,2023-12-28,2024-01-04,ERPAS,20,0.5996337881616397,0.7034356805833756,0.4045299712164045,0.3793192181963337
common_imd_1991_2020,paired_20231227,2023-12-27,2023-12-25,2023,12,OND,2,2024-01-04,2024-01-11,ERPAS,20,0.6192550153330227,1.3989902295807632,0.6557765375195798,0.08249774736962714
common_imd_1991_2020,paired_20231227,2023-12-27,2023-12-25,2023,12,OND,3,2024-01-11,2024-01-18,ERPAS,20,0.8949074820117405,0.6126331518116767,0.4307589690093141,0.40533460959277434
common_imd_1991_2020,paired_20231227,2023-12-27,2023-12-25,2023,12,OND,4,2024-01-18,2024-01-25,ERPAS,20,0.3830683521358214,0.9840158921100697,0.7541570375332155,0.5522320860922414
common_imd_1991_2020,paired_20231227,2023-12-27,2023-12-25,2023,12,OND,1,2023-12-28,2024-01-04,FuXi-S2S,20,0.22741329154389783,0.6580132223672684,0.19763238534748917,0.14529297523666557
common_imd_1991_2020,paired_20231227,2023-12-27,2023-12-25,2023,12,OND,2,2024-01-04,2024-01-11,FuXi-S2S,20,0.17940297359617297,1.7340550131727022,0.6558710039957663,-0.22338667611249613
common_imd_1991_2020,paired_20231227,2023-12-27,2023-12-25,2023,12,OND,3,2024-01-11,2024-01-18,FuXi-S2S,20,0.7826041853334655,0.7785317376032556,0.3628454395139155,0.32225804201872854
common_imd_1991_2020,paired_20231227,2023-12-27,2023-12-25,2023,12,OND,4,2024-01-18,2024-01-25,FuXi-S2S,20,0.12523360291871644,1.0560093374426633,0.6712895327624678,0.5216124519460963
common_imd_1991_2020,paired_20240103,2024-01-03,2024-01-01,2024,1,JF;JFM,1,2024-01-04,2024-01-11,ERPAS,12,0.6913932196018963,1.3540736406699267,0.7137911003776181,0.36849874587909753
common_imd_1991_2020,paired_20240103,2024-01-03,2024-01-01,2024,1,JF;JFM,2,2024-01-11,2024-01-18,ERPAS,12,0.9650558328836348,0.3057267959825715,0.1906330160822431,0.13094287284670217
common_imd_1991_2020,paired_20240103,2024-01-03,2024-01-01,2024,1,JF;JFM,3,2024-01-18,2024-01-25,ERPAS,12,0.08229221302025332,1.2897516710083863,0.9527039206789706,0.7891740189187
common_imd_1991_2020,paired_20240103,2024-01-03,2024-01-01,2024,1,JF;JFM,4,2024-01-25,2024-02-01,ERPAS,12,0.07718872883402057,0.7200055108139585,0.4442944172821342,0.07943039419294366
common_imd_1991_2020,paired_20240103,2024-01-03,2024-01-01,2024,1,JF;JFM,1,2024-01-04,2024-01-11,FuXi-S2S,12,0.42523608745895264,1.6482657174416044,0.5282193835272443,-0.4536592910999548
common_imd_1991_2020,paired_20240103,2024-01-03,2024-01-01,2024,1,JF;JFM,2,2024-01-11,2024-01-18,FuXi-S2S,12,0.7429315813408092,0.8083179798987177,0.32675867568781786,0.2776667475536837
common_imd_1991_2020,paired_20240103,2024-01-03,2024-01-01,2024,1,JF;JFM,3,2024-01-18,2024-01-25,FuXi-S2S,12,-0.47237174417145,1.431591302823525,0.6823105631118029,0.47417776500015096
common_imd_1991_2020,paired_20240103,2024-01-03,2024-01-01,2024,1,JF;JFM,4,2024-01-25,2024-02-01,FuXi-S2S,12,0.3585135514252729,0.7943928567370029,0.3705734337915959,0.24487745684900375
common_imd_1991_2020,paired_20240110,2024-01-10,2024-01-08,2024,1,JF;JFM,1,2024-01-11,2024-01-18,ERPAS,20,0.9811382486001747,0.21150014127703512,0.08940917356997262,0.030130187183834242
common_imd_1991_2020,paired_20240110,2024-01-10,2024-01-08,2024,1,JF;JFM,2,2024-01-18,2024-01-25,ERPAS,20,0.6796221835262141,0.6838793116761103,0.47335969957491264,0.25496711518805526
common_imd_1991_2020,paired_20240110,2024-01-10,2024-01-08,2024,1,JF;JFM,3,2024-01-25,2024-02-01,ERPAS,20,0.26619614079074905,0.5800004414954031,0.3834717836200926,0.13852603355651882
common_imd_1991_2020,paired_20240110,2024-01-10,2024-01-08,2024,1,JF;JFM,4,2024-02-01,2024-02-08,ERPAS,20,0.06001996361833014,1.307794972397051,0.6379526169556013,-0.3517706553343922
common_imd_1991_2020,paired_20240110,2024-01-10,2024-01-08,2024,1,JF;JFM,1,2024-01-11,2024-01-18,FuXi-S2S,20,0.9879188981604965,0.16700407011716836,0.07084252557096672,0.009120162019483274
common_imd_1991_2020,paired_20240110,2024-01-10,2024-01-08,2024,1,JF;JFM,2,2024-01-18,2024-01-25,FuXi-S2S,20,0.7679541217850799,0.5756917661547372,0.2793328689741059,-0.009965810672699407
common_imd_1991_2020,paired_20240110,2024-01-10,2024-01-08,2024,1,JF;JFM,3,2024-01-25,2024-02-01,FuXi-S2S,20,0.3557798793950575,0.5346509146121725,0.24026060978306768,-0.038296635444086354
common_imd_1991_2020,paired_20240110,2024-01-10,2024-01-08,2024,1,JF;JFM,4,2024-02-01,2024-02-08,FuXi-S2S,20,0.576143519001972,0.9507739251335394,0.44438404572310136,-0.1792407277581365
common_imd_1991_2020,paired_20240117,2024-01-17,2024-01-15,2024,1,JF;JFM,1,2024-01-18,2024-01-25,ERPAS,20,0.8473631875422367,0.46926963173046576,0.1803228265655375,-0.07363778321632188
common_imd_1991_2020,paired_20240117,2024-01-17,2024-01-15,2024,1,JF;JFM,2,2024-01-25,2024-02-01,ERPAS,20,0.31602203637905857,0.8067355651126149,0.3351979401115796,0.2357208218528061
common_imd_1991_2020,paired_20240117,2024-01-17,2024-01-15,2024,1,JF;JFM,3,2024-02-01,2024-02-08,ERPAS,20,0.3640944200849901,1.083038154606241,0.5206572143207862,-0.18085701321233336
common_imd_1991_2020,paired_20240117,2024-01-17,2024-01-15,2024,1,JF;JFM,4,2024-02-08,2024-02-15,ERPAS,20,0.6831353004047024,1.0390528480458603,0.6248945915123549,0.39271243477801615
common_imd_1991_2020,paired_20240117,2024-01-17,2024-01-15,2024,1,JF;JFM,1,2024-01-18,2024-01-25,FuXi-S2S,20,0.9317973417842819,0.3938951098432688,0.20056052199440624,0.18401022356414853
common_imd_1991_2020,paired_20240117,2024-01-17,2024-01-15,2024,1,JF;JFM,2,2024-01-25,2024-02-01,FuXi-S2S,20,0.0758455902876012,0.7819285583630431,0.4771831112290418,0.07782723659725406
common_imd_1991_2020,paired_20240117,2024-01-17,2024-01-15,2024,1,JF;JFM,3,2024-02-01,2024-02-08,FuXi-S2S,20,0.1294436123767691,1.3591072032146658,0.807291775425806,-0.2345996993839047
common_imd_1991_2020,paired_20240117,2024-01-17,2024-01-15,2024,1,JF;JFM,4,2024-02-08,2024-02-15,FuXi-S2S,20,-0.002945296914937292,1.6558763721729655,0.8656348918768475,0.6671711425492859
common_imd_1991_2020,paired_20240124,2024-01-24,2024-01-22,2024,1,JF;JFM,1,2024-01-25,2024-02-01,ERPAS,20,0.020961914868406435,0.738328345924736,0.3244301144821466,0.06723123875945648
common_imd_1991_2020,paired_20240124,2024-01-24,2024-01-22,2024,1,JF;JFM,2,2024-02-01,2024-02-08,ERPAS,20,0.17723646940031196,1.1821811217907634,0.5273088857287865,-0.03212721714716659
common_imd_1991_2020,paired_20240124,2024-01-24,2024-01-22,2024,1,JF;JFM,3,2024-02-08,2024-02-15,ERPAS,20,0.6712288499987911,1.0409145447484218,0.5867918461890479,0.3583558115340942
common_imd_1991_2020,paired_20240124,2024-01-24,2024-01-22,2024,1,JF;JFM,4,2024-02-15,2024-02-22,ERPAS,20,-0.3469345367118939,2.6999165960975255,1.1155158309169948,-0.24948706129748946
common_imd_1991_2020,paired_20240124,2024-01-24,2024-01-22,2024,1,JF;JFM,1,2024-01-25,2024-02-01,FuXi-S2S,20,0.38736355256281807,0.6984098059149775,0.30125950290363834,0.12818963384610604
common_imd_1991_2020,paired_20240124,2024-01-24,2024-01-22,2024,1,JF;JFM,2,2024-02-01,2024-02-08,FuXi-S2S,20,0.553837370134259,1.3196282991679327,0.5860938352542804,0.2622560854753124
common_imd_1991_2020,paired_20240124,2024-01-24,2024-01-22,2024,1,JF;JFM,3,2024-02-08,2024-02-15,FuXi-S2S,20,0.1710224999798024,1.5621090433195353,0.7506527194896543,0.5336532086741854
common_imd_1991_2020,paired_20240124,2024-01-24,2024-01-22,2024,1,JF;JFM,4,2024-02-15,2024-02-22,FuXi-S2S,20,-0.3900824701266428,2.7077111480192864,1.054356497654773,-0.21112706879346096
common_imd_1991_2020,paired_20240131,2024-01-31,2024-01-29,2024,1,JF;JFM,1,2024-02-01,2024-02-08,ERPAS,20,0.5161092892093921,0.9832394533701031,0.4762786402602663,0.03434470917187795
common_imd_1991_2020,paired_20240131,2024-01-31,2024-01-29,2024,1,JF;JFM,2,2024-02-08,2024-02-15,ERPAS,20,0.8275218029395172,0.7532973115928635,0.48910150928894747,0.18111260795666997
common_imd_1991_2020,paired_20240131,2024-01-31,2024-01-29,2024,1,JF;JFM,3,2024-02-15,2024-02-22,ERPAS,20,0.5222591197862361,2.0453356008399335,0.7456029238295825,-0.23609561682076544
common_imd_1991_2020,paired_20240131,2024-01-31,2024-01-29,2024,1,JF;JFM,4,2024-02-22,2024-02-29,ERPAS,20,-0.4366554954651571,1.712462041708108,1.0152623876097935,0.46673125077417676
common_imd_1991_2020,paired_20240131,2024-01-31,2024-01-29,2024,1,JF;JFM,1,2024-02-01,2024-02-08,FuXi-S2S,20,0.5904794459321977,1.0354175894418594,0.5266442584946083,-0.017408346679482715
common_imd_1991_2020,paired_20240131,2024-01-31,2024-01-29,2024,1,JF;JFM,2,2024-02-08,2024-02-15,FuXi-S2S,20,0.47764347808341195,1.1664760633426388,0.5486589656492888,0.2146725225129686
common_imd_1991_2020,paired_20240131,2024-01-31,2024-01-29,2024,1,JF;JFM,3,2024-02-15,2024-02-22,FuXi-S2S,20,0.11066512485286673,2.5176814341569362,1.1526090628954373,0.22993931517193106
common_imd_1991_2020,paired_20240131,2024-01-31,2024-01-29,2024,1,JF;JFM,4,2024-02-22,2024-02-29,FuXi-S2S,20,0.1495870573376696,1.9345306682490038,1.190463691245517,1.013953405572089
common_imd_1991_2020,paired_20240207,2024-02-07,2024-02-05,2024,2,JF;JFM,1,2024-02-08,2024-02-15,ERPAS,20,0.8392170371183552,0.6812884485981568,0.4110966143718187,0.021799437184162475
common_imd_1991_2020,paired_20240207,2024-02-07,2024-02-05,2024,2,JF;JFM,2,2024-02-15,2024-02-22,ERPAS,20,-0.3459694843811614,2.7481055286455844,0.9055871786957628,-0.6726330709107766
common_imd_1991_2020,paired_20240207,2024-02-07,2024-02-05,2024,2,JF;JFM,3,2024-02-22,2024-02-29,ERPAS,20,-0.48659143300554913,1.7312588515013383,0.9848607180331077,0.3323219831071822
common_imd_1991_2020,paired_20240207,2024-02-07,2024-02-05,2024,2,JF;JFM,4,2024-02-29,2024-03-07,ERPAS,20,0.32924086916921297,2.040768532338486,1.1138102057702204,-0.3395537679049041
common_imd_1991_2020,paired_20240207,2024-02-07,2024-02-05,2024,2,JF;JFM,1,2024-02-08,2024-02-15,FuXi-S2S,20,0.9164327038721881,0.512827554000538,0.2595352919049449,0.0689990833072689
common_imd_1991_2020,paired_20240207,2024-02-07,2024-02-05,2024,2,JF;JFM,2,2024-02-15,2024-02-22,FuXi-S2S,20,-0.13774531814871194,2.5736020388027736,0.7949994721270621,-0.7065356635268725
common_imd_1991_2020,paired_20240207,2024-02-07,2024-02-05,2024,2,JF;JFM,3,2024-02-22,2024-02-29,FuXi-S2S,20,-0.3173531676339813,1.9544242868418276,0.9557868105116499,0.4419706586487335
common_imd_1991_2020,paired_20240207,2024-02-07,2024-02-05,2024,2,JF;JFM,4,2024-02-29,2024-03-07,FuXi-S2S,20,0.022238285287555597,2.5231792024408737,1.2035930781004751,-0.42699898373396883
common_imd_1991_2020,paired_20240214,2024-02-14,2024-02-12,2024,2,JF;JFM,1,2024-02-15,2024-02-22,ERPAS,20,0.5225997728222583,2.042687909517452,0.7836514822578067,0.03797860341282401
common_imd_1991_2020,paired_20240214,2024-02-14,2024-02-12,2024,2,JF;JFM,2,2024-02-22,2024-02-29,ERPAS,20,0.6111480796968387,1.1230763877307997,0.7726383683943606,0.5617919616744913
common_imd_1991_2020,paired_20240214,2024-02-14,2024-02-12,2024,2,JF;JFM,3,2024-02-29,2024-03-07,ERPAS,20,0.5565161027586459,1.779998366332075,1.1343511816594805,-0.04948707614934157
common_imd_1991_2020,paired_20240214,2024-02-14,2024-02-12,2024,2,JF;JFM,4,2024-03-07,2024-03-14,ERPAS,20,-0.39044454003611523,1.4165475426273648,0.8331906550841979,0.8011129357747575
common_imd_1991_2020,paired_20240214,2024-02-14,2024-02-12,2024,2,JF;JFM,1,2024-02-15,2024-02-22,FuXi-S2S,20,0.5109522908987092,2.022629152370987,0.6895155151850829,-0.08449887975648286
common_imd_1991_2020,paired_20240214,2024-02-14,2024-02-12,2024,2,JF;JFM,2,2024-02-22,2024-02-29,FuXi-S2S,20,0.3383955747897613,1.4159036886503715,0.689767228239362,0.2583452111198882
common_imd_1991_2020,paired_20240214,2024-02-14,2024-02-12,2024,2,JF;JFM,3,2024-02-29,2024-03-07,FuXi-S2S,20,-0.3765515803653927,2.6304748393963897,1.2644293711420083,-0.648959601768813
common_imd_1991_2020,paired_20240214,2024-02-14,2024-02-12,2024,2,JF;JFM,4,2024-03-07,2024-03-14,FuXi-S2S,20,-0.18554147024475512,1.5251440986733538,0.7274619174897123,0.6960106192100071
common_imd_1991_2020,paired_20240221,2024-02-21,2024-02-19,2024,2,JF;JFM,1,2024-02-22,2024-02-29,ERPAS,20,0.3924178713151397,1.1865931279783077,0.6385585283690962,0.3099474209029809
common_imd_1991_2020,paired_20240221,2024-02-21,2024-02-19,2024,2,JF;JFM,2,2024-02-29,2024-03-07,ERPAS,20,0.6794090103072068,1.6176673588248953,0.8817808863831228,-0.32316431287336805
common_imd_1991_2020,paired_20240221,2024-02-21,2024-02-19,2024,2,JF;JFM,3,2024-03-07,2024-03-14,ERPAS,20,-0.5105493520666561,1.4529595078979425,0.6636703081968566,0.6057491060099832
common_imd_1991_2020,paired_20240221,2024-02-21,2024-02-19,2024,2,JF;JFM,4,2024-03-14,2024-03-21,ERPAS,20,-0.2884283609879124,2.5544328959160927,1.6081616313078988,-0.16175164064582356
common_imd_1991_2020,paired_20240221,2024-02-21,2024-02-19,2024,2,JF;JFM,1,2024-02-22,2024-02-29,FuXi-S2S,20,0.15910670608227115,1.938923099297371,0.9583802445695909,0.6926505783853022
common_imd_1991_2020,paired_20240221,2024-02-21,2024-02-19,2024,2,JF;JFM,2,2024-02-29,2024-03-07,FuXi-S2S,20,0.054782485686869414,2.626287247030565,1.4493176743448888,-0.06621787276400727
common_imd_1991_2020,paired_20240221,2024-02-21,2024-02-19,2024,2,JF;JFM,3,2024-03-07,2024-03-14,FuXi-S2S,20,0.5432401106633629,0.8228218535816603,0.44495416262485626,0.4019132554114304
common_imd_1991_2020,paired_20240221,2024-02-21,2024-02-19,2024,2,JF;JFM,4,2024-03-14,2024-03-21,FuXi-S2S,20,0.11975054128356645,2.2432266473745783,1.352193282020143,-0.3721871979087997
common_imd_1991_2020,paired_20240228,2024-02-28,2024-02-26,2024,2,JF;JFM,1,2024-02-29,2024-03-07,ERPAS,20,0.7663269295083277,1.615633531996187,0.7375280976394136,0.13485897417338982
common_imd_1991_2020,paired_20240228,2024-02-28,2024-02-26,2024,2,JF;JFM,2,2024-03-07,2024-03-14,ERPAS,20,0.3298008468931326,0.7713641377471865,0.3326836136451704,0.25223568286159387
common_imd_1991_2020,paired_20240228,2024-02-28,2024-02-26,2024,2,JF;JFM,3,2024-03-14,2024-03-21,ERPAS,20,0.1251272403803213,2.278668539686044,1.3204523138473587,-0.5286406055834573
common_imd_1991_2020,paired_20240228,2024-02-28,2024-02-26,2024,2,JF;JFM,4,2024-03-21,2024-03-28,ERPAS,20,-0.002588441894037915,1.442426271572411,0.6257905024387781,0.14414120908310332
common_imd_1991_2020,paired_20240228,2024-02-28,2024-02-26,2024,2,JF;JFM,1,2024-02-29,2024-03-07,FuXi-S2S,20,0.7570062174145885,1.6138539307983666,0.8596959959516615,-0.021359987463052527
common_imd_1991_2020,paired_20240228,2024-02-28,2024-02-26,2024,2,JF;JFM,2,2024-03-07,2024-03-14,FuXi-S2S,20,0.29276986412986267,1.3982910545495726,0.3975837632336845,0.3232986880976188
common_imd_1991_2020,paired_20240228,2024-02-28,2024-02-26,2024,2,JF;JFM,3,2024-03-14,2024-03-21,FuXi-S2S,20,-0.14592957763293035,2.5267675305599058,1.4356816603655427,-0.30735332396020204
common_imd_1991_2020,paired_20240228,2024-02-28,2024-02-26,2024,2,JF;JFM,4,2024-03-21,2024-03-28,FuXi-S2S,20,0.02253950206479803,1.5421145332679793,0.666387104103871,0.1430709025173719
common_imd_1991_2020,paired_20240306,2024-03-06,2024-03-04,2024,3,JFM;MAM,1,2024-03-07,2024-03-14,ERPAS,20,0.37019256716542104,0.7185523817624678,0.27348928510769027,0.14249637601073933
common_imd_1991_2020,paired_20240306,2024-03-06,2024-03-04,2024,3,JFM;MAM,2,2024-03-14,2024-03-21,ERPAS,20,0.4317298695595334,2.121090565770048,1.199383284561982,-0.7592060901772404
common_imd_1991_2020,paired_20240306,2024-03-06,2024-03-04,2024,3,JFM;MAM,3,2024-03-21,2024-03-28,ERPAS,20,-0.2643417823126769,1.612167007456404,0.6605877044801914,-0.09942778983831163
common_imd_1991_2020,paired_20240306,2024-03-06,2024-03-04,2024,3,JFM;MAM,4,2024-03-28,2024-04-04,ERPAS,20,-0.05955515411904754,1.7055347473624975,0.5930779808475396,-0.028157515517784528
common_imd_1991_2020,paired_20240306,2024-03-06,2024-03-04,2024,3,JFM;MAM,1,2024-03-07,2024-03-14,FuXi-S2S,20,0.16953688259468302,0.9294405774984662,0.31367290439787426,0.2582466648155637
common_imd_1991_2020,paired_20240306,2024-03-06,2024-03-04,2024,3,JFM;MAM,2,2024-03-14,2024-03-21,FuXi-S2S,20,-0.21225722284170187,2.6471813156311113,1.4873952666340575,-0.3293713699751922
common_imd_1991_2020,paired_20240306,2024-03-06,2024-03-04,2024,3,JFM;MAM,3,2024-03-21,2024-03-28,FuXi-S2S,20,0.11738657275251835,2.1024662149693727,0.7860186325759788,0.4383938429140115
common_imd_1991_2020,paired_20240306,2024-03-06,2024-03-04,2024,3,JFM;MAM,4,2024-03-28,2024-04-04,FuXi-S2S,20,0.5437028823348745,1.3406195795978098,0.5074262706217598,-0.05310734435757686
common_imd_1991_2020,paired_20240313,2024-03-13,2024-03-11,2024,3,JFM;MAM,1,2024-03-14,2024-03-21,ERPAS,20,0.5665100603124076,1.977295293846169,1.0448981649003244,-0.7649851000402986
common_imd_1991_2020,paired_20240313,2024-03-13,2024-03-11,2024,3,JFM;MAM,2,2024-03-21,2024-03-28,ERPAS,20,-0.0710491820333193,1.827698288040614,0.8010563241334346,0.4425862357738315
common_imd_1991_2020,paired_20240313,2024-03-13,2024-03-11,2024,3,JFM;MAM,3,2024-03-28,2024-04-04,ERPAS,20,0.10314875911826966,1.6588322691437658,0.8471224471632386,0.4161655240246174
common_imd_1991_2020,paired_20240313,2024-03-13,2024-03-11,2024,3,JFM;MAM,4,2024-04-04,2024-04-11,ERPAS,20,-0.3891196033330204,2.6253735880164246,1.478340262140543,0.8886180609606594
common_imd_1991_2020,paired_20240313,2024-03-13,2024-03-11,2024,3,JFM;MAM,1,2024-03-14,2024-03-21,FuXi-S2S,20,0.6039432772020448,1.797844176334163,0.8565147257629028,-0.4076809281975255
common_imd_1991_2020,paired_20240313,2024-03-13,2024-03-11,2024,3,JFM;MAM,2,2024-03-21,2024-03-28,FuXi-S2S,20,0.24854610356034118,1.4616229722924783,0.6218236628642786,0.31618161461478916
common_imd_1991_2020,paired_20240313,2024-03-13,2024-03-11,2024,3,JFM;MAM,3,2024-03-28,2024-04-04,FuXi-S2S,20,0.5005580238068517,1.6648323011625632,0.5889114017412248,-0.06672696538794201
common_imd_1991_2020,paired_20240313,2024-03-13,2024-03-11,2024,3,JFM;MAM,4,2024-04-04,2024-04-11,FuXi-S2S,20,0.2224765458671545,1.8254925059067166,0.9286349282503117,0.2980525457310366
common_imd_1991_2020,paired_20240320,2024-03-20,2024-03-18,2024,3,JFM;MAM,1,2024-03-21,2024-03-28,ERPAS,20,0.2783520276154329,1.314493334643118,0.5531956467599024,0.13610327955878385
common_imd_1991_2020,paired_20240320,2024-03-20,2024-03-18,2024,3,JFM;MAM,2,2024-03-28,2024-04-04,ERPAS,20,0.03896242935625371,1.64592955243387,0.606018714415032,0.06382036283367776
common_imd_1991_2020,paired_20240320,2024-03-20,2024-03-18,2024,3,JFM;MAM,3,2024-04-04,2024-04-11,ERPAS,20,-0.38988180023970104,2.4188805350692033,1.2715106163037972,0.4723222330934016
common_imd_1991_2020,paired_20240320,2024-03-20,2024-03-18,2024,3,JFM;MAM,4,2024-04-11,2024-04-18,ERPAS,20,0.038463669244950816,1.916059286906248,0.9728155470587572,0.20953888929889586
common_imd_1991_2020,paired_20240320,2024-03-20,2024-03-18,2024,3,JFM;MAM,1,2024-03-21,2024-03-28,FuXi-S2S,20,0.4263484427728993,1.3210615132895591,0.5287128511652153,0.236158878328226
common_imd_1991_2020,paired_20240320,2024-03-20,2024-03-18,2024,3,JFM;MAM,2,2024-03-28,2024-04-04,FuXi-S2S,20,0.5521731814881573,2.649939956794192,0.8507021607614494,0.5739705520056986
common_imd_1991_2020,paired_20240320,2024-03-20,2024-03-18,2024,3,JFM;MAM,3,2024-04-04,2024-04-11,FuXi-S2S,20,0.14158803244948062,2.394740130715483,1.1007833127366868,0.5166901880931081
common_imd_1991_2020,paired_20240320,2024-03-20,2024-03-18,2024,3,JFM;MAM,4,2024-04-11,2024-04-18,FuXi-S2S,20,-0.030307355608864557,1.9293346407180347,0.900153949078199,-0.017357832563588357
common_imd_1991_2020,paired_20240327,2024-03-27,2024-03-25,2024,3,JFM;MAM,1,2024-03-28,2024-04-04,ERPAS,20,0.09392231125259354,1.7278541361341324,0.6362518415527043,0.09865865033709721
common_imd_1991_2020,paired_20240327,2024-03-27,2024-03-25,2024,3,JFM;MAM,2,2024-04-04,2024-04-11,ERPAS,20,0.007912203028216045,1.9417815931584994,0.9695882578285132,0.14420983894755807
common_imd_1991_2020,paired_20240327,2024-03-27,2024-03-25,2024,3,JFM;MAM,3,2024-04-11,2024-04-18,ERPAS,20,0.10275454430399296,1.844977215235628,0.9511216321766839,0.16424746012554362
common_imd_1991_2020,paired_20240327,2024-03-27,2024-03-25,2024,3,JFM;MAM,4,2024-04-18,2024-04-25,ERPAS,20,-0.11802585822272571,2.5719316694556733,1.1977865671751022,0.2906017326125652
common_imd_1991_2020,paired_20240327,2024-03-27,2024-03-25,2024,3,JFM;MAM,1,2024-03-28,2024-04-04,FuXi-S2S,20,0.5481151183177301,1.5272277525724889,0.4979141736509759,-0.012611870493834422
common_imd_1991_2020,paired_20240327,2024-03-27,2024-03-25,2024,3,JFM;MAM,2,2024-04-04,2024-04-11,FuXi-S2S,20,0.18967898738645197,2.0139465866632493,0.9212262714626422,0.23580964275163982
common_imd_1991_2020,paired_20240327,2024-03-27,2024-03-25,2024,3,JFM;MAM,3,2024-04-11,2024-04-18,FuXi-S2S,20,-0.04098344078080253,1.8081856151099995,0.8322489252654617,-0.27414810394915445
common_imd_1991_2020,paired_20240327,2024-03-27,2024-03-25,2024,3,JFM;MAM,4,2024-04-18,2024-04-25,FuXi-S2S,20,0.230356502201298,1.8630599819642002,0.8108404081039067,0.00024166141296438827
common_imd_1991_2020,paired_20240403,2024-04-03,2024-04-01,2024,4,MAM,1,2024-04-04,2024-04-11,ERPAS,20,0.28436087562636614,1.6781624408960847,0.787528470200602,-0.019283015172273404
common_imd_1991_2020,paired_20240403,2024-04-03,2024-04-01,2024,4,MAM,2,2024-04-11,2024-04-18,ERPAS,20,0.15396959114139822,2.7980595287352656,1.7215362256729552,1.3619066925730465
common_imd_1991_2020,paired_20240403,2024-04-03,2024-04-01,2024,4,MAM,3,2024-04-18,2024-04-25,ERPAS,20,-0.14364289549256812,2.740301248366511,1.5013987673358633,0.777015265682627
common_imd_1991_2020,paired_20240403,2024-04-03,2024-04-01,2024,4,MAM,4,2024-04-25,2024-05-02,ERPAS,20,-0.06717279089380479,3.667239752420875,1.7575571860454746,0.8682571952823546
common_imd_1991_2020,paired_20240403,2024-04-03,2024-04-01,2024,4,MAM,1,2024-04-04,2024-04-11,FuXi-S2S,20,0.5044624579891491,1.8879650133613766,0.6603285943029424,0.14163665465459632
common_imd_1991_2020,paired_20240403,2024-04-03,2024-04-01,2024,4,MAM,2,2024-04-11,2024-04-18,FuXi-S2S,20,0.14459489400056488,1.9505491417032501,1.0532570490070614,0.1862802657488596
common_imd_1991_2020,paired_20240403,2024-04-03,2024-04-01,2024,4,MAM,3,2024-04-18,2024-04-25,FuXi-S2S,20,0.3376489992112568,1.7283234524027353,0.7208492384606873,-0.2498711357925976
common_imd_1991_2020,paired_20240403,2024-04-03,2024-04-01,2024,4,MAM,4,2024-04-25,2024-05-02,FuXi-S2S,20,0.2762141101771886,2.7936421103804854,1.1484868255038023,0.09388792601404927
common_imd_1991_2020,paired_20240410,2024-04-10,2024-04-08,2024,4,MAM,1,2024-04-11,2024-04-18,ERPAS,20,0.6588053201733486,1.9355000747943325,1.1463497464638774,0.8170217578821957
common_imd_1991_2020,paired_20240410,2024-04-10,2024-04-08,2024,4,MAM,2,2024-04-18,2024-04-25,ERPAS,20,0.1653222489234754,2.32355657286798,1.2571933741498489,0.7748173673926831
common_imd_1991_2020,paired_20240410,2024-04-10,2024-04-08,2024,4,MAM,3,2024-04-25,2024-05-02,ERPAS,20,-0.08363770782448476,3.6986662356221713,1.6708377418137428,0.6933225957736207
common_imd_1991_2020,paired_20240410,2024-04-10,2024-04-08,2024,4,MAM,4,2024-05-02,2024-05-09,ERPAS,20,-0.22248263696204107,3.3446235299377634,1.8314679711034954,0.7271886482625661
common_imd_1991_2020,paired_20240410,2024-04-10,2024-04-08,2024,4,MAM,1,2024-04-11,2024-04-18,FuXi-S2S,20,0.6742730555227378,1.3202757105776577,0.7706198989834285,0.19851294307034226
common_imd_1991_2020,paired_20240410,2024-04-10,2024-04-08,2024,4,MAM,2,2024-04-18,2024-04-25,FuXi-S2S,20,0.4434893507237322,1.7031165571136568,0.7030314798771397,0.031819386433949465
common_imd_1991_2020,paired_20240410,2024-04-10,2024-04-08,2024,4,MAM,3,2024-04-25,2024-05-02,FuXi-S2S,20,0.3623183259774289,2.8573126441080015,1.2961980419217398,0.4625398881495072
common_imd_1991_2020,paired_20240410,2024-04-10,2024-04-08,2024,4,MAM,4,2024-05-02,2024-05-09,FuXi-S2S,20,-0.32590255571667787,2.3821482659806628,1.2583304993986306,0.11952169403510288
common_imd_1991_2020,paired_20240417,2024-04-17,2024-04-15,2024,4,MAM,1,2024-04-18,2024-04-25,ERPAS,20,0.20821990786561845,2.167974732519991,1.0560667278075018,0.3688729309528009
common_imd_1991_2020,paired_20240417,2024-04-17,2024-04-15,2024,4,MAM,2,2024-04-25,2024-05-02,ERPAS,20,0.09466659054739557,3.400964910204725,1.3100007420139377,0.3215915578455309
common_imd_1991_2020,paired_20240417,2024-04-17,2024-04-15,2024,4,MAM,3,2024-05-02,2024-05-09,ERPAS,20,-0.19152555291708756,3.3330609671499136,1.8146489437398232,0.7609941037699914
common_imd_1991_2020,paired_20240417,2024-04-17,2024-04-15,2024,4,MAM,4,2024-05-09,2024-05-16,ERPAS,20,-0.3164737747999626,4.4230249817494505,2.561427599819686,0.3536634524522444
common_imd_1991_2020,paired_20240417,2024-04-17,2024-04-15,2024,4,MAM,1,2024-04-18,2024-04-25,FuXi-S2S,20,0.5806678943918214,1.9171631549686494,0.6545050671066952,0.10937402464124903
common_imd_1991_2020,paired_20240417,2024-04-17,2024-04-15,2024,4,MAM,2,2024-04-25,2024-05-02,FuXi-S2S,20,0.4352825010255825,2.9500488327567345,1.0769868217792786,0.18396277024793525
common_imd_1991_2020,paired_20240417,2024-04-17,2024-04-15,2024,4,MAM,3,2024-05-02,2024-05-09,FuXi-S2S,20,-0.21862998903981157,2.343442232497709,1.2095781183286585,0.049442139939370675
common_imd_1991_2020,paired_20240417,2024-04-17,2024-04-15,2024,4,MAM,4,2024-05-09,2024-05-16,FuXi-S2S,20,0.12012773191840867,2.7689473658699355,1.7810771764650872,-0.6852306035416005
common_imd_1991_2020,paired_20240424,2024-04-24,2024-04-22,2024,4,MAM,1,2024-04-25,2024-05-02,ERPAS,20,0.30009559455343116,2.864679898247483,0.8440744547831338,-0.2474006424052553
common_imd_1991_2020,paired_20240424,2024-04-24,2024-04-22,2024,4,MAM,2,2024-05-02,2024-05-09,ERPAS,20,-0.0879504711006333,2.3579866738659905,1.3543719356932797,-0.024518724567681158
common_imd_1991_2020,paired_20240424,2024-04-24,2024-04-22,2024,4,MAM,3,2024-05-09,2024-05-16,ERPAS,20,-0.2950893144614811,4.698805136993418,2.5469660386504374,0.051582773150242164
common_imd_1991_2020,paired_20240424,2024-04-24,2024-04-22,2024,4,MAM,4,2024-05-16,2024-05-23,ERPAS,20,-0.10393185900064221,5.25898801735196,2.979675431973775,-0.059305386200959105
common_imd_1991_2020,paired_20240424,2024-04-24,2024-04-22,2024,4,MAM,1,2024-04-25,2024-05-02,FuXi-S2S,20,0.6938689750394479,2.0857971448295416,0.6044351075527081,-0.2705421531754171
common_imd_1991_2020,paired_20240424,2024-04-24,2024-04-22,2024,4,MAM,2,2024-05-02,2024-05-09,FuXi-S2S,20,-0.3305260920151046,4.162645014126949,1.8441654744955072,0.4467837661946241
common_imd_1991_2020,paired_20240424,2024-04-24,2024-04-22,2024,4,MAM,3,2024-05-09,2024-05-16,FuXi-S2S,20,-0.11350482935859926,3.027401596246117,1.9026970827601835,-0.744888683699387
common_imd_1991_2020,paired_20240424,2024-04-24,2024-04-22,2024,4,MAM,4,2024-05-16,2024-05-23,FuXi-S2S,20,0.1331748349271958,3.853559864445885,2.08217538874323,-0.7467988462405261
common_imd_1991_2020,paired_20240501,2024-05-01,2024-04-29,2024,5,MAM,1,2024-05-02,2024-05-09,ERPAS,20,0.2133361886719652,2.145999507950949,1.1013792642277438,0.5065569922845949
common_imd_1991_2020,paired_20240501,2024-05-01,2024-04-29,2024,5,MAM,2,2024-05-09,2024-05-16,ERPAS,20,0.16652670204305525,2.9793962875415336,1.7163554081408765,-0.004409660572195356
common_imd_1991_2020,paired_20240501,2024-05-01,2024-04-29,2024,5,MAM,3,2024-05-16,2024-05-23,ERPAS,20,-0.08158203014024247,5.245663028008193,2.840557557995755,0.05640084384095118
common_imd_1991_2020,paired_20240501,2024-05-01,2024-04-29,2024,5,MAM,4,2024-05-23,2024-05-30,ERPAS,20,0.6152528640446093,2.773334114236645,1.5197839390718928,0.2702375113857055
common_imd_1991_2020,paired_20240501,2024-05-01,2024-04-29,2024,5,MAM,1,2024-05-02,2024-05-09,FuXi-S2S,20,-0.15892286704167696,2.485474955794866,1.2803200382769804,-0.03362904977497754
common_imd_1991_2020,paired_20240501,2024-05-01,2024-04-29,2024,5,MAM,2,2024-05-09,2024-05-16,FuXi-S2S,20,0.5809667613628369,2.3722133727416974,1.6264031371936416,-0.9838424590858645
common_imd_1991_2020,paired_20240501,2024-05-01,2024-04-29,2024,5,MAM,3,2024-05-16,2024-05-23,FuXi-S2S,20,0.5260517668316386,3.2884706678333337,1.8891056546255787,-0.9850260227362406
common_imd_1991_2020,paired_20240501,2024-05-01,2024-04-29,2024,5,MAM,4,2024-05-23,2024-05-30,FuXi-S2S,20,0.35614680365667806,4.124305644195249,2.363450082826401,1.5097535419688377
common_imd_1991_2020,paired_20240508,2024-05-08,2024-05-06,2024,5,MAM,1,2024-05-09,2024-05-16,ERPAS,20,0.5500075636898221,2.2690822906234844,1.4173502987235194,-0.04942004282975993
common_imd_1991_2020,paired_20240508,2024-05-08,2024-05-06,2024,5,MAM,2,2024-05-16,2024-05-23,ERPAS,20,0.40174338684535377,3.463240502925685,2.109404331971055,-0.5551632706200632
common_imd_1991_2020,paired_20240508,2024-05-08,2024-05-06,2024,5,MAM,3,2024-05-23,2024-05-30,ERPAS,20,0.15942945766527925,3.699959226324939,1.6234632969474518,-0.735573855974021
common_imd_1991_2020,paired_20240508,2024-05-08,2024-05-06,2024,5,MAM,4,2024-05-30,2024-06-06,ERPAS,20,0.07114713968937998,3.670803153341876,2.2106070607698047,-1.012664690600575
common_imd_1991_2020,paired_20240508,2024-05-08,2024-05-06,2024,5,MAM,1,2024-05-09,2024-05-16,FuXi-S2S,20,0.5704872022853086,2.2647130868030416,1.4777670415342983,-0.7033875210184212
common_imd_1991_2020,paired_20240508,2024-05-08,2024-05-06,2024,5,MAM,2,2024-05-16,2024-05-23,FuXi-S2S,20,0.6809219428216914,2.8915811023137996,1.6529163748664404,-0.6932452396220068
common_imd_1991_2020,paired_20240508,2024-05-08,2024-05-06,2024,5,MAM,3,2024-05-23,2024-05-30,FuXi-S2S,20,0.25758285155383875,4.123074060958707,2.1720572567692837,0.9985638353212403
common_imd_1991_2020,paired_20240508,2024-05-08,2024-05-06,2024,5,MAM,4,2024-05-30,2024-06-06,FuXi-S2S,20,-0.16865419946040275,4.214635517770216,2.3294093529813527,0.5124848364543199
common_imd_1991_2020,paired_20240515,2024-05-15,2024-05-13,2024,5,MAM,1,2024-05-16,2024-05-23,ERPAS,20,0.7456030173570575,2.629057276643733,1.5495852902821832,0.12663599544573048
common_imd_1991_2020,paired_20240515,2024-05-15,2024-05-13,2024,5,MAM,2,2024-05-23,2024-05-30,ERPAS,20,0.35198419998641634,3.3509393099873575,1.3628111873601356,-0.6065153527918379
common_imd_1991_2020,paired_20240515,2024-05-15,2024-05-13,2024,5,MAM,3,2024-05-30,2024-06-06,ERPAS,20,-0.030520171484787837,4.100891107698651,2.1076908720574044,0.39709260521534473
common_imd_1991_2020,paired_20240515,2024-05-15,2024-05-13,2024,5,MAM,4,2024-06-06,2024-06-13,ERPAS,20,-0.38441207644427683,6.74274876474124,5.127208646445421,3.3078102460452654
common_imd_1991_2020,paired_20240515,2024-05-15,2024-05-13,2024,5,MAM,1,2024-05-16,2024-05-23,FuXi-S2S,20,0.8269799142621994,2.395652012947744,1.4297720982104916,-1.0442603114770157
common_imd_1991_2020,paired_20240515,2024-05-15,2024-05-13,2024,5,MAM,2,2024-05-23,2024-05-30,FuXi-S2S,20,0.14275301093870876,7.289974281227525,4.058260639811261,3.08166248261236
common_imd_1991_2020,paired_20240515,2024-05-15,2024-05-13,2024,5,MAM,3,2024-05-30,2024-06-06,FuXi-S2S,20,-0.1644719757858825,4.601490861481295,2.358466188009124,-0.23183505311325986
common_imd_1991_2020,paired_20240515,2024-05-15,2024-05-13,2024,5,MAM,4,2024-06-06,2024-06-13,FuXi-S2S,20,-0.41165384165510244,5.859768768169303,3.7298923297624405,0.23755419406430786
common_imd_1991_2020,paired_20240522,2024-05-22,2024-05-20,2024,5,MAM,1,2024-05-23,2024-05-30,ERPAS,20,0.47616559962685234,3.4242850023426135,1.690206872440887,0.6162902870807347
common_imd_1991_2020,paired_20240522,2024-05-22,2024-05-20,2024,5,MAM,2,2024-05-30,2024-06-06,ERPAS,20,-0.0381691287617649,4.094195719651655,2.1500173125974724,-0.42986824034270826
common_imd_1991_2020,paired_20240522,2024-05-22,2024-05-20,2024,5,MAM,3,2024-06-06,2024-06-13,ERPAS,20,-0.21134189469662815,5.881509088777027,3.570176071556771,1.1315262229336225
common_imd_1991_2020,paired_20240522,2024-05-22,2024-05-20,2024,5,MAM,4,2024-06-13,2024-06-20,ERPAS,20,-0.13357679562446798,8.553919926797523,4.7595355316961925,2.4971580315217747
common_imd_1991_2020,paired_20240522,2024-05-22,2024-05-20,2024,5,MAM,1,2024-05-23,2024-05-30,FuXi-S2S,20,0.7109880000195814,2.7095567466119745,1.1081805708464871,0.07739285726703365
common_imd_1991_2020,paired_20240522,2024-05-22,2024-05-20,2024,5,MAM,2,2024-05-30,2024-06-06,FuXi-S2S,20,-0.0915317302976906,3.993327204759047,2.0745595499417977,-0.5087890454271147
common_imd_1991_2020,paired_20240522,2024-05-22,2024-05-20,2024,5,MAM,3,2024-06-06,2024-06-13,FuXi-S2S,20,-0.15725053633139044,5.697284684389456,3.6349981062953245,1.6051305274540277
common_imd_1991_2020,paired_20240522,2024-05-22,2024-05-20,2024,5,MAM,4,2024-06-13,2024-06-20,FuXi-S2S,20,0.19097394054807987,7.7690313299976586,3.7807205356468194,2.203370627218342
common_imd_1991_2020,paired_20240529,2024-05-29,2024-05-27,2024,5,MAM,1,2024-05-30,2024-06-06,ERPAS,20,0.42600844750022926,3.5387115766258166,1.8367935426671298,-0.29462906523542076
common_imd_1991_2020,paired_20240529,2024-05-29,2024-05-27,2024,5,MAM,2,2024-06-06,2024-06-13,ERPAS,20,0.22819800629861717,4.182178216369637,2.483935968710136,-0.7946698558301107
common_imd_1991_2020,paired_20240529,2024-05-29,2024-05-27,2024,5,MAM,3,2024-06-13,2024-06-20,ERPAS,20,0.11022680661419308,7.87585869818091,3.874400726627301,1.871494454259286
common_imd_1991_2020,paired_20240529,2024-05-29,2024-05-27,2024,5,MAM,4,2024-06-20,2024-06-27,ERPAS,20,-0.03526533969308883,6.5055805698782345,4.829978928658465,3.868733850983997
common_imd_1991_2020,paired_20240529,2024-05-29,2024-05-27,2024,5,MAM,1,2024-05-30,2024-06-06,FuXi-S2S,20,0.10399457639087598,4.232136235372579,2.1023702219159768,-0.14236673027374308
common_imd_1991_2020,paired_20240529,2024-05-29,2024-05-27,2024,5,MAM,2,2024-06-06,2024-06-13,FuXi-S2S,20,0.36478445854377844,3.988790701220689,2.410246886084757,0.8559214160136168
common_imd_1991_2020,paired_20240529,2024-05-29,2024-05-27,2024,5,MAM,3,2024-06-13,2024-06-20,FuXi-S2S,20,0.40989573655994654,6.809972812270449,2.478716556360772,0.14489529281594293
common_imd_1991_2020,paired_20240529,2024-05-29,2024-05-27,2024,5,MAM,4,2024-06-20,2024-06-27,FuXi-S2S,20,0.0654682576842732,4.7799925024138625,3.0775160036089697,0.4238724720779448
common_imd_1991_2020,paired_20240605,2024-06-05,2024-06-03,2024,6,JJAS,1,2024-06-06,2024-06-13,ERPAS,20,0.7525546467923773,2.6953511848630223,1.5437864996530675,0.5832140138948189
common_imd_1991_2020,paired_20240605,2024-06-05,2024-06-03,2024,6,JJAS,2,2024-06-13,2024-06-20,ERPAS,20,0.13089044930911561,7.395522816083331,3.0345274547996066,0.29857515322299183
common_imd_1991_2020,paired_20240605,2024-06-05,2024-06-03,2024,6,JJAS,3,2024-06-20,2024-06-27,ERPAS,20,-0.023331203720405775,6.522766088715057,4.822982437070328,3.979227341000413
common_imd_1991_2020,paired_20240605,2024-06-05,2024-06-03,2024,6,JJAS,4,2024-06-27,2024-07-04,ERPAS,20,0.09110873986176403,6.788390184921239,4.212597601330791,0.025658087350845175
common_imd_1991_2020,paired_20240605,2024-06-05,2024-06-03,2024,6,JJAS,1,2024-06-06,2024-06-13,FuXi-S2S,20,0.61900326104247,3.164424328554197,1.919916915001919,0.4636156215187324
common_imd_1991_2020,paired_20240605,2024-06-05,2024-06-03,2024,6,JJAS,2,2024-06-13,2024-06-20,FuXi-S2S,20,0.3463547651351938,8.28345487124373,3.563205405106452,1.2880518179441425
common_imd_1991_2020,paired_20240605,2024-06-05,2024-06-03,2024,6,JJAS,3,2024-06-20,2024-06-27,FuXi-S2S,20,-0.0031661805678957207,4.66777888988838,3.10519601934259,-0.4256091264933156
common_imd_1991_2020,paired_20240605,2024-06-05,2024-06-03,2024,6,JJAS,4,2024-06-27,2024-07-04,FuXi-S2S,20,0.38082728361331236,5.591679730166454,3.5058170769878334,-0.5386456375429125
common_imd_1991_2020,paired_20240626,2024-06-26,2024-06-24,2024,6,JJAS,1,2024-06-27,2024-07-04,ERPAS,20,0.34561987486602574,7.056538696171725,4.341811658862313,0.6025681322362184
common_imd_1991_2020,paired_20240626,2024-06-26,2024-06-24,2024,6,JJAS,2,2024-07-04,2024-07-11,ERPAS,20,-0.20145990878952355,8.51921001229165,6.353888732513444,2.828311195874302
common_imd_1991_2020,paired_20240626,2024-06-26,2024-06-24,2024,6,JJAS,3,2024-07-11,2024-07-18,ERPAS,20,-0.4651138667400803,7.8376518162629765,4.9144942564462415,1.9447229391856742
common_imd_1991_2020,paired_20240626,2024-06-26,2024-06-24,2024,6,JJAS,4,2024-07-18,2024-07-25,ERPAS,20,-0.2932037712038683,11.555785517761409,7.630927237311388,-1.2970527270489933
common_imd_1991_2020,paired_20240626,2024-06-26,2024-06-24,2024,6,JJAS,1,2024-06-27,2024-07-04,FuXi-S2S,20,0.5606178103277801,5.872649767663127,3.4651669692475195,0.39223357480440213
common_imd_1991_2020,paired_20240626,2024-06-26,2024-06-24,2024,6,JJAS,2,2024-07-04,2024-07-11,FuXi-S2S,20,0.20147926098926444,6.525324861896008,4.339486317030066,1.3892688037503782
common_imd_1991_2020,paired_20240626,2024-06-26,2024-06-24,2024,6,JJAS,3,2024-07-11,2024-07-18,FuXi-S2S,20,-0.2220341242467787,6.920290299147537,4.185708729953042,0.853262562039847
common_imd_1991_2020,paired_20240626,2024-06-26,2024-06-24,2024,6,JJAS,4,2024-07-18,2024-07-25,FuXi-S2S,20,0.32984341180866544,8.943424218852057,5.600514113040887,-1.2507541636586768
common_imd_1991_2020,paired_20240703,2024-07-03,2024-07-01,2024,7,JJAS,1,2024-07-04,2024-07-11,ERPAS,20,0.2551575127656019,6.7871422429266035,4.232575821583379,1.0744844938431126
common_imd_1991_2020,paired_20240703,2024-07-03,2024-07-01,2024,7,JJAS,2,2024-07-11,2024-07-18,ERPAS,20,-0.28840313837717413,7.4182442306197975,4.555269434727923,1.3732382427601335
common_imd_1991_2020,paired_20240703,2024-07-03,2024-07-01,2024,7,JJAS,3,2024-07-18,2024-07-25,ERPAS,20,-0.4234788890100022,12.185003399799896,8.194689132142502,-0.6652295060213393
common_imd_1991_2020,paired_20240703,2024-07-03,2024-07-01,2024,7,JJAS,4,2024-07-25,2024-08-01,ERPAS,20,-0.3613121954922657,8.338176035949877,5.631773343074639,-0.793522261273809
common_imd_1991_2020,paired_20240703,2024-07-03,2024-07-01,2024,7,JJAS,1,2024-07-04,2024-07-11,FuXi-S2S,20,0.3203068181886065,5.948303101461923,3.677371506509597,1.187446024950805
common_imd_1991_2020,paired_20240703,2024-07-03,2024-07-01,2024,7,JJAS,2,2024-07-11,2024-07-18,FuXi-S2S,20,-0.24789943952607227,8.992669272650998,5.28921731998269,-2.1454385333109274
common_imd_1991_2020,paired_20240703,2024-07-03,2024-07-01,2024,7,JJAS,3,2024-07-18,2024-07-25,FuXi-S2S,20,0.1197212880529654,10.535079506910083,7.031010674884555,-2.1577766189606904
common_imd_1991_2020,paired_20240703,2024-07-03,2024-07-01,2024,7,JJAS,4,2024-07-25,2024-08-01,FuXi-S2S,20,-0.06816434604789816,7.255322436081979,5.081417095808988,0.4561920544495696
common_imd_1991_2020,paired_20240710,2024-07-10,2024-07-08,2024,7,JJAS,1,2024-07-11,2024-07-18,ERPAS,20,0.006255853805390418,6.514766724261526,3.8361664937390247,0.3413021388683355
common_imd_1991_2020,paired_20240710,2024-07-10,2024-07-08,2024,7,JJAS,2,2024-07-18,2024-07-25,ERPAS,20,-0.08209613003795621,10.497719174250605,6.992672237145416,-0.9815645178548454
common_imd_1991_2020,paired_20240710,2024-07-10,2024-07-08,2024,7,JJAS,3,2024-07-25,2024-08-01,ERPAS,20,-0.2992322630841861,8.125915663316219,5.442019117641642,-0.04816409780549974
common_imd_1991_2020,paired_20240710,2024-07-10,2024-07-08,2024,7,JJAS,4,2024-08-01,2024-08-08,ERPAS,20,0.01456708044865916,9.309238849437376,6.742613614700917,-4.185040339894997
common_imd_1991_2020,paired_20240710,2024-07-10,2024-07-08,2024,7,JJAS,1,2024-07-11,2024-07-18,FuXi-S2S,20,0.4557627834415526,6.109911972735198,3.580162276172358,0.7237559055115754
common_imd_1991_2020,paired_20240710,2024-07-10,2024-07-08,2024,7,JJAS,2,2024-07-18,2024-07-25,FuXi-S2S,20,0.4154775982786066,8.90511488336616,5.635622200829053,-0.7204614907791682
common_imd_1991_2020,paired_20240710,2024-07-10,2024-07-08,2024,7,JJAS,3,2024-07-25,2024-08-01,FuXi-S2S,20,0.17378313740664242,6.144717131129366,4.196649470761333,-0.503040733470915
common_imd_1991_2020,paired_20240710,2024-07-10,2024-07-08,2024,7,JJAS,4,2024-08-01,2024-08-08,FuXi-S2S,20,0.13679345513570712,8.82329938679179,6.31359691020931,-4.2325280469695565
common_imd_1991_2020,paired_20240717,2024-07-17,2024-07-15,2024,7,JJAS,1,2024-07-18,2024-07-25,ERPAS,20,0.5023158308050768,8.105202751861414,5.73467098283875,-0.12458307202895685
common_imd_1991_2020,paired_20240717,2024-07-17,2024-07-15,2024,7,JJAS,2,2024-07-25,2024-08-01,ERPAS,20,0.041849882005353306,6.409014103934588,4.401805272023244,-0.509793744630882
common_imd_1991_2020,paired_20240717,2024-07-17,2024-07-15,2024,7,JJAS,3,2024-08-01,2024-08-08,ERPAS,20,0.04556695223886276,8.915752355730088,6.706762233763138,-2.401290913480119
common_imd_1991_2020,paired_20240717,2024-07-17,2024-07-15,2024,7,JJAS,4,2024-08-08,2024-08-15,ERPAS,20,0.38560881001898,5.626799770247259,4.312075833656003,1.7730488820495915
common_imd_1991_2020,paired_20240717,2024-07-17,2024-07-15,2024,7,JJAS,1,2024-07-18,2024-07-25,FuXi-S2S,20,0.6764669511002814,7.034069902893682,4.451869859938391,-0.38934443202245095
common_imd_1991_2020,paired_20240717,2024-07-17,2024-07-15,2024,7,JJAS,2,2024-07-25,2024-08-01,FuXi-S2S,20,-0.08212989998487948,8.230219346681029,5.495570970589383,-1.7069967020449222
common_imd_1991_2020,paired_20240717,2024-07-17,2024-07-15,2024,7,JJAS,3,2024-08-01,2024-08-08,FuXi-S2S,20,0.005041276954069829,11.203415737986084,8.296510970564658,-3.905434035940309
common_imd_1991_2020,paired_20240717,2024-07-17,2024-07-15,2024,7,JJAS,4,2024-08-08,2024-08-15,FuXi-S2S,20,0.3095904090261505,5.81204169012964,4.079335462854848,0.10102329335033566
common_imd_1991_2020,paired_20240724,2024-07-24,2024-07-22,2024,7,JJAS,1,2024-07-25,2024-08-01,ERPAS,20,0.16024531510211615,6.249043204011365,4.207369932804545,-0.42778798122428685
common_imd_1991_2020,paired_20240724,2024-07-24,2024-07-22,2024,7,JJAS,2,2024-08-01,2024-08-08,ERPAS,20,0.2719654530347581,7.211971149879843,5.409033811537346,-1.0650576069934454
common_imd_1991_2020,paired_20240724,2024-07-24,2024-07-22,2024,7,JJAS,3,2024-08-08,2024-08-15,ERPAS,20,0.4372248223589408,5.42679089552531,4.126152179212486,1.4670876246637932
common_imd_1991_2020,paired_20240724,2024-07-24,2024-07-22,2024,7,JJAS,4,2024-08-15,2024-08-22,ERPAS,20,0.10038483493048088,5.651268457546706,4.299903371046912,1.1949639744292135
common_imd_1991_2020,paired_20240724,2024-07-24,2024-07-22,2024,7,JJAS,1,2024-07-25,2024-08-01,FuXi-S2S,20,0.2072820813025817,6.194340005984433,4.090661651964555,-0.34181018186323625
common_imd_1991_2020,paired_20240724,2024-07-24,2024-07-22,2024,7,JJAS,2,2024-08-01,2024-08-08,FuXi-S2S,20,0.1520580062723449,7.955563896296098,5.975017824690644,-2.2313234333026735
common_imd_1991_2020,paired_20240724,2024-07-24,2024-07-22,2024,7,JJAS,3,2024-08-08,2024-08-15,FuXi-S2S,20,0.34771682269283577,5.756643771475243,4.264223214904127,1.8190407274130425
common_imd_1991_2020,paired_20240724,2024-07-24,2024-07-22,2024,7,JJAS,4,2024-08-15,2024-08-22,FuXi-S2S,20,0.10699888157043165,5.622321584686623,4.142613817374625,1.1677068081854425
common_imd_1991_2020,paired_20240731,2024-07-31,2024-07-29,2024,7,JJAS,1,2024-08-01,2024-08-08,ERPAS,20,0.1319039986835489,8.225256589674368,6.270373976918696,-0.6875558016715397
common_imd_1991_2020,paired_20240731,2024-07-31,2024-07-29,2024,7,JJAS,2,2024-08-08,2024-08-15,ERPAS,20,0.4614282736068085,5.424116469058264,3.890333190212414,0.6364490370432959
common_imd_1991_2020,paired_20240731,2024-07-31,2024-07-29,2024,7,JJAS,3,2024-08-15,2024-08-22,ERPAS,20,0.0798736002067402,5.795449459812013,4.480283165727634,0.919089093461961
common_imd_1991_2020,paired_20240731,2024-07-31,2024-07-29,2024,7,JJAS,4,2024-08-22,2024-08-29,ERPAS,20,-0.2947460122941524,11.583541202127801,7.03810716277031,-3.306230490157014
common_imd_1991_2020,paired_20240731,2024-07-31,2024-07-29,2024,7,JJAS,1,2024-08-01,2024-08-08,FuXi-S2S,20,0.12971742292683194,8.475043182739398,6.075118745727093,-2.1513435950954105
common_imd_1991_2020,paired_20240731,2024-07-31,2024-07-29,2024,7,JJAS,2,2024-08-08,2024-08-15,FuXi-S2S,20,0.4321848985501167,5.176273596648164,3.837636949345537,1.347103296305347
common_imd_1991_2020,paired_20240731,2024-07-31,2024-07-29,2024,7,JJAS,3,2024-08-15,2024-08-22,FuXi-S2S,20,-0.03574091321466807,5.678213545864837,4.238228000545198,0.42078510429477356
common_imd_1991_2020,paired_20240731,2024-07-31,2024-07-29,2024,7,JJAS,4,2024-08-22,2024-08-29,FuXi-S2S,20,-0.20053131238936722,10.709093701241509,6.2899741061921475,-2.146171400381759
common_imd_1991_2020,paired_20240814,2024-08-14,2024-08-12,2024,8,JJAS,1,2024-08-15,2024-08-22,ERPAS,20,0.34399724069843574,6.807810778520604,5.085999131624091,3.148495320361571
common_imd_1991_2020,paired_20240814,2024-08-14,2024-08-12,2024,8,JJAS,2,2024-08-22,2024-08-29,ERPAS,20,0.09930019148544854,9.700063248394136,5.707297931492875,-0.9982745155340523
common_imd_1991_2020,paired_20240814,2024-08-14,2024-08-12,2024,8,JJAS,3,2024-08-29,2024-09-05,ERPAS,20,0.18482371037720854,7.584318302505168,5.434112159905475,0.35723359655384485
common_imd_1991_2020,paired_20240814,2024-08-14,2024-08-12,2024,8,JJAS,4,2024-09-05,2024-09-12,ERPAS,20,-0.18404704166182334,7.780904741859188,5.978569463472435,-0.0698198235822031
common_imd_1991_2020,paired_20240814,2024-08-14,2024-08-12,2024,8,JJAS,1,2024-08-15,2024-08-22,FuXi-S2S,20,0.3354117533107536,5.279470768038487,4.031300779427719,1.5224405301865707
common_imd_1991_2020,paired_20240814,2024-08-14,2024-08-12,2024,8,JJAS,2,2024-08-22,2024-08-29,FuXi-S2S,20,0.19580621473282636,9.646730815961758,6.098145302882284,-1.080391678896842
common_imd_1991_2020,paired_20240814,2024-08-14,2024-08-12,2024,8,JJAS,3,2024-08-29,2024-09-05,FuXi-S2S,20,0.15027669025477358,8.287324387324635,5.572369700610706,0.8876126558689053
common_imd_1991_2020,paired_20240814,2024-08-14,2024-08-12,2024,8,JJAS,4,2024-09-05,2024-09-12,FuXi-S2S,20,0.3221039623839896,6.408801795437653,4.596741513993843,-0.24179713668484767
common_imd_1991_2020,paired_20240821,2024-08-21,2024-08-19,2024,8,JJAS,1,2024-08-22,2024-08-29,ERPAS,20,0.6575941187037097,7.113556361278257,4.416651926747811,0.49936127903307426
common_imd_1991_2020,paired_20240821,2024-08-21,2024-08-19,2024,8,JJAS,2,2024-08-29,2024-09-05,ERPAS,20,0.37812646802531663,7.047505882988624,5.166894518650741,0.8144039432726936
common_imd_1991_2020,paired_20240821,2024-08-21,2024-08-19,2024,8,JJAS,3,2024-09-05,2024-09-12,ERPAS,20,0.160745729303953,7.007279493355184,5.3947748824310775,0.8430693232509147
common_imd_1991_2020,paired_20240821,2024-08-21,2024-08-19,2024,8,JJAS,4,2024-09-12,2024-09-19,ERPAS,20,0.26379098407790597,7.470816562829864,6.215495650052523,3.1340334465609683
common_imd_1991_2020,paired_20240821,2024-08-21,2024-08-19,2024,8,JJAS,1,2024-08-22,2024-08-29,FuXi-S2S,20,0.35354597533898036,8.986238919071111,5.953079751961685,-0.4303349822969686
common_imd_1991_2020,paired_20240821,2024-08-21,2024-08-19,2024,8,JJAS,2,2024-08-29,2024-09-05,FuXi-S2S,20,0.37951027355707867,7.88798667213535,4.680937372646847,0.519885723597899
common_imd_1991_2020,paired_20240821,2024-08-21,2024-08-19,2024,8,JJAS,3,2024-09-05,2024-09-12,FuXi-S2S,20,0.3726138901381984,6.385555872436655,4.542840469940629,0.7130378148347548
common_imd_1991_2020,paired_20240821,2024-08-21,2024-08-19,2024,8,JJAS,4,2024-09-12,2024-09-19,FuXi-S2S,20,0.07491565611124966,7.710191507207525,5.972079352277642,2.620219127484345
common_imd_1991_2020,paired_20240828,2024-08-28,2024-08-26,2024,8,JJAS,1,2024-08-29,2024-09-05,ERPAS,20,0.5452364466255905,6.384849169960296,4.647276119390841,-0.11751694725223177
common_imd_1991_2020,paired_20240828,2024-08-28,2024-08-26,2024,8,JJAS,2,2024-09-05,2024-09-12,ERPAS,20,0.3429661153642137,6.436069038329692,4.601658452608881,0.6229137235088399
common_imd_1991_2020,paired_20240828,2024-08-28,2024-08-26,2024,8,JJAS,3,2024-09-12,2024-09-19,ERPAS,20,0.3815533950505452,7.037368317995575,5.7215517140171945,2.809428471998483
common_imd_1991_2020,paired_20240828,2024-08-28,2024-08-26,2024,8,JJAS,4,2024-09-19,2024-09-26,ERPAS,20,0.2847385204763045,4.00434948677073,3.1709622152880086,2.314891284010763
common_imd_1991_2020,paired_20240828,2024-08-28,2024-08-26,2024,8,JJAS,1,2024-08-29,2024-09-05,FuXi-S2S,20,0.30700178839775577,7.358941417930354,4.5374691359495225,-0.836623148845984
common_imd_1991_2020,paired_20240828,2024-08-28,2024-08-26,2024,8,JJAS,2,2024-09-05,2024-09-12,FuXi-S2S,20,0.44049472421514985,6.069375773571995,4.452647175614164,0.12580204523228514
common_imd_1991_2020,paired_20240828,2024-08-28,2024-08-26,2024,8,JJAS,3,2024-09-12,2024-09-19,FuXi-S2S,20,0.29100986254293876,6.793678361426946,4.699769634721693,1.0488431010605017
common_imd_1991_2020,paired_20240828,2024-08-28,2024-08-26,2024,8,JJAS,4,2024-09-19,2024-09-26,FuXi-S2S,20,0.05281061036802951,3.746102451946724,2.741378674113926,1.0218268991802968
common_imd_1991_2020,paired_20240904,2024-09-04,2024-09-02,2024,9,JJAS,1,2024-09-05,2024-09-12,ERPAS,19,0.46208584447639334,6.253751839395951,4.420968894645255,-0.6411996579239584
common_imd_1991_2020,paired_20240904,2024-09-04,2024-09-02,2024,9,JJAS,2,2024-09-12,2024-09-19,ERPAS,19,0.41535577539788715,6.641343939906465,4.901211129313391,1.838193383667934
common_imd_1991_2020,paired_20240904,2024-09-04,2024-09-02,2024,9,JJAS,3,2024-09-19,2024-09-26,ERPAS,19,-0.029614752288611226,4.191878293226032,3.2211201914823264,1.3654466173817712
common_imd_1991_2020,paired_20240904,2024-09-04,2024-09-02,2024,9,JJAS,4,2024-09-26,2024-10-03,ERPAS,19,0.01664963816296298,5.425072741009648,3.5443448293952353,0.45834058580724696
common_imd_1991_2020,paired_20240904,2024-09-04,2024-09-02,2024,9,JJAS,1,2024-09-05,2024-09-12,FuXi-S2S,19,0.46389009341963255,5.986402380106695,4.249193492475629,-0.37191360226544207
common_imd_1991_2020,paired_20240904,2024-09-04,2024-09-02,2024,9,JJAS,2,2024-09-12,2024-09-19,FuXi-S2S,19,0.5408115334443528,5.904638055040386,3.7109731857377635,0.6337234462551922
common_imd_1991_2020,paired_20240904,2024-09-04,2024-09-02,2024,9,JJAS,3,2024-09-19,2024-09-26,FuXi-S2S,19,0.0724286547125566,3.4227308073735956,2.351558406682999,-0.5100681397865624
common_imd_1991_2020,paired_20240904,2024-09-04,2024-09-02,2024,9,JJAS,4,2024-09-26,2024-10-03,FuXi-S2S,19,0.29494148731697795,4.840954520681346,2.6982111150960852,-0.9033013031035056
common_imd_1991_2020,paired_20240911,2024-09-11,2024-09-09,2024,9,JJAS,1,2024-09-12,2024-09-19,ERPAS,20,0.6420189002526258,5.478771774892505,3.431407803842319,0.8470307484614472
common_imd_1991_2020,paired_20240911,2024-09-11,2024-09-09,2024,9,JJAS,2,2024-09-19,2024-09-26,ERPAS,20,0.23164408402672104,3.6657670712795705,2.608081536136887,0.12488098618519271
common_imd_1991_2020,paired_20240911,2024-09-11,2024-09-09,2024,9,JJAS,3,2024-09-26,2024-10-03,ERPAS,20,-0.030402325881666296,6.1966382987085895,4.594978826806724,2.366710513410109
common_imd_1991_2020,paired_20240911,2024-09-11,2024-09-09,2024,9,JJAS,4,2024-10-03,2024-10-10,ERPAS,20,0.24935653190449664,4.049775623580338,3.0467726489934783,1.702388399124207
common_imd_1991_2020,paired_20240911,2024-09-11,2024-09-09,2024,9,JJAS,1,2024-09-12,2024-09-19,FuXi-S2S,20,0.4085102842228643,7.179868055809949,4.2915654759008905,0.7517934598084373
common_imd_1991_2020,paired_20240911,2024-09-11,2024-09-09,2024,9,JJAS,2,2024-09-19,2024-09-26,FuXi-S2S,20,0.3125064399670635,3.4166000507573293,2.535609198142997,0.6328938591407044
common_imd_1991_2020,paired_20240911,2024-09-11,2024-09-09,2024,9,JJAS,3,2024-09-26,2024-10-03,FuXi-S2S,20,0.22319143517338508,5.009344217848676,3.2330512249946444,0.4990209767112392
common_imd_1991_2020,paired_20240911,2024-09-11,2024-09-09,2024,9,JJAS,4,2024-10-03,2024-10-10,FuXi-S2S,20,0.35033036227518344,3.8329113410063953,2.7433161817024825,1.485623441846236
common_imd_1991_2020,paired_20240918,2024-09-18,2024-09-16,2024,9,JJAS,1,2024-09-19,2024-09-26,ERPAS,20,0.4590937339471707,3.0955168512149416,2.1354449908439364,-0.9758727350332081
common_imd_1991_2020,paired_20240918,2024-09-18,2024-09-16,2024,9,JJAS,2,2024-09-26,2024-10-03,ERPAS,20,0.0027242589593833417,6.5855749469656155,5.1395372751365915,3.3386378026631616
common_imd_1991_2020,paired_20240918,2024-09-18,2024-09-16,2024,9,JJAS,3,2024-10-03,2024-10-10,ERPAS,20,0.20137138908469232,5.738236990107038,5.042827329434245,4.075074105008467
common_imd_1991_2020,paired_20240918,2024-09-18,2024-09-16,2024,9,JJAS,4,2024-10-10,2024-10-17,ERPAS,20,0.3281373064858042,3.9379339202512305,2.555460831529615,0.16965366455897135
common_imd_1991_2020,paired_20240918,2024-09-18,2024-09-16,2024,9,JJAS,1,2024-09-19,2024-09-26,FuXi-S2S,20,0.4619944953480287,3.0823793919814095,2.071984109106515,-1.1812385942183705
common_imd_1991_2020,paired_20240918,2024-09-18,2024-09-16,2024,9,JJAS,2,2024-09-26,2024-10-03,FuXi-S2S,20,0.42257072910828253,5.615297630404418,4.344621551117743,2.7793615107336396
common_imd_1991_2020,paired_20240918,2024-09-18,2024-09-16,2024,9,JJAS,3,2024-10-03,2024-10-10,FuXi-S2S,20,0.5475265745106561,3.234262533355165,2.102642954474161,0.9476834159282623
common_imd_1991_2020,paired_20240918,2024-09-18,2024-09-16,2024,9,JJAS,4,2024-10-10,2024-10-17,FuXi-S2S,20,0.36829115399941836,3.89045743760823,2.4410093013553897,-0.027934504490702405
common_imd_1991_2020,paired_20240925,2024-09-25,2024-09-23,2024,9,JJAS,1,2024-09-26,2024-10-03,ERPAS,20,0.7231542313755042,4.092990842178413,3.023703870527768,2.16427633789664
common_imd_1991_2020,paired_20240925,2024-09-25,2024-09-23,2024,9,JJAS,2,2024-10-03,2024-10-10,ERPAS,20,0.2229126288515941,4.993865277958818,3.902398206996709,2.9661959372326505
common_imd_1991_2020,paired_20240925,2024-09-25,2024-09-23,2024,9,JJAS,3,2024-10-10,2024-10-17,ERPAS,20,0.34161610691473804,3.9558427855379477,2.332813239229302,-0.5127211163228722
common_imd_1991_2020,paired_20240925,2024-09-25,2024-09-23,2024,9,JJAS,4,2024-10-17,2024-10-24,ERPAS,20,0.4977095082942189,2.072588074741927,1.3214707469990372,0.02078917643779055
common_imd_1991_2020,paired_20240925,2024-09-25,2024-09-23,2024,9,JJAS,1,2024-09-26,2024-10-03,FuXi-S2S,20,0.6950271278095,4.564113292593075,2.8505490127217663,1.8032704630088379
common_imd_1991_2020,paired_20240925,2024-09-25,2024-09-23,2024,9,JJAS,2,2024-10-03,2024-10-10,FuXi-S2S,20,0.6280064289337856,3.235545112230527,1.840726632057509,0.678146556107436
common_imd_1991_2020,paired_20240925,2024-09-25,2024-09-23,2024,9,JJAS,3,2024-10-10,2024-10-17,FuXi-S2S,20,0.19479200102224847,4.317729286304326,2.481580330092361,-0.5078150003075156
common_imd_1991_2020,paired_20240925,2024-09-25,2024-09-23,2024,9,JJAS,4,2024-10-17,2024-10-24,FuXi-S2S,20,-0.1540649958194018,3.883052235359914,2.38533065153987,1.0211076101409113
common_imd_1991_2020,paired_20241002,2024-10-02,2024-09-30,2024,10,OND,1,2024-10-03,2024-10-10,ERPAS,20,0.5921942149761364,3.146107507745104,1.5934024502900013,0.36984020871047874
common_imd_1991_2020,paired_20241002,2024-10-02,2024-09-30,2024,10,OND,2,2024-10-10,2024-10-17,ERPAS,20,-0.14426428725731233,5.1182017801827655,3.4230254124721475,0.2461000924620029
common_imd_1991_2020,paired_20241002,2024-10-02,2024-09-30,2024,10,OND,3,2024-10-17,2024-10-24,ERPAS,20,0.4757716874664938,2.247659004341112,1.5778458301272011,0.8220309776527425
common_imd_1991_2020,paired_20241002,2024-10-02,2024-09-30,2024,10,OND,4,2024-10-24,2024-10-31,ERPAS,20,0.029994996051852175,3.7476479356573185,2.483969070901258,1.355709583788117
common_imd_1991_2020,paired_20241002,2024-10-02,2024-09-30,2024,10,OND,1,2024-10-03,2024-10-10,FuXi-S2S,20,0.7279359782729292,2.9059045263871344,1.636803605873587,0.8543436091111856
common_imd_1991_2020,paired_20241002,2024-10-02,2024-09-30,2024,10,OND,2,2024-10-10,2024-10-17,FuXi-S2S,20,0.340930646472699,4.691454189436313,2.867646612306968,0.8667893703368201
common_imd_1991_2020,paired_20241002,2024-10-02,2024-09-30,2024,10,OND,3,2024-10-17,2024-10-24,FuXi-S2S,20,0.18189703512369398,2.4626410266278396,1.562021164224934,0.18132060066246247
common_imd_1991_2020,paired_20241002,2024-10-02,2024-09-30,2024,10,OND,4,2024-10-24,2024-10-31,FuXi-S2S,20,0.3584387570714353,2.939159804287243,1.783900765479108,0.9899712651998195
common_imd_1991_2020,paired_20241009,2024-10-09,2024-10-07,2024,10,OND,1,2024-10-10,2024-10-17,ERPAS,20,0.5448718543669294,3.579523354847863,1.8020376215736624,-0.7871331724827625
common_imd_1991_2020,paired_20241009,2024-10-09,2024-10-07,2024,10,OND,2,2024-10-17,2024-10-24,ERPAS,20,0.6227267552413451,2.0054288436975463,1.5567386382064121,0.7463858241577783
common_imd_1991_2020,paired_20241009,2024-10-09,2024-10-07,2024,10,OND,3,2024-10-24,2024-10-31,ERPAS,20,0.11581331029798718,3.3344713505317016,2.1603648305807663,0.9656594136836052
common_imd_1991_2020,paired_20241009,2024-10-09,2024-10-07,2024,10,OND,4,2024-10-31,2024-11-07,ERPAS,20,0.8542700032288753,0.8294082601321989,0.5553168396257232,0.2850022218351493
common_imd_1991_2020,paired_20241009,2024-10-09,2024-10-07,2024,10,OND,1,2024-10-10,2024-10-17,FuXi-S2S,20,0.2915087977735918,4.208422292147633,2.480542322325187,-0.09413688901282533
common_imd_1991_2020,paired_20241009,2024-10-09,2024-10-07,2024,10,OND,2,2024-10-17,2024-10-24,FuXi-S2S,20,-0.07438047862693314,4.951984225006156,3.2749626886269896,1.9660685136166653
common_imd_1991_2020,paired_20241009,2024-10-09,2024-10-07,2024,10,OND,3,2024-10-24,2024-10-31,FuXi-S2S,20,0.3773582320205377,3.037028900599786,1.1859007778031512,-0.13235871234790994
common_imd_1991_2020,paired_20241009,2024-10-09,2024-10-07,2024,10,OND,4,2024-10-31,2024-11-07,FuXi-S2S,20,0.7818595939428751,0.9774472657205764,0.41766140374823985,-0.15609323031247357
common_imd_1991_2020,paired_20241016,2024-10-16,2024-10-14,2024,10,OND,1,2024-10-17,2024-10-24,ERPAS,20,0.6605262210707747,1.76208589059825,1.1771995617861635,0.1843029705938949
common_imd_1991_2020,paired_20241016,2024-10-16,2024-10-14,2024,10,OND,2,2024-10-24,2024-10-31,ERPAS,20,0.5225730959717932,2.606970397807329,1.372869353731286,0.6124242987017392
common_imd_1991_2020,paired_20241016,2024-10-16,2024-10-14,2024,10,OND,3,2024-10-31,2024-11-07,ERPAS,20,0.8680027866270991,0.7657538032262121,0.43941457107002724,0.24835774465713564
common_imd_1991_2020,paired_20241016,2024-10-16,2024-10-14,2024,10,OND,4,2024-11-07,2024-11-14,ERPAS,20,-0.17673018265693535,1.4326321772787176,0.7433476473260088,0.6140265139888869
common_imd_1991_2020,paired_20241016,2024-10-16,2024-10-14,2024,10,OND,1,2024-10-17,2024-10-24,FuXi-S2S,20,0.6858151760744361,1.7520944331751003,1.1323595702326223,0.24137392562316584
common_imd_1991_2020,paired_20241016,2024-10-16,2024-10-14,2024,10,OND,2,2024-10-24,2024-10-31,FuXi-S2S,20,0.4321589204861509,2.7047795438597215,1.1576400749759876,-0.14155950002649995
common_imd_1991_2020,paired_20241016,2024-10-16,2024-10-14,2024,10,OND,3,2024-10-31,2024-11-07,FuXi-S2S,20,0.5251614575467409,1.6425782855006965,1.034154429958224,0.9302894437601734
common_imd_1991_2020,paired_20241016,2024-10-16,2024-10-14,2024,10,OND,4,2024-11-07,2024-11-14,FuXi-S2S,20,-0.6023128132218387,2.926025942702284,1.3404665326951977,1.3244985651793066
common_imd_1991_2020,paired_20241023,2024-10-23,2024-10-21,2024,10,OND,1,2024-10-24,2024-10-31,ERPAS,20,0.6944875453211744,2.1439288503312537,0.9012125776787092,-0.033559977692068074
common_imd_1991_2020,paired_20241023,2024-10-23,2024-10-21,2024,10,OND,2,2024-10-31,2024-11-07,ERPAS,20,0.6221265456463644,1.527357298661298,1.042856629502274,0.9331155695619878
common_imd_1991_2020,paired_20241023,2024-10-23,2024-10-21,2024,10,OND,3,2024-11-07,2024-11-14,ERPAS,20,-0.3624526553613005,1.9726566979773175,1.3049515091228108,1.1976867895246064
common_imd_1991_2020,paired_20241023,2024-10-23,2024-10-21,2024,10,OND,4,2024-11-14,2024-11-21,ERPAS,20,0.4538206372367597,1.5849872916114203,0.5318103042692077,0.3102300880194568
common_imd_1991_2020,paired_20241023,2024-10-23,2024-10-21,2024,10,OND,1,2024-10-24,2024-10-31,FuXi-S2S,20,0.5924778043631422,2.612643373839967,1.1076750137216034,-0.00039120339107372393
common_imd_1991_2020,paired_20241023,2024-10-23,2024-10-21,2024,10,OND,2,2024-10-31,2024-11-07,FuXi-S2S,20,0.6309369154423468,1.6333624939691644,0.7769477384892081,0.2565381663692493
common_imd_1991_2020,paired_20241023,2024-10-23,2024-10-21,2024,10,OND,3,2024-11-07,2024-11-14,FuXi-S2S,20,-0.46771492739772697,3.4698898758377488,1.6477616350951894,1.6438492511416298
common_imd_1991_2020,paired_20241023,2024-10-23,2024-10-21,2024,10,OND,4,2024-11-14,2024-11-21,FuXi-S2S,20,0.42036344892221056,1.9655876500371239,0.9804055459983084,0.8708542245598714
common_imd_1991_2020,paired_20241030,2024-10-30,2024-10-28,2024,10,OND,1,2024-10-31,2024-11-07,ERPAS,20,0.733547073755672,1.2306537229447745,0.6603263701850219,0.6234880978004242
common_imd_1991_2020,paired_20241030,2024-10-30,2024-10-28,2024,10,OND,2,2024-11-07,2024-11-14,ERPAS,20,-0.3358095078262256,1.5887841396200717,0.7387319383036032,0.7049163857315639
common_imd_1991_2020,paired_20241030,2024-10-30,2024-10-28,2024,10,OND,3,2024-11-14,2024-11-21,ERPAS,20,0.4673191143398306,1.6936107439730137,0.668473094180231,0.5162518082955765
common_imd_1991_2020,paired_20241030,2024-10-30,2024-10-28,2024,10,OND,4,2024-11-21,2024-11-28,ERPAS,20,0.04111364798941607,1.3297045870601327,0.7331535346402203,0.6854829184580974
common_imd_1991_2020,paired_20241030,2024-10-30,2024-10-28,2024,10,OND,1,2024-10-31,2024-11-07,FuXi-S2S,20,0.8097211624103671,0.9388140792715757,0.3701883919488068,0.024720328683699683
common_imd_1991_2020,paired_20241030,2024-10-30,2024-10-28,2024,10,OND,2,2024-11-07,2024-11-14,FuXi-S2S,20,-0.03298003164153949,2.049034418974505,0.870245472893347,0.85748014245941
common_imd_1991_2020,paired_20241030,2024-10-30,2024-10-28,2024,10,OND,3,2024-11-14,2024-11-21,FuXi-S2S,20,0.514033650507822,1.6126642849814916,0.6422714104469359,0.4611621210732613
common_imd_1991_2020,paired_20241030,2024-10-30,2024-10-28,2024,10,OND,4,2024-11-21,2024-11-28,FuXi-S2S,20,-0.19860517164385688,1.6822159652889261,0.9414905626683249,0.9272397180543472
common_imd_1991_2020,paired_20241106,2024-11-06,2024-11-04,2024,11,OND,1,2024-11-07,2024-11-14,ERPAS,20,0.16479819052958503,1.1033839441466815,0.33323937798638154,0.10602677454715566
common_imd_1991_2020,paired_20241106,2024-11-06,2024-11-04,2024,11,OND,2,2024-11-14,2024-11-21,ERPAS,20,0.470486687539641,1.529596985295357,0.35340365608648394,-0.008554823531185597
common_imd_1991_2020,paired_20241106,2024-11-06,2024-11-04,2024,11,OND,3,2024-11-21,2024-11-28,ERPAS,20,0.15254631790683465,1.1990438684022102,0.4553789236259188,0.3936730121892756
common_imd_1991_2020,paired_20241106,2024-11-06,2024-11-04,2024,11,OND,4,2024-11-28,2024-12-05,ERPAS,20,0.22454161125646233,3.7434309923693667,1.0960441747424647,-0.589441409395212
common_imd_1991_2020,paired_20241106,2024-11-06,2024-11-04,2024,11,OND,1,2024-11-07,2024-11-14,FuXi-S2S,20,0.4532649309783962,1.0987697531661358,0.5205411402706843,0.3804769982056483
common_imd_1991_2020,paired_20241106,2024-11-06,2024-11-04,2024,11,OND,2,2024-11-14,2024-11-21,FuXi-S2S,20,0.3837878280112915,2.212192733308305,0.9357955465113758,0.8309829753718294
common_imd_1991_2020,paired_20241106,2024-11-06,2024-11-04,2024,11,OND,3,2024-11-21,2024-11-28,FuXi-S2S,20,-0.6221365100056231,2.118378520383662,0.9603059005772397,0.9444320245932593
common_imd_1991_2020,paired_20241106,2024-11-06,2024-11-04,2024,11,OND,4,2024-11-28,2024-12-05,FuXi-S2S,20,0.1847331326664208,3.7465518050941693,1.3275615441259145,-0.2091318440213823
common_imd_1991_2020,paired_20241113,2024-11-13,2024-11-11,2024,11,OND,1,2024-11-14,2024-11-21,ERPAS,20,0.27078099342383205,1.7592814523761855,0.4721071780345917,0.05421673104111241
common_imd_1991_2020,paired_20241113,2024-11-13,2024-11-11,2024,11,OND,2,2024-11-21,2024-11-28,ERPAS,20,0.7428060436476829,0.6322780263874814,0.2444573654405652,0.13927385816277948
common_imd_1991_2020,paired_20241113,2024-11-13,2024-11-11,2024,11,OND,3,2024-11-28,2024-12-05,ERPAS,20,0.6235509299123634,3.1696736856331444,1.1446817450697524,-0.08117767141105434
common_imd_1991_2020,paired_20241113,2024-11-13,2024-11-11,2024,11,OND,4,2024-12-05,2024-12-12,ERPAS,20,0.19076943164604798,1.5925374790136735,0.9126371636690477,0.8905633915929294
common_imd_1991_2020,paired_20241113,2024-11-13,2024-11-11,2024,11,OND,1,2024-11-14,2024-11-21,FuXi-S2S,20,0.4635192567599913,1.543403938920898,0.38188317148632567,-0.05840622733561141
common_imd_1991_2020,paired_20241113,2024-11-13,2024-11-11,2024,11,OND,2,2024-11-21,2024-11-28,FuXi-S2S,20,-0.7112695567539872,3.3829317899055216,1.1392279156770335,1.077718331778978
common_imd_1991_2020,paired_20241113,2024-11-13,2024-11-11,2024,11,OND,3,2024-11-28,2024-12-05,FuXi-S2S,20,-0.23029735047215769,4.432592157071291,1.4956180676541426,-0.41991097266863786
common_imd_1991_2020,paired_20241113,2024-11-13,2024-11-11,2024,11,OND,4,2024-12-05,2024-12-12,FuXi-S2S,20,0.5300005925828748,0.5390456102965425,0.285870303484898,0.07977427733097596
common_imd_1991_2020,paired_20241120,2024-11-20,2024-11-18,2024,11,OND,1,2024-11-21,2024-11-28,ERPAS,20,0.07762548894900136,1.0999342914330117,0.4195454844286389,0.3588116642727316
common_imd_1991_2020,paired_20241120,2024-11-20,2024-11-18,2024,11,OND,2,2024-11-28,2024-12-05,ERPAS,20,0.41108607179896195,3.481087678458623,1.279825075041423,-0.037881012476610514
common_imd_1991_2020,paired_20241120,2024-11-20,2024-11-18,2024,11,OND,3,2024-12-05,2024-12-12,ERPAS,20,0.3071299608456591,1.0234626310294017,0.6802675024445115,0.6449850433500776
common_imd_1991_2020,paired_20241120,2024-11-20,2024-11-18,2024,11,OND,4,2024-12-12,2024-12-19,ERPAS,20,0.20095839934902412,2.4092824095894194,0.7631811913588349,-0.12267378844223717
common_imd_1991_2020,paired_20241120,2024-11-20,2024-11-18,2024,11,OND,1,2024-11-21,2024-11-28,FuXi-S2S,20,0.18916459291377064,1.0966348833034938,0.37277390290037055,0.3125077604988357
common_imd_1991_2020,paired_20241120,2024-11-20,2024-11-18,2024,11,OND,2,2024-11-28,2024-12-05,FuXi-S2S,20,0.05683243229155297,3.925253438471474,1.5658246837939052,0.012607090689019006
common_imd_1991_2020,paired_20241120,2024-11-20,2024-11-18,2024,11,OND,3,2024-12-05,2024-12-12,FuXi-S2S,20,0.25503257361329784,0.809759257806905,0.4261918241549432,0.28048170859568405
common_imd_1991_2020,paired_20241120,2024-11-20,2024-11-18,2024,11,OND,4,2024-12-12,2024-12-19,FuXi-S2S,20,-0.5875772681006494,2.7686853506717255,0.8442501758444219,-0.2621772387699084
common_imd_1991_2020,paired_20241127,2024-11-27,2024-11-25,2024,11,OND,1,2024-11-28,2024-12-05,ERPAS,20,0.030827672880034226,3.94789882660645,1.0615967220351457,-0.6231636458102935
common_imd_1991_2020,paired_20241127,2024-11-27,2024-11-25,2024,11,OND,2,2024-12-05,2024-12-12,ERPAS,20,0.3743951860196475,1.2794228680957842,0.6464133379228051,0.540379672625148
common_imd_1991_2020,paired_20241127,2024-11-27,2024-11-25,2024,11,OND,3,2024-12-12,2024-12-19,ERPAS,20,-0.3670899595238887,2.6305212732635948,0.7430980022099037,-0.28858501668537556
common_imd_1991_2020,paired_20241127,2024-11-27,2024-11-25,2024,11,OND,4,2024-12-19,2024-12-26,ERPAS,20,0.2389395557160402,1.8161850464370066,0.5802330731848737,-0.28465291991534686
common_imd_1991_2020,paired_20241127,2024-11-27,2024-11-25,2024,11,OND,1,2024-11-28,2024-12-05,FuXi-S2S,20,-0.42882970901654427,4.74671152679555,1.3766925244209516,-1.0570001708559191
common_imd_1991_2020,paired_20241127,2024-11-27,2024-11-25,2024,11,OND,2,2024-12-05,2024-12-12,FuXi-S2S,20,0.2581805872668286,0.822861378593824,0.36966584763803584,-0.04592714110884013
common_imd_1991_2020,paired_20241127,2024-11-27,2024-11-25,2024,11,OND,3,2024-12-12,2024-12-19,FuXi-S2S,20,-0.5426154248621492,2.807953785033585,0.7897892589347786,-0.4106110872875072
common_imd_1991_2020,paired_20241127,2024-11-27,2024-11-25,2024,11,OND,4,2024-12-19,2024-12-26,FuXi-S2S,20,-0.08368128912531755,1.9354824846242997,0.6860192985695572,-0.33933042310025047
common_imd_1991_2020,paired_20241204,2024-12-04,2024-12-02,2024,12,OND,1,2024-12-05,2024-12-12,ERPAS,20,0.46057963018323234,1.1413473405611954,0.6094410027805872,0.48515701657245996
common_imd_1991_2020,paired_20241204,2024-12-04,2024-12-02,2024,12,OND,2,2024-12-12,2024-12-19,ERPAS,20,0.597524196819547,2.087127006495276,0.7472036247677218,0.046000290482873525
common_imd_1991_2020,paired_20241204,2024-12-04,2024-12-02,2024,12,OND,3,2024-12-19,2024-12-26,ERPAS,20,0.10744316248737623,1.9198906617060465,0.8004301898474696,-0.030757806488356975
common_imd_1991_2020,paired_20241204,2024-12-04,2024-12-02,2024,12,OND,4,2024-12-26,2025-01-02,ERPAS,20,-0.24721497412942137,1.7817755649005778,1.0851589695931223,-0.6349221646291724
common_imd_1991_2020,paired_20241204,2024-12-04,2024-12-02,2024,12,OND,1,2024-12-05,2024-12-12,FuXi-S2S,20,0.2784075369943277,0.8090640400388902,0.3568615939910908,0.16044061327969072
common_imd_1991_2020,paired_20241204,2024-12-04,2024-12-02,2024,12,OND,2,2024-12-12,2024-12-19,FuXi-S2S,20,0.6904293066060944,2.1832403069524986,0.5418832944903823,-0.3573000473219482
common_imd_1991_2020,paired_20241204,2024-12-04,2024-12-02,2024,12,OND,3,2024-12-19,2024-12-26,FuXi-S2S,20,0.07000322524399735,2.137974884741963,0.8667469861408381,0.08939756213099175
common_imd_1991_2020,paired_20241204,2024-12-04,2024-12-02,2024,12,OND,4,2024-12-26,2025-01-02,FuXi-S2S,20,-0.08082594369351165,1.684728898552088,1.0315755586209994,-0.745454561591611
common_imd_1991_2020,paired_20241211,2024-12-11,2024-12-09,2024,12,OND,1,2024-12-12,2024-12-19,ERPAS,20,0.7456101306339579,1.9861962178176735,0.46282282217944953,-0.24784846834283825
common_imd_1991_2020,paired_20241211,2024-12-11,2024-12-09,2024,12,OND,2,2024-12-19,2024-12-26,ERPAS,20,0.07005644852042858,1.9112278569184933,0.6427814583194994,-0.35777819789174553
common_imd_1991_2020,paired_20241211,2024-12-11,2024-12-09,2024,12,OND,3,2024-12-26,2025-01-02,ERPAS,20,-0.22867430519970375,1.791186713492191,1.0303496296548698,-0.8568672312334902
common_imd_1991_2020,paired_20241211,2024-12-11,2024-12-09,2024,12,OND,4,2025-01-02,2025-01-09,ERPAS,20,0.2117829064637657,0.7409596868584828,0.31534759783142186,0.08736125019868016
common_imd_1991_2020,paired_20241211,2024-12-11,2024-12-09,2024,12,OND,1,2024-12-12,2024-12-19,FuXi-S2S,20,0.766245684262793,1.597684221926666,0.45221260554079895,0.14582491464907912
common_imd_1991_2020,paired_20241211,2024-12-11,2024-12-09,2024,12,OND,2,2024-12-19,2024-12-26,FuXi-S2S,20,0.004345316067342556,1.9241876765260582,0.6790522451138764,-0.30183362098192223
common_imd_1991_2020,paired_20241211,2024-12-11,2024-12-09,2024,12,OND,3,2024-12-26,2025-01-02,FuXi-S2S,20,-0.14187366938245385,1.767499431115685,1.0703738643862666,-0.9408382526551875
common_imd_1991_2020,paired_20241211,2024-12-11,2024-12-09,2024,12,OND,4,2025-01-02,2025-01-09,FuXi-S2S,20,0.5643289881789569,0.6442044829499174,0.30784231640997545,0.20166819272540185
common_imd_1991_2020,paired_20241218,2024-12-18,2024-12-16,2024,12,OND,1,2024-12-19,2024-12-26,ERPAS,20,0.6785281973956263,1.4757066724634897,0.5550943901449221,-0.24697544671531177
common_imd_1991_2020,paired_20241218,2024-12-18,2024-12-16,2024,12,OND,2,2024-12-26,2025-01-02,ERPAS,20,-0.18892168145983182,1.686552333971651,1.0292112991194409,-0.5858485308367597
common_imd_1991_2020,paired_20241218,2024-12-18,2024-12-16,2024,12,OND,3,2025-01-02,2025-01-09,ERPAS,20,0.046692703449046406,0.7994527540547732,0.3186695202188417,0.07873832973831332
common_imd_1991_2020,paired_20241218,2024-12-18,2024-12-16,2024,12,OND,4,2025-01-09,2025-01-16,ERPAS,20,0.4429238299874719,0.802798768333393,0.4119228405958364,0.1548278800966647
common_imd_1991_2020,paired_20241218,2024-12-18,2024-12-16,2024,12,OND,1,2024-12-19,2024-12-26,FuXi-S2S,20,0.23549970370120046,1.8774958605188055,0.6860300348923271,-0.1308710510374507
common_imd_1991_2020,paired_20241218,2024-12-18,2024-12-16,2024,12,OND,2,2024-12-26,2025-01-02,FuXi-S2S,20,-0.4555446181312972,1.8870275705607735,1.1465885247822898,-0.8442400079801646
common_imd_1991_2020,paired_20241218,2024-12-18,2024-12-16,2024,12,OND,3,2025-01-02,2025-01-09,FuXi-S2S,20,0.19595806023213327,0.7673062472965285,0.3233779972065305,0.14032446628593617
common_imd_1991_2020,paired_20241218,2024-12-18,2024-12-16,2024,12,OND,4,2025-01-09,2025-01-16,FuXi-S2S,20,0.20910253158850667,1.01039455281027,0.4958813309792175,0.3230585048834562
common_imd_1991_2020,paired_20241225,2024-12-25,2024-12-23,2024,12,OND,1,2024-12-26,2025-01-02,ERPAS,20,-0.09895220232334503,1.6727895030072648,1.0278790779964528,-0.5054507650237373
common_imd_1991_2020,paired_20241225,2024-12-25,2024-12-23,2024,12,OND,2,2025-01-02,2025-01-09,ERPAS,20,-0.3949690271057472,1.2081712502787343,0.6097216981233161,0.3953057244744561
common_imd_1991_2020,paired_20241225,2024-12-25,2024-12-23,2024,12,OND,3,2025-01-09,2025-01-16,ERPAS,20,0.6293987644149381,0.8685696484535634,0.6565161115800898,0.465079462162177
common_imd_1991_2020,paired_20241225,2024-12-25,2024-12-23,2024,12,OND,4,2025-01-16,2025-01-23,ERPAS,20,0.6667746887128216,0.8973705052741229,0.6312920327501662,0.5736164897921169
common_imd_1991_2020,paired_20241225,2024-12-25,2024-12-23,2024,12,OND,1,2024-12-26,2025-01-02,FuXi-S2S,20,-0.08054883793122124,1.6850463702347172,0.9306124882892098,-0.8303173558467882
common_imd_1991_2020,paired_20241225,2024-12-25,2024-12-23,2024,12,OND,2,2025-01-02,2025-01-09,FuXi-S2S,20,0.45806014327849415,0.6733044666137363,0.27963980046109976,0.13388332429254227
common_imd_1991_2020,paired_20241225,2024-12-25,2024-12-23,2024,12,OND,3,2025-01-09,2025-01-16,FuXi-S2S,20,0.8254563217256764,0.5055177586371615,0.2798016661339639,0.04567398028185296
common_imd_1991_2020,paired_20241225,2024-12-25,2024-12-23,2024,12,OND,4,2025-01-16,2025-01-23,FuXi-S2S,20,0.4126886865505779,0.8983784119226872,0.4396099162580649,0.21456712431796887
system_specific_jjas,paired_20230607,2023-06-07,2023-06-05,2023,6,JJAS,1,2023-06-08,2023-06-15,ERPAS,20,0.7774238223585208,3.319085951514032,1.3843427549238423,-0.010199035380520449
system_specific_jjas,paired_20230607,2023-06-07,2023-06-05,2023,6,JJAS,2,2023-06-15,2023-06-22,ERPAS,20,0.39499545038896006,9.166371281159414,4.9826662005313125,0.010560560984039947
system_specific_jjas,paired_20230607,2023-06-07,2023-06-05,2023,6,JJAS,3,2023-06-22,2023-06-29,ERPAS,20,0.17321958049145253,6.377116943885891,4.464332193696165,0.0635932384804346
system_specific_jjas,paired_20230607,2023-06-07,2023-06-05,2023,6,JJAS,4,2023-06-29,2023-07-06,ERPAS,20,0.24872902639619562,6.784905054458764,5.133280695386451,1.9183869433583833
system_specific_jjas,paired_20230607,2023-06-07,2023-06-05,2023,6,JJAS,1,2023-06-08,2023-06-15,FuXi-S2S,20,0.5211571167349086,4.632969570994015,1.798604323828669,0.525283799149745
system_specific_jjas,paired_20230607,2023-06-07,2023-06-05,2023,6,JJAS,2,2023-06-15,2023-06-22,FuXi-S2S,20,-0.3065367335177097,10.753348327257534,6.448650583060057,0.35307410701160313
system_specific_jjas,paired_20230607,2023-06-07,2023-06-05,2023,6,JJAS,3,2023-06-22,2023-06-29,FuXi-S2S,20,0.5570533461943106,5.7576962805648115,3.925574568359422,-0.10628751180411405
system_specific_jjas,paired_20230607,2023-06-07,2023-06-05,2023,6,JJAS,4,2023-06-29,2023-07-06,FuXi-S2S,20,-0.07244712151806015,6.946479227918081,4.1842781388748795,0.283025553631538
system_specific_jjas,paired_20230614,2023-06-14,2023-06-12,2023,6,JJAS,1,2023-06-15,2023-06-22,ERPAS,20,0.6417102202118782,7.779995602364109,3.176464864919958,-0.39037427426530913
system_specific_jjas,paired_20230614,2023-06-14,2023-06-12,2023,6,JJAS,2,2023-06-22,2023-06-29,ERPAS,20,-0.07894633945145024,7.139569575443098,4.905739602620913,-0.44762698902679376
system_specific_jjas,paired_20230614,2023-06-14,2023-06-12,2023,6,JJAS,3,2023-06-29,2023-07-06,ERPAS,20,0.12525031594239033,7.391900266719842,5.560745910965381,3.0392344205066357
system_specific_jjas,paired_20230614,2023-06-14,2023-06-12,2023,6,JJAS,4,2023-07-06,2023-07-13,ERPAS,20,-0.046073950007160025,8.100384168352523,5.782872789372828,-1.0896341749244745
system_specific_jjas,paired_20230614,2023-06-14,2023-06-12,2023,6,JJAS,1,2023-06-15,2023-06-22,FuXi-S2S,20,0.5574057014039047,8.465439251550102,4.333516818162671,-0.38399275498550334
system_specific_jjas,paired_20230614,2023-06-14,2023-06-12,2023,6,JJAS,2,2023-06-22,2023-06-29,FuXi-S2S,20,0.5122457315795367,5.77605835457897,3.94333162684288,-0.44968712759014645
system_specific_jjas,paired_20230614,2023-06-14,2023-06-12,2023,6,JJAS,3,2023-06-29,2023-07-06,FuXi-S2S,20,-0.08545309862106341,7.247832970994587,4.722305534353981,0.622498706690311
system_specific_jjas,paired_20230614,2023-06-14,2023-06-12,2023,6,JJAS,4,2023-07-06,2023-07-13,FuXi-S2S,20,0.024027994045472584,8.281233710170474,5.897523596273157,-1.8707778655898284
system_specific_jjas,paired_20230621,2023-06-21,2023-06-19,2023,6,JJAS,1,2023-06-22,2023-06-29,ERPAS,20,0.5685844527042684,5.1308762291840475,3.687481488171903,0.2388778328630488
system_specific_jjas,paired_20230621,2023-06-21,2023-06-19,2023,6,JJAS,2,2023-06-29,2023-07-06,ERPAS,20,0.5018662866563857,6.144053808086754,4.528941227447868,1.988699631341654
system_specific_jjas,paired_20230621,2023-06-21,2023-06-19,2023,6,JJAS,3,2023-07-06,2023-07-13,ERPAS,20,-0.4644016353084406,9.27643401551843,6.899138817676517,-1.399487086901033
system_specific_jjas,paired_20230621,2023-06-21,2023-06-19,2023,6,JJAS,4,2023-07-13,2023-07-20,ERPAS,20,0.038593677723544134,6.839968195721444,4.933901149647552,0.36171627459110045
system_specific_jjas,paired_20230621,2023-06-21,2023-06-19,2023,6,JJAS,1,2023-06-22,2023-06-29,FuXi-S2S,20,0.5317607996329068,6.036227613641169,4.188234850877173,1.0487115896233252
system_specific_jjas,paired_20230621,2023-06-21,2023-06-19,2023,6,JJAS,2,2023-06-29,2023-07-06,FuXi-S2S,20,-0.1110951999426513,8.471806588985126,5.654655712715785,1.0404713832947554
system_specific_jjas,paired_20230621,2023-06-21,2023-06-19,2023,6,JJAS,3,2023-07-06,2023-07-13,FuXi-S2S,20,-0.11802777741838194,8.82768000979747,6.199645198626488,-3.077124706412323
system_specific_jjas,paired_20230621,2023-06-21,2023-06-19,2023,6,JJAS,4,2023-07-13,2023-07-20,FuXi-S2S,20,0.10467596660917111,6.190215547395082,4.242152891059342,0.022453788052185612
system_specific_jjas,paired_20230628,2023-06-28,2023-06-26,2023,6,JJAS,1,2023-06-29,2023-07-06,ERPAS,20,0.4328113780427185,6.815555676100613,4.261704864525713,0.6684977346514505
system_specific_jjas,paired_20230628,2023-06-28,2023-06-26,2023,6,JJAS,2,2023-07-06,2023-07-13,ERPAS,20,-0.5866450849602295,9.376237932794597,6.7989906932459325,-1.8239895217091564
system_specific_jjas,paired_20230628,2023-06-28,2023-06-26,2023,6,JJAS,3,2023-07-13,2023-07-20,ERPAS,20,-0.01861085985301904,6.7615927715022535,4.84735719335879,0.7804712474941957
system_specific_jjas,paired_20230628,2023-06-28,2023-06-26,2023,6,JJAS,4,2023-07-20,2023-07-27,ERPAS,20,0.5669346039292797,10.513780666552497,6.826110025776218,-0.9675026263982405
system_specific_jjas,paired_20230628,2023-06-28,2023-06-26,2023,6,JJAS,1,2023-06-29,2023-07-06,FuXi-S2S,20,0.4822200211260542,6.320621161105397,3.8166982206819933,-0.40320981999437877
system_specific_jjas,paired_20230628,2023-06-28,2023-06-26,2023,6,JJAS,2,2023-07-06,2023-07-13,FuXi-S2S,20,-0.36912987444053863,9.561541296676667,6.830419222043317,-0.48728607213118375
system_specific_jjas,paired_20230628,2023-06-28,2023-06-26,2023,6,JJAS,3,2023-07-13,2023-07-20,FuXi-S2S,20,0.43063996008825095,5.535802491571492,3.5445338093670657,-0.3086212002487002
system_specific_jjas,paired_20230628,2023-06-28,2023-06-26,2023,6,JJAS,4,2023-07-20,2023-07-27,FuXi-S2S,20,0.448611951359063,9.91154517610146,6.346313452986953,-0.8361564352272636
system_specific_jjas,paired_20230705,2023-07-05,2023-07-03,2023,7,JJAS,1,2023-07-06,2023-07-13,ERPAS,20,0.4638981321722577,6.959907804074097,5.040058884194802,0.8684371438350925
system_specific_jjas,paired_20230705,2023-07-05,2023-07-03,2023,7,JJAS,2,2023-07-13,2023-07-20,ERPAS,20,0.14529121777507095,6.424594588293115,4.692397066395053,1.117090135874823
system_specific_jjas,paired_20230705,2023-07-05,2023-07-03,2023,7,JJAS,3,2023-07-20,2023-07-27,ERPAS,20,0.6870751774471762,9.339365443151495,6.2669801118699695,0.3515133726567753
system_specific_jjas,paired_20230705,2023-07-05,2023-07-03,2023,7,JJAS,4,2023-07-27,2023-08-03,ERPAS,20,0.07807610883952257,6.651942968623231,4.901812754820623,0.5380255202819123
system_specific_jjas,paired_20230705,2023-07-05,2023-07-03,2023,7,JJAS,1,2023-07-06,2023-07-13,FuXi-S2S,20,0.4254011819179079,7.5452965943085335,5.251881741022733,-1.3320975053911317
system_specific_jjas,paired_20230705,2023-07-05,2023-07-03,2023,7,JJAS,2,2023-07-13,2023-07-20,FuXi-S2S,20,0.5000529315010496,5.779876837479609,3.8114674869446024,-0.10147981992443494
system_specific_jjas,paired_20230705,2023-07-05,2023-07-03,2023,7,JJAS,3,2023-07-20,2023-07-27,FuXi-S2S,20,0.5347969073278332,9.789062673947342,5.904075820044876,-2.027757922302614
system_specific_jjas,paired_20230705,2023-07-05,2023-07-03,2023,7,JJAS,4,2023-07-27,2023-08-03,FuXi-S2S,20,-0.1993431752266778,7.715911879066589,5.755057283689747,1.7288973212378556
system_specific_jjas,paired_20230712,2023-07-12,2023-07-10,2023,7,JJAS,1,2023-07-13,2023-07-20,ERPAS,20,0.47184243327339254,6.043061167594546,4.313967963608647,-0.34071488634170083
system_specific_jjas,paired_20230712,2023-07-12,2023-07-10,2023,7,JJAS,2,2023-07-20,2023-07-27,ERPAS,20,0.7722510477912636,6.8981587671947695,4.902651240915309,0.2796743779049722
system_specific_jjas,paired_20230712,2023-07-12,2023-07-10,2023,7,JJAS,3,2023-07-27,2023-08-03,ERPAS,20,-0.28144788286742045,8.30886186142963,6.58449078219769,3.577279054739335
system_specific_jjas,paired_20230712,2023-07-12,2023-07-10,2023,7,JJAS,4,2023-08-03,2023-08-10,ERPAS,20,-0.3016048691688172,6.340110257169043,5.570281436900386,3.789379330372757
system_specific_jjas,paired_20230712,2023-07-12,2023-07-10,2023,7,JJAS,1,2023-07-13,2023-07-20,FuXi-S2S,20,0.7421095675165542,4.866364402236998,3.305918791182286,0.4076989488176247
system_specific_jjas,paired_20230712,2023-07-12,2023-07-10,2023,7,JJAS,2,2023-07-20,2023-07-27,FuXi-S2S,20,0.5768897546903473,9.048594297241344,5.806042656535754,-1.653976907187512
system_specific_jjas,paired_20230712,2023-07-12,2023-07-10,2023,7,JJAS,3,2023-07-27,2023-08-03,FuXi-S2S,20,0.11977351867776274,7.204480028750002,5.354381002228278,1.4202012531365868
system_specific_jjas,paired_20230712,2023-07-12,2023-07-10,2023,7,JJAS,4,2023-08-03,2023-08-10,FuXi-S2S,20,0.6341718615833136,5.0378668331739815,3.8337452974254784,1.3448068721918391
system_specific_jjas,paired_20230719,2023-07-19,2023-07-17,2023,7,JJAS,1,2023-07-20,2023-07-27,ERPAS,20,0.7284924896095687,8.081363271394176,4.863886911319881,-1.090354707209997
system_specific_jjas,paired_20230719,2023-07-19,2023-07-17,2023,7,JJAS,2,2023-07-27,2023-08-03,ERPAS,20,-0.06930127663327507,7.116199034784162,5.442938233478464,1.2835851661492794
system_specific_jjas,paired_20230719,2023-07-19,2023-07-17,2023,7,JJAS,3,2023-08-03,2023-08-10,ERPAS,20,0.30784215816174,6.5688880015923345,5.657275870330934,4.0741212057964304
system_specific_jjas,paired_20230719,2023-07-19,2023-07-17,2023,7,JJAS,4,2023-08-10,2023-08-17,ERPAS,20,0.2565320023943976,5.991882992262453,5.041728560908874,4.38308597926623
system_specific_jjas,paired_20230719,2023-07-19,2023-07-17,2023,7,JJAS,1,2023-07-20,2023-07-27,FuXi-S2S,20,0.5377413473505688,9.253948639992673,5.45965618767603,-2.3252590023236928
system_specific_jjas,paired_20230719,2023-07-19,2023-07-17,2023,7,JJAS,2,2023-07-27,2023-08-03,FuXi-S2S,20,-0.2555900106497926,8.393158811548316,6.163794450030031,2.533910176295481
system_specific_jjas,paired_20230719,2023-07-19,2023-07-17,2023,7,JJAS,3,2023-08-03,2023-08-10,FuXi-S2S,20,0.6360307697535953,5.490723253267989,4.273832591781775,2.3634722311299563
system_specific_jjas,paired_20230719,2023-07-19,2023-07-17,2023,7,JJAS,4,2023-08-10,2023-08-17,FuXi-S2S,20,0.3074505798034731,5.71869043049613,4.307557861774209,3.2696254982578323
system_specific_jjas,paired_20230726,2023-07-26,2023-07-24,2023,7,JJAS,1,2023-07-27,2023-08-03,ERPAS,20,0.19811070877538947,7.405795109386923,5.321707064475565,1.3369563945736753
system_specific_jjas,paired_20230726,2023-07-26,2023-07-24,2023,7,JJAS,2,2023-08-03,2023-08-10,ERPAS,20,0.38729762180218436,5.441054543477382,4.246975023869281,2.290165315748429
system_specific_jjas,paired_20230726,2023-07-26,2023-07-24,2023,7,JJAS,3,2023-08-10,2023-08-17,ERPAS,20,0.2462208188829035,5.981146279027128,4.865259723577002,4.330289475060705
system_specific_jjas,paired_20230726,2023-07-26,2023-07-24,2023,7,JJAS,4,2023-08-17,2023-08-24,ERPAS,20,-0.07228830484072961,4.132675565258734,3.2486112421278035,0.39072660166059264
system_specific_jjas,paired_20230726,2023-07-26,2023-07-24,2023,7,JJAS,1,2023-07-27,2023-08-03,FuXi-S2S,20,0.6295929004260536,5.8239237306633385,4.3062619443274555,0.19509223676034018
system_specific_jjas,paired_20230726,2023-07-26,2023-07-24,2023,7,JJAS,2,2023-08-03,2023-08-10,FuXi-S2S,20,0.8234117284972862,3.6570473971557975,2.2508109583892595,0.4084477337738806
system_specific_jjas,paired_20230726,2023-07-26,2023-07-24,2023,7,JJAS,3,2023-08-10,2023-08-17,FuXi-S2S,20,0.5377731454988846,4.531344373765448,2.69809815779385,1.2877881418717139
system_specific_jjas,paired_20230726,2023-07-26,2023-07-24,2023,7,JJAS,4,2023-08-17,2023-08-24,FuXi-S2S,20,0.030131777936138724,3.823303401397776,2.6641907765998005,-0.6013677186425382
system_specific_jjas,paired_20230802,2023-08-02,2023-07-31,2023,8,JJAS,1,2023-08-03,2023-08-10,ERPAS,20,0.06324914122579964,6.116715902311544,4.1103346892123,1.489402361854632
system_specific_jjas,paired_20230802,2023-08-02,2023-07-31,2023,8,JJAS,2,2023-08-10,2023-08-17,ERPAS,20,-0.21421152342865774,7.034678766158008,5.292257072169624,4.369775256417977
system_specific_jjas,paired_20230802,2023-08-02,2023-07-31,2023,8,JJAS,3,2023-08-17,2023-08-24,ERPAS,20,-0.12901263990053258,4.38967566324206,3.3892621689769045,0.9147405638120373
system_specific_jjas,paired_20230802,2023-08-02,2023-07-31,2023,8,JJAS,4,2023-08-24,2023-08-31,ERPAS,20,-0.5590886233900995,7.19431411980517,6.209256270715327,5.313247172832905
system_specific_jjas,paired_20230802,2023-08-02,2023-07-31,2023,8,JJAS,1,2023-08-03,2023-08-10,FuXi-S2S,20,0.6978639869134982,4.694802890982406,3.042115595867696,1.06483301206934
system_specific_jjas,paired_20230802,2023-08-02,2023-07-31,2023,8,JJAS,2,2023-08-10,2023-08-17,FuXi-S2S,20,0.4435021539909495,5.346459473412816,2.5459197305215526,0.39508766641260207
system_specific_jjas,paired_20230802,2023-08-02,2023-07-31,2023,8,JJAS,3,2023-08-17,2023-08-24,FuXi-S2S,20,-0.12109829986532418,5.118410719630564,3.606305607138912,-2.229642028976029
system_specific_jjas,paired_20230802,2023-08-02,2023-07-31,2023,8,JJAS,4,2023-08-24,2023-08-31,FuXi-S2S,20,-0.5217415756676057,6.746460052340642,5.173740431560263,4.243480793867121
system_specific_jjas,paired_20230809,2023-08-09,2023-08-07,2023,8,JJAS,1,2023-08-10,2023-08-17,ERPAS,20,0.2140143968457748,4.628192770997627,2.9645907275412267,1.676512752915375
system_specific_jjas,paired_20230809,2023-08-09,2023-08-07,2023,8,JJAS,2,2023-08-17,2023-08-24,ERPAS,20,0.09740159758556707,3.978309197839698,2.7680510566161844,0.008986626211846656
system_specific_jjas,paired_20230809,2023-08-09,2023-08-07,2023,8,JJAS,3,2023-08-24,2023-08-31,ERPAS,20,-0.47249234693930964,7.739761398113063,6.140179174362983,5.288867738893998
system_specific_jjas,paired_20230809,2023-08-09,2023-08-07,2023,8,JJAS,4,2023-08-31,2023-09-07,ERPAS,20,0.13823747340123718,5.483685412818028,4.225373010357909,2.7485844928337686
system_specific_jjas,paired_20230809,2023-08-09,2023-08-07,2023,8,JJAS,1,2023-08-10,2023-08-17,FuXi-S2S,20,0.48857122218355603,5.20054361159547,2.416590688296761,0.3667202535606458
system_specific_jjas,paired_20230809,2023-08-09,2023-08-07,2023,8,JJAS,2,2023-08-17,2023-08-24,FuXi-S2S,20,-0.10562047029261917,6.319746138680857,4.454076352471723,-3.279262407659234
system_specific_jjas,paired_20230809,2023-08-09,2023-08-07,2023,8,JJAS,3,2023-08-24,2023-08-31,FuXi-S2S,20,-0.3917935090790831,5.30783306804023,4.118172988618998,3.0938936187535284
system_specific_jjas,paired_20230809,2023-08-09,2023-08-07,2023,8,JJAS,4,2023-08-31,2023-09-07,FuXi-S2S,20,-0.3276289573849094,6.734127734445409,4.938750884136908,2.083124315044735
system_specific_jjas,paired_20230816,2023-08-16,2023-08-14,2023,8,JJAS,1,2023-08-17,2023-08-24,ERPAS,20,0.1699412152748162,4.180003589207135,2.844312834506494,-0.5094187065058879
system_specific_jjas,paired_20230816,2023-08-16,2023-08-14,2023,8,JJAS,2,2023-08-24,2023-08-31,ERPAS,20,0.08343464529804548,6.462754252221508,4.814971086012683,4.003997302850342
system_specific_jjas,paired_20230816,2023-08-16,2023-08-14,2023,8,JJAS,3,2023-08-31,2023-09-07,ERPAS,20,0.2651230150278182,5.582929950645213,3.832846891612546,2.5512663870318275
system_specific_jjas,paired_20230816,2023-08-16,2023-08-14,2023,8,JJAS,4,2023-09-07,2023-09-14,ERPAS,20,0.08016004287487268,5.210843273226223,4.0399631923689325,-0.06494748970332255
system_specific_jjas,paired_20230816,2023-08-16,2023-08-14,2023,8,JJAS,1,2023-08-17,2023-08-24,FuXi-S2S,20,0.33252891823769287,3.768666550956814,2.6245066037696256,-1.546402431417706
system_specific_jjas,paired_20230816,2023-08-16,2023-08-14,2023,8,JJAS,2,2023-08-24,2023-08-31,FuXi-S2S,20,0.7191964644985376,4.576992897091836,2.9422283625028594,2.119438118340138
system_specific_jjas,paired_20230816,2023-08-16,2023-08-14,2023,8,JJAS,3,2023-08-31,2023-09-07,FuXi-S2S,20,0.47472875152614924,5.118006236568168,3.260004347185426,0.680049608056195
system_specific_jjas,paired_20230816,2023-08-16,2023-08-14,2023,8,JJAS,4,2023-09-07,2023-09-14,FuXi-S2S,20,0.4377160815104682,4.910627041646804,3.717681233200364,1.4214090786578928
system_specific_jjas,paired_20230823,2023-08-23,2023-08-21,2023,8,JJAS,1,2023-08-24,2023-08-31,ERPAS,20,0.7700888407030205,3.349337556903025,1.792230425571128,0.7502292256864536
system_specific_jjas,paired_20230823,2023-08-23,2023-08-21,2023,8,JJAS,2,2023-08-31,2023-09-07,ERPAS,20,0.315119652150124,4.561821820442542,2.9075999283804355,0.5990228877238508
system_specific_jjas,paired_20230823,2023-08-23,2023-08-21,2023,8,JJAS,3,2023-09-07,2023-09-14,ERPAS,20,-0.06249758417419449,5.651910720664467,4.518193857649303,-0.10057451394219116
system_specific_jjas,paired_20230823,2023-08-23,2023-08-21,2023,8,JJAS,4,2023-09-14,2023-09-21,ERPAS,20,0.12065393150949204,8.611141298483323,5.614707153783998,-1.332151925765164
system_specific_jjas,paired_20230823,2023-08-23,2023-08-21,2023,8,JJAS,1,2023-08-24,2023-08-31,FuXi-S2S,20,0.8259393117896248,3.275617877107321,1.5572084897391285,0.4265854278913519
system_specific_jjas,paired_20230823,2023-08-23,2023-08-21,2023,8,JJAS,2,2023-08-31,2023-09-07,FuXi-S2S,20,0.6841066492942136,4.203952802772155,2.894756925972454,-0.7053610122941008
system_specific_jjas,paired_20230823,2023-08-23,2023-08-21,2023,8,JJAS,3,2023-09-07,2023-09-14,FuXi-S2S,20,0.23332382782617708,4.942216901497895,3.6422145344351526,-0.7104941143753676
system_specific_jjas,paired_20230823,2023-08-23,2023-08-21,2023,8,JJAS,4,2023-09-14,2023-09-21,FuXi-S2S,20,-0.1809489809205611,9.091764953369442,5.941760393894789,-1.0849757069061299
system_specific_jjas,paired_20230830,2023-08-30,2023-08-28,2023,8,JJAS,1,2023-08-31,2023-09-07,ERPAS,20,0.7296958085964064,3.3240467355428995,2.1836196975686146,-0.9954195665074497
system_specific_jjas,paired_20230830,2023-08-30,2023-08-28,2023,8,JJAS,2,2023-09-07,2023-09-14,ERPAS,20,0.07570032363291601,7.1842105720173155,5.071753076178077,0.32686506920129726
system_specific_jjas,paired_20230830,2023-08-30,2023-08-28,2023,8,JJAS,3,2023-09-14,2023-09-21,ERPAS,20,0.24058410792162013,8.249363866895688,5.357862082936203,-0.43124842538030694
system_specific_jjas,paired_20230830,2023-08-30,2023-08-28,2023,8,JJAS,4,2023-09-21,2023-09-28,ERPAS,20,-0.2778927562279028,5.099255962125189,3.437639301012895,-0.6084641006021737
system_specific_jjas,paired_20230830,2023-08-30,2023-08-28,2023,8,JJAS,1,2023-08-31,2023-09-07,FuXi-S2S,20,0.5939757987388011,4.5331254796002085,3.328276721263896,-1.2654398487197644
system_specific_jjas,paired_20230830,2023-08-30,2023-08-28,2023,8,JJAS,2,2023-09-07,2023-09-14,FuXi-S2S,20,0.2692803323477849,5.343510012587859,3.9935198269776717,0.2027418848879263
system_specific_jjas,paired_20230830,2023-08-30,2023-08-28,2023,8,JJAS,3,2023-09-14,2023-09-21,FuXi-S2S,20,0.09076314529364023,8.510351214602203,5.4765149739522165,-1.8327245148990172
system_specific_jjas,paired_20230830,2023-08-30,2023-08-28,2023,8,JJAS,4,2023-09-21,2023-09-28,FuXi-S2S,20,0.05433208500367539,4.987944848383227,3.501698564504467,-1.2199816626179443
system_specific_jjas,paired_20230906,2023-09-06,2023-09-04,2023,9,JJAS,1,2023-09-07,2023-09-14,ERPAS,20,0.5777281989371401,4.322798318512998,3.0092555622216537,0.024843585538106845
system_specific_jjas,paired_20230906,2023-09-06,2023-09-04,2023,9,JJAS,2,2023-09-14,2023-09-21,ERPAS,20,0.14008370853200514,8.614450204569042,5.992047252169163,0.3671501742400981
system_specific_jjas,paired_20230906,2023-09-06,2023-09-04,2023,9,JJAS,3,2023-09-21,2023-09-28,ERPAS,20,-0.11275040069168746,5.05112145042298,3.537469959951333,0.1759826097799279
system_specific_jjas,paired_20230906,2023-09-06,2023-09-04,2023,9,JJAS,4,2023-09-28,2023-10-05,ERPAS,20,-0.2316261293398384,5.487906837512545,3.3642535005302943,-0.6274360381906638
system_specific_jjas,paired_20230906,2023-09-06,2023-09-04,2023,9,JJAS,1,2023-09-07,2023-09-14,FuXi-S2S,20,0.6041018702861601,4.063000158063985,2.8317321428094546,0.8005181524292564
system_specific_jjas,paired_20230906,2023-09-06,2023-09-04,2023,9,JJAS,2,2023-09-14,2023-09-21,FuXi-S2S,20,0.8005728468328686,6.634654002902132,3.878542528470355,-1.684669321201709
system_specific_jjas,paired_20230906,2023-09-06,2023-09-04,2023,9,JJAS,3,2023-09-21,2023-09-28,FuXi-S2S,20,0.12543713621157096,5.0493015047105905,3.542483922545654,-0.6179494967947693
system_specific_jjas,paired_20230906,2023-09-06,2023-09-04,2023,9,JJAS,4,2023-09-28,2023-10-05,FuXi-S2S,20,0.2693575038504112,5.694706665880473,3.2487651354070928,-0.6126370268418545
system_specific_jjas,paired_20230913,2023-09-13,2023-09-11,2023,9,JJAS,1,2023-09-14,2023-09-21,ERPAS,20,0.49534183034572327,7.389778411987383,4.8341823673756465,-0.028154146307781965
system_specific_jjas,paired_20230913,2023-09-13,2023-09-11,2023,9,JJAS,2,2023-09-21,2023-09-28,ERPAS,20,0.14689558171495187,6.30769664695698,4.863596109693202,3.383517713801029
system_specific_jjas,paired_20230913,2023-09-13,2023-09-11,2023,9,JJAS,3,2023-09-28,2023-10-05,ERPAS,20,-0.06193827173320032,5.617762661404873,3.749696357668651,0.5521670478978408
system_specific_jjas,paired_20230913,2023-09-13,2023-09-11,2023,9,JJAS,4,2023-10-05,2023-10-12,ERPAS,20,-0.43033811971864283,4.220909306302539,3.134093593559517,2.156584379695588
system_specific_jjas,paired_20230913,2023-09-13,2023-09-11,2023,9,JJAS,1,2023-09-14,2023-09-21,FuXi-S2S,20,0.6632859452408792,6.372832346461601,4.330422321165988,-0.11889137462623063
system_specific_jjas,paired_20230913,2023-09-13,2023-09-11,2023,9,JJAS,2,2023-09-21,2023-09-28,FuXi-S2S,20,0.16836203486541515,4.823023381842162,3.316256570424877,-0.7627682685006034
system_specific_jjas,paired_20230913,2023-09-13,2023-09-11,2023,9,JJAS,3,2023-09-28,2023-10-05,FuXi-S2S,20,0.26837690257721136,5.4633955383133115,3.4240049269894097,-0.04780123144295444
system_specific_jjas,paired_20230913,2023-09-13,2023-09-11,2023,9,JJAS,4,2023-10-05,2023-10-12,FuXi-S2S,20,0.7895005259275435,1.9877853468756086,1.2082897014028535,0.6659085766610627
system_specific_jjas,paired_20230920,2023-09-20,2023-09-18,2023,9,JJAS,1,2023-09-21,2023-09-28,ERPAS,20,0.46223042783177865,4.868345750666461,3.1444621379990103,1.4042592522104782
system_specific_jjas,paired_20230920,2023-09-20,2023-09-18,2023,9,JJAS,2,2023-09-28,2023-10-05,ERPAS,20,-0.15169620073383688,5.824554132533293,4.538805460979863,1.1638513633950691
system_specific_jjas,paired_20230920,2023-09-20,2023-09-18,2023,9,JJAS,3,2023-10-05,2023-10-12,ERPAS,20,-0.1556089088687043,5.177020998485893,4.218336153440887,3.580948571195871
system_specific_jjas,paired_20230920,2023-09-20,2023-09-18,2023,9,JJAS,4,2023-10-12,2023-10-19,ERPAS,20,-0.43429370001827,3.5270903128236286,2.782271873831011,1.9417329976951705
system_specific_jjas,paired_20230920,2023-09-20,2023-09-18,2023,9,JJAS,1,2023-09-21,2023-09-28,FuXi-S2S,20,0.7048005373450429,3.6692448532329918,2.2933296778076624,-0.3487901847353216
system_specific_jjas,paired_20230920,2023-09-20,2023-09-18,2023,9,JJAS,2,2023-09-28,2023-10-05,FuXi-S2S,20,0.5573423188289857,4.732954012311321,2.520119817549957,-1.1582124065802706
system_specific_jjas,paired_20230920,2023-09-20,2023-09-18,2023,9,JJAS,3,2023-10-05,2023-10-12,FuXi-S2S,20,0.6221911707441284,2.179196300307372,1.3179510906889211,0.6608122468050831
system_specific_jjas,paired_20230920,2023-09-20,2023-09-18,2023,9,JJAS,4,2023-10-12,2023-10-19,FuXi-S2S,20,0.44710989265104456,2.263234855990726,1.5442210264636762,0.5097628736477514
system_specific_jjas,paired_20230927,2023-09-27,2023-09-25,2023,9,JJAS,1,2023-09-28,2023-10-05,ERPAS,20,0.4712809087206659,5.017480194255085,3.4152753455775167,0.9340979132610757
system_specific_jjas,paired_20230927,2023-09-27,2023-09-25,2023,9,JJAS,2,2023-10-05,2023-10-12,ERPAS,20,0.24434043582317302,4.886924555325915,3.7583336846251396,3.5235922601832095
system_specific_jjas,paired_20230927,2023-09-27,2023-09-25,2023,9,JJAS,3,2023-10-12,2023-10-19,ERPAS,20,0.17752000044288155,2.7293662899082998,1.941495318789436,1.208622650195602
system_specific_jjas,paired_20230927,2023-09-27,2023-09-25,2023,9,JJAS,4,2023-10-19,2023-10-26,ERPAS,20,0.1583647005516937,1.9853116582975245,1.1651704347097063,1.122399166792066
system_specific_jjas,paired_20230927,2023-09-27,2023-09-25,2023,9,JJAS,1,2023-09-28,2023-10-05,FuXi-S2S,20,0.7165130613058422,4.040689797971035,2.1859977601600136,-0.18695099868892506
system_specific_jjas,paired_20230927,2023-09-27,2023-09-25,2023,9,JJAS,2,2023-10-05,2023-10-12,FuXi-S2S,20,0.6077967839880533,1.9712451819769923,0.8023937808083661,0.09556127140772663
system_specific_jjas,paired_20230927,2023-09-27,2023-09-25,2023,9,JJAS,3,2023-10-12,2023-10-19,FuXi-S2S,20,0.45474426222111103,1.7854018991529577,1.0346229020609101,-0.3600543328459516
system_specific_jjas,paired_20230927,2023-09-27,2023-09-25,2023,9,JJAS,4,2023-10-19,2023-10-26,FuXi-S2S,20,0.6846948709454831,1.7102319301710942,0.9512936775373574,0.9152076260133617
system_specific_jjas,paired_20240605,2024-06-05,2024-06-03,2024,6,JJAS,1,2024-06-06,2024-06-13,ERPAS,20,0.8114687257742855,2.6953511848630223,1.5437864996530675,0.5832140138948189
system_specific_jjas,paired_20240605,2024-06-05,2024-06-03,2024,6,JJAS,2,2024-06-13,2024-06-20,ERPAS,20,0.23300685046746375,7.395522816083331,3.0345274547996066,0.29857515322299183
system_specific_jjas,paired_20240605,2024-06-05,2024-06-03,2024,6,JJAS,3,2024-06-20,2024-06-27,ERPAS,20,0.07571078581871049,6.522766088715057,4.822982437070328,3.979227341000413
system_specific_jjas,paired_20240605,2024-06-05,2024-06-03,2024,6,JJAS,4,2024-06-27,2024-07-04,ERPAS,20,0.1705216910491142,6.788390184921239,4.212597601330791,0.025658087350845175
system_specific_jjas,paired_20240605,2024-06-05,2024-06-03,2024,6,JJAS,1,2024-06-06,2024-06-13,FuXi-S2S,20,0.7156392324572713,3.164424328554197,1.919916915001919,0.4636156215187324
system_specific_jjas,paired_20240605,2024-06-05,2024-06-03,2024,6,JJAS,2,2024-06-13,2024-06-20,FuXi-S2S,20,0.44990077166210374,8.28345487124373,3.563205405106452,1.2880518179441425
system_specific_jjas,paired_20240605,2024-06-05,2024-06-03,2024,6,JJAS,3,2024-06-20,2024-06-27,FuXi-S2S,20,-0.006237885102161883,4.66777888988838,3.10519601934259,-0.4256091264933156
system_specific_jjas,paired_20240605,2024-06-05,2024-06-03,2024,6,JJAS,4,2024-06-27,2024-07-04,FuXi-S2S,20,0.3387232040378449,5.591679730166454,3.5058170769878334,-0.5386456375429125
system_specific_jjas,paired_20240626,2024-06-26,2024-06-24,2024,6,JJAS,1,2024-06-27,2024-07-04,ERPAS,20,0.4683092864586941,7.056538696171725,4.341811658862313,0.6025681322362184
system_specific_jjas,paired_20240626,2024-06-26,2024-06-24,2024,6,JJAS,2,2024-07-04,2024-07-11,ERPAS,20,-0.13976505107905024,8.51921001229165,6.353888732513444,2.828311195874302
system_specific_jjas,paired_20240626,2024-06-26,2024-06-24,2024,6,JJAS,3,2024-07-11,2024-07-18,ERPAS,20,0.20643009528228856,7.8376518162629765,4.9144942564462415,1.9447229391856742
system_specific_jjas,paired_20240626,2024-06-26,2024-06-24,2024,6,JJAS,4,2024-07-18,2024-07-25,ERPAS,20,0.06086504959312282,11.555785517761409,7.630927237311388,-1.2970527270489933
system_specific_jjas,paired_20240626,2024-06-26,2024-06-24,2024,6,JJAS,1,2024-06-27,2024-07-04,FuXi-S2S,20,0.6416147149616419,5.872649767663127,3.4651669692475195,0.39223357480440213
system_specific_jjas,paired_20240626,2024-06-26,2024-06-24,2024,6,JJAS,2,2024-07-04,2024-07-11,FuXi-S2S,20,0.36355824012433063,6.525324861896008,4.339486317030066,1.3892688037503782
system_specific_jjas,paired_20240626,2024-06-26,2024-06-24,2024,6,JJAS,3,2024-07-11,2024-07-18,FuXi-S2S,20,-0.05623506640710238,6.920290299147537,4.185708729953042,0.853262562039847
system_specific_jjas,paired_20240626,2024-06-26,2024-06-24,2024,6,JJAS,4,2024-07-18,2024-07-25,FuXi-S2S,20,0.6524418435054318,8.943424218852057,5.600514113040887,-1.2507541636586768
system_specific_jjas,paired_20240703,2024-07-03,2024-07-01,2024,7,JJAS,1,2024-07-04,2024-07-11,ERPAS,20,0.37007742459820026,6.7871422429266035,4.232575821583379,1.0744844938431126
system_specific_jjas,paired_20240703,2024-07-03,2024-07-01,2024,7,JJAS,2,2024-07-11,2024-07-18,ERPAS,20,0.20013096852592327,7.4182442306197975,4.555269434727923,1.3732382427601335
system_specific_jjas,paired_20240703,2024-07-03,2024-07-01,2024,7,JJAS,3,2024-07-18,2024-07-25,ERPAS,20,-0.3334494620117549,12.185003399799896,8.194689132142502,-0.6652295060213393
system_specific_jjas,paired_20240703,2024-07-03,2024-07-01,2024,7,JJAS,4,2024-07-25,2024-08-01,ERPAS,20,-0.11013911314697024,8.338176035949877,5.631773343074639,-0.793522261273809
system_specific_jjas,paired_20240703,2024-07-03,2024-07-01,2024,7,JJAS,1,2024-07-04,2024-07-11,FuXi-S2S,20,0.5168185321884146,5.948303101461923,3.677371506509597,1.187446024950805
system_specific_jjas,paired_20240703,2024-07-03,2024-07-01,2024,7,JJAS,2,2024-07-11,2024-07-18,FuXi-S2S,20,-0.1242902531335874,8.992669272650998,5.28921731998269,-2.1454385333109274
system_specific_jjas,paired_20240703,2024-07-03,2024-07-01,2024,7,JJAS,3,2024-07-18,2024-07-25,FuXi-S2S,20,0.16954246655614683,10.535079506910083,7.031010674884555,-2.1577766189606904
system_specific_jjas,paired_20240703,2024-07-03,2024-07-01,2024,7,JJAS,4,2024-07-25,2024-08-01,FuXi-S2S,20,0.06981102950486943,7.255322436081979,5.081417095808988,0.4561920544495696
system_specific_jjas,paired_20240710,2024-07-10,2024-07-08,2024,7,JJAS,1,2024-07-11,2024-07-18,ERPAS,20,0.44458951656435775,6.514766724261526,3.8361664937390247,0.3413021388683355
system_specific_jjas,paired_20240710,2024-07-10,2024-07-08,2024,7,JJAS,2,2024-07-18,2024-07-25,ERPAS,20,0.17216713952550938,10.497719174250605,6.992672237145416,-0.9815645178548454
system_specific_jjas,paired_20240710,2024-07-10,2024-07-08,2024,7,JJAS,3,2024-07-25,2024-08-01,ERPAS,20,-0.061288488977661724,8.125915663316219,5.442019117641642,-0.04816409780549974
system_specific_jjas,paired_20240710,2024-07-10,2024-07-08,2024,7,JJAS,4,2024-08-01,2024-08-08,ERPAS,20,-0.0213754819038673,9.309238849437376,6.742613614700917,-4.185040339894997
system_specific_jjas,paired_20240710,2024-07-10,2024-07-08,2024,7,JJAS,1,2024-07-11,2024-07-18,FuXi-S2S,20,0.6653835172530459,6.109911972735198,3.580162276172358,0.7237559055115754
system_specific_jjas,paired_20240710,2024-07-10,2024-07-08,2024,7,JJAS,2,2024-07-18,2024-07-25,FuXi-S2S,20,0.47445853049371844,8.90511488336616,5.635622200829053,-0.7204614907791682
system_specific_jjas,paired_20240710,2024-07-10,2024-07-08,2024,7,JJAS,3,2024-07-25,2024-08-01,FuXi-S2S,20,0.42183716574930463,6.144717131129366,4.196649470761333,-0.503040733470915
system_specific_jjas,paired_20240710,2024-07-10,2024-07-08,2024,7,JJAS,4,2024-08-01,2024-08-08,FuXi-S2S,20,0.20302967678708825,8.82329938679179,6.31359691020931,-4.2325280469695565
system_specific_jjas,paired_20240717,2024-07-17,2024-07-15,2024,7,JJAS,1,2024-07-18,2024-07-25,ERPAS,20,0.6646211539918244,8.105202751861414,5.73467098283875,-0.12458307202895685
system_specific_jjas,paired_20240717,2024-07-17,2024-07-15,2024,7,JJAS,2,2024-07-25,2024-08-01,ERPAS,20,0.35002132395668833,6.409014103934588,4.401805272023244,-0.509793744630882
system_specific_jjas,paired_20240717,2024-07-17,2024-07-15,2024,7,JJAS,3,2024-08-01,2024-08-08,ERPAS,20,0.08789065334613994,8.915752355730088,6.706762233763138,-2.401290913480119
system_specific_jjas,paired_20240717,2024-07-17,2024-07-15,2024,7,JJAS,4,2024-08-08,2024-08-15,ERPAS,20,0.31907493260126374,5.626799770247259,4.312075833656003,1.7730488820495915
system_specific_jjas,paired_20240717,2024-07-17,2024-07-15,2024,7,JJAS,1,2024-07-18,2024-07-25,FuXi-S2S,20,0.7497207985631775,7.034069902893682,4.451869859938391,-0.38934443202245095
system_specific_jjas,paired_20240717,2024-07-17,2024-07-15,2024,7,JJAS,2,2024-07-25,2024-08-01,FuXi-S2S,20,0.012503137977419448,8.230219346681029,5.495570970589383,-1.7069967020449222
system_specific_jjas,paired_20240717,2024-07-17,2024-07-15,2024,7,JJAS,3,2024-08-01,2024-08-08,FuXi-S2S,20,0.06364724367238678,11.203415737986084,8.296510970564658,-3.905434035940309
system_specific_jjas,paired_20240717,2024-07-17,2024-07-15,2024,7,JJAS,4,2024-08-08,2024-08-15,FuXi-S2S,20,0.27772358411743736,5.81204169012964,4.079335462854848,0.10102329335033566
system_specific_jjas,paired_20240724,2024-07-24,2024-07-22,2024,7,JJAS,1,2024-07-25,2024-08-01,ERPAS,20,0.4029710242603381,6.249043204011365,4.207369932804545,-0.42778798122428685
system_specific_jjas,paired_20240724,2024-07-24,2024-07-22,2024,7,JJAS,2,2024-08-01,2024-08-08,ERPAS,20,0.3414699721477419,7.211971149879843,5.409033811537346,-1.0650576069934454
system_specific_jjas,paired_20240724,2024-07-24,2024-07-22,2024,7,JJAS,3,2024-08-08,2024-08-15,ERPAS,20,0.4230959145101998,5.42679089552531,4.126152179212486,1.4670876246637932
system_specific_jjas,paired_20240724,2024-07-24,2024-07-22,2024,7,JJAS,4,2024-08-15,2024-08-22,ERPAS,20,0.019084973454039877,5.651268457546706,4.299903371046912,1.1949639744292135
system_specific_jjas,paired_20240724,2024-07-24,2024-07-22,2024,7,JJAS,1,2024-07-25,2024-08-01,FuXi-S2S,20,0.4777203779516837,6.194340005984433,4.090661651964555,-0.34181018186323625
system_specific_jjas,paired_20240724,2024-07-24,2024-07-22,2024,7,JJAS,2,2024-08-01,2024-08-08,FuXi-S2S,20,0.29343720979958954,7.955563896296098,5.975017824690644,-2.2313234333026735
system_specific_jjas,paired_20240724,2024-07-24,2024-07-22,2024,7,JJAS,3,2024-08-08,2024-08-15,FuXi-S2S,20,0.3757043348363328,5.756643771475243,4.264223214904127,1.8190407274130425
system_specific_jjas,paired_20240724,2024-07-24,2024-07-22,2024,7,JJAS,4,2024-08-15,2024-08-22,FuXi-S2S,20,0.1492838461135568,5.622321584686623,4.142613817374625,1.1677068081854425
system_specific_jjas,paired_20240731,2024-07-31,2024-07-29,2024,7,JJAS,1,2024-08-01,2024-08-08,ERPAS,20,0.09828549391629088,8.225256589674368,6.270373976918696,-0.6875558016715397
system_specific_jjas,paired_20240731,2024-07-31,2024-07-29,2024,7,JJAS,2,2024-08-08,2024-08-15,ERPAS,20,0.39269037760394077,5.424116469058264,3.890333190212414,0.6364490370432959
system_specific_jjas,paired_20240731,2024-07-31,2024-07-29,2024,7,JJAS,3,2024-08-15,2024-08-22,ERPAS,20,0.03205709803839068,5.795449459812013,4.480283165727634,0.919089093461961
system_specific_jjas,paired_20240731,2024-07-31,2024-07-29,2024,7,JJAS,4,2024-08-22,2024-08-29,ERPAS,20,-0.145382439327795,11.583541202127801,7.03810716277031,-3.306230490157014
system_specific_jjas,paired_20240731,2024-07-31,2024-07-29,2024,7,JJAS,1,2024-08-01,2024-08-08,FuXi-S2S,20,0.21616776698217757,8.475043182739398,6.075118745727093,-2.1513435950954105
system_specific_jjas,paired_20240731,2024-07-31,2024-07-29,2024,7,JJAS,2,2024-08-08,2024-08-15,FuXi-S2S,20,0.40299896154210496,5.176273596648164,3.837636949345537,1.347103296305347
system_specific_jjas,paired_20240731,2024-07-31,2024-07-29,2024,7,JJAS,3,2024-08-15,2024-08-22,FuXi-S2S,20,-0.05183844368894329,5.678213545864837,4.238228000545198,0.42078510429477356
system_specific_jjas,paired_20240731,2024-07-31,2024-07-29,2024,7,JJAS,4,2024-08-22,2024-08-29,FuXi-S2S,20,-0.008064191896501177,10.709093701241509,6.2899741061921475,-2.146171400381759
system_specific_jjas,paired_20240814,2024-08-14,2024-08-12,2024,8,JJAS,1,2024-08-15,2024-08-22,ERPAS,20,0.2563057940212303,6.807810778520604,5.085999131624091,3.148495320361571
system_specific_jjas,paired_20240814,2024-08-14,2024-08-12,2024,8,JJAS,2,2024-08-22,2024-08-29,ERPAS,20,0.4734832581406129,9.700063248394136,5.707297931492875,-0.9982745155340523
system_specific_jjas,paired_20240814,2024-08-14,2024-08-12,2024,8,JJAS,3,2024-08-29,2024-09-05,ERPAS,20,0.24175189294266952,7.584318302505168,5.434112159905475,0.35723359655384485
system_specific_jjas,paired_20240814,2024-08-14,2024-08-12,2024,8,JJAS,4,2024-09-05,2024-09-12,ERPAS,20,0.1263839583220114,7.780904741859188,5.978569463472435,-0.0698198235822031
system_specific_jjas,paired_20240814,2024-08-14,2024-08-12,2024,8,JJAS,1,2024-08-15,2024-08-22,FuXi-S2S,20,0.29074365578171957,5.279470768038487,4.031300779427719,1.5224405301865707
system_specific_jjas,paired_20240814,2024-08-14,2024-08-12,2024,8,JJAS,2,2024-08-22,2024-08-29,FuXi-S2S,20,0.24745056097127405,9.646730815961758,6.098145302882284,-1.080391678896842
system_specific_jjas,paired_20240814,2024-08-14,2024-08-12,2024,8,JJAS,3,2024-08-29,2024-09-05,FuXi-S2S,20,0.1450778457813903,8.287324387324635,5.572369700610706,0.8876126558689053
system_specific_jjas,paired_20240814,2024-08-14,2024-08-12,2024,8,JJAS,4,2024-09-05,2024-09-12,FuXi-S2S,20,0.3492102588173759,6.408801795437653,4.596741513993843,-0.24179713668484767
system_specific_jjas,paired_20240821,2024-08-21,2024-08-19,2024,8,JJAS,1,2024-08-22,2024-08-29,ERPAS,20,0.7361020414239315,7.113556361278257,4.416651926747811,0.49936127903307426
system_specific_jjas,paired_20240821,2024-08-21,2024-08-19,2024,8,JJAS,2,2024-08-29,2024-09-05,ERPAS,20,0.4336576218203811,7.047505882988624,5.166894518650741,0.8144039432726936
system_specific_jjas,paired_20240821,2024-08-21,2024-08-19,2024,8,JJAS,3,2024-09-05,2024-09-12,ERPAS,20,0.45128792264053,7.007279493355184,5.3947748824310775,0.8430693232509147
system_specific_jjas,paired_20240821,2024-08-21,2024-08-19,2024,8,JJAS,4,2024-09-12,2024-09-19,ERPAS,20,0.296137422780673,7.470816562829864,6.215495650052523,3.1340334465609683
system_specific_jjas,paired_20240821,2024-08-21,2024-08-19,2024,8,JJAS,1,2024-08-22,2024-08-29,FuXi-S2S,20,0.4293359580913228,8.986238919071111,5.953079751961685,-0.4303349822969686
system_specific_jjas,paired_20240821,2024-08-21,2024-08-19,2024,8,JJAS,2,2024-08-29,2024-09-05,FuXi-S2S,20,0.3901706510969782,7.88798667213535,4.680937372646847,0.519885723597899
system_specific_jjas,paired_20240821,2024-08-21,2024-08-19,2024,8,JJAS,3,2024-09-05,2024-09-12,FuXi-S2S,20,0.5258681962798178,6.385555872436655,4.542840469940629,0.7130378148347548
system_specific_jjas,paired_20240821,2024-08-21,2024-08-19,2024,8,JJAS,4,2024-09-12,2024-09-19,FuXi-S2S,20,0.31753830701089114,7.710191507207525,5.972079352277642,2.620219127484345
system_specific_jjas,paired_20240828,2024-08-28,2024-08-26,2024,8,JJAS,1,2024-08-29,2024-09-05,ERPAS,20,0.5854782975660033,6.384849169960296,4.647276119390841,-0.11751694725223177
system_specific_jjas,paired_20240828,2024-08-28,2024-08-26,2024,8,JJAS,2,2024-09-05,2024-09-12,ERPAS,20,0.4065964836451958,6.436069038329692,4.601658452608881,0.6229137235088399
system_specific_jjas,paired_20240828,2024-08-28,2024-08-26,2024,8,JJAS,3,2024-09-12,2024-09-19,ERPAS,20,0.44151033647257604,7.037368317995575,5.7215517140171945,2.809428471998483
system_specific_jjas,paired_20240828,2024-08-28,2024-08-26,2024,8,JJAS,4,2024-09-19,2024-09-26,ERPAS,20,0.32589191913997934,4.00434948677073,3.1709622152880086,2.314891284010763
system_specific_jjas,paired_20240828,2024-08-28,2024-08-26,2024,8,JJAS,1,2024-08-29,2024-09-05,FuXi-S2S,20,0.21942996959986408,7.358941417930354,4.5374691359495225,-0.836623148845984
system_specific_jjas,paired_20240828,2024-08-28,2024-08-26,2024,8,JJAS,2,2024-09-05,2024-09-12,FuXi-S2S,20,0.4728036770828906,6.069375773571995,4.452647175614164,0.12580204523228514
system_specific_jjas,paired_20240828,2024-08-28,2024-08-26,2024,8,JJAS,3,2024-09-12,2024-09-19,FuXi-S2S,20,0.46227030458156376,6.793678361426946,4.699769634721693,1.0488431010605017
system_specific_jjas,paired_20240828,2024-08-28,2024-08-26,2024,8,JJAS,4,2024-09-19,2024-09-26,FuXi-S2S,20,0.11904356896711464,3.746102451946724,2.741378674113926,1.0218268991802968
system_specific_jjas,paired_20240904,2024-09-04,2024-09-02,2024,9,JJAS,1,2024-09-05,2024-09-12,ERPAS,19,0.5549370377712352,6.253751839395951,4.420968894645255,-0.6411996579239584
system_specific_jjas,paired_20240904,2024-09-04,2024-09-02,2024,9,JJAS,2,2024-09-12,2024-09-19,ERPAS,19,0.44530263659611563,6.641343939906465,4.901211129313391,1.838193383667934
system_specific_jjas,paired_20240904,2024-09-04,2024-09-02,2024,9,JJAS,3,2024-09-19,2024-09-26,ERPAS,19,-0.32927315780666433,4.191878293226032,3.2211201914823264,1.3654466173817712
system_specific_jjas,paired_20240904,2024-09-04,2024-09-02,2024,9,JJAS,4,2024-09-26,2024-10-03,ERPAS,19,0.15459817524244332,5.425072741009648,3.5443448293952353,0.45834058580724696
system_specific_jjas,paired_20240904,2024-09-04,2024-09-02,2024,9,JJAS,1,2024-09-05,2024-09-12,FuXi-S2S,19,0.4978419451365245,5.986402380106695,4.249193492475629,-0.37191360226544207
system_specific_jjas,paired_20240904,2024-09-04,2024-09-02,2024,9,JJAS,2,2024-09-12,2024-09-19,FuXi-S2S,19,0.609348323489967,5.904638055040386,3.7109731857377635,0.6337234462551922
system_specific_jjas,paired_20240904,2024-09-04,2024-09-02,2024,9,JJAS,3,2024-09-19,2024-09-26,FuXi-S2S,19,0.13404880237503752,3.4227308073735956,2.351558406682999,-0.5100681397865624
system_specific_jjas,paired_20240904,2024-09-04,2024-09-02,2024,9,JJAS,4,2024-09-26,2024-10-03,FuXi-S2S,19,0.3574171114694036,4.840954520681346,2.6982111150960852,-0.9033013031035056
system_specific_jjas,paired_20240911,2024-09-11,2024-09-09,2024,9,JJAS,1,2024-09-12,2024-09-19,ERPAS,20,0.6118453577942542,5.478771774892505,3.431407803842319,0.8470307484614472
system_specific_jjas,paired_20240911,2024-09-11,2024-09-09,2024,9,JJAS,2,2024-09-19,2024-09-26,ERPAS,20,0.08365163573741999,3.6657670712795705,2.608081536136887,0.12488098618519271
system_specific_jjas,paired_20240911,2024-09-11,2024-09-09,2024,9,JJAS,3,2024-09-26,2024-10-03,ERPAS,20,-0.23045114045461484,6.1966382987085895,4.594978826806724,2.366710513410109
system_specific_jjas,paired_20240911,2024-09-11,2024-09-09,2024,9,JJAS,4,2024-10-03,2024-10-10,ERPAS,20,0.39151841983467806,4.049775623580338,3.0467726489934783,1.702388399124207
system_specific_jjas,paired_20240911,2024-09-11,2024-09-09,2024,9,JJAS,1,2024-09-12,2024-09-19,FuXi-S2S,20,0.4259133941930716,7.179868055809949,4.2915654759008905,0.7517934598084373
system_specific_jjas,paired_20240911,2024-09-11,2024-09-09,2024,9,JJAS,2,2024-09-19,2024-09-26,FuXi-S2S,20,0.3887410692963853,3.4166000507573293,2.535609198142997,0.6328938591407044
system_specific_jjas,paired_20240911,2024-09-11,2024-09-09,2024,9,JJAS,3,2024-09-26,2024-10-03,FuXi-S2S,20,0.20736325385837256,5.009344217848676,3.2330512249946444,0.4990209767112392
system_specific_jjas,paired_20240911,2024-09-11,2024-09-09,2024,9,JJAS,4,2024-10-03,2024-10-10,FuXi-S2S,20,0.036011808517671114,3.8329113410063953,2.7433161817024825,1.485623441846236
system_specific_jjas,paired_20240918,2024-09-18,2024-09-16,2024,9,JJAS,1,2024-09-19,2024-09-26,ERPAS,20,0.536457445976055,3.0955168512149416,2.1354449908439364,-0.9758727350332081
system_specific_jjas,paired_20240918,2024-09-18,2024-09-16,2024,9,JJAS,2,2024-09-26,2024-10-03,ERPAS,20,0.058505733297887955,6.5855749469656155,5.1395372751365915,3.3386378026631616
system_specific_jjas,paired_20240918,2024-09-18,2024-09-16,2024,9,JJAS,3,2024-10-03,2024-10-10,ERPAS,20,0.2567742402872153,5.738236990107038,5.042827329434245,4.075074105008467
system_specific_jjas,paired_20240918,2024-09-18,2024-09-16,2024,9,JJAS,4,2024-10-10,2024-10-17,ERPAS,20,0.48081284689484177,3.9379339202512305,2.555460831529615,0.16965366455897135
system_specific_jjas,paired_20240918,2024-09-18,2024-09-16,2024,9,JJAS,1,2024-09-19,2024-09-26,FuXi-S2S,20,0.49521731249613393,3.0823793919814095,2.071984109106515,-1.1812385942183705
system_specific_jjas,paired_20240918,2024-09-18,2024-09-16,2024,9,JJAS,2,2024-09-26,2024-10-03,FuXi-S2S,20,0.42872480667424884,5.615297630404418,4.344621551117743,2.7793615107336396
system_specific_jjas,paired_20240918,2024-09-18,2024-09-16,2024,9,JJAS,3,2024-10-03,2024-10-10,FuXi-S2S,20,0.38075433300966943,3.234262533355165,2.102642954474161,0.9476834159282623
system_specific_jjas,paired_20240918,2024-09-18,2024-09-16,2024,9,JJAS,4,2024-10-10,2024-10-17,FuXi-S2S,20,0.3073032300897721,3.89045743760823,2.4410093013553897,-0.027934504490702405
system_specific_jjas,paired_20240925,2024-09-25,2024-09-23,2024,9,JJAS,1,2024-09-26,2024-10-03,ERPAS,20,0.7701025652256305,4.092990842178413,3.023703870527768,2.16427633789664
system_specific_jjas,paired_20240925,2024-09-25,2024-09-23,2024,9,JJAS,2,2024-10-03,2024-10-10,ERPAS,20,0.3585094186242806,4.993865277958818,3.902398206996709,2.9661959372326505
system_specific_jjas,paired_20240925,2024-09-25,2024-09-23,2024,9,JJAS,3,2024-10-10,2024-10-17,ERPAS,20,0.4877018959270358,3.9558427855379477,2.332813239229302,-0.5127211163228722
system_specific_jjas,paired_20240925,2024-09-25,2024-09-23,2024,9,JJAS,4,2024-10-17,2024-10-24,ERPAS,20,0.41249730725806016,2.072588074741927,1.3214707469990372,0.02078917643779055
system_specific_jjas,paired_20240925,2024-09-25,2024-09-23,2024,9,JJAS,1,2024-09-26,2024-10-03,FuXi-S2S,20,0.7168913482460706,4.564113292593075,2.8505490127217663,1.8032704630088379
system_specific_jjas,paired_20240925,2024-09-25,2024-09-23,2024,9,JJAS,2,2024-10-03,2024-10-10,FuXi-S2S,20,0.6008886602581877,3.235545112230527,1.840726632057509,0.678146556107436
system_specific_jjas,paired_20240925,2024-09-25,2024-09-23,2024,9,JJAS,3,2024-10-10,2024-10-17,FuXi-S2S,20,0.23092008265319186,4.317729286304326,2.481580330092361,-0.5078150003075156
system_specific_jjas,paired_20240925,2024-09-25,2024-09-23,2024,9,JJAS,4,2024-10-17,2024-10-24,FuXi-S2S,20,-0.15201704922314324,3.883052235359914,2.38533065153987,1.0211076101409113
