method,season,year,region,model,week,n_cases,region_target_cells,acc_mean,acc_fisher_z_mean,acc_median,acc_q25,acc_q75,rmse_mean_mm_day,mae_mean_mm_day,bias_mean_mm_day
common_imd_1991_2020,ALL,2023,central_india,ERPAS,1,52,64,0.5892729135008185,0.856592960015258,0.676831249744787,0.4241581095408741,0.8949332116598981,2.3339380478794696,1.638883887207983,0.17178227695252477
common_imd_1991_2020,ALL,2023,central_india,ERPAS,2,52,64,0.3434515479840201,0.5782518043669497,0.4584706947139649,-0.06885878876040476,0.764448470374538,2.9563228926983767,2.2421373845601407,0.4362550899201351
common_imd_1991_2020,ALL,2023,central_india,ERPAS,3,52,64,0.30600286764322165,0.4875800474824086,0.34301122077082297,0.09973014403546325,0.6037996236384324,3.0699813825578484,2.351443550471605,0.36419194998101917
common_imd_1991_2020,ALL,2023,central_india,ERPAS,4,52,64,0.27601717417421356,0.39997837272446457,0.3813141004213244,-0.030399247706188664,0.5731858836182042,3.136498713223854,2.387782883793659,0.18173654661355318
common_imd_1991_2020,ALL,2023,central_india,FuXi-S2S,1,52,64,0.6656602901441163,0.8714747567236488,0.7638159686260071,0.44503671800590133,0.93965367861729,2.193390625113631,1.4904365570755085,-0.18664366462029888
common_imd_1991_2020,ALL,2023,central_india,FuXi-S2S,2,52,64,0.5172577049183582,0.7806392880794634,0.5754683814490256,0.2201865235748923,0.923172878687059,2.611524656218077,1.8321749368870637,-0.3266777502753708
common_imd_1991_2020,ALL,2023,central_india,FuXi-S2S,3,52,64,0.3965633360419619,0.5819689795309854,0.3993911681363933,0.11721330526120802,0.7931162253368147,2.864835132938711,2.097925548584157,-0.1361228839085743
common_imd_1991_2020,ALL,2023,central_india,FuXi-S2S,4,52,64,0.34217888027606297,0.4705815675063013,0.3701864436049066,0.059785442278398965,0.6668217626978499,3.00848933991788,2.234590542826208,0.09845224527667405
common_imd_1991_2020,ALL,2023,east_northeast_india,ERPAS,1,52,36,0.4108726505000274,0.5414910731998949,0.36570391734753216,0.24038291196391154,0.6688298821375669,3.4866967725889717,2.411839119883138,0.280770754640627
common_imd_1991_2020,ALL,2023,east_northeast_india,ERPAS,2,52,36,0.23824247057945547,0.3015352752852817,0.21193062057865705,-0.03958250268252528,0.5037604081232059,4.4608632846064555,3.3582637357302447,1.2038112400687044
common_imd_1991_2020,ALL,2023,east_northeast_india,ERPAS,3,52,36,0.1033516335892125,0.13897701310124339,0.11882308749547857,-0.19388816261493627,0.3215865815523433,4.741166848479283,3.59210609093255,1.5747797533709083
common_imd_1991_2020,ALL,2023,east_northeast_india,ERPAS,4,52,36,0.1378604811176434,0.17558372912758577,0.09588158900105692,-0.16333824852230097,0.4265100191782245,4.891497469170431,3.7228800693651625,1.4728477639801887
common_imd_1991_2020,ALL,2023,east_northeast_india,FuXi-S2S,1,52,36,0.3825531546771702,0.45592272618065643,0.41863120474833304,0.15200186445984154,0.6141278846673612,3.57144488582514,2.3641364953065853,0.443175120792275
common_imd_1991_2020,ALL,2023,east_northeast_india,FuXi-S2S,2,52,36,0.20330892459908345,0.23599514190284757,0.2651594343454946,-0.06819483171420397,0.4251856792338082,4.340424611611578,3.0507039676213994,0.8624907436370157
common_imd_1991_2020,ALL,2023,east_northeast_india,FuXi-S2S,3,52,36,0.10043761688505591,0.11174935763740076,0.09614522392004118,-0.13645742065789035,0.3468845781785517,4.171875786942298,2.9253245656837517,0.8468503678063896
common_imd_1991_2020,ALL,2023,east_northeast_india,FuXi-S2S,4,52,36,0.030729786469985677,0.034371216535110424,0.017103636954734214,-0.21794471647532537,0.2655905130182603,4.585288177878334,3.297457466930454,1.5135259046519753
common_imd_1991_2020,ALL,2023,northwest_india,ERPAS,1,52,68,0.44938776512010736,0.5636149174129933,0.4625644564901926,0.2018526329504253,0.7348179414554259,2.2102049557499344,1.4435565428898103,0.19888606102372036
common_imd_1991_2020,ALL,2023,northwest_india,ERPAS,2,52,68,0.240085905931027,0.3172728901825147,0.26005094884461033,-0.004030948460077622,0.5924299343809841,2.5740562735848895,1.770784094638606,0.2171706827034175
common_imd_1991_2020,ALL,2023,northwest_india,ERPAS,3,52,68,0.10052090988739305,0.1665751568675615,0.06124205950042196,-0.23432502500863442,0.42447526309263856,2.740302161026186,1.990497556629752,0.596048289096766
common_imd_1991_2020,ALL,2023,northwest_india,ERPAS,4,52,68,0.07973516632607673,0.10618344789703182,0.07679731515810675,-0.20103143303699295,0.3697856685200747,2.7092639783310335,1.957932177143292,0.565501647251259
common_imd_1991_2020,ALL,2023,northwest_india,FuXi-S2S,1,52,68,0.6093480965238627,0.7483266845777,0.6540295358524761,0.42593123418180345,0.8500806583727561,1.79680703010364,1.1565877477970974,-0.3721364832415925
common_imd_1991_2020,ALL,2023,northwest_india,FuXi-S2S,2,52,68,0.30263163286838785,0.37560249908084004,0.27201853263720416,0.05475352656472291,0.6347837965874925,2.3634690498920454,1.5355762679649034,-0.4207778280591806
common_imd_1991_2020,ALL,2023,northwest_india,FuXi-S2S,3,52,68,0.1401059129954461,0.1924260980405008,0.19303634019797983,-0.12153648427852683,0.41913646445282154,2.491483980158809,1.6698539103973848,-0.20976605441332524
common_imd_1991_2020,ALL,2023,northwest_india,FuXi-S2S,4,52,68,0.10241579746995948,0.1477541671399942,0.04771031134972112,-0.21067875161638255,0.4005191663769505,2.5010310389647077,1.7190967898617182,0.014225101025411534
common_imd_1991_2020,ALL,2023,south_peninsula,ERPAS,1,52,38,0.5560944910122767,0.712553704911603,0.5820910079454105,0.38931170512423563,0.8510778084807302,2.414098500894856,1.6349364378056561,0.09124786551830023
common_imd_1991_2020,ALL,2023,south_peninsula,ERPAS,2,52,38,0.35376843963472493,0.49883879655756364,0.45726009830497805,-0.004999320739541139,0.7003700094883147,3.3100284069054484,2.434719270913933,0.7393969717574369
common_imd_1991_2020,ALL,2023,south_peninsula,ERPAS,3,52,38,0.2384398693426953,0.347958983519535,0.2757559722828627,-0.02666024193806497,0.5570125041093156,3.503372373808653,2.6180706095893056,0.8194330148118585
common_imd_1991_2020,ALL,2023,south_peninsula,ERPAS,4,52,38,0.16983330363798646,0.22555813978179828,0.20499764553674668,-0.10918796463739623,0.4964111189808147,3.6043323561419456,2.6895828921543026,0.6732105762170982
common_imd_1991_2020,ALL,2023,south_peninsula,FuXi-S2S,1,52,38,0.521164139317354,0.6598609729324206,0.551374071265498,0.36004469086967633,0.7915047167228597,2.70623638299441,1.6865299226376602,-0.4205436456352579
common_imd_1991_2020,ALL,2023,south_peninsula,FuXi-S2S,2,52,38,0.34437839392826575,0.5095909956905365,0.40476184545423777,-0.0071392257491306715,0.6497955396039045,3.2671592489439996,2.138626055138353,-0.5749294512358737
common_imd_1991_2020,ALL,2023,south_peninsula,FuXi-S2S,3,52,38,0.23900305936564895,0.33242889178897195,0.2208105801308292,-0.03939716898186826,0.577266196963295,3.332113763723211,2.1742450672874174,-0.47489534607601036
common_imd_1991_2020,ALL,2023,south_peninsula,FuXi-S2S,4,52,38,0.24909930725984614,0.33440043751655024,0.26050465071757734,-0.024899376114699237,0.6026774358111933,3.437025725413546,2.367374568662087,-0.23667971969091467
common_imd_1991_2020,ALL,2024,central_india,ERPAS,1,49,64,0.48270630953532956,0.5833761111085224,0.5650771527751082,0.2740009920257754,0.7453702488205973,2.4747831041218658,1.676766017517001,-0.02502175853827793
common_imd_1991_2020,ALL,2024,central_india,ERPAS,2,49,64,0.2864723204459863,0.37919687230098065,0.30634852957656217,-0.022713903424931917,0.6305359412964304,2.9531229471756304,2.084348241785368,0.07255761223179821
common_imd_1991_2020,ALL,2024,central_india,ERPAS,3,49,64,0.21509437782643548,0.28600939272391684,0.3383806688328916,-0.13518820945948598,0.4758194093392915,2.871208097265123,2.125983797048309,0.15245742843968946
common_imd_1991_2020,ALL,2024,central_india,ERPAS,4,49,64,0.21046079996166106,0.29039456711697287,0.26289386499306483,-0.15135433087279332,0.4894503116242131,2.9979010655546077,2.2051008990026633,-0.18400288183964816
common_imd_1991_2020,ALL,2024,central_india,FuXi-S2S,1,49,64,0.48934846546409405,0.5769945306213997,0.5256754757495239,0.34743951481317514,0.7183759098387518,2.5645701339686315,1.6501990709482053,-0.10303092822709818
common_imd_1991_2020,ALL,2024,central_india,FuXi-S2S,2,49,64,0.23071322862157023,0.30344556354968155,0.21389395872407685,-0.03653249973036507,0.4790260203031967,2.9413401873082425,1.9922734221133498,-0.08631715594110212
common_imd_1991_2020,ALL,2024,central_india,FuXi-S2S,3,49,64,0.17514430805153033,0.2572048913860602,0.17194637593694936,-0.19218843627623866,0.4755476085232928,2.7658188620758057,1.9464344285337563,-0.2975471464076722
common_imd_1991_2020,ALL,2024,central_india,FuXi-S2S,4,49,64,0.23662502405969088,0.29747037010709,0.2622284491827339,-0.030434298514569993,0.4988836312769588,2.749903687838948,1.912480330284947,-0.35115394172046166
common_imd_1991_2020,ALL,2024,east_northeast_india,ERPAS,1,49,36,0.36525508568367077,0.4283220490825584,0.4017214234584146,0.1465281143848425,0.6350965328639951,3.7074234050117014,2.6432704945579015,0.49943116211870897
common_imd_1991_2020,ALL,2024,east_northeast_india,ERPAS,2,49,36,0.1929169304359287,0.22971908775840152,0.19789291966318137,-0.02939676059918967,0.5139116278257613,4.39333366192566,3.209238709152538,0.8816696218490853
common_imd_1991_2020,ALL,2024,east_northeast_india,ERPAS,3,49,36,0.08197871184561324,0.09646908380213864,0.108050466917903,-0.20220518072149543,0.3464525678924703,5.035820303418608,3.7156243988869484,1.712421862101763
common_imd_1991_2020,ALL,2024,east_northeast_india,ERPAS,4,49,36,0.04948683673821487,0.06368207009682078,0.0864767735891829,-0.2366925965091533,0.33968153266860623,5.18119307163485,3.8995360929965917,1.488422601987516
common_imd_1991_2020,ALL,2024,east_northeast_india,FuXi-S2S,1,49,36,0.3509483993543503,0.38906530489210567,0.39696790642038754,0.14764735649159713,0.6310193484458013,3.8008755773710488,2.6450192576267715,0.8022264367920675
common_imd_1991_2020,ALL,2024,east_northeast_india,FuXi-S2S,2,49,36,0.17541468665348495,0.20261126673337213,0.1744507635846353,-0.06627311587560386,0.46143328956690477,4.960190964360751,3.471336119417968,1.556756722019917
common_imd_1991_2020,ALL,2024,east_northeast_india,FuXi-S2S,3,49,36,0.06095496546754959,0.06362605730379295,0.08666637725821834,-0.15949873054947847,0.29228232670381477,4.8435431779581934,3.4064661059572465,1.5957598454283644
common_imd_1991_2020,ALL,2024,east_northeast_india,FuXi-S2S,4,49,36,0.028583718310685312,0.028860388982812547,0.06998088619001101,-0.18532974681554049,0.28449847025976993,5.1241607082365395,3.72956129807302,1.6454285967166755
common_imd_1991_2020,ALL,2024,northwest_india,ERPAS,1,49,68,0.40628907276387904,0.5793054594563013,0.43853050271306476,0.10649000508185355,0.688136121217159,2.1852351486419077,1.4732405310636232,0.3708980596838973
common_imd_1991_2020,ALL,2024,northwest_india,ERPAS,2,49,68,0.2155772692829255,0.32348797966821774,0.2941324993580265,-0.08509074459281209,0.611434069250743,2.417726211689441,1.6178292652281525,0.4948759249675455
common_imd_1991_2020,ALL,2024,northwest_india,ERPAS,3,49,68,0.09396244215228611,0.1353871373211575,0.06315321757265341,-0.29388621772001083,0.45533645479270285,2.5811701993663645,1.8288829585319915,0.7702285233296241
common_imd_1991_2020,ALL,2024,northwest_india,ERPAS,4,49,68,0.015714250943291985,0.04192340916611722,0.0011156300483447141,-0.3514600365967716,0.34567233532498826,2.7021664509943277,1.8686018245092688,0.5105790948573764
common_imd_1991_2020,ALL,2024,northwest_india,FuXi-S2S,1,49,68,0.45149557019680825,0.6339204191608542,0.4614872754259462,0.1223975261277567,0.735109329019556,1.926262804865815,1.2187563002940631,0.00024758046680631253
common_imd_1991_2020,ALL,2024,northwest_india,FuXi-S2S,2,49,68,0.35020884187624735,0.44039620647317484,0.48175159942129614,0.06784844501334979,0.6777450000917302,2.0881109174596544,1.3682343499631817,0.035099566253571794
common_imd_1991_2020,ALL,2024,northwest_india,FuXi-S2S,3,49,68,0.21053536403971929,0.2735382057470865,0.3159357030240512,-0.13518604931727007,0.49049627277903723,2.130065214380625,1.3938905382973814,0.08305471781758307
common_imd_1991_2020,ALL,2024,northwest_india,FuXi-S2S,4,49,68,0.19628965577475066,0.24198761227297003,0.25110205298385824,-0.00043955787650631776,0.4653437732997123,2.1986935736902944,1.4310499380311437,0.08376434078945653
common_imd_1991_2020,ALL,2024,south_peninsula,ERPAS,1,49,38,0.5189242254804672,0.5975069398287237,0.5619082512274194,0.3434941362192541,0.7912816656442411,2.678903526243159,1.7645265727979031,-0.0722901467581242
common_imd_1991_2020,ALL,2024,south_peninsula,ERPAS,2,49,38,0.2752875314921523,0.3345425952106194,0.3253210235682926,-0.09987017217474126,0.6829586402755751,3.2400191782515146,2.2448182952343627,-0.022116137194590043
common_imd_1991_2020,ALL,2024,south_peninsula,ERPAS,3,49,38,0.12999991654034096,0.1689258949365442,0.1588949321831205,-0.22387561260485903,0.5381198823693829,3.659839760642651,2.55613841649037,0.07376083683770382
common_imd_1991_2020,ALL,2024,south_peninsula,ERPAS,4,49,38,0.20677180481345556,0.23973907818628823,0.2487203352700463,-0.023821695611218094,0.4541303288975285,3.296498566284497,2.3657072502508023,0.1642066635152646
common_imd_1991_2020,ALL,2024,south_peninsula,FuXi-S2S,1,49,38,0.5319702646380178,0.646952437885616,0.631107314235878,0.293096699830357,0.8001289509141853,2.8855999924709015,1.9208307340070345,-0.42345579744718626
common_imd_1991_2020,ALL,2024,south_peninsula,FuXi-S2S,2,49,38,0.33840989805267574,0.4571711295198652,0.4357586053878035,0.1355261718629896,0.686805854668522,3.6350173804783985,2.5172998869365313,-0.04909203823433212
common_imd_1991_2020,ALL,2024,south_peninsula,FuXi-S2S,3,49,38,0.31977126893160746,0.41366454545219167,0.424951005201577,-0.05126540255396528,0.7156860836529865,3.426451543257704,2.3880719424192214,-0.35643279370803044
common_imd_1991_2020,ALL,2024,south_peninsula,FuXi-S2S,4,49,38,0.31509066869385893,0.3929133520965155,0.38693941557741723,0.047401134085905426,0.618903923103965,3.186032799371028,2.2218510249550683,-0.022952144996445368
common_imd_1991_2020,ALL,ALL,central_india,ERPAS,1,101,64,0.5375722838541951,0.7543991848268117,0.6106724300604375,0.3478130019652828,0.7997261477145989,2.4022688177396416,1.6572623464668133,0.07630309141738285
common_imd_1991_2020,ALL,ALL,central_india,ERPAS,2,101,64,0.3158081603665582,0.48793673362658285,0.347156569209615,-0.0659917405021269,0.6953953694747425,2.9547704438804105,2.1655862162832706,0.25980779876440724
common_imd_1991_2020,ALL,ALL,central_india,ERPAS,3,101,64,0.2618987488212165,0.39447798989608474,0.3383806688328916,-0.06603085265503573,0.5747854723956975,2.973546818405932,2.2420620859395104,0.26146926131245324
common_imd_1991_2020,ALL,ALL,central_india,ERPAS,4,101,64,0.24421259658594552,0.34799531251142485,0.300072748493133,-0.09623399592055608,0.5248673118266688,3.06925827029521,2.299154990182186,0.004298606076851538
common_imd_1991_2020,ALL,ALL,central_india,FuXi-S2S,1,101,64,0.5801228702498481,0.7652151916553105,0.6044091073929163,0.3659268917556336,0.8316138858054736,2.373467812577938,1.5679451034097869,-0.14607906973646884
common_imd_1991_2020,ALL,ALL,central_india,FuXi-S2S,2,101,64,0.3782410778040749,0.5986587821750573,0.40810461542260335,0.0815347311922407,0.7337533676930141,2.771534171301425,1.909846479224569,-0.21006716490528002
common_imd_1991_2020,ALL,ALL,central_india,FuXi-S2S,3,101,64,0.2891422234525447,0.43840051352166653,0.29630462312675043,0.047522031455696626,0.6008813987558088,2.8167975361834396,2.0244298566785166,-0.214437625121008
common_imd_1991_2020,ALL,ALL,central_india,FuXi-S2S,4,101,64,0.29096958369584286,0.39000878554719737,0.3259766351503332,0.017827086170291266,0.569956068143766,2.883036894849883,2.0783192515933187,-0.11967352861302545
common_imd_1991_2020,ALL,ALL,east_northeast_india,ERPAS,1,101,36,0.3887413566782306,0.4886274313219167,0.37817757548583353,0.17282290610083983,0.6490196192359103,3.593781970497029,2.5241177075966372,0.3868535265854391
common_imd_1991_2020,ALL,ALL,east_northeast_india,ERPAS,2,101,36,0.216252852093982,0.2670628994647854,0.20615639577447825,-0.03646720945039374,0.5139116278257613,4.428101388454386,3.285964465410367,1.0475247124176021
common_imd_1991_2020,ALL,ALL,east_northeast_india,ERPAS,3,101,36,0.09298259234726833,0.11840835191203716,0.1128400156661857,-0.20054080189085818,0.3464525678924703,4.884117534538956,3.6520308145935947,1.6415566180027092
common_imd_1991_2020,ALL,ALL,east_northeast_india,ERPAS,4,101,36,0.09498613879495035,0.12167735454277658,0.0936839788215201,-0.1789909589997666,0.396641849178133,5.03204286046505,3.808584476869519,1.4804038735084963
common_imd_1991_2020,ALL,ALL,east_northeast_india,FuXi-S2S,1,101,36,0.36722015457005963,0.4240623622789703,0.40595096013238474,0.14764735649159713,0.6310193484458013,3.6827528450899867,2.5004063502936065,0.6173683335050456
common_imd_1991_2020,ALL,ALL,east_northeast_india,FuXi-S2S,2,101,36,0.1897760764868624,0.21986320053580172,0.2270510565995608,-0.06717992359567304,0.46143328956690477,4.641103337202761,3.2547730313642886,1.1993128519613938
common_imd_1991_2020,ALL,ALL,east_northeast_india,FuXi-S2S,3,101,36,0.08128266718745386,0.08845369296213407,0.08943431621238436,-0.15315011604950046,0.328036557317773,4.497734224167831,3.1587496693807937,1.210182688632892
common_imd_1991_2020,ALL,ALL,east_northeast_india,FuXi-S2S,4,101,36,0.029688624689731043,0.03169788700607708,0.029551555621355276,-0.21514787737608465,0.27548700271120297,4.846721385675878,3.5070919988709064,1.5775182998120776
common_imd_1991_2020,ALL,ALL,northwest_india,ERPAS,1,101,68,0.4284784985314421,0.5712793498444242,0.4570828677480674,0.15080537233823932,0.7266807291781321,2.1980908909153465,1.4579576856672045,0.28233742671034084
common_imd_1991_2020,ALL,ALL,northwest_india,ERPAS,2,101,68,0.2281955772601659,0.3202915761108667,0.26463048644332937,-0.056090534650976014,0.6013444257328286,2.4982129762296723,1.6965782863107621,0.3518989685543311
common_imd_1991_2020,ALL,ALL,northwest_india,ERPAS,3,101,68,0.09733907900600454,0.15148191951504747,0.06315321757265341,-0.2741250525532574,0.45533645479270285,2.6630995261615205,1.912090474384304,0.680551571051321
common_imd_1991_2020,ALL,ALL,northwest_india,ERPAS,4,101,68,0.0486755143086861,0.07508499413391727,0.03152896952692599,-0.2615392196796731,0.3466535254205091,2.705820623484512,1.9145936892317363,0.538856052525514
common_imd_1991_2020,ALL,ALL,northwest_india,FuXi-S2S,1,101,68,0.5327661778107373,0.697198029269397,0.564078526318286,0.33902472081812374,0.8273935371435981,1.8596123069684574,1.186748728711467,-0.19147490777910195
common_imd_1991_2020,ALL,ALL,northwest_india,FuXi-S2S,2,101,68,0.3257136451593296,0.40755088755997476,0.4080044788186313,0.06029204705417225,0.6630669598458537,2.2298794608901926,1.4543905849739693,-0.19960958725398395
common_imd_1991_2020,ALL,ALL,northwest_india,FuXi-S2S,3,101,68,0.1742746565713806,0.2321824887772375,0.21133358950984638,-0.13518604931727007,0.4843333301938702,2.3161422027020664,1.5359706902696608,-0.06770449164783512
common_imd_1991_2020,ALL,ALL,northwest_india,FuXi-S2S,4,101,68,0.1479585604099077,0.19392076169326933,0.16029955078628305,-0.1466927087570176,0.4494990106152236,2.354352466702864,1.579351287488469,0.04796195992083929
common_imd_1991_2020,ALL,ALL,south_peninsula,ERPAS,1,101,38,0.5380613918928839,0.6605692248444075,0.5712512706517969,0.3452187849616236,0.8009002382061948,2.542568265667795,1.6978068993365483,0.011907641740628996
common_imd_1991_2020,ALL,ALL,south_peninsula,ERPAS,2,101,38,0.31569354360515994,0.42256832668114563,0.43490793991946186,-0.040877240583264064,0.6962263308823254,3.2760635335980943,2.3425890945941417,0.3699500179094238
common_imd_1991_2020,ALL,ALL,south_peninsula,ERPAS,3,101,38,0.1858303872900679,0.2633456949374874,0.23947796677940658,-0.20818851378477882,0.5399573032102045,3.57928229415386,2.588024298085862,0.45767126510162504
common_imd_1991_2020,ALL,ALL,south_peninsula,ERPAS,4,101,38,0.1877539626241051,0.23245035311729612,0.23519656097062988,-0.04027325370921323,0.48210046276281304,3.454987250171501,2.5324551054882476,0.4262680839162088
common_imd_1991_2020,ALL,ALL,south_peninsula,FuXi-S2S,1,101,38,0.5264067149679731,0.6536458764188768,0.6008921817677381,0.35623651249530197,0.7928009248373986,2.793254371750331,1.8002006133020096,-0.42195647176183715
common_imd_1991_2020,ALL,ALL,south_peninsula,FuXi-S2S,2,101,38,0.3414827870183259,0.48459310030184977,0.42873695977710635,0.0027958567643486362,0.6554470409200363,3.4456250751339543,2.32233910224836,-0.3198202112648288
common_imd_1991_2020,ALL,ALL,south_peninsula,FuXi-S2S,3,101,38,0.2781876362837873,0.37255564117772827,0.32825230334736805,-0.04286075089509011,0.6116693896163479,3.3778815973587566,2.277982858192946,-0.4174234147291686
common_imd_1991_2020,ALL,ALL,south_peninsula,FuXi-S2S,4,101,38,0.281114918252585,0.36314649009775607,0.3195240669032702,0.02389302916029023,0.6090520697760909,3.3152568801057902,2.2967740375567014,-0.13299010424508306
common_imd_1991_2020,JF,2023,central_india,ERPAS,1,8,64,0.925831259537047,0.9981757900752898,0.9756668861973221,0.8943046190718547,0.999668855179027,0.11083411800519927,0.06334968060539534,0.044377461990982636
common_imd_1991_2020,JF,2023,central_india,ERPAS,2,8,64,0.7344523206006544,0.9801140630361003,0.8763829922962083,0.7564755595533188,0.9988435834792226,0.445906261234921,0.34897477852951486,0.2651252328275652
common_imd_1991_2020,JF,2023,central_india,ERPAS,3,8,64,0.6428499498149061,0.944637836542342,0.6705185441861552,0.3853403130746645,0.9919190148695775,0.2978195361980136,0.20989312521055414,0.12299873432522335
common_imd_1991_2020,JF,2023,central_india,ERPAS,4,8,64,0.5977643601090483,0.8603606712807906,0.6575721915613679,0.5430234022017898,0.7975661522736239,0.6096236621702013,0.4357360802800967,-0.18590871773210474
common_imd_1991_2020,JF,2023,central_india,FuXi-S2S,1,8,64,0.9148775979893347,0.9938776127357645,0.9899970944027621,0.9012263192906693,0.9995790234675201,0.12298793859965301,0.05538981801891356,0.029654341553154155
common_imd_1991_2020,JF,2023,central_india,FuXi-S2S,2,8,64,0.8065112978896662,0.9892818779658193,0.9969183353334307,0.696894642993424,0.9991364753696713,0.20788342576267635,0.13069143859991927,0.02444341982568425
common_imd_1991_2020,JF,2023,central_india,FuXi-S2S,3,8,64,0.7919636587932961,0.9363086066331577,0.9244514745440296,0.7270511177665231,0.982059137488357,0.2182184524082125,0.13695202199951462,0.017723037513251404
common_imd_1991_2020,JF,2023,central_india,FuXi-S2S,4,8,64,0.810516562174206,0.8869840955499398,0.9112693154770717,0.7251002416052064,0.9506144076888855,0.5626802749742765,0.40673105370775187,-0.2783530353856952
common_imd_1991_2020,JF,2023,east_northeast_india,ERPAS,1,8,36,0.44950427173686797,0.6157967444210624,0.32466133585161683,0.16775741371505215,0.9094304261794331,0.8710445189967571,0.42480610721649514,-0.08687255605453253
common_imd_1991_2020,JF,2023,east_northeast_india,ERPAS,2,8,36,0.19062446765434124,0.307744191808396,0.007726973828580189,-0.058904530575430596,0.3102770877587312,1.385427829751823,0.8303049806683563,0.20639366871945122
common_imd_1991_2020,JF,2023,east_northeast_india,ERPAS,3,8,36,0.18865441132803973,0.2691477892251729,0.12779706451074588,-0.038149340429320985,0.5803304603802456,1.2254811213934138,0.6991139850681471,-0.10298781625621889
common_imd_1991_2020,JF,2023,east_northeast_india,ERPAS,4,8,36,0.0988614402690932,0.15031025176775045,-0.026433155026443143,-0.13555982961604957,0.4818551156859064,2.112652729190235,1.3888350175083737,-0.4640729287801183
common_imd_1991_2020,JF,2023,east_northeast_india,FuXi-S2S,1,8,36,0.4169167894655228,0.570436244327677,0.5665174632628824,0.16545800072330274,0.6649806613480668,1.5144535293560533,0.7827102196219536,0.6252799954084935
common_imd_1991_2020,JF,2023,east_northeast_india,FuXi-S2S,2,8,36,0.19260843944642259,0.2502055366158327,0.2911820776379868,-0.1430292398592138,0.5563097355513565,2.220648274614101,1.251457434568152,1.1496232703469387
common_imd_1991_2020,JF,2023,east_northeast_india,FuXi-S2S,3,8,36,0.05546792425617353,0.036151039212206554,0.28035666632339823,-0.6858099382760803,0.62526601347021,2.151715163989713,1.200308919118045,1.0769749411418204
common_imd_1991_2020,JF,2023,east_northeast_india,FuXi-S2S,4,8,36,0.10459138328236259,0.11453445975368604,0.1597810839264264,-0.20537733635674865,0.6094571928652143,2.328174692597921,1.4153677671603306,0.410847178216607
common_imd_1991_2020,JF,2023,northwest_india,ERPAS,1,8,68,0.5685208718618734,0.6512050152771989,0.7024347568349588,0.22948046459052832,0.7513241268814242,1.0578187760627702,0.5897513330447033,0.2655317232669015
common_imd_1991_2020,JF,2023,northwest_india,ERPAS,2,8,68,0.4582623641066389,0.5213967513716747,0.6214118353913037,0.4043791253211271,0.695173893167986,1.2922193008827985,0.7933733365274807,0.4877243248070442
common_imd_1991_2020,JF,2023,northwest_india,ERPAS,3,8,68,0.36124217959885413,0.48733117753713734,0.754997344329163,-0.11976562181361369,0.8047252225151412,1.3326939461717,0.8057292116744712,0.24092841065808165
common_imd_1991_2020,JF,2023,northwest_india,ERPAS,4,8,68,0.2930864677075848,0.4035947314107002,0.3870928679104086,-0.09996639309222864,0.6205385374831938,1.5656225200985974,1.0628178196196645,0.4596351821006593
common_imd_1991_2020,JF,2023,northwest_india,FuXi-S2S,1,8,68,0.5832828358269715,0.8007949464512626,0.5751743929065534,0.4212476555414556,0.892948218795692,0.905117717740377,0.491951262626503,-0.023521888998448398
common_imd_1991_2020,JF,2023,northwest_india,FuXi-S2S,2,8,68,0.21491527611805333,0.23970558104537204,0.2939220620760826,-0.1098998193467829,0.46081088309738866,1.5553352682910768,0.9016945724441123,0.3130287121438551
common_imd_1991_2020,JF,2023,northwest_india,FuXi-S2S,3,8,68,0.1709657714796354,0.23003926726128343,-0.02634339042001057,-0.0964286194107139,0.540712896180933,1.5647972334907678,0.8875038807027567,0.3008733309575105
common_imd_1991_2020,JF,2023,northwest_india,FuXi-S2S,4,8,68,0.32541604453789685,0.4839627790012426,0.2830811202825966,0.10360442869260823,0.595740184174901,1.580880372719781,1.0042955065972483,0.2144675181383606
common_imd_1991_2020,JF,2023,south_peninsula,ERPAS,1,8,38,0.7945323732572787,0.948618564761578,0.8635330315933843,0.7119879563170841,0.9488371936461615,0.3124901970151502,0.13984832951943282,0.09340641746376853
common_imd_1991_2020,JF,2023,south_peninsula,ERPAS,2,8,38,0.489681430983998,0.828211977102336,0.609904372135561,0.06512270573044625,0.7732787452152048,0.8900324478344512,0.6037797240343309,0.5743066692056037
common_imd_1991_2020,JF,2023,south_peninsula,ERPAS,3,8,38,0.474808541613337,0.7557002317511632,0.4548885603504342,0.30732421893038175,0.665398095071879,0.5192943888896394,0.32955033902060216,0.28368985373104627
common_imd_1991_2020,JF,2023,south_peninsula,ERPAS,4,8,38,0.2649536460460286,0.2987353846343318,0.2773199979313283,0.18837185795057015,0.3439104527501016,1.2651678286589578,0.8950980363861483,0.09523799665185967
common_imd_1991_2020,JF,2023,south_peninsula,FuXi-S2S,1,8,38,0.7813662416074524,0.922739255872357,0.8017804122269656,0.6800996317940757,0.9854033972137167,0.23009732992435827,0.08216203550199037,-0.022523520493247365
common_imd_1991_2020,JF,2023,south_peninsula,FuXi-S2S,2,8,38,0.5192571826608237,0.8613009216132251,0.4353920326169155,0.19004329607340853,0.9925357132484574,0.6236600663023165,0.3053941345426039,0.18832129029132283
common_imd_1991_2020,JF,2023,south_peninsula,FuXi-S2S,3,8,38,0.6784837063256162,0.8105724541284905,0.7142967812256008,0.5767997537537264,0.9492498166174194,0.4585560039262494,0.21666406588261666,0.11902129699990217
common_imd_1991_2020,JF,2023,south_peninsula,FuXi-S2S,4,8,38,0.5657717212969885,0.7044618814209546,0.6549241586531095,0.24137894473246813,0.8307855686733168,0.9814126151908202,0.6328381884458439,-0.357670957747898
common_imd_1991_2020,JF,2024,central_india,ERPAS,1,9,64,0.4566311190652556,0.568742839911681,0.5006795656101993,0.3478130019652828,0.7997261477145989,0.4306842343218111,0.26199262535136697,-0.05311284235220359
common_imd_1991_2020,JF,2024,central_india,ERPAS,2,9,64,0.4274940370809556,0.57439204934495,0.6305359412964304,0.179770920823332,0.6959956184215853,0.39265987669911834,0.24521282626606344,0.015387847929218212
common_imd_1991_2020,JF,2024,central_india,ERPAS,3,9,64,0.2790773152647714,0.3679903947173173,0.40208640401177204,-0.044015504675942056,0.6599107064347499,0.7335216071984684,0.4884936415090123,-0.12528476263981825
common_imd_1991_2020,JF,2024,central_india,ERPAS,4,9,64,0.06702762146908607,0.1026769735949315,0.004307344048727727,-0.18943452000830088,0.36170198041362683,0.7327763098813025,0.48288064485447435,-0.08675815007127599
common_imd_1991_2020,JF,2024,central_india,FuXi-S2S,1,9,64,0.5323774625448332,0.5914815380858217,0.4634682380493569,0.34743951481317514,0.7267224922517003,0.432486217090722,0.24083379403540991,-0.028328946435900323
common_imd_1991_2020,JF,2024,central_india,FuXi-S2S,2,9,64,0.22316917258513844,0.24506578748134883,0.0815347311922407,0.05934195870995103,0.40810461542260335,0.5691753301478425,0.3351646069623863,0.041423824684969225
common_imd_1991_2020,JF,2024,central_india,FuXi-S2S,3,9,64,0.024202728496010937,0.18073394813986454,-0.19218843627623866,-0.339091933653197,0.34273045538272917,0.8479753780615567,0.5386721688628439,-0.06908742363074175
common_imd_1991_2020,JF,2024,central_india,FuXi-S2S,4,9,64,0.2737568505834743,0.38153459171361115,0.3061575246581651,0.2548927404953585,0.4988836312769588,0.7147467338713538,0.4547778496257592,-0.03590676388615978
common_imd_1991_2020,JF,2024,east_northeast_india,ERPAS,1,9,36,0.40082938914773286,0.4552528230857084,0.4761259496950916,0.4153997450604994,0.6490196192359103,0.9530310035397918,0.556020044310913,-0.13788603242328085
common_imd_1991_2020,JF,2024,east_northeast_india,ERPAS,2,9,36,0.25927155345044706,0.28328679331926176,0.4726440011050233,0.08650336536816292,0.5243550868419071,1.1196941616301879,0.6698885410427049,-0.11625537339729851
common_imd_1991_2020,JF,2024,east_northeast_india,ERPAS,3,9,36,0.2078369557096942,0.23401761531023912,0.43837548323398345,-0.243135655796329,0.5175949570961906,1.457042851191638,0.9714207414832747,-0.25087784025331406
common_imd_1991_2020,JF,2024,east_northeast_india,ERPAS,4,9,36,0.03393949594737341,0.036332257198403904,0.13106194080464628,-0.28588849812113776,0.2883051283843094,1.8137823499941252,1.2409889255667341,-0.2694462310654074
common_imd_1991_2020,JF,2024,east_northeast_india,FuXi-S2S,1,9,36,0.4801984944764026,0.5341953254902099,0.5584018261680894,0.31625843087894445,0.778402598538437,1.18424247651675,0.7755461970273265,0.3739386566068801
common_imd_1991_2020,JF,2024,east_northeast_india,FuXi-S2S,2,9,36,0.17507625267281515,0.21160239217100338,0.17720030078663193,0.056780773225360286,0.32289868061622345,1.8927235273781693,1.1218088532023316,0.6129345419194804
common_imd_1991_2020,JF,2024,east_northeast_india,FuXi-S2S,3,9,36,-0.014099997397831514,-0.02741995715143424,0.12966832886528118,-0.39414221052728493,0.3255685967808947,2.0180541489623716,1.3570295045885312,0.4162391350642166
common_imd_1991_2020,JF,2024,east_northeast_india,FuXi-S2S,4,9,36,0.044941328071089644,0.05380731002006481,0.15776507294073733,-0.228061616490916,0.29792354735576876,2.5729757962678375,1.7645696048414374,0.5420459203363303
common_imd_1991_2020,JF,2024,northwest_india,ERPAS,1,9,68,0.6105406267347147,0.8501432968956253,0.6835369941103534,0.4471939228992411,0.9499175510306952,1.2813559407727493,0.7589543046515175,0.3038318823116488
common_imd_1991_2020,JF,2024,northwest_india,ERPAS,2,9,68,0.48673420361637326,0.708157079856417,0.6297917751266761,0.24241928105312655,0.9223878534853354,1.6145300346730305,0.9602222819383134,0.08288606160389948
common_imd_1991_2020,JF,2024,northwest_india,ERPAS,3,9,68,0.13491744605412787,0.16550014181492417,0.26198207378534644,-0.29359325846589385,0.5703776624664787,2.0495802146525657,1.2712793852812498,0.42445894263655426
common_imd_1991_2020,JF,2024,northwest_india,ERPAS,4,9,68,-0.08272463633232313,-0.07760073731939723,-0.31602798011843714,-0.45924845635163813,0.34567233532498826,2.3747553565095845,1.4460650342018226,0.2818437645470693
common_imd_1991_2020,JF,2024,northwest_india,FuXi-S2S,1,9,68,0.6116958100769336,0.896809790305368,0.7559413287908978,0.33902472081812374,0.9788525680698666,1.3045621346889285,0.7539990135170007,0.12480839904117651
common_imd_1991_2020,JF,2024,northwest_india,FuXi-S2S,2,9,68,0.5149593103811865,0.6973718176537719,0.4080044788186313,0.2434503032442097,0.8650477412100581,1.6911402664852702,0.9335704183789425,-0.20209707067049923
common_imd_1991_2020,JF,2024,northwest_india,FuXi-S2S,3,9,68,0.0416848465510809,0.05849323212771645,0.03942603106391617,-0.36618616278073074,0.3159357030240512,2.3257603665439155,1.3852173123537443,0.12900647688907962
common_imd_1991_2020,JF,2024,northwest_india,FuXi-S2S,4,9,68,0.12838999302936055,0.1321157386182335,0.24355590055005216,0.010224992556787727,0.3863603593909229,2.243060181353265,1.3227025330310098,0.26537475170097385
common_imd_1991_2020,JF,2024,south_peninsula,ERPAS,1,9,38,0.6550375037795615,0.7103468478086745,0.6069738990818094,0.5575739728581388,0.8009002382061948,0.4890820696047162,0.34758821119359856,0.21497289668374953
common_imd_1991_2020,JF,2024,south_peninsula,ERPAS,2,9,38,0.33740537390632686,0.4410655791413068,0.480405293830535,-0.09987017217474126,0.6968666994653306,0.39960375636055856,0.2701636843142295,0.2558607793616163
common_imd_1991_2020,JF,2024,south_peninsula,ERPAS,3,9,38,0.3189386017195053,0.38426298836349565,0.4268541144649795,0.11699719581490384,0.5399573032102045,0.6313302107411295,0.46726304992854584,0.3878893570196378
common_imd_1991_2020,JF,2024,south_peninsula,ERPAS,4,9,38,0.33532677306720643,0.35159751013615553,0.3706315094981261,0.2487203352700463,0.43113771195633127,0.5231908607492864,0.3970546982230367,0.3207635050808069
common_imd_1991_2020,JF,2024,south_peninsula,FuXi-S2S,1,9,38,0.7364019887877428,0.855396712814095,0.8001289509141853,0.686866492097343,0.848048620069697,0.5090984269626788,0.24979628592525252,-0.15150221009825407
common_imd_1991_2020,JF,2024,south_peninsula,FuXi-S2S,2,9,38,0.4472356767852054,0.7319851327254862,0.6523320927872122,-0.04087556202322067,0.9673188299946031,0.34507922021973575,0.1884323595524442,0.1656447885173215
common_imd_1991_2020,JF,2024,south_peninsula,FuXi-S2S,3,9,38,0.6465465979806155,0.7560045504264489,0.7849282593583342,0.4347453704259797,0.9106359164994438,0.2692271844603573,0.156881280583529,0.07448016816643765
common_imd_1991_2020,JF,2024,south_peninsula,FuXi-S2S,4,9,38,0.7121477758920278,0.7789188437740997,0.6813589076695019,0.5671495797229211,0.9183665730103772,0.2859142675334979,0.17762338520390933,0.10751705334754612
common_imd_1991_2020,JF,ALL,central_india,ERPAS,1,17,64,0.6774311851696281,0.9632138223607302,0.8102810350817106,0.5006795656101993,0.9523889912680167,0.28016653252575846,0.16851359252973327,-0.0072350520730571286
common_imd_1991_2020,JF,ALL,central_india,ERPAS,2,17,64,0.5719449940314022,0.8914260252676156,0.6959956184215853,0.31554770351142464,0.9296496736206885,0.41771699883361374,0.29404198027239353,0.13291132317549914
common_imd_1991_2020,JF,ALL,central_india,ERPAS,3,17,64,0.45026443740601124,0.7785980888212158,0.5491443233059641,0.1647281991146037,0.7945644015206783,0.528485338492372,0.3573875161920908,-0.008445469950386916
common_imd_1991_2020,JF,ALL,central_india,ERPAS,4,17,64,0.3167860867114212,0.5809105920418118,0.4474143249721916,-0.027192972103651698,0.6593281883966008,0.6748221227231371,0.4606949674077083,-0.1334172407351954
common_imd_1991_2020,JF,ALL,central_india,FuXi-S2S,1,17,64,0.7123775262834222,0.9380258344010522,0.7582944414658893,0.4634682380493569,0.9818988187256457,0.2868399683890426,0.15356604061588222,-0.0010426932645805696
common_imd_1991_2020,JF,ALL,central_india,FuXi-S2S,2,17,64,0.49768311390491626,0.8767443341227809,0.4514272518541973,0.0815347311922407,0.995137995890003,0.39915561043717607,0.238941939497696,0.03343304592765866
common_imd_1991_2020,JF,ALL,central_india,FuXi-S2S,3,17,64,0.3855019898123805,0.7163731542220475,0.42156495553190493,-0.19218843627623866,0.9789843347489692,0.5516191777541006,0.349627393868336,-0.028235441915921436
common_imd_1991_2020,JF,ALL,central_india,FuXi-S2S,4,17,64,0.5263496560379363,0.7039802762129524,0.5282363678696922,0.3061575246581651,0.9288400946982117,0.6431860473315529,0.43216759272316757,-0.14999912694476467
common_imd_1991_2020,JF,ALL,east_northeast_india,ERPAS,1,17,36,0.4237352162485023,0.535683859691277,0.4686876970778627,0.20060823851682952,0.6543703080656048,0.9144491284607166,0.49427230920765763,-0.11387969060269343
common_imd_1991_2020,JF,ALL,east_northeast_india,ERPAS,2,17,36,0.22696704248757377,0.2948443869728791,0.1319207112422695,-0.0489283823789199,0.5243550868419071,1.2447452995697807,0.7453786302783056,0.03557946995176017
common_imd_1991_2020,JF,ALL,east_northeast_india,ERPAS,3,17,36,0.19880987600068034,0.25063197264058223,0.24123181438063837,-0.15654254980300059,0.5612663990418126,1.3480726254042383,0.8432763855232146,-0.18128253484291634
common_imd_1991_2020,JF,ALL,east_northeast_india,ERPAS,4,17,36,0.0644909991575945,0.09027106605913186,0.009538575575969066,-0.28588849812113776,0.40967139166351607,1.9544272343217064,1.3105635570686822,-0.3610352652840949
common_imd_1991_2020,JF,ALL,east_northeast_india,FuXi-S2S,1,17,36,0.45041886858892977,0.551510089066322,0.5659130996027003,0.2879826370435112,0.7408592518829901,1.3396359131470106,0.7789175017777393,0.4922169336899923
common_imd_1991_2020,JF,ALL,east_northeast_india,FuXi-S2S,2,17,36,0.18332669350745395,0.22985903744268055,0.27102278584866474,-0.07123955606979678,0.49705573906216455,2.047041055489196,1.182819950315659,0.8654939435324019
common_imd_1991_2020,JF,ALL,east_northeast_india,FuXi-S2S,3,17,36,0.018637848086406162,0.0024995778202108773,0.23264940567795736,-0.5168933900117834,0.3800537787357963,2.0809534501517084,1.283278640837714,0.7271736320419124
common_imd_1991_2020,JF,ALL,east_northeast_india,FuXi-S2S,4,17,36,0.07301194228815927,0.08246220599694315,0.15776507294073733,-0.228061616490916,0.4507737098359815,2.4577752768937593,1.6002393282856224,0.48030533580940166
common_imd_1991_2020,JF,ALL,northwest_india,ERPAS,1,17,68,0.5907666244416129,0.7743592643611598,0.6886558220752856,0.2309722105484918,0.9040207307086158,1.1761619809092299,0.679329376836546,0.2858082780552971
common_imd_1991_2020,JF,ALL,northwest_india,ERPAS,2,17,68,0.47333569090591004,0.6290507721901415,0.6297917751266761,0.24241928105312655,0.789860429009985,1.4628543952423332,0.8817051311567452,0.2733981854642029
common_imd_1991_2020,JF,ALL,northwest_india,ERPAS,3,17,68,0.24142320301635198,0.3266244290134191,0.45533645479270285,-0.29359325846589385,0.7294688835962987,1.7122219706615702,1.0521969506427655,0.3380916334702142
common_imd_1991_2020,JF,ALL,northwest_india,ERPAS,4,17,68,0.09412764792175114,0.15885907565106558,0.03152896952692599,-0.3802817175474421,0.5324205008554809,1.993986962904414,1.265713403810219,0.36551031398405287
common_imd_1991_2020,JF,ALL,northwest_india,FuXi-S2S,1,17,68,0.5983249986651868,0.8587824631158064,0.7034152349143133,0.3894588265226725,0.9750222827602528,1.116588291419022,0.6306824248626488,0.05500591055194126
common_imd_1991_2020,JF,ALL,northwest_india,FuXi-S2S,2,17,68,0.3737621177867709,0.5164464521568871,0.3476240454054023,0.15542815508121688,0.6253560755013721,1.627232032040944,0.9185700202919636,0.04031506241860869
common_imd_1991_2020,JF,ALL,northwest_india,FuXi-S2S,3,17,68,0.10252292887040065,0.1402971840686508,-0.0032197249712991247,-0.21591024957753205,0.48844184503441024,1.9676600686365522,1.1509992268709266,0.2098849964506942
common_imd_1991_2020,JF,ALL,northwest_india,FuXi-S2S,4,17,68,0.22110813491573056,0.30850678687309474,0.24355590055005216,0.010224992556787727,0.41450784466575163,1.9314461537610375,1.1728639323562984,0.2414184064950382
common_imd_1991_2020,JF,ALL,south_peninsula,ERPAS,1,17,38,0.7206821482396637,0.8681430079882566,0.7672683682402872,0.5575739728581388,0.8893406039904087,0.40598001191550864,0.24982826687634407,0.15776514175669965
common_imd_1991_2020,JF,ALL,south_peninsula,ERPAS,2,17,38,0.40906469488405445,0.6680071250719871,0.5381440510960886,0.00545805452208096,0.7000374057955991,0.630393728818861,0.42715946771192426,0.40571766869996334
common_imd_1991_2020,JF,ALL,south_peninsula,ERPAS,3,17,38,0.39228916166954386,0.590538486802804,0.4268541144649795,0.26415531130781084,0.5644258198455951,0.5786074710463106,0.4024570683248076,0.3388542966485359
common_imd_1991_2020,JF,ALL,south_peninsula,ERPAS,4,17,38,0.30221000741018156,0.32697488580293416,0.31928869248530584,0.23236962599993888,0.41310781816709236,0.8723564927067786,0.6314280338292068,0.21463385405542001
common_imd_1991_2020,JF,ALL,south_peninsula,FuXi-S2S,1,17,38,0.7575616371734885,0.8920354786556248,0.8001289509141853,0.686866492097343,0.9757324285845107,0.3778037930622926,0.17090957984371738,-0.09080635616648622
common_imd_1991_2020,JF,ALL,south_peninsula,FuXi-S2S,2,17,38,0.4811281501384375,0.8022629459578826,0.6016422916335822,0.06374889015405662,0.9716254494667685,0.47617608896447966,0.24347319484193108,0.17631608346979272
common_imd_1991_2020,JF,ALL,south_peninsula,FuXi-S2S,3,17,38,0.6615758254370863,0.7831969675895281,0.7493297528638119,0.4347453704259797,0.9107150093586893,0.35832309950313007,0.1850143560183938,0.09544069938218568
common_imd_1991_2020,JF,ALL,south_peninsula,FuXi-S2S,4,17,38,0.6432649266708329,0.7461696772678454,0.6813589076695019,0.5422013477180373,0.9096676948661668,0.6132076076075319,0.39184211614129033,-0.11139495187383933
common_imd_1991_2020,JFM,2023,central_india,ERPAS,1,13,64,0.6248096247590099,0.976844483177217,0.8635919175862043,0.6876237877001883,0.9989447811266275,0.4305426995744739,0.2542451860811709,-0.03029985991780549
common_imd_1991_2020,JFM,2023,central_india,ERPAS,2,13,64,0.487563118566675,0.8977242523404831,0.8211242231838551,0.4300617540070032,0.9296496736206885,0.699038863588535,0.47005357489480265,-0.03625031827727828
common_imd_1991_2020,JFM,2023,central_india,ERPAS,3,13,64,0.39637136772365555,0.7956235508288415,0.5747854723956975,0.1647281991146037,0.8031520859538063,0.6290431002487105,0.38720452610886696,-0.13635801547904547
common_imd_1991_2020,JFM,2023,central_india,ERPAS,4,13,64,0.40738497656055794,0.6876776070115798,0.5647244111782667,0.08622409244110309,0.7019159094418941,0.8475970221238831,0.5781160820429101,-0.21489466333482496
common_imd_1991_2020,JFM,2023,central_india,FuXi-S2S,1,13,64,0.8000066408827006,0.9728376147118478,0.9391493969700728,0.7582944414658893,0.9980953700798785,0.3655847359064736,0.1942981341244184,-0.08052714291541034
common_imd_1991_2020,JFM,2023,central_india,FuXi-S2S,2,13,64,0.5668917112195411,0.9394745384242085,0.7787171067064995,0.22982917410130443,0.9986986747768584,0.62794395873436,0.4121558044753977,-0.2007787381928545
common_imd_1991_2020,JFM,2023,central_india,FuXi-S2S,3,13,64,0.5160631963103348,0.7936380750115615,0.6983882238636041,0.2713263973846996,0.9789843347489692,0.6616157943936104,0.4466525741982342,-0.19634316735441967
common_imd_1991_2020,JFM,2023,central_india,FuXi-S2S,4,13,64,0.4593044627279175,0.6778281429513362,0.7447076329198483,-0.04184572534248719,0.9288400946982117,0.7770053269276785,0.5062247668002905,-0.3971576912865611
common_imd_1991_2020,JFM,2023,east_northeast_india,ERPAS,1,13,36,0.3550456247194168,0.5510733999804712,0.21886841523140677,0.06920493930972006,0.9059043759259484,1.382790104842901,0.8454088836885743,-0.19567448063846052
common_imd_1991_2020,JFM,2023,east_northeast_india,ERPAS,2,13,36,0.18769728408786313,0.2824364255890005,0.051921157107554114,-0.08883297516496268,0.5575271399394959,1.8586727911821037,1.2126194345228194,0.008317758083133456
common_imd_1991_2020,JFM,2023,east_northeast_india,ERPAS,3,13,36,0.09603485563552633,0.1474927604038778,0.01436231464085341,-0.15654254980300059,0.4841573750162381,2.1166566337333235,1.3931570435192955,-0.04232427194229437
common_imd_1991_2020,JFM,2023,east_northeast_india,ERPAS,4,13,36,0.006196380736998713,0.03530089423509212,-0.06240488562885535,-0.23221566250493839,0.08126510292437686,3.080484861241039,2.075722545471143,0.5038907967770112
common_imd_1991_2020,JFM,2023,east_northeast_india,FuXi-S2S,1,13,36,0.36049552021269543,0.4684267814005007,0.40595096013238474,0.18367249368424735,0.5671218269230646,1.7879856119271624,1.0066762543893615,0.4875778936092004
common_imd_1991_2020,JFM,2023,east_northeast_india,FuXi-S2S,2,13,36,0.19346975655956766,0.23246805693471415,0.3113413694273089,-0.07123955606979678,0.408221061996905,2.654316439956468,1.6994051423945398,0.5389387057025298
common_imd_1991_2020,JFM,2023,east_northeast_india,FuXi-S2S,3,13,36,0.042201530525831935,0.030834808162898113,0.13531801724313416,-0.285141776533869,0.34016784303860714,2.819570506839191,1.7765411328359133,0.9191649619496436
common_imd_1991_2020,JFM,2023,east_northeast_india,FuXi-S2S,4,13,36,0.07439555027820166,0.08186872805900902,0.09779456976310744,-0.18407040777432096,0.44512613071285917,2.818557776376968,1.7682418215584177,0.6848538661612817
common_imd_1991_2020,JFM,2023,northwest_india,ERPAS,1,13,68,0.5683790364090588,0.6418024500646039,0.6661574811499654,0.2731956763964171,0.7401427188268481,1.2077809494188907,0.7462459839284812,0.31935147737200786
common_imd_1991_2020,JFM,2023,northwest_india,ERPAS,2,13,68,0.44174651829928213,0.5092526927067803,0.6097925483670142,0.0017456435063847294,0.6820482249170091,1.4161663411410075,0.9131618381796288,0.3836544087997902
common_imd_1991_2020,JFM,2023,northwest_india,ERPAS,3,13,68,0.19193556323685154,0.288839470501217,-0.02755403582034201,-0.21163614902931882,0.7805258050620273,1.6602116517090586,1.0559164116332698,0.2579602598229119
common_imd_1991_2020,JFM,2023,northwest_india,ERPAS,4,13,68,0.210589829923237,0.29192321545384003,0.24176523496533633,-0.19953565922756045,0.6024205654830325,1.821566202098692,1.2294665145227386,0.7114777538715649
common_imd_1991_2020,JFM,2023,northwest_india,FuXi-S2S,1,13,68,0.6996831368330942,0.8552026599329163,0.8647779844342768,0.4469335508987933,0.9139801050934564,0.8638447152836298,0.5128753905631325,-0.06372960927335841
common_imd_1991_2020,JFM,2023,northwest_india,FuXi-S2S,2,13,68,0.3966363093039443,0.4685655924048248,0.4178628647090857,0.24022007874676288,0.7138369991361257,1.5197720881254706,0.9324250015136104,0.14178127587429887
common_imd_1991_2020,JFM,2023,northwest_india,FuXi-S2S,3,13,68,0.324796009578801,0.3934935031229097,0.48844184503441024,-0.049467055868722014,0.6724350292666844,1.5653257583857356,0.9841019158988316,0.09599693926304044
common_imd_1991_2020,JFM,2023,northwest_india,FuXi-S2S,4,13,68,0.3654884137873926,0.4681977647985099,0.33936945592766116,0.22679278463753197,0.5735924327447147,1.5020901120615036,0.9485126382662068,0.02865339256155982
common_imd_1991_2020,JFM,2023,south_peninsula,ERPAS,1,13,38,0.7366903262309835,0.8952258906677211,0.8473607343055908,0.5461467205474749,0.8797053288811779,0.623222163435613,0.3997714389772437,0.19752949530059188
common_imd_1991_2020,JFM,2023,south_peninsula,ERPAS,2,13,38,0.3315115518961057,0.6401009007578402,0.22695774807859437,0.00545805452208096,0.6816646931750333,1.2388027257366392,0.8701214521200339,0.555580726430567
common_imd_1991_2020,JFM,2023,south_peninsula,ERPAS,3,13,38,0.21223156934592396,0.4745525768310332,0.26415531130781084,-0.20075510696447985,0.5545413988638891,1.0513757148302223,0.706754759261606,0.1823901666193762
common_imd_1991_2020,JFM,2023,south_peninsula,ERPAS,4,13,38,0.1515983406412046,0.1792950163125997,0.23236962599993888,0.02004241137395652,0.32084466427777136,1.3569312285881545,0.9636622262866656,0.09767226898979565
common_imd_1991_2020,JFM,2023,south_peninsula,FuXi-S2S,1,13,38,0.7473344862043649,0.8882801984568375,0.8129084659256952,0.6363670414759506,0.9803246707527248,0.46708694156212693,0.26151977154572026,-0.15372853546840343
common_imd_1991_2020,JFM,2023,south_peninsula,FuXi-S2S,2,13,38,0.40734002208463616,0.7265536387002245,0.35481827556629275,0.06374889015405662,0.8548884945555217,0.9839342703245418,0.6078015736145662,-0.18952328599006238
common_imd_1991_2020,JFM,2023,south_peninsula,FuXi-S2S,3,13,38,0.5530274987137619,0.6910438679211799,0.6574851202175342,0.33474365436230263,0.7493297528638119,0.8993320620168218,0.5769942275206236,-0.20064610498718063
common_imd_1991_2020,JFM,2023,south_peninsula,FuXi-S2S,4,13,38,0.5002059918096258,0.612159081324668,0.47837253036182215,0.2551028876793914,0.7185235286747911,1.0827680844560847,0.7202061901426291,-0.45238999897151094
common_imd_1991_2020,JFM,2024,central_india,ERPAS,1,13,64,0.43936358300797607,0.5682886097713987,0.5006795656101993,0.3478130019652828,0.7997261477145989,0.5572665036204865,0.3279972634982504,-0.17748016484347076
common_imd_1991_2020,JFM,2024,central_india,ERPAS,2,13,64,0.3684984345533377,0.5280338265381664,0.3518285805275678,0.179770920823332,0.6959956184215853,0.6231644066503113,0.3779525952610477,-0.18166138105779972
common_imd_1991_2020,JFM,2024,central_india,ERPAS,3,13,64,0.34249721898708185,0.42461896376202035,0.4045023781803556,-0.03961381068059402,0.6599107064347499,0.7406998962432498,0.47758817943050375,-0.18404949714364144
common_imd_1991_2020,JFM,2024,central_india,ERPAS,4,13,64,0.2481360457334986,0.3464592211941191,0.36170198041362683,-0.027192972103651698,0.5267660983664711,0.7243917954827738,0.470153435669982,-0.15684540757708898
common_imd_1991_2020,JFM,2024,central_india,FuXi-S2S,1,13,64,0.5852255842772691,0.6561102529224098,0.6356455553816239,0.36066740906528183,0.738761172454084,0.48804196476624406,0.26910866780078124,-0.1054100718202495
common_imd_1991_2020,JFM,2024,central_india,FuXi-S2S,2,13,64,0.18353162949581925,0.19977292023276283,0.18162691177973442,0.05934195870995103,0.40810461542260335,0.7767074817349472,0.45782740230821867,-0.14474616813100066
common_imd_1991_2020,JFM,2024,central_india,FuXi-S2S,3,13,64,0.18946464965754042,0.35597073655722616,0.29412169221582013,-0.2553568427448884,0.4807823234287285,0.794680165857466,0.4951606870089475,-0.15272229655273742
common_imd_1991_2020,JFM,2024,central_india,FuXi-S2S,4,13,64,0.34941183261662007,0.46712677069364594,0.3061575246581651,0.2548927404953585,0.5282363678696922,0.7394518208924422,0.46604093531324686,-0.14971235131935506
common_imd_1991_2020,JFM,2024,east_northeast_india,ERPAS,1,13,36,0.37313979574641376,0.4231182473124644,0.4761259496950916,0.4017214234584146,0.6350965328639951,1.4010184152652745,0.8700906500213654,-0.3523529947639253
common_imd_1991_2020,JFM,2024,east_northeast_india,ERPAS,2,13,36,0.21604496262139475,0.2491423416915291,0.4535866204684119,-0.2752291066169676,0.5243550868419071,1.7834886470264424,1.1358243030911095,-0.24912240585943704
common_imd_1991_2020,JFM,2024,east_northeast_india,ERPAS,3,13,36,0.11193270185523677,0.12985933299858854,0.1128400156661857,-0.243135655796329,0.4652861749208605,2.1399132110077046,1.398207188035319,-0.10524911090450426
common_imd_1991_2020,JFM,2024,east_northeast_india,ERPAS,4,13,36,-0.04741069562407833,-0.05050858540278782,-0.17447977382128035,-0.3652178993535098,0.2675438954741099,2.6905890927546046,1.7696693125305765,0.11498355004494025
common_imd_1991_2020,JFM,2024,east_northeast_india,FuXi-S2S,1,13,36,0.4146951467997565,0.46493487854712723,0.42614891044230985,0.2879826370435112,0.640251937900606,1.675656017516528,1.0605456382072023,0.3444506969369837
common_imd_1991_2020,JFM,2024,east_northeast_india,FuXi-S2S,2,13,36,0.14301440451755626,0.17203948034047684,0.10644459250263469,0.056780773225360286,0.32289868061622345,2.7450888026429627,1.6986979718541646,0.8453480140057045
common_imd_1991_2020,JFM,2024,east_northeast_india,FuXi-S2S,3,13,36,0.04143398954095424,0.04191778802671465,0.12966832886528118,-0.18884273721098613,0.3255685967808947,2.731032970590403,1.7268005182076285,0.7932182495614002
common_imd_1991_2020,JFM,2024,east_northeast_india,FuXi-S2S,4,13,36,0.09029054491165638,0.10350051477466271,0.1916684581845732,-0.228061616490916,0.29792354735576876,2.96791635544584,1.944155955278278,0.792225889626087
common_imd_1991_2020,JFM,2024,northwest_india,ERPAS,1,13,68,0.5421599778476518,0.7877312460816782,0.4770105864044017,0.3592387120396296,0.9499175510306952,1.2663935003733753,0.7176406413148354,0.3735233036999395
common_imd_1991_2020,JFM,2024,northwest_india,ERPAS,2,13,68,0.4123468108023752,0.606787693582996,0.5790091085808174,0.24241928105312655,0.8494620092077535,1.6307120382604525,0.9497779891283351,0.2936212229705379
common_imd_1991_2020,JFM,2024,northwest_india,ERPAS,3,13,68,0.060480667019656036,0.07809461755266144,0.030225861857656737,-0.29388621772001083,0.45533645479270285,2.0169748226145527,1.2293766560822479,0.5641591920519694
common_imd_1991_2020,JFM,2024,northwest_india,ERPAS,4,13,68,-0.09048246055965935,-0.09005188000430053,-0.23412794187554428,-0.45924845635163813,0.29343907332129043,2.233859085270365,1.3482303344554403,0.44808279822041924
common_imd_1991_2020,JFM,2024,northwest_india,FuXi-S2S,1,13,68,0.5700049702568252,0.8523039971099202,0.4614872754259462,0.33902472081812374,0.9788525680698666,1.2235556819195588,0.6778379995901184,0.1599651882381211
common_imd_1991_2020,JFM,2024,northwest_india,FuXi-S2S,2,13,68,0.4615653861998738,0.6250225392576678,0.4080044788186313,0.15542815508121688,0.8097602074892088,1.6079226537473466,0.8821124758358206,0.03536932485243582
common_imd_1991_2020,JFM,2024,northwest_india,FuXi-S2S,3,13,68,0.032543649582203,0.04735315451256222,-0.007864397197353823,-0.16288107750860506,0.3159357030240512,2.1235627653989577,1.2198924164438414,0.11531928621300265
common_imd_1991_2020,JFM,2024,northwest_india,FuXi-S2S,4,13,68,0.21007437078669444,0.218252968815356,0.3402542835632708,0.09262576555856762,0.41450784466575163,1.9141687202483233,1.1113219092713416,0.20482996202364248
common_imd_1991_2020,JFM,2024,south_peninsula,ERPAS,1,13,38,0.627811011431795,0.6885562210901877,0.5712512706517969,0.43478829065802066,0.8009002382061948,0.45522521037982944,0.29506100279988384,0.15484495901117884
common_imd_1991_2020,JFM,2024,south_peninsula,ERPAS,2,13,38,0.37055207940740675,0.4488670844410533,0.480405293830535,0.2532195183940501,0.6968666994653306,0.4378953706027581,0.26257890976654635,0.1922443149503799
common_imd_1991_2020,JFM,2024,south_peninsula,ERPAS,3,13,38,0.3510638449911523,0.40307543837290843,0.4268541144649795,0.15699956437043822,0.5810984043093091,0.6046526440588939,0.4286241949104239,0.30605830639784304
common_imd_1991_2020,JFM,2024,south_peninsula,ERPAS,4,13,38,0.24535364640635088,0.2619286542737623,0.2747415174667016,0.06493324599877932,0.3897492464143261,0.6506460692237048,0.4518569412405269,0.2730057515510938
common_imd_1991_2020,JFM,2024,south_peninsula,FuXi-S2S,1,13,38,0.7534015488031739,0.8527670050998785,0.8001289509141853,0.686866492097343,0.848048620069697,0.44450149226913316,0.21160575649062602,-0.11713523552444892
common_imd_1991_2020,JFM,2024,south_peninsula,FuXi-S2S,2,13,38,0.4980742554080181,0.7133164700501547,0.560750430391921,0.28945443488114225,0.9074742959335941,0.3700522747982155,0.19120879927368423,0.1140967802654663
common_imd_1991_2020,JFM,2024,south_peninsula,FuXi-S2S,3,13,38,0.627861013982441,0.7248284562300477,0.6074397415297146,0.4347453704259797,0.8924540311346257,0.3173363825371132,0.17811925893863434,0.04910335057250351
common_imd_1991_2020,JFM,2024,south_peninsula,FuXi-S2S,4,13,38,0.6933354895242828,0.7550607534420071,0.6813589076695019,0.5671495797229211,0.8832957288417539,0.3861663545286525,0.23719613524788621,0.028090200996285966
common_imd_1991_2020,JFM,ALL,central_india,ERPAS,1,26,64,0.5320866038834929,0.8925346199136641,0.7134554500306486,0.4041843438664863,0.9336328704123549,0.4939046015974802,0.2911212247897107,-0.10389001238063812
common_imd_1991_2020,JFM,ALL,central_india,ERPAS,2,26,64,0.42803077656000643,0.7714470154188511,0.6352093197695117,0.19969916877760957,0.8553532276681521,0.6611016351194231,0.42400308507792506,-0.108955849667539
common_imd_1991_2020,JFM,ALL,central_india,ERPAS,3,26,64,0.3694342933553686,0.6468961826604415,0.46120694300304005,0.1597457970590616,0.7874862051346619,0.68487149824598,0.4323963527696853,-0.16020375631134348
common_imd_1991_2020,JFM,ALL,central_india,ERPAS,4,26,64,0.32776051114702826,0.5388086281765729,0.46476040357018933,-0.01931789306555684,0.6844765931462307,0.7859944088033284,0.5241347588564461,-0.18587003545595698
common_imd_1991_2020,JFM,ALL,central_india,FuXi-S2S,1,26,64,0.6926161125799849,0.8984893876757027,0.7485278069599867,0.5057638621852167,0.9464400581667152,0.4268133503363588,0.23170340096259984,-0.09296860736782991
common_imd_1991_2020,JFM,ALL,central_india,FuXi-S2S,2,26,64,0.37521167035768027,0.7478351356929015,0.3161358606787016,0.07533787836589018,0.7550894145869054,0.7023257202346536,0.43499160339180815,-0.1727624531619276
common_imd_1991_2020,JFM,ALL,central_india,FuXi-S2S,3,26,64,0.35276392298393755,0.6210574123208599,0.382147705457317,-0.08196699207032107,0.8596589203821665,0.7281479801255382,0.4709066306035907,-0.17453273195357852
common_imd_1991_2020,JFM,ALL,central_india,FuXi-S2S,4,26,64,0.4043581476722688,0.5821686910607368,0.4473316451398147,0.25032582962611405,0.8602346812202736,0.7582285739100605,0.4861328510567687,-0.273435021302958
common_imd_1991_2020,JFM,ALL,east_northeast_india,ERPAS,1,26,36,0.3640927102329152,0.4897283111379664,0.4495709767748448,0.08344104986290532,0.6455388476429316,1.3919042600540878,0.85774976685497,-0.2740137377011929
common_imd_1991_2020,JFM,ALL,east_northeast_india,ERPAS,2,26,36,0.20187112335462892,0.2658686646258586,0.11182429382895819,-0.11777581571018798,0.5463871983592309,1.821080719104273,1.1742218688069643,-0.12040232388815175
common_imd_1991_2020,JFM,ALL,east_northeast_india,ERPAS,3,26,36,0.10398377874538155,0.13868703886823047,0.11044524129204436,-0.2329030370276206,0.4794395749923937,2.128284922370514,1.3956821157773072,-0.07378669142339933
common_imd_1991_2020,JFM,ALL,east_northeast_india,ERPAS,4,26,36,-0.02060715744353981,-0.007617869497565907,-0.06505971295706171,-0.32579389773657996,0.233423406806744,2.885536976997822,1.9226959290008596,0.3094371734109757
common_imd_1991_2020,JFM,ALL,east_northeast_india,FuXi-S2S,1,26,36,0.38759533350622594,0.46668264868454606,0.4160499352873473,0.2389951368750251,0.6287646675589239,1.7318208147218455,1.033610946298282,0.41601429527309197
common_imd_1991_2020,JFM,ALL,east_northeast_india,FuXi-S2S,2,26,36,0.16824208053856193,0.20244647306530464,0.22411154331764832,-0.03923447374600751,0.40510875584386724,2.699702621299716,1.6990515571243523,0.6921433598541171
common_imd_1991_2020,JFM,ALL,east_northeast_india,FuXi-S2S,3,26,36,0.04181776003339306,0.03637741665670864,0.13249317305420766,-0.2610670167031483,0.33714186402116514,2.775301738714797,1.7516708255217708,0.8561916057555219
common_imd_1991_2020,JFM,ALL,east_northeast_india,FuXi-S2S,4,26,36,0.08234304759492903,0.09269555924417212,0.14682072789046519,-0.21706381431176724,0.40832548487358655,2.8932370659114044,1.856198888418348,0.7385398778936844
common_imd_1991_2020,JFM,ALL,northwest_india,ERPAS,1,26,68,0.5552695071283553,0.7227260900732696,0.6513931496290499,0.29470643530722024,0.8685522705904958,1.237087224896133,0.7319433126216582,0.3464373905359736
common_imd_1991_2020,JFM,ALL,northwest_india,ERPAS,2,26,68,0.4270466645508287,0.5599571613995017,0.6077666080529938,0.061914052893070184,0.7760330462377178,1.5234391897007302,0.9314699136539819,0.33863781588516406
common_imd_1991_2020,JFM,ALL,northwest_india,ERPAS,3,26,68,0.1262081151282538,0.1856004775286828,0.0013359130186573632,-0.2938129779064816,0.6515784504755133,1.838593237161806,1.1426465338577587,0.4110597259374406
common_imd_1991_2020,JFM,ALL,northwest_india,ERPAS,4,26,68,0.06005368468178883,0.10479921806426724,0.016322299787635355,-0.3642182831901909,0.392332895381147,2.0277126436845285,1.2888484244890899,0.5797802760459921
common_imd_1991_2020,JFM,ALL,northwest_india,FuXi-S2S,1,26,68,0.6348440535449598,0.8537599437110415,0.765342343938448,0.40005510286226686,0.9738439424563563,1.0437001986015944,0.5953566950766255,0.04811778948238135
common_imd_1991_2020,JFM,ALL,northwest_india,FuXi-S2S,2,26,68,0.429100847751909,0.5516278623617649,0.4129336717638585,0.17662613599760338,0.8086134210147615,1.563847370936409,0.9072687386747156,0.08857530036336737
common_imd_1991_2020,JFM,ALL,northwest_india,FuXi-S2S,3,26,68,0.17866982958050198,0.22760080397376023,0.12109342357383664,-0.13756829564863066,0.4975564643520177,1.844444261892347,1.1019971661713366,0.10565811273802153
common_imd_1991_2020,JFM,ALL,northwest_india,FuXi-S2S,4,26,68,0.2877813922870435,0.34942645299089764,0.33981186974546596,0.16889450579846577,0.492765477297673,1.7081294161549132,1.029917273768774,0.11674167729260117
common_imd_1991_2020,JFM,ALL,south_peninsula,ERPAS,1,26,38,0.6822506688313891,0.8165660341626039,0.6843768726940945,0.5051050672269222,0.8769262714974647,0.5392236869077212,0.3474162208885638,0.17618722715588536
common_imd_1991_2020,JFM,ALL,south_peninsula,ERPAS,2,26,38,0.3510318156517563,0.5516935776712287,0.36001500575456,0.025346271591536053,0.6930661978927564,0.8383490481696986,0.5663501809432901,0.3739125206904734
common_imd_1991_2020,JFM,ALL,south_peninsula,ERPAS,3,26,38,0.28164770716853815,0.43950950466364985,0.33847478832077565,0.04738067481416253,0.5619547146001687,0.8280141794445582,0.5676894770860149,0.24422423650860964
common_imd_1991_2020,JFM,ALL,south_peninsula,ERPAS,4,26,38,0.19847599352377776,0.22100845217935,0.2420358193236985,0.029939199433734343,0.38692331709396843,1.0037886489059298,0.707759583763596,0.18533901027044472
common_imd_1991_2020,JFM,ALL,south_peninsula,FuXi-S2S,1,26,38,0.7503680175037695,0.8716630554464826,0.8065187084199403,0.6489919041312987,0.9400034411521723,0.45579421691563005,0.23656276401817317,-0.13543188549642615
common_imd_1991_2020,JFM,ALL,south_peninsula,FuXi-S2S,2,26,38,0.4527071387463271,0.7200005383057778,0.4954191636702049,0.10584702546050725,0.894327845589076,0.6769932725613785,0.3995051864441252,-0.037713252862298055
common_imd_1991_2020,JFM,ALL,south_peninsula,FuXi-S2S,3,26,38,0.5904442563481015,0.7083415964407642,0.6324624308736244,0.3899987472565847,0.86823819156816,0.6083342222769675,0.37755674322962895,-0.07577137720733855
common_imd_1991_2020,JFM,ALL,south_peninsula,FuXi-S2S,4,26,38,0.5967707406669542,0.6902827844974787,0.6225612814851339,0.4051060642819281,0.8447342766746432,0.7344672194923685,0.4787011626952576,-0.21214989898761247
common_imd_1991_2020,JJAS,2023,central_india,ERPAS,1,17,64,0.4767629330037914,0.5393079637918008,0.4503152413988255,0.278133633796243,0.6596636514174037,5.6052246416556475,4.081382739586742,0.6924641016364467
common_imd_1991_2020,JJAS,2023,central_india,ERPAS,2,17,64,0.17254035898563552,0.21739765367285588,-0.03789357793207864,-0.08225790812259025,0.5772158790812768,6.82315625879446,5.384961382679008,1.554636675367326
common_imd_1991_2020,JJAS,2023,central_india,ERPAS,3,17,64,0.1263855754434046,0.1477151076825309,0.14499189532780873,-0.12319076503636668,0.3485126106082506,6.823050636656227,5.349516739248803,1.0430964570404728
common_imd_1991_2020,JJAS,2023,central_india,ERPAS,4,17,64,0.13072873925301942,0.15263822504029592,0.10893592958353525,-0.1513253234604315,0.4321756638265355,6.320342443654962,4.901815158277169,0.6567175060327176
common_imd_1991_2020,JJAS,2023,central_india,FuXi-S2S,1,17,64,0.5284168420591859,0.5747603889580535,0.5070668103674544,0.36913219352910487,0.7693374957861248,5.28749273748399,3.7049055877858224,0.008922450524896822
common_imd_1991_2020,JJAS,2023,central_india,FuXi-S2S,2,17,64,0.3096754375768524,0.4582618327990319,0.4217833525584384,-0.15048485902704803,0.6352513309988591,6.1563347390936185,4.430029924845704,-0.13477604057131798
common_imd_1991_2020,JJAS,2023,central_india,FuXi-S2S,3,17,64,0.22392573502218166,0.2793988231359286,0.14451271895839285,0.047522031455696626,0.42349112088746405,6.255489972900939,4.6738792590326135,-0.027898220029066965
common_imd_1991_2020,JJAS,2023,central_india,FuXi-S2S,4,17,64,0.19554874481546441,0.3011237354155078,0.15152683876504497,-0.011625093376740876,0.3513343711185944,6.116524421488003,4.623133765244166,0.6428115193746481
common_imd_1991_2020,JJAS,2023,east_northeast_india,ERPAS,1,17,36,0.35615230361662187,0.3714006157063204,0.36334021084742907,0.3057658614510631,0.5688371087609273,6.907235096667476,4.915213227297801,0.4169692130716885
common_imd_1991_2020,JJAS,2023,east_northeast_india,ERPAS,2,17,36,0.08958404111411455,0.08968826564104627,0.14461958894086904,-0.116356656485255,0.31329894289456733,8.70817379569302,6.967143448563896,2.7332645939780487
common_imd_1991_2020,JJAS,2023,east_northeast_india,ERPAS,3,17,36,-0.05144530615359605,-0.057683136239230506,-0.07885084392884277,-0.24190942601786214,0.21714005054575808,8.320102572381629,6.793013876705629,3.818728508143182
common_imd_1991_2020,JJAS,2023,east_northeast_india,ERPAS,4,17,36,0.04642841233834094,0.07275161860177647,0.07968104035262137,-0.2986210835589918,0.27069754616524644,7.505994662202868,6.20165035428432,2.5510334145391518
common_imd_1991_2020,JJAS,2023,east_northeast_india,FuXi-S2S,1,17,36,0.28051894115438797,0.2996597570541145,0.2994714293580012,0.09342689429084662,0.4813514645479708,7.149457412958557,4.949597907015111,0.587314221866834
common_imd_1991_2020,JJAS,2023,east_northeast_india,FuXi-S2S,2,17,36,0.14212920997496967,0.15614405750933832,0.06032060093560706,-0.06717992359567304,0.3737805404427042,8.220768067458804,6.158682071748311,1.852884291680485
common_imd_1991_2020,JJAS,2023,east_northeast_india,FuXi-S2S,3,17,36,0.07815845771865047,0.08258216940997301,0.04032297971416053,-0.002146139787073483,0.27844150018425273,6.679093033968223,5.055692380641992,1.2674110592386776
common_imd_1991_2020,JJAS,2023,east_northeast_india,FuXi-S2S,4,17,36,0.037924313462167736,0.04172470202786911,0.004655718288113151,-0.12881057802364632,0.2622916831206128,7.139875326564469,5.503751762296198,2.485758241240503
common_imd_1991_2020,JJAS,2023,northwest_india,ERPAS,1,17,68,0.32422043639681913,0.38182541599127034,0.4357349352964607,-0.002337714473064454,0.5869929330584657,4.509476322255857,2.966093605056594,0.15438991372739938
common_imd_1991_2020,JJAS,2023,northwest_india,ERPAS,2,17,68,0.05871382202820968,0.0646133078973219,0.0321476479858285,-0.13807386184137208,0.26463048644332937,5.215463617950644,3.615099366708801,0.15117891846397238
common_imd_1991_2020,JJAS,2023,northwest_india,ERPAS,3,17,68,0.07014078380710796,0.07399396022291883,0.10022427691055853,-0.08451039146579273,0.24857401192760936,4.681293794135372,3.508304972511886,0.9130515691870563
common_imd_1991_2020,JJAS,2023,northwest_india,ERPAS,4,17,68,0.0891380306921158,0.09412096185371793,0.11907324836842159,-0.09102678557931229,0.28787635016501845,4.232532397921074,3.176792335809016,0.6719590909674513
common_imd_1991_2020,JJAS,2023,northwest_india,FuXi-S2S,1,17,68,0.5052063316159813,0.5452564977834825,0.564078526318286,0.32492498174078954,0.6864994292912544,3.7225099304332274,2.4431574704228027,-0.7046819176775886
common_imd_1991_2020,JJAS,2023,northwest_india,FuXi-S2S,2,17,68,0.2174127023628114,0.2538456444180563,0.21671009731306648,0.10206012036667998,0.5245670006403382,4.566941014314915,2.997578681067859,-1.0622752091517924
common_imd_1991_2020,JJAS,2023,northwest_india,FuXi-S2S,3,17,68,0.1188230248938915,0.12753586076777473,0.19248662916515058,-0.04985566547800104,0.3219388368028296,4.201768847893844,2.929558287820028,-0.46999320356195157
common_imd_1991_2020,JJAS,2023,northwest_india,FuXi-S2S,4,17,68,0.06686010727530045,0.08431476036280972,-0.0971771114034645,-0.2071567547370873,0.3966402352985465,3.9816943067851476,2.855177910573378,0.07051211555468317
common_imd_1991_2020,JJAS,2023,south_peninsula,ERPAS,1,17,38,0.6040042131386762,0.7424494147179977,0.6653467489477158,0.5043471462033652,0.9155486910866271,3.7523146584819664,2.6053505556854932,0.07673048040926539
common_imd_1991_2020,JJAS,2023,south_peninsula,ERPAS,2,17,38,0.48666686942746745,0.5828321741889936,0.6023947514487901,0.26110249389780327,0.7656642239254869,4.944571323168623,3.8390151459542095,1.8170984187459118
common_imd_1991_2020,JJAS,2023,south_peninsula,ERPAS,3,17,38,0.27633363138492073,0.32574941031862437,0.23947796677940658,-0.0074420543426813495,0.6655986386290774,5.748381878545583,4.60010197548365,2.4356024061446537
common_imd_1991_2020,JJAS,2023,south_peninsula,ERPAS,4,17,38,0.296615391242085,0.36154553922787586,0.31202083426212146,0.0030460783152795826,0.5840375952590432,5.50533463232596,4.422458280969472,1.8609580503342964
common_imd_1991_2020,JJAS,2023,south_peninsula,FuXi-S2S,1,17,38,0.44200074718523086,0.5257645833312475,0.5039817515904399,0.36131408366113443,0.6933990912182646,4.820715727037596,3.0977338957290645,-0.1997925993103966
common_imd_1991_2020,JJAS,2023,south_peninsula,FuXi-S2S,2,17,38,0.3327311970763009,0.43717327695607744,0.44800975812263716,-0.14243108764199391,0.5720629313689853,5.0361929367403,3.4047774468138057,-0.32556729072521556
common_imd_1991_2020,JJAS,2023,south_peninsula,FuXi-S2S,3,17,38,0.22206651376466524,0.2706173986405105,0.19065528521933484,0.029305224133871866,0.2970961815080891,4.857433224415983,3.2663772704882565,-0.46848248106782664
common_imd_1991_2020,JJAS,2023,south_peninsula,FuXi-S2S,4,17,38,0.23950890954015444,0.3134661979498109,0.16535671318934875,-0.012960119264257122,0.44221332655466394,4.997576980440803,3.564153726060172,0.025204908946364558
common_imd_1991_2020,JJAS,2024,central_india,ERPAS,1,14,64,0.3454817004344703,0.38924325601552423,0.31854110667279056,0.05441903839542742,0.5704528409435331,6.517446571842961,4.601413468986139,0.2302691901483142
common_imd_1991_2020,JJAS,2024,central_india,ERPAS,2,14,64,0.06382792437672133,0.07549038632789112,-0.00371855691429535,-0.14696892246191576,0.18079126853908778,7.479561074747534,5.487110150236078,0.5192736570534359
common_imd_1991_2020,JJAS,2024,central_india,ERPAS,3,14,64,0.018770015501439235,0.022720943601652683,0.10073848522823937,-0.26405598186488516,0.2418728111924826,7.1208731223528625,5.478463567071346,0.45271638891160626
common_imd_1991_2020,JJAS,2024,central_india,ERPAS,4,14,64,0.0982124407900525,0.11741275420920066,0.03292182303861967,-0.1718876819859234,0.28458994558629236,7.121283576300994,5.301233682203433,-1.245931817329433
common_imd_1991_2020,JJAS,2024,central_india,FuXi-S2S,1,14,64,0.3545213700896062,0.37187006415448154,0.36510808056098787,0.27125308309908336,0.4429516463669314,6.731981069166656,4.513544034982501,0.07355594416953906
common_imd_1991_2020,JJAS,2024,central_india,FuXi-S2S,2,14,64,0.21312408059331384,0.23520775123491472,0.20148403442603985,0.15400800638352477,0.37402863334698344,7.149467799932958,5.0521492733361955,-0.42232035151279884
common_imd_1991_2020,JJAS,2024,central_india,FuXi-S2S,3,14,64,0.04136028461368121,0.03980755345843745,0.13770952883343013,-0.12982939979412683,0.1986578498695425,6.720376028829533,5.013059055292577,-0.8576707974757591
common_imd_1991_2020,JJAS,2024,central_india,FuXi-S2S,4,14,64,0.1356958056926672,0.14851845064028274,0.11807577988651313,-0.017444051157902832,0.36566491557905617,6.410503424523348,4.6425598732929165,-1.2916205100691107
common_imd_1991_2020,JJAS,2024,east_northeast_india,ERPAS,1,14,36,0.3490023190783466,0.38118324690043465,0.3075337739435333,0.1582127787227326,0.5319480724408874,7.069724532760105,5.4291240595463375,1.8216016804926676
common_imd_1991_2020,JJAS,2024,east_northeast_india,ERPAS,2,14,36,0.16171547867865607,0.1650197991682282,0.19365371153545008,0.09303248237740258,0.3370288045321575,8.407578343049613,6.527072492532613,1.9528780008736557
common_imd_1991_2020,JJAS,2024,east_northeast_india,ERPAS,3,14,36,0.15664229329189183,0.16303316990387484,0.2110637287908545,-0.022098765291171364,0.34159517599208655,8.11446833705431,6.756784676277724,4.1831243087379635
common_imd_1991_2020,JJAS,2024,east_northeast_india,ERPAS,4,14,36,0.0940218553950781,0.09848849530922257,0.1218251823584883,-0.1050702393902426,0.30970360456836765,8.187762650798863,6.6130343284409525,2.5309288409597928
common_imd_1991_2020,JJAS,2024,east_northeast_india,FuXi-S2S,1,14,36,0.2735547690962425,0.2943789787197722,0.3807832804125393,0.08459228242720757,0.4385786330090115,6.965427740499608,5.250642490563516,1.296394136684489
common_imd_1991_2020,JJAS,2024,east_northeast_india,FuXi-S2S,2,14,36,0.16740780499830882,0.1872580319306394,0.1953961639528343,-0.09580165907646304,0.4528792318882443,8.495450730632953,6.288823580156224,2.2933747334333483
common_imd_1991_2020,JJAS,2024,east_northeast_india,FuXi-S2S,3,14,36,0.07754487848185912,0.08628768395408985,0.05633727560542968,-0.07436808358105725,0.25464854699762374,7.726466107677567,5.90884956141404,2.7815992714374422
common_imd_1991_2020,JJAS,2024,east_northeast_india,FuXi-S2S,4,14,36,-0.009771001894534781,-0.008320935614665024,-0.06453063911859272,-0.27598622930566385,0.2764100335013011,8.604393415699045,6.750879808517145,2.467711135081139
common_imd_1991_2020,JJAS,2024,northwest_india,ERPAS,1,14,68,0.2933616344093498,0.3315587242946752,0.3709734493885005,0.035225409948593876,0.5193727210436779,5.1019964302858005,3.676630979281781,0.6992808868212658
common_imd_1991_2020,JJAS,2024,northwest_india,ERPAS,2,14,68,0.07047067177174464,0.0765035828898102,0.16269072651094083,-0.24930743923388243,0.35593265536681473,5.124296273997374,3.632359356533495,0.9055365868810779
common_imd_1991_2020,JJAS,2024,northwest_india,ERPAS,3,14,68,-0.0566444031433783,-0.05316445353111755,-0.16008778979334692,-0.27826450437085426,0.14237854281959011,5.230719779366809,3.8873349463299722,1.2915281013804703
common_imd_1991_2020,JJAS,2024,northwest_india,ERPAS,4,14,68,-0.005357365208338326,0.00023890396528324036,-0.01821667923336917,-0.2583370411324866,0.22621134696422418,4.96464620974946,3.548760669710085,0.1311764172742677
common_imd_1991_2020,JJAS,2024,northwest_india,FuXi-S2S,1,14,68,0.3768031113072097,0.4401028865388949,0.36940093332549984,0.20705124416273002,0.5350466908428932,4.288417537550381,2.8986149760696134,-0.26680553353811726
common_imd_1991_2020,JJAS,2024,northwest_india,FuXi-S2S,2,14,68,0.25756486216645913,0.30486277946396184,0.11156784580140719,0.03951582757888184,0.647058465493064,4.4229549011066345,3.1263975597586926,-0.044634673192315566
common_imd_1991_2020,JJAS,2024,northwest_india,FuXi-S2S,3,14,68,0.1550409713690903,0.18380414489426386,0.27753457500375517,-0.18350201002660424,0.4536204025192086,4.195867704709039,2.9408013912614237,0.04183008481718848
common_imd_1991_2020,JJAS,2024,northwest_india,FuXi-S2S,4,14,68,0.05139471728246974,0.062095500932720565,0.012526908126307206,-0.12526206110431745,0.3743236349029145,4.352035536992946,2.9780867909741993,-0.11044359715105441
common_imd_1991_2020,JJAS,2024,south_peninsula,ERPAS,1,14,38,0.4999970074319623,0.5958703828553249,0.6305584090618528,0.35223362960009813,0.8123972707268905,4.471237954695641,2.9421492271192853,-0.6146071430435883
common_imd_1991_2020,JJAS,2024,south_peninsula,ERPAS,2,14,38,0.22541481356740983,0.27030932985077005,0.19596919685690067,-0.07966317989262517,0.6697782727929062,5.9369743172617335,4.0993555395813885,0.27504016817690063
common_imd_1991_2020,JJAS,2024,south_peninsula,ERPAS,3,14,38,-0.10560589309179265,-0.13640991905269595,-0.14102757054836285,-0.43058254350964714,0.2019485695364528,6.995750120320669,4.887625887860145,-0.019432170986930668
common_imd_1991_2020,JJAS,2024,south_peninsula,ERPAS,4,14,38,0.1350321105388159,0.13960610989503525,0.20834022283963932,-0.11954254949744719,0.446906733046903,5.660751314119811,4.136948523896767,0.411162902439278
common_imd_1991_2020,JJAS,2024,south_peninsula,FuXi-S2S,1,14,38,0.34297342302107187,0.37922747235946297,0.4230743739913163,0.17621623576120543,0.5820481625271701,5.4521777956154045,3.75203363974907,-0.23052843799931794
common_imd_1991_2020,JJAS,2024,south_peninsula,FuXi-S2S,2,14,38,0.2607693340286051,0.3075139900053062,0.47517266789325063,-0.08535455506352477,0.6642499595703394,6.107978324518998,4.07795271657808,-0.3716614531819489
common_imd_1991_2020,JJAS,2024,south_peninsula,FuXi-S2S,3,14,38,0.23490469056686306,0.2616359361491991,0.2463174495139947,-0.037507899222984406,0.435558938946505,6.053119145248182,4.190177960064622,-0.9926825715523121
common_imd_1991_2020,JJAS,2024,south_peninsula,FuXi-S2S,4,14,38,0.24644477562876235,0.27022936111889123,0.1750495458824101,0.10840473925565389,0.41250248429378733,4.940160786465008,3.504530684159914,-0.012699966635722775
common_imd_1991_2020,JJAS,ALL,central_india,ERPAS,1,31,64,0.417474634424098,0.4748756917993925,0.42904116040698465,0.20217743573576394,0.6271642122304313,6.017195835933789,4.316235327057437,0.4837309158030965
common_imd_1991_2020,JJAS,ALL,central_india,ERPAS,2,31,64,0.12344442077515817,0.15407196875282156,-0.022713903424931917,-0.1100644996440169,0.4322066380893381,7.119597143418429,5.4310930841563945,1.0870533767739563
common_imd_1991_2020,JJAS,ALL,central_india,ERPAS,3,31,64,0.07778499998574279,0.09160735087549111,0.13149974586349525,-0.19483102935767443,0.30136532525203086,6.957551114067612,5.407750790523501,0.7764732004661459
common_imd_1991_2020,JJAS,ALL,central_india,ERPAS,4,31,64,0.1160439593020021,0.13677239700971972,0.03596771631910239,-0.17179378267733814,0.4123762328434335,6.6820577938822,5.082197717469676,-0.20254347871147949
common_imd_1991_2020,JJAS,ALL,central_india,FuXi-S2S,1,31,64,0.44988340310518227,0.4894766826721216,0.3924792110921901,0.30891180211300756,0.6445563076487278,5.939842306631,4.070097144584323,0.038111770235380434
common_imd_1991_2020,JJAS,ALL,central_india,FuXi-S2S,2,31,64,0.26607159893912535,0.3624996363458821,0.21389395872407685,-0.00855085200121801,0.5569141216178017,6.604846443988803,4.710987049970442,-0.26463476164166433
common_imd_1991_2020,JJAS,ALL,central_india,FuXi-S2S,3,31,64,0.14147682193447175,0.17361399895441043,0.14451271895839285,0.03688986155900418,0.294372015020535,6.465438514288046,4.827057231537113,-0.4026342227469278
common_imd_1991_2020,JJAS,ALL,central_india,FuXi-S2S,4,31,64,0.1685183852116205,0.233593143471141,0.12156341650104742,-0.021029695945655437,0.3697700764194078,6.249289132536222,4.631906846298441,-0.2308029455354366
common_imd_1991_2020,JJAS,ALL,east_northeast_india,ERPAS,1,31,36,0.35292327834127174,0.37582896517559805,0.36079140505102,0.25961996631207085,0.5555858303041907,6.980617422644793,5.147301990248752,1.051319359648905
common_imd_1991_2020,JJAS,ALL,east_northeast_india,ERPAS,2,31,36,0.12215952904648818,0.12388948097793519,0.15752006660932122,-0.05377781865856353,0.32726456543378424,8.572421010628256,6.768401726485252,2.3808319390276775
common_imd_1991_2020,JJAS,ALL,east_northeast_india,ERPAS,3,31,36,0.04252973875726947,0.042597192097638605,0.11424372683938544,-0.14943126833968803,0.26450035881045064,8.22723549836284,6.776652302318834,3.9832943535730836
common_imd_1991_2020,JJAS,ALL,east_northeast_india,ERPAS,4,31,36,0.0679222253317061,0.08438880832282115,0.0864767735891829,-0.1636880711994217,0.2770418835149375,7.8138898828591214,6.387436665193769,2.5419539296968607
common_imd_1991_2020,JJAS,ALL,east_northeast_india,FuXi-S2S,1,31,36,0.2773738311926448,0.2972771397608201,0.36968029282204173,0.08692152066179817,0.45873671416433287,7.066347238299677,5.08555352539181,0.9075438608167427
common_imd_1991_2020,JJAS,ALL,east_northeast_india,FuXi-S2S,2,31,36,0.15354534966292926,0.17023784058565342,0.1744507635846353,-0.08235759031956688,0.44432517420958384,8.344818302440677,6.217455656190594,2.0518154589237136
common_imd_1991_2020,JJAS,ALL,east_northeast_india,FuXi-S2S,3,31,36,0.07788135741816407,0.08425591657827083,0.05509001113474426,-0.074036768488411,0.28112821596016485,7.152100228546636,5.4409891719584,1.9512379937800552
common_imd_1991_2020,JJAS,ALL,east_northeast_india,FuXi-S2S,4,31,36,0.016384493623656918,0.01913431619430467,-0.010402085015632457,-0.18028154606885316,0.2688893429159079,7.801270592625246,6.0669708799443685,2.477607935233049
common_imd_1991_2020,JJAS,ALL,northwest_india,ERPAS,1,31,68,0.31028420324118783,0.35938069759908636,0.37509506012769955,0.021550506291776787,0.5768936494972492,4.777066048462927,3.2869814514808717,0.4004697080278553
common_imd_1991_2020,JJAS,ALL,northwest_india,ERPAS,2,31,68,0.0640233670736771,0.06998558578340378,0.05748225417905261,-0.19024754560037643,0.2949979479838209,5.174291269068523,3.6228942008231795,0.4918565751684717
common_imd_1991_2020,JJAS,ALL,northwest_india,ERPAS,3,31,68,0.012882957442372226,0.016617689917070588,0.03060332369402445,-0.2323101134322786,0.22890373720694795,4.92942165843344,3.6794797993974737,1.0839764546937594
common_imd_1991_2020,JJAS,ALL,northwest_india,ERPAS,4,31,68,0.04646269060803975,0.05182935810166678,0.07416961782654939,-0.18444049194311835,0.27579896483534483,4.563164441972604,3.3447780349901435,0.4277346576866587
common_imd_1991_2020,JJAS,ALL,northwest_india,FuXi-S2S,1,31,68,0.4472177805087941,0.4995601839774202,0.5162128764522833,0.2714347939141719,0.6621935036851311,3.978081107840974,2.6488479568439423,-0.5069312925823435
common_imd_1991_2020,JJAS,ALL,northwest_india,FuXi-S2S,2,31,68,0.2355459358225233,0.2770806233938109,0.14901514484702863,0.04896003339037115,0.6369275431713378,4.501915027704723,3.0557549488637195,-0.6026956122668672
common_imd_1991_2020,JJAS,ALL,northwest_india,FuXi-S2S,3,31,68,0.13517951685043286,0.15307184895937248,0.21133358950984638,-0.10975077149125229,0.36171793041317174,4.199103815487804,2.934635818406465,-0.23884720235846896
common_imd_1991_2020,JJAS,ALL,northwest_india,FuXi-S2S,4,31,68,0.05987573760111884,0.07428929967037942,-0.00043955787650631776,-0.1886579484322688,0.4093994250902939,4.148945184943507,2.9106851468834263,-0.01120981921564991
common_imd_1991_2020,JJAS,ALL,south_peninsula,ERPAS,1,31,38,0.5570332170130635,0.6828011472605627,0.6653467489477158,0.3954811810505921,0.8314513293286685,4.076989695481691,2.7574531814943017,-0.23548651082750718
common_imd_1991_2020,JJAS,ALL,south_peninsula,ERPAS,2,31,38,0.36868207000679626,0.45486562695745825,0.46293197622570703,0.014972335704598723,0.7549832515129722,5.392753320500994,3.9565882269471295,1.1206850152631327
common_imd_1991_2020,JJAS,ALL,south_peninsula,ERPAS,3,31,38,0.10384481387930823,0.1227773738530904,0.10577589076756733,-0.22633174482779178,0.46155029771558065,6.311709471605298,4.729951484298843,1.3268771132465185
common_imd_1991_2020,JJAS,ALL,south_peninsula,ERPAS,4,31,38,0.2236422967309312,0.2646630792529039,0.2506498302399544,-0.06368640042213633,0.5705864037685744,5.575522811200602,4.293518390678573,1.2062118545107394
common_imd_1991_2020,JJAS,ALL,south_peninsula,FuXi-S2S,1,31,38,0.39727872982077206,0.46264591283496076,0.4706762874249921,0.2841868422296347,0.634347825230194,5.105892145104994,3.3932241027058416,-0.2136733006537804
common_imd_1991_2020,JJAS,ALL,south_peninsula,FuXi-S2S,2,31,38,0.3002322911837931,0.380434310758466,0.44800975812263716,-0.14373278823656743,0.6149939335607403,5.520225047350036,3.708792084771864,-0.34638400925406304
common_imd_1991_2020,JJAS,ALL,south_peninsula,FuXi-S2S,3,31,38,0.22786440006243205,0.2665669789301882,0.24330352532322358,-0.01723901545375137,0.4305487698484075,5.397420414469233,3.683577581909841,-0.7052180058027555
common_imd_1991_2020,JJAS,ALL,south_peninsula,FuXi-S2S,4,31,38,0.24264123616081607,0.29408795364158224,0.16535671318934875,0.04264670153973129,0.431618416876954,4.971647086387216,3.5372271910084416,0.008086578038325088
common_imd_1991_2020,MAM,2023,central_india,ERPAS,1,14,64,0.436400805415115,0.5320981483268704,0.6824583911466865,0.340388999546022,0.7522891482361891,1.0284199222937125,0.6585045108738203,-0.2883471938645444
common_imd_1991_2020,MAM,2023,central_india,ERPAS,2,14,64,0.2893530536730606,0.3829219951275945,0.44822628781304064,-0.0768116050437142,0.7965386559264271,1.4141672816304969,0.8969729237822218,-0.4744296481299301
common_imd_1991_2020,MAM,2023,central_india,ERPAS,3,14,64,0.2768807517483495,0.3418627912061017,0.44342934155123614,0.18437636404189628,0.6250518951104316,1.945793777029502,1.3797365922228424,-0.05553656430949611
common_imd_1991_2020,MAM,2023,central_india,ERPAS,4,14,64,0.26960135918859296,0.3122981671195489,0.3924560536859405,0.08303305814199383,0.5029313225640182,2.6357382715745983,1.9285596218268048,-0.04690883272916237
common_imd_1991_2020,MAM,2023,central_india,FuXi-S2S,1,14,64,0.6280343056452605,0.7191850148242515,0.7038816100323088,0.516276621532662,0.843477804341753,0.9837291992818838,0.6286285095815343,-0.5141698213766194
common_imd_1991_2020,MAM,2023,central_india,FuXi-S2S,2,14,64,0.4893930068728521,0.6146586369912491,0.4892418669969739,0.30678063890881796,0.8557075462308258,1.3340653987256423,0.8796555854522125,-0.7223143975185072
common_imd_1991_2020,MAM,2023,central_india,FuXi-S2S,3,14,64,0.26657585259970557,0.3291193017352199,0.3681282019753554,-0.06304969408543096,0.5824874823158777,2.148547718953091,1.535257182676919,-0.2558924819146458
common_imd_1991_2020,MAM,2023,central_india,FuXi-S2S,4,14,64,0.2061548931352916,0.2721993606595899,0.40492411740774026,-0.2004226453227328,0.5883012817491692,2.554676258887952,1.8658731305606384,-0.12210415348946443
common_imd_1991_2020,MAM,2023,east_northeast_india,ERPAS,1,14,36,0.28152367513818716,0.49004366897369367,0.25520807152714475,-0.07632160698197757,0.6328568740279388,3.0715430217364315,2.0803386443304244,0.5126650747778599
common_imd_1991_2020,MAM,2023,east_northeast_india,ERPAS,2,14,36,0.16533913840972256,0.19879796027607974,0.13231399103254768,-0.08032500241063088,0.3712926581219665,4.367090602098435,2.955976982314509,1.0085771784113367
common_imd_1991_2020,MAM,2023,east_northeast_india,ERPAS,3,14,36,-0.04180779428943585,-0.04395386284574332,-0.02379281145365069,-0.2652997942415747,0.21847916408569,6.045655444610597,4.156068459451361,1.3120233733146842
common_imd_1991_2020,MAM,2023,east_northeast_india,ERPAS,4,14,36,-0.06727161323746633,-0.0719880682834363,-0.13241000702301478,-0.21747249029001614,0.10645089737028773,7.098116615042736,4.965077852111253,2.715068083930231
common_imd_1991_2020,MAM,2023,east_northeast_india,FuXi-S2S,1,14,36,0.4058664597681378,0.4917248038954364,0.41672700476627783,0.1664804346920776,0.6937315639858869,2.6054276250219517,1.6215279364943058,0.44218081859060293
common_imd_1991_2020,MAM,2023,east_northeast_india,FuXi-S2S,2,14,36,0.22512049889722188,0.2602114882803656,0.3235147844320837,-0.044424594129397255,0.40510875584386724,3.9602845088134133,2.5734446863907725,0.2959138460641076
common_imd_1991_2020,MAM,2023,east_northeast_india,FuXi-S2S,3,14,36,0.1504072260585411,0.1722227198059822,0.11309899699350802,-0.06220135274040131,0.5070785193490687,5.106873202259693,3.3435027878293195,0.907468310277579
common_imd_1991_2020,MAM,2023,east_northeast_india,FuXi-S2S,4,14,36,0.0983870308535353,0.10207033556497845,0.11336533334892403,-0.06227716022027342,0.34265730775022407,5.781214452382774,3.8987195483981116,2.0650616204557575
common_imd_1991_2020,MAM,2023,northwest_india,ERPAS,1,14,68,0.43307965164455553,0.5156765947480346,0.4127072400386925,0.1841917984779754,0.6587753153895076,1.5962331167279253,1.115963352325061,0.36748145536422394
common_imd_1991_2020,MAM,2023,northwest_india,ERPAS,2,14,68,0.2371695644333431,0.2770301943877724,0.18668749758672298,0.010877667252870399,0.4464440900614806,1.7904344835763466,1.2900615198373468,0.27024412476376247
common_imd_1991_2020,MAM,2023,northwest_india,ERPAS,3,14,68,-0.025408140013658233,-0.02266068980760118,-0.1488751256349683,-0.20518602091013857,0.26377863008253594,2.8998187460573948,2.0897518312862915,0.5503505403877202
common_imd_1991_2020,MAM,2023,northwest_india,ERPAS,4,14,68,-0.059519371559145225,-0.057533261493636266,-0.14580617472702373,-0.2110088882526392,0.044692119529989784,3.038356569308037,2.125229903048157,0.5131388938082356
common_imd_1991_2020,MAM,2023,northwest_india,FuXi-S2S,1,14,68,0.6282961763507285,0.7802012076960161,0.6282730551130165,0.43300724253225553,0.8843803182860467,1.16809809533785,0.7916589892336942,-0.42834443263605226
common_imd_1991_2020,MAM,2023,northwest_india,FuXi-S2S,2,14,68,0.4658202240588753,0.529030267612932,0.5593825940405852,0.2411914563180455,0.7413522606477396,1.591515482178506,1.0993528060403674,-0.5763991802433355
common_imd_1991_2020,MAM,2023,northwest_india,FuXi-S2S,3,14,68,0.32115771160983014,0.3581035539260399,0.2807081367397866,0.19587974244404605,0.4883264598327782,2.3090305112198237,1.5284026206845194,-0.8637886904982094
common_imd_1991_2020,MAM,2023,northwest_india,FuXi-S2S,4,14,68,0.22835553846969517,0.25464675487723637,0.2546459058333646,0.022709932705494946,0.38894900566927837,2.4241246873666205,1.6144746343839997,-0.7593672515100776
common_imd_1991_2020,MAM,2023,south_peninsula,ERPAS,1,14,38,0.42157586439263695,0.4726921452261621,0.3950346548633229,0.2804662882665238,0.5614472244666882,1.513620500815718,1.0963004964832506,0.0871836541020706
common_imd_1991_2020,MAM,2023,south_peninsula,ERPAS,2,14,38,0.11067500189872072,0.11127769150249447,0.2166896253951809,-0.11547647587720025,0.3926583421473865,2.3118102893491943,1.7310537071895518,-0.15643352473358357
common_imd_1991_2020,MAM,2023,south_peninsula,ERPAS,3,14,38,0.05066900849837574,0.06611549127401004,0.06680064965182567,-0.2471777108154058,0.29011065629149946,2.6357779326661364,1.9080437270520998,0.015749656713945792
common_imd_1991_2020,MAM,2023,south_peninsula,ERPAS,4,14,38,-0.043409507161206395,-0.04220870477854128,-0.024229944163474567,-0.3699404615563698,0.22841791435009545,3.1466464338318403,2.2963745769176955,0.4674577442036199
common_imd_1991_2020,MAM,2023,south_peninsula,FuXi-S2S,1,14,38,0.5278581610881661,0.6312616896596908,0.49448525172330854,0.3666008443326281,0.7846391666880257,1.5119572099937597,1.1019474401389509,-0.728410132803454
common_imd_1991_2020,MAM,2023,south_peninsula,FuXi-S2S,2,14,38,0.35360234895113696,0.4322175627188828,0.40748668664992505,0.15078159800891522,0.6024554692445353,2.2204549301809897,1.6393935128857875,-1.088797903421537
common_imd_1991_2020,MAM,2023,south_peninsula,FuXi-S2S,3,14,38,0.15959178486380282,0.18996921096953354,0.1273878849922402,-0.04038477847524792,0.5371779639241164,3.043480147033086,2.111488902851194,-0.6480076048666678
common_imd_1991_2020,MAM,2023,south_peninsula,FuXi-S2S,4,14,38,0.18744325111702015,0.2488557820062943,0.13668584517940185,-0.07437120202905204,0.47648713180325936,3.0514792627085687,2.1927691686008255,-0.31296443955852077
common_imd_1991_2020,MAM,2024,central_india,ERPAS,1,13,64,0.48993019006882527,0.5915769028971206,0.6857476128675001,0.29393994703170373,0.730588300366727,0.9310143831749129,0.5834341593052536,-0.3532146688009139
common_imd_1991_2020,MAM,2024,central_india,ERPAS,2,13,64,0.28623563352736475,0.4085689663856539,0.30634852957656217,0.1075345489308025,0.41647891451672087,1.389124362788012,0.8743898365207827,-0.6200392190636779
common_imd_1991_2020,MAM,2024,central_india,ERPAS,3,13,64,0.35978862139091944,0.4312653608090094,0.378325398837864,0.2097335430648294,0.4758194093392915,1.5285044278333697,1.0445444152106647,-0.0837330285224759
common_imd_1991_2020,MAM,2024,central_india,ERPAS,4,13,64,0.318115515577336,0.42887596862336735,0.4516004318680194,0.031247790885988665,0.6106945577575477,2.143843897895856,1.6312667663801483,0.4091553696756444
common_imd_1991_2020,MAM,2024,central_india,FuXi-S2S,1,13,64,0.5119903821464704,0.6251388839578755,0.5849166317738277,0.42941619479781185,0.7866886551939852,0.9460877533794988,0.5839835073614592,-0.4394652818019424
common_imd_1991_2020,MAM,2024,central_india,FuXi-S2S,2,13,64,0.1707754083494327,0.24231189053037216,0.19838510336426562,-0.09741642557449763,0.5337816152883313,1.6165808816529699,0.9839317913479493,-0.25559703391602806
common_imd_1991_2020,MAM,2024,central_india,FuXi-S2S,3,13,64,0.34465450001605197,0.4197316748676372,0.4755476085232928,0.16614926734592264,0.555676174488852,1.4390370983711978,0.9562449325500044,-0.1809935806005319
common_imd_1991_2020,MAM,2024,central_india,FuXi-S2S,4,13,64,0.2258557508541756,0.31633449474440456,0.26012295533560326,-0.039361173727625834,0.3941101882832806,2.0341536324850664,1.3720392581787886,-0.054152734077969465
common_imd_1991_2020,MAM,2024,east_northeast_india,ERPAS,1,13,36,0.28056252576779533,0.315967483970605,0.37817757548583353,0.051555348840067634,0.5887650336535437,4.2069697579308105,2.7194575367463036,0.07960280789544308
common_imd_1991_2020,MAM,2024,east_northeast_india,ERPAS,2,13,36,0.11704888261389085,0.1350123520993436,0.17029191014402972,0.007801538139828307,0.2248119513159067,5.375570251425728,3.58098460531671,0.912158258750932
common_imd_1991_2020,MAM,2024,east_northeast_india,ERPAS,3,13,36,-0.0880589455502362,-0.09031888433904169,-0.15644845296051124,-0.20392104440382694,0.07760784332904141,8.124862633364213,5.327114933903728,1.9723374275129832
common_imd_1991_2020,MAM,2024,east_northeast_india,ERPAS,4,13,36,-0.09101329006808001,-0.08000974068859791,-0.17447977382128035,-0.3652178993535098,0.053852886777787615,8.617093030774575,6.20962338347277,3.1312989832109457
common_imd_1991_2020,MAM,2024,east_northeast_india,FuXi-S2S,1,13,36,0.40779252430098994,0.44920790741550415,0.5733442253945822,0.2343371563624855,0.6604373815362484,4.133615483674247,2.549788423862306,0.7320557456289449
common_imd_1991_2020,MAM,2024,east_northeast_india,FuXi-S2S,2,13,36,0.1596528193174088,0.18086575025502527,0.10644459250263469,-0.0618688410422749,0.519314533597145,5.748415955443516,3.8498377926097005,1.81743320905259
common_imd_1991_2020,MAM,2024,east_northeast_india,FuXi-S2S,3,13,36,0.08761364905772143,0.09962732120261945,0.08898684761187689,-0.15315011604950046,0.247018634011081,6.855950474852285,4.436472400385161,2.093016190971431
common_imd_1991_2020,MAM,2024,east_northeast_india,FuXi-S2S,4,13,36,0.06501443142731016,0.07337409292269058,0.014599785906545228,-0.1203046644652848,0.22837609985870347,6.940626384373228,4.688671443912325,2.623660240030627
common_imd_1991_2020,MAM,2024,northwest_india,ERPAS,1,13,68,0.35748765905758845,0.463126339206567,0.43853050271306476,0.10649000508185355,0.5709214757168884,1.290620229896871,0.7416592927626291,0.44892663931228416
common_imd_1991_2020,MAM,2024,northwest_india,ERPAS,2,13,68,0.168635031865354,0.193463510888328,0.2255922872844029,-0.04715099584786321,0.44981698694550226,1.6720075513010657,1.0144629027255414,0.6654832109961782
common_imd_1991_2020,MAM,2024,northwest_india,ERPAS,3,13,68,-0.012718034500143749,-0.0163784052373451,0.030225861857656737,-0.29388621772001083,0.22889918442447987,1.9055036515391213,1.2731247020200551,1.0387254897285514
common_imd_1991_2020,MAM,2024,northwest_india,ERPAS,4,13,68,-0.11905883862424682,-0.12390175118553917,-0.22918123090543263,-0.3611525485660563,0.0011156300483447141,2.4092576474238943,1.6785963938042814,1.4233483637924305
common_imd_1991_2020,MAM,2024,northwest_india,FuXi-S2S,1,13,68,0.5218010349903943,0.6580820544949725,0.6150055033351557,0.3837001809858569,0.735109329019556,0.9881262763561656,0.5221119656114653,0.111942850109098
common_imd_1991_2020,MAM,2024,northwest_india,FuXi-S2S,2,13,68,0.3409041633178652,0.4039514658407751,0.48175159942129614,-0.0163338062973051,0.6093623244451774,1.1832010120586867,0.6533934814943211,0.20150169573228288
common_imd_1991_2020,MAM,2024,northwest_india,FuXi-S2S,3,13,68,0.27382568850254724,0.30687378818484234,0.3733702481175105,-0.13518604931727007,0.42655832844550023,1.186849579941766,0.6582261746083743,0.06477616796547056
common_imd_1991_2020,MAM,2024,northwest_india,FuXi-S2S,4,13,68,0.23304489762278863,0.2479373978985727,0.3402542835632708,0.09459231082088092,0.4852339896554005,1.3342389390073417,0.8016617447583966,0.11504622087322391
common_imd_1991_2020,MAM,2024,south_peninsula,ERPAS,1,13,38,0.5399604362206905,0.594721940415355,0.5553253557301782,0.367509623504782,0.738229974238997,1.6421357482889578,1.2142882305476768,0.3523710937181559
common_imd_1991_2020,MAM,2024,south_peninsula,ERPAS,2,13,38,0.2537269964952754,0.29674775458556635,0.3253210235682926,-0.0561370554062963,0.5976135400495132,2.2144216688288703,1.6272336647109287,-0.7655968588626573
common_imd_1991_2020,MAM,2024,south_peninsula,ERPAS,3,13,38,0.11356106964112132,0.13659788108256762,0.1588949321831205,-0.22387561260485903,0.5810984043093091,2.835285180388698,2.0520753901990783,-0.7200418541770115
common_imd_1991_2020,MAM,2024,south_peninsula,ERPAS,4,13,38,0.11877218944723734,0.1460826889158282,0.16040658321671467,-0.04027325370921323,0.31564023235553607,3.0633080111952236,2.2935054729077824,-0.6151709752001276
common_imd_1991_2020,MAM,2024,south_peninsula,FuXi-S2S,1,13,38,0.6932738019573855,0.7680926093051906,0.7317811611545623,0.631107314235878,0.8330587117814725,1.4841205697807967,1.057476378709881,-0.6144600199301412
common_imd_1991_2020,MAM,2024,south_peninsula,FuXi-S2S,2,13,38,0.43379870707979545,0.48498064568524824,0.5034628499119945,0.42189942776639194,0.560750430391921,2.954015619506925,2.365383959426147,0.07137235623156563
common_imd_1991_2020,MAM,2024,south_peninsula,FuXi-S2S,3,13,38,0.38305669747261295,0.44912469324749466,0.5151277239344848,0.32825230334736805,0.7205273670642358,2.769146294587908,2.197712247563434,-0.7106131169636398
common_imd_1991_2020,MAM,2024,south_peninsula,FuXi-S2S,4,13,38,0.2379903753663532,0.29399949380431656,0.3797755365694633,-0.10485227156196714,0.6249698032702683,3.391525597496544,2.530720035780035,-0.5290453683033622
common_imd_1991_2020,MAM,ALL,central_india,ERPAS,1,27,64,0.46217421284097543,0.5614625196043959,0.6857476128675001,0.295083009572592,0.7494800035143598,0.9815209590142906,0.6223595267852512,-0.3195796817968706
common_imd_1991_2020,MAM,ALL,central_india,ERPAS,2,27,64,0.28785207360291076,0.3953475911681023,0.36748151270518614,-0.04117639292761588,0.779436859463994,1.4021095799655967,0.8860995854711584,-0.5445379600609939
common_imd_1991_2020,MAM,ALL,central_india,ERPAS,3,27,64,0.3167993556503276,0.38581703805851136,0.39212074905942135,0.18963503631991224,0.6158285733508283,1.7448766829721047,1.2183477662540159,-0.0691126396713012
common_imd_1991_2020,MAM,ALL,central_india,ERPAS,4,27,64,0.2929600270794693,0.3698905264977882,0.42280505112061384,0.0566085854641397,0.52581670509657,2.3989002398033525,1.7854186173524884,0.1726776350953743
common_imd_1991_2020,MAM,ALL,central_india,FuXi-S2S,1,27,64,0.5721613054421394,0.6766295654335412,0.6989505512771833,0.4707284218520551,0.8185650302827313,0.9656055401436985,0.6071327677718686,-0.478200968988812
common_imd_1991_2020,MAM,ALL,central_india,FuXi-S2S,2,27,64,0.3359845335097242,0.4546049167084597,0.3722100801366823,0.07297607942660228,0.6930917013087166,1.4700913719869486,0.9298626475501598,-0.49759862985805436
common_imd_1991_2020,MAM,ALL,central_india,FuXi-S2S,3,27,64,0.30416927542979827,0.3736417236275148,0.41033123572709923,0.1098667474958609,0.5812797002928658,1.806931494228476,1.2564735066898862,-0.21983004794859098
common_imd_1991_2020,MAM,ALL,central_india,FuXi-S2S,4,27,64,0.21564049129623578,0.29360625573347704,0.2622284491827339,-0.16850339963764224,0.544264915649962,2.304054253582859,1.6281012660804888,-0.0893868034024483
common_imd_1991_2020,MAM,ALL,east_northeast_india,ERPAS,1,27,36,0.2810608995154059,0.4099149241631498,0.2647001761931076,-0.04006545644331882,0.6000523092295502,3.6182299687929835,2.388062555493625,0.3041536129455852
common_imd_1991_2020,MAM,ALL,east_northeast_india,ERPAS,2,27,36,0.14208827450802583,0.16826133991124353,0.17029191014402972,-0.059810945542717396,0.3387625836720111,4.852654877700465,3.2569065785748283,0.9621532541304013
common_imd_1991_2020,MAM,ALL,east_northeast_india,ERPAS,3,27,36,-0.06407686711871009,-0.06631382342187436,-0.06254123863645643,-0.2550652819541798,0.11044524129204436,7.046755202158635,4.7199056508543515,1.6299523623731245
common_imd_1991_2020,MAM,ALL,east_northeast_india,ERPAS,4,27,36,-0.07870279097072476,-0.0758515822215419,-0.16255521921744023,-0.31935066399925327,0.09020609559184645,7.829475630024733,5.564303478322354,2.9154755539542783
common_imd_1991_2020,MAM,ALL,east_northeast_india,FuXi-S2S,1,27,36,0.4067938241728445,0.47152665043941855,0.4656099528121193,0.18599402157385383,0.662417510804413,3.341221779187871,2.0684681711529724,0.5817502279053604
common_imd_1991_2020,MAM,ALL,east_northeast_india,FuXi-S2S,2,27,36,0.19359902354397854,0.22237370507904708,0.13126765358686432,-0.06407097845893939,0.46428921215387464,4.821236686820499,3.188004330125812,1.0284972430585622
common_imd_1991_2020,MAM,ALL,east_northeast_india,FuXi-S2S,3,27,36,0.12017328157666496,0.13745241258101404,0.09087997674388187,-0.11644577188725008,0.3673752881225123,5.949021518693164,3.8697474160969474,1.4782876602412853
common_imd_1991_2020,MAM,ALL,east_northeast_india,FuXi-S2S,4,27,36,0.08231874224090836,0.08827184040668895,0.07801525588731313,-0.11261110505898098,0.2564372850592367,6.339449827044843,4.279066757349399,2.3340165113621762
common_imd_1991_2020,MAM,ALL,northwest_india,ERPAS,1,27,68,0.39668350706564537,0.4908189360735474,0.43853050271306476,0.1414926102362888,0.6170281773427724,1.4490861712166767,0.9357428792024086,0.40669580319106774
common_imd_1991_2020,MAM,ALL,northwest_india,ERPAS,2,27,68,0.20417145615986687,0.23723024456342914,0.2255922872844029,-0.024812924833726192,0.4505574937537353,1.7334141087771375,1.1573658893761074,0.46054442554233294
common_imd_1991_2020,MAM,ALL,northwest_india,ERPAS,3,27,68,-0.019298089210854966,-0.01963607891358319,-0.07215673482313582,-0.26404881387096524,0.2748591929943365,2.4210744412893375,1.6965609912692146,0.7854940345147872
common_imd_1991_2020,MAM,ALL,northwest_india,ERPAS,4,27,68,-0.08818652236826822,-0.08958871422423073,-0.15822969669192574,-0.3294892933439452,0.03845836859312483,2.735457088400857,1.910184139338143,0.9513878978746997
common_imd_1991_2020,MAM,ALL,northwest_india,FuXi-S2S,1,27,68,0.577020737917975,0.7270322652292036,0.6150055033351557,0.401531460386487,0.8197606717601376,1.0814449973096314,0.6618770889711395,-0.1682061113143133
common_imd_1991_2020,MAM,ALL,northwest_india,FuXi-S2S,2,27,68,0.40567545407246297,0.47115262830632115,0.5489076478149121,0.05174753004106196,0.6855716687552711,1.3949196261948895,0.8846316497774561,-0.20185431403285256
common_imd_1991_2020,MAM,ALL,northwest_india,FuXi-S2S,3,27,68,0.29836821900261984,0.3336826793810289,0.3347779169868319,0.12217318315989265,0.4696321942381299,1.7687211739377957,1.1094287762774866,-0.41670190679347463
common_imd_1991_2020,MAM,ALL,northwest_india,FuXi-S2S,4,27,68,0.23061337806192533,0.25141933869423727,0.2761810009148469,0.028070962997069265,0.46736650013531206,1.8993648826010414,1.2231202801198207,-0.3383533573995991
common_imd_1991_2020,MAM,ALL,south_peninsula,ERPAS,1,27,38,0.478575843420959,0.5342412965985233,0.43478829065802066,0.297340324499985,0.6576903121350368,1.5754982125620927,1.1531094054772337,0.21486649539870425
common_imd_1991_2020,MAM,ALL,south_peninsula,ERPAS,2,27,38,0.17955188818595075,0.2024141042378461,0.27775135761143227,-0.09823997152407099,0.4729716236225625,2.264919472061631,1.6810662793294742,-0.44973438931424864
common_imd_1991_2020,MAM,ALL,south_peninsula,ERPAS,3,27,38,0.08095037127080879,0.10017809480894678,0.15699956437043822,-0.2432637623519534,0.3115749536900093,2.7318369778658878,1.9773923056043485,-0.33852033001133
common_imd_1991_2020,MAM,ALL,south_peninsula,ERPAS,4,27,38,0.03467797639100728,0.04890489214864277,0.09578346703922241,-0.3340848197484382,0.3006000311958319,3.1065205266364324,2.2949931564684785,-0.053807935509295614
common_imd_1991_2020,MAM,ALL,south_peninsula,FuXi-S2S,1,27,38,0.6075027289140867,0.7036761270787197,0.6911632645358661,0.4563259459296125,0.8186208287622566,1.4985543832245551,1.0805354475990285,-0.6735452636422294
common_imd_1991_2020,MAM,ALL,south_peninsula,FuXi-S2S,2,27,38,0.3922154102723429,0.458025956197402,0.46015509773355734,0.288102861132719,0.5728428394372093,2.5736508176342174,1.988944468627442,-0.530197408033006
common_imd_1991_2020,MAM,ALL,south_peninsula,FuXi-S2S,3,27,38,0.26718600204582255,0.3208190227922352,0.366695904425955,-0.018966540143273182,0.6148160905181819,2.91139347733726,2.1530038466015315,-0.6781509995800247
common_imd_1991_2020,MAM,ALL,south_peninsula,FuXi-S2S,4,27,38,0.21178075538521754,0.27074068600804524,0.2659064137557633,-0.09188741268934733,0.6219368631871167,3.2152052757546308,2.3554862527982228,-0.41700340525048146
common_imd_1991_2020,OND,2023,central_india,ERPAS,1,13,64,0.6939200222207779,0.9122331674143523,0.7958621092718713,0.5701307111253042,0.9176005564930211,0.8301082865717562,0.4701996126741437,0.06481766860672726
common_imd_1991_2020,OND,2023,central_india,ERPAS,2,13,64,0.3845948520142429,0.46231624044480807,0.45500090081459554,0.16988756260088356,0.6334599948623231,1.1053493837002648,0.7459524100305315,0.0598041850616137
common_imd_1991_2020,OND,2023,central_india,ERPAS,3,13,64,0.3649587855318084,0.4286782140225051,0.5204236956846884,0.18964471504917188,0.6230527050588647,1.0787309155273173,0.7952171357299688,0.07683566577354724
common_imd_1991_2020,OND,2023,central_india,ERPAS,4,13,64,0.2749208138650066,0.3351475189797735,0.3282029611821672,0.0063374251383213126,0.46703993652672354,1.0672912650846222,0.7960099168263356,0.03308432472412909
common_imd_1991_2020,OND,2023,central_india,FuXi-S2S,1,13,64,0.7322882853491973,0.9407783494546766,0.9018459614852605,0.5356523002525116,0.9804999904547113,0.7240633592259518,0.4057990997903583,-0.22276995787164225
common_imd_1991_2020,OND,2023,central_india,FuXi-S2S,2,13,64,0.640717364431606,0.8216356171623812,0.7337533676930141,0.3936740414166487,0.921611651885083,0.830892966960621,0.5078367915861548,-0.36763047061178844
common_imd_1991_2020,OND,2023,central_india,FuXi-S2S,3,13,64,0.5189834440048222,0.7001758015288423,0.5046452231734615,0.36827863937089134,0.8807758159617838,0.8309755145298485,0.5420741837960559,-0.24333921354251484
common_imd_1991_2020,OND,2023,central_india,FuXi-S2S,4,13,64,0.39220554701574234,0.4381682280179058,0.3757343796515019,0.2927853210912395,0.5619996779704457,0.937970822016013,0.6330278431000809,-0.14399974177260813
common_imd_1991_2020,OND,2023,east_northeast_india,ERPAS,1,13,36,0.5979556183607146,0.7141779006000207,0.6674587492688497,0.3317925044775748,0.8760837027508862,1.070405928845795,0.7179861147309755,0.07917477081847078
common_imd_1991_2020,OND,2023,east_northeast_india,ERPAS,2,13,36,0.54045662247853,0.6135072906502094,0.6526367150402953,0.397016348084917,0.745930310829072,0.9002496311816667,0.6278583103566527,0.027804349110113633
common_imd_1991_2020,OND,2023,east_northeast_india,ERPAS,3,13,36,0.40960992159061277,0.471966983355078,0.4930704875581712,0.2429489659768871,0.5863041600857135,0.8196851688261094,0.5792623470486655,-0.04417401226943733
common_imd_1991_2020,OND,2023,east_northeast_india,ERPAS,4,13,36,0.5023363901182649,0.536222928750416,0.4471558524231354,0.396641849178133,0.6581497592356763,0.8062388227148792,0.5799951934254213,-0.08291185115215813
common_imd_1991_2020,OND,2023,east_northeast_india,FuXi-S2S,1,13,36,0.469729022393088,0.5268132753502369,0.5567867283667381,0.2932325320609099,0.7499371699059487,1.1986725428812361,0.756066189906896,0.14369177584044118
common_imd_1991_2020,OND,2023,east_northeast_india,FuXi-S2S,2,13,36,0.266408693034259,0.30235359526471883,0.29734866460397763,0.1287971980638045,0.40279348807678966,0.979988718207828,0.607625077736572,0.000823515606427623
common_imd_1991_2020,OND,2023,east_northeast_india,FuXi-S2S,3,13,36,0.10343213368745292,0.13029450761081268,0.08943431621238436,-0.13114915277466588,0.20598336519784743,1.1294625538450984,0.7506612740066456,0.08999040352723535
common_imd_1991_2020,OND,2023,east_northeast_india,FuXi-S2S,4,13,36,-0.09699337927892243,-0.0978411437776474,-0.21514787737608465,-0.25918969706762596,-0.04699713386140054,1.3457465249180958,0.9229994235763093,0.326755140669284
common_imd_1991_2020,OND,2023,northwest_india,ERPAS,1,13,68,0.5573180207369914,0.732365203752813,0.5363468571771245,0.34192886759844404,0.9556045489292998,0.5738266444579914,0.330757795953813,0.03449634451025543
common_imd_1991_2020,OND,2023,northwest_india,ERPAS,2,13,68,0.3461430245395327,0.5136246792613627,0.3669298757690335,0.10804688282844306,0.629883793907448,0.7526313495478527,0.47817197824732277,0.0798170416570118
common_imd_1991_2020,OND,2023,northwest_india,ERPAS,3,13,68,0.11542080867876815,0.26577461690988924,0.021667078091176867,-0.307805890565454,0.5327414629784422,0.8965156814525558,0.6278714677416313,0.449253808166088
common_imd_1991_2020,OND,2023,northwest_india,ERPAS,4,13,68,0.08611242979672126,0.1012287212550602,0.1431431770453514,-0.21370952387878547,0.4819919440730111,1.0666695367272463,0.7347109463897208,0.5478273184998633
common_imd_1991_2020,OND,2023,northwest_india,FuXi-S2S,1,13,68,0.741168017403323,0.8546100763173295,0.7898282097134675,0.6937248251519686,0.9575293466576807,0.5043832054901161,0.27615768753674447,-0.09126979685780642
common_imd_1991_2020,OND,2023,northwest_india,FuXi-S2S,2,13,68,0.292309509478438,0.42667213119651637,0.27531297743539007,0.0381379650963749,0.6906713800114037,0.810653419554239,0.483587114761796,0.13412233251991748
common_imd_1991_2020,OND,2023,northwest_india,FuXi-S2S,3,13,68,-0.04603216013905101,0.06396841595498705,-0.3432558881190998,-0.45605218689491506,0.30879248053907943,1.0217147330045413,0.6563265163475541,0.5206234346442392
common_imd_1991_2020,OND,2023,northwest_india,FuXi-S2S,4,13,68,-0.12394663462470162,-0.11998209384317746,-0.22124474225426827,-0.4823487538835203,0.05662759911922433,1.2138478619943351,0.7859999737621496,0.6504923588404606
common_imd_1991_2020,OND,2023,south_peninsula,ERPAS,1,13,38,0.49157852474813407,0.5701106400865975,0.5807129234448205,0.34857333688674835,0.7141201406567477,2.9271664819075247,1.8660570563322905,0.11328064175807405
common_imd_1991_2020,OND,2023,south_peninsula,ERPAS,2,13,38,0.3581323543295901,0.43914199934024023,0.5424055593856844,-0.036371446524407436,0.7013678205664616,3.7367816178194175,2.4828580702595833,0.39642964656396545
common_imd_1991_2020,OND,2023,south_peninsula,ERPAS,3,13,38,0.2456436169532726,0.3205397194858905,0.3552049965094192,-0.22553866328655547,0.6022449375926584,3.3382788718716916,2.199147940348277,-0.09882601216046819
common_imd_1991_2020,OND,2023,south_peninsula,ERPAS,4,13,38,0.17515185153450089,0.2717085017264287,0.15287980332635254,-0.028811546090213896,0.44307945054561726,3.050784697455576,1.9512685575081323,-0.30274225265072896
common_imd_1991_2020,OND,2023,south_peninsula,FuXi-S2S,1,13,38,0.4573521810968876,0.5486820378907955,0.5736079247123688,0.29269902689327004,0.7501297448297743,2.751072690520206,1.457963023369461,-0.6226050278124868
common_imd_1991_2020,OND,2023,south_peninsula,FuXi-S2S,2,13,38,0.24205813749001484,0.32618596535592975,0.3807867311313691,-0.2014540803603695,0.6602728954017382,3.70779626673465,2.14866738573983,-0.8173143997204491
common_imd_1991_2020,OND,2023,south_peninsula,FuXi-S2S,3,13,38,0.07622105494740529,0.11708259503272894,0.05468653487214762,-0.39576194163618744,0.4608003662781399,3.416644677589387,2.0183209795129002,-0.6623399788973352
common_imd_1991_2020,OND,2023,south_peninsula,FuXi-S2S,4,13,38,0.1331640945627062,0.15280995337287598,0.28308912805673286,-0.35827186961572943,0.47844092329337906,3.3226552657357122,2.0577992584174836,-0.4225353123240988
common_imd_1991_2020,OND,2024,central_india,ERPAS,1,13,64,0.6413148322051179,0.7382427191509834,0.6106724300604375,0.49638443156680256,0.7607527260013426,1.0800596158461373,0.5999360456458842,0.04769011116382274
common_imd_1991_2020,OND,2024,central_india,ERPAS,2,13,64,0.4288494762303759,0.49012885698117226,0.5642195724979384,0.2722042401378053,0.6347820454316663,1.4151241352772461,0.903041417924093,0.3236546936211432
common_imd_1991_2020,OND,2024,central_india,ERPAS,3,13,64,0.23753049084694583,0.34145825480031633,0.3517377906616521,-0.21420445524870468,0.6386564236698542,1.117286232802376,0.7307073803883473,0.25757513717944974
common_imd_1991_2020,OND,2024,central_india,ERPAS,4,13,64,0.32298882548719343,0.43828397215538967,0.300314556420905,0.09245769709093632,0.49177597520145233,0.9795557447987693,0.6369445179730954,0.29913136748672386
common_imd_1991_2020,OND,2024,central_india,FuXi-S2S,1,13,64,0.582115653513731,0.6937690660324379,0.5890421113285509,0.5630705854941442,0.7578660196000768,1.1711296037215222,0.608526788053029,-0.008483809242538708
common_imd_1991_2020,OND,2024,central_india,FuXi-S2S,2,13,64,0.3148160163339751,0.4639958193534083,0.423224993367012,0.0292720898214922,0.5320220484138523,1.376537734324869,0.8525933158971218,0.35637625375452503
common_imd_1991_2020,OND,2024,central_india,FuXi-S2S,3,13,64,0.2542072348662059,0.3583240100469135,0.21382622114343716,-0.0059951188513475626,0.6008813987558088,1.1615845505170337,0.6087097370109501,0.030944950089867675
common_imd_1991_2020,OND,2024,central_india,FuXi-S2S,4,13,64,0.33038065252861243,0.37073188034048643,0.477483420426696,0.1836841709634835,0.569956068143766,0.932424225664117,0.5220143811465752,0.14640695497338252
common_imd_1991_2020,OND,2024,east_northeast_india,ERPAS,1,13,36,0.44282226108400596,0.5553501515573128,0.5586762553616547,0.06720682856645305,0.8600145422795025,1.49382442322871,1.0119530017837155,-0.06339683030091084
common_imd_1991_2020,OND,2024,east_northeast_india,ERPAS,2,13,36,0.25644872575574734,0.34940405801738017,0.27727937847922873,-0.18817993962080418,0.6986630942997971,1.3544301468043582,1.0224527011166307,0.38844311193750486
common_imd_1991_2020,OND,2024,east_northeast_india,ERPAS,3,13,36,0.08447680500879892,0.11260870435882618,0.13067563575863456,-0.3020216237936025,0.3071008837653016,1.1089260195609159,0.7288714818057236,0.1509573019435336
common_imd_1991_2020,OND,2024,east_northeast_india,ERPAS,4,13,36,0.15278971784616266,0.1867476416192853,0.10840811043802527,-0.05052653982774129,0.42400805779078343,0.8387332960697667,0.5077525879548476,-0.060166690630956476
common_imd_1991_2020,OND,2024,east_northeast_india,FuXi-S2S,1,13,36,0.2879704257550212,0.31402635466830026,0.36657263553947567,0.09589236130355007,0.5160759276673755,1.8716716421362227,1.2284448824897427,0.6367234528146347
common_imd_1991_2020,OND,2024,east_northeast_india,FuXi-S2S,2,13,36,0.20003365006636836,0.2342814393322281,0.2678521948658002,-0.1378958721440726,0.4224335503837051,2.488394450588172,1.6852129805035534,1.1562146550730823
common_imd_1991_2020,OND,2024,east_northeast_india,FuXi-S2S,3,13,36,0.06839134984569292,0.06592198726926879,0.08666637725821834,-0.15949873054947847,0.328036557317773,1.6825574383634212,1.1004260450618977,0.6380369175122389
common_imd_1991_2020,OND,2024,east_northeast_india,FuXi-S2S,4,13,36,0.0221335894270945,0.006979361042843296,0.12238595118681288,-0.06626069978665793,0.251557745023026,1.325957055426252,0.8771023901465214,0.5455422265043101
common_imd_1991_2020,OND,2024,northwest_india,ERPAS,1,13,68,0.4352997288721611,0.6355436284232648,0.6211889982682806,0.11167086477117989,0.7047126020482127,0.5644850618337073,0.32644559726113714,-0.014343134065483428
common_imd_1991_2020,OND,2024,northwest_india,ERPAS,2,13,68,0.2310641187124586,0.35800771607113363,0.3466831388991932,-0.20256061200887815,0.7480305907601328,0.8047360044498646,0.5069680562948978,0.16724244689917162
common_imd_1991_2020,OND,2024,northwest_india,ERPAS,3,13,68,0.334481441806464,0.43941476209358665,0.4799061134626052,-0.23727310749573882,0.7237527072208907,0.7714994966103729,0.5538800096658453,0.1797109518172949
common_imd_1991_2020,OND,2024,northwest_india,ERPAS,4,13,68,0.2413298490957047,0.32410567342324725,0.3466535254205091,0.06064084826751906,0.6895475931475045,0.7852278105486706,0.5417308921339173,0.1647525535343444
common_imd_1991_2020,OND,2024,northwest_india,FuXi-S2S,1,13,68,0.35072027967501096,0.47249533176117187,0.4665066280314567,0.0955526519602876,0.6755475322062853,0.7509485467607001,0.4280771057563423,0.08991355920140674
common_imd_1991_2020,OND,2024,northwest_india,FuXi-S2S,2,13,68,0.3452259434648281,0.3947888239954263,0.5249578004734623,0.1520445074907741,0.7049350672310992,0.753399291146142,0.4905898682105801,0.11877813558709625
common_imd_1991_2020,OND,2024,northwest_india,FuXi-S2S,3,13,68,0.32390474379124157,0.4622060884214669,0.3695577735344545,-0.01812592128785073,0.8442255614034653,0.713089215429682,0.4696554475245537,0.11391627000523843
common_imd_1991_2020,OND,2024,northwest_india,FuXi-S2S,4,13,68,0.36258257574213143,0.4764557931120837,0.3481410422766526,0.16029955078628305,0.6008013107824899,0.7134492118191031,0.4694081854422316,0.1358991863182658
common_imd_1991_2020,OND,2024,south_peninsula,ERPAS,1,13,38,0.4240389030469531,0.5070938379673172,0.3438106092176829,0.22930396550434745,0.7074077150159781,3.3014952358443796,2.027513229966544,-0.11179211361750943
common_imd_1991_2020,OND,2024,south_peninsula,ERPAS,2,13,38,0.3075524871981696,0.36195309586858315,0.4955577193972504,0.0008728614947443351,0.5523379635018655,3.3276449069722767,2.232277547098015,0.20890454414988285
common_imd_1991_2020,OND,2024,south_peninsula,ERPAS,3,13,38,0.26936439176551386,0.35646463617340657,0.26020915470383527,-0.2030718761170597,0.6548267861301599,2.988535949636717,1.9955132658493204,0.7504516376914557
common_imd_1991_2020,OND,2024,south_peninsula,ERPAS,4,13,38,0.28302995906899675,0.3529742123461954,0.24932841592731897,-0.023821695611218094,0.7144471869147202,2.9035530352293475,1.8933317304558526,0.5692459238440362
common_imd_1991_2020,OND,2024,south_peninsula,FuXi-S2S,1,13,38,0.4326721323409358,0.5179981793281184,0.59066809026968,0.16584445973693782,0.7066109102638236,3.168342864818774,1.9689904241001501,-0.6284950609958119
common_imd_1991_2020,OND,2024,south_peninsula,FuXi-S2S,2,13,38,0.25129308039049597,0.3304582789336806,0.29146097154014994,-0.1050224583517969,0.5835049663775076,3.930479928046761,2.600805670714232,0.029162057184520414
common_imd_1991_2020,OND,2024,south_peninsula,FuXi-S2S,3,13,38,0.12165154313409045,0.20054047651990928,-0.10176814605667946,-0.3646472848469039,0.6108944809393583,3.440808545874381,2.182372538004671,0.38461523977448137
common_imd_1991_2020,OND,2024,south_peninsula,FuXi-S2S,4,13,38,0.1912316188004288,0.2373470161464427,0.3220715141995697,-0.08154808326771816,0.5396888074417056,3.099253460262593,1.9468692086602981,0.38177544122231394
common_imd_1991_2020,OND,ALL,central_india,ERPAS,1,26,64,0.667617427212948,0.8464902436323297,0.7173423472278828,0.5135576118688789,0.8655579689745456,0.9550839512089466,0.5350678291600139,0.056253889885274994
common_imd_1991_2020,OND,ALL,central_india,ERPAS,2,26,64,0.40672216412230944,0.47634169363541806,0.4886028982921852,0.2401343555557283,0.6344515327893305,1.2602367594887556,0.8244969139773122,0.19172943934137843
common_imd_1991_2020,OND,ALL,central_india,ERPAS,3,26,64,0.3012446381893771,0.3859303229562183,0.3657424175830859,0.17273893214673092,0.6347554940171068,1.0980085741648464,0.762962258059158,0.16720540147649848
common_imd_1991_2020,OND,ALL,central_india,ERPAS,4,26,64,0.29895481967610005,0.3879294351188438,0.32713578395283893,0.04842528293524635,0.4911945593071425,1.0234235049416958,0.7164772173997156,0.16610784610542645
common_imd_1991_2020,OND,ALL,central_india,FuXi-S2S,1,26,64,0.6572019694314644,0.8617186043962504,0.6965375769588287,0.5425068715629198,0.9702001764079133,0.9475964814737368,0.5071629439216937,-0.11562688355709048
common_imd_1991_2020,OND,ALL,central_india,FuXi-S2S,2,26,64,0.47776669038279057,0.6816079376258134,0.5044178255878057,0.22551691370669144,0.8907362406506053,1.1037153506427448,0.6802150537416385,-0.005627108428631677
common_imd_1991_2020,OND,ALL,central_india,FuXi-S2S,3,26,64,0.38659533943551394,0.5520349530169659,0.3863132595774168,0.13402650775148148,0.8415302192635071,0.9962800325234411,0.5753919604035029,-0.10619713172632356
common_imd_1991_2020,OND,ALL,central_india,FuXi-S2S,4,26,64,0.3612930997721774,0.405000703404803,0.4750732572975417,0.23375428874331272,0.5679669706004359,0.9351975238400649,0.577521112123328,0.0012036066003871953
common_imd_1991_2020,OND,ALL,east_northeast_india,ERPAS,1,26,36,0.5203889397223603,0.6415903235464466,0.6104291193979039,0.3101539963975105,0.8720664126330403,1.2821151760372524,0.8649695582573454,0.00788897025877998
common_imd_1991_2020,OND,ALL,east_northeast_india,ERPAS,2,26,36,0.39845267411713875,0.4927195923884083,0.546996711947598,0.06292930728695416,0.7377808971474461,1.1273398889930124,0.8251555057366418,0.20812373052380925
common_imd_1991_2020,OND,ALL,east_northeast_india,ERPAS,3,26,36,0.24704336329970583,0.30302143638604967,0.29607323630697646,0.00366349654960384,0.5040152296258786,0.9643055941935125,0.6540669144271946,0.0533916448370481
common_imd_1991_2020,OND,ALL,east_northeast_india,ERPAS,4,26,36,0.3275630539822138,0.37471930156648087,0.40230666645755553,0.10073807771938939,0.5860029434739111,0.8224860593923229,0.5438738906901344,-0.07153927089155733
common_imd_1991_2020,OND,ALL,east_northeast_india,FuXi-S2S,1,26,36,0.37884972407405465,0.4262990371321753,0.40657257003062675,0.21715701626018483,0.6345789124458435,1.5351720925087293,0.9922555361983192,0.39020761432753787
common_imd_1991_2020,OND,ALL,east_northeast_india,FuXi-S2S,2,26,36,0.23322117155031372,0.2686529165188217,0.2826004297348889,-0.034478771409897316,0.4196799371905873,1.7341915843980003,1.1464190291200629,0.5785190853397549
common_imd_1991_2020,OND,ALL,east_northeast_india,FuXi-S2S,3,26,36,0.0859117417665729,0.0982109794838436,0.08805034673530135,-0.14707395642433935,0.3176352400610007,1.4060099961042598,0.9255436595342718,0.36401366051973716
common_imd_1991_2020,OND,ALL,east_northeast_india,FuXi-S2S,4,26,36,-0.037429894925913976,-0.04555628647498948,-0.056628916824029235,-0.2580561747556358,0.20387766270012422,1.3358517901721738,0.9000509068614153,0.4361486835867971
common_imd_1991_2020,OND,ALL,northwest_india,ERPAS,1,26,68,0.4963088748045763,0.6869914802647655,0.5787679277227025,0.16464706108084406,0.9146849031028672,0.5691558531458493,0.3286016966074751,0.010076605222386003
common_imd_1991_2020,OND,ALL,northwest_india,ERPAS,2,26,68,0.28860357162599565,0.4391037325096226,0.36165986993880983,-0.03781828939886079,0.727277959684592,0.7786836769988585,0.4925700172711102,0.1235297442780917
common_imd_1991_2020,OND,ALL,northwest_india,ERPAS,3,26,68,0.22495112524261612,0.35565995201401773,0.2842414178671096,-0.2901726947980252,0.719711368825312,0.8340075890314644,0.5908757387037384,0.3144823799916915
common_imd_1991_2020,OND,ALL,northwest_india,ERPAS,4,26,68,0.16372113944621297,0.2154715436243351,0.21375735523670408,-0.19355303977856173,0.5826857374551322,0.9259486736379584,0.638220919261819,0.3562899360171038
common_imd_1991_2020,OND,ALL,northwest_india,FuXi-S2S,1,26,68,0.545944148539167,0.7129419770713683,0.6784839537512046,0.20679264252679766,0.8410859373984765,0.627665876125408,0.35211739664654335,-0.000678118828199809
common_imd_1991_2020,OND,ALL,northwest_india,FuXi-S2S,2,26,68,0.3187677264716331,0.4108560879350686,0.4585382870574937,0.11756006054914178,0.7013691454261753,0.7820263553501905,0.48708849148618805,0.1264502340535068
common_imd_1991_2020,OND,ALL,northwest_india,FuXi-S2S,3,26,68,0.13893629182609527,0.2748332185594012,0.008994185393661357,-0.3414488401317527,0.5292144034968727,0.8674019742171116,0.5629909819360539,0.31726985232473887
common_imd_1991_2020,OND,ALL,northwest_india,FuXi-S2S,4,26,68,0.11931797055871494,0.19633057913274116,0.12941327502067124,-0.24666269578652755,0.49670037755778496,0.963648536906719,0.6277040796021905,0.3931957725793633
common_imd_1991_2020,OND,ALL,south_peninsula,ERPAS,1,26,38,0.45780871389754363,0.5393569417248443,0.5309692789947442,0.23680458194443418,0.7126506389194792,3.1143308588759524,1.9467851431494172,0.0007442640702823322
common_imd_1991_2020,OND,ALL,south_peninsula,ERPAS,2,26,38,0.3328424207638798,0.4012596956277082,0.5056605242350449,-0.027060369519619494,0.6761062442141517,3.5322132623958473,2.357567808678799,0.3026670953569242
common_imd_1991_2020,OND,ALL,south_peninsula,ERPAS,3,26,38,0.25750400435939325,0.3386255804265441,0.3212808148836669,-0.21318028483324136,0.6416813239957845,3.163407410754205,2.0973306030987984,0.32581281276549373
common_imd_1991_2020,OND,ALL,south_peninsula,ERPAS,4,26,38,0.22909090530174886,0.3129139499422614,0.20110410962683575,-0.027564083470464944,0.48783077947386155,2.9771688663424616,1.9223001439819927,0.1332518355966537
common_imd_1991_2020,OND,ALL,south_peninsula,FuXi-S2S,1,26,38,0.44501215671891176,0.5335156279373304,0.5821380074910244,0.22083611865809435,0.7392500361882867,2.95970777766949,1.7134767237348059,-0.6255500444041494
common_imd_1991_2020,OND,ALL,south_peninsula,FuXi-S2S,2,26,38,0.24667560894025542,0.32832380135258205,0.2934619841417929,-0.17565190640837822,0.6410809131456805,3.819138097390706,2.3747365282270305,-0.39407617126796435
common_imd_1991_2020,OND,ALL,south_peninsula,FuXi-S2S,3,26,38,0.09893629904074785,0.1590957509722219,-0.019051290141401018,-0.38798327743886657,0.5576394868366111,3.428726611731884,2.100346758758786,-0.13886236956142686
common_imd_1991_2020,OND,ALL,south_peninsula,FuXi-S2S,4,26,38,0.1621978566815675,0.19544150691384327,0.30130659748000155,-0.16716218632162325,0.5255791982012741,3.2109543629991526,2.0023342335388907,-0.020379935550892347
system_specific_jjas,ALL,2023,central_india,ERPAS,1,17,64,0.46531872656038525,0.5064122543153244,0.44950079182724334,0.3264189813330801,0.5016004571432157,5.6052246416556475,4.081382739586742,0.6924641016364467
system_specific_jjas,ALL,2023,central_india,ERPAS,2,17,64,0.060383609820259476,0.09884410687547955,-0.13135815909869192,-0.341392335905895,0.4534286830913458,6.82315625879446,5.384961382679008,1.554636675367326
system_specific_jjas,ALL,2023,central_india,ERPAS,3,17,64,0.028262989212267806,0.03318005464053897,0.06104607787762281,-0.25502665547972125,0.21062824921795112,6.823050636656227,5.349516739248803,1.0430964570404728
system_specific_jjas,ALL,2023,central_india,ERPAS,4,17,64,0.01727508399335153,0.017975876186127972,0.0863606790624202,-0.21969702779783692,0.30390173374451457,6.320342443654962,4.901815158277169,0.6567175060327176
system_specific_jjas,ALL,2023,central_india,FuXi-S2S,1,17,64,0.5594525170647486,0.595457185095424,0.6026011387658714,0.4238773296417415,0.7537276322444852,5.28749273748399,3.7049055877858224,0.008922450524896822
system_specific_jjas,ALL,2023,central_india,FuXi-S2S,2,17,64,0.3041087980374878,0.40820144362405003,0.4141419020323688,-0.10944176573523352,0.698642192177685,6.1563347390936185,4.430029924845704,-0.13477604057131798
system_specific_jjas,ALL,2023,central_india,FuXi-S2S,3,17,64,0.19330672781444067,0.21420985672269083,0.14761793711661478,0.01235292794441808,0.49662828574834406,6.255489972900939,4.6738792590326135,-0.027898220029066965
system_specific_jjas,ALL,2023,central_india,FuXi-S2S,4,17,64,0.14820738983109905,0.18931725656700477,0.07055578314277501,-0.023078260173880625,0.4080352095366048,6.116524421488003,4.623133765244166,0.6428115193746481
system_specific_jjas,ALL,2023,east_northeast_india,ERPAS,1,17,36,0.49193877011478265,0.5124774303708507,0.5755559325473975,0.40797207006295305,0.6285350278308824,6.907235096667476,4.915213227297801,0.4169692130716885
system_specific_jjas,ALL,2023,east_northeast_india,ERPAS,2,17,36,0.15386146280263596,0.16473286322299904,0.1709053176106242,-0.07592586266708358,0.37132959155692885,8.70817379569302,6.967143448563896,2.7332645939780487
system_specific_jjas,ALL,2023,east_northeast_india,ERPAS,3,17,36,-0.06643024411391182,-0.07003675064844396,-0.10367899430837546,-0.20046449201637345,0.05168133713327342,8.320102572381629,6.793013876705629,3.818728508143182
system_specific_jjas,ALL,2023,east_northeast_india,ERPAS,4,17,36,0.055420769392998614,0.06948298877806174,0.11266322071312833,-0.1286602440299475,0.3398991429550632,7.505994662202868,6.20165035428432,2.5510334145391518
system_specific_jjas,ALL,2023,east_northeast_india,FuXi-S2S,1,17,36,0.4029335332002366,0.4266496448310084,0.4613198928932713,0.28693812160786003,0.607083367937029,7.149457412958557,4.949597907015111,0.587314221866834
system_specific_jjas,ALL,2023,east_northeast_india,FuXi-S2S,2,17,36,0.23108262245777306,0.254140307066638,0.28269375636891747,0.09774406904175782,0.5091798666378898,8.220768067458804,6.158682071748311,1.852884291680485
system_specific_jjas,ALL,2023,east_northeast_india,FuXi-S2S,3,17,36,0.1226403472536856,0.13485475826698268,0.15003271962275974,-0.07726372824647666,0.3133959587876769,6.679093033968223,5.055692380641992,1.2674110592386776
system_specific_jjas,ALL,2023,east_northeast_india,FuXi-S2S,4,17,36,0.06031419069758826,0.07589680377021653,0.06718004768328374,-0.16441868717807237,0.327944224699882,7.139875326564469,5.503751762296198,2.485758241240503
system_specific_jjas,ALL,2023,northwest_india,ERPAS,1,17,68,0.2773318329993935,0.312798640129169,0.43034546825919273,-0.1119908626793276,0.5376596595736728,4.509476322255857,2.966093605056594,0.15438991372739938
system_specific_jjas,ALL,2023,northwest_india,ERPAS,2,17,68,-0.041558897406194895,-0.048208896731873715,0.004488370045807677,-0.21884494832272525,0.1701265420320337,5.215463617950644,3.615099366708801,0.15117891846397238
system_specific_jjas,ALL,2023,northwest_india,ERPAS,3,17,68,-0.06527975728311,-0.07561487343381876,-0.03214037729965971,-0.17723086484192546,0.1384166473323973,4.681293794135372,3.508304972511886,0.9130515691870563
system_specific_jjas,ALL,2023,northwest_india,ERPAS,4,17,68,-0.12857492178378782,-0.14059489129897834,-0.22290100659485101,-0.30455364564689114,0.1335919795920135,4.232532397921074,3.176792335809016,0.6719590909674513
system_specific_jjas,ALL,2023,northwest_india,FuXi-S2S,1,17,68,0.5883588826685184,0.6169029903648037,0.620374173159411,0.46861056610323293,0.7096823731762752,3.7225099304332274,2.4431574704228027,-0.7046819176775886
system_specific_jjas,ALL,2023,northwest_india,FuXi-S2S,2,17,68,0.27778365384878695,0.31775249857491045,0.40104508295266794,0.10140029227244374,0.5305729944725547,4.566941014314915,2.997578681067859,-1.0622752091517924
system_specific_jjas,ALL,2023,northwest_india,FuXi-S2S,3,17,68,0.13920576349398872,0.15764596284414567,0.15937912603937557,-0.18486561562614734,0.398043301545645,4.201768847893844,2.929558287820028,-0.46999320356195157
system_specific_jjas,ALL,2023,northwest_india,FuXi-S2S,4,17,68,0.007156523452597352,0.018346049490309123,-0.14877631692221435,-0.36747165679335037,0.3959787871436299,3.9816943067851476,2.855177910573378,0.07051211555468317
system_specific_jjas,ALL,2023,south_peninsula,ERPAS,1,17,38,0.5873669784541625,0.6442047088781315,0.6177843629924124,0.4718282343650202,0.761177342121372,3.7523146584819664,2.6053505556854932,0.07673048040926539
system_specific_jjas,ALL,2023,south_peninsula,ERPAS,2,17,38,0.31254367651769155,0.37199983371408857,0.2881216156545634,0.10829284427649975,0.5452510464844926,4.944571323168623,3.8390151459542095,1.8170984187459118
system_specific_jjas,ALL,2023,south_peninsula,ERPAS,3,17,38,0.05156629780454246,0.07246839185139922,-0.012635819774264995,-0.28491389470391976,0.5116015819591789,5.748381878545583,4.60010197548365,2.4356024061446537
system_specific_jjas,ALL,2023,south_peninsula,ERPAS,4,17,38,0.06497626724935934,0.058944790121070526,0.20811937539662984,-0.1383813162050152,0.38587702411308245,5.50533463232596,4.422458280969472,1.8609580503342964
system_specific_jjas,ALL,2023,south_peninsula,FuXi-S2S,1,17,38,0.4532234407368238,0.532069616960881,0.5342546840432418,0.43544663193401006,0.6206561104492775,4.820715727037596,3.0977338957290645,-0.1997925993103966
system_specific_jjas,ALL,2023,south_peninsula,FuXi-S2S,2,17,38,0.3255654517572824,0.4243746232201854,0.5021421090703931,-0.07722312789266611,0.6417730598416407,5.0361929367403,3.4047774468138057,-0.32556729072521556
system_specific_jjas,ALL,2023,south_peninsula,FuXi-S2S,3,17,38,0.1625745823553936,0.22904105493935736,0.11279093303402038,-0.10299832311788477,0.5924396594596593,4.857433224415983,3.2663772704882565,-0.46848248106782664
system_specific_jjas,ALL,2023,south_peninsula,FuXi-S2S,4,17,38,0.13851643194373425,0.22656744108840193,-0.007030955281914194,-0.3299555277339179,0.5377333267461225,4.997576980440803,3.564153726060172,0.025204908946364558
system_specific_jjas,ALL,2024,central_india,ERPAS,1,14,64,0.41341137981736964,0.4553770625158477,0.4608551184190528,0.22622858626811043,0.6524416293226036,6.517446571842961,4.601413468986139,0.2302691901483142
system_specific_jjas,ALL,2024,central_india,ERPAS,2,14,64,0.1275928215237832,0.13319286469935196,0.13252114301435491,0.021849521645846488,0.3555554581324901,7.479561074747534,5.487110150236078,0.5192736570534359
system_specific_jjas,ALL,2024,central_india,ERPAS,3,14,64,0.013230447861169134,0.008059569608273837,0.09724086247989455,-0.22919131731830703,0.31599148580074343,7.1208731223528625,5.478463567071346,0.45271638891160626
system_specific_jjas,ALL,2024,central_india,ERPAS,4,14,64,0.12321215471310779,0.13893102342650837,0.108756448823984,-0.07956339834225355,0.24344212479632313,7.121283576300994,5.301233682203433,-1.245931817329433
system_specific_jjas,ALL,2024,central_india,FuXi-S2S,1,14,64,0.4192746674254161,0.4455964698797872,0.3911725205091028,0.281413199706087,0.45419364880029,6.731981069166656,4.513544034982501,0.07355594416953906
system_specific_jjas,ALL,2024,central_india,FuXi-S2S,2,14,64,0.2870433548351636,0.30287159365290245,0.268464230500135,0.21422750988271047,0.4198727750785167,7.149467799932958,5.0521492733361955,-0.42232035151279884
system_specific_jjas,ALL,2024,central_india,FuXi-S2S,3,14,64,0.09999246208163932,0.10426884890236894,0.11648210992508148,0.030311879108648347,0.29121151578564425,6.720376028829533,5.013059055292577,-0.8576707974757591
system_specific_jjas,ALL,2024,central_india,FuXi-S2S,4,14,64,0.15279530700989324,0.16569701552234992,0.1690694719394159,0.008808009018879666,0.2866106540298145,6.410503424523348,4.6425598732929165,-1.2916205100691107
system_specific_jjas,ALL,2024,east_northeast_india,ERPAS,1,14,36,0.44323627900333706,0.4808689073693906,0.48227496028030736,0.3220592116130174,0.5794166302090366,7.069724532760105,5.4291240595463375,1.8216016804926676
system_specific_jjas,ALL,2024,east_northeast_india,ERPAS,2,14,36,0.30510339668809,0.33680472647435633,0.3817884649854407,0.06020574520642416,0.5459209754474035,8.407578343049613,6.527072492532613,1.9528780008736557
system_specific_jjas,ALL,2024,east_northeast_india,ERPAS,3,14,36,0.217954582031473,0.24678835953383227,0.3327706668982836,-0.13985544757282312,0.5338875057956615,8.11446833705431,6.756784676277724,4.1831243087379635
system_specific_jjas,ALL,2024,east_northeast_india,ERPAS,4,14,36,0.09309917478188472,0.09890159430593781,0.16430852122771267,-0.13626049128488563,0.2367336255799975,8.187762650798863,6.6130343284409525,2.5309288409597928
system_specific_jjas,ALL,2024,east_northeast_india,FuXi-S2S,1,14,36,0.3704706217476173,0.4220269761337051,0.3735647008288883,0.2253557228073494,0.687031413499512,6.965427740499608,5.250642490563516,1.296394136684489
system_specific_jjas,ALL,2024,east_northeast_india,FuXi-S2S,2,14,36,0.2648231363188216,0.3032143073288981,0.34665706534477525,0.014607633953070511,0.6033051518207737,8.495450730632953,6.288823580156224,2.2933747334333483
system_specific_jjas,ALL,2024,east_northeast_india,FuXi-S2S,3,14,36,0.14665118968532,0.15943029038450557,0.13435747119537145,-0.07857266971734986,0.358073369073642,7.726466107677567,5.90884956141404,2.7815992714374422
system_specific_jjas,ALL,2024,east_northeast_india,FuXi-S2S,4,14,36,0.11091609896552303,0.10706625976424368,0.26164603750845883,-0.23361475843691146,0.38480252278935323,8.604393415699045,6.750879808517145,2.467711135081139
system_specific_jjas,ALL,2024,northwest_india,ERPAS,1,14,68,0.37053575457288307,0.4095474089109017,0.3639444357786999,0.1946182686858813,0.6370076123184307,5.1019964302858005,3.676630979281781,0.6992808868212658
system_specific_jjas,ALL,2024,northwest_india,ERPAS,2,14,68,0.17823957522649017,0.1879685835629968,0.16530237359802868,0.05126536915174698,0.42696541827727114,5.124296273997374,3.632359356533495,0.9055365868810779
system_specific_jjas,ALL,2024,northwest_india,ERPAS,3,14,68,0.09868785866112063,0.10648835646063215,0.06989219678263645,-0.010611687639079458,0.25471350615145777,5.230719779366809,3.8873349463299722,1.2915281013804703
system_specific_jjas,ALL,2024,northwest_india,ERPAS,4,14,68,0.043950300947279926,0.05040158335588563,0.0286782641306762,-0.2390290870084728,0.30602549335309015,4.96464620974946,3.548760669710085,0.1311764172742677
system_specific_jjas,ALL,2024,northwest_india,FuXi-S2S,1,14,68,0.46663444808838,0.5166371846920408,0.4772273089430735,0.35152039007768043,0.6111512941769738,4.288417537550381,2.8986149760696134,-0.26680553353811726
system_specific_jjas,ALL,2024,northwest_india,FuXi-S2S,2,14,68,0.32321000356960666,0.37586502220644286,0.26819262175614605,0.10501976554107262,0.6602200334166438,4.4229549011066345,3.1263975597586926,-0.044634673192315566
system_specific_jjas,ALL,2024,northwest_india,FuXi-S2S,3,14,68,0.24366616033945493,0.2919315658622373,0.2580876332456291,-0.11180079258695282,0.6354131937735428,4.195867704709039,2.9408013912614237,0.04183008481718848
system_specific_jjas,ALL,2024,northwest_india,FuXi-S2S,4,14,68,0.05664687615533916,0.05973008798289081,0.07260397143417033,-0.1819733952531803,0.3578786959820429,4.352035536992946,2.9780867909741993,-0.11044359715105441
system_specific_jjas,ALL,2024,south_peninsula,ERPAS,1,14,38,0.6150489389238745,0.658266135251542,0.709859148897898,0.4365753871699993,0.7985134894155482,4.471237954695641,2.9421492271192853,-0.6146071430435883
system_specific_jjas,ALL,2024,south_peninsula,ERPAS,2,14,38,0.2629982782394848,0.32816396448116075,0.32477604994276843,-0.058408043056649706,0.6126032606714787,5.9369743172617335,4.0993555395813885,0.27504016817690063
system_specific_jjas,ALL,2024,south_peninsula,ERPAS,3,14,38,-0.13086416552184227,-0.14033641495192978,-0.3722693144953668,-0.549402540020446,0.3379136348710128,6.995750120320669,4.887625887860145,-0.019432170986930668
system_specific_jjas,ALL,2024,south_peninsula,ERPAS,4,14,38,0.10166993132628681,0.11331313417982959,-0.023189410990998506,-0.0844814262866408,0.3369434277647462,5.660751314119811,4.136948523896767,0.411162902439278
system_specific_jjas,ALL,2024,south_peninsula,FuXi-S2S,1,14,38,0.3806201010305181,0.43731283041159175,0.4417509964448657,0.14997480289927073,0.6481786798481002,5.4521777956154045,3.75203363974907,-0.23052843799931794
system_specific_jjas,ALL,2024,south_peninsula,FuXi-S2S,2,14,38,0.25782261311570864,0.3219202198387402,0.406581605932702,-0.0821928168774399,0.636526883782434,6.107978324518998,4.07795271657808,-0.3716614531819489
system_specific_jjas,ALL,2024,south_peninsula,FuXi-S2S,3,14,38,0.2773782426011266,0.30853925686512484,0.27318321010749647,0.10617375354612649,0.5272016486834348,6.053119145248182,4.190177960064622,-0.9926825715523121
system_specific_jjas,ALL,2024,south_peninsula,FuXi-S2S,4,14,38,0.1947822250864196,0.2257571638765818,0.16767279322934545,0.010210895818129593,0.4000404988015808,4.940160786465008,3.504530684159914,-0.012699966635722775
system_specific_jjas,ALL,ALL,central_india,ERPAS,1,31,64,0.4418766989990233,0.4837683395836659,0.44950079182724334,0.2927907400769786,0.5860682006082856,6.017195835933789,4.316235327057437,0.4837309158030965
system_specific_jjas,ALL,ALL,central_india,ERPAS,2,31,64,0.09073615704120566,0.11439066261139436,0.1260704777553834,-0.24255754847760508,0.38046001301238697,7.119597143418429,5.4310930841563945,1.0870533767739563
system_specific_jjas,ALL,ALL,central_india,ERPAS,3,31,64,0.021474099569836147,0.021838607151356975,0.06326075280064651,-0.24889004901780187,0.29224404165126944,6.957551114067612,5.407750790523501,0.7764732004661459
system_specific_jjas,ALL,ALL,central_india,ERPAS,4,31,64,0.06511763206033822,0.07288081804812718,0.0863606790624202,-0.18250284830272762,0.25548012877414356,6.6820577938822,5.082197717469676,-0.20254347871147949
system_specific_jjas,ALL,ALL,central_india,FuXi-S2S,1,31,64,0.49614639142117906,0.5317961702117776,0.4587028399141531,0.3057817840990634,0.6979055479294161,5.939842306631,4.070097144584323,0.038111770235380434
system_specific_jjas,ALL,ALL,central_india,FuXi-S2S,2,31,64,0.2964018236880511,0.36175921061610083,0.2804510259646945,0.08118726912541485,0.6066664670439222,6.604846443988803,4.710987049970442,-0.26463476164166433
system_specific_jjas,ALL,ALL,central_india,FuXi-S2S,3,31,64,0.15116480135446586,0.16505487942818817,0.14728371481096358,0.018663619584396156,0.3279848202878291,6.465438514288046,4.827057231537113,-0.4026342227469278
system_specific_jjas,ALL,ALL,central_india,FuXi-S2S,4,31,64,0.15027935242797388,0.17867543008323544,0.16824366579800212,0.003911556014120304,0.39438501055008,6.249289132536222,4.631906846298441,-0.2308029455354366
system_specific_jjas,ALL,ALL,east_northeast_india,ERPAS,1,31,36,0.4699440967096137,0.4983658809965543,0.5250438378717768,0.33071716595492856,0.6189839132348725,6.980617422644793,5.147301990248752,1.051319359648905
system_specific_jjas,ALL,ALL,east_northeast_india,ERPAS,2,31,36,0.22216427165413136,0.24440272173899322,0.2427845970369517,0.04895041136643047,0.49534655250113524,8.572421010628256,6.768401726485252,2.3808319390276775
system_specific_jjas,ALL,ALL,east_northeast_india,ERPAS,3,31,36,0.06200161285497163,0.07518951663695124,0.030829810519645496,-0.22992996480242142,0.3861038589822612,8.22723549836284,6.776652302318834,3.9832943535730836
system_specific_jjas,ALL,ALL,east_northeast_india,ERPAS,4,31,36,0.07243682343959235,0.08278688799001331,0.11668292218345973,-0.13633318199505506,0.30139749882100203,7.8138898828591214,6.387436665193769,2.5419539296968607
system_specific_jjas,ALL,ALL,east_northeast_india,FuXi-S2S,1,31,36,0.38827286351195694,0.424564727158021,0.4551188934767454,0.2564588650816437,0.6265627383832207,7.066347238299677,5.08555352539181,0.9075438608167427
system_specific_jjas,ALL,ALL,east_northeast_india,FuXi-S2S,2,31,36,0.2463202738788917,0.2764826652990924,0.2872624588164068,0.024979224871645476,0.5386171036765031,8.344818302440677,6.217455656190594,2.0518154589237136
system_specific_jjas,ALL,ALL,east_northeast_india,FuXi-S2S,3,31,36,0.1334839535131334,0.14597582720121308,0.15003271962275974,-0.08540758111904442,0.3201827703939936,7.152100228546636,5.4409891719584,1.9512379937800552
system_specific_jjas,ALL,ALL,east_northeast_india,FuXi-S2S,4,31,36,0.08316666539923624,0.0899954148445027,0.19261371107504902,-0.23948366275735306,0.3471695478836443,7.801270592625246,6.0669708799443685,2.477607935233049
system_specific_jjas,ALL,ALL,northwest_india,ERPAS,1,31,68,0.3194239266132275,0.35745455677553784,0.383835255094247,0.12391855052494517,0.5479605075202878,4.777066048462927,3.2869814514808717,0.4004697080278553
system_specific_jjas,ALL,ALL,northwest_india,ERPAS,2,31,68,0.05770492894404996,0.059382958237752546,0.08413342367092674,-0.1552329467852144,0.28383404749564306,5.174291269068523,3.6228942008231795,0.4918565751684717
system_specific_jjas,ALL,ALL,northwest_india,ERPAS,3,31,68,0.008770133788478011,0.006728921076083718,0.04774214293813188,-0.163884553829643,0.1905068620694622,4.92942165843344,3.6794797993974737,1.0839764546937594
system_specific_jjas,ALL,ALL,northwest_india,ERPAS,4,31,68,-0.05066030506653143,-0.05477835002638314,-0.043760722590456956,-0.2995513990664721,0.18393232661993844,4.563164441972604,3.3447780349901435,0.4277346576866587
system_specific_jjas,ALL,ALL,northwest_india,FuXi-S2S,1,31,68,0.5333865573742622,0.5737122563932919,0.565212055765258,0.4248850886445731,0.7073726383404264,3.978081107840974,2.6488479568439423,-0.5069312925823435
system_specific_jjas,ALL,ALL,northwest_india,FuXi-S2S,2,31,68,0.2982987795291572,0.34432628850296165,0.37701132413436417,0.09989925898283326,0.6247329811846669,4.501915027704723,3.0557549488637195,-0.6026956122668672
system_specific_jjas,ALL,ALL,northwest_india,FuXi-S2S,3,31,68,0.18638142658548962,0.21934455521606108,0.15937912603937557,-0.13734480291335582,0.5497766369923347,4.199103815487804,2.934635818406465,-0.23884720235846896
system_specific_jjas,ALL,ALL,northwest_india,FuXi-S2S,4,31,68,0.029507005318351716,0.03705192285301085,0.016679086106149703,-0.2517357148069697,0.4145038801229968,4.148945184943507,2.9106851468834263,-0.01120981921564991
system_specific_jjas,ALL,ALL,south_peninsula,ERPAS,1,31,38,0.5998685089888711,0.6506104222212394,0.6778287040603569,0.4556378483459106,0.7907402729058319,4.076989695481691,2.7574531814943017,-0.23548651082750718
system_specific_jjas,ALL,ALL,south_peninsula,ERPAS,2,31,38,0.29016833535979164,0.35239325706517116,0.3026190607131325,0.004789354611137071,0.5567908515056377,5.392753320500994,3.9565882269471295,1.1206850152631327
system_specific_jjas,ALL,ALL,south_peninsula,ERPAS,3,31,38,-0.03082165337511515,-0.02398366307126354,-0.052721112327831055,-0.44050660239561124,0.4213804628009734,6.311709471605298,4.729951484298843,1.3268771132465185
system_specific_jjas,ALL,ALL,south_peninsula,ERPAS,4,31,38,0.08154759941313303,0.08356116852156498,0.2004166257957173,-0.10551570229387566,0.3671003662361302,5.575522811200602,4.293518390678573,1.2062118545107394
system_specific_jjas,ALL,ALL,south_peninsula,FuXi-S2S,1,31,38,0.4204348357081696,0.49069209259975904,0.5269450089380467,0.28869176547778097,0.6437719995535629,5.105892145104994,3.3932241027058416,-0.2136733006537804
system_specific_jjas,ALL,ALL,south_peninsula,FuXi-S2S,2,31,38,0.29497191172560394,0.3792392256185012,0.48878041843421893,-0.09875297220767282,0.6515653440062104,5.520225047350036,3.708792084771864,-0.34638400925406304
system_specific_jjas,ALL,ALL,south_peninsula,FuXi-S2S,3,31,38,0.2144213966599182,0.2653959420032444,0.2065643886972915,-0.08217490988762655,0.5616213653577435,5.397420414469233,3.683577581909841,-0.7052180058027555
system_specific_jjas,ALL,ALL,south_peninsula,FuXi-S2S,4,31,38,0.16392679013720507,0.22620154820273827,0.12627893508177251,-0.2595592606249957,0.5347967253363115,4.971647086387216,3.5372271910084416,0.008086578038325088
system_specific_jjas,JJAS,2023,central_india,ERPAS,1,17,64,0.46531872656038525,0.5064122543153244,0.44950079182724334,0.3264189813330801,0.5016004571432157,5.6052246416556475,4.081382739586742,0.6924641016364467
system_specific_jjas,JJAS,2023,central_india,ERPAS,2,17,64,0.060383609820259476,0.09884410687547955,-0.13135815909869192,-0.341392335905895,0.4534286830913458,6.82315625879446,5.384961382679008,1.554636675367326
system_specific_jjas,JJAS,2023,central_india,ERPAS,3,17,64,0.028262989212267806,0.03318005464053897,0.06104607787762281,-0.25502665547972125,0.21062824921795112,6.823050636656227,5.349516739248803,1.0430964570404728
system_specific_jjas,JJAS,2023,central_india,ERPAS,4,17,64,0.01727508399335153,0.017975876186127972,0.0863606790624202,-0.21969702779783692,0.30390173374451457,6.320342443654962,4.901815158277169,0.6567175060327176
system_specific_jjas,JJAS,2023,central_india,FuXi-S2S,1,17,64,0.5594525170647486,0.595457185095424,0.6026011387658714,0.4238773296417415,0.7537276322444852,5.28749273748399,3.7049055877858224,0.008922450524896822
system_specific_jjas,JJAS,2023,central_india,FuXi-S2S,2,17,64,0.3041087980374878,0.40820144362405003,0.4141419020323688,-0.10944176573523352,0.698642192177685,6.1563347390936185,4.430029924845704,-0.13477604057131798
system_specific_jjas,JJAS,2023,central_india,FuXi-S2S,3,17,64,0.19330672781444067,0.21420985672269083,0.14761793711661478,0.01235292794441808,0.49662828574834406,6.255489972900939,4.6738792590326135,-0.027898220029066965
system_specific_jjas,JJAS,2023,central_india,FuXi-S2S,4,17,64,0.14820738983109905,0.18931725656700477,0.07055578314277501,-0.023078260173880625,0.4080352095366048,6.116524421488003,4.623133765244166,0.6428115193746481
system_specific_jjas,JJAS,2023,east_northeast_india,ERPAS,1,17,36,0.49193877011478265,0.5124774303708507,0.5755559325473975,0.40797207006295305,0.6285350278308824,6.907235096667476,4.915213227297801,0.4169692130716885
system_specific_jjas,JJAS,2023,east_northeast_india,ERPAS,2,17,36,0.15386146280263596,0.16473286322299904,0.1709053176106242,-0.07592586266708358,0.37132959155692885,8.70817379569302,6.967143448563896,2.7332645939780487
system_specific_jjas,JJAS,2023,east_northeast_india,ERPAS,3,17,36,-0.06643024411391182,-0.07003675064844396,-0.10367899430837546,-0.20046449201637345,0.05168133713327342,8.320102572381629,6.793013876705629,3.818728508143182
system_specific_jjas,JJAS,2023,east_northeast_india,ERPAS,4,17,36,0.055420769392998614,0.06948298877806174,0.11266322071312833,-0.1286602440299475,0.3398991429550632,7.505994662202868,6.20165035428432,2.5510334145391518
system_specific_jjas,JJAS,2023,east_northeast_india,FuXi-S2S,1,17,36,0.4029335332002366,0.4266496448310084,0.4613198928932713,0.28693812160786003,0.607083367937029,7.149457412958557,4.949597907015111,0.587314221866834
system_specific_jjas,JJAS,2023,east_northeast_india,FuXi-S2S,2,17,36,0.23108262245777306,0.254140307066638,0.28269375636891747,0.09774406904175782,0.5091798666378898,8.220768067458804,6.158682071748311,1.852884291680485
system_specific_jjas,JJAS,2023,east_northeast_india,FuXi-S2S,3,17,36,0.1226403472536856,0.13485475826698268,0.15003271962275974,-0.07726372824647666,0.3133959587876769,6.679093033968223,5.055692380641992,1.2674110592386776
system_specific_jjas,JJAS,2023,east_northeast_india,FuXi-S2S,4,17,36,0.06031419069758826,0.07589680377021653,0.06718004768328374,-0.16441868717807237,0.327944224699882,7.139875326564469,5.503751762296198,2.485758241240503
system_specific_jjas,JJAS,2023,northwest_india,ERPAS,1,17,68,0.2773318329993935,0.312798640129169,0.43034546825919273,-0.1119908626793276,0.5376596595736728,4.509476322255857,2.966093605056594,0.15438991372739938
system_specific_jjas,JJAS,2023,northwest_india,ERPAS,2,17,68,-0.041558897406194895,-0.048208896731873715,0.004488370045807677,-0.21884494832272525,0.1701265420320337,5.215463617950644,3.615099366708801,0.15117891846397238
system_specific_jjas,JJAS,2023,northwest_india,ERPAS,3,17,68,-0.06527975728311,-0.07561487343381876,-0.03214037729965971,-0.17723086484192546,0.1384166473323973,4.681293794135372,3.508304972511886,0.9130515691870563
system_specific_jjas,JJAS,2023,northwest_india,ERPAS,4,17,68,-0.12857492178378782,-0.14059489129897834,-0.22290100659485101,-0.30455364564689114,0.1335919795920135,4.232532397921074,3.176792335809016,0.6719590909674513
system_specific_jjas,JJAS,2023,northwest_india,FuXi-S2S,1,17,68,0.5883588826685184,0.6169029903648037,0.620374173159411,0.46861056610323293,0.7096823731762752,3.7225099304332274,2.4431574704228027,-0.7046819176775886
system_specific_jjas,JJAS,2023,northwest_india,FuXi-S2S,2,17,68,0.27778365384878695,0.31775249857491045,0.40104508295266794,0.10140029227244374,0.5305729944725547,4.566941014314915,2.997578681067859,-1.0622752091517924
system_specific_jjas,JJAS,2023,northwest_india,FuXi-S2S,3,17,68,0.13920576349398872,0.15764596284414567,0.15937912603937557,-0.18486561562614734,0.398043301545645,4.201768847893844,2.929558287820028,-0.46999320356195157
system_specific_jjas,JJAS,2023,northwest_india,FuXi-S2S,4,17,68,0.007156523452597352,0.018346049490309123,-0.14877631692221435,-0.36747165679335037,0.3959787871436299,3.9816943067851476,2.855177910573378,0.07051211555468317
system_specific_jjas,JJAS,2023,south_peninsula,ERPAS,1,17,38,0.5873669784541625,0.6442047088781315,0.6177843629924124,0.4718282343650202,0.761177342121372,3.7523146584819664,2.6053505556854932,0.07673048040926539
system_specific_jjas,JJAS,2023,south_peninsula,ERPAS,2,17,38,0.31254367651769155,0.37199983371408857,0.2881216156545634,0.10829284427649975,0.5452510464844926,4.944571323168623,3.8390151459542095,1.8170984187459118
system_specific_jjas,JJAS,2023,south_peninsula,ERPAS,3,17,38,0.05156629780454246,0.07246839185139922,-0.012635819774264995,-0.28491389470391976,0.5116015819591789,5.748381878545583,4.60010197548365,2.4356024061446537
system_specific_jjas,JJAS,2023,south_peninsula,ERPAS,4,17,38,0.06497626724935934,0.058944790121070526,0.20811937539662984,-0.1383813162050152,0.38587702411308245,5.50533463232596,4.422458280969472,1.8609580503342964
system_specific_jjas,JJAS,2023,south_peninsula,FuXi-S2S,1,17,38,0.4532234407368238,0.532069616960881,0.5342546840432418,0.43544663193401006,0.6206561104492775,4.820715727037596,3.0977338957290645,-0.1997925993103966
system_specific_jjas,JJAS,2023,south_peninsula,FuXi-S2S,2,17,38,0.3255654517572824,0.4243746232201854,0.5021421090703931,-0.07722312789266611,0.6417730598416407,5.0361929367403,3.4047774468138057,-0.32556729072521556
system_specific_jjas,JJAS,2023,south_peninsula,FuXi-S2S,3,17,38,0.1625745823553936,0.22904105493935736,0.11279093303402038,-0.10299832311788477,0.5924396594596593,4.857433224415983,3.2663772704882565,-0.46848248106782664
system_specific_jjas,JJAS,2023,south_peninsula,FuXi-S2S,4,17,38,0.13851643194373425,0.22656744108840193,-0.007030955281914194,-0.3299555277339179,0.5377333267461225,4.997576980440803,3.564153726060172,0.025204908946364558
system_specific_jjas,JJAS,2024,central_india,ERPAS,1,14,64,0.41341137981736964,0.4553770625158477,0.4608551184190528,0.22622858626811043,0.6524416293226036,6.517446571842961,4.601413468986139,0.2302691901483142
system_specific_jjas,JJAS,2024,central_india,ERPAS,2,14,64,0.1275928215237832,0.13319286469935196,0.13252114301435491,0.021849521645846488,0.3555554581324901,7.479561074747534,5.487110150236078,0.5192736570534359
system_specific_jjas,JJAS,2024,central_india,ERPAS,3,14,64,0.013230447861169134,0.008059569608273837,0.09724086247989455,-0.22919131731830703,0.31599148580074343,7.1208731223528625,5.478463567071346,0.45271638891160626
system_specific_jjas,JJAS,2024,central_india,ERPAS,4,14,64,0.12321215471310779,0.13893102342650837,0.108756448823984,-0.07956339834225355,0.24344212479632313,7.121283576300994,5.301233682203433,-1.245931817329433
system_specific_jjas,JJAS,2024,central_india,FuXi-S2S,1,14,64,0.4192746674254161,0.4455964698797872,0.3911725205091028,0.281413199706087,0.45419364880029,6.731981069166656,4.513544034982501,0.07355594416953906
system_specific_jjas,JJAS,2024,central_india,FuXi-S2S,2,14,64,0.2870433548351636,0.30287159365290245,0.268464230500135,0.21422750988271047,0.4198727750785167,7.149467799932958,5.0521492733361955,-0.42232035151279884
system_specific_jjas,JJAS,2024,central_india,FuXi-S2S,3,14,64,0.09999246208163932,0.10426884890236894,0.11648210992508148,0.030311879108648347,0.29121151578564425,6.720376028829533,5.013059055292577,-0.8576707974757591
system_specific_jjas,JJAS,2024,central_india,FuXi-S2S,4,14,64,0.15279530700989324,0.16569701552234992,0.1690694719394159,0.008808009018879666,0.2866106540298145,6.410503424523348,4.6425598732929165,-1.2916205100691107
system_specific_jjas,JJAS,2024,east_northeast_india,ERPAS,1,14,36,0.44323627900333706,0.4808689073693906,0.48227496028030736,0.3220592116130174,0.5794166302090366,7.069724532760105,5.4291240595463375,1.8216016804926676
system_specific_jjas,JJAS,2024,east_northeast_india,ERPAS,2,14,36,0.30510339668809,0.33680472647435633,0.3817884649854407,0.06020574520642416,0.5459209754474035,8.407578343049613,6.527072492532613,1.9528780008736557
system_specific_jjas,JJAS,2024,east_northeast_india,ERPAS,3,14,36,0.217954582031473,0.24678835953383227,0.3327706668982836,-0.13985544757282312,0.5338875057956615,8.11446833705431,6.756784676277724,4.1831243087379635
system_specific_jjas,JJAS,2024,east_northeast_india,ERPAS,4,14,36,0.09309917478188472,0.09890159430593781,0.16430852122771267,-0.13626049128488563,0.2367336255799975,8.187762650798863,6.6130343284409525,2.5309288409597928
system_specific_jjas,JJAS,2024,east_northeast_india,FuXi-S2S,1,14,36,0.3704706217476173,0.4220269761337051,0.3735647008288883,0.2253557228073494,0.687031413499512,6.965427740499608,5.250642490563516,1.296394136684489
system_specific_jjas,JJAS,2024,east_northeast_india,FuXi-S2S,2,14,36,0.2648231363188216,0.3032143073288981,0.34665706534477525,0.014607633953070511,0.6033051518207737,8.495450730632953,6.288823580156224,2.2933747334333483
system_specific_jjas,JJAS,2024,east_northeast_india,FuXi-S2S,3,14,36,0.14665118968532,0.15943029038450557,0.13435747119537145,-0.07857266971734986,0.358073369073642,7.726466107677567,5.90884956141404,2.7815992714374422
system_specific_jjas,JJAS,2024,east_northeast_india,FuXi-S2S,4,14,36,0.11091609896552303,0.10706625976424368,0.26164603750845883,-0.23361475843691146,0.38480252278935323,8.604393415699045,6.750879808517145,2.467711135081139
system_specific_jjas,JJAS,2024,northwest_india,ERPAS,1,14,68,0.37053575457288307,0.4095474089109017,0.3639444357786999,0.1946182686858813,0.6370076123184307,5.1019964302858005,3.676630979281781,0.6992808868212658
system_specific_jjas,JJAS,2024,northwest_india,ERPAS,2,14,68,0.17823957522649017,0.1879685835629968,0.16530237359802868,0.05126536915174698,0.42696541827727114,5.124296273997374,3.632359356533495,0.9055365868810779
system_specific_jjas,JJAS,2024,northwest_india,ERPAS,3,14,68,0.09868785866112063,0.10648835646063215,0.06989219678263645,-0.010611687639079458,0.25471350615145777,5.230719779366809,3.8873349463299722,1.2915281013804703
system_specific_jjas,JJAS,2024,northwest_india,ERPAS,4,14,68,0.043950300947279926,0.05040158335588563,0.0286782641306762,-0.2390290870084728,0.30602549335309015,4.96464620974946,3.548760669710085,0.1311764172742677
system_specific_jjas,JJAS,2024,northwest_india,FuXi-S2S,1,14,68,0.46663444808838,0.5166371846920408,0.4772273089430735,0.35152039007768043,0.6111512941769738,4.288417537550381,2.8986149760696134,-0.26680553353811726
system_specific_jjas,JJAS,2024,northwest_india,FuXi-S2S,2,14,68,0.32321000356960666,0.37586502220644286,0.26819262175614605,0.10501976554107262,0.6602200334166438,4.4229549011066345,3.1263975597586926,-0.044634673192315566
system_specific_jjas,JJAS,2024,northwest_india,FuXi-S2S,3,14,68,0.24366616033945493,0.2919315658622373,0.2580876332456291,-0.11180079258695282,0.6354131937735428,4.195867704709039,2.9408013912614237,0.04183008481718848
system_specific_jjas,JJAS,2024,northwest_india,FuXi-S2S,4,14,68,0.05664687615533916,0.05973008798289081,0.07260397143417033,-0.1819733952531803,0.3578786959820429,4.352035536992946,2.9780867909741993,-0.11044359715105441
system_specific_jjas,JJAS,2024,south_peninsula,ERPAS,1,14,38,0.6150489389238745,0.658266135251542,0.709859148897898,0.4365753871699993,0.7985134894155482,4.471237954695641,2.9421492271192853,-0.6146071430435883
system_specific_jjas,JJAS,2024,south_peninsula,ERPAS,2,14,38,0.2629982782394848,0.32816396448116075,0.32477604994276843,-0.058408043056649706,0.6126032606714787,5.9369743172617335,4.0993555395813885,0.27504016817690063
system_specific_jjas,JJAS,2024,south_peninsula,ERPAS,3,14,38,-0.13086416552184227,-0.14033641495192978,-0.3722693144953668,-0.549402540020446,0.3379136348710128,6.995750120320669,4.887625887860145,-0.019432170986930668
system_specific_jjas,JJAS,2024,south_peninsula,ERPAS,4,14,38,0.10166993132628681,0.11331313417982959,-0.023189410990998506,-0.0844814262866408,0.3369434277647462,5.660751314119811,4.136948523896767,0.411162902439278
system_specific_jjas,JJAS,2024,south_peninsula,FuXi-S2S,1,14,38,0.3806201010305181,0.43731283041159175,0.4417509964448657,0.14997480289927073,0.6481786798481002,5.4521777956154045,3.75203363974907,-0.23052843799931794
system_specific_jjas,JJAS,2024,south_peninsula,FuXi-S2S,2,14,38,0.25782261311570864,0.3219202198387402,0.406581605932702,-0.0821928168774399,0.636526883782434,6.107978324518998,4.07795271657808,-0.3716614531819489
system_specific_jjas,JJAS,2024,south_peninsula,FuXi-S2S,3,14,38,0.2773782426011266,0.30853925686512484,0.27318321010749647,0.10617375354612649,0.5272016486834348,6.053119145248182,4.190177960064622,-0.9926825715523121
system_specific_jjas,JJAS,2024,south_peninsula,FuXi-S2S,4,14,38,0.1947822250864196,0.2257571638765818,0.16767279322934545,0.010210895818129593,0.4000404988015808,4.940160786465008,3.504530684159914,-0.012699966635722775
system_specific_jjas,JJAS,ALL,central_india,ERPAS,1,31,64,0.4418766989990233,0.4837683395836659,0.44950079182724334,0.2927907400769786,0.5860682006082856,6.017195835933789,4.316235327057437,0.4837309158030965
system_specific_jjas,JJAS,ALL,central_india,ERPAS,2,31,64,0.09073615704120566,0.11439066261139436,0.1260704777553834,-0.24255754847760508,0.38046001301238697,7.119597143418429,5.4310930841563945,1.0870533767739563
system_specific_jjas,JJAS,ALL,central_india,ERPAS,3,31,64,0.021474099569836147,0.021838607151356975,0.06326075280064651,-0.24889004901780187,0.29224404165126944,6.957551114067612,5.407750790523501,0.7764732004661459
system_specific_jjas,JJAS,ALL,central_india,ERPAS,4,31,64,0.06511763206033822,0.07288081804812718,0.0863606790624202,-0.18250284830272762,0.25548012877414356,6.6820577938822,5.082197717469676,-0.20254347871147949
system_specific_jjas,JJAS,ALL,central_india,FuXi-S2S,1,31,64,0.49614639142117906,0.5317961702117776,0.4587028399141531,0.3057817840990634,0.6979055479294161,5.939842306631,4.070097144584323,0.038111770235380434
system_specific_jjas,JJAS,ALL,central_india,FuXi-S2S,2,31,64,0.2964018236880511,0.36175921061610083,0.2804510259646945,0.08118726912541485,0.6066664670439222,6.604846443988803,4.710987049970442,-0.26463476164166433
system_specific_jjas,JJAS,ALL,central_india,FuXi-S2S,3,31,64,0.15116480135446586,0.16505487942818817,0.14728371481096358,0.018663619584396156,0.3279848202878291,6.465438514288046,4.827057231537113,-0.4026342227469278
system_specific_jjas,JJAS,ALL,central_india,FuXi-S2S,4,31,64,0.15027935242797388,0.17867543008323544,0.16824366579800212,0.003911556014120304,0.39438501055008,6.249289132536222,4.631906846298441,-0.2308029455354366
system_specific_jjas,JJAS,ALL,east_northeast_india,ERPAS,1,31,36,0.4699440967096137,0.4983658809965543,0.5250438378717768,0.33071716595492856,0.6189839132348725,6.980617422644793,5.147301990248752,1.051319359648905
system_specific_jjas,JJAS,ALL,east_northeast_india,ERPAS,2,31,36,0.22216427165413136,0.24440272173899322,0.2427845970369517,0.04895041136643047,0.49534655250113524,8.572421010628256,6.768401726485252,2.3808319390276775
system_specific_jjas,JJAS,ALL,east_northeast_india,ERPAS,3,31,36,0.06200161285497163,0.07518951663695124,0.030829810519645496,-0.22992996480242142,0.3861038589822612,8.22723549836284,6.776652302318834,3.9832943535730836
system_specific_jjas,JJAS,ALL,east_northeast_india,ERPAS,4,31,36,0.07243682343959235,0.08278688799001331,0.11668292218345973,-0.13633318199505506,0.30139749882100203,7.8138898828591214,6.387436665193769,2.5419539296968607
system_specific_jjas,JJAS,ALL,east_northeast_india,FuXi-S2S,1,31,36,0.38827286351195694,0.424564727158021,0.4551188934767454,0.2564588650816437,0.6265627383832207,7.066347238299677,5.08555352539181,0.9075438608167427
system_specific_jjas,JJAS,ALL,east_northeast_india,FuXi-S2S,2,31,36,0.2463202738788917,0.2764826652990924,0.2872624588164068,0.024979224871645476,0.5386171036765031,8.344818302440677,6.217455656190594,2.0518154589237136
system_specific_jjas,JJAS,ALL,east_northeast_india,FuXi-S2S,3,31,36,0.1334839535131334,0.14597582720121308,0.15003271962275974,-0.08540758111904442,0.3201827703939936,7.152100228546636,5.4409891719584,1.9512379937800552
system_specific_jjas,JJAS,ALL,east_northeast_india,FuXi-S2S,4,31,36,0.08316666539923624,0.0899954148445027,0.19261371107504902,-0.23948366275735306,0.3471695478836443,7.801270592625246,6.0669708799443685,2.477607935233049
system_specific_jjas,JJAS,ALL,northwest_india,ERPAS,1,31,68,0.3194239266132275,0.35745455677553784,0.383835255094247,0.12391855052494517,0.5479605075202878,4.777066048462927,3.2869814514808717,0.4004697080278553
system_specific_jjas,JJAS,ALL,northwest_india,ERPAS,2,31,68,0.05770492894404996,0.059382958237752546,0.08413342367092674,-0.1552329467852144,0.28383404749564306,5.174291269068523,3.6228942008231795,0.4918565751684717
system_specific_jjas,JJAS,ALL,northwest_india,ERPAS,3,31,68,0.008770133788478011,0.006728921076083718,0.04774214293813188,-0.163884553829643,0.1905068620694622,4.92942165843344,3.6794797993974737,1.0839764546937594
system_specific_jjas,JJAS,ALL,northwest_india,ERPAS,4,31,68,-0.05066030506653143,-0.05477835002638314,-0.043760722590456956,-0.2995513990664721,0.18393232661993844,4.563164441972604,3.3447780349901435,0.4277346576866587
system_specific_jjas,JJAS,ALL,northwest_india,FuXi-S2S,1,31,68,0.5333865573742622,0.5737122563932919,0.565212055765258,0.4248850886445731,0.7073726383404264,3.978081107840974,2.6488479568439423,-0.5069312925823435
system_specific_jjas,JJAS,ALL,northwest_india,FuXi-S2S,2,31,68,0.2982987795291572,0.34432628850296165,0.37701132413436417,0.09989925898283326,0.6247329811846669,4.501915027704723,3.0557549488637195,-0.6026956122668672
system_specific_jjas,JJAS,ALL,northwest_india,FuXi-S2S,3,31,68,0.18638142658548962,0.21934455521606108,0.15937912603937557,-0.13734480291335582,0.5497766369923347,4.199103815487804,2.934635818406465,-0.23884720235846896
system_specific_jjas,JJAS,ALL,northwest_india,FuXi-S2S,4,31,68,0.029507005318351716,0.03705192285301085,0.016679086106149703,-0.2517357148069697,0.4145038801229968,4.148945184943507,2.9106851468834263,-0.01120981921564991
system_specific_jjas,JJAS,ALL,south_peninsula,ERPAS,1,31,38,0.5998685089888711,0.6506104222212394,0.6778287040603569,0.4556378483459106,0.7907402729058319,4.076989695481691,2.7574531814943017,-0.23548651082750718
system_specific_jjas,JJAS,ALL,south_peninsula,ERPAS,2,31,38,0.29016833535979164,0.35239325706517116,0.3026190607131325,0.004789354611137071,0.5567908515056377,5.392753320500994,3.9565882269471295,1.1206850152631327
system_specific_jjas,JJAS,ALL,south_peninsula,ERPAS,3,31,38,-0.03082165337511515,-0.02398366307126354,-0.052721112327831055,-0.44050660239561124,0.4213804628009734,6.311709471605298,4.729951484298843,1.3268771132465185
system_specific_jjas,JJAS,ALL,south_peninsula,ERPAS,4,31,38,0.08154759941313303,0.08356116852156498,0.2004166257957173,-0.10551570229387566,0.3671003662361302,5.575522811200602,4.293518390678573,1.2062118545107394
system_specific_jjas,JJAS,ALL,south_peninsula,FuXi-S2S,1,31,38,0.4204348357081696,0.49069209259975904,0.5269450089380467,0.28869176547778097,0.6437719995535629,5.105892145104994,3.3932241027058416,-0.2136733006537804
system_specific_jjas,JJAS,ALL,south_peninsula,FuXi-S2S,2,31,38,0.29497191172560394,0.3792392256185012,0.48878041843421893,-0.09875297220767282,0.6515653440062104,5.520225047350036,3.708792084771864,-0.34638400925406304
system_specific_jjas,JJAS,ALL,south_peninsula,FuXi-S2S,3,31,38,0.2144213966599182,0.2653959420032444,0.2065643886972915,-0.08217490988762655,0.5616213653577435,5.397420414469233,3.683577581909841,-0.7052180058027555
system_specific_jjas,JJAS,ALL,south_peninsula,FuXi-S2S,4,31,38,0.16392679013720507,0.22620154820273827,0.12627893508177251,-0.2595592606249957,0.5347967253363115,4.971647086387216,3.5372271910084416,0.008086578038325088
