fuxi_init,ecmwf_init,valid_start,valid_end,variable,region,week,bias_ECMWF,bias_FuXi,fcst_mean_ECMWF,fcst_mean_FuXi,obs_mean_ECMWF,obs_mean_FuXi,pcc_ECMWF,pcc_FuXi,rmse_ECMWF,rmse_FuXi,pcc_gain_fuxi_minus_ecmwf,rmse_reduction_fuxi_vs_ecmwf,abs_bias_reduction_fuxi_vs_ecmwf,lead_week
2019-06-20,2019-06-18,2019-06-21,2019-06-27,TP,All India,Week 1,1.0756665886004335,-1.3853619898519218,7.6557988047442285,5.1947702262918725,6.5801322161437925,6.5801322161437925,0.8677437422275612,0.9215370757118081,2.921695421337635,2.5021942919833213,0.053793333484246864,0.41950112935431383,-0.3096954012514883,1
2019-06-23,2019-06-22,2019-06-24,2019-06-30,TP,All India,Week 1,0.27803992508146497,-0.9033452509030528,6.895269829182413,5.713884653197896,6.617229904100949,6.617229904100949,0.8370522107459931,0.9492768955437394,5.505619698612305,2.221888061135164,0.11222468479774628,3.2837316374771413,-0.6253053258215879,1
2019-06-27,2019-06-25,2019-06-28,2019-07-04,TP,All India,Week 1,-0.4269524810591308,-0.927769167939894,8.094424208982218,7.593607522101457,8.52137669004135,8.52137669004135,0.8120542765700145,0.9220755485171911,4.65890149940036,2.9766672688110587,0.11002127194717659,1.6822342305893017,-0.5008166868807631,1
2019-06-30,2019-06-29,2019-07-01,2019-07-07,TP,All India,Week 1,-0.3358463991007749,-1.6356537432075222,10.422951600158072,9.123144256051326,10.758797999258851,10.758797999258851,0.8218351867552581,0.9279769858141347,5.128575137739774,3.7426952936542617,0.10614179905887655,1.3858798440855122,-1.2998073441067473,1
2019-07-04,2019-07-02,2019-07-05,2019-07-11,TP,All India,Week 1,-1.7083300186357362,-3.8380657306333843,10.677751608167823,8.548015896170174,12.386081626803556,12.386081626803556,0.7889168347654993,0.8982974552297822,7.260724604234126,6.3256124051161375,0.10938062046428287,0.935112199117988,-2.129735711997648,1
2019-07-07,2019-07-06,2019-07-08,2019-07-14,TP,All India,Week 1,0.6985804860207525,-1.9143487819570686,10.647441544846883,8.034512276869064,9.948861058826134,9.948861058826134,0.9441381660692357,0.9496357707951047,4.456694417132181,4.529704076280737,0.005497604725869021,-0.07300965914855606,-1.215768295936316,1
2019-07-11,2019-07-09,2019-07-12,2019-07-18,TP,All India,Week 1,1.6578185065929476,-0.968464872340608,7.451750263499954,4.8254668845663975,5.793931756907005,5.793931756907005,0.9304065069122611,0.9507137844761979,7.260631233633248,2.4901241013836555,0.0203072775639368,4.770507132249593,0.6893536342523396,1
2019-07-14,2019-07-13,2019-07-15,2019-07-21,TP,All India,Week 1,-0.23218593329427162,-0.6421793686164904,6.070974226250817,5.6609807909285985,6.303160159545089,6.303160159545089,0.7695240725196202,0.9465117010574405,5.385513879730995,1.8680697786049847,0.17698762853782035,3.5174441011260105,-0.40999343532221877,1
2019-07-18,2019-07-16,2019-07-19,2019-07-25,TP,All India,Week 1,-0.9733784340569379,-1.0979585994480612,8.343423839065654,8.21884367367453,9.316802273122589,9.316802273122589,0.853114602957797,0.9084680337809709,3.5095701523436804,2.835679708021107,0.0553534308231739,0.6738904443225735,-0.12458016539112327,1
2019-07-21,2019-07-20,2019-07-22,2019-07-28,TP,All India,Week 1,-1.2240928099317987,-1.3724078431904303,11.129231956424892,10.980916923166259,12.353324766356684,12.353324766356684,0.7265811549882917,0.6545346228750996,4.93658553615369,5.418912830560503,-0.07204653211319212,-0.48232729440681243,-0.1483150332586316,1
2019-07-25,2019-07-23,2019-07-26,2019-08-01,TP,All India,Week 1,-0.3145036343466878,-1.737103650355366,12.45651445241427,11.03391443640559,12.771018086760957,12.771018086760957,0.6285438100772649,0.8178505396490935,6.585726241823615,5.083619162130167,0.1893067295718286,1.502107079693448,-1.4226000160086782,1
2019-07-28,2019-07-27,2019-07-29,2019-08-04,TP,All India,Week 1,0.03001108740083313,-1.5093622129508188,11.937734542772583,10.398361242420933,11.90772345537175,11.90772345537175,0.6428522583447976,0.7977420528517103,7.310150655084427,5.944376586124897,0.15488979450691265,1.3657740689595297,-1.4793511255499858,1
2019-06-20,2019-06-18,2019-06-28,2019-07-04,TP,All India,Week 2,-1.657175302354444,0.6379601947997113,6.864201387686905,9.15933688484106,8.52137669004135,8.52137669004135,0.5533611447687018,0.8397123933563551,6.930683053713411,4.110853753058542,0.28635124858765326,2.8198293006548685,1.0192151075547327,2
2019-06-23,2019-06-22,2019-07-01,2019-07-07,TP,All India,Week 2,-0.49903394085075703,-0.3070636184557896,10.259764058408095,10.45173438080306,10.758797999258851,10.758797999258851,0.7560507443266888,0.766528970132382,5.588897886868763,5.472152858425507,0.010478225805693131,0.11674502844325563,0.19197032239496742,2
2019-06-27,2019-06-25,2019-07-05,2019-07-11,TP,All India,Week 2,-2.3888553466735405,-2.540111674026823,9.997226280130018,9.845969952776732,12.386081626803556,12.386081626803556,0.7903901870480858,0.8601658578137263,7.707214327691856,6.845416086904888,0.06977567076564051,0.8617982407869684,-0.15125632735328232,2
2019-06-30,2019-06-29,2019-07-08,2019-07-14,TP,All India,Week 2,-0.7023685867497858,-3.250127984969778,9.246492472076348,6.698733073856355,9.948861058826134,9.948861058826134,0.8861496600486476,0.9579363485553263,7.275477266456827,6.938267167970956,0.07178668850667869,0.3372100984858708,-2.547759398219992,2
2019-07-04,2019-07-02,2019-07-12,2019-07-18,TP,All India,Week 2,4.213668844284843,-0.10397437487671501,10.007600601191847,5.689957382030291,5.793931756907005,5.793931756907005,0.8950484776095734,0.8992259416456846,6.866020825041958,3.32921203905713,0.004177464036111189,3.536808785984828,4.109694469408128,2
2019-07-07,2019-07-06,2019-07-15,2019-07-21,TP,All India,Week 2,1.580069207413976,-1.4065129748198102,7.883229366959064,4.896647184725279,6.303160159545089,6.303160159545089,0.6300279138798519,0.7401917753499158,7.495287660626398,3.9522230388749024,0.11016386147006385,3.543064621751496,0.17355623259416575,2
2019-07-11,2019-07-09,2019-07-19,2019-07-25,TP,All India,Week 2,-1.9548229376872623,-2.0502237727111874,7.361979335435327,7.266578500411401,9.316802273122589,9.316802273122589,0.8685256274444672,0.711592891348703,3.6646141284646294,4.845530513171953,-0.1569327360957642,-1.1809163847073236,-0.09540083502392505,2
2019-07-14,2019-07-13,2019-07-22,2019-07-28,TP,All India,Week 2,-3.038713594335706,-2.006985467919925,9.314611172020983,10.346339298436758,12.353324766356684,12.353324766356684,0.7024312657996918,0.7101950340821751,5.703057550603086,4.942179394099639,0.007763768282483263,0.7608781565034475,1.0317281264157812,2
2019-07-18,2019-07-16,2019-07-26,2019-08-01,TP,All India,Week 2,-0.7891370420031881,-2.04067203397265,11.98188104475777,10.730346052788306,12.771018086760957,12.771018086760957,0.7102765441238368,0.4629381912059087,5.884273480930067,7.6759462724549286,-0.2473383529179281,-1.7916727915248618,-1.2515349919694616,2
2019-07-21,2019-07-20,2019-07-29,2019-08-04,TP,All India,Week 2,-0.9863576514128483,-1.9860617803067042,10.921365803958905,9.921661675065048,11.90772345537175,11.90772345537175,0.577056079171468,0.5034862797328676,7.86784250665972,8.552376908675102,-0.07356979943860031,-0.6845344020153821,-0.999704128893856,2
2019-07-25,2019-07-23,2019-08-02,2019-08-08,TP,All India,Week 2,-2.434702026397861,-3.5100077732702752,11.791772314874652,10.71646656800224,14.22647434127251,14.22647434127251,0.6438153491400249,0.7952888273192357,7.961207478679464,7.051922102372081,0.15147347817921075,0.9092853763073832,-1.0753057468724143,2
2019-07-28,2019-07-27,2019-08-05,2019-08-11,TP,All India,Week 2,-1.7523102935619925,-4.538799607368694,10.89966281444966,8.113173500642954,12.651973108011651,12.651973108011651,0.7434712556092881,0.5994149485591431,5.756502806380424,7.9784653593435415,-0.14405630705014494,-2.2219625529631175,-2.7864893138067015,2
2019-06-20,2019-06-18,2019-07-05,2019-07-11,TP,All India,Week 3,-4.774395494628049,-3.678728797678178,7.611686132175507,8.70735282912538,12.386081626803556,12.386081626803556,0.88287093618348,0.7691239391893792,8.669753726898595,8.789035972789003,-0.11374699699410085,-0.11928224589040859,1.0956666969498707,3
2019-06-23,2019-06-22,2019-07-08,2019-07-14,TP,All India,Week 3,0.966854422195255,-2.5095658354383836,10.91571548102139,7.43929522338775,9.948861058826134,9.948861058826134,0.4242709718177848,0.8922702546117508,11.902407078794242,8.502506050710466,0.467999282793966,3.399901028083777,-1.5427114132431288,3
2019-06-27,2019-06-25,2019-07-12,2019-07-18,TP,All India,Week 3,2.430898416525934,2.9788319045709026,8.22483017343294,8.772763661477908,5.793931756907005,5.793931756907005,0.7833752867529815,0.6537095767457172,5.160381732194572,6.323645991047395,-0.12966571000726435,-1.1632642588528235,-0.5479334880449684,3
2019-06-30,2019-06-29,2019-07-15,2019-07-21,TP,All India,Week 3,1.8251145215016982,0.6903982462910639,8.128274681046786,6.993558405836152,6.303160159545089,6.303160159545089,0.5718189384048668,0.6360392883383058,6.742993891990209,4.739094628740776,0.06422034993343906,2.0038992632494335,1.1347162752106343,3
2019-07-04,2019-07-02,2019-07-19,2019-07-25,TP,All India,Week 3,-0.2517816773678883,-1.187198303276546,9.065020595754701,8.129603969846043,9.316802273122589,9.316802273122589,0.7685408768385481,0.60141572544899,3.9980417526484917,5.139083282254881,-0.16712515138955808,-1.1410415296063894,-0.9354166259086578,3
2019-07-07,2019-07-06,2019-07-22,2019-07-28,TP,All India,Week 3,-3.976980995390529,-3.2324294687030775,8.376343770966159,9.120895297653608,12.353324766356684,12.353324766356684,0.7151404191790395,0.7071073810917049,5.758321879895996,5.3154477296457285,-0.008033038087334576,0.4428741502502671,0.7445515266874514,3
2019-07-11,2019-07-09,2019-07-26,2019-08-01,TP,All India,Week 3,-2.927557145854052,-3.5197152251530306,9.843460940906906,9.251302861607925,12.771018086760957,12.771018086760957,0.5496811361932067,0.3386421354830602,7.503092357253596,8.957361978596044,-0.21103900071014647,-1.4542696213424477,-0.5921580792989785,3
2019-07-14,2019-07-13,2019-07-29,2019-08-04,TP,All India,Week 3,-1.062727329899105,-2.0928232824961945,10.844996125472646,9.814900172875557,11.90772345537175,11.90772345537175,0.3964951565462403,0.6516287075124952,8.861232673666846,7.696782736140737,0.25513355096625495,1.1644499375261095,-1.0300959525970896,3
2019-07-18,2019-07-16,2019-08-02,2019-08-08,TP,All India,Week 3,-3.992513055724116,-4.793192809448418,10.233961285548398,9.433281531824093,14.22647434127251,14.22647434127251,0.43040788431171184,0.8582129510483755,9.861929132193636,7.411082213757167,0.42780506673666363,2.4508469184364685,-0.8006797537243018,3
2019-07-21,2019-07-20,2019-08-05,2019-08-11,TP,All India,Week 3,-2.0101609037630332,-3.536306532710619,10.641812204248613,9.11566657530103,12.651973108011651,12.651973108011651,0.8402415592862936,0.9026871405570983,5.165847318281025,5.072102870013499,0.062445581270804684,0.09374444826752626,-1.5261456289475857,3
2019-07-25,2019-07-23,2019-08-09,2019-08-15,TP,All India,Week 3,-1.4310175051182645,-2.599435047764233,9.498602741997415,8.330185199351448,10.929620247115679,10.929620247115679,0.7071235107562898,0.7718546685074943,4.882642114467086,5.082976210888177,0.06473115775120453,-0.20033409642109046,-1.1684175426459686,3
2019-07-28,2019-07-27,2019-08-12,2019-08-18,TP,All India,Week 3,-2.8392945685031017,-2.9758386214894417,8.479014034561889,8.34246998157555,11.31830860306499,11.31830860306499,0.500806373634822,0.6321826351314931,6.610146482653513,5.8005418811091936,0.13137626149667103,0.8096046015443195,-0.13654405298633998,3
2019-06-20,2019-06-18,2019-07-12,2019-07-18,TP,All India,Week 4,2.656978212948954,1.7327677992774708,8.450909969855958,7.526699556184476,5.793931756907005,5.793931756907005,0.6578903590553022,0.6675124258381369,6.122020419293597,5.722690471408857,0.009622066782834615,0.3993299478847403,0.9242104136714833,4
2019-06-23,2019-06-22,2019-07-15,2019-07-21,TP,All India,Week 4,2.0690052861724952,1.8022399785412357,8.372165445717583,8.105400138086324,6.303160159545089,6.303160159545089,0.5039659248231754,0.679051901343845,5.284755229586613,4.545805739297643,0.1750859765206696,0.7389494902889702,0.2667653076312595,4
2019-06-27,2019-06-25,2019-07-19,2019-07-25,TP,All India,Week 4,-0.4071658284330064,-0.12168981716839516,8.909636444689584,9.195112455954193,9.316802273122589,9.316802273122589,0.7862185529072211,0.49758942226581376,3.9608552993673696,5.877785159457248,-0.2886291306414073,-1.916929860089878,0.28547601126461125,4
2019-06-30,2019-06-29,2019-07-22,2019-07-28,TP,All India,Week 4,-3.3848255155315026,-3.2168551088920205,8.968499250825184,9.136469657464668,12.353324766356684,12.353324766356684,0.7423341362598879,0.5127793957082656,5.220709330045312,6.75215511926078,-0.22955474055162228,-1.5314457892154678,0.16797040663948204,4
2019-07-04,2019-07-02,2019-07-26,2019-08-01,TP,All India,Week 4,-2.9756264846635267,-3.949140176290192,9.79539160209743,8.821877910470764,12.771018086760957,12.771018086760957,0.5034487790909666,0.3089904888705452,7.747887657242217,8.958473023374326,-0.19445829022042144,-1.2105853661321095,-0.9735136916266653,4
2019-07-07,2019-07-06,2019-07-29,2019-08-04,TP,All India,Week 4,-1.327350555094117,-2.765803988673931,10.580372900277634,9.14191946669782,11.90772345537175,11.90772345537175,0.6150644729905531,0.05738823100796841,7.726156355011957,10.785848484419558,-0.5576762419825847,-3.059692129407601,-1.4384534335798143,4
2019-07-11,2019-07-09,2019-08-02,2019-08-08,TP,All India,Week 4,-5.878993548465834,-5.170974697201155,8.34748079280668,9.055499644071363,14.22647434127251,14.22647434127251,0.3435072194626826,0.7654127322340792,11.019720904474987,8.671919499904481,0.42190551277139665,2.3478014045705056,0.7080188512646792,4
2019-07-14,2019-07-13,2019-08-05,2019-08-11,TP,All India,Week 4,-3.6503815972644125,-3.7627619942877066,9.001591510747238,8.889211113723944,12.651973108011651,12.651973108011651,0.5814713107140503,0.8251034631999526,7.648498466475824,6.2147235395873555,0.2436321524859023,1.4337749268884687,-0.11238039702329417,4
2019-07-18,2019-07-16,2019-08-09,2019-08-15,TP,All India,Week 4,-2.683644696824011,-1.9386698014044927,8.24597555029167,8.990950445711189,10.929620247115679,10.929620247115679,0.5861441443246934,0.7475351034167734,5.9655239144347885,4.7846702137336194,0.16139095909208,1.180853700701169,0.7449748954195183,4
2019-07-21,2019-07-20,2019-08-12,2019-08-18,TP,All India,Week 4,-2.7134077113400803,-2.422637715248127,8.604900891724908,8.895670887816863,11.31830860306499,11.31830860306499,0.5369721449603586,0.5611986655779191,6.076052735921073,5.886930307138797,0.024226520617560476,0.18912242878227659,0.2907699960919534,4
2019-07-25,2019-07-23,2019-08-16,2019-08-22,TP,All India,Week 4,0.9680326194679364,-0.3392894755423074,8.958208567253765,7.65088647224352,7.990175947785828,7.990175947785828,0.502104169565782,0.4923519871341835,3.872307741369929,3.993041169065786,-0.009752182431598477,-0.12073342769585693,0.628743143925629,4
2019-07-28,2019-07-27,2019-08-19,2019-08-25,TP,All India,Week 4,0.3847310197546698,-0.8811702233334711,7.458035824190658,6.1921345811025175,7.073304804435988,7.073304804435988,0.4633963385218338,0.5645532084972686,4.781221571159593,4.811327477813233,0.10115686997543483,-0.03010590665363999,-0.4964392035788013,4
2019-06-20,2019-06-18,2019-07-19,2019-07-25,TP,All India,Week 5,-0.0011884690689419576,-0.0891795204537395,9.315613804053646,9.22762275266885,9.316802273122589,9.316802273122589,0.6109478470901478,0.6705229800496401,5.039616634749776,4.696032968107225,0.05957513295949224,0.3435836666425507,-0.08799105138479754,5
2019-06-23,2019-06-22,2019-07-22,2019-07-28,TP,All India,Week 5,-2.7005757602725873,-3.3978783437302855,9.6527490060841,8.9554464226264,12.353324766356684,12.353324766356684,0.7151938806252485,0.7582177288256357,4.949420532785877,5.148682825627434,0.04302384820038718,-0.19926229284155728,-0.6973025834576982,5
2019-06-27,2019-06-25,2019-07-26,2019-08-01,TP,All India,Week 5,-3.146170334412421,-3.3740460713393348,9.624847752348535,9.396972015421621,12.771018086760957,12.771018086760957,0.40587812936414447,0.5640285476728764,8.229010381765002,7.6183267135428165,0.1581504183087319,0.6106836682221859,-0.22787573692691376,5
2019-06-30,2019-06-29,2019-07-29,2019-08-04,TP,All India,Week 5,-1.9773436657629895,-2.6021496565105426,9.930379789608759,9.305573798861209,11.90772345537175,11.90772345537175,0.5628828104823177,0.44112153551590727,8.193511416717257,8.938321513717714,-0.12176127496641043,-0.7448100970004568,-0.6248059907475532,5
2019-07-04,2019-07-02,2019-08-02,2019-08-08,TP,All India,Week 5,-4.317295994552921,-6.941251813535514,9.909178346719592,7.285222527737,14.22647434127251,14.22647434127251,0.5342561752405162,0.5100315060575749,9.456402667436551,11.087325726946949,-0.024224669182941305,-1.6309230595103976,-2.6239558189825933,5
2019-07-07,2019-07-06,2019-08-05,2019-08-11,TP,All India,Week 5,-3.577161362197908,-4.6778397538279615,9.074811745813742,7.974133354183688,12.651973108011651,12.651973108011651,0.30291410891078896,0.6697032574570566,8.862137734485973,7.770566903993413,0.36678914854626765,1.09157083049256,-1.1006783916300535,5
2019-07-11,2019-07-09,2019-08-09,2019-08-15,TP,All India,Week 5,-2.5838489837920373,-1.887464602277852,8.345771263323641,9.042155644837829,10.929620247115679,10.929620247115679,0.6572475879552795,0.7117636641373546,5.596690134198342,5.043056495785661,0.0545160761820751,0.5536336384126805,0.6963843815141852,5
2019-07-14,2019-07-13,2019-08-12,2019-08-18,TP,All India,Week 5,-2.6203467651297276,-2.898418083716493,8.697961837935264,8.419890519348497,11.31830860306499,11.31830860306499,0.581461900619882,0.5067904474007497,5.834278065647366,6.285648874254858,-0.07467145321913227,-0.4513708086074919,-0.27807131858676515,5
2019-07-18,2019-07-16,2019-08-16,2019-08-22,TP,All India,Week 5,-0.30226037941425793,-0.616563377936489,7.68791556837157,7.373612569849338,7.990175947785828,7.990175947785828,0.24996669499894433,0.5263351308939994,4.82874696632671,3.9681447801179015,0.2763684358950551,0.8606021862088085,-0.31430299852223104,5
2019-07-21,2019-07-20,2019-08-19,2019-08-25,TP,All India,Week 5,0.11672058254134995,0.09279685103024783,7.190025386977337,7.166101655466237,7.073304804435988,7.073304804435988,0.5570106957549951,0.6277013516209324,4.225296481026639,3.9960444796046235,0.07069065586593737,0.22925200142201563,0.023923731511102123,5
2019-07-25,2019-07-23,2019-08-23,2019-08-29,TP,All India,Week 5,0.14145995658234808,-1.3486297574088584,7.2540460959403035,5.763956381949097,7.112586139357957,7.112586139357957,0.6841855585273402,0.5900677568816199,3.235312547348109,3.8857997401775908,-0.09411780164572026,-0.6504871928294818,-1.2071698008265104,5
2019-07-28,2019-07-27,2019-08-26,2019-09-01,TP,All India,Week 5,-0.10504917001471593,-1.868184730957168,7.161134137509834,5.397998576567382,7.26618330752455,7.26618330752455,0.37939047318877306,0.11246166270336319,3.5059171596438556,4.598138510138561,-0.26692881048540984,-1.0922213504947056,-1.763135560942452,5
2019-06-20,2019-06-22,2019-07-26,2019-08-01,TP,All India,Week 6,-2.404821973861314,-4.058523153860034,10.366196112899644,8.712494932900924,12.771018086760957,12.771018086760957,0.46605927767865424,0.43480418719973396,7.752311788379814,8.514230141107516,-0.03125509047892028,-0.7619183527277027,-1.6537011799987202,6
2019-06-23,2019-06-25,2019-07-29,2019-08-04,TP,All India,Week 6,-1.6174508763218882,-3.175065048940106,10.290272579049862,8.732658406431646,11.90772345537175,11.90772345537175,0.7008963162383057,0.6480971132244431,7.331234540209923,8.079208700297476,-0.05279920301386265,-0.7479741600875531,-1.557614172618218,6
2019-06-27,2019-06-29,2019-08-02,2019-08-08,TP,All India,Week 6,-4.674998648380767,-6.083683702731407,9.551475692891746,8.142790638541106,14.22647434127251,14.22647434127251,0.5244638082016867,0.5812782218093071,9.689445838388743,10.247752198353488,0.056814413607620406,-0.558306359964746,-1.4086850543506397,6
2019-06-30,2019-07-02,2019-08-05,2019-08-11,TP,All India,Week 6,-3.0547372706454863,-5.319731791298949,9.597235837366163,7.3322413167127,12.651973108011651,12.651973108011651,0.6156960127643821,0.5494812890150668,7.176236407998492,8.704108170966286,-0.06621472374931536,-1.527871762967794,-2.2649945206534627,6
2019-07-04,2019-07-06,2019-08-09,2019-08-15,TP,All India,Week 6,-2.2921291805267394,-3.492051850736728,8.63749106658894,7.437568396378952,10.929620247115679,10.929620247115679,0.46613933142159525,0.5542381831600803,6.337340408770282,6.496987295464424,0.08809885173848508,-0.1596468866941425,-1.1999226702099888,6
2019-07-07,2019-07-09,2019-08-12,2019-08-18,TP,All India,Week 6,-3.0268707752163024,-3.401243799687732,8.291437827848688,7.917064803377258,11.31830860306499,11.31830860306499,0.5639075745095874,0.35916668136429997,6.107954412902445,7.061471823634074,-0.20474089314528743,-0.9535174107316289,-0.3743730244714296,6
2019-07-11,2019-07-13,2019-08-16,2019-08-22,TP,All India,Week 6,0.18447594243539264,-0.8334702905939179,8.17465189022122,7.156705657191909,7.990175947785828,7.990175947785828,0.5810886286672023,0.4012344278025986,3.642681821311703,4.179275046042023,-0.17985420086460374,-0.53659322473032,-0.6489943481585252,6
2019-07-14,2019-07-16,2019-08-19,2019-08-25,TP,All India,Week 6,0.06348069254837092,-0.046089041550696194,7.136785496984358,7.027215762885292,7.073304804435988,7.073304804435988,0.6473359211638348,0.6670995453782163,3.8731733349806774,3.721021323953135,0.019763624214381492,0.1521520110275425,0.01739165099767473,6
2019-07-18,2019-07-20,2019-08-23,2019-08-29,TP,All India,Week 6,0.04453997260433712,-0.761909472528902,7.1571261119622935,6.350676666829052,7.112586139357957,7.112586139357957,0.5428044388132006,0.5965356708457503,3.7638778540219886,3.6752428828480674,0.0537312320325497,0.08863497117392116,-0.7173694999245648,6
2019-07-21,2019-07-23,2019-08-26,2019-09-01,TP,All India,Week 6,-0.7441694122527773,-1.2738049371105846,6.5220138952717726,5.992378370413967,7.26618330752455,7.26618330752455,0.5159341412380818,0.16132131246563278,3.111654335368696,4.257935457782697,-0.35461282877244904,-1.1462811224140008,-0.5296355248578073,6
2019-07-25,2019-07-27,2019-08-30,2019-09-05,TP,All India,Week 6,-1.964541926681324,-3.4341644285214787,7.253196643271797,5.783574141431641,9.217738569953122,9.217738569953122,0.39203063750944456,0.5486555642598018,5.4404461508008835,5.534258250245589,0.15662492675035722,-0.09381209944470559,-1.4696225018401547,6
2019-07-28,2019-07-30,2019-09-02,2019-09-08,TP,All India,Week 6,-4.543588825500628,-4.655336656090349,5.911962603802011,5.800214773212285,10.455551429302636,10.455551429302636,0.31121750875869386,0.6163416775361398,8.912534412055953,8.009604891983573,0.3051241687774459,0.9029295200723801,-0.11174783058972171,6
2019-06-20,2019-06-18,2019-06-21,2019-06-27,TP,central_india,Week 1,0.5924509623750785,-1.6323877741487727,7.599562509410373,5.374723772886521,7.0071115470352945,7.0071115470352945,0.6675338881936267,0.8001430124329973,3.1858230399405834,3.0878714810617827,0.13260912423937066,0.09795155887880069,-1.039936811773694,1
2019-06-23,2019-06-22,2019-06-24,2019-06-30,TP,central_india,Week 1,-2.705902141822753,-0.7927582036210018,6.225207000083526,8.138350938285278,8.93110914190628,8.93110914190628,0.9478266679161126,0.9570578036486884,3.7873916807390247,2.0893700486766993,0.009231135732575835,1.6980216320623254,1.9131439382017512,1
2019-06-27,2019-06-25,2019-06-28,2019-07-04,TP,central_india,Week 1,-2.9260644020701414,-1.8842769818785385,12.522395058631172,13.564182478822776,15.44845946070131,15.44845946070131,0.742757367784633,0.874494599660514,5.3423545799111185,3.845058797876894,0.13173723187588104,1.4972957820342243,1.0417874201916029,1
2019-06-30,2019-06-29,2019-07-01,2019-07-07,TP,central_india,Week 1,0.3689358044122308,-3.5244785079058114,17.718716175789915,13.825301863471875,17.349780371377683,17.349780371377683,0.5938431108164379,0.8856217103506606,7.255641876609735,5.152426781200732,0.2917785995342227,2.103215095409003,-3.155542703493581,1
2019-07-04,2019-07-02,2019-07-05,2019-07-11,TP,central_india,Week 1,1.8209576885484364,-3.727579412485965,13.724812002314904,8.176274901280504,11.903854313766466,11.903854313766466,0.7218132694992053,0.7226263645449482,7.123310692445116,5.420635367287692,0.0008130950457428954,1.7026753251574247,-1.9066217239375285,1
2019-07-07,2019-07-06,2019-07-08,2019-07-14,TP,central_india,Week 1,1.875301377879583,-2.042876676721865,7.332077768009483,3.4138997134080347,5.456776390129899,5.456776390129899,0.8321409331849402,0.8662371329173435,3.625961394133721,2.906127501188662,0.0340961997324033,0.7198338929450592,-0.16757529884228184,1
2019-07-11,2019-07-09,2019-07-12,2019-07-18,TP,central_india,Week 1,0.14995129263591792,-0.07699534725924848,2.379764170866094,2.1528175309709274,2.2298128782301765,2.2298128782301765,0.7052912412894377,0.8977843589208523,2.285551375207841,1.2160659564768177,0.19249311763141463,1.0694854187310234,0.07295594537666944,1
2019-07-14,2019-07-13,2019-07-15,2019-07-21,TP,central_india,Week 1,-1.9687839955851567,-0.1640235844537245,3.1059524483421703,4.910712859473603,5.074736443927327,5.074736443927327,0.8950931508067266,0.9406889783980417,2.454480612222611,1.300499610909834,0.045595827591315086,1.1539810013127771,1.8047604111314322,1
2019-07-18,2019-07-16,2019-07-19,2019-07-25,TP,central_india,Week 1,-0.1748359508049157,-0.03707484838086614,8.080369472868929,8.21813057529298,8.255205423673845,8.255205423673845,0.8248084730087352,0.9433455851802104,2.5158429151695243,1.8610794957253005,0.11853711217147522,0.6547634194442238,0.13776110242404957,1
2019-07-21,2019-07-20,2019-07-22,2019-07-28,TP,central_india,Week 1,-0.43473831971382026,0.26507630378231917,12.788294514704422,13.488109138200562,13.223032834418243,13.223032834418243,0.44130679556851393,0.4134656289587049,5.462623033062622,7.076589599255499,-0.02784116660980901,-1.613966566192877,0.1696620159315011,1
2019-07-25,2019-07-23,2019-07-26,2019-08-01,TP,central_india,Week 1,-2.565421838805195,-3.942364601824679,16.678663484052638,15.301720721033153,19.244085322857828,19.244085322857828,0.30181767999913667,0.6983094342731564,8.356216496698423,6.975243043042076,0.3964917542740197,1.3809734536563463,-1.3769427630194842,1
2019-07-28,2019-07-27,2019-07-29,2019-08-04,TP,central_india,Week 1,-1.5990242449735435,-3.838277286975685,17.567287139034118,15.328034097031978,19.166311384007663,19.166311384007663,0.46054301539959724,0.720136037151035,9.667868984115017,8.373327793425576,0.2595930217514378,1.2945411906894417,-2.239253042002142,1
2019-06-20,2019-06-18,2019-06-28,2019-07-04,TP,central_india,Week 2,-7.736772442383081,-1.247697485366468,7.711687018318233,14.200761975334844,15.44845946070131,15.44845946070131,0.6837201692914981,0.7310261458498631,9.084883336876073,4.945380650116671,0.04730597655836499,4.1395026867594025,6.489074957016612,2
2019-06-23,2019-06-22,2019-07-01,2019-07-07,TP,central_india,Week 2,-2.4598535599242757,-3.0415853775400974,14.889926811453407,14.308194993837587,17.349780371377683,17.349780371377683,0.42917091390266016,0.5979804640032687,7.436264818251298,6.889454141490846,0.1688095501006085,0.5468106767604519,-0.5817318176158217,2
2019-06-27,2019-06-25,2019-07-05,2019-07-11,TP,central_india,Week 2,-0.2831928004928893,-0.9846422285286861,11.62066151327358,10.919212085237781,11.903854313766466,11.903854313766466,0.720014090270759,0.6595803450342038,4.258642968716087,4.524327187208367,-0.0604337452365552,-0.26568421849227963,-0.7014494280357968,2
2019-06-30,2019-06-29,2019-07-08,2019-07-14,TP,central_india,Week 2,3.023338391473975,-0.9933957316800998,8.480114781603874,4.4633806584498,5.456776390129899,5.456776390129899,0.8368474465081398,0.9349009661897869,3.996365273776866,1.7891796523558747,0.0980535196816471,2.207185621420991,2.0299426597938752,2
2019-07-04,2019-07-02,2019-07-12,2019-07-18,TP,central_india,Week 2,3.770917563582849,1.6881850094481574,6.000730441813026,3.9179978876783337,2.2298128782301765,2.2298128782301765,0.5889015433352672,0.8770138039432247,5.116928898980125,2.397995931500471,0.28811226060795747,2.718932967479654,2.082732554134692,2
2019-07-07,2019-07-06,2019-07-15,2019-07-21,TP,central_india,Week 2,-1.4088916436674863,-1.2607077530982964,3.66584480025984,3.8140286908290295,5.074736443927327,5.074736443927327,0.7419167987811305,0.5344407227370331,2.6214919472924048,3.0871012340385917,-0.20747607604409735,-0.46560928674618696,0.1481838905691899,2
2019-07-11,2019-07-09,2019-07-19,2019-07-25,TP,central_india,Week 2,-1.7223680844355724,1.032655902383528,6.532837339238273,9.287861326057373,8.255205423673845,8.255205423673845,0.6721117420025793,0.7587304194496348,3.6678919322639105,3.0176784674555495,0.08661867744705554,0.6502134648083611,0.6897121820520444,2
2019-07-14,2019-07-13,2019-07-22,2019-07-28,TP,central_india,Week 2,-2.2287770761910357,-0.29550300259750734,10.994255758227208,12.927529831820737,13.223032834418243,13.223032834418243,0.33356196616145534,0.3323108494050157,5.575523834964639,5.79236451020867,-0.0012511167564396297,-0.21684067524403083,1.9332740735935283,2
2019-07-18,2019-07-16,2019-07-26,2019-08-01,TP,central_india,Week 2,-1.9738446857966596,-6.294561682873519,17.270240637061168,12.94952363998431,19.244085322857828,19.244085322857828,0.40866163172053055,-0.002542090561452156,7.6206988863977605,11.255201758922816,-0.4112037222819827,-3.634502872525055,-4.320716997076859,2
2019-07-21,2019-07-20,2019-07-29,2019-08-04,TP,central_india,Week 2,-3.0353930398660935,-4.782945372666233,16.13091834414157,14.38336601134143,19.166311384007663,19.166311384007663,0.3355998180262171,0.2168017697579904,10.67903475517784,12.276989378095436,-0.11879804826822668,-1.5979546229175963,-1.7475523328001392,2
2019-07-25,2019-07-23,2019-08-02,2019-08-08,TP,central_india,Week 2,-4.522002171413774,-6.276312672393994,17.431737139851883,15.677426638871667,21.953739311265664,21.953739311265664,0.49093316774181545,0.7199950513756727,10.318873483941065,9.69566981317774,0.2290618836338572,0.6232036707633242,-1.7543105009802193,2
2019-07-28,2019-07-27,2019-08-05,2019-08-11,TP,central_india,Week 2,-4.791953361026081,-9.719894862256547,14.86725999060259,9.939318489372127,19.659213351628672,19.659213351628672,0.433463166022579,0.317405870568415,8.548517650199342,12.203508905546956,-0.11605729545416399,-3.654991255347614,-4.927941501230466,2
2019-06-20,2019-06-18,2019-07-05,2019-07-11,TP,central_india,Week 3,-3.502011703479416,-1.5983952539645045,8.401842610287051,10.305459059801962,11.903854313766466,11.903854313766466,0.6749321805786583,0.5979236317580393,5.497853522583304,4.878826064114008,-0.07700854882061903,0.6190274584692954,1.9036164495149115,3
2019-06-23,2019-06-22,2019-07-08,2019-07-14,TP,central_india,Week 3,8.354435406774396,0.7274390373594621,13.811211796904296,6.184215427489362,5.456776390129899,5.456776390129899,0.18709778067048233,0.6553773563524553,9.727714350444522,3.240177275089237,0.468279575681973,6.487537075355285,7.626996369414934,3
2019-06-27,2019-06-25,2019-07-12,2019-07-18,TP,central_india,Week 3,4.992513920033516,5.504425414061756,7.2223267982636905,7.734238292291932,2.2298128782301765,2.2298128782301765,0.0597716524749128,0.36830046458528654,6.202504612696095,6.865759413871121,0.30852881211037375,-0.6632548011750261,-0.5119114940282401,3
2019-06-30,2019-06-29,2019-07-15,2019-07-21,TP,central_india,Week 3,0.490013371412925,1.7418822326420424,5.564749815340251,6.816618676569369,5.074736443927327,5.074736443927327,0.6293521690213394,0.7238714071432776,2.6665918075749775,3.1764819761384473,0.09451923812193819,-0.5098901685634698,-1.2518688612291173,3
2019-07-04,2019-07-02,2019-07-19,2019-07-25,TP,central_india,Week 3,0.834032313166471,1.5883384764801274,9.089237736840316,9.843543900153971,8.255205423673845,8.255205423673845,0.5575617533136527,0.27160419720606266,3.7107177823565345,5.161776631873032,-0.28595755610759,-1.4510588495164973,-0.7543061633136564,3
2019-07-07,2019-07-06,2019-07-22,2019-07-28,TP,central_india,Week 3,-4.830614509592459,-1.8114744125264284,8.392418324825782,11.411558421891812,13.223032834418243,13.223032834418243,0.6912091962401242,0.6172958637715529,6.026975097263314,4.3344727978269875,-0.07391333246857135,1.6925022994363266,3.01914009706603,3
2019-07-11,2019-07-09,2019-07-26,2019-08-01,TP,central_india,Week 3,-7.124010352185787,-9.2617214538064,12.120074970672041,9.982363869051431,19.244085322857828,19.244085322857828,0.35086862114227,0.24760879778894312,10.362855295652666,12.201427054061906,-0.1032598233533269,-1.8385717584092394,-2.1377111016206127,3
2019-07-14,2019-07-13,2019-07-29,2019-08-04,TP,central_india,Week 3,-4.91899764129126,-6.096019997098759,14.2473137427164,13.070291386908902,19.166311384007663,19.166311384007663,-0.09343518502390381,0.4537405064117623,12.618714402516284,11.359586312336939,0.5471756914356661,1.2591280901793453,-1.177022355807499,3
2019-07-18,2019-07-16,2019-08-02,2019-08-08,TP,central_india,Week 3,-8.297296909996453,-7.591415352490792,13.656442401269212,14.362323958774871,21.953739311265664,21.953739311265664,0.16473981983230185,0.82827735832906,13.656312962575038,10.089886369688164,0.6635375384967581,3.5664265928868737,0.705881557505661,3
2019-07-21,2019-07-20,2019-08-05,2019-08-11,TP,central_india,Week 3,-3.93672561566483,-5.220319142362275,15.722487735963842,14.438894209266397,19.659213351628672,19.659213351628672,0.7664803355150263,0.766199084386168,6.7493834815950615,7.160482528056508,-0.0002812511288582398,-0.41109904646144635,-1.283593526697445,3
2019-07-25,2019-07-23,2019-08-09,2019-08-15,TP,central_india,Week 3,-2.137854029555482,-5.070572449289636,13.247308840801177,10.314590421067026,15.385162870356659,15.385162870356659,0.40421940758101543,0.5412085402509816,6.1768689349994625,7.333639826323267,0.1369891326699662,-1.1567708913238048,-2.932718419734154,3
2019-07-28,2019-07-27,2019-08-12,2019-08-18,TP,central_india,Week 3,-4.127589028790997,-1.8101246694378426,7.756321228749116,10.07378558810227,11.883910257540114,11.883910257540114,0.7653636880557427,0.7235758657191521,6.135416398559311,4.944602836733127,-0.04178782233659062,1.1908135618261841,2.317464359353154,3
2019-06-20,2019-06-18,2019-07-12,2019-07-18,TP,central_india,Week 4,7.387888428983707,6.238980957166983,9.617701307213883,8.46879383539716,2.2298128782301765,2.2298128782301765,0.3645201834835099,0.4550873838035859,7.931556561646723,7.040817197034529,0.09056720032007598,0.8907393646121946,1.1489074718167238,4
2019-06-23,2019-06-22,2019-07-15,2019-07-21,TP,central_india,Week 4,3.537528799442488,3.07667344388453,8.612265243369816,8.151409887811855,5.074736443927327,5.074736443927327,0.305658925751382,0.6729736264181895,5.0001411212197775,4.001194167587334,0.3673147006668075,0.9989469536324433,0.4608553555579582,4
2019-06-27,2019-06-25,2019-07-19,2019-07-25,TP,central_india,Week 4,0.5899265301912154,5.11345633607886,8.845131953865058,13.368661759752706,8.255205423673845,8.255205423673845,0.5470902600753212,0.6700446437438917,3.6972797295091646,6.38626531120325,0.12295438366857048,-2.688985581694085,-4.5235298058876445,4
2019-06-30,2019-06-29,2019-07-22,2019-07-28,TP,central_india,Week 4,-2.873660207851432,-0.3036764027759497,10.34937262656681,12.919356431642294,13.223032834418243,13.223032834418243,0.5150856481400061,0.5657844965881165,5.165916932094167,4.892424037386334,0.050698848448110345,0.2734928947078332,2.5699838050754824,4
2019-07-04,2019-07-02,2019-07-26,2019-08-01,TP,central_india,Week 4,-6.062667120466588,-9.639056692466564,13.181418202391239,9.605028630391265,19.244085322857828,19.244085322857828,-0.0656271714232516,-0.08972851967905741,10.745992551881383,13.096427123203968,-0.024101348255805816,-2.3504345713225856,-3.576389571999976,4
2019-07-07,2019-07-06,2019-07-29,2019-08-04,TP,central_india,Week 4,-5.6558548947109895,-10.550327407694102,13.510456489296672,8.61598397631356,19.166311384007663,19.166311384007663,0.5819774912080582,-0.16945611519743162,10.78177101763385,15.71084178679812,-0.7514336064054898,-4.9290707691642694,-4.894472512983112,4
2019-07-11,2019-07-09,2019-08-02,2019-08-08,TP,central_india,Week 4,-12.438519503847717,-10.332946851490926,9.515219807417944,11.620792459774737,21.953739311265664,21.953739311265664,0.353797047355597,0.7831059595261506,15.982915557198174,12.953727689073494,0.42930891217055356,3.02918786812468,2.1055726523567913,4
2019-07-14,2019-07-13,2019-08-05,2019-08-11,TP,central_india,Week 4,-7.93767062447548,-7.661694629440955,11.721542727153194,11.997518722187717,19.659213351628672,19.659213351628672,0.4361157955458015,0.6505464639743751,10.478839520256933,9.593383255545415,0.2144306684285736,0.8854562647115181,0.27597599503452486,4
2019-07-18,2019-07-16,2019-08-09,2019-08-15,TP,central_india,Week 4,-5.354277792285455,-2.813077992334206,10.030885078071208,12.572084878022455,15.385162870356659,15.385162870356659,0.1704193742922299,0.42389328532609755,8.363976649255779,6.434600770556208,0.2534739110338676,1.9293758786995712,2.5411997999512486,4
2019-07-21,2019-07-20,2019-08-12,2019-08-18,TP,central_india,Week 4,-2.450838989330738,-0.9259614441313588,9.433071268209376,10.957948813408754,11.883910257540114,11.883910257540114,0.5290834050787105,0.5416833981317883,6.112156623711201,5.5790173796167,0.012599993053077796,0.5331392440945004,1.524877545199379,4
2019-07-25,2019-07-23,2019-08-16,2019-08-22,TP,central_india,Week 4,2.472461223760699,1.394526854871804,9.150849529287253,8.072915160398358,6.678388305526554,6.678388305526554,0.5443736194287773,0.8032824089274564,3.8048027902890675,2.492688323308367,0.2589087894986791,1.3121144669807006,1.077934368888895,4
2019-07-28,2019-07-27,2019-08-19,2019-08-25,TP,central_india,Week 4,-1.943095693901844,-3.1731792734468627,6.566307519450156,5.336223939905137,8.509403213352,8.509403213352,0.47944721622800385,0.7566370309212482,4.989225046533818,4.7581325865588076,0.2771898146932444,0.23109245997501038,-1.2300835795450187,4
2019-06-20,2019-06-18,2019-07-19,2019-07-25,TP,central_india,Week 5,3.525395417158808,4.062726750569053,11.780600840832651,12.317932174242898,8.255205423673845,8.255205423673845,0.3676282498402188,0.7061192694934862,5.696413327751823,5.194390214702255,0.33849101965326744,0.5020231130495674,-0.5373313334102447,5
2019-06-23,2019-06-22,2019-07-22,2019-07-28,TP,central_india,Week 5,-2.0617481842407694,-2.9043543026729473,11.161284650177471,10.318678531745293,13.223032834418243,13.223032834418243,0.39741843243721736,0.5417053077018932,5.139651680065553,5.152282787673617,0.14428687526467582,-0.01263110760806363,-0.8426061184321778,5
2019-06-27,2019-06-25,2019-07-26,2019-08-01,TP,central_india,Week 5,-8.667141480348878,-6.628220992531894,10.576943842508953,12.615864330325934,19.244085322857828,19.244085322857828,0.3110739618076429,0.14808955052428668,11.568939701909544,10.628573915850044,-0.16298441128335622,0.9403657860595,2.038920487816984,5
2019-06-30,2019-06-29,2019-07-29,2019-08-04,TP,central_india,Week 5,-7.007498178086387,-6.71275503268337,12.158813205921275,12.45355635132429,19.166311384007663,19.166311384007663,0.5031784420015651,0.1292641582638182,11.956175656835534,12.847506060269767,-0.37391428373774693,-0.8913304034342335,0.29474314540301716,5
2019-07-04,2019-07-02,2019-08-02,2019-08-08,TP,central_india,Week 5,-10.143456180601277,-13.54000039817434,11.810283130664384,8.413738913091317,21.953739311265664,21.953739311265664,0.4103402052501384,0.5182926602056547,14.06563456587529,16.525107350586268,0.10795245495551625,-2.459472784710977,-3.396544217573064,5
2019-07-07,2019-07-06,2019-08-05,2019-08-11,TP,central_india,Week 5,-9.163312666921932,-10.101231923219913,10.49590068470674,9.55798142840876,19.659213351628672,19.659213351628672,-0.11228763327615755,0.48389293034726955,12.782068961851866,12.088551820712556,0.5961805636234271,0.69351714113931,-0.937919256297981,5
2019-07-11,2019-07-09,2019-08-09,2019-08-15,TP,central_india,Week 5,-4.659373026111324,-3.881534875201123,10.725789844245336,11.503627995155536,15.385162870356659,15.385162870356659,0.2988677119876514,0.3901452522096108,7.744486513537987,7.001650128392192,0.09127754022195944,0.7428363851457949,0.7778381509102013,5
2019-07-14,2019-07-13,2019-08-12,2019-08-18,TP,central_india,Week 5,-2.2813360647168635,-1.8831461578584408,9.60257419282325,10.000764099681673,11.883910257540114,11.883910257540114,0.6146329371904804,0.46898533244145557,5.895171177899898,6.0827606237486895,-0.14564760474902483,-0.18758944584879167,0.3981899068584227,5
2019-07-18,2019-07-16,2019-08-16,2019-08-22,TP,central_india,Week 5,3.307098149344975,1.3780736459349598,9.985486454871529,8.056461951461513,6.678388305526554,6.678388305526554,0.4014165054014839,0.8003985550101096,4.796963796163497,2.586037113730292,0.3989820496086257,2.210926682433205,1.929024503410015,5
2019-07-21,2019-07-20,2019-08-19,2019-08-25,TP,central_india,Week 5,-1.8270834841780343,-1.4104106681584803,6.682319729173965,7.09899254519352,8.509403213352,8.509403213352,0.452739314380979,0.7301810140750169,5.021823349566187,3.9953617925571594,0.2774416996940379,1.0264615570090276,0.4166728160195541,5
2019-07-25,2019-07-23,2019-08-23,2019-08-29,TP,central_india,Week 5,-2.092993305751932,-3.414289502530341,7.511047261141501,6.189751064363092,9.604040566893433,9.604040566893433,0.7460020999938077,0.5734565477137732,3.645078105227243,4.963530417246743,-0.17254555228003454,-1.3184523120195002,-1.321296196778409,5
2019-07-28,2019-07-27,2019-08-26,2019-09-01,TP,central_india,Week 5,-1.5547602091663197,-4.508418308524228,8.354502889136967,5.4008447897790575,9.909263098303287,9.909263098303287,0.21169816285633108,-0.019296909669857008,3.0326715717350377,5.335580470006229,-0.2309950725261881,-2.302908898271191,-2.9536580993579085,5
2019-06-20,2019-06-22,2019-07-26,2019-08-01,TP,central_india,Week 6,-6.670206100049667,-8.698131581571374,12.573879222808163,10.545953741286455,19.244085322857828,19.244085322857828,0.2857867501584347,0.20475414646371493,10.22162815007595,11.850530379869534,-0.08103260369471976,-1.6289022297935833,-2.0279254815217076,6
2019-06-23,2019-06-25,2019-07-29,2019-08-04,TP,central_india,Week 6,-6.180456483733318,-7.561286329031311,12.985854900274347,11.60502505497635,19.166311384007663,19.166311384007663,0.6864376772523768,0.5687030269273056,10.611491615357206,11.833148959149163,-0.11773465032507124,-1.2216573437919571,-1.3808298452979928,6
2019-06-27,2019-06-29,2019-08-02,2019-08-08,TP,central_india,Week 6,-10.1117371915872,-11.332272419666813,11.842002119678458,10.62146689159885,21.953739311265664,21.953739311265664,0.42692832627954524,0.40814622516990884,14.010089273464136,14.954639884709673,-0.018782101109636407,-0.9445506112455373,-1.2205352280796138,6
2019-06-30,2019-07-02,2019-08-05,2019-08-11,TP,central_india,Week 6,-8.244140069250781,-10.493720917891013,11.415073282377893,9.165492433737661,19.659213351628672,19.659213351628672,0.33099365582379375,0.2673251176048981,10.943407953890105,12.814281524778991,-0.06366853821889568,-1.870873570888886,-2.249580848640232,6
2019-07-04,2019-07-06,2019-08-09,2019-08-15,TP,central_india,Week 6,-4.712314617037718,-5.610215937747832,10.672848253318943,9.77494693260883,15.385162870356659,15.385162870356659,-0.16632251448405722,0.0032933403113564966,8.830664068456084,8.93350407747504,0.16961585479541372,-0.10284000901895674,-0.8979013207101136,6
2019-07-07,2019-07-09,2019-08-12,2019-08-18,TP,central_india,Week 6,-1.2738898770222806,-1.1971858232949812,10.610020380517835,10.68672443424513,11.883910257540114,11.883910257540114,0.7139230016832699,0.24254247500000084,5.030026745419083,6.593199675481079,-0.47138052668326913,-1.563172930061996,0.07670405372729938,6
2019-07-11,2019-07-13,2019-08-16,2019-08-22,TP,central_india,Week 6,1.519626613553477,1.5299750609841958,8.198014919080032,8.20836336651075,6.678388305526554,6.678388305526554,0.7494372622844536,0.6739868461293234,2.7568020575822407,3.009808216830789,-0.07545041615513026,-0.2530061592485482,-0.010348447430718721,6
2019-07-14,2019-07-16,2019-08-19,2019-08-25,TP,central_india,Week 6,-0.07219702473685942,-0.5859974516171215,8.437206188615143,7.923405761734879,8.509403213352,8.509403213352,0.6966952906133569,0.6807943803506965,3.8817990974928644,4.030189183721248,-0.015900910262660384,-0.14839008622838357,-0.5138004268802621,6
2019-07-18,2019-07-20,2019-08-23,2019-08-29,TP,central_india,Week 6,-2.2794648017492474,-2.778955280817309,7.3245757651441865,6.825085286076124,9.604040566893433,9.604040566893433,0.3314661158165313,0.5131308593525882,4.732012272095012,4.68968287522635,0.18166474353605688,0.042329396868661995,-0.49949047906806143,6
2019-07-21,2019-07-23,2019-08-26,2019-09-01,TP,central_india,Week 6,-2.4483534039452137,-3.7393733490753167,7.460909694358073,6.16988974922797,9.909263098303287,9.909263098303287,0.3501934386424716,-0.06881911604927665,3.5059018468364047,4.743549364724833,-0.41901255469174825,-1.2376475178884285,-1.291019945130103,6
2019-07-25,2019-07-27,2019-08-30,2019-09-05,TP,central_india,Week 6,-5.547593759042963,-6.994990026195635,8.389454585835509,6.942058318682838,13.937048344878473,13.937048344878473,0.07019716225157806,0.4849506799682425,7.532526833483506,8.091606665127179,0.4147535177166644,-0.5590798316436727,-1.447396267152672,6
2019-07-28,2019-07-30,2019-09-02,2019-09-08,TP,central_india,Week 6,-11.800433536568965,-10.892825856563485,6.14349396446117,7.051101644466649,17.94392750103013,17.94392750103013,-0.005757489886226798,0.5121033408611076,14.42049625138755,13.057060227452459,0.5178608307473345,1.3634360239350922,0.90760768000548,6
2019-06-20,2019-06-18,2019-06-21,2019-06-27,TP,east_northeast_india,Week 1,1.8510019757008158,-0.4994450876307114,14.85129414949623,12.500847086164702,13.000292173795414,13.000292173795414,0.9767949456671305,0.9638542909953248,2.578804413941656,1.9514083067548906,-0.012940654671805718,0.6273961071867653,1.3515568880701045,1
2019-06-23,2019-06-22,2019-06-24,2019-06-30,TP,east_northeast_india,Week 1,7.515995279743308,-2.1009699127851635,20.121944332958694,10.504979140430223,12.605949053215385,12.605949053215385,0.9661798997742767,0.9106658597985823,12.409743627539834,4.119728375412356,-0.055514039975694374,8.290015252127478,5.415025366958144,1
2019-06-27,2019-06-25,2019-06-28,2019-07-04,TP,east_northeast_india,Week 1,5.976858300424942,-0.9362744040314319,16.0234726121365,9.11033990768013,10.046614311711558,10.046614311711558,0.9143882627104788,0.731454444209835,7.77301761351092,3.167184236009158,-0.18293381850064383,4.605833377501762,5.04058389639351,1
2019-06-30,2019-06-29,2019-07-01,2019-07-07,TP,east_northeast_india,Week 1,-1.8168342367376864,-0.7672279303490291,12.436894892413079,13.486501198801738,14.253729129150768,14.253729129150768,0.8782933316733146,0.8569010232421129,2.789444737575128,2.478356538056606,-0.021392308431201656,0.31108819951852196,1.0496063063886574,1
2019-07-04,2019-07-02,2019-07-05,2019-07-11,TP,east_northeast_india,Week 1,-11.175798712391584,-4.062346468948031,18.312108042022857,25.425560285466407,29.48790675441444,29.48790675441444,0.9261244724730564,0.9347719713064393,12.56640500852149,6.193044077410479,0.008647498833382894,6.373360931111011,7.113452243443553,1
2019-07-07,2019-07-06,2019-07-08,2019-07-14,TP,east_northeast_india,Week 1,-2.01052334479156,-3.493097827225559,30.57571551185844,29.093141029424444,32.586238856650006,32.586238856650006,0.9291872902863457,0.9351985802036101,8.059961811876365,7.803627375014975,0.006011289917264406,0.25633443686138957,-1.482574482433999,1
2019-07-11,2019-07-09,2019-07-12,2019-07-18,TP,east_northeast_india,Week 1,13.10479524568777,-2.1076655909315924,30.523580786880085,15.311119950260725,17.418785541192317,17.418785541192317,0.9574445934578195,0.932562622646808,17.95766130301494,4.314926558771006,-0.02488197081101151,13.642734744243935,10.997129654756177,1
2019-07-14,2019-07-13,2019-07-15,2019-07-21,TP,east_northeast_india,Week 1,8.917690686411804,-1.8129498401948883,18.231042169049857,7.5004016424431645,9.313351482638053,9.313351482638053,0.9672567172885286,0.862266084405831,12.371032811036212,3.632317584167737,-0.10499063288269761,8.738715226868475,7.104740846216916,1
2019-07-18,2019-07-16,2019-07-19,2019-07-25,TP,east_northeast_india,Week 1,-0.6073752562188253,-2.3520137232635343,15.503728575304315,13.759090108259604,16.11110383152314,16.11110383152314,0.8751000036735077,0.8268240830228131,4.810388186347192,4.043583929116768,-0.04827592065069464,0.7668042572304232,-1.744638467044709,1
2019-07-21,2019-07-20,2019-07-22,2019-07-28,TP,east_northeast_india,Week 1,-0.09778068571670857,-2.9650253549854066,18.17908676376,15.311842094491302,18.27686744947671,18.27686744947671,0.7670939516045634,0.7968340321485311,6.111543075976164,4.343203558932259,0.029740080543967706,1.7683395170439056,-2.867244669268698,1
2019-07-25,2019-07-23,2019-07-26,2019-08-01,TP,east_northeast_india,Week 1,5.124758153412838,0.3787255747299743,16.940429243854442,12.194396665171583,11.815671090441608,11.815671090441608,0.7327432737221816,0.8972141630782263,5.879669967317569,2.506587483664439,0.1644708893560447,3.37308248365313,4.746032578682864,1
2019-07-28,2019-07-27,2019-07-29,2019-08-04,TP,east_northeast_india,Week 1,3.847460578167612,0.09981467043515811,13.630500095807868,9.882854188075413,9.783039517640256,9.783039517640256,0.5930616839865545,0.8949734405327249,5.332470621528829,2.074939994031538,0.3019117565461704,3.257530627497291,3.747645907732454,1
2019-06-20,2019-06-18,2019-06-28,2019-07-04,TP,east_northeast_india,Week 2,7.430287426982816,2.1720011995065227,17.476901738694377,12.218615511218083,10.046614311711558,10.046614311711558,0.8644018313871384,0.6433157371467721,10.85241317991384,4.1098692391545555,-0.2210860942403663,6.742543940759285,5.258286227476294,2
2019-06-23,2019-06-22,2019-07-01,2019-07-07,TP,east_northeast_india,Week 2,-0.0038701060709397965,0.13419743694419994,14.249859023079829,14.387926566094967,14.253729129150768,14.253729129150768,0.8882947302656538,0.8598483094236014,2.0115258441990185,2.558769935435051,-0.0284464208420524,-0.5472440912360326,-0.13032733087326015,2
2019-06-27,2019-06-25,2019-07-05,2019-07-11,TP,east_northeast_india,Week 2,-13.599426414296204,-10.204197980377728,15.888480340118235,19.28370877403671,29.48790675441444,29.48790675441444,0.8914121148867455,0.9207453946326621,15.513803795374818,12.589860816818746,0.029333279745916596,2.923942978556072,3.3952284339184757,2
2019-06-30,2019-06-29,2019-07-08,2019-07-14,TP,east_northeast_india,Week 2,-11.227729566742951,-12.389675699909066,21.35850928990705,20.196563156740936,32.586238856650006,32.586238856650006,0.9167968544608892,0.9393139406520693,15.431725670476395,15.54151900626499,0.02251708619118009,-0.10979333578859496,-1.161946133166115,2
2019-07-04,2019-07-02,2019-07-12,2019-07-18,TP,east_northeast_india,Week 2,9.460148625754947,-3.1316564642034033,26.878934166947264,14.287129076988911,17.418785541192317,17.418785541192317,0.9341318927259569,0.8746665875620653,11.907084609340627,5.935122400859152,-0.05946530516389159,5.971962208481475,6.3284921615515435,2
2019-07-07,2019-07-06,2019-07-15,2019-07-21,TP,east_northeast_india,Week 2,13.574515803625548,0.48095946797188344,22.887867286263603,9.794310950609937,9.313351482638053,9.313351482638053,0.94676288452016,0.8583026413864272,16.8248027653499,3.0805291532714305,-0.0884602431337328,13.74427361207847,13.093556335653664,2
2019-07-11,2019-07-09,2019-07-19,2019-07-25,TP,east_northeast_india,Week 2,-0.7766930332479495,-6.068529481731895,15.334410798275192,10.042574349791245,16.11110383152314,16.11110383152314,0.6347611935515535,0.7460348606204057,4.5042167069773,7.1600709429820055,0.11127366706885222,-2.6558542360047053,-5.291836448483946,2
2019-07-14,2019-07-13,2019-07-22,2019-07-28,TP,east_northeast_india,Week 2,0.31099247920588863,-2.9727417379467047,18.587859928682597,15.304125711530006,18.27686744947671,18.27686744947671,0.8320629417621171,0.717508775979101,4.5876726309750016,5.255055328009885,-0.11455416578301614,-0.6673826970348831,-2.6617492587408162,2
2019-07-18,2019-07-16,2019-07-26,2019-08-01,TP,east_northeast_india,Week 2,3.007993394734534,2.273817339548589,14.823664485176144,14.089488429990197,11.815671090441608,11.815671090441608,0.8450220560870374,0.7516662683119291,3.6817724729221784,3.5970460193214837,-0.09335578777510833,0.08472645360069464,0.7341760551859449,2
2019-07-21,2019-07-20,2019-07-29,2019-08-04,TP,east_northeast_india,Week 2,3.9071566754226486,1.286531649828609,13.690196193062905,11.069571167468865,9.783039517640256,9.783039517640256,0.263541136714838,0.3573968217272111,6.299899066835414,4.644349298514866,0.09385568501237312,1.6555497683205473,2.6206250255940393,2
2019-07-25,2019-07-23,2019-08-02,2019-08-08,TP,east_northeast_india,Week 2,2.8839112475514637,-0.3870382425800507,13.327359983271865,10.056410493140351,10.443448735720402,10.443448735720402,0.34873796333911145,0.33501876378177586,3.5100671184080845,2.1479431561759017,-0.013719199557335582,1.3621239622321828,2.496873004971413,2
2019-07-28,2019-07-27,2019-08-05,2019-08-11,TP,east_northeast_india,Week 2,2.206708929206814,-0.7411317784007763,12.318909125152796,9.371068417545205,10.11220019594598,10.11220019594598,-0.019625771988117206,-0.3630851558694964,3.6625851689205065,4.632346564767413,-0.3434593838813792,-0.9697613958469069,1.4655771508060378,2
2019-06-20,2019-06-18,2019-07-05,2019-07-11,TP,east_northeast_india,Week 3,-13.415033229188541,-14.237776589642907,16.072873525225894,15.250130164771534,29.48790675441444,29.48790675441444,0.8456346529129141,0.5413902496598809,16.200719965026067,17.82186081207424,-0.30424440325303315,-1.6211408470481743,-0.8227433604543659,3
2019-06-23,2019-06-22,2019-07-08,2019-07-14,TP,east_northeast_india,Week 3,-16.92656629636854,-14.391082529588706,15.659672560281463,18.195156327061298,32.586238856650006,32.586238856650006,0.6051656425922497,0.8874468440819165,22.75293680421442,19.069138522201126,0.28228120148966684,3.6837982820132957,2.5354837667798353,3
2019-06-27,2019-06-25,2019-07-12,2019-07-18,TP,east_northeast_india,Week 3,0.9958268577682887,-1.4873477569314835,18.414612398960607,15.93143778426083,17.418785541192317,17.418785541192317,0.8593018130864771,0.5654974568823039,5.959375863024033,9.005379824403528,-0.2938043562041732,-3.046003961379495,-0.49152089916319475,3
2019-06-30,2019-06-29,2019-07-15,2019-07-21,TP,east_northeast_india,Week 3,13.098977214034974,6.542368125186384,22.412328696673026,15.85571960782444,9.313351482638053,9.313351482638053,0.8567944681996009,0.785195608744798,14.327323309870378,7.584614768145716,-0.07159885945480293,6.742708541724662,6.556609088848591,3
2019-07-04,2019-07-02,2019-07-19,2019-07-25,TP,east_northeast_india,Week 3,-1.479746922434304,-3.5533571255500496,14.631356909088836,12.55774670597309,16.11110383152314,16.11110383152314,0.7370053966318701,0.4737942205650811,4.1323098017028235,6.154763808654509,-0.26321117606678907,-2.022454006951685,-2.0736102031157455,3
2019-07-07,2019-07-06,2019-07-22,2019-07-28,TP,east_northeast_india,Week 3,-6.436112436290362,-5.765734561199312,11.840755013186348,12.511132888277396,18.27686744947671,18.27686744947671,0.30658542670509376,0.1755781332031481,7.711521984063227,7.165765484504318,-0.13100729350194565,0.5457564995589088,0.6703778750910496,3
2019-07-11,2019-07-09,2019-07-26,2019-08-01,TP,east_northeast_india,Week 3,2.8591622147253064,4.335036525625807,14.674833305166914,16.150707616067415,11.815671090441608,11.815671090441608,0.9157921825793967,0.7280211464887576,3.339515376339761,5.958249332461867,-0.18777103609063905,-2.618733956122106,-1.475874310900501,3
2019-07-14,2019-07-13,2019-07-29,2019-08-04,TP,east_northeast_india,Week 3,3.3269672767223417,0.7146863478277499,13.110006794362597,10.497725865468006,9.783039517640256,9.783039517640256,0.4347467821709759,0.8001651440408696,5.369339691650169,2.8525468383659054,0.3654183618698937,2.516792853284264,2.6122809288945916,3
2019-07-18,2019-07-16,2019-08-02,2019-08-08,TP,east_northeast_india,Week 3,3.479314159383769,-2.790618918044704,13.922762895104173,7.652829817675698,10.443448735720402,10.443448735720402,0.41501719601749215,0.24748395116753294,4.087496742688026,3.666605075401541,-0.1675332448499592,0.4208916672864853,0.6886952413390648,3
2019-07-21,2019-07-20,2019-08-05,2019-08-11,TP,east_northeast_india,Week 3,-0.11159431156583474,-3.5349782819069366,10.000605884380144,6.577221914039044,10.11220019594598,10.11220019594598,-0.19185946538511134,0.1265133700175547,3.082203017191732,4.171454913215173,0.31837283540266603,-1.0892518960234407,-3.423383970341102,3
2019-07-25,2019-07-23,2019-08-09,2019-08-15,TP,east_northeast_india,Week 3,-1.6873352730690576,-1.3146060264011898,10.054614724287585,10.427343970955455,11.741949997356643,11.741949997356643,-0.21904595402435326,0.5195784864769147,3.200341586320501,2.177898472426766,0.738624440501268,1.0224431138937349,0.3727292466678678,3
2019-07-28,2019-07-27,2019-08-12,2019-08-18,TP,east_northeast_india,Week 3,3.0905153948112845,-2.4874820390148984,17.526372353786265,11.948374919960083,14.435856958974982,14.435856958974982,-0.3837124366235412,-0.3707610755709219,7.3547683535401855,6.14477087448447,0.012951361052619292,1.2099974790557155,0.6030333557963861,3
2019-06-20,2019-06-18,2019-07-12,2019-07-18,TP,east_northeast_india,Week 4,-2.092917827837854,-4.396414809401163,15.32586771335446,13.022370731791153,17.418785541192317,17.418785541192317,0.8125997318481116,0.8229722468611264,7.7801297464157,8.073273075740264,0.010372515013014727,-0.2931433293245638,-2.303496981563309,4
2019-06-23,2019-06-22,2019-07-15,2019-07-21,TP,east_northeast_india,Week 4,3.918071350228485,5.72421641406183,13.231422832866539,15.037567896699885,9.313351482638053,9.313351482638053,0.5995676874184919,0.7983957332793439,6.181066951280738,6.712247205146779,0.198828045860852,-0.5311802538660411,-1.8061450638333452,4
2019-06-27,2019-06-25,2019-07-19,2019-07-25,TP,east_northeast_india,Week 4,-1.740483054507354,-7.413424900802112,14.370620777015784,8.697678930721027,16.11110383152314,16.11110383152314,0.8398999121238021,0.4402231804031033,3.8474809174918563,9.015174549488187,-0.3996767317206988,-5.167693631996331,-5.6729418462947585,4
2019-06-30,2019-06-29,2019-07-22,2019-07-28,TP,east_northeast_india,Week 4,-5.809920839875602,-8.804811347658001,12.466946609601106,9.47205610181871,18.27686744947671,18.27686744947671,0.7102242630551528,0.37674911688625373,6.495565583805125,9.809931767090541,-0.3334751461688991,-3.314366183285416,-2.994890507782399,4
2019-07-04,2019-07-02,2019-07-26,2019-08-01,TP,east_northeast_india,Week 4,-0.9516363467556287,2.351710880162479,10.864034743685977,14.167381970604087,11.815671090441608,11.815671090441608,0.8658931344632742,0.7934588349121512,2.5409227482691503,3.3631962461745206,-0.07243429955112302,-0.8222734979053703,-1.4000745334068503,4
2019-07-07,2019-07-06,2019-07-29,2019-08-04,TP,east_northeast_india,Week 4,2.377606721613413,6.952595775232883,12.16064623925367,16.73563529287314,9.783039517640256,9.783039517640256,0.8111588538810299,0.6388853599902697,3.932129472794975,7.9733565092278536,-0.1722734938907602,-4.041227036432879,-4.57498905361947,4
2019-07-11,2019-07-09,2019-08-02,2019-08-08,TP,east_northeast_india,Week 4,3.2522801049159855,0.2846195861962558,13.695728840636386,10.728068321916657,10.443448735720402,10.443448735720402,0.13797429769748956,0.23331236047731113,4.3178428092267875,2.6395767663724468,0.09533806277982157,1.6782660428543408,2.96766051871973,4
2019-07-14,2019-07-13,2019-08-05,2019-08-11,TP,east_northeast_india,Week 4,0.5885723766337178,-1.252870208804053,10.7007725725797,8.859329987141928,10.11220019594598,10.11220019594598,-0.0247502871229175,-0.20171659691073143,2.0629878304364233,3.588451688845308,-0.17696630978781394,-1.5254638584088847,-0.6642978321703353,4
2019-07-18,2019-07-16,2019-08-09,2019-08-15,TP,east_northeast_india,Week 4,0.7464365722429348,-1.4912246815506052,12.48838656959958,10.25072531580604,11.741949997356643,11.741949997356643,0.19429939615766129,0.3106334469821236,2.340878133024062,3.1749449918676036,0.1163340508244623,-0.8340668588435416,-0.7447881093076704,4
2019-07-21,2019-07-20,2019-08-12,2019-08-18,TP,east_northeast_india,Week 4,-0.9829898722508044,-1.4056913268247342,13.452867086724174,13.030165632150247,14.435856958974982,14.435856958974982,-0.28149083701458494,-0.16898026717034703,5.30880712634248,5.421423752681205,0.1125105698442379,-0.11261662633872493,-0.4227014545739298,4
2019-07-25,2019-07-23,2019-08-16,2019-08-22,TP,east_northeast_india,Week 4,2.8173326487150376,2.804002457820733,13.164310921072731,13.150980730178427,10.346978272357692,10.346978272357692,-0.6146928135211923,-0.5597354028467422,5.852192308512336,7.02849667437496,0.05495741067445015,-1.1763043658626238,0.01333019089430465,4
2019-07-28,2019-07-27,2019-08-19,2019-08-25,TP,east_northeast_india,Week 4,4.522024909144251,5.786545749019608,14.224858723639375,15.489379563514735,9.702833814495126,9.702833814495126,-0.31306428895623367,-0.23149687212296663,7.137662337603617,7.987999893435576,0.08156741683326704,-0.8503375558319588,-1.2645208398753578,4
2019-06-20,2019-06-18,2019-07-19,2019-07-25,TP,east_northeast_india,Week 5,-2.4980852591785987,-4.461427372912222,13.613018572344542,11.649676458610916,16.11110383152314,16.11110383152314,0.3582842015926764,0.639759965150682,5.8922404800460475,6.256173808444514,0.28147576355800563,-0.3639333283984669,-1.9633421137336229,5
2019-06-23,2019-06-22,2019-07-22,2019-07-28,TP,east_northeast_india,Week 5,-4.714993542940662,-4.761284397966447,13.561873906536047,13.515583051510262,18.27686744947671,18.27686744947671,0.5021743569038084,0.7639037030277639,5.935206422219942,5.494225454787645,0.2617293461239555,0.44098096743229664,-0.04629085502578523,5
2019-06-27,2019-06-25,2019-07-26,2019-08-01,TP,east_northeast_india,Week 5,1.1076244396805144,-0.2585333452972731,12.923295530122122,11.557137745144335,11.815671090441608,11.815671090441608,0.808972189764784,0.773738091318439,2.8987446503724237,2.6260751525221164,-0.035234098446345063,0.27266949785030725,0.8490910943832413,5
2019-06-30,2019-06-29,2019-07-29,2019-08-04,TP,east_northeast_india,Week 5,2.158336107446366,2.5432889304075035,11.941375625086621,12.326328448047759,9.783039517640256,9.783039517640256,0.800744718823784,0.6999800721338524,3.619344354822472,4.210796011376015,-0.10076464668993157,-0.5914516565535428,-0.38495282296113764,5
2019-07-04,2019-07-02,2019-08-02,2019-08-08,TP,east_northeast_india,Week 5,2.084014575879421,0.832907918431477,12.527463311599822,11.27635665415188,10.443448735720402,10.443448735720402,0.10848603078079166,0.29405028659385724,3.129222663664841,2.751482489549937,0.18556425581306557,0.377740174114904,1.2511066574479437,5
2019-07-07,2019-07-06,2019-08-05,2019-08-11,TP,east_northeast_india,Week 5,4.284442705148765,0.6110070089564866,14.396642901094745,10.723207204902469,10.11220019594598,10.11220019594598,-0.07196220530857766,-0.15787791636715878,4.914085379005231,3.6939204631995297,-0.08591571105858112,1.220164915805701,3.673435696192278,5
2019-07-11,2019-07-09,2019-08-09,2019-08-15,TP,east_northeast_india,Week 5,-0.24184070383979325,-0.20468186043236228,11.50010929351685,11.537268136924283,11.741949997356643,11.741949997356643,0.13145174428259637,0.48742639496176643,2.48696866975478,2.1403278494550744,0.35597465067917006,0.3466408202997058,0.037158843407430975,5
2019-07-14,2019-07-13,2019-08-12,2019-08-18,TP,east_northeast_india,Week 5,-1.514350613781105,-1.6372075715793322,12.921506345193874,12.798649387395649,14.435856958974982,14.435856958974982,-0.07730099604386584,-0.30357194838134927,4.970868116352753,6.005487278879313,-0.22627095233748343,-1.0346191625265604,-0.12285695779822725,5
2019-07-18,2019-07-16,2019-08-16,2019-08-22,TP,east_northeast_india,Week 5,0.6610794998430752,1.9152432376491502,11.008057772200768,12.262221510006842,10.346978272357692,10.346978272357692,-0.760435326841003,-0.5512436655669762,6.30284159746925,5.941901441816905,0.20919166127402677,0.3609401556523446,-1.254163737806075,5
2019-07-21,2019-07-20,2019-08-19,2019-08-25,TP,east_northeast_india,Week 5,3.1802621723167404,3.8871629038658275,12.883095986811865,13.589996718360954,9.702833814495126,9.702833814495126,-0.2647636051884669,-0.1791706637864794,4.886796250686657,5.857386655073393,0.08559294140198753,-0.9705904043867362,-0.7069007315490872,5
2019-07-25,2019-07-23,2019-08-23,2019-08-29,TP,east_northeast_india,Week 5,2.927113338336737,2.0863648159931674,11.716789219612332,10.876040697268758,8.78967588127559,8.78967588127559,0.1667734680093518,-0.052142768968223376,4.078215668779676,4.665223527457436,-0.21891623697757517,-0.5870078586777598,0.8407485223435698,5
2019-07-28,2019-07-27,2019-08-26,2019-09-01,TP,east_northeast_india,Week 5,4.892980969918147,5.168220545706688,10.366703975068868,10.641943550857407,5.473723005150721,5.473723005150721,0.499639135491804,0.42801804438074725,5.393459428663983,5.880262611336168,-0.07162109111105674,-0.48680318267218414,-0.2752395757885404,5
2019-06-20,2019-06-22,2019-07-26,2019-08-01,TP,east_northeast_india,Week 6,2.9092544656541452,1.1016987076478688,14.724925556095751,12.917369798089476,11.815671090441608,11.815671090441608,0.5677545038970745,0.761769771928668,4.386649950669832,2.7980667359171294,0.19401526803159352,1.5885832147527026,1.8075557580062764,6
2019-06-23,2019-06-25,2019-07-29,2019-08-04,TP,east_northeast_india,Week 6,2.259254282515355,1.2558550047482222,12.04229380015561,11.03889452238848,9.783039517640256,9.783039517640256,0.850848092738719,0.8215924995654637,3.5304707026834876,2.9769346652814015,-0.029255593173255323,0.5535360374020861,1.0033992777671328,6
2019-06-27,2019-06-29,2019-08-02,2019-08-08,TP,east_northeast_india,Week 6,2.0994865200610304,0.3511774209601514,12.542935255781432,10.794626156680554,10.443448735720402,10.443448735720402,0.05290456503316029,0.40960658761463625,3.2590712814351064,1.8633456873310448,0.356702022581476,1.3957255941040616,1.748309099100879,6
2019-06-30,2019-07-02,2019-08-05,2019-08-11,TP,east_northeast_india,Week 6,2.0921692115064947,0.728115351076335,12.204369407452475,10.840315547022316,10.11220019594598,10.11220019594598,-0.22545989814530842,-0.10153787471777861,3.9235245540518378,3.4765675100435858,0.12392202342752981,0.446957044008252,1.3640538604301597,6
2019-07-04,2019-07-06,2019-08-09,2019-08-15,TP,east_northeast_india,Week 6,0.42627830821501234,-1.9422382877362108,12.168228305571658,9.799711709620434,11.741949997356643,11.741949997356643,0.27646447639240584,0.33784352721528604,2.048075685360647,3.656196654915688,0.0613790508228802,-1.6081209695550407,-1.5159599795211984,6
2019-07-07,2019-07-09,2019-08-12,2019-08-18,TP,east_northeast_india,Week 6,-2.4591228936197753,-4.749095947322321,11.976734065355204,9.686761011652658,14.435856958974982,14.435856958974982,-0.4406178371860718,-0.32830728117603486,6.0532080180157175,7.420022408418689,0.11231055601003692,-1.366814390402972,-2.2899730537025453,6
2019-07-11,2019-07-13,2019-08-16,2019-08-22,TP,east_northeast_india,Week 6,3.191722116395819,0.6883777381001113,13.53870038875351,11.035356010457802,10.346978272357692,10.346978272357692,-0.4595250297131932,-0.6461928789638823,5.765044143479502,6.3338113541506464,-0.18666784925068913,-0.5687672106711448,2.503344378295708,6
2019-07-14,2019-07-16,2019-08-19,2019-08-25,TP,east_northeast_india,Week 6,2.5029382765715558,2.091727237704837,12.20577209106668,11.794561052199962,9.702833814495126,9.702833814495126,-0.24850432860622332,-0.23096565233361988,5.2526305767061725,4.952205152369987,0.017538676272603443,0.30042542433618546,0.41121103886671895,6
2019-07-18,2019-07-20,2019-08-23,2019-08-29,TP,east_northeast_india,Week 6,3.016168176434565,2.175182094984787,11.805844057710159,10.964857976260378,8.78967588127559,8.78967588127559,0.06038518912517876,-0.008522892363964068,4.486943342460879,4.4198548858079265,-0.06890808148914283,0.06708845665295282,0.840986081449778,6
2019-07-21,2019-07-23,2019-08-26,2019-09-01,TP,east_northeast_india,Week 6,3.9466971128590593,5.106700457620447,9.42042011800978,10.580423462771167,5.473723005150721,5.473723005150721,0.5419555958354556,0.43399828993853085,4.290945147966071,5.940866179085971,-0.10795730589692476,-1.6499210311198995,-1.160003344761388,6
2019-07-25,2019-07-27,2019-08-30,2019-09-05,TP,east_northeast_india,Week 6,4.731512863384947,2.2841493673323017,12.046567879654017,9.599204383601373,7.315055016269071,7.315055016269071,0.6169403245833166,0.7329590114921594,5.061527119692738,3.2054857437399695,0.11601868690884276,1.8560413759527687,2.4473634960526454,6
2019-07-28,2019-07-30,2019-09-02,2019-09-08,TP,east_northeast_india,Week 6,2.158090774599442,0.06210130838480028,11.657157590123166,9.561168123908525,9.499066815523722,9.499066815523722,0.8400133406583803,0.8302837782505735,2.754928949191369,1.7501508882119758,-0.009729562407806758,1.0047780609793933,2.095989466214642,6
2019-06-20,2019-06-18,2019-06-21,2019-06-27,TP,northwest_india,Week 1,1.9934055781759437,-1.0710823714504034,4.753213397421598,1.688725447795251,2.7598078192456543,2.7598078192456543,0.6462466690159112,0.8972961775205301,2.8480745822411215,1.6543743166684195,0.25104950850461893,1.193700265572702,0.9223232067255402,1
2019-06-23,2019-06-22,2019-06-24,2019-06-30,TP,northwest_india,Week 1,0.2818671391630677,-0.640192210986168,2.260492083469422,1.3384327333201869,1.9786249443063548,1.9786249443063548,0.7439479033169538,0.7967645551877401,1.789864345903062,0.980005929189186,0.052816651870786324,0.809858416713876,-0.35832507182310025,1
2019-06-27,2019-06-25,2019-06-28,2019-07-04,TP,northwest_india,Week 1,-1.027907519941879,-1.0052037452809073,1.4842113581141707,1.5069151327751429,2.5121188780560497,2.5121188780560497,0.8839431037416265,0.9555195484307029,2.0820257746709303,2.056474636638573,0.07157644468907631,0.0255511380323572,0.02270377466097173,1
2019-06-30,2019-06-29,2019-07-01,2019-07-07,TP,northwest_india,Week 1,-1.8690252268451761,-1.1439739920502456,4.024723969539061,4.749775204333991,5.893749196384237,5.893749196384237,0.8957627058534698,0.9467846206641434,3.8350310838841306,3.066036357711908,0.05102191481067353,0.7689947261722225,0.7250512347949305,1
2019-07-04,2019-07-02,2019-07-05,2019-07-11,TP,northwest_india,Week 1,-1.484239556343046,-5.205921738132576,7.727183838316236,4.005501656526706,9.211423394659281,9.211423394659281,0.8405905303940265,0.9618295982987615,5.914514308588697,8.520294619399884,0.12123906790473493,-2.6057803108111868,-3.7216821817895305,1
2019-07-07,2019-07-06,2019-07-08,2019-07-14,TP,northwest_india,Week 1,0.8794786164324304,-1.3217757778850114,8.065138341828382,5.863883947510939,7.185659725395951,7.185659725395951,0.9124531897774649,0.8877321811809002,4.0379777563305606,4.951601311917229,-0.024721008596564675,-0.9136235555866685,-0.442297161452581,1
2019-07-11,2019-07-09,2019-07-12,2019-07-18,TP,northwest_india,Week 1,-0.29260148500340993,-0.4037040173689446,3.974915585637123,3.8638130532715884,4.267517070640534,4.267517070640534,0.8843473173327957,0.9296067728104584,2.4648683018824764,1.791072088076185,0.04525945547766275,0.6737962138062914,-0.11110253236553469,1
2019-07-14,2019-07-13,2019-07-15,2019-07-21,TP,northwest_india,Week 1,-1.8073797180096547,-0.4220943152503026,2.609121023372238,3.994406426131591,4.416500741381893,4.416500741381893,0.9649813503191608,0.9490681752164988,2.1857255781447487,1.167396498825321,-0.01591317510266199,1.0183290793194277,1.3852854027593522,1
2019-07-18,2019-07-16,2019-07-19,2019-07-25,TP,northwest_india,Week 1,-2.332378745391369,-1.8243706789912968,4.467351896760212,4.975359963160284,6.79973064215158,6.79973064215158,0.9464162829054369,0.895520236275656,3.439993359945931,3.3917101737742072,-0.05089604662978087,0.04828318617172389,0.5080080664000721,1
2019-07-21,2019-07-20,2019-07-22,2019-07-28,TP,northwest_india,Week 1,-3.608587219003871,-3.2543379559888455,7.0701378202018725,7.4243870832168986,10.678725039205744,10.678725039205744,0.8551274768308774,0.8021838659498243,4.827749016290293,5.0873002571760155,-0.05294361088105315,-0.2595512408857221,0.3542492630150256,1
2019-07-25,2019-07-23,2019-07-26,2019-08-01,TP,northwest_india,Week 1,1.2500859911444242,-0.4909455048692049,10.616549446201633,8.875517950188001,9.36646345505721,9.36646345505721,0.5999976520065492,0.6069012221232748,4.9667865770812165,4.384198385641268,0.006903570116725599,0.5825881914399487,0.7591404862752194,1
2019-07-28,2019-07-27,2019-07-29,2019-08-04,TP,northwest_india,Week 1,2.548700978788839,0.41955826630723947,9.554009280323255,7.424866567841656,7.005308301534415,7.005308301534415,0.7891419275044134,0.540392218867524,4.134453229095374,3.890635952104021,-0.2487497086368894,0.24381727699135336,2.1291427124816,1
2019-06-20,2019-06-18,2019-06-28,2019-07-04,TP,northwest_india,Week 2,0.009650704541648474,0.9944464771597038,2.521769582597698,3.5065653552157534,2.5121188780560497,2.5121188780560497,0.8872056844287386,0.8611269064333732,1.6668951819033653,1.9407801492430854,-0.0260787779953654,-0.2738849673397201,-0.9847957726180553,2
2019-06-23,2019-06-22,2019-07-01,2019-07-07,TP,northwest_india,Week 2,-0.9792465944527478,1.4620154245791792,4.914502601931488,7.3557646209634155,5.893749196384237,5.893749196384237,0.7046708044087739,0.6165962314251427,5.117444228486406,5.526787275280531,-0.0880745729836312,-0.4093430467941257,-0.48276883012643146,2
2019-06-27,2019-06-25,2019-07-05,2019-07-11,TP,northwest_india,Week 2,-0.6917042894596698,-2.103443313475372,8.519719105199613,7.107980081183912,9.211423394659281,9.211423394659281,0.7493277039360788,0.8809782412086814,7.19933894581731,6.6060699119756014,0.13165053727260256,0.5932690338417084,-1.4117390240157022,2
2019-06-30,2019-06-29,2019-07-08,2019-07-14,TP,northwest_india,Week 2,-0.5223720173983579,-2.998359120257233,6.663287707997593,4.187300605138717,7.185659725395951,7.185659725395951,0.845946569741711,0.9849674741878108,5.790309948202296,5.677832393209572,0.13902090444609982,0.11247755499272394,-2.475987102858875,2
2019-07-04,2019-07-02,2019-07-12,2019-07-18,TP,northwest_india,Week 2,4.200968054507986,-0.8639865369667863,8.468485125148518,3.403530533673747,4.267517070640534,4.267517070640534,0.7209980278520682,0.8782347706112242,6.985569166780436,2.8103538369460024,0.157236742759156,4.175215329834433,3.3369815175412,2
2019-07-07,2019-07-06,2019-07-15,2019-07-21,TP,northwest_india,Week 2,1.994531612345423,-0.8787520760162969,6.4110323537273155,3.537748665365596,4.416500741381893,4.416500741381893,0.8147274967436234,0.8963950556165263,3.8435785948512753,1.9652966876892222,0.08166755887290289,1.8782819071620531,1.1157795363291263,2
2019-07-11,2019-07-09,2019-07-19,2019-07-25,TP,northwest_india,Week 2,-2.151003748149263,-3.872518102269772,4.648726894002318,2.9272125398818085,6.79973064215158,6.79973064215158,0.9427892849277656,0.6460091415775144,2.919309273484684,5.575791373624182,-0.29678014335025116,-2.656482100139498,-1.721514354120509,2
2019-07-14,2019-07-13,2019-07-22,2019-07-28,TP,northwest_india,Week 2,-5.732695744296401,-3.2763992610150052,4.946029294909343,7.402325778190738,10.678725039205744,10.678725039205744,0.7133733959143695,0.8621551400435565,7.171969070409571,4.778887858750717,0.148781744129187,2.3930812116588545,2.456296483281396,2
2019-07-18,2019-07-16,2019-07-26,2019-08-01,TP,northwest_india,Week 2,-0.6416353137284385,0.36403077760612956,8.724828141328768,9.730494232663336,9.36646345505721,9.36646345505721,0.6914361887538134,0.6039514795717874,4.1263207310135845,4.313728713859102,-0.087484709182026,-0.1874079828455173,0.27760453612230895,2
2019-07-21,2019-07-20,2019-07-29,2019-08-04,TP,northwest_india,Week 2,1.1476599117644004,1.0656908322179623,8.152968213298816,8.070999133752377,7.005308301534415,7.005308301534415,0.7426571993284102,0.5286528227368695,2.9864959914101084,3.6062390615626327,-0.2140043765915407,-0.6197430701525244,0.08196907954643806,2
2019-07-25,2019-07-23,2019-08-02,2019-08-08,TP,northwest_india,Week 2,1.0308715658076422,0.20994024898558467,8.935596229694857,8.114664912872799,7.9047246638872135,7.9047246638872135,0.8544522473151209,0.940931301660323,2.777399466462847,1.489873846467623,0.08647905434520209,1.2875256199952239,0.8209313168220576,2
2019-07-28,2019-07-27,2019-08-05,2019-08-11,TP,northwest_india,Week 2,0.5764208976779706,-0.6307223192073285,7.698545322027969,6.49140210514267,7.122124424349998,7.122124424349998,0.8037389405924001,0.581418256398353,2.3341462044085817,3.08153867441948,-0.22232068419404716,-0.7473924700108983,-0.05430142152935791,2
2019-06-20,2019-06-18,2019-07-05,2019-07-11,TP,northwest_india,Week 3,-4.338599744630348,-2.223333240144538,4.872823650028934,6.988090154514745,9.211423394659281,9.211423394659281,0.8623786823601929,0.8231253757342003,8.77833013848657,7.983381345262717,-0.03925330662599258,0.7949487932238535,2.11526650448581,3
2019-06-23,2019-06-22,2019-07-08,2019-07-14,TP,northwest_india,Week 3,1.6802454872831833,-0.7665879852575569,8.865905212679134,6.419071740138393,7.185659725395951,7.185659725395951,0.2521080714109141,0.8353765255066808,9.891442417126619,6.434571050067692,0.5832684540957667,3.456871367058927,0.9136575020256265,3
2019-06-27,2019-06-25,2019-07-12,2019-07-18,TP,northwest_india,Week 3,2.0673489801687928,4.128085233516812,6.334866050809326,8.395602304157345,4.267517070640534,4.267517070640534,0.42410106501254485,0.5920535806838862,4.878245046649265,5.791439033531811,0.1679525156713414,-0.913193986882546,-2.060736253348019,3
2019-06-30,2019-06-29,2019-07-15,2019-07-21,TP,northwest_india,Week 3,1.2637873593319267,-0.4747202399085033,5.680288100713819,3.9417805014733895,4.416500741381893,4.416500741381893,0.6529048048870978,0.6526458673592717,3.6555858667568186,2.7777537203973277,-0.0002589375278261308,0.8778321463594909,0.7890671194234233,3
2019-07-04,2019-07-02,2019-07-19,2019-07-25,TP,northwest_india,Week 3,1.2167174118699868,-0.8052023830949158,8.016448054021566,5.994528259056666,6.79973064215158,6.79973064215158,0.9338997905922106,0.8221481934382334,2.163506585573317,3.286828235096658,-0.1117515971539772,-1.1233216495233411,0.41151502877507107,3
2019-07-07,2019-07-06,2019-07-22,2019-07-28,TP,northwest_india,Week 3,-3.744823489808496,-4.552034489143821,6.933901549397248,6.126690550061922,10.678725039205744,10.678725039205744,0.7832447251576279,0.8664411807586345,5.501233102228737,5.910537422457693,0.08319645560100664,-0.4093043202289568,-0.8072109993353251,3
2019-07-11,2019-07-09,2019-07-26,2019-08-01,TP,northwest_india,Week 3,-1.6738531119007252,-1.7549815638742103,7.692610343156481,7.611481891182997,9.36646345505721,9.36646345505721,0.4246008084903993,0.16369262582912278,5.469361210612356,6.849744728603177,-0.26090818266127647,-1.380383517990821,-0.08112845197348517,3
2019-07-14,2019-07-13,2019-07-29,2019-08-04,TP,northwest_india,Week 3,2.3976407373652,1.4577542254906417,9.402949038899616,8.463062527025057,7.005308301534415,7.005308301534415,0.7616655237754567,0.7015851925300997,3.6632725051446338,2.7676720156063954,-0.060080331245357055,0.8956004895382383,0.9398865118745583,3
2019-07-18,2019-07-16,2019-08-02,2019-08-08,TP,northwest_india,Week 3,0.21603385714718765,-1.5794258911383054,8.120758521034402,6.325298772748909,7.9047246638872135,7.9047246638872135,0.8733580970412155,0.8235751353565715,2.3048372919818525,2.9388675831056443,-0.04978296168464402,-0.6340302911237918,-1.3633920339911179,3
2019-07-21,2019-07-20,2019-08-05,2019-08-11,TP,northwest_india,Week 3,0.48765721478418317,-2.272565721016399,7.60978163913418,4.8495587033335985,7.122124424349998,7.122124424349998,0.8405804594328324,0.7947642944542082,2.0946675351045463,3.3052200502566214,-0.045816164978624285,-1.210552515152075,-1.784908506232216,3
2019-07-25,2019-07-23,2019-08-09,2019-08-15,TP,northwest_india,Week 3,-0.6641967954149038,-0.5897209361658519,7.592400446701556,7.666876305950607,8.25659724211646,8.25659724211646,0.6951667068071721,0.7525661424877773,3.3841483171875137,3.274236644800313,0.05739943568060524,0.1099116723872009,0.07447585924905198,3
2019-07-28,2019-07-27,2019-08-12,2019-08-18,TP,northwest_india,Week 3,-3.8512935765666523,-4.461813878658631,7.871432216142506,7.260911914050526,11.722725792709157,11.722725792709157,0.3329600379577359,0.5595631143050334,7.583175148229454,7.056930022248886,0.22660307634729748,0.5262451259805685,-0.6105203020919792,3
2019-06-20,2019-06-18,2019-07-12,2019-07-18,TP,northwest_india,Week 4,1.265478599125135,1.07105152577487,5.532995669765668,5.338568596415404,4.267517070640534,4.267517070640534,0.5204995676162201,0.6182830657297153,4.224795558074189,3.780255040645804,0.09778349811349518,0.44454051742838496,0.19442707335026488,4
2019-06-23,2019-06-22,2019-07-15,2019-07-21,TP,northwest_india,Week 4,3.362478349194587,1.4333955186857277,7.77897909057648,5.84989626006762,4.416500741381893,4.416500741381893,0.6053728861879701,0.6659360314139652,4.581379113480906,3.212954337496079,0.06056314522599504,1.3684247759848267,1.9290828305088592,4
2019-06-27,2019-06-25,2019-07-19,2019-07-25,TP,northwest_india,Week 4,1.1064184858510206,-0.9908055207281914,7.906149128002601,5.808925121423389,6.79973064215158,6.79973064215158,0.8798060408264269,0.7137214461587982,2.6410758623605655,3.791193689885747,-0.1660845946676287,-1.1501178275251815,0.11561296512282926,4
2019-06-30,2019-06-29,2019-07-22,2019-07-28,TP,northwest_india,Week 4,-3.883032856794235,-5.807015372194576,6.795692182411509,4.871709667011168,10.678725039205744,10.678725039205744,0.8270244052075412,0.7880090784562046,5.279579089659202,7.4118237114297045,-0.039015326751336565,-2.1322446217705027,-1.9239825154003412,4
2019-07-04,2019-07-02,2019-07-26,2019-08-01,TP,northwest_india,Week 4,-1.2730184741066835,-1.138798275415276,8.093444980950524,8.227665179641932,9.36646345505721,9.36646345505721,0.513384379473625,0.4557450578215289,4.888803594369993,4.949725442603276,-0.05763932165209612,-0.06092184823328317,0.13422019869140756,4
2019-07-07,2019-07-06,2019-07-29,2019-08-04,TP,northwest_india,Week 4,1.570019564809983,1.3293204740378919,8.575327866344399,8.334628775572307,7.005308301534415,7.005308301534415,0.7760070483443645,0.6231077136169216,2.8249007272385795,3.213118031570319,-0.15289933472744288,-0.3882173043317394,0.24069909077209117,4
2019-07-11,2019-07-09,2019-08-02,2019-08-08,TP,northwest_india,Week 4,-0.9517343856311332,-1.5418422565648215,6.952990278256081,6.362882407322393,7.9047246638872135,7.9047246638872135,0.897560140144887,0.9391070403335223,2.0968144862862834,2.375343958406351,0.04154690018863527,-0.27852947212006773,-0.5901078709336883,4
2019-07-14,2019-07-13,2019-08-05,2019-08-11,TP,northwest_india,Week 4,1.0536805643628753,-1.0441918402071397,8.175804988712875,6.077932584142857,7.122124424349998,7.122124424349998,0.7478889299468121,0.7602278646375632,2.6922344140358176,2.621613160811539,0.012338934690751091,0.07062125322427848,0.00948872415573554,4
2019-07-18,2019-07-16,2019-08-09,2019-08-15,TP,northwest_india,Week 4,-1.6594742110035237,-1.7260643584520703,6.597123031112937,6.53053288366439,8.25659724211646,8.25659724211646,0.6199330693648705,0.7598822097745561,3.985978148593288,3.606414480640914,0.13994914040968565,0.37956366795237395,-0.06659014744854663,4
2019-07-21,2019-07-20,2019-08-12,2019-08-18,TP,northwest_india,Week 4,-4.088468930724367,-4.374743052596951,7.634256861984791,7.347982740112206,11.722725792709157,11.722725792709157,0.42147705716803907,0.564480336953055,7.336214058731281,6.989191911729068,0.14300327978501592,0.347022147002213,-0.2862741218725846,4
2019-07-25,2019-07-23,2019-08-16,2019-08-22,TP,northwest_india,Week 4,0.1803975898482056,-1.9523298879764903,8.678984684042769,6.546257206218073,8.498587094194564,8.498587094194564,0.7548456266809229,0.8166780794739547,2.9144304394307605,3.2683956955520825,0.061832452793031734,-0.353965256121322,-1.7719322981282848,4
2019-07-28,2019-07-27,2019-08-19,2019-08-25,TP,northwest_india,Week 4,2.0906411364922417,0.4456771750366559,6.593227330086711,4.9482633686311255,4.502586193594469,4.502586193594469,0.7501045657246129,0.941491649278722,4.125874194769704,2.4127332550587988,0.19138708355410905,1.7131409397109052,1.6449639614555858,4
2019-06-20,2019-06-18,2019-07-19,2019-07-25,TP,northwest_india,Week 5,0.14375292113472934,-0.6693706357286298,6.943483563286309,6.130360006422951,6.79973064215158,6.79973064215158,0.7896156156093282,0.8245464594990318,3.076883101896379,3.0621211419651853,0.03493084388970358,0.014761959931193669,-0.5256177145939004,5
2019-06-23,2019-06-22,2019-07-22,2019-07-28,TP,northwest_india,Week 5,-2.8547570735872645,-4.3442769667092715,7.823967965618479,6.334448072496473,10.678725039205744,10.678725039205744,0.8621580661478965,0.819788149182899,4.4064189880085936,5.863812448488085,-0.04236991696499748,-1.4573934604794916,-1.489519893122007,5
2019-06-27,2019-06-25,2019-07-26,2019-08-01,TP,northwest_india,Week 5,-1.9466686340177628,-1.8098769766872373,7.419794821039444,7.5565864783699705,9.36646345505721,9.36646345505721,0.27497727965214774,0.6427051023814988,5.950581929280272,4.5580443818779,0.36772782272935106,1.3925375474023722,0.13679165733052545,5
2019-06-30,2019-06-29,2019-07-29,2019-08-04,TP,northwest_india,Week 5,1.8365269939157445,-0.022080438048093932,8.841835295450162,6.983227863486321,7.005308301534415,7.005308301534415,0.7620753833214141,0.636133514186628,3.3280025136046345,2.6716756282202776,-0.1259418691347861,0.6563268853843569,1.8144465558676506,5
2019-07-04,2019-07-02,2019-08-02,2019-08-08,TP,northwest_india,Week 5,0.33647551181946045,-2.4781505382242233,8.241200175706675,5.426574125662991,7.9047246638872135,7.9047246638872135,0.9143242196640181,0.8546507285516531,1.7135826253108157,3.411650082476431,-0.059673491112364974,-1.6980674571656151,-2.141675026404763,5
2019-07-07,2019-07-06,2019-08-05,2019-08-11,TP,northwest_india,Week 5,0.2314433153868054,-2.017828510440445,7.353567739736803,5.104295913909552,7.122124424349998,7.122124424349998,0.6294337804211549,0.7286681987405614,3.4287725829869444,3.2241092250382133,0.09923441831940649,0.20466335794873114,-1.7863851950536398,5
2019-07-11,2019-07-09,2019-08-09,2019-08-15,TP,northwest_india,Week 5,-1.808789874173879,-0.9423806470812696,6.4478073679425805,7.31421659503519,8.25659724211646,8.25659724211646,0.678116555809834,0.7322390660085879,3.84132847245409,3.3558468712113996,0.054122510198753915,0.48548160124269035,0.8664092270926095,5
2019-07-14,2019-07-13,2019-08-12,2019-08-18,TP,northwest_india,Week 5,-3.437683531342299,-5.123672843966511,8.28504226136686,6.599052948742646,11.722725792709157,11.722725792709157,0.4830539851465326,0.5200873504683479,6.743014017097558,7.62759755031725,0.03703336532181528,-0.8845835332196925,-1.685989312624212,5
2019-07-18,2019-07-16,2019-08-16,2019-08-22,TP,northwest_india,Week 5,-2.7957522042477803,-1.7788021250474868,5.702834889946784,6.719784969147077,8.498587094194564,8.498587094194564,0.6440940246905604,0.751057797469203,4.401956941464327,3.4004885509870126,0.10696377277864255,1.0014683904773145,1.0169500792002935,5
2019-07-21,2019-07-20,2019-08-19,2019-08-25,TP,northwest_india,Week 5,1.752539654683635,1.469557620560556,6.255125848278105,5.972143814155026,4.502586193594469,4.502586193594469,0.7882220761391813,0.8536973539244193,3.750625329295086,3.384885352333631,0.06547527778523798,0.3657399769614553,0.2829820341230789,5
2019-07-25,2019-07-23,2019-08-23,2019-08-29,TP,northwest_india,Week 5,1.2818506621315118,-1.138113177522686,6.4398403092071055,4.019876469552907,5.157989647075592,5.157989647075592,0.7840458882607797,0.696300841663278,2.6365791698847607,2.627199725769893,-0.08774504659750171,0.009379444114867574,0.14373748460882574,5
2019-07-28,2019-07-27,2019-08-26,2019-09-01,TP,northwest_india,Week 5,-0.8527320434995537,-2.330609144599724,5.14204382947215,3.664166728371979,5.994775872971704,5.994775872971704,0.3530575953079328,0.2597416968399169,3.5120079925057484,3.830511217193717,-0.09331589846801591,-0.31850322468796843,-1.4778771011001703,5
2019-06-20,2019-06-22,2019-07-26,2019-08-01,TP,northwest_india,Week 6,-1.0290421691902278,-2.7075587301548576,8.337421285866979,6.65890472490235,9.36646345505721,9.36646345505721,0.5834266765445651,0.38741455243831935,4.594462361969084,5.752322613808499,-0.1960121241062458,-1.1578602518394145,-1.6785165609646298,6
2019-06-23,2019-06-25,2019-07-29,2019-08-04,TP,northwest_india,Week 6,0.31010314810421946,-1.309066745193634,7.315411449638635,5.696241556340782,7.005308301534415,7.005308301534415,0.7577412630039323,0.6884574105250694,2.2650015647861057,2.6949899762144374,-0.06928385247886293,-0.42998841142833166,-0.9989635970894145,6
2019-06-27,2019-06-29,2019-08-02,2019-08-08,TP,northwest_india,Week 6,0.12380719034485013,-1.5174288354891183,8.028531854232066,6.387295828398096,7.9047246638872135,7.9047246638872135,0.8358715887256855,0.9177642470641838,2.306891218982604,2.4415293765654367,0.08189265833849835,-0.13463815758283282,-1.3936216451442682,6
2019-06-30,2019-07-02,2019-08-05,2019-08-11,TP,northwest_india,Week 6,0.891320250908696,-1.6091698262473433,8.013444675258693,5.512954598102655,7.122124424349998,7.122124424349998,0.8527676471433864,0.7920490100703628,2.159028959794321,2.760044393438189,-0.06071863707302361,-0.6010154336438678,-0.7178495753386472,6
2019-07-04,2019-07-06,2019-08-09,2019-08-15,TP,northwest_india,Week 6,-1.8204352823847882,-3.4868629411669847,6.436161959731672,4.769734300949475,8.25659724211646,8.25659724211646,0.5237376176154883,0.6745223949117712,4.529187816545906,4.952223664194327,0.15078477729628292,-0.4230358476484213,-1.6664276587821965,6
2019-07-07,2019-07-09,2019-08-12,2019-08-18,TP,northwest_india,Week 6,-5.579778621638093,-6.420931457802576,6.142947171071065,5.301794334906583,11.722725792709157,11.722725792709157,0.5582607832577688,0.6217484263352482,7.834512229792359,8.464235876188143,0.06348764307747934,-0.6297236463957843,-0.8411528361644827,6
2019-07-11,2019-07-13,2019-08-16,2019-08-22,TP,northwest_india,Week 6,-0.5241596890478949,-2.842774318802631,7.974427405146667,5.655812775391932,8.498587094194564,8.498587094194564,0.7753394998777903,0.7718749604284659,2.8745637661583614,4.037964524874078,-0.003464539449324344,-1.1634007587157167,-2.318614629754736,6
2019-07-14,2019-07-16,2019-08-19,2019-08-25,TP,northwest_india,Week 6,0.8220421458232579,0.4219281162785077,5.324628339417728,4.924514309872977,4.502586193594469,4.502586193594469,0.8199589240467777,0.8734406460268872,3.307332585387769,3.3558216088138053,0.053481721980109476,-0.048489023426036226,0.40011402954475017,6
2019-07-18,2019-07-20,2019-08-23,2019-08-29,TP,northwest_india,Week 6,0.9697980168974364,-0.5645916122740077,6.127787663973029,4.593398034801585,5.157989647075592,5.157989647075592,0.6966823385014936,0.672382469153653,2.707062037964437,2.5218287691723695,-0.024299869347840675,0.18523326879206747,0.4052064046234287,6
2019-07-21,2019-07-23,2019-08-26,2019-09-01,TP,northwest_india,Week 6,-0.47434231363648666,-2.017381275315544,5.520433559335216,3.9773945976561587,5.994775872971704,5.994775872971704,0.751484802228709,0.2597858892015055,2.119819848074219,3.7015666819909385,-0.4916989130272034,-1.5817468339167196,-1.5430389616790574,6
2019-07-25,2019-07-27,2019-08-30,2019-09-05,TP,northwest_india,Week 6,-0.431640946860782,-2.1282351203008383,5.02027244149772,3.323678268057664,5.451913388358503,5.451913388358503,0.6471218999504015,0.683187675861726,2.9527019683347002,2.801198365425138,0.03606577591132454,0.15150360290956222,-1.6965941734400563,6
2019-07-28,2019-07-30,2019-09-02,2019-09-08,TP,northwest_india,Week 6,-0.44948006054922107,-1.7060190229041712,4.107959096060254,2.8514201337053033,4.557439156609475,4.557439156609475,0.8124463042401739,0.7492859253214997,1.8712423477634021,2.6960553326915733,-0.06316037891867421,-0.8248129849281711,-1.25653896235495,6
2019-06-20,2019-06-18,2019-06-21,2019-06-27,TP,south_peninsula,Week 1,-0.270829454908924,-2.1952743970481534,7.071295680532179,5.14685073839295,7.342125135441103,7.342125135441103,0.776948504576329,0.8704397742282652,2.7991364333998616,2.8991867308006425,0.09349126965193622,-0.10005029740078086,-1.9244449421392293,1
2019-06-23,2019-06-22,2019-06-24,2019-06-30,TP,south_peninsula,Week 1,-0.06553101844407512,-0.6058882336550131,5.631601880813696,5.091244665602757,5.697132899257771,5.697132899257771,0.6962514370874111,0.8795687980763885,2.7957312244811727,1.8148028917251842,0.18331736098897744,0.9809283327559886,-0.5403572152109379,1
2019-06-27,2019-06-25,2019-06-28,2019-07-04,TP,south_peninsula,Week 1,0.07097357928877765,0.9714661606339831,5.19336285872206,6.093855440067265,5.122389279433283,5.122389279433283,0.762580986291428,0.9235472910163912,2.9206933944895135,2.2738724096094725,0.1609663047249632,0.646820984880041,-0.9004925813452054,1
2019-06-30,2019-06-29,2019-07-01,2019-07-07,TP,south_peninsula,Week 1,2.2510418160160808,0.27205000548377595,6.636917645912685,4.6579258353803805,4.385875829896604,4.385875829896604,0.9402883415854327,0.8941010026117245,3.6281584661215867,2.321100441349656,-0.04618733897370819,1.3070580247719308,1.9789918105323048,1
2019-07-04,2019-07-02,2019-07-05,2019-07-11,TP,south_peninsula,Week 1,-0.974601910991629,-1.459900896323962,4.126037046098977,3.640738060766644,5.100638957090607,5.100638957090607,0.9531030230552885,0.9748812836512755,1.7154139131027106,1.9184599335167944,0.021778260595986976,-0.20304602041408382,-0.48529898533233295,1
2019-07-07,2019-07-06,2019-07-08,2019-07-14,TP,south_peninsula,Week 1,0.39723489406789964,-1.4497083813665093,5.253621879641827,3.4066786042074177,4.856386985573928,4.856386985573928,0.9762007478430408,0.9583226858025836,1.4805957805504586,1.7941054356455013,-0.017878062040457166,-0.3135096550950427,-1.0524734872986097,1
2019-07-11,2019-07-09,2019-07-12,2019-07-18,TP,south_peninsula,Week 1,-1.3486869746419092,-2.681310153802396,4.327605268042862,2.9949820888823746,5.67629224268477,5.67629224268477,0.9356520260978746,0.9490870573900673,2.2391818891445636,3.1852208791879457,0.0134350312921927,-0.9460389900433821,-1.3326231791604868,1
2019-07-14,2019-07-13,2019-07-15,2019-07-21,TP,south_peninsula,Week 1,-1.6312929913121736,-0.9656978960150389,7.820110156649903,8.485705251947039,9.451403147962077,9.451403147962077,0.9630276954228556,0.9861767120605506,3.747753403372746,1.6513622128265324,0.023149016637694975,2.096391190546214,0.6655950952971348,1
2019-07-18,2019-07-16,2019-07-19,2019-07-25,TP,south_peninsula,Week 1,-0.34862663235811714,-0.7633790112684661,9.87562948024339,9.460877101333038,10.224256112601505,10.224256112601505,0.8445320333869238,0.9731933783452593,3.932425979049456,1.9214350441288452,0.12866134495833548,2.0109909349206108,-0.41475237891034894,1
2019-07-21,2019-07-20,2019-07-22,2019-07-28,TP,south_peninsula,Week 1,0.6064657724950526,0.20353190587242231,9.541739095950238,9.138805229327607,8.935273323455185,8.935273323455185,0.880551723982917,0.9406628076378006,2.3995726274842424,2.4250840800883093,0.0601110836548836,-0.025511452604066953,0.4029338666226303,1
2019-07-25,2019-07-23,2019-07-26,2019-08-01,TP,south_peninsula,Week 1,-3.2981429647835356,-1.5749665705266087,4.329318656253089,6.052495050510017,7.627461621036625,7.627461621036625,0.9375630208909848,0.946214670786355,5.889923093771624,3.3609105357694102,0.008651649895370261,2.5290125580022136,1.723176394256927,1
2019-07-28,2019-07-27,2019-07-29,2019-08-04,TP,south_peninsula,Week 1,-4.466946934621163,-1.9113716457616454,4.423410593206812,6.978985882066332,8.890357527827977,8.890357527827977,0.8715142940108344,0.8458878199088004,7.988345260820501,5.644517458848476,-0.025626474102034003,2.343827801972025,2.5555752888595173,1
2019-06-20,2019-06-18,2019-06-28,2019-07-04,TP,south_peninsula,Week 2,-0.7211390090075496,2.2422463779007207,4.401250270425733,7.364635657334002,5.122389279433283,5.122389279433283,0.7416323220267673,0.7343469639445902,2.8402356692656965,5.106549146612351,-0.007285358082177118,-2.2663134773466544,-1.521107368893171,2
2019-06-23,2019-06-22,2019-07-01,2019-07-07,TP,south_peninsula,Week 2,3.54667191506472,1.2548543384847997,7.932547744961324,5.640730168381404,4.385875829896604,4.385875829896604,0.9663863771116715,0.7922100503390743,4.213998875139097,3.939358481331026,-0.1741763267725972,0.27464039380807126,2.2918175765799202,2
2019-06-27,2019-06-25,2019-07-05,2019-07-11,TP,south_peninsula,Week 2,-0.2255603631732914,-0.004062196003941894,4.875078593917315,5.096576761086664,5.100638957090607,5.100638957090607,0.9572749191736492,0.8998367461662272,1.6709096961440717,3.354751987705938,-0.05743817300742193,-1.6838422915618665,0.2214981671693495,2
2019-06-30,2019-06-29,2019-07-08,2019-07-14,TP,south_peninsula,Week 2,0.5981804486326591,-0.4916326809604234,5.454567434206587,4.364754304613505,4.856386985573928,4.856386985573928,0.9813607718604237,0.9505898703314934,2.4565561615749005,1.7767373799972115,-0.03077090152893025,0.679818781577689,0.10654776767223567,2
2019-07-04,2019-07-02,2019-07-12,2019-07-18,TP,south_peninsula,Week 2,0.8329287469649821,0.3719864881847933,6.509220989649754,6.048278730869565,5.67629224268477,5.67629224268477,0.8570971752539662,0.8146280635433311,2.5835030425295495,2.658585012851912,-0.042469111710635166,-0.07508197032236241,0.4609422587801888,2
2019-07-07,2019-07-06,2019-07-15,2019-07-21,TP,south_peninsula,Week 2,-3.2973471310548184,-4.1173518531761335,6.154056016907258,5.334051294785944,9.451403147962077,9.451403147962077,0.9298013583825033,0.888619133338512,6.088262277030013,7.236464165091859,-0.04118222504399138,-1.1482018880618456,-0.8200047221213151,2
2019-07-11,2019-07-09,2019-07-19,2019-07-25,TP,south_peninsula,Week 2,-2.984109053490138,-1.2839289357587118,7.240147059111369,8.940327176842795,10.224256112601505,10.224256112601505,0.9748439787478494,0.874173232497182,4.060343422841864,3.766338025389657,-0.10067074625066741,0.29400539745220744,1.7001801177314264,2
2019-07-14,2019-07-13,2019-07-22,2019-07-28,TP,south_peninsula,Week 2,-2.489469980454199,-2.1457523691374942,6.445803343000986,6.78952095431769,8.935273323455185,8.935273323455185,0.8700904692715973,0.9514269462976056,3.3460123947882208,2.808584079972103,0.08133647702600832,0.5374283148161179,0.34371761131670464,2
2019-07-18,2019-07-16,2019-07-26,2019-08-01,TP,south_peninsula,Week 2,-1.9238639732316551,-1.9168167701253482,5.703597647804971,5.710644850911276,7.627461621036625,7.627461621036625,0.6900799027164511,0.6495102090028374,6.275388595220294,6.495754744059894,-0.04056969371361374,-0.22036614883960048,0.00704720310630691,2
2019-07-21,2019-07-20,2019-07-29,2019-08-04,TP,south_peninsula,Week 2,-4.90160693467948,-4.836204195974494,3.988750593148497,4.054153331853483,8.890357527827977,8.890357527827977,0.8280002006655645,0.7160209170946539,8.775225367500939,8.813254345576041,-0.11197928357091058,-0.038028978075102415,0.06540273870498581,2
2019-07-25,2019-07-23,2019-08-02,2019-08-08,TP,south_peninsula,Week 2,-8.958405824332294,-7.468864415976414,5.213869438148783,6.703410846504662,14.17227526248108,14.17227526248108,0.8978167750852721,0.839492167645858,11.089367918084319,9.384331755536603,-0.058324607439414144,1.7050361625477155,1.4895414083558798,2
2019-07-28,2019-07-27,2019-08-05,2019-08-11,TP,south_peninsula,Week 2,-3.4392448000577485,-4.9356285582435016,8.091747385438982,6.595363627253228,11.530992185496729,11.530992185496729,0.9221521804705061,0.9295879819880835,4.9236149990316,6.003362636357253,0.0074358015175773895,-1.079747637325653,-1.496383758185753,2
2019-06-20,2019-06-18,2019-07-05,2019-07-11,TP,south_peninsula,Week 3,-0.9322096049286404,-1.5681632557959508,4.168429352161965,3.532475701294656,5.100638957090607,5.100638957090607,0.9642103188537331,0.9164104702950645,1.9617761484281733,2.4380280579187286,-0.04779984855866859,-0.4762519094905553,-0.6359536508673105,3
2019-06-23,2019-06-22,2019-07-08,2019-07-14,TP,south_peninsula,Week 3,0.5276844558046567,-1.9650794949957988,5.384071441378585,2.891307490578128,4.856386985573928,4.856386985573928,0.917361409317571,0.9245838168442339,1.67132089014254,2.42128437618767,0.007222407526662811,-0.7499634860451299,-1.437395039191142,3
2019-06-27,2019-06-25,2019-07-12,2019-07-18,TP,south_peninsula,Week 3,-0.48182231774912015,-0.08716659605261524,5.194469924935651,5.589125646632156,5.67629224268477,5.67629224268477,0.9371579255522715,0.9147589160914972,1.6479373066621956,2.267243363151594,-0.022399009460774333,-0.6193060564893982,0.3946557216965049,3
2019-06-30,2019-06-29,2019-07-15,2019-07-21,TP,south_peninsula,Week 3,-3.797635241881592,-3.8981705406476945,5.6537679060804855,5.553232607314383,9.451403147962077,9.451403147962077,0.8734809122258739,0.8436124775826453,6.620862558836779,6.547471017303098,-0.029868434643228525,0.07339154153368099,-0.10053529876610234,3
2019-07-04,2019-07-02,2019-07-19,2019-07-25,TP,south_peninsula,Week 3,-3.836398776991672,-5.053092710846269,6.387857335609834,5.171163401755237,10.224256112601505,10.224256112601505,0.8883265246527299,0.8419242201981014,6.246134413217446,6.64497714410368,-0.04640230445462845,-0.39884273088623434,-1.2166939338545975,3
2019-07-07,2019-07-06,2019-07-22,2019-07-28,TP,south_peninsula,Week 3,-0.840719387507504,-1.4899048517316422,8.09455393594768,7.445368471723543,8.935273323455185,8.935273323455185,0.7464651140688787,0.8079026366537417,3.358955314141716,3.9183680918333716,0.061437522584863014,-0.5594127776916555,-0.6491854642241383,3
2019-07-11,2019-07-09,2019-07-26,2019-08-01,TP,south_peninsula,Week 3,-2.0720599652188714,-2.3848521852271762,5.5554016558177555,5.242609435809448,7.627461621036625,7.627461621036625,0.6496077471156522,0.5862892112786601,6.71239494532837,6.971952196655176,-0.0633185358369921,-0.2595572513268056,-0.31279222000830487,3
2019-07-14,2019-07-13,2019-07-29,2019-08-04,TP,south_peninsula,Week 3,-3.5823537324189036,-3.2295267092704205,5.308003795409073,5.660830818557554,8.890357527827977,8.890357527827977,0.48527513515752607,0.702687122172556,9.192690830010664,7.915979907692793,0.21741198701502995,1.2767109223178705,0.35282702314848313,3
2019-07-18,2019-07-16,2019-08-02,2019-08-08,TP,south_peninsula,Week 3,-9.478500174142514,-6.904649474853442,4.693775088338563,7.2676257876276384,14.17227526248108,14.17227526248108,0.618905007980897,0.8040709641906404,12.629192151104125,9.132812987610757,0.1851659562097434,3.4963791634933674,2.573850699289072,3
2019-07-21,2019-07-20,2019-08-05,2019-08-11,TP,south_peninsula,Week 3,-4.382097274442628,-2.663010774057057,7.148894911054101,8.867981411439672,11.530992185496729,11.530992185496729,0.9082429531570896,0.9726406689025341,6.707116467009034,3.3887934241246738,0.0643977157454445,3.3183230428843604,1.7190865003855706,3
2019-07-25,2019-07-23,2019-08-09,2019-08-15,TP,south_peninsula,Week 3,-1.2729395874010843,-2.621433848964047,5.513545279393132,4.16505101783017,6.786484866794218,6.786484866794218,0.7231435365485324,0.969183679818573,5.497770857248455,4.242694534009695,0.24604014327004065,1.25507632323876,-1.348494261562963,3
2019-07-28,2019-07-27,2019-08-12,2019-08-18,TP,south_peninsula,Week 3,-3.462499594371701,-2.900804919151119,3.6020724122974355,4.163767087518017,7.064572006669136,7.064572006669136,0.914517276335754,0.7663205458988805,4.712655660296243,4.34490793297168,-0.14819673043687343,0.36774772732456285,0.5616946752205818,3
2019-06-20,2019-06-18,2019-07-12,2019-07-18,TP,south_peninsula,Week 4,0.22868931597149975,-0.45539621235547195,5.904981558656271,5.2208960303293,5.67629224268477,5.67629224268477,0.8185887334838913,0.7927749449145717,2.590398584178012,2.8623977974957806,-0.025813788569319596,-0.27199921331776844,-0.2267068963839722,4
2019-06-23,2019-06-22,2019-07-15,2019-07-21,TP,south_peninsula,Week 4,-4.383910269715317,-3.0423961427050434,5.06749287824676,6.409007005257034,9.451403147962077,9.451403147962077,0.9377739752639703,0.9185156904446591,6.1012867343745185,5.269076065010383,-0.019258284819311244,0.8322106693641356,1.3415141270102735,4
2019-06-27,2019-06-25,2019-07-19,2019-07-25,TP,south_peninsula,Week 4,-3.823329715002741,-2.350183273857594,6.400926397598764,7.8740728387439125,10.224256112601505,10.224256112601505,0.9558150996142549,0.8438590592476269,5.949743406846821,4.57815148736989,-0.11195604036662798,1.3715919194769306,1.4731464411451474,4
2019-06-30,2019-06-29,2019-07-22,2019-07-28,TP,south_peninsula,Week 4,-1.5002555923508307,0.4701834119048516,7.435017731104355,9.405456735360037,8.935273323455185,8.935273323455185,0.7503887242378182,0.8221984601607139,3.900368950376483,5.3162842586745125,0.07180973592289563,-1.4159153082980294,1.0300721804459791,4
2019-07-04,2019-07-02,2019-07-26,2019-08-01,TP,south_peninsula,Week 4,-1.9215741662868808,-3.496438701288584,5.705887454749745,4.131022919748041,7.627461621036625,7.627461621036625,0.295065118783014,0.3756454964583973,8.042083047002697,8.119480486861336,0.08058037767538329,-0.07739743985863967,-1.5748645350017032,4
2019-07-07,2019-07-06,2019-07-29,2019-08-04,TP,south_peninsula,Week 4,-1.4413715549160677,-3.4680225919586976,7.448985972911909,5.422334935869279,8.890357527827977,8.890357527827977,0.3672885671274337,0.10453388450016958,9.063812026742127,10.254856535569596,-0.2627546826272641,-1.1910445088274688,-2.0266510370426296,4
2019-07-11,2019-07-09,2019-08-02,2019-08-08,TP,south_peninsula,Week 4,-9.819469376716055,-6.4456368008043015,4.352805885765021,7.726638461676776,14.17227526248108,14.17227526248108,0.7676301291954317,0.7728335336201922,12.780880926949372,9.060060524741266,0.005203404424760527,3.7208204022081066,3.373832575911754,4
2019-07-14,2019-07-13,2019-08-05,2019-08-11,TP,south_peninsula,Week 4,-7.440267457612107,-3.391447873177367,4.0907247278846235,8.139544312319362,11.530992185496729,11.530992185496729,0.9324217293189913,0.9833448681628097,9.890793125498226,4.118083720473375,0.050923138843818494,5.772709405024851,4.04881958443474,4
2019-07-18,2019-07-16,2019-08-09,2019-08-15,TP,south_peninsula,Week 4,-2.333427078453408,-1.0656718179053306,4.45305778834081,5.720813048888887,6.786484866794218,6.786484866794218,0.8400465703394281,0.846738001768215,5.589725946861019,4.06813865155129,0.00669143142878692,1.5215872953097298,1.2677552605480775,4
2019-07-21,2019-07-20,2019-08-12,2019-08-18,TP,south_peninsula,Week 4,-2.1726735916992435,-2.562005451596234,4.8918984149698925,4.502566555072903,7.064572006669136,7.064572006669136,0.8715702242096657,0.6722556367761687,3.669402863294439,4.523113718642821,-0.19931458743349695,-0.8537108553483823,-0.3893318598969904,4
2019-07-25,2019-07-23,2019-08-16,2019-08-22,TP,south_peninsula,Week 4,-1.898299646040353,-3.217984128190566,5.714505380859639,4.394820898709424,7.612805026899991,7.612805026899991,0.4968022392015706,0.5889328593096141,3.447394381205636,4.020522210618564,0.09213062010804357,-0.5731278294129281,-1.3196844821502132,4
2019-07-28,2019-07-27,2019-08-19,2019-08-25,TP,south_peninsula,Week 4,-1.6594549072582818,-4.359261426496606,5.175623818245297,2.4758172990069736,6.835078725503579,6.835078725503579,0.7530746946205068,0.849618011997664,2.608326810448745,4.671479622556211,0.09654331737715716,-2.063152812107466,-2.699806519238324,4
2019-06-20,2019-06-18,2019-07-19,2019-07-25,TP,south_peninsula,Week 5,-4.725140020788131,-3.1816767638061063,5.499116091813375,7.042579348795399,10.224256112601505,10.224256112601505,0.9442137199868169,0.8878226616121703,5.737554094777109,4.6388663153688094,-0.05639105837464664,1.0986877794082996,1.5434632569820246,5
2019-06-23,2019-06-22,2019-07-22,2019-07-28,TP,south_peninsula,Week 5,-1.9842859341830819,-1.5474348584559805,6.950987389272103,7.387838464999205,8.935273323455185,8.935273323455185,0.6250173632280573,0.8492201109312177,4.611555303229646,3.108520794664173,0.2242027477031604,1.5030345085654728,0.43685107572710136,5
2019-06-27,2019-06-25,2019-07-26,2019-08-01,TP,south_peninsula,Week 5,1.4686097248944197,-2.6472409760951443,9.096071345931044,4.980220644941481,7.627461621036625,7.627461621036625,0.47640731313335316,0.3617178175322469,7.11753478655236,7.979578831004693,-0.11468949560110625,-0.8620440444523325,-1.1786312512007247,5
2019-06-30,2019-06-29,2019-07-29,2019-08-04,TP,south_peninsula,Week 5,-2.757631714063259,-3.7169662920801514,6.132725813764717,5.173391235747826,8.890357527827977,8.890357527827977,0.594444580628798,0.27702307152313826,8.349902242523198,10.057519839358674,-0.31742150910565975,-1.707617596835476,-0.9593345780168923,5
2019-07-04,2019-07-02,2019-08-02,2019-08-08,TP,south_peninsula,Week 5,-6.930670889393201,-8.904443870469317,7.241604373087874,5.267831392011764,14.17227526248108,14.17227526248108,0.6451749519084451,0.8115591324594144,10.30148278509817,11.628991887426418,0.16638418055096926,-1.3275091023282481,-1.9737729810761158,5
2019-07-07,2019-07-06,2019-08-05,2019-08-11,TP,south_peninsula,Week 5,-6.321358389755608,-3.6374669882192423,5.209633795741121,7.893525197277488,11.530992185496729,11.530992185496729,0.8467971680508148,0.970555651021344,9.146232726083566,5.310823337425082,0.12375848297052916,3.8354093886584844,2.683891401536366,5
2019-07-11,2019-07-09,2019-08-09,2019-08-15,TP,south_peninsula,Week 5,-2.0148524946824065,-1.236714455463747,4.771632372111811,5.54977041133047,6.786484866794218,6.786484866794218,0.8521150476063493,0.793805409322937,5.289879573246703,4.872350895862253,-0.05830963828341229,0.41752867738445065,0.7781380392186594,5
2019-07-14,2019-07-13,2019-08-12,2019-08-18,TP,south_peninsula,Week 5,-2.6971040867037575,-1.8706222883702925,4.367467919965379,5.193949718298843,7.064572006669136,7.064572006669136,0.729225009281336,0.7627511588541119,4.490386429130632,3.7568799271425046,0.03352614957277589,0.7335065019881277,0.8264817983334649,5
2019-07-18,2019-07-16,2019-08-16,2019-08-22,TP,south_peninsula,Week 5,-3.327960472015656,-4.274062176011358,4.2848445548843355,3.338742850888634,7.612805026899991,7.612805026899991,0.4925194963109844,0.5983270163647242,4.1960601521612855,4.899400325434167,0.10580752005373978,-0.7033401732728812,-0.9461017039957023,5
2019-07-21,2019-07-20,2019-08-19,2019-08-25,TP,south_peninsula,Week 5,-1.6467764532956224,-2.6123922262404107,5.188302272207957,4.222686499263168,6.835078725503579,6.835078725503579,0.7628419210902235,0.8453047320480751,2.475571250103739,3.0261021867037314,0.08246281095785157,-0.5505309365999924,-0.9656157729447883,5
2019-07-25,2019-07-23,2019-08-23,2019-08-29,TP,south_peninsula,Week 5,0.004572738769179172,-0.6852034457542536,4.624903685846802,3.935127501323368,4.620330947077623,4.620330947077623,0.9061508390629663,0.8595556582443222,2.550823178552683,2.5724429281567915,-0.04659518081864411,-0.021619749604108396,-0.6806307069850744,5
2019-07-28,2019-07-27,2019-08-26,2019-09-01,TP,south_peninsula,Week 5,-0.146976404268995,-1.8626084525896278,5.9375353191199585,4.221903270799325,6.084511723388953,6.084511723388953,0.7653356279557286,0.7342504336657876,2.097596307153936,2.8723812043514605,-0.031085194289941054,-0.7747848971975246,-1.7156320483206329,5
2019-06-20,2019-06-22,2019-07-26,2019-08-01,TP,south_peninsula,Week 6,-1.2571904354383756,-2.0564892311709944,6.37027118559825,5.57097238986563,7.627461621036625,7.627461621036625,0.10234826468284285,0.2544855419328642,8.936401544005136,8.297397990561391,0.15213727725002135,0.6390035534437448,-0.7992987957326187,6
2019-06-23,2019-06-25,2019-07-29,2019-08-04,TP,south_peninsula,Week 6,0.26333467554839274,-1.956245753205412,9.15369220337637,6.934111774622563,8.890357527827977,8.890357527827977,0.530543477194729,0.4542137466268958,8.010667758289092,8.669339142122285,-0.07632973056783326,-0.6586713838331928,-1.6929110776570193,6
2019-06-27,2019-06-29,2019-08-02,2019-08-08,TP,south_peninsula,Week 6,-8.55793478333002,-9.631040145270775,5.614340479151056,4.541235117210303,14.17227526248108,14.17227526248108,0.8640567211723389,0.8655037024167992,11.32267604451192,11.94317973993216,0.0014469812444602992,-0.6205036954202399,-1.0731053619407547,6
2019-06-30,2019-07-02,2019-08-05,2019-08-11,TP,south_peninsula,Week 6,-4.587223326688499,-7.191184949820449,6.94376885880823,4.339807235676282,11.530992185496729,11.530992185496729,0.9439084986833177,0.9521616091430212,6.113061913062655,9.171667381169174,0.00825311045970345,-3.058605468106519,-2.6039616231319496,6
2019-07-04,2019-07-06,2019-08-09,2019-08-15,TP,south_peninsula,Week 6,-0.8602280326020403,-0.8568880119173101,5.926256834192177,5.929596854876908,6.786484866794218,6.786484866794218,0.6201781289111014,0.7146820677798684,5.83976036495401,5.233632001212947,0.09450393886876707,0.606128363741063,0.0033400206847301606,6
2019-07-07,2019-07-09,2019-08-12,2019-08-18,TP,south_peninsula,Week 6,-2.2214157277279085,-1.0654675981005493,4.843156278941228,5.999104408568587,7.064572006669136,7.064572006669136,0.7263866686593781,0.6063397713770168,4.1997549034745365,4.382681565931609,-0.12004689728236129,-0.18292666245707245,1.1559481296273593,6
2019-07-11,2019-07-13,2019-08-16,2019-08-22,TP,south_peninsula,Week 6,-3.4401871193349245,-2.869881415264529,4.1726179075650665,4.742923611635462,7.612805026899991,7.612805026899991,0.5664620325195334,0.46415626623873757,4.0522803856150125,4.091594063344237,-0.10230576628079585,-0.03931367772922467,0.5703057040703956,6
2019-07-14,2019-07-16,2019-08-19,2019-08-25,TP,south_peninsula,Week 6,-2.979126512170145,-1.594029367807173,3.855952213333434,5.241049357696406,6.835078725503579,6.835078725503579,0.7971879425297398,0.8382033002828033,3.448720708093706,2.323866272775285,0.04101535775306353,1.1248544353184213,1.3850971443629718,6
2019-07-18,2019-07-20,2019-08-23,2019-08-29,TP,south_peninsula,Week 6,0.3002466838593505,0.2355261894998321,4.9205776309369735,4.8558571365774545,4.620330947077623,4.620330947077623,0.8560744215137113,0.8451546806503911,2.504228902102886,2.371992028703261,-0.010919740863320149,0.13223687339962487,0.0647204943595184,6
2019-07-21,2019-07-23,2019-08-26,2019-09-01,TP,south_peninsula,Week 6,-1.8578628719361354,-0.5684233342464005,4.226648851452818,5.516088389142552,6.084511723388953,6.084511723388953,0.8111012122572241,0.8013392900239629,2.642591663720284,2.020536047982903,-0.009761922233261222,0.6220556157373811,1.289439537689735,6
2019-07-25,2019-07-27,2019-08-30,2019-09-05,TP,south_peninsula,Week 6,-3.4562511914112637,-3.782599740356573,5.233828919519239,4.907480370573929,8.690080110930504,8.690080110930504,0.8781640797408703,0.8301821255880086,4.4277186901887,4.793634222369267,-0.04798195415286166,-0.3659155321805674,-0.3263485489453095,6
2019-07-28,2019-07-30,2019-09-02,2019-09-08,TP,south_peninsula,Week 6,-3.788788735828669,-2.1685891737784586,4.036277782419267,5.656477344469477,7.825066518247936,7.825066518247936,0.7377706255521338,0.8125350886253077,5.868258526628631,4.221867033149127,0.07476446307317386,1.6463914934795048,1.6201995620502103,6
2019-06-20,2019-06-18,2019-06-21,2019-06-27,Z500,All India,Week 1,-4.562602246336307,-1.2446887408800995,5853.601816803391,5856.919730308849,5858.164419049727,5858.164419049727,0.9410305242013002,0.9882179857274515,6.535731169834068,2.5193358862315094,0.047187461526151275,4.0163952836025585,3.3179135054562074,1
2019-06-23,2019-06-22,2019-06-24,2019-06-30,Z500,All India,Week 1,2.8148288055915662,0.5092531533940582,5854.3567684908085,5852.05119283861,5851.541939685217,5851.541939685217,0.9683453196775732,0.984261581265662,4.724539404952364,2.706700378838255,0.015916261588088787,2.017839026114109,2.305575652197508,1
2019-06-27,2019-06-25,2019-06-28,2019-07-04,Z500,All India,Week 1,-3.1332446092042185,2.3579299626704406,5838.057787565517,5843.548962137392,5841.191032174723,5841.191032174723,0.9600297854224181,0.9674823788991357,4.366580470617936,3.831948457483518,0.007452593476717562,0.5346320131344178,0.7753146465337779,1
2019-06-30,2019-06-29,2019-07-01,2019-07-07,Z500,All India,Week 1,-4.674142094876399,1.4194053443910437,5832.152066951287,5838.245614390554,5836.826209046165,5836.826209046165,0.9219690180561128,0.9800553606309804,6.545169548766479,3.449856469006232,0.058086342574867666,3.095313079760247,3.254736750485355,1
2019-07-04,2019-07-02,2019-07-05,2019-07-11,Z500,All India,Week 1,-3.3778495850165013,1.8457499913262536,5832.385812634173,5837.609412210513,5835.763662219187,5835.763662219187,0.9169988721387077,0.9601568002175273,6.550800427566915,4.292345531661652,0.043157928078819574,2.2584548959052633,1.5320995936902477,1
2019-07-07,2019-07-06,2019-07-08,2019-07-14,Z500,All India,Week 1,-3.8082912398574598,0.2998542468294595,5844.773850974275,5848.881996460963,5848.582142214134,5848.582142214134,0.969671243329969,0.9936047453560992,6.9626804291138535,1.8686212446567223,0.023933502026130204,5.094059184457131,3.5084369930280004,1
2019-07-11,2019-07-09,2019-07-12,2019-07-18,Z500,All India,Week 1,0.4489953279086017,-2.0052717202190413,5851.294877433089,5848.840610384962,5850.845882105181,5850.845882105181,0.958519385199393,0.9948728441709956,4.1434192616551275,2.5481541238022545,0.03635345897160269,1.595265137852873,-1.5562763923104397,1
2019-07-14,2019-07-13,2019-07-15,2019-07-21,Z500,All India,Week 1,-7.296667491141208,-4.2584852724403,5843.644372603769,5846.68255482247,5850.94104009491,5850.94104009491,0.8751159808890747,0.9101786024211793,8.359896941100603,5.024792122740713,0.0350626215321046,3.3351048183598895,3.038182218700908,1
2019-07-18,2019-07-16,2019-07-19,2019-07-25,Z500,All India,Week 1,-11.067898234965593,-6.864105588337175,5846.799033158214,5851.002825804841,5857.866931393179,5857.866931393179,0.9207964336442368,0.9503206244406459,11.507278471075317,7.185751229031863,0.02952419079640911,4.321527242043454,4.203792646628418,1
2019-07-21,2019-07-20,2019-07-22,2019-07-28,Z500,All India,Week 1,-0.2628398787094805,-5.697854598689332,5849.485202807707,5844.050188087726,5849.748042686417,5849.748042686417,0.737925906141481,0.9250956118686369,5.952055510974188,6.188607658122723,0.18716970572715586,-0.23655214714853479,-5.4350147199798515,1
2019-07-25,2019-07-23,2019-07-26,2019-08-01,Z500,All India,Week 1,-1.9743490662969663,-1.1538331333391814,5844.525316595938,5845.345832528896,5846.499665662234,5846.499665662234,0.8400535031088574,0.9459373471031951,6.50315336497575,3.893144062030812,0.1058838439943377,2.6100093029449383,0.8205159329577849,1
2019-07-28,2019-07-27,2019-07-29,2019-08-04,Z500,All India,Week 1,-4.62452241639077,-3.8220357818547246,5843.442143298155,5844.244629932693,5848.0666657145475,5848.0666657145475,0.9354179708298039,0.9440983820134401,5.787725548177146,5.051392003403527,0.00868041118363616,0.7363335447736192,0.8024866345360451,1
2019-06-20,2019-06-18,2019-06-28,2019-07-04,Z500,All India,Week 2,1.4568439403783713,0.35707236072049536,5842.6478761151,5841.548104535442,5841.191032174723,5841.191032174723,0.8300227009106078,0.8671783393659159,5.986995387071743,5.152120236765368,0.037155638455308115,0.8348751503063747,1.099771579657876,2
2019-06-23,2019-06-22,2019-07-01,2019-07-07,Z500,All India,Week 2,6.7731371625443275,10.06596525146307,5843.599346208706,5846.892174297626,5836.826209046165,5836.826209046165,0.6837947677199947,0.7835807491291287,11.000064820404168,12.453515480286288,0.09978598140913397,-1.4534506598821206,-3.292828088918742,2
2019-06-27,2019-06-25,2019-07-05,2019-07-11,Z500,All India,Week 2,0.06204759761294536,1.5886577882235882,5835.825709816801,5837.352320007411,5835.763662219187,5835.763662219187,0.8374495654427453,0.9227288962431778,7.595183594374811,6.363085466848379,0.08527933080043248,1.2320981275264318,-1.5266101906106428,2
2019-06-30,2019-06-29,2019-07-08,2019-07-14,Z500,All India,Week 2,-10.621087380992837,-6.358342687518555,5837.961054833142,5842.223799526614,5848.582142214134,5848.582142214134,0.7286144572307859,0.9179008035691206,16.09091466318487,10.053689594837058,0.18928634633833474,6.03722506834781,4.262744693474281,2
2019-07-04,2019-07-02,2019-07-12,2019-07-18,Z500,All India,Week 2,-1.4919705170883208,1.3723203363131828,5849.353911588093,5852.218202441494,5850.845882105181,5850.845882105181,0.865167309102123,0.9765300757815489,9.829762641601887,6.269293084824176,0.1113627666794259,3.5604695567777105,0.119650180775138,2
2019-07-07,2019-07-06,2019-07-15,2019-07-21,Z500,All India,Week 2,1.930302242529509,3.749111256098509,5852.871342337439,5854.690151351009,5850.94104009491,5850.94104009491,0.4742309766141125,0.8642841625601203,6.759825546829124,5.155110440241943,0.3900531859460078,1.6047151065871814,-1.818809013569,2
2019-07-11,2019-07-09,2019-07-19,2019-07-25,Z500,All India,Week 2,-9.922994007123961,-11.028258760560808,5847.943937386055,5846.838672632619,5857.866931393179,5857.866931393179,0.6539969762912671,0.625842645115648,11.17022141132914,12.755195946218263,-0.028154331175619052,-1.584974534889124,-1.1052647534368472,2
2019-07-14,2019-07-13,2019-07-22,2019-07-28,Z500,All India,Week 2,-5.952943465034381,-5.2295559429554945,5843.795099221381,5844.518486743459,5849.748042686417,5849.748042686417,0.8708427103177035,0.5892415562909066,6.861334234615366,7.166722190770935,-0.281601154026797,-0.30538795615556946,0.7233875220788866,2
2019-07-18,2019-07-16,2019-07-26,2019-08-01,Z500,All India,Week 2,-0.42405232670215776,4.386976927387789,5846.0756133355335,5850.886642589622,5846.499665662234,5846.499665662234,0.9217935960997974,0.8439856771779856,4.488641418432263,7.89381713924263,-0.07780791892181183,-3.405175720810367,-3.9629246006856316,2
2019-07-21,2019-07-20,2019-07-29,2019-08-04,Z500,All India,Week 2,0.7346718235200211,0.7482757441896876,5848.801337538067,5848.814941458736,5848.0666657145475,5848.0666657145475,0.9045159129688989,0.8176400334588566,4.363171056205541,5.8865740622781235,-0.08687587951004228,-1.5234030060725825,-0.013603920669666425,2
2019-07-25,2019-07-23,2019-08-02,2019-08-08,Z500,All India,Week 2,11.935281250199761,0.9936996357169992,5844.428922083003,5833.487340468521,5832.493640832805,5832.493640832805,0.8036403929036726,0.9322209825344158,15.096124553245206,4.680188161172299,0.12858058963074315,10.415936392072908,10.941581614482763,2
2019-07-28,2019-07-27,2019-08-05,2019-08-11,Z500,All India,Week 2,2.7573269072383897,5.90270245610587,5836.733972249443,5839.879347798308,5833.9766453422035,5833.9766453422035,0.9768308977174596,0.9110658933283825,4.366928716864857,9.201311928880049,-0.06576500438907706,-4.834383212015192,-3.1453755488674804,2
2019-06-20,2019-06-18,2019-07-05,2019-07-11,Z500,All India,Week 3,5.890010188033362,1.6194893173143383,5841.653672407221,5837.383151536502,5835.763662219187,5835.763662219187,0.7427504192178295,0.870149953046707,11.439562877454247,6.938311887455951,0.12739953382887748,4.5012509899982955,4.270520870719024,3
2019-06-23,2019-06-22,2019-07-08,2019-07-14,Z500,All India,Week 3,-5.086951189526894,-4.404195405748549,5843.495191024607,5844.177946808385,5848.582142214134,5848.582142214134,0.13753495718463057,0.7754525668423112,17.924875669413918,11.89848684775129,0.6379176096576806,6.0263888216626285,0.6827557837783447,3
2019-06-27,2019-06-25,2019-07-12,2019-07-18,Z500,All India,Week 3,-4.800560552475989,-0.7050502096571635,5846.045321552706,5850.140831895525,5850.845882105181,5850.845882105181,0.13952686072650863,0.21658014707930412,15.214935261391473,14.258326249900088,0.07705328635279549,0.9566090114913841,4.095510342818826,3
2019-06-30,2019-06-29,2019-07-15,2019-07-21,Z500,All India,Week 3,-1.6563208915219974,1.0514749621993158,5849.284719203389,5851.992515057108,5850.94104009491,5850.94104009491,0.5369932565553456,0.48540169493573515,5.719382026085146,6.680592799310341,-0.051591561619610427,-0.9612107732251953,0.6048459293226816,3
2019-07-04,2019-07-02,2019-07-19,2019-07-25,Z500,All India,Week 3,-10.268079341880817,-16.463693692445425,5847.598852051299,5841.403237700735,5857.866931393179,5857.866931393179,0.38083972421665496,-0.11446193116988941,12.217326812957488,18.737962335256075,-0.49530165538654436,-6.520635522298587,-6.1956143505646075,3
2019-07-07,2019-07-06,2019-07-22,2019-07-28,Z500,All India,Week 3,-2.874922445285329,-10.706026616945772,5846.873120241131,5839.042016069468,5849.748042686417,5849.748042686417,0.8172266313549332,0.7795671264404752,4.912536729908371,11.47588283335212,-0.03765950491445802,-6.563346103443749,-7.831104171660444,3
2019-07-11,2019-07-09,2019-07-26,2019-08-01,Z500,All India,Week 3,-0.02692573740117595,3.594298400309352,5846.472739924834,5850.093964062546,5846.499665662234,5846.499665662234,0.90933090190325,0.6046873995879383,5.455236040072,9.899135581861582,-0.3046435023153118,-4.443899541789582,-3.567372662908176,3
2019-07-14,2019-07-13,2019-07-29,2019-08-04,Z500,All India,Week 3,-1.2962237888742858,0.6572642393120991,5846.770441925673,5848.723929953858,5848.0666657145475,5848.0666657145475,0.8642281604034266,0.849885949366962,5.095186596959213,5.24466928921824,-0.014342211036464603,-0.14948269225902688,0.6389595495621867,3
2019-07-18,2019-07-16,2019-08-02,2019-08-08,Z500,All India,Week 3,10.310270717945137,7.129352086365063,5842.803911550752,5839.62299291917,5832.493640832805,5832.493640832805,0.8769616982743315,0.946338357087944,12.089185658252164,8.362980806733905,0.06937665881361255,3.7262048515182595,3.1809186315800746,3
2019-07-21,2019-07-20,2019-08-05,2019-08-11,Z500,All India,Week 3,6.58240236825582,-0.4436300198435959,5840.55904771046,5833.533015322359,5833.9766453422035,5833.9766453422035,0.9696194351246248,0.9143737658648663,7.480774029764374,5.539414972934653,-0.05524566925975849,1.9413590568297217,6.138772348412224,3
2019-07-25,2019-07-23,2019-08-09,2019-08-15,Z500,All India,Week 3,-8.255548752416605,-4.72734816607544,5845.28271732356,5848.8109179099,5853.538266075976,5853.538266075976,0.9380906012863619,0.8521913860891362,8.87850498825386,7.033281301694401,-0.08589921519722565,1.8452236865594598,3.528200586341165,3
2019-07-28,2019-07-27,2019-08-12,2019-08-18,Z500,All India,Week 3,-7.710803193012904,-15.411466149963724,5851.94185618269,5844.24119322574,5859.652659375704,5859.652659375704,0.7419439045555845,0.5939517364841231,8.840221251110487,16.356635565846677,-0.14799216807146132,-7.51641431473619,-7.70066295695082,3
2019-06-20,2019-06-18,2019-07-12,2019-07-18,Z500,All India,Week 4,-8.399349811440455,-4.653018270936897,5842.446532293742,5846.192863834245,5850.845882105181,5850.845882105181,-0.059521396317832494,0.0779922698360399,17.806366359239103,16.15696665914915,0.1375136661538724,1.6493997000899547,3.746331540503558,4
2019-06-23,2019-06-22,2019-07-15,2019-07-21,Z500,All India,Week 4,-3.5135896430993077,-0.9948974292748124,5847.427450451812,5849.946142665635,5850.94104009491,5850.94104009491,-0.24224875365824264,0.5251246513362844,9.836830192863012,6.025311867887766,0.767373404994527,3.8115183249752453,2.518692213824495,4
2019-06-27,2019-06-25,2019-07-19,2019-07-25,Z500,All India,Week 4,-5.7821348933951535,-23.16045022021896,5852.084796499786,5834.70648117296,5857.866931393179,5857.866931393179,0.5188887052411328,0.20346901997637595,8.836761002445245,25.273752370894126,-0.3154196852647569,-16.43699136844888,-17.378315326823806,4
2019-06-30,2019-06-29,2019-07-22,2019-07-28,Z500,All India,Week 4,0.4802939280138837,-12.224726260185253,5850.228336614429,5837.523316426233,5849.748042686417,5849.748042686417,0.7950200488731742,0.8268440365529185,4.336273412722314,14.052226690814503,0.03182398767974426,-9.71595327809219,-11.74443233217137,4
2019-07-04,2019-07-02,2019-07-26,2019-08-01,Z500,All India,Week 4,-0.012655403269734387,-0.815684955465288,5846.487010258966,5845.68398070677,5846.499665662234,5846.499665662234,0.8950110446816512,0.6224902820226599,5.5466864863452665,9.105303764607859,-0.2725207626589913,-3.5586172782625924,-0.8030295521955536,4
2019-07-07,2019-07-06,2019-07-29,2019-08-04,Z500,All India,Week 4,-3.6227660682741107,0.9637677203210449,5844.443899646271,5849.030433434868,5848.0666657145475,5848.0666657145475,0.8102958465815115,0.4965577826047034,6.912148362113014,8.58565153498468,-0.31373806397680815,-1.6735031728716647,2.658998347953066,4
2019-07-11,2019-07-09,2019-08-02,2019-08-08,Z500,All India,Week 4,17.62561613674413,9.344829187279935,5850.119256969549,5841.838470020085,5832.493640832805,5832.493640832805,0.873062316778235,0.9180427103634096,19.47860279070324,11.132737717431608,0.04498039358517458,8.34586507327163,8.280786949464197,4
2019-07-14,2019-07-13,2019-08-05,2019-08-11,Z500,All India,Week 4,11.828549970287067,10.425736103507791,5845.805195312489,5844.4023814457105,5833.9766453422035,5833.9766453422035,0.9868468251164305,0.8736367757147542,13.45140981671014,12.834300215513258,-0.11321004940167634,0.6171096011968817,1.402813866779276,4
2019-07-18,2019-07-16,2019-08-09,2019-08-15,Z500,All India,Week 4,-1.9446084365912732,-12.615190749828498,5851.593657639384,5840.923075326147,5853.538266075976,5853.538266075976,0.8969244480869648,0.8493527549785538,4.823669873346857,13.627238640963064,-0.04757169310841103,-8.803568767616207,-10.670582313237224,4
2019-07-21,2019-07-20,2019-08-12,2019-08-18,Z500,All India,Week 4,-7.817046067586494,-14.530561526259179,5851.835613308117,5845.122097849444,5859.652659375704,5859.652659375704,0.6870368227749856,0.6908709092016285,9.124010806104739,15.408046559738118,0.0038340864266429575,-6.284035753633379,-6.713515458672685,4
2019-07-25,2019-07-23,2019-08-16,2019-08-22,Z500,All India,Week 4,-4.5854459671561045,-7.492565441734484,5855.479391493198,5852.57227201862,5860.064837460355,5860.064837460355,0.4244918387291816,0.6216430359713612,10.500064590326698,11.150459782879354,0.19715119724217955,-0.6503951925526561,-2.907119474578379,4
2019-07-28,2019-07-27,2019-08-19,2019-08-25,Z500,All India,Week 4,0.7572189225981677,-6.368516042057376,5858.7596198356305,5851.6338848709765,5858.002400913033,5858.002400913033,0.9050053073629577,0.5319748251504486,4.223153572726559,9.498379683289617,-0.3730304822125091,-5.275226110563058,-5.611297119459208,4
2019-06-20,2019-06-18,2019-07-19,2019-07-25,Z500,All India,Week 5,-14.797972797039877,-13.98387092142152,5843.068958596139,5843.883060471756,5857.866931393179,5857.866931393179,-0.08371167866695475,0.2323396143559265,17.985318227779707,16.69165018471366,0.31605129302288126,1.2936680430660488,0.8141018756183573,5
2019-06-23,2019-06-22,2019-07-22,2019-07-28,Z500,All India,Week 5,-9.977666994381917,-2.026693003647534,5839.770375692035,5847.721349682768,5849.748042686417,5849.748042686417,0.901327942016183,0.6937848891197136,10.553012823615063,4.687807481906175,-0.20754305289646946,5.865205341708888,7.950973990734383,5
2019-06-27,2019-06-25,2019-07-26,2019-08-01,Z500,All India,Week 5,6.716157732547726,-1.5146708628550953,5853.215823394783,5844.984994799379,5846.499665662234,5846.499665662234,0.7552739642340409,0.8707878348668864,10.140737338497836,6.298450716455864,0.11551387063284546,3.8422866220419714,5.201486869692631,5
2019-06-30,2019-06-29,2019-07-29,2019-08-04,Z500,All India,Week 5,0.13220366852847182,-6.494909758961342,5848.198869383075,5841.571755955584,5848.0666657145475,5848.0666657145475,0.8202545649974093,0.864465815782658,5.637449822355901,8.181926705525454,0.04421125078524868,-2.544476883169553,-6.362706090432869,5
2019-07-04,2019-07-02,2019-08-02,2019-08-08,Z500,All India,Week 5,11.62881227900776,15.912386456756014,5844.122453111813,5848.40602728956,5832.493640832805,5832.493640832805,0.9275991371436184,0.7925031016283216,13.220195784679875,18.141028350768927,-0.1350960355152968,-4.920832566089052,-4.283574177748253,5
2019-07-07,2019-07-06,2019-08-05,2019-08-11,Z500,All India,Week 5,15.830160185644743,10.516872666395784,5849.806805527848,5844.493518008599,5833.9766453422035,5833.9766453422035,0.8215178892523965,0.6552743192276179,18.299612159370003,14.827141282707613,-0.16624357002477863,3.47247087666239,5.313287519248959,5
2019-07-11,2019-07-09,2019-08-09,2019-08-15,Z500,All India,Week 5,-0.7973738401237701,-7.073799365762416,5852.740892235853,5846.464466710215,5853.538266075976,5853.538266075976,0.8831455125932959,0.7363321266509261,4.853590963615763,9.551409877862891,-0.1468133859423698,-4.6978189142471285,-6.276425525638646,5
2019-07-14,2019-07-13,2019-08-12,2019-08-18,Z500,All India,Week 5,-8.596466248415947,-11.987404731992553,5851.056193127288,5847.665254643711,5859.652659375704,5859.652659375704,0.7368334582530806,0.7344915606400442,9.659692183273807,12.99222289914166,-0.002341897613036381,-3.332530715867854,-3.3909384835766065,5
2019-07-18,2019-07-16,2019-08-16,2019-08-22,Z500,All India,Week 5,-4.04321550802381,-12.239632491880611,5856.021621952331,5847.825204968475,5860.064837460355,5860.064837460355,0.2889010819704185,0.5383143926838873,10.98653981015526,15.12244206739135,0.24941331071346873,-4.13590225723609,-8.196416983856802,5
2019-07-21,2019-07-20,2019-08-19,2019-08-25,Z500,All India,Week 5,-1.7920615838672111,-5.692574957987161,5856.210339329165,5852.309825955047,5858.002400913033,5858.002400913033,0.8692360705430422,0.7752552648134143,4.552916778653074,7.472659154062805,-0.09398080572962786,-2.919742375409731,-3.9005133741199502,5
2019-07-25,2019-07-23,2019-08-23,2019-08-29,Z500,All India,Week 5,-1.2138558790343437,-7.303079158625202,5858.870065933486,5852.780842653894,5860.083921812521,5860.083921812521,0.7275442111995214,0.2807445474058115,9.096794254552213,13.910366755786967,-0.4467996637937099,-4.813572501234754,-6.0892232795908585,5
2019-07-28,2019-07-27,2019-08-26,2019-09-01,Z500,All India,Week 5,-0.3305325120849025,-2.0742334337430655,5858.198841643992,5856.455140722334,5858.529374156078,5858.529374156078,0.895613003526812,0.488304442583141,7.694250179088545,11.484113768929737,-0.40730856094367096,-3.7898635898411914,-1.743700921658163,5
2019-06-20,2019-06-22,2019-07-26,2019-08-01,Z500,All India,Week 6,-7.440565614662718,-0.0854933010018543,5839.059100047571,5846.414172361232,5846.499665662234,5846.499665662234,0.9264054071318213,0.9177488593895872,9.095044070134563,5.713715581227248,-0.008656547742234122,3.3813284889073145,7.355072313660864,6
2019-06-23,2019-06-25,2019-07-29,2019-08-04,Z500,All India,Week 6,0.6472318883461956,-3.516849254983552,5848.713897602893,5844.549816459564,5848.0666657145475,5848.0666657145475,0.8187294191150861,0.907135488085985,5.658014169955828,5.537711665206838,0.08840606897089887,0.12030250474898985,-2.869617366637357,6
2019-06-27,2019-06-29,2019-08-02,2019-08-08,Z500,All India,Week 6,16.412050471475336,15.705835351482738,5848.9056913042805,5848.199476184287,5832.493640832805,5832.493640832805,0.9212475664262441,0.8424457470493574,17.579448998538236,17.391276939793116,-0.07880181937688668,0.18817205874512055,0.7062151199925975,6
2019-06-30,2019-07-02,2019-08-05,2019-08-11,Z500,All India,Week 6,14.69475703115254,16.509871667861457,5848.671402373355,5850.486517010063,5833.9766453422035,5833.9766453422035,0.9771342041329596,0.7111361954001295,16.158872358132196,19.17553035730075,-0.2659980087328301,-3.0166579991685545,-1.815114636708918,6
2019-07-04,2019-07-06,2019-08-09,2019-08-15,Z500,All India,Week 6,-4.230662406296708,-3.854894175317207,5849.307603669679,5849.68337190066,5853.538266075976,5853.538266075976,0.756542989774151,0.601405167742832,7.475300980114774,8.545690333208437,-0.15513782203131898,-1.0703893530936632,0.3757682309795012,6
2019-07-07,2019-07-09,2019-08-12,2019-08-18,Z500,All India,Week 6,-7.357952576380685,-12.365276131250521,5852.294706799323,5847.287383244454,5859.652659375704,5859.652659375704,0.6542287848180417,0.6478378635073385,9.130193649901658,13.71471323635616,-0.006390921310703179,-4.584519586454501,-5.007323554869837,6
2019-07-11,2019-07-13,2019-08-16,2019-08-22,Z500,All India,Week 6,-4.320402075855626,-7.559649137469053,5855.744435384499,5852.505188322884,5860.064837460355,5860.064837460355,0.2809076805580727,0.3585843119728895,11.177729426760807,12.491419837056839,0.07767663141481679,-1.3136904102960312,-3.239247061613427,6
2019-07-14,2019-07-16,2019-08-19,2019-08-25,Z500,All India,Week 6,-1.0666081505880791,-6.10594319835038,5856.935792762444,5851.896457714683,5858.002400913033,5858.002400913033,0.9128915417957184,0.7634690980487964,4.000049659095904,7.865511206419364,-0.14942244374692204,-3.86546154732346,-5.0393350477623,6
2019-07-18,2019-07-20,2019-08-23,2019-08-29,Z500,All India,Week 6,0.47922934832503156,-10.435952471537888,5860.563151160845,5849.647969340982,5860.083921812521,5860.083921812521,0.8307229111330399,0.3317066215155216,8.241958522240829,15.631794076982645,-0.49901628961751826,-7.389835554741817,-9.956723123212857,6
2019-07-21,2019-07-23,2019-08-26,2019-09-01,Z500,All India,Week 6,1.8697429541274544,-4.303058946181459,5860.399117110206,5854.226315209896,5858.529374156078,5858.529374156078,0.5507727113888395,0.32166524261413854,11.086278523062994,13.113213047975227,-0.229107468774701,-2.0269345249122335,-2.433315992054004,6
2019-07-25,2019-07-27,2019-08-30,2019-09-05,Z500,All India,Week 6,4.487094927075339,1.6077008369842263,5856.386451523544,5853.507057433453,5851.899356596468,5851.899356596468,0.8507069791806019,0.5200178224103224,8.422881907897107,10.256747709492625,-0.33068915677027955,-1.8338658015955183,2.879394090091113,6
2019-07-28,2019-07-30,2019-09-02,2019-09-08,Z500,All India,Week 6,5.625573955111245,-1.0718095394417275,5857.586032807641,5850.888649313088,5851.960458852529,5851.960458852529,0.7060370737771968,0.6667092557436952,10.31508816344326,8.844884052438116,-0.039327818033501605,1.4702041110051436,4.553764415669518,6
2019-06-20,2019-06-18,2019-06-21,2019-06-27,Z500,central_india,Week 1,-7.568158874451724,-1.0707924344309576,5855.509819311975,5862.007185751995,5863.077978186426,5863.077978186426,0.9229485981811495,0.7477531059690381,7.65689913897246,2.2452196526726533,-0.1751954922121114,5.411679486299807,6.497366440020766,1
2019-06-23,2019-06-22,2019-06-24,2019-06-30,Z500,central_india,Week 1,3.5288267786143006,-0.5981620288870957,5860.738472245178,5856.611483437678,5857.209645466563,5857.209645466563,0.3483073392381913,0.1996429836224849,4.1874557648507205,2.4230707244626104,-0.1486643556157064,1.76438504038811,2.930664749727205,1
2019-06-27,2019-06-25,2019-06-28,2019-07-04,Z500,central_india,Week 1,-1.291837069131138,2.9375756768170835,5834.871885171697,5839.101297917645,5836.163722240828,5836.163722240828,0.9505177533214043,0.9506903620130218,2.563653378130341,3.671741643870359,0.00017260869161750403,-1.108088265740018,-1.6457386076859455,1
2019-06-30,2019-06-29,2019-07-01,2019-07-07,Z500,central_india,Week 1,-5.147658547220942,2.1017135013756687,5824.101926551931,5831.351298600526,5829.249585099151,5829.249585099151,0.8534076853850087,0.9818305887043757,7.084038303073027,3.160061709599712,0.128422903319367,3.9239765934733146,3.0459450458452735,1
2019-07-04,2019-07-02,2019-07-05,2019-07-11,Z500,central_india,Week 1,-5.795353860336948,4.251133867317182,5830.073420375141,5840.119908102795,5835.86877423548,5835.86877423548,0.9072324299742625,0.9634239901438567,6.5822153113812485,4.657296734447812,0.05619156016959426,1.924918576933437,1.544219993019766,1
2019-07-07,2019-07-06,2019-07-08,2019-07-14,Z500,central_india,Week 1,-6.840789176188827,0.30610988574627424,5848.789205316047,5855.936104377982,5855.629994492236,5855.629994492236,0.9457843465327418,0.9611716874407238,7.149153842029659,1.9194529991748426,0.015387340907981994,5.229700842854816,6.534679290442553,1
2019-07-11,2019-07-09,2019-07-12,2019-07-18,Z500,central_india,Week 1,1.1802284581877804,-2.191443285089173,5859.851145544659,5856.47947380138,5858.67091708647,5858.67091708647,0.8550174221147119,0.9854460265696551,2.874379228448314,2.3466473220104187,0.1304286044549432,0.5277319064378951,-1.0112148269013927,1
2019-07-14,2019-07-13,2019-07-15,2019-07-21,Z500,central_india,Week 1,-4.465851243363082,-4.310321541663888,5848.048703279575,5848.204232981274,5852.514554522938,5852.514554522938,0.4236116281839005,0.4468743831726365,5.344664825912813,4.995676073070625,0.02326275498873598,0.348988752842188,0.15552970169919433,1
2019-07-18,2019-07-16,2019-07-19,2019-07-25,Z500,central_india,Week 1,-12.521448411773548,-7.110225132639166,5844.418079366369,5849.829302645503,5856.939527778142,5856.939527778142,0.8902892054147262,0.9916884229430131,12.791044679990618,7.1690719928288384,0.10139921752828684,5.6219726871617794,5.411223279134382,1
2019-07-21,2019-07-20,2019-07-22,2019-07-28,Z500,central_india,Week 1,-1.8786039998209279,-6.551242376426671,5844.168571761231,5839.495933384626,5846.047175761053,5846.047175761053,0.5947896963710883,0.7859700629309139,4.013407417808515,6.880640326546443,0.19118036655982562,-2.867232908737928,-4.672638376605743,1
2019-07-25,2019-07-23,2019-07-26,2019-08-01,Z500,central_india,Week 1,1.084611349358307,0.24033645308107857,5836.442530621416,5835.598255725139,5835.357919272058,5835.357919272058,0.6774445657110734,0.9171251217806897,5.333705462927539,2.951849905278674,0.23968055606961636,2.381855557648865,0.8442748962772284,1
2019-07-28,2019-07-27,2019-07-29,2019-08-04,Z500,central_india,Week 1,-4.532138538723256,-1.620068487043743,5833.920254069752,5836.832324121432,5838.452392608475,5838.452392608475,0.8718351048045916,0.92150319490572,5.359033016266431,2.9407488098828494,0.04966809010112838,2.4182842063835817,2.912070051679513,1
2019-06-20,2019-06-18,2019-06-28,2019-07-04,Z500,central_india,Week 2,7.091892867028208,-1.197928377548032,5843.255615107856,5834.96579386328,5836.163722240828,5836.163722240828,0.8699122161413556,0.9076715426945337,7.869134363709526,3.1876036861810233,0.03775932655317804,4.681530677528503,5.893964489480176,2
2019-06-23,2019-06-22,2019-07-01,2019-07-07,Z500,central_india,Week 2,5.927919652003408,8.762267548020505,5835.177504751155,5838.011852647172,5829.249585099151,5829.249585099151,0.7870619346019593,0.8321183791452103,8.046915372965392,10.188155310863172,0.04505644454325097,-2.1412399378977796,-2.834347896017097,2
2019-06-27,2019-06-25,2019-07-05,2019-07-11,Z500,central_india,Week 2,-2.256069341681491,-1.6257916074237098,5833.612704893796,5834.242982628054,5835.86877423548,5835.86877423548,0.8628020967327252,0.8759800213625747,4.290956707601908,3.831282549104823,0.013177924629849458,0.45967415849708537,0.6302777342577814,2
2019-06-30,2019-06-29,2019-07-08,2019-07-14,Z500,central_india,Week 2,-18.885367765938497,-12.034057633824299,5836.744626726297,5843.595936858411,5855.629994492236,5855.629994492236,0.8353633731552849,0.7607164343193206,19.356572474935334,12.713868922421582,-0.0746469388359643,6.642703552513751,6.8513101321141985,2
2019-07-04,2019-07-02,2019-07-12,2019-07-18,Z500,central_india,Week 2,-6.883389483991523,-2.3867362570042636,5851.787527602479,5856.284180829465,5858.67091708647,5858.67091708647,0.6343642350385061,0.7901454503453393,7.685370860499134,3.628468743441546,0.1557812153068332,4.056902117057588,4.496653226987259,2
2019-07-07,2019-07-06,2019-07-15,2019-07-21,Z500,central_india,Week 2,4.081035338878907,4.59569662748265,5856.595589861817,5857.11025115042,5852.514554522938,5852.514554522938,-0.37029168187443573,0.18467066142862965,6.810602302999181,5.633984384463005,0.5549623433030654,1.1766179185361754,-0.5146612886037429,2
2019-07-11,2019-07-09,2019-07-19,2019-07-25,Z500,central_india,Week 2,-10.114868937766813,-12.361276863254712,5846.824658840375,5844.578250914887,5856.939527778142,5856.939527778142,0.3708749145953877,0.8674513349463268,11.532537859869807,12.657488927433095,0.4965764203509391,-1.1249510675632877,-2.2464079254878992,2
2019-07-14,2019-07-13,2019-07-22,2019-07-28,Z500,central_india,Week 2,-7.524754587912171,-6.0992601424486015,5838.522421173141,5839.9479156186035,5846.047175761053,5846.047175761053,0.7742261002962508,-0.13929704265500545,7.954248464984059,7.376708485889291,-0.9135231429512563,0.5775399790947677,1.4254944454635696,2
2019-07-18,2019-07-16,2019-07-26,2019-08-01,Z500,central_india,Week 2,0.8291017344374485,8.694699907197721,5836.187021006495,5844.052619179256,5835.357919272058,5835.357919272058,0.8028472368432472,0.595394482318419,4.979396515771853,10.470056914293544,-0.20745275452482825,-5.49066039852169,-7.865598172760273,2
2019-07-21,2019-07-20,2019-07-29,2019-08-04,Z500,central_india,Week 2,0.7188351703049364,3.676818748404957,5839.17122777878,5842.129211356879,5838.452392608475,5838.452392608475,0.8734162179570987,0.760103706642073,2.8929446317886853,6.186863745932819,-0.11331251131502562,-3.293919114144134,-2.9579835781000208,2
2019-07-25,2019-07-23,2019-08-02,2019-08-08,Z500,central_india,Week 2,8.809514586081852,3.6493528760183183,5830.486814160615,5825.326652450552,5821.677299574533,5821.677299574533,0.9099898596123217,0.9200883750994815,9.61384251177075,4.9861620064946335,0.010098515487159787,4.627680505276117,5.160161710063534,2
2019-07-28,2019-07-27,2019-08-05,2019-08-11,Z500,central_india,Week 2,5.078703848741728,11.545105189786163,5825.754959313264,5832.221360654308,5820.676255464523,5820.676255464523,0.9250414025859955,0.8320283660822165,5.38847815013502,11.951702538190794,-0.09301303650377901,-6.563224388055774,-6.466401341044435,2
2019-06-20,2019-06-18,2019-07-05,2019-07-11,Z500,central_india,Week 3,2.925351624439163,-2.5142246037059603,5838.794125859918,5833.354549631772,5835.86877423548,5835.86877423548,0.7084403686495352,0.8444232249202905,5.968820269274602,4.703204403727659,0.13598285627075535,1.265615865546943,0.41112702073320273,3
2019-06-23,2019-06-22,2019-07-08,2019-07-14,Z500,central_india,Week 3,-18.421462545770055,-11.971755360584451,5837.208531946466,5843.6582391316515,5855.629994492236,5855.629994492236,0.6699716568055448,0.5893629920280594,19.008631845154312,13.200485531931559,-0.0806086647774854,5.808146313222753,6.449707185185604,3
2019-06-27,2019-06-25,2019-07-12,2019-07-18,Z500,central_india,Week 3,-15.284759165022852,-11.99852353982995,5843.386157921446,5846.67239354664,5858.67091708647,5858.67091708647,0.761288777110171,0.5527929923049176,15.568504458205497,12.529755448745062,-0.20849578480525333,3.0387490094604352,3.2862356251929015,3
2019-06-30,2019-06-29,2019-07-15,2019-07-21,Z500,central_india,Week 3,-3.4495152377099867,-0.2803108193100291,5849.0650392852285,5852.234243703629,5852.514554522938,5852.514554522938,-0.26946853403916676,-0.17128480996099885,5.1531384065125225,4.962596592306919,0.09818372407816792,0.1905418142056039,3.1692044183999575,3
2019-07-04,2019-07-02,2019-07-19,2019-07-25,Z500,central_india,Week 3,-13.803271178287085,-20.353161094667467,5843.136256599855,5836.586366683475,5856.939527778142,5856.939527778142,-0.13283401192301061,-0.4262557845017962,15.145831347618994,21.973907855492932,-0.29342177257878554,-6.828076507873938,-6.549889916380382,3
2019-07-07,2019-07-06,2019-07-22,2019-07-28,Z500,central_india,Week 3,-3.9918337111289355,-12.745840735398398,5842.055342049925,5833.301335025655,5846.047175761053,5846.047175761053,0.8083120170487744,0.7012108128704971,4.5244266066843695,13.018170343361636,-0.10710120417827729,-8.493743736677267,-8.754007024269463,3
2019-07-11,2019-07-09,2019-07-26,2019-08-01,Z500,central_india,Week 3,4.09574069285106,11.222746873821194,5839.453659964909,5846.580666145879,5835.357919272058,5835.357919272058,0.8951023567047534,0.9245359971125372,6.035915068984466,12.20159713648163,0.029433640407783845,-6.165682067497163,-7.127006180970134,3
2019-07-14,2019-07-13,2019-07-29,2019-08-04,Z500,central_india,Week 3,-0.0388515745963373,3.016263512120567,5838.413541033879,5841.468656120595,5838.452392608475,5838.452392608475,0.7998084006681044,0.8616717342010878,3.896785229924518,4.280335007885182,0.061863333532983344,-0.38354977796066425,-2.97741193752423,3
2019-07-18,2019-07-16,2019-08-02,2019-08-08,Z500,central_india,Week 3,13.616405808089363,8.97397837891696,5835.293705382623,5830.6512779534505,5821.677299574533,5821.677299574533,0.5291617111767197,0.9648442176179565,15.20309028019083,9.241016555514678,0.43568250644123674,5.962073724676152,4.642427429172402,3
2019-07-21,2019-07-20,2019-08-05,2019-08-11,Z500,central_india,Week 3,7.984833811493506,0.24846084030217222,5828.6610892760145,5820.924716304824,5820.676255464523,5820.676255464523,0.9149618518990614,0.7870024627081376,8.221196098108301,3.6520505944509476,-0.12795938919092387,4.569145503657353,7.736372971191334,3
2019-07-25,2019-07-23,2019-08-09,2019-08-15,Z500,central_india,Week 3,-7.286226761585237,-1.186236384054739,5836.514684938952,5842.614675316482,5843.800911700537,5843.800911700537,0.4266177561655357,0.4164073285020713,8.216819587620003,4.280610569285903,-0.010210427663464416,3.9362090183341003,6.0999903775304976,3
2019-07-28,2019-07-27,2019-08-12,2019-08-18,Z500,central_india,Week 3,-7.240177737537191,-17.707473796726106,5849.80052139051,5839.333225331321,5857.040699128047,5857.040699128047,0.8617772080780655,0.5069690648879583,7.435831412747517,18.20402219537047,-0.3548081431901071,-10.768190782622952,-10.467296059188914,3
2019-06-20,2019-06-18,2019-07-12,2019-07-18,Z500,central_india,Week 4,-20.60707249892844,-16.15723581660429,5838.063844587542,5842.513681269866,5858.67091708647,5858.67091708647,0.46127842455981544,0.22942410327146393,20.97107201918445,17.4178804879097,-0.2318543212883515,3.553191531274752,4.449836682324147,4
2019-06-23,2019-06-22,2019-07-15,2019-07-21,Z500,central_india,Week 4,-10.010262382233167,-4.083608054793181,5842.504292140705,5848.430946468145,5852.514554522938,5852.514554522938,-0.2802812236566204,0.5018268510487837,10.978356850411554,5.340043635876685,0.7821080747054041,5.638313214534869,5.926654327439986,4
2019-06-27,2019-06-25,2019-07-19,2019-07-25,Z500,central_india,Week 4,-10.946766665254714,-30.933428479373752,5845.992761112887,5826.006099298768,5856.939527778142,5856.939527778142,0.31840808937578163,0.08990848744474261,12.099288277580346,31.87838033381853,-0.22849960193103902,-19.779092056238184,-19.98666181411904,4
2019-06-30,2019-06-29,2019-07-22,2019-07-28,Z500,central_india,Week 4,-1.4111364776645496,-18.451401237091957,5844.6360392833885,5827.59577452396,5846.047175761053,5846.047175761053,0.4525496485633621,0.6668711296670167,3.4977541800682093,19.07592892401342,0.21432148110365457,-15.578174743945212,-17.04026475942741,4
2019-07-04,2019-07-02,2019-07-26,2019-08-01,Z500,central_india,Week 4,2.897064750559967,6.756607721312582,5838.254984022618,5842.11452699337,5835.357919272058,5835.357919272058,0.3986311415660178,0.7661330321249125,7.088279840003661,8.41351237681112,0.36750189055889465,-1.3252325368074587,-3.859542970752615,4
2019-07-07,2019-07-06,2019-07-29,2019-08-04,Z500,central_india,Week 4,-2.798787093299681,7.069056475823411,5835.6536055151755,5845.521449084299,5838.452392608475,5838.452392608475,0.7773358255687886,0.3594218762647704,4.876892328127204,8.92718958542551,-0.41791394930401815,-4.050297257298305,-4.27026938252373,4
2019-07-11,2019-07-09,2019-08-02,2019-08-08,Z500,central_india,Week 4,23.784479099199867,12.228209635597153,5845.4617786737335,5833.90550921013,5821.677299574533,5821.677299574533,0.975622792294929,0.9009070336717792,24.39941877351737,12.966786575869074,-0.07471575862314983,11.432632197648298,11.556269463602714,4
2019-07-14,2019-07-13,2019-08-05,2019-08-11,Z500,central_india,Week 4,18.12352583077962,15.390488372051893,5838.799781295303,5836.066743836574,5820.676255464523,5820.676255464523,0.9240637132406572,0.8535847295848588,18.25668787200169,15.588796748938769,-0.07047898365579841,2.6678911230629225,2.7330374587277273,4
2019-07-18,2019-07-16,2019-08-09,2019-08-15,Z500,central_india,Week 4,1.1947052539454641,-11.950662236454548,5844.995616954481,5831.8502494640825,5843.800911700537,5843.800911700537,0.12384292016440301,0.5483852371841077,4.6902558745889555,12.539790014622383,0.4245423170197047,-7.849534140033428,-10.755956982509083,4
2019-07-21,2019-07-20,2019-08-12,2019-08-18,Z500,central_india,Week 4,-9.400284894028006,-17.168773368900368,5847.640414234019,5839.8719257591465,5857.040699128047,5857.040699128047,0.8203196953255951,0.7890739918889886,9.57918659963541,17.343761010614116,-0.031245703436606487,-7.764574410978707,-7.7684884748723615,4
2019-07-25,2019-07-23,2019-08-16,2019-08-22,Z500,central_india,Week 4,-10.483074790625142,-12.719291765777614,5852.0864267288025,5849.85020975365,5862.569501519428,5862.569501519428,0.6194337802520338,0.5819350926812946,10.696191791397977,13.08426897657208,-0.03749868757073915,-2.3880771851741027,-2.2362169751524714,4
2019-07-28,2019-07-27,2019-08-19,2019-08-25,Z500,central_india,Week 4,1.58588608629507,-3.6310052480192128,5856.530751857083,5851.313860522767,5854.944865770787,5854.944865770787,0.441079313846019,0.8563301176380913,4.244419925469642,4.506855555470547,0.4152508037920723,-0.26243563000090475,-2.0451191617241427,4
2019-06-20,2019-06-18,2019-07-19,2019-07-25,Z500,central_india,Week 5,-20.88019846795105,-20.31338257347345,5836.059329310192,5836.626145204669,5856.939527778142,5856.939527778142,-0.5231392480338192,0.08482660926990249,22.48648687342122,21.705027099693826,0.6079658573037217,0.781459773727395,0.5668158944775996,5
2019-06-23,2019-06-22,2019-07-22,2019-07-28,Z500,central_india,Week 5,-12.809315003481151,-2.7897563209614225,5833.237860757571,5843.257419440091,5846.047175761053,5846.047175761053,0.799382334266123,0.6700124839553943,12.997683449314248,4.052291442793618,-0.12936985031072878,8.945392006520631,10.01955868251973,5
2019-06-27,2019-06-25,2019-07-26,2019-08-01,Z500,central_india,Week 5,12.323932767420676,2.5081469281119295,5847.681852039479,5837.86606620017,5835.357919272058,5835.357919272058,0.5695412326481467,0.8121163953490536,13.626354679707465,5.103242461299223,0.24257516270090684,8.523112218408242,9.815785839308745,5
2019-06-30,2019-06-29,2019-07-29,2019-08-04,Z500,central_india,Week 5,2.920973220033831,-4.903252015677358,5841.373365828508,5833.549140592798,5838.452392608475,5838.452392608475,0.9129979569769014,0.8591351864677587,4.311815927812159,5.789786993656114,-0.05386277050914279,-1.4779710658439553,-1.982278795643527,5
2019-07-04,2019-07-02,2019-08-02,2019-08-08,Z500,central_india,Week 5,15.266559275853036,22.820801765015585,5836.943858850387,5844.498101339548,5821.677299574533,5821.677299574533,0.8412080227698072,0.966753687845659,16.337916224846627,23.10532344706696,0.12554566507585174,-6.767407222220335,-7.554242489162549,5
2019-07-07,2019-07-06,2019-08-05,2019-08-11,Z500,central_india,Week 5,24.337229899648595,18.895391929130135,5845.013485364171,5839.571647393652,5820.676255464523,5820.676255464523,0.6906318658124143,0.6697661477580719,24.61281179505563,19.276392315217407,-0.020865718054342453,5.336419479838224,5.44183797051846,5
2019-07-11,2019-07-09,2019-08-09,2019-08-15,Z500,central_india,Week 5,2.8638436985311744,-4.375765476575371,5846.664755399068,5839.425146223961,5843.800911700537,5843.800911700537,0.22196612586087022,0.439144553521604,4.902689278101308,5.878159775047408,0.21717842766073375,-0.9754704969460999,-1.5119217780441963,5
2019-07-14,2019-07-13,2019-08-12,2019-08-18,Z500,central_india,Week 5,-10.680929771106495,-13.888844241646552,5846.359769356941,5843.1518548864,5857.040699128047,5857.040699128047,0.6851448268293131,0.8036787257417832,10.935399989195188,14.148023445267178,0.11853389891247013,-3.2126234560719897,-3.2079144705400573,5
2019-07-18,2019-07-16,2019-08-16,2019-08-22,Z500,central_india,Week 5,-11.015093869756893,-18.872002124800645,5851.554407649671,5843.697499394628,5862.569501519428,5862.569501519428,0.12087350661466242,0.5550408933358791,11.536960616814605,19.217442993835146,0.4341673867212167,-7.680482377020541,-7.856908255043752,5
2019-07-21,2019-07-20,2019-08-19,2019-08-25,Z500,central_india,Week 5,-1.9696455137366327,-4.21351132562251,5852.975220257051,5850.7313544451645,5854.944865770787,5854.944865770787,0.8240143423619795,0.769743493442094,3.5551765966160507,5.043205605340873,-0.05427084891988543,-1.4880290087248222,-2.243865811885877,5
2019-07-25,2019-07-23,2019-08-23,2019-08-29,Z500,central_india,Week 5,5.706147912000618,1.3409525537080207,5855.168306787481,5850.803111429189,5849.462158875482,5849.462158875482,0.7393272984967076,0.8224832512443938,6.553393192217816,2.8803094187245795,0.08315595274768617,3.6730837734932362,4.365195358292597,5
2019-07-28,2019-07-27,2019-08-26,2019-09-01,Z500,central_india,Week 5,5.928662793703692,6.779837574645928,5853.879682198272,5854.730856979214,5847.951019404566,5847.951019404566,0.9567469854409781,0.9084278636352929,6.418419367823083,7.1356304764391405,-0.048319121805685206,-0.7172111086160573,-0.8511747809422356,5
2019-06-20,2019-06-22,2019-07-26,2019-08-01,Z500,central_india,Week 6,-3.1747158508950606,4.94134099825926,5832.183203421163,5840.299260270317,5835.357919272058,5835.357919272058,0.8774006237199823,0.9478636531249932,5.3063866397641775,5.55348812989704,0.07046302940501092,-0.24710149013286298,-1.7666251473641998,6
2019-06-23,2019-06-25,2019-07-29,2019-08-04,Z500,central_india,Week 6,3.3571392794458506,-0.8136155787860179,5841.8095318879205,5837.638777029689,5838.452392608475,5838.452392608475,0.8709179560229182,0.9352539443496171,4.471339042658437,2.1783456461699284,0.06433598832669885,2.2929933964885088,2.543523700659833,6
2019-06-27,2019-06-29,2019-08-02,2019-08-08,Z500,central_india,Week 6,20.278898213240065,21.00209058703419,5841.956197787773,5842.679390161568,5821.677299574533,5821.677299574533,0.9616913471869074,0.9398865308789648,20.698747831034982,21.346848537610384,-0.02180481630794262,-0.6481007065754021,-0.7231923737941237,6
2019-06-30,2019-07-02,2019-08-05,2019-08-11,Z500,central_india,Week 6,20.9153278507229,23.79161556651925,5841.591583315245,5844.467871031041,5820.676255464523,5820.676255464523,0.9045599669137898,0.7959923661174881,21.095441032786802,24.021136869433583,-0.10856760079630168,-2.9256958366467813,-2.8762877157963516,6
2019-07-04,2019-07-06,2019-08-09,2019-08-15,Z500,central_india,Week 6,-0.10206296786531029,0.4594428702989338,5843.698848732672,5844.260354570834,5843.800911700537,5843.800911700537,-0.10704285246560649,0.030620541872057774,6.307669660309798,6.0371982282161,0.13766339433766428,0.2704714320936974,-0.35737990243362355,6
2019-07-07,2019-07-09,2019-08-12,2019-08-18,Z500,central_india,Week 6,-10.434859328955485,-16.417301718639884,5846.605839799093,5840.6233974094075,5857.040699128047,5857.040699128047,0.3262703277422518,0.11657279550642537,11.137250203095723,17.222302283508622,-0.20969753223582643,-6.085052080412899,-5.982442389684399,6
2019-07-11,2019-07-13,2019-08-16,2019-08-22,Z500,central_india,Week 6,-11.109260161423618,-14.33585252242119,5851.460241358005,5848.233648997008,5862.569501519428,5862.569501519428,0.6586096389458329,0.19728613182155108,11.325574456629626,15.012200279668448,-0.46132350712428183,-3.6866258230388222,-3.2265923609975715,6
2019-07-14,2019-07-16,2019-08-19,2019-08-25,Z500,central_india,Week 6,-1.2560189492844458,-6.237259348774489,5853.688846821502,5848.707606422013,5854.944865770787,5854.944865770787,0.847278663933501,0.7716189672265349,2.8868371642548256,6.822282118319063,-0.07565969670696615,-3.9354449540642378,-4.981240399490043,6
2019-07-18,2019-07-20,2019-08-23,2019-08-29,Z500,central_india,Week 6,7.4305987977715615,-2.523071918727241,5856.892757673252,5846.939086956753,5849.462158875482,5849.462158875482,0.8504275520751693,0.8183394565570191,7.986849447206336,3.633884541369214,-0.03208809551815017,4.352964905837123,4.907526879044321,6
2019-07-21,2019-07-23,2019-08-26,2019-09-01,Z500,central_india,Week 6,9.96131040495092,5.203965004201262,5857.912329809518,5853.1549844087685,5847.951019404566,5847.951019404566,0.8103416987781699,0.8082554786557763,10.601068360272109,6.270138366144978,-0.0020862201223935672,4.330929994127131,4.757345400749658,6
2019-07-25,2019-07-27,2019-08-30,2019-09-05,Z500,central_india,Week 6,8.720898030581598,9.093217576200292,5851.672126627821,5852.04444617344,5842.95122859724,5842.95122859724,0.8108549783528258,0.8751584318380952,10.218609857339388,10.325826882976576,0.06430345348526934,-0.10721702563718871,-0.3723195456186943,6
2019-07-28,2019-07-30,2019-09-02,2019-09-08,Z500,central_india,Week 6,11.208889349482613,6.525479466426602,5854.248022272557,5849.5646123895,5843.039132923074,5843.039132923074,0.8507322277327465,0.8903539867231604,12.96956804898192,8.323688778913482,0.03962175899041387,4.645879270068438,4.683409883056011,6
2019-06-20,2019-06-18,2019-06-21,2019-06-27,Z500,east_northeast_india,Week 1,1.5544819642854022,-4.341470483058298,5871.415278994796,5865.519326547451,5869.860797030509,5869.860797030509,0.40298982511843334,0.9555025473978642,4.73462267025948,4.471540356306519,0.5525127222794308,0.2630823139529612,-2.786988518772896,1
2019-06-23,2019-06-22,2019-06-24,2019-06-30,Z500,east_northeast_india,Week 1,4.033721634381636,-0.6658907723101387,5859.029819911324,5854.330207504632,5854.9960982769435,5854.9960982769435,0.9685645859980101,0.9805509815185971,4.186696900493967,1.6091223477601406,0.011986395520587001,2.577574552733826,3.3678308620714974,1
2019-06-27,2019-06-25,2019-06-28,2019-07-04,Z500,east_northeast_india,Week 1,-1.883037353847763,2.838803456472743,5843.790218145304,5848.512058955623,5845.67325549915,5845.67325549915,0.9811524117390199,0.9829632489831363,2.8043453259236313,3.3825367107559106,0.0018108372441163478,-0.5781913848322793,-0.9557661026249802,1
2019-06-30,2019-06-29,2019-07-01,2019-07-07,Z500,east_northeast_india,Week 1,1.4543156108624498,1.392300595884563,5841.879781959911,5841.817766944933,5840.425466349048,5840.425466349048,0.9938588841655174,0.9963904811804678,2.8618289902429788,3.521383680802775,0.0025315970149504263,-0.6595546905597964,0.06201501497788686,1
2019-07-04,2019-07-02,2019-07-05,2019-07-11,Z500,east_northeast_india,Week 1,5.181285435683954,-1.9617832120574765,5837.418752678297,5830.2756840305565,5832.237467242614,5832.237467242614,0.966379109524649,0.9298745575663254,5.891119243754796,4.0830582589842175,-0.03650455195832358,1.8080609847705782,3.219502223626477,1
2019-07-07,2019-07-06,2019-07-08,2019-07-14,Z500,east_northeast_india,Week 1,1.6069158757662119,1.081396777761427,5840.153658883798,5839.628139785794,5838.546743008032,5838.546743008032,0.9793429973478553,0.9774235711861042,2.597593842107091,2.3389802260607473,-0.0019194261617511144,0.2586136160463437,0.5255190980047848,1
2019-07-11,2019-07-09,2019-07-12,2019-07-18,Z500,east_northeast_india,Week 1,-3.7717087275693033,-2.324992526688363,5841.454403329033,5842.901119529914,5845.226112056602,5845.226112056602,0.9774260138916875,0.9593230174944537,3.963186824314241,2.9754690473369556,-0.018102996397233784,0.9877177769772856,1.4467162008809402,1
2019-07-14,2019-07-13,2019-07-15,2019-07-21,Z500,east_northeast_india,Week 1,-11.012238385125666,-7.507474696899929,5847.447946672371,5850.952710360596,5858.460185057495,5858.460185057495,0.878054479669045,0.7978649333470148,11.093539493674658,7.676817632886046,-0.08018954632203024,3.4167218607886127,3.5047636882257374,1
2019-07-18,2019-07-16,2019-07-19,2019-07-25,Z500,east_northeast_india,Week 1,-6.3058128361342165,-5.9808874111793555,5857.193312793603,5857.5182382185585,5863.499125629737,5863.499125629737,0.15212979714683877,0.7893992355558055,6.836393726833729,6.026815844232488,0.6372694384089668,0.809577882601241,0.324925424954861,1
2019-07-21,2019-07-20,2019-07-22,2019-07-28,Z500,east_northeast_india,Week 1,2.6278853744239274,-4.054547202170226,5857.093143280175,5850.410710703581,5854.465257905752,5854.465257905752,0.9815752235893928,0.9859820743973555,2.837211580720454,4.193154624955205,0.00440685080796277,-1.3559430442347509,-1.4266618277462983,1
2019-07-25,2019-07-23,2019-07-26,2019-08-01,Z500,east_northeast_india,Week 1,-1.3029190740349867,0.06798488896481432,5851.527533261264,5852.898437224263,5852.830452335298,5852.830452335298,0.977333685029845,0.996089042478021,2.4585716522601984,1.5578865105559723,0.018755357448176024,0.9006851417042261,1.2349341850701725,1
2019-07-28,2019-07-27,2019-07-29,2019-08-04,Z500,east_northeast_india,Week 1,-2.5203194422884376,-4.5227833750324775,5848.030903130956,5846.028439198212,5850.551222573245,5850.551222573245,0.9661981649836219,0.9906444807677071,3.9624517450451795,4.677357496022063,0.024446315784085182,-0.7149057509768837,-2.00246393274404,1
2019-06-20,2019-06-18,2019-06-28,2019-07-04,Z500,east_northeast_india,Week 2,-0.1728994640800104,-0.6746875204541481,5845.500356035071,5844.998567978697,5845.67325549915,5845.67325549915,0.9222535752530397,0.9900454140878697,3.7723350828965923,1.3557188330239331,0.06779183883482998,2.416616249872659,-0.5017880563741377,2
2019-06-23,2019-06-22,2019-07-01,2019-07-07,Z500,east_northeast_india,Week 2,11.94134284179426,13.069818689080229,5852.366809190843,5853.495285038129,5840.425466349048,5840.425466349048,0.9913294801216092,0.9849926786469787,12.37517295877457,13.604590309521985,-0.006336801474630449,-1.2294173507474149,-1.1284758472859693,2
2019-06-27,2019-06-25,2019-07-05,2019-07-11,Z500,east_northeast_india,Week 2,11.644683299430273,4.01229904362895,5843.882150542044,5836.249766286244,5832.237467242614,5832.237467242614,0.9057478989152739,0.9862374090632426,12.220047769716388,5.324346692821887,0.08048951014796879,6.8957010768945,7.632384255801323,2
2019-06-30,2019-06-29,2019-07-08,2019-07-14,Z500,east_northeast_india,Week 2,2.7570204384345547,0.6685289436861451,5841.303763446467,5839.215271951717,5838.546743008032,5838.546743008032,0.1466370181244078,0.6285862169778768,8.94802409102313,5.638749847559685,0.481949198853469,3.3092742434634452,2.0884914947484097,2
2019-07-04,2019-07-02,2019-07-12,2019-07-18,Z500,east_northeast_india,Week 2,4.495947219376526,4.14744889376793,5849.722059275979,5849.373560950371,5845.226112056602,5845.226112056602,0.846543563797098,0.8946769888428893,5.646344264900932,5.102053972842211,0.04813342504579121,0.5442902920587214,0.3484983256085963,2
2019-07-07,2019-07-06,2019-07-15,2019-07-21,Z500,east_northeast_india,Week 2,-7.405931700037556,1.8407231746978219,5851.054253357458,5860.300908232193,5858.460185057495,5858.460185057495,0.884771794495814,0.7483303457187911,7.557500373054373,2.546794274711359,-0.1364414487770229,5.0107060983430145,5.565208525339734,2
2019-07-11,2019-07-09,2019-07-19,2019-07-25,Z500,east_northeast_india,Week 2,-7.180577877065739,-5.710809182790205,5856.31854775267,5857.788316446946,5863.499125629737,5863.499125629737,0.15239353071956568,-0.37036706968483,8.415205929536675,6.568925328421691,-0.5227606004043956,1.8462806011149846,1.4697686942755332,2
2019-07-14,2019-07-13,2019-07-22,2019-07-28,Z500,east_northeast_india,Week 2,-2.8099192774541013,-2.7377018806745275,5851.6553386282985,5851.727556025077,5854.465257905752,5854.465257905752,0.9844706702709136,0.9604888235815201,3.1689645421127706,3.1238211293427423,-0.023981846689393516,0.04514341277002831,0.07221739677957384,2
2019-07-18,2019-07-16,2019-07-26,2019-08-01,Z500,east_northeast_india,Week 2,3.2304408258091395,3.579042582192766,5856.060893161108,5856.409494917491,5852.830452335298,5852.830452335298,0.9891654965425278,0.9768896592616038,3.5432541239793807,5.046630469150064,-0.012275837280924073,-1.5033763451706834,-0.34860175638362634,2
2019-07-21,2019-07-20,2019-07-29,2019-08-04,Z500,east_northeast_india,Week 2,2.0080721476398757,-4.8358340033564255,5852.559294720883,5845.715388569887,5850.551222573245,5850.551222573245,0.9523691755163013,0.9206688684974742,5.0226780868266205,6.114279864590419,-0.03170030701882709,-1.091601777763798,-2.82776185571655,2
2019-07-25,2019-07-23,2019-08-02,2019-08-08,Z500,east_northeast_india,Week 2,10.748530014729662,-3.677501447011226,5849.079883764432,5834.653852302692,5838.331353749703,5838.331353749703,0.9864047220038897,0.9854619458126067,10.953016950694025,5.290578400663401,-0.0009427761912830235,5.662438550030624,7.071028567718436,2
2019-07-28,2019-07-27,2019-08-05,2019-08-11,Z500,east_northeast_india,Week 2,0.298876834153923,1.602858288781928,5843.9953060774915,5845.299287532119,5843.696429243338,5843.696429243338,0.9959713162520656,0.9537645729567596,3.2269714558758587,7.793692463635384,-0.04220674329530594,-4.566721007759526,-1.303981454628005,2
2019-06-20,2019-06-18,2019-07-05,2019-07-11,Z500,east_northeast_india,Week 3,14.875877494501323,5.816532776205255,5847.113344737116,5838.054000018819,5832.237467242614,5832.237467242614,0.9011761891448332,0.8709247077430224,15.404740813775536,7.39368778481383,-0.030251481401810776,8.011053028961706,9.059344718296067,3
2019-06-23,2019-06-22,2019-07-08,2019-07-14,Z500,east_northeast_india,Week 3,10.29659826018124,4.474635929741792,5848.843341268213,5843.021378937773,5838.546743008032,5838.546743008032,-0.06145968671401338,0.2174957560514742,15.157763720562022,8.899289346210542,0.27895544276548756,6.258474374351479,5.821962330439447,3
2019-06-27,2019-06-25,2019-07-12,2019-07-18,Z500,east_northeast_india,Week 3,4.7591616370949765,5.750119827558613,5849.985273693696,5850.97623188416,5845.226112056602,5845.226112056602,-0.2616345917888423,-0.4137253734167087,9.6898188819756,10.090692745074989,-0.15209078162786638,-0.4008738630993882,-0.9909581904636369,3
2019-06-30,2019-06-29,2019-07-15,2019-07-21,Z500,east_northeast_india,Week 3,-7.226245968235243,-8.024146859335598,5851.233939089259,5850.4360381981605,5858.460185057495,5858.460185057495,0.3964874632210534,0.875549563055368,8.183251060159732,8.130298629591952,0.47906209983431464,0.052952430567779984,-0.7979008911003556,3
2019-07-04,2019-07-02,2019-07-19,2019-07-25,Z500,east_northeast_india,Week 3,-10.496713067576122,-18.511571744487906,5853.002412562161,5844.987553885248,5863.499125629737,5863.499125629737,-0.02783818463896701,0.019699326861379266,11.952799286250176,19.292858754907233,0.047537511500346276,-7.340059468657056,-8.014858676911784,3
2019-07-07,2019-07-06,2019-07-22,2019-07-28,Z500,east_northeast_india,Week 3,-0.8823987900220808,-8.169385698997068,5853.58285911573,5846.295872206755,5854.465257905752,5854.465257905752,0.9405705553749406,0.964912367559745,2.1401769635331083,8.58965570926988,0.024341812184804357,-6.449478745736773,-7.2869869089749875,3
2019-07-11,2019-07-09,2019-07-26,2019-08-01,Z500,east_northeast_india,Week 3,1.6249055319182737,1.5108953884250114,5854.455357867217,5854.341347723724,5852.830452335298,5852.830452335298,0.9757584896077678,0.9450505530019364,2.8700537012339273,6.354250227437231,-0.030707936605831376,-3.484196526203304,0.11401014349326233,3
2019-07-14,2019-07-13,2019-07-29,2019-08-04,Z500,east_northeast_india,Week 3,2.744954323946027,3.5107727383947593,5853.296176897191,5854.061995311638,5850.551222573245,5850.551222573245,0.9597908604460231,0.983305668954714,4.078957329113789,3.8312961512144015,0.02351480850869092,0.24766117789938713,-0.7658184144487326,3
2019-07-18,2019-07-16,2019-08-02,2019-08-08,Z500,east_northeast_india,Week 3,7.547125268310238,7.170348923324476,5845.878479018014,5845.5017026730275,5838.331353749703,5838.331353749703,0.9880606592602432,0.9855209432139656,7.9785690156994304,7.874235264645907,-0.0025397160462776736,0.10433375105352383,0.3767763449857622,3
2019-07-21,2019-07-20,2019-08-05,2019-08-11,Z500,east_northeast_india,Week 3,4.974449847926496,0.34293982053849037,5848.6708790912635,5844.039369063876,5843.696429243338,5843.696429243338,0.9937807903602716,0.9880740418563118,5.911546124427267,2.164503791733519,-0.005706748503959802,3.747042332693748,4.631510027388005,3
2019-07-25,2019-07-23,2019-08-09,2019-08-15,Z500,east_northeast_india,Week 3,-9.492219908480092,-8.460819057769278,5852.242766392304,5853.274167243016,5861.734986300783,5861.734986300783,0.99181843859401,0.9746073204342834,9.688298134041062,8.66654381894373,-0.017211118159726535,1.0217543150973327,1.0314008507108134,3
2019-07-28,2019-07-27,2019-08-12,2019-08-18,Z500,east_northeast_india,Week 3,-13.370052247297917,-19.895038912167177,5854.034944943678,5847.509958278809,5867.404997190976,5867.404997190976,0.9647397506356842,0.9672911901159926,13.692025123619352,20.0624850103515,0.0025514394803084484,-6.370459886732149,-6.52498666486926,3
2019-06-20,2019-06-18,2019-07-12,2019-07-18,Z500,east_northeast_india,Week 4,1.5789605541426346,4.556568124058296,5846.805072610746,5849.782680180661,5845.226112056602,5845.226112056602,-0.3834354707885008,-0.29253386828759104,9.879855095213781,9.636252755569238,0.09090160250090978,0.2436023396445428,-2.9776075699156612,4
2019-06-23,2019-06-22,2019-07-15,2019-07-21,Z500,east_northeast_india,Week 4,-7.704068532836138,-4.80711174424005,5850.75611652466,5853.653073313255,5858.460185057495,5858.460185057495,0.027170893520407247,0.39930009522971405,10.01912877447139,5.486562465779169,0.3721292017093068,4.532566308692221,2.8969567885960883,4
2019-06-27,2019-06-25,2019-07-19,2019-07-25,Z500,east_northeast_india,Week 4,-4.161971625785148,-21.82402734392961,5859.3371540039525,5841.6750982858075,5863.499125629737,5863.499125629737,-0.04195057352567266,-0.1860027016416396,7.366639100312297,22.837351588445486,-0.14405212811596693,-15.470712488133188,-17.662055718144465,4
2019-06-30,2019-06-29,2019-07-22,2019-07-28,Z500,east_northeast_india,Week 4,5.336870509371066,-8.727618372991746,5859.802128415123,5845.73763953276,5854.465257905752,5854.465257905752,0.9831431098949999,0.8948957135919606,5.625048092100026,9.20053891167382,-0.08824739630303924,-3.575490819573795,-3.390747863620679,4
2019-07-04,2019-07-02,2019-07-26,2019-08-01,Z500,east_northeast_india,Week 4,1.0387114268144906,-3.6598240617509226,5853.869163762112,5849.170628273547,5852.830452335298,5852.830452335298,0.989524392458309,0.9726653226091334,2.8066986984118176,6.120458851288922,-0.016859069849175623,-3.3137601528771046,-2.621112634936432,4
2019-07-07,2019-07-06,2019-07-29,2019-08-04,Z500,east_northeast_india,Week 4,1.9359547914232935,3.5162087647105404,5852.487177364667,5854.067431337953,5850.551222573245,5850.551222573245,0.9432486701838088,0.9576068984757095,3.61183140849741,3.92762525483948,0.014358228291900699,-0.31579384634207,-1.580253973287247,4
2019-07-11,2019-07-09,2019-08-02,2019-08-08,Z500,east_northeast_india,Week 4,16.728446305661517,8.805245006281824,5855.0598000553655,5847.136598755986,5838.331353749703,5838.331353749703,0.9879496208357503,0.9573035454146602,17.69730233686177,10.851200427129331,-0.030646075421090102,6.84610190973244,7.923201299379693,4
2019-07-14,2019-07-13,2019-08-05,2019-08-11,Z500,east_northeast_india,Week 4,7.279962615633613,7.810299398818053,5850.97639185897,5851.506728642155,5843.696429243338,5843.696429243338,0.9982733825925384,0.9635668128259268,8.944505788173391,10.19360932539167,-0.03470656976661157,-1.2491035372182786,-0.5303367831844401,4
2019-07-18,2019-07-16,2019-08-09,2019-08-15,Z500,east_northeast_india,Week 4,-4.69897583877526,-12.484908480246185,5857.0360104620095,5849.2500778205385,5861.734986300783,5861.734986300783,0.9942155002031049,0.985565071105118,4.822081237038414,12.581665778683108,-0.008650429097986856,-7.759584541644695,-7.785932641470925,4
2019-07-21,2019-07-20,2019-08-12,2019-08-18,Z500,east_northeast_india,Week 4,-11.133013391960558,-17.09358772278079,5856.271983799015,5850.311409468196,5867.404997190976,5867.404997190976,0.9735862182066829,0.9833022000482656,11.32435434881894,17.173515424923412,0.009715981841582733,-5.849161076104473,-5.960574330820231,4
2019-07-25,2019-07-23,2019-08-16,2019-08-22,Z500,east_northeast_india,Week 4,-9.163642511409165,-14.935099262763902,5862.4431637569805,5856.671707005627,5871.60680626839,5871.60680626839,0.9901065675947456,0.9232420148462955,9.289176910712806,15.204484344006271,-0.06686455274845005,-5.915307433293465,-5.771456751354737,4
2019-07-28,2019-07-27,2019-08-19,2019-08-25,Z500,east_northeast_india,Week 4,-2.575852745591696,-17.974352680153306,5866.585622293443,5851.1871223588805,5869.161475039034,5869.161475039034,0.9822428214408722,0.8290565681394825,4.993658830588968,19.138125997183273,-0.15318625330138969,-14.144467166594305,-15.39849993456161,4
2019-06-20,2019-06-18,2019-07-19,2019-07-25,Z500,east_northeast_india,Week 5,-17.3176696153144,-15.505657454092974,5846.181456014422,5847.993468175644,5863.499125629737,5863.499125629737,-0.055151832976492475,-0.09374101563775412,19.07963763034249,16.591041627284465,-0.03858918266126165,2.4885960030580243,1.8120121612214266,5
2019-06-23,2019-06-22,2019-07-22,2019-07-28,Z500,east_northeast_india,Week 5,-10.525330493415044,-2.5944408256396074,5843.939927412337,5851.870817080112,5854.465257905752,5854.465257905752,0.9667230825530124,0.8383242426004137,10.858342413096246,4.176443497973175,-0.1283988399525987,6.681898915123071,7.930889667775437,5
2019-06-27,2019-06-25,2019-07-26,2019-08-01,Z500,east_northeast_india,Week 5,8.016556058597764,-3.844255429666212,5860.8470083938955,5848.986196905632,5852.830452335298,5852.830452335298,0.9799230506231077,0.9906727169047289,9.0677031281593,5.221553799074597,0.010749666281621217,3.846149329084703,4.172300628931552,5
2019-06-30,2019-06-29,2019-07-29,2019-08-04,Z500,east_northeast_india,Week 5,6.889398118023622,-6.518600943940429,5857.440620691267,5844.032621629303,5850.551222573245,5850.551222573245,0.9677201468303458,0.9774626350993095,7.14563408650421,7.0046074907467615,0.009742488268963734,0.1410265957574488,0.3707971740831928,5
2019-07-04,2019-07-02,2019-08-02,2019-08-08,Z500,east_northeast_india,Week 5,10.97337173917461,12.722262243675324,5849.304725488877,5851.053615993379,5838.331353749703,5838.331353749703,0.9904573995350754,0.9348792790627652,12.08717751325856,15.207850406798187,-0.055578120472310144,-3.120672893539627,-1.7488905045007144,5
2019-07-07,2019-07-06,2019-08-05,2019-08-11,Z500,east_northeast_india,Week 5,8.260275157879867,8.204045253509276,5851.956704401217,5851.900474496846,5843.696429243338,5843.696429243338,0.997432717690828,0.9185253340919529,10.202113848201666,11.93513198849869,-0.07890738359887506,-1.7330181402970233,0.056229904370590944,5
2019-07-11,2019-07-09,2019-08-09,2019-08-15,Z500,east_northeast_india,Week 5,-1.4331336047658458,-9.86078348699726,5860.301852696018,5851.874202813787,5861.734986300783,5861.734986300783,0.9941771994397371,0.9768576865185707,1.8835789412073871,10.02767485207829,-0.017319512921166402,-8.144095910870902,-8.427649882231414,5
2019-07-14,2019-07-13,2019-08-12,2019-08-18,Z500,east_northeast_india,Week 5,-9.988704069772448,-17.260316572780454,5857.416293121203,5850.144680618196,5867.404997190976,5867.404997190976,0.9896530022561232,0.9660181714680897,10.056682325491067,17.431208857275333,-0.023634830788033523,-7.374526531784266,-7.271612503008006,5
2019-07-18,2019-07-16,2019-08-16,2019-08-22,Z500,east_northeast_india,Week 5,-9.499058922734248,-19.32364027318326,5862.107747345656,5852.283165995207,5871.60680626839,5871.60680626839,0.9899118615571706,0.9553250233063024,9.652142383253237,19.418558433065545,-0.03458683825086817,-9.766416049812308,-9.82458135044901,5
2019-07-21,2019-07-20,2019-08-19,2019-08-25,Z500,east_northeast_india,Week 5,-5.177718403353771,-12.057514435155717,5863.98375663568,5857.103960603878,5869.161475039034,5869.161475039034,0.9905980659537674,0.9164849987110629,5.835264671989891,12.96614981715326,-0.0741130672427045,-7.1308851451633695,-6.879796031801946,5
2019-07-25,2019-07-23,2019-08-23,2019-08-29,Z500,east_northeast_india,Week 5,-5.562036091444348,-13.69901586447802,5866.728054441628,5858.591074668595,5872.290090533073,5872.290090533073,0.9812972698520126,0.8701132250412457,8.456274060195195,16.64202444427479,-0.11118404481076694,-8.185750384079594,-8.136979773033673,5
2019-07-28,2019-07-27,2019-08-26,2019-09-01,Z500,east_northeast_india,Week 5,-3.54955362706854,-10.19358508260906,5867.897935396611,5861.25390394107,5871.447489023679,5871.447489023679,0.9871168458054326,0.7129082453091518,5.407017108033559,12.963769268987523,-0.2742086004962808,-7.556752160953964,-6.644031455540519,5
2019-06-20,2019-06-22,2019-07-26,2019-08-01,Z500,east_northeast_india,Week 6,-9.30956384473496,-4.723236558588273,5843.520888490563,5848.107215776709,5852.830452335298,5852.830452335298,0.9704105256113338,0.989072177611774,9.672550952172456,6.1293634959594865,0.018661652000440232,3.5431874562129693,4.586327286146687,6
2019-06-23,2019-06-25,2019-07-29,2019-08-04,Z500,east_northeast_india,Week 6,5.8195963438645215,-1.9878880528025835,5856.370818917108,5848.5633345204415,5850.551222573245,5850.551222573245,0.9592527418625264,0.9719384279316097,6.322923948380908,2.5480670416383653,0.012685686069083268,3.774856906742543,3.831708291061938,6
2019-06-27,2019-06-29,2019-08-02,2019-08-08,Z500,east_northeast_india,Week 6,16.98593615623455,13.589729536496115,5855.317289905937,5851.921083286199,5838.331353749703,5838.331353749703,0.99492082668272,0.9658380972165267,17.607961639485715,15.333464018579594,-0.02908272946619328,2.2744976209061214,3.396206619738436,6
2019-06-30,2019-07-02,2019-08-05,2019-08-11,Z500,east_northeast_india,Week 6,9.368203078877693,9.408540479917384,5853.064632322215,5853.104969723255,5843.696429243338,5843.696429243338,0.9974782158521454,0.872303309112117,11.38737088056896,13.233511313899578,-0.1251749067400284,-1.8461404333306177,-0.0403374010396913,6
2019-07-04,2019-07-06,2019-08-09,2019-08-15,Z500,east_northeast_india,Week 6,-7.338373076281317,-5.684915981255278,5854.396613224502,5856.0500703195285,5861.734986300783,5861.734986300783,0.9883203617822929,0.8527995725526955,7.442181777349136,7.587419094254638,-0.13552078922959743,-0.14523731690550168,1.653457095026039,6
2019-07-07,2019-07-09,2019-08-12,2019-08-18,Z500,east_northeast_india,Week 6,-7.762376180652802,-11.383155907237109,5859.642621010324,5856.0218412837385,5867.404997190976,5867.404997190976,0.9892134526850739,0.9115079541241826,7.8436863084879285,11.84893757156351,-0.07770549856089126,-4.005251263075582,-3.620779726584307,6
2019-07-11,2019-07-13,2019-08-16,2019-08-22,Z500,east_northeast_india,Week 6,-9.548982671450267,-16.477914152316654,5862.05782359694,5855.128892116073,5871.60680626839,5871.60680626839,0.9876729945506728,0.8711489501707363,9.695302645182931,16.847029498908864,-0.11652404437993646,-7.151726853725933,-6.928931480866387,6
2019-07-14,2019-07-16,2019-08-19,2019-08-25,Z500,east_northeast_india,Week 6,-6.279451561758947,-13.284303991244421,5862.882023477275,5855.8771710477895,5869.161475039034,5869.161475039034,0.9974532259077671,0.8600469411166036,7.630671670320474,14.67029198845758,-0.13740628479116346,-7.039620318137105,-7.004852429485474,6
2019-07-18,2019-07-20,2019-08-23,2019-08-29,Z500,east_northeast_india,Week 6,-2.9456539065183853,-14.723976005025271,5869.344436626554,5857.5661145280465,5872.290090533073,5872.290090533073,0.9770016176635965,0.8485858408041114,7.064334765112019,17.4390082353662,-0.12841577685948513,-10.37467347025418,-11.778322098506885,6
2019-07-21,2019-07-23,2019-08-26,2019-09-01,Z500,east_northeast_india,Week 6,-2.598727436519194,-8.526669645932897,5868.848761587159,5862.920819377746,5871.447489023679,5871.447489023679,0.9754755499066977,0.8091787811238296,5.036684728137092,11.028437042471674,-0.16629676878286814,-5.991752314334582,-5.927942209413702,6
2019-07-25,2019-07-27,2019-08-30,2019-09-05,Z500,east_northeast_india,Week 6,3.560950618691113,0.4153533194713581,5864.578620867354,5861.4330235681355,5861.017670248663,5861.017670248663,0.8745624403192856,0.6895067358365486,5.4127734333023385,4.086548161005885,-0.185055704482737,1.3262252722964538,3.145597299219755,6
2019-07-28,2019-07-30,2019-09-02,2019-09-08,Z500,east_northeast_india,Week 6,9.125956217767612,0.3904734302095536,5867.773536275261,5859.038053487703,5858.647580057493,5858.647580057493,0.8376238674423224,0.8957552093334409,9.82464959927755,4.128369580780128,0.05813134189111846,5.696280018497421,8.735482787558059,6
2019-06-20,2019-06-18,2019-06-21,2019-06-27,Z500,northwest_india,Week 1,-2.045723611730276,0.3900579632700521,5844.344645259711,5846.780426834711,5846.390368871441,5846.390368871441,0.9926511489965648,0.997658601638271,4.359985697159195,1.3208275477094031,0.0050074526417062115,3.039158149449792,1.655665648460224,1
2019-06-23,2019-06-22,2019-06-24,2019-06-30,Z500,northwest_india,Week 1,4.525412621745008,3.35394842374403,5842.845061638443,5841.673597440444,5838.319649016698,5838.319649016698,0.9915021834053789,0.9965194191140927,5.5050869597744105,3.6747123986351835,0.005017235708713819,1.830374561139227,1.1714641980009777,1
2019-06-27,2019-06-25,2019-06-28,2019-07-04,Z500,northwest_india,Week 1,-3.78614557952612,3.436822343529158,5834.069740084775,5841.292708007831,5837.855885664301,5837.855885664301,0.9723607370157251,0.9050802889731631,4.178954150395227,4.828169047401853,-0.06728044804256206,-0.649214897006626,0.349323235996962,1
2019-06-30,2019-06-29,2019-07-01,2019-07-07,Z500,northwest_india,Week 1,-5.22488111831588,3.0957816148411674,5830.072220946297,5838.392883679454,5835.297102064612,5835.297102064612,0.7031657146341029,0.935712885631295,6.288517310603286,3.5859515013182697,0.23254717099719202,2.702565809285016,2.129099503474712,1
2019-07-04,2019-07-02,2019-07-05,2019-07-11,Z500,northwest_india,Week 1,-1.2124906424888395,1.929076140791666,5823.980390317137,5827.121957100417,5825.192880959625,5825.192880959625,0.885903026465843,0.9546204354572916,4.038212001860742,4.952521137836038,0.06871740899144863,-0.9143091359752953,-0.7165854983028264,1
2019-07-07,2019-07-06,2019-07-08,2019-07-14,Z500,northwest_india,Week 1,0.5668689521635928,0.0035200957406915736,5834.566083039781,5834.0027341833575,5833.9992140876175,5833.9992140876175,0.931967506913485,0.9913707883992704,5.672682431382917,1.9677347647039334,0.05940328148578544,3.704947666678984,0.5633488564229012,1
2019-07-11,2019-07-09,2019-07-12,2019-07-18,Z500,northwest_india,Week 1,3.506287125958199,-1.939717542256777,5840.478064176118,5835.032059507902,5836.971777050159,5836.971777050159,0.9660492455238572,0.9940561723479738,5.46524167452916,2.896820727868741,0.02800692682411665,2.5684209466604195,1.566569583701422,1
2019-07-14,2019-07-13,2019-07-15,2019-07-21,Z500,northwest_india,Week 1,-9.211741603093781,-3.6745291869130057,5837.208497928694,5842.745710344875,5846.420239531788,5846.420239531788,0.9372180772034636,0.9531931391945853,10.323301424746877,4.43826716104807,0.015975061991121642,5.885034263698807,5.537212416180775,1
2019-07-18,2019-07-16,2019-07-19,2019-07-25,Z500,northwest_india,Week 1,-11.082362593414508,-8.64068888724013,5850.703510597486,5853.145184303661,5861.7858731909,5861.7858731909,0.7238719377939423,0.7427984682771858,11.301740261057992,8.828429536667853,0.018926530483243442,2.4733107243901387,2.441673706174379,1
2019-07-21,2019-07-20,2019-07-22,2019-07-28,Z500,northwest_india,Week 1,5.116915107678078,-4.398637349524886,5856.799863106902,5847.284310649698,5851.682947999223,5851.682947999223,0.8250634299104904,0.8456621114979789,6.2822585059759195,5.006593331018955,0.020598681587488454,1.2756651749569645,0.7182777581531914,1
2019-07-25,2019-07-23,2019-07-26,2019-08-01,Z500,northwest_india,Week 1,-6.90460221569829,-3.183292921309384,5846.486125286746,5850.207434581135,5853.390727502445,5853.390727502445,0.6943379073766943,0.8059406058753479,9.439523860817356,5.832278951966353,0.11160269849865356,3.607244908851003,3.721309294388906,1
2019-07-28,2019-07-27,2019-07-29,2019-08-04,Z500,northwest_india,Week 1,-5.908730269015992,-7.130910039732835,5848.758419848579,5847.536240077862,5854.667150117596,5854.667150117596,0.7255245697282867,0.8700145753933147,7.237992830923899,7.476403765901986,0.144490005665028,-0.23841093497808696,-1.222179770716843,1
2019-06-20,2019-06-18,2019-06-28,2019-07-04,Z500,northwest_india,Week 2,-2.235869591858994,5.97650163408093,5835.620016072443,5843.832387298383,5837.855885664301,5837.855885664301,0.9708387804661367,0.8855966433890322,4.3532845207905595,6.910898129068702,-0.08524213707710449,-2.5576136082781424,-3.740632042221936,2
2019-06-23,2019-06-22,2019-07-01,2019-07-07,Z500,northwest_india,Week 2,13.229768728235813,15.782986276978301,5848.526870792848,5851.08008834159,5835.297102064612,5835.297102064612,0.5653817250685611,0.41133571288375453,13.928311263123266,16.54143689447073,-0.15404601218480657,-2.613125631347465,-2.553217548742488,2
2019-06-27,2019-06-25,2019-07-05,2019-07-11,Z500,northwest_india,Week 2,2.0600211325511526,7.713091553076616,5827.252902092176,5832.905972512702,5825.192880959625,5825.192880959625,0.6386235669167669,0.8398832494180059,6.800170928991426,8.95194689950289,0.20125968250123893,-2.151775970511464,-5.653070420525463,2
2019-06-30,2019-06-29,2019-07-08,2019-07-14,Z500,northwest_india,Week 2,-1.3556777409185614,0.3623836058733575,5832.643536346699,5834.361597693491,5833.9992140876175,5833.9992140876175,0.8873871853729495,0.960809308141446,8.792259154458494,4.631964440625082,0.07342212276849658,4.160294713833411,0.9932941350452039,2
2019-07-04,2019-07-02,2019-07-12,2019-07-18,Z500,northwest_india,Week 2,7.072553280875029,7.466880555830681,5844.044330331035,5844.43865760599,5836.971777050159,5836.971777050159,0.8387248135530687,0.9832301163828367,12.022265744940194,9.031116145725104,0.14450530282976803,2.99114959921509,-0.3943272749556517,2
2019-07-07,2019-07-06,2019-07-15,2019-07-21,Z500,northwest_india,Week 2,1.0309594432599443,1.4922772148070087,5847.451198975048,5847.912516746595,5846.420239531788,5846.420239531788,0.6861914677956845,0.939623877624587,6.035997558384346,3.199893737735328,0.25343240982890247,2.836103820649018,-0.46131777154706444,2
2019-07-11,2019-07-09,2019-07-19,2019-07-25,Z500,northwest_india,Week 2,-12.895668663090408,-14.024839119351052,5848.89020452781,5847.761034071549,5861.7858731909,5861.7858731909,0.4316773116611466,0.21202888597788028,13.576649046792252,16.61534510189983,-0.2196484256832663,-3.038696055107579,-1.1291704562606437,2
2019-07-14,2019-07-13,2019-07-22,2019-07-28,Z500,northwest_india,Week 2,-3.7332858416591828,-8.740901061644204,5847.949662157565,5842.94204693758,5851.682947999223,5851.682947999223,0.4079205585774357,-0.13718997471958272,4.727659818417077,9.733924837165404,-0.5451105332970184,-5.006265018748326,-5.007615219985021,2
2019-07-18,2019-07-16,2019-07-26,2019-08-01,Z500,northwest_india,Week 2,-1.696754168704585,-1.557567152106288,5851.693973333739,5851.833160350338,5853.390727502445,5853.390727502445,0.8514216289145007,0.6618472408362431,3.8208486206236563,4.873349435144192,-0.18957438807825755,-1.0525008145205357,0.13918701659829713,2
2019-07-21,2019-07-20,2019-07-29,2019-08-04,Z500,northwest_india,Week 2,1.217435235163242,-2.3792227322775634,5855.884585352758,5852.287927385318,5854.667150117596,5854.667150117596,0.6933219327399327,0.5792088070773153,5.191298756190588,5.414774794696068,-0.11411312566261744,-0.22347603850547948,-1.1617874971143214,2
2019-07-25,2019-07-23,2019-08-02,2019-08-08,Z500,northwest_india,Week 2,19.602929647182012,-0.843261212661527,5856.474328536082,5836.028137676239,5836.8713988889,5836.8713988889,0.8633754464690597,0.9132399625500663,22.718907180376068,3.2104698854417273,0.049864516081006616,19.50843729493434,18.759668434520485,2
2019-07-28,2019-07-27,2019-08-05,2019-08-11,Z500,northwest_india,Week 2,3.7848830283275148,4.4611734544312895,5844.415105088575,5845.091395514679,5840.630222060248,5840.630222060248,0.985419931477392,0.8275534691412754,4.143990147701005,8.246219391314323,-0.15786646233611668,-4.102229243613318,-0.6762904261037748,2
2019-06-20,2019-06-18,2019-07-05,2019-07-11,Z500,northwest_india,Week 3,13.290819209933023,7.227433242484386,5838.483700169558,5832.420314202111,5825.192880959625,5825.192880959625,0.7740054933571775,0.679076685312489,14.388065531434076,9.495252389509961,-0.0949288080446885,4.892813141924115,6.063385967448637,3
2019-06-23,2019-06-22,2019-07-08,2019-07-14,Z500,northwest_india,Week 3,8.120994924576596,5.059937383369692,5842.120209012193,5839.059151470987,5833.9992140876175,5833.9992140876175,-0.6179950817759198,0.836849916109566,18.643987654587086,9.77615964111505,1.4548449978854858,8.867828013472035,3.061057541206904,3
2019-06-27,2019-06-25,2019-07-12,2019-07-18,Z500,northwest_india,Week 3,7.966085188198166,12.792775554516187,5844.937862238357,5849.764552604675,5836.971777050159,5836.971777050159,0.13333872776346045,0.2787121001049099,16.547940931977003,19.003673378875337,0.14537337234144942,-2.4557324468983346,-4.8266903663180205,3
2019-06-30,2019-06-29,2019-07-15,2019-07-21,Z500,northwest_india,Week 3,0.28747608337497943,2.3406791589398552,5846.707715615163,5848.760918690727,5846.420239531788,5846.420239531788,0.6724420847745514,0.8097921484680557,5.958590462283658,5.562524552410795,0.13735006369350433,0.3960659098728625,-2.053203075564876,3
2019-07-04,2019-07-02,2019-07-19,2019-07-25,Z500,northwest_india,Week 3,-10.625344993047317,-19.008205146069038,5851.160528197854,5842.777668044831,5861.7858731909,5861.7858731909,-0.15573447646911953,0.1296945752642983,11.763158852493506,19.32506995283795,0.2854290517334178,-7.561911100344444,-8.38286015302172,3
2019-07-07,2019-07-06,2019-07-22,2019-07-28,Z500,northwest_india,Week 3,0.7988097849527509,-12.64490337324082,5852.481757784176,5839.038044625982,5851.682947999223,5851.682947999223,0.8740326337827883,0.14071890088713196,1.8183022352223057,13.136920684097754,-0.7333137328956563,-11.318618448875448,-11.84609358828807,3
2019-07-11,2019-07-09,2019-07-26,2019-08-01,Z500,northwest_india,Week 3,-1.893485411153808,-4.644150556906545,5851.497242091291,5848.7465769455375,5853.390727502445,5853.390727502445,0.9318699770599983,-0.18910861580010452,3.368267154959586,9.401394456253641,-1.1209785928601028,-6.033127301294055,-2.7506651457527367,3
2019-07-14,2019-07-13,2019-07-29,2019-08-04,Z500,northwest_india,Week 3,-3.097261052504047,-4.607420690866892,5851.569889065091,5850.059729426727,5854.667150117596,5854.667150117596,0.631814472318232,0.41775739751526564,5.646963758637908,6.478556205213591,-0.21405707480296632,-0.8315924465756837,-1.510159638362845,3
2019-07-18,2019-07-16,2019-08-02,2019-08-08,Z500,northwest_india,Week 3,7.168394471861385,5.909141497430357,5844.039793360761,5842.78054038633,5836.8713988889,5836.8713988889,0.8544297008626939,0.1861768817751276,7.760115094373671,8.250928826842308,-0.6682528190875663,-0.490813732468637,1.2592529744310275,3
2019-07-21,2019-07-20,2019-08-05,2019-08-11,Z500,northwest_india,Week 3,8.325984478447166,3.0703481725708484,5848.9562065386945,5843.700570232819,5840.630222060248,5840.630222060248,0.9680210577271205,0.875870489904678,8.695773988555276,5.670087882460853,-0.09215056782244258,3.0256861060944225,5.255636305876318,3
2019-07-25,2019-07-23,2019-08-09,2019-08-15,Z500,northwest_india,Week 3,-8.500744691494761,-7.56897593542684,5850.547086585855,5851.478855341921,5859.047831277349,5859.047831277349,0.9350172324518584,0.6952615001352985,8.990438123503163,9.50495619397961,-0.2397557323165599,-0.5145180704764467,0.9317687560679211,3
2019-07-28,2019-07-27,2019-08-12,2019-08-18,Z500,northwest_india,Week 3,-7.153897440483342,-11.051296172666634,5850.2118765420455,5846.314477809863,5857.365773982529,5857.365773982529,0.737657681386471,0.7436900152622054,8.786126406678191,12.214791517668477,0.006032333875734319,-3.428665110990286,-3.8973987321832917,3
2019-06-20,2019-06-18,2019-07-12,2019-07-18,Z500,northwest_india,Week 4,6.178720072506135,10.7580372434733,5843.150497122665,5847.7298142936315,5836.971777050159,5836.971777050159,0.22589365988208604,0.6697346039650365,15.532611711580634,15.586262480908871,0.44384094408295044,-0.05365076932823776,-4.579317170967165,4
2019-06-23,2019-06-22,2019-07-15,2019-07-21,Z500,northwest_india,Week 4,3.442635710972237,3.9932799190586747,5849.862875242759,5850.413519450846,5846.420239531788,5846.420239531788,-0.7255082358249333,0.6485469119287736,10.762032844675781,7.949734057641821,1.3740551477537069,2.81229878703396,-0.5506442080864375,4
2019-06-27,2019-06-25,2019-07-19,2019-07-25,Z500,northwest_india,Week 4,-4.009679224842674,-21.716752608173525,5857.776193966059,5840.069120582727,5861.7858731909,5861.7858731909,-0.20818110057914876,-0.4054799307214873,7.208953158340031,22.347716172180785,-0.19729883014233854,-15.138763013840755,-17.70707338333085,4
2019-06-30,2019-06-29,2019-07-22,2019-07-28,Z500,northwest_india,Week 4,2.8282560066100597,-5.941662308844462,5854.511204005834,5845.74128569038,5851.682947999223,5851.682947999223,0.337125519561544,0.28360832082618426,4.4359622014795415,7.258775526039359,-0.05351719873535976,-2.8228133245598173,-3.1134063022344023,4
2019-07-04,2019-07-02,2019-07-26,2019-08-01,Z500,northwest_india,Week 4,-1.7155047069949285,-9.541737015451798,5851.67522279545,5843.848990486992,5853.390727502445,5853.390727502445,0.8585636252921552,0.033855905755884555,3.5846302465463653,11.681703218927288,-0.8247077195362706,-8.097072972380921,-7.826232308456869,4
2019-07-07,2019-07-06,2019-07-29,2019-08-04,Z500,northwest_india,Week 4,-3.324614290482869,-8.260190701827936,5851.342535827111,5846.406959415767,5854.667150117596,5854.667150117596,0.5987285664215446,0.3624590138605997,6.3785444166550995,9.295210083104841,-0.2362695525609449,-2.9166656664497417,-4.9355764113450675,4
2019-07-11,2019-07-09,2019-08-02,2019-08-08,Z500,northwest_india,Week 4,15.577968669862067,9.590353375417264,5852.449367558761,5846.4617522643175,5836.8713988889,5836.8713988889,0.4477041833748544,0.5076254820153545,16.251030465812143,10.59090419678552,0.05992129864050011,5.660126269026623,5.987615294444803,4
2019-07-14,2019-07-13,2019-08-05,2019-08-11,Z500,northwest_india,Week 4,8.425715053364002,8.030395694604307,5849.055937113611,5848.660617754852,5840.630222060248,5840.630222060248,0.971062860301565,0.20184993780217234,9.713667994700373,12.53429887249328,-0.7692129224993927,-2.8206308777929063,0.3953193587596946,4
2019-07-18,2019-07-16,2019-08-09,2019-08-15,Z500,northwest_india,Week 4,-2.79358238307987,-16.15856118383003,5856.254248894269,5842.8892700935185,5859.047831277349,5859.047831277349,0.92455547158104,0.7656965020830118,5.153814950502444,16.910183888252366,-0.15885896949802825,-11.756368937749922,-13.364978800750162,4
2019-07-21,2019-07-20,2019-08-12,2019-08-18,Z500,northwest_india,Week 4,-5.005727674136451,-12.16416795839249,5852.360046308393,5845.201606024137,5857.365773982529,5857.365773982529,0.3382358548170934,0.4327097847437874,8.132990632896798,13.619184517193126,0.09447392992669401,-5.486193884296329,-7.158440284256039,4
2019-07-25,2019-07-23,2019-08-16,2019-08-22,Z500,northwest_india,Week 4,4.584830048617966,-0.028899546484465015,5854.913127037748,5850.299397442645,5850.328296989129,5850.328296989129,0.227280730718303,0.8209009417559332,12.358308636951756,8.751543761720782,0.5936202110376302,3.606764875230974,4.555930502133501,4
2019-07-28,2019-07-27,2019-08-19,2019-08-25,Z500,northwest_india,Week 4,2.112170611202547,-8.20584449500581,5857.97474906911,5847.656733962901,5855.862578457907,5855.862578457907,0.8810380093515789,0.7757357255709967,4.610823652669341,9.27783466083664,-0.10530228378058226,-4.6670110081673,-6.0936738838032625,4
2019-06-20,2019-06-18,2019-07-19,2019-07-25,Z500,northwest_india,Week 5,-15.103477588936448,-12.094641704034746,5846.682395601964,5849.691231486866,5861.7858731909,5861.7858731909,-0.3079746367919981,-0.37594569074667666,16.148179775380683,13.418362733293698,-0.06797105395467856,2.729817042086985,3.0088358849017016,5
2019-06-23,2019-06-22,2019-07-22,2019-07-28,Z500,northwest_india,Week 5,-8.24646644251683,0.10409608019733839,5843.436481556707,5851.787044079421,5851.682947999223,5851.682947999223,0.8344620542108534,-0.08490023872798387,8.923503175099418,5.723890918580567,-0.9193622929388373,3.1996122565188507,8.142370362319491,5
2019-06-27,2019-06-25,2019-07-26,2019-08-01,Z500,northwest_india,Week 5,5.795780923428854,-6.966039081226931,5859.186508425873,5846.424688421218,5853.390727502445,5853.390727502445,0.8423130112641184,0.6631585337293983,6.945685941642686,8.349910741477196,-0.17915447753472014,-1.4042247998345099,-1.1702581577980773,5
2019-06-30,2019-06-29,2019-07-29,2019-08-04,Z500,northwest_india,Week 5,-2.4377120518494304,-11.34242456425461,5852.229438065745,5843.32472555334,5854.667150117596,5854.667150117596,0.6753589914515697,0.6042948621860342,4.153096813781383,11.985824752691448,-0.07106412926553551,-7.832727938910065,-8.90471251240518,5
2019-07-04,2019-07-02,2019-08-02,2019-08-08,Z500,northwest_india,Week 5,10.942715718894323,12.606839669790991,5847.814114607795,5849.4782385586905,5836.8713988889,5836.8713988889,0.8689755504187215,-0.5050081595091358,11.237195752898002,14.91760993676947,-1.3739837099278573,-3.680414183871468,-1.664123950896668,5
2019-07-07,2019-07-06,2019-08-05,2019-08-11,Z500,northwest_india,Week 5,11.154400006557404,5.43596986129032,5851.784622066806,5846.066191921538,5840.630222060248,5840.630222060248,0.2575426627815334,-0.5722182423581438,14.466747098943886,13.524549034532075,-0.8297609051396773,0.9421980644118104,5.718430145267084,5
2019-07-11,2019-07-09,2019-08-09,2019-08-15,Z500,northwest_india,Week 5,-3.3660667007469667,-11.796163521655258,5855.681764576602,5847.251667755693,5859.047831277349,5859.047831277349,0.7941005405550644,0.37537013651113926,6.424272212921965,13.802010434304021,-0.41873040404392514,-7.377738221382057,-8.430096820908291,5
2019-07-14,2019-07-13,2019-08-12,2019-08-18,Z500,northwest_india,Week 5,-5.700603450685339,-11.508634343164019,5851.665170531844,5845.8571396393645,5857.365773982529,5857.365773982529,0.5910406428311753,0.9159736415255523,8.049572098153943,11.890283967526514,0.324932998694377,-3.840711869372571,-5.80803089247868,5
2019-07-18,2019-07-16,2019-08-16,2019-08-22,Z500,northwest_india,Week 5,7.291500303605859,-4.69953107737224,5857.619797292736,5845.628765911758,5850.328296989129,5850.328296989129,0.5821284676524883,0.7981874848718815,12.433196000912083,9.680051144079195,0.21605901721939325,2.753144856832888,2.591969226233619,5
2019-07-21,2019-07-20,2019-08-19,2019-08-25,Z500,northwest_india,Week 5,0.5131863107799434,-7.416854526758545,5856.375764768687,5848.445723931149,5855.862578457907,5855.862578457907,0.5729983234352227,0.851405661326597,5.393088183691609,8.111253201630632,0.2784073378913743,-2.7181650179390227,-6.903668215978602,5
2019-07-25,2019-07-23,2019-08-23,2019-08-29,Z500,northwest_india,Week 5,-10.133920208302854,-17.4773440629249,5858.795999693111,5851.452575838491,5868.929919901415,5868.929919901415,0.27429280250419047,-0.3125258663613706,12.622670831614165,21.3471581412942,-0.586818668865561,-8.724487309680036,-7.343423854622046,5
2019-07-28,2019-07-27,2019-08-26,2019-09-01,Z500,northwest_india,Week 5,-8.082539488087825,-11.53599373243738,5861.296976242583,5857.843521998232,5869.37951573067,5869.37951573067,0.49067287269367665,-0.1325692514284205,10.596167059420758,16.080775028224256,-0.6232421241220971,-5.484607968803498,-3.4534542443495546,5
2019-06-20,2019-06-22,2019-07-26,2019-08-01,Z500,northwest_india,Week 6,-11.929914374389105,-3.0969536779582634,5841.460813128055,5850.293773824486,5853.390727502445,5853.390727502445,0.8514319837006961,0.46403684456056654,12.356470138558135,6.321937042509403,-0.3873951391401295,6.034533096048732,8.832960696430842,6
2019-06-23,2019-06-25,2019-07-29,2019-08-04,Z500,northwest_india,Week 6,0.059007344837918446,-5.206749379195689,5854.726157462434,5849.460400738399,5854.667150117596,5854.667150117596,0.757104111828493,0.39450740366840065,2.9709880144948246,7.332424991449297,-0.3625967081600924,-4.361436976954472,-5.147742034357771,6
2019-06-27,2019-06-29,2019-08-02,2019-08-08,Z500,northwest_india,Week 6,16.296707382414787,11.650541666002638,5853.168106271316,5848.521940554902,5836.8713988889,5836.8713988889,0.8273341878728798,-0.2455926044214252,16.58173562474978,13.850575519099136,-1.072926792294305,2.731160105650643,4.646165716412149,6
2019-06-30,2019-07-02,2019-08-05,2019-08-11,Z500,northwest_india,Week 6,12.686973069619508,11.769948428652814,5853.317195129867,5852.400170488901,5840.630222060248,5840.630222060248,0.9467150497830901,-0.25675619562573004,13.595596545648439,16.39849912642832,-1.2034712454088201,-2.8029025807798806,0.9170246409666944,6
2019-07-04,2019-07-06,2019-08-09,2019-08-15,Z500,northwest_india,Week 6,-6.5826954257415276,-6.3438876952843035,5852.465135851607,5852.703943582065,5859.047831277349,5859.047831277349,0.5584692243533619,-0.08706103813409533,9.192269843399488,11.569861677232069,-0.6455302624874573,-2.3775918338325805,0.23880773045722403,6
2019-07-07,2019-07-09,2019-08-12,2019-08-18,Z500,northwest_india,Week 6,-2.3017106861396917,-8.168156794208656,5855.064063296389,5849.19761718832,5857.365773982529,5857.365773982529,0.8190789380817315,0.8218836560695034,5.114774244564937,9.090822695186615,0.002804717987771932,-3.976048450621678,-5.866446108068964,6
2019-07-11,2019-07-13,2019-08-16,2019-08-22,Z500,northwest_india,Week 6,5.519771126853432,2.8534273744797543,5855.848068115984,5853.181724363611,5850.328296989129,5850.328296989129,-0.186340085242224,0.8294796269596038,13.666826482338175,8.672596259511925,1.0158197122018278,4.99423022282625,2.666343752373678,6
2019-07-14,2019-07-16,2019-08-19,2019-08-25,Z500,northwest_india,Week 6,1.2112909761097195,-5.608433885965908,5857.073869434016,5850.254144571942,5855.862578457907,5855.862578457907,0.8813347019213501,0.9049024458673326,3.6400705381013196,6.336969667882597,0.02356774394598249,-2.6968991297812774,-4.397142909856189,6
2019-07-18,2019-07-20,2019-08-23,2019-08-29,Z500,northwest_india,Week 6,-7.393824796578826,-21.66579715820197,5861.536095104836,5847.264122743212,5868.929919901415,5868.929919901415,0.35450237368054566,-0.15581147971002599,10.32295366716276,24.393376148179428,-0.5103138533905717,-14.070422481016667,-14.271972361623142,6
2019-07-21,2019-07-23,2019-08-26,2019-09-01,Z500,northwest_india,Week 6,-9.818068334548983,-16.89539906647527,5859.561447396121,5852.4841166641945,5869.37951573067,5869.37951573067,0.076560477050924,-0.13523118937113343,13.255991851323579,20.475062543173447,-0.21179166642205743,-7.219070691849868,-7.077330731926288,6
2019-07-25,2019-07-27,2019-08-30,2019-09-05,Z500,northwest_india,Week 6,-2.720154745780032,-9.037173166477672,5859.107824151681,5852.790805730983,5861.827978897461,5861.827978897461,0.856861908998702,0.5826822805612153,4.910763326953867,11.763906971235542,-0.27417962843748667,-6.853143644281675,-6.317018420697639,6
2019-07-28,2019-07-30,2019-09-02,2019-09-08,Z500,northwest_india,Week 6,-1.4111811059051442,-9.090804468905736,5857.520147917563,5849.840524554563,5858.931329023469,5858.931329023469,0.8268014459578351,0.8098246282541117,7.608324076374516,11.012424580577418,-0.01697681770372339,-3.4041005042029022,-7.679623363000592,6
2019-06-20,2019-06-18,2019-06-21,2019-06-27,Z500,south_peninsula,Week 1,-8.37658826165703,-1.944708661599523,5852.0310534351465,5858.4629330352045,5860.407641696805,5860.407641696805,0.9542372415618976,0.7924751265646746,8.450809847291437,2.4199768618097734,-0.16176211499722304,6.030832985481663,6.431879600057507,1
2019-06-23,2019-06-22,2019-06-24,2019-06-30,Z500,south_peninsula,Week 1,-2.478202150866257,-1.5057236387666875,5859.087455039322,5860.059933551422,5861.565657190188,5861.565657190188,0.4403833282822108,0.9833867943031523,4.576893535867534,1.7211802953265805,0.5430034660209415,2.855713240540953,0.9724785120995694,1
2019-06-27,2019-06-25,2019-06-28,2019-07-04,Z500,south_peninsula,Week 1,-6.373439880906951,-0.9865804736044068,5846.301363271037,5851.688222678339,5852.674803151945,5852.674803151945,0.9897489796885475,0.9912441417451401,7.33678661569401,2.0867023834311804,0.0014951620565926138,5.250084232262829,5.386859407302545,1
2019-06-30,2019-06-29,2019-07-01,2019-07-07,Z500,south_peninsula,Week 1,-7.762795080207525,-2.7541055454006993,5842.768274842488,5847.7769643772945,5850.531069922696,5850.531069922696,0.9936744414955767,0.9951590586216417,7.935850326922239,3.652086757858488,0.0014846171260649577,4.283763569063751,5.008689534806825,1
2019-07-04,2019-07-02,2019-07-05,2019-07-11,Z500,south_peninsula,Week 1,-9.617168125132212,0.34209683663827434,5847.3406836688255,5857.299948630597,5856.957851793958,5856.957851793958,0.9980311867238224,0.9887115411836984,9.769796801173795,1.7671227666735465,-0.009319645540123989,8.002674034500249,9.275071288493937,1
2019-07-07,2019-07-06,2019-07-08,2019-07-14,Z500,south_peninsula,Week 1,-10.270380219107125,0.1804354195543515,5859.029428302698,5869.480243941359,5869.299808521804,5869.299808521804,0.9954622571578976,0.962479185125527,10.28545809993874,0.9382822958995098,-0.03298307203237061,9.34717580403923,10.089944799552773,1
2019-07-11,2019-07-09,2019-07-12,2019-07-18,Z500,south_peninsula,Week 1,-2.868121055779187,-1.5215250427972926,5862.475727101328,5863.82232311431,5865.343848157106,5865.343848157106,-0.17921178547072436,0.9559632637700891,3.5219358912214256,1.7536895714854068,1.1351750492408135,1.7682463197360188,1.3465960129818944,1
2019-07-14,2019-07-13,2019-07-15,2019-07-21,Z500,south_peninsula,Week 1,-6.147927999714649,-2.5773454220825607,5843.795968521054,5847.366551098686,5849.943896520768,5849.943896520768,0.4991149408949856,0.004053263419050673,6.217040973756296,2.908049887285895,-0.49506167747593494,3.308991086470401,3.5705825776320883,1
2019-07-18,2019-07-16,2019-07-19,2019-07-25,Z500,south_peninsula,Week 1,-12.200095524134314,-4.0036862103165305,5835.965414337021,5844.1618236508375,5848.165509861154,5848.165509861154,0.43450713913612793,0.642973806754958,12.337639599949878,4.267083943080482,0.20846666761883004,8.070555656869395,8.196409313817783,1
2019-07-21,2019-07-20,2019-07-22,2019-07-28,Z500,south_peninsula,Week 1,-9.06111691458665,-7.7316471380401275,5840.296179000392,5841.625648776939,5849.357295914979,5849.357295914979,0.9613879611768682,0.9792190047085033,9.263601203206566,7.846267200922677,0.017831043531635116,1.417334002283889,1.3294697765465227,1
2019-07-25,2019-07-23,2019-07-26,2019-08-01,Z500,south_peninsula,Week 1,0.5221963685277005,-1.1338268088036207,5850.2996389957625,5848.643615818432,5849.777442627234,5849.777442627234,0.9987282520509304,0.9955358125564339,3.8304870258711956,2.0291233054918956,-0.003192439494496546,1.8013637203793,-0.6116304402759203,1
2019-07-28,2019-07-27,2019-07-29,2019-08-04,Z500,south_peninsula,Week 1,-4.231106133911776,-1.4948621597705896,5847.909202604284,5850.645446578425,5852.140308738196,5852.140308738196,0.997759053190797,0.9953135939859113,4.8391908577031195,2.4688461504705845,-0.0024454592048857027,2.370344707232535,2.736243974141187,1
2019-06-20,2019-06-18,2019-06-28,2019-07-04,Z500,south_peninsula,Week 2,-1.1000969714281421,-5.821341162415024,5851.574706180516,5846.85346198953,5852.674803151945,5852.674803151945,0.9840692939654694,0.9858484290853506,5.913746860023459,6.26469185252046,0.0017791351198812588,-0.3509449924970003,-4.721244190986882,2
2019-06-23,2019-06-22,2019-07-01,2019-07-07,Z500,south_peninsula,Week 2,-7.160431178043125,0.011752550284425964,5843.370638744652,5850.5428224729785,5850.531069922696,5850.531069922696,0.9908447231789784,0.9867132228105815,8.38700836568564,4.139635396855349,-0.004131500368396934,4.247372968830291,7.1486786277586996,2
2019-06-27,2019-06-25,2019-07-05,2019-07-11,Z500,south_peninsula,Week 2,-8.495682141662586,-5.205553956091928,5848.462169652295,5851.7522978378665,5856.957851793958,5856.957851793958,0.9966160075326521,0.997777232668645,8.732214818905508,5.296352185740707,0.001161225135992927,3.435862633164801,3.2901281855706577,2
2019-06-30,2019-06-29,2019-07-08,2019-07-14,Z500,south_peninsula,Week 2,-22.457997409209845,-13.378555119607762,5846.841811112595,5855.921253402197,5869.299808521804,5869.299808521804,0.9640968053135279,0.9704778636827505,22.557264577366933,13.61177687690358,0.0063810583692225364,8.945487700463353,9.079442289602083,2
2019-07-04,2019-07-02,2019-07-12,2019-07-18,Z500,south_peninsula,Week 2,-11.435530941973852,-4.651821042987098,5853.908317215133,5860.69202711412,5865.343848157106,5865.343848157106,0.46359317537651706,0.7798271536438834,11.55563295445997,4.878631781358363,0.3162339782673664,6.677001173101607,6.7837098989867535,2
2019-07-07,2019-07-06,2019-07-15,2019-07-21,Z500,south_peninsula,Week 2,7.061907960672627,7.6891984481256035,5857.0058044814405,5857.633094968894,5849.943896520768,5849.943896520768,-0.1237451314188939,0.5380677295419849,7.176953244309506,7.867859692965543,0.6618128609608788,-0.6909064486560368,-0.6272904874529761,2
2019-07-11,2019-07-09,2019-07-19,2019-07-25,Z500,south_peninsula,Week 2,-6.556894287330641,-7.593956560270318,5841.608615573824,5840.571553300885,5848.165509861154,5848.165509861154,-0.04029841463429934,-0.1526983366227805,6.964647318545152,8.020502541427478,-0.11239992198848117,-1.0558552228823253,-1.0370622729396768,2
2019-07-14,2019-07-13,2019-07-22,2019-07-28,Z500,south_peninsula,Week 2,-9.48816252394857,0.5280922990983115,5839.86913339103,5849.885388214077,5849.357295914979,5849.357295914979,0.9896838759889768,0.9405190238187877,9.513443421764615,1.7418957238112456,-0.049164852170189066,7.77154769795337,8.96007022485026,2
2019-07-18,2019-07-16,2019-07-26,2019-08-01,Z500,south_peninsula,Week 2,-3.428235226810055,7.55942572735046,5846.349207400424,5857.336868354585,5849.777442627234,5849.777442627234,0.9939045536754981,0.9938268051817789,5.239917399563949,8.52801444664326,-7.774849371922077e-05,-3.2880970470793107,-4.131190500540405,2
2019-07-21,2019-07-20,2019-07-29,2019-08-04,Z500,south_peninsula,Week 2,-1.106886987456738,5.347130700529315,5851.03342175074,5857.487439438726,5852.140308738196,5852.140308738196,0.9950923770195298,0.9911775323986823,4.445890001425927,5.929295554392566,-0.0039148446208474574,-1.483405552966639,-4.240243713072577,2
2019-07-25,2019-07-23,2019-08-02,2019-08-08,Z500,south_peninsula,Week 2,5.17092536252707,3.094944814982897,5845.152302645536,5843.076322097993,5839.98137728301,5839.98137728301,0.99485399665306,0.9894389590444972,7.579450217697114,5.6512757373175395,-0.005415037608562767,1.9281744803795746,2.075980547544173,2
2019-07-28,2019-07-27,2019-08-05,2019-08-11,Z500,south_peninsula,Week 2,-1.333472861979763,1.5267360030814356,5837.578411349657,5840.438620214717,5838.911884211636,5838.911884211636,0.9969966371044413,0.9769946963192611,3.325125829613553,5.128259812379615,-0.02000194078518025,-1.8031339827660622,-0.19326314110167275,2
2019-06-20,2019-06-18,2019-07-05,2019-07-11,Z500,south_peninsula,Week 3,-8.87658433201752,-4.005205175446327,5848.08126746194,5852.952646618512,5856.957851793958,5856.957851793958,0.993852364859535,0.9969287041761595,9.303413478356301,4.11409847691072,0.0030763393166245434,5.189315001445581,4.8713791565711935,3
2019-06-23,2019-06-22,2019-07-08,2019-07-14,Z500,south_peninsula,Week 3,-16.144521898872334,-14.253698797733552,5853.155286622932,5855.04610972407,5869.299808521804,5869.299808521804,0.9852514145335207,0.9604313887025616,16.58933143507843,14.574950889604887,-0.024820025830959103,2.0143805454735446,1.890823101138782,3
2019-06-27,2019-06-25,2019-07-12,2019-07-18,Z500,south_peninsula,Week 3,-15.637724021896464,-8.844620411657543,5849.706124135209,5856.4992277454485,5865.343848157106,5865.343848157106,0.866944089636703,0.8587105591412834,15.740710427439405,9.635567247129998,-0.008233530495419639,6.1051431803094065,6.793103610238921,3
2019-06-30,2019-06-29,2019-07-15,2019-07-21,Z500,south_peninsula,Week 3,2.700924936259321,8.527518826292123,5852.644821457027,5858.47141534706,5849.943896520768,5849.943896520768,0.742595481146331,0.6758483699781608,3.403972890421957,9.38798861536068,-0.06674711116817023,-5.984015724938723,-5.826593890032802,3
2019-07-04,2019-07-02,2019-07-19,2019-07-25,Z500,south_peninsula,Week 3,-2.9654129546206613,-3.209506804170701,5845.200096906534,5844.956003056985,5848.165509861154,5848.165509861154,-0.3786485599810783,-0.48765794082666003,5.134581065062346,7.28048651609955,-0.1090093808455817,-2.145905451037205,-0.24409384955003954,3
2019-07-07,2019-07-06,2019-07-22,2019-07-28,Z500,south_peninsula,Week 3,-8.873108630994672,-5.5955850322914555,5840.484187283984,5843.761710882686,5849.357295914979,5849.357295914979,0.9836370074287955,0.9018013358772732,9.11734693436727,6.091571081548759,-0.08183567155152227,3.0257758528185104,3.2775235987032163,3
2019-07-11,2019-07-09,2019-07-26,2019-08-01,Z500,south_peninsula,Week 3,-5.648889901265202,5.719881462188114,5844.128552725968,5855.497324089422,5849.777442627234,5849.777442627234,0.9917791270594435,0.9487738482854791,8.192805441380996,8.228602391320107,-0.04300527877396443,-0.035796949939111755,-0.07099156092291281,3
2019-07-14,2019-07-13,2019-07-29,2019-08-04,Z500,south_peninsula,Week 3,-3.69157316013792,3.2726511612423628,5848.448735578058,5855.412959899439,5852.140308738196,5852.140308738196,0.9973853828196566,0.9780775651770173,6.545082390525985,5.412354762671349,-0.019307817642639336,1.1327276278546359,0.41892199889555704,3
2019-07-18,2019-07-16,2019-08-02,2019-08-08,Z500,south_peninsula,Week 3,11.974035037981668,5.850696721837793,5851.955412320991,5845.8320740048475,5839.98137728301,5839.98137728301,0.990318362498244,0.9894240025985372,14.394262860737228,7.155399627015163,-0.0008943598997067648,7.238863233722065,6.123338316143875,3
2019-07-21,2019-07-20,2019-08-05,2019-08-11,Z500,south_peninsula,Week 3,2.238902814908658,-8.514286196346312,5841.150787026543,5830.397598015289,5838.911884211636,5838.911884211636,0.998701683627198,0.9870420596240453,4.1235244972492255,8.992459234696856,-0.01165962400315268,-4.86893473744763,-6.2753833814376545,3
2019-07-25,2019-07-23,2019-08-09,2019-08-15,Z500,south_peninsula,Week 3,-8.611416752965791,-3.242317592657823,5846.550960318959,5851.920059479267,5855.162377071924,5855.162377071924,0.959381459264848,0.8901353460697251,9.165548113174154,3.782204618449689,-0.06924611319512286,5.383343494724465,5.369099160307968,3
2019-07-28,2019-07-27,2019-08-12,2019-08-18,Z500,south_peninsula,Week 3,-5.0047219750703755,-15.245024621049012,5857.228514610884,5846.988211964905,5862.233236585954,5862.233236585954,0.7764565025111713,0.7275526446455084,5.826401250752408,15.796870711008692,-0.04890385786566287,-9.970469460256284,-10.240302645978637,3
2019-06-20,2019-06-18,2019-07-12,2019-07-18,Z500,south_peninsula,Week 4,-19.587250566036836,-17.977091548279798,5845.75659759107,5847.366756608827,5865.343848157106,5865.343848157106,0.895639841336919,0.880663158374944,20.027866262517815,18.715237818965424,-0.014976682961974963,1.3126284435523914,1.610159017757038,4
2019-06-23,2019-06-22,2019-07-15,2019-07-21,Z500,south_peninsula,Week 4,-0.4252877932918822,-1.0145374769272824,5849.518608727476,5848.929359043841,5849.943896520768,5849.943896520768,0.661613950536502,0.7666886458020093,4.095152289988695,2.896035294106457,0.10507469526550739,1.199116995882238,-0.5892496836354002,4
2019-06-27,2019-06-25,2019-07-19,2019-07-25,Z500,south_peninsula,Week 4,-0.7109631966887617,-12.494382609682448,5847.454546664465,5835.671127251471,5848.165509861154,5848.165509861154,-0.442221726546181,-0.3863033233595147,4.200429589599723,16.86303265130622,0.0559184031866663,-12.662603061706498,-11.783419412993688,4
2019-06-30,2019-06-29,2019-07-22,2019-07-28,Z500,south_peninsula,Week 4,-4.0702008043555615,-14.628481234964141,5845.287095110623,5834.728814680014,5849.357295914979,5849.357295914979,0.9734401362132808,0.9885762836384726,4.360597790690438,15.382190839355253,0.01513614742519176,-11.021593048664815,-10.55828043060858,4
2019-07-04,2019-07-02,2019-07-26,2019-08-01,Z500,south_peninsula,Week 4,-3.212023448640019,2.8801772454905663,5846.565419178594,5852.657619872724,5849.777442627234,5849.777442627234,0.9784247689101125,0.9531889630790161,6.69598089951594,6.905326326734788,-0.025235805831096414,-0.20934542721884775,0.3318462031494529,4
2019-07-07,2019-07-06,2019-07-29,2019-08-04,Z500,south_peninsula,Week 4,-10.126192300742384,3.8907818941432124,5842.014116437453,5856.031090632339,5852.140308738196,5852.140308738196,0.9912391002533564,0.7937991668178725,11.497718198665378,9.343473608070415,-0.19743993343548383,2.1542445905949634,6.235410406599171,4
2019-07-11,2019-07-09,2019-08-02,2019-08-08,Z500,south_peninsula,Week 4,10.630691912008091,4.052587976942587,5850.612069195018,5844.033965259952,5839.98137728301,5839.98137728301,0.993815317363905,0.9772049439471776,15.444742627959023,8.270707639477136,-0.016610373416727442,7.174034988481887,6.578103935065504,4
2019-07-14,2019-07-13,2019-08-05,2019-08-11,Z500,south_peninsula,Week 4,9.89654933933493,7.614688932041476,5848.808433550971,5846.5265731436775,5838.911884211636,5838.911884211636,0.9929673100437744,0.9880770488449497,11.585599371486195,9.119930616087798,-0.00489026119882463,2.465668755398397,2.281860407293454,4
2019-07-18,2019-07-16,2019-08-09,2019-08-15,Z500,south_peninsula,Week 4,-4.005996045522613,-7.720967098656916,5851.1563810264015,5847.4414099732685,5855.162377071924,5855.162377071924,0.9520869073492447,0.9736604764760654,4.453021825563271,9.166035519464748,0.021573569126820624,-4.713013693901477,-3.7149710531343034,4
2019-07-21,2019-07-20,2019-08-12,2019-08-18,Z500,south_peninsula,Week 4,-7.179288921780232,-11.779642459365006,5855.053947664173,5850.4535941265885,5862.233236585954,5862.233236585954,0.7604880516509691,0.6817501662282296,7.840564993901863,12.880231152660714,-0.07873788542273952,-5.039666158758852,-4.600353537584773,4
2019-07-25,2019-07-23,2019-08-16,2019-08-22,Z500,south_peninsula,Week 4,-6.171674800818051,-5.0136265171921615,5857.107875936667,5858.265924220294,5863.279550737487,5863.279550737487,0.3404223036405397,0.1649835609703864,6.878964930210411,6.0174099056274715,-0.1754387426701533,0.8615550245829393,1.1580482836258899,4
2019-07-28,2019-07-27,2019-08-19,2019-08-25,Z500,south_peninsula,Week 4,-0.46422189300286215,1.1557413684750097,5857.941209673553,5859.561172935032,5858.405431566557,5858.405431566557,0.975384007714705,0.9430132702214941,2.4055344335221607,2.0072857891011253,-0.032370737493210955,0.39824864442103536,-0.6915194754721476,4
2019-06-20,2019-06-18,2019-07-19,2019-07-25,Z500,south_peninsula,Week 5,-1.0677906757137465,-4.45364528119167,5847.09771918544,5843.711864579963,5848.165509861154,5848.165509861154,-0.43893156130948346,-0.3333139235632951,8.149255481805842,10.039750111655799,0.10561763774618838,-1.8904946298499574,-3.385854605477923,5
2019-06-23,2019-06-22,2019-07-22,2019-07-28,Z500,south_peninsula,Week 5,-7.376205583954082,-3.909098044328688,5841.9810903310245,5845.448197870651,5849.357295914979,5849.357295914979,0.9921765523149664,0.9669157979694833,7.489387528366262,4.10906407838087,-0.025260754345483027,3.380323449985392,3.467107539625394,5
2019-06-27,2019-06-25,2019-07-26,2019-08-01,Z500,south_peninsula,Week 5,-3.0112982620371715,2.5381573138174662,5846.766144365198,5852.315599941051,5849.777442627234,5849.777442627234,0.9212325116706656,0.9722096307954865,7.942733614424472,4.681957098956985,0.05097711912482095,3.2607765154674864,0.4731409482197053,5
2019-06-30,2019-06-29,2019-07-29,2019-08-04,Z500,south_peninsula,Week 5,-5.908418135189998,-0.890492876779726,5846.231890603007,5851.249815861417,5852.140308738196,5852.140308738196,0.9934651222832525,0.9798368489632437,8.124970416335616,2.834972769908024,-0.01362827332000871,5.289997646427592,5.017925258410272,5
2019-07-04,2019-07-02,2019-08-02,2019-08-08,Z500,south_peninsula,Week 5,6.679543602085582,11.59147109680613,5846.660920885095,5851.572848379817,5839.98137728301,5839.98137728301,0.9956156013021356,0.9605311828619532,10.663607949693647,14.789443936646114,-0.0350844184401824,-4.125835986952467,-4.911927494720548,5
2019-07-07,2019-07-06,2019-08-05,2019-08-11,Z500,south_peninsula,Week 5,14.498091978619899,5.907382771534411,5853.409976190255,5844.819266983171,5838.911884211636,5838.911884211636,0.9942250257865075,0.9642947515017005,15.597301681324527,8.259550313125631,-0.02993027428480699,7.337751368198896,8.590709207085489,5
2019-07-11,2019-07-09,2019-08-09,2019-08-15,Z500,south_peninsula,Week 5,-2.5012750998975526,-1.5001570665339692,5852.661101972027,5853.662220005392,5855.162377071924,5855.162377071924,0.973614045079376,0.9617558172154836,2.7688147290779273,3.6858355627127684,-0.011858227863892346,-0.9170208336348411,1.0011180333635834,5
2019-07-14,2019-07-13,2019-08-12,2019-08-18,Z500,south_peninsula,Week 5,-8.732584738754323,-5.0986867099641735,5853.5006518472,5857.134549875989,5862.233236585954,5862.233236585954,0.764678499259805,0.735935584199063,9.424415321034845,7.126923304710188,-0.028742915060742003,2.2974920163246564,3.6338980287901492,5
2019-07-18,2019-07-16,2019-08-16,2019-08-22,Z500,south_peninsula,Week 5,-6.75042788790597,-7.601701105587571,5856.52912284958,5855.6778496318975,5863.279550737487,5863.279550737487,0.31867924118038554,0.31808738662782027,7.78482820817383,9.387758667575174,-0.0005918545525652741,-1.6029304594013434,-0.8512732176816007,5
2019-07-21,2019-07-20,2019-08-19,2019-08-25,Z500,south_peninsula,Week 5,-2.7913438431773288,-0.26737547151862523,5855.61408772338,5858.138056095039,5858.405431566557,5858.405431566557,0.9775429035068373,0.8909259811403871,3.195765805010553,1.99557531391632,-0.08661692236645013,1.2001904910942331,2.5239683716587034,5
2019-07-25,2019-07-23,2019-08-23,2019-08-29,Z500,south_peninsula,Week 5,5.229016857031661,-0.1792155990006616,5859.483119757253,5854.074887301222,5854.254102900222,5854.254102900222,0.9886459565900719,0.8512720134189813,5.520036924079744,2.513236816125924,-0.13737394317109064,3.0068001079538194,5.049801258031,5
2019-07-28,2019-07-27,2019-08-26,2019-09-01,Z500,south_peninsula,Week 5,4.3682823965400885,4.798293474724406,5852.898383807912,5853.328394886096,5848.530101411372,5848.530101411372,0.9931856901783072,0.8958456531511415,4.815227544581221,5.395244499613083,-0.09734003702716565,-0.5800169550318621,-0.43001107818431716,5
2019-06-20,2019-06-22,2019-07-26,2019-08-01,Z500,south_peninsula,Week 6,-5.892669968243252,-0.3040182560505933,5843.884772658991,5849.473424371184,5849.777442627234,5849.777442627234,0.990539087666979,0.9684713918940185,7.170015628744375,4.37692879873928,-0.022067695772960416,2.7930868300050946,5.588651712192659,6
2019-06-23,2019-06-25,2019-07-29,2019-08-04,Z500,south_peninsula,Week 6,-7.453210306984251,-6.743558333381734,5844.687098431212,5845.396750404815,5852.140308738196,5852.140308738196,0.97698374359427,0.9912419876377956,9.401115863898443,7.559838391100579,0.014258244043525603,1.8412774727978647,0.7096519736025169,6
2019-06-27,2019-06-29,2019-08-02,2019-08-08,Z500,south_peninsula,Week 6,9.052410798300581,14.798273324658366,5849.033788081311,5854.779650607668,5839.98137728301,5839.98137728301,0.9932052621733977,0.9740214516638486,12.197927422799332,16.411537544255747,-0.019183810509549093,-4.213610121456416,-5.745862526357785,6
2019-06-30,2019-07-02,2019-08-05,2019-08-11,Z500,south_peninsula,Week 6,11.076009540033926,17.164025064387733,5849.987893751669,5856.075909276024,5838.911884211636,5838.911884211636,0.9980246337828115,0.9688592352447858,12.762279460116961,17.648609721593036,-0.02916539853802569,-4.8863302614760755,-6.088015524353807,6
2019-07-04,2019-07-06,2019-08-09,2019-08-15,Z500,south_peninsula,Week 6,-5.1866545207533505,-5.938330580368036,5849.975722551171,5849.224046491557,5855.162377071924,5855.162377071924,0.9515818670803725,0.9238323129546313,5.966690088264701,6.77170888191296,-0.027749554125741205,-0.8050187936482587,-0.7516760596146854,6
2019-07-07,2019-07-09,2019-08-12,2019-08-18,Z500,south_peninsula,Week 6,-10.257241096850656,-13.08021895562474,5851.975995489103,5849.1530176303295,5862.233236585954,5862.233236585954,0.7574999338897634,0.6915667126396399,11.251873394203402,14.568272207482433,-0.06593322125012357,-3.316398813279031,-2.8229778587740846,6
2019-07-11,2019-07-13,2019-08-16,2019-08-22,Z500,south_peninsula,Week 6,-4.92315214405672,-6.226144870809473,5858.356398593428,5857.053405866676,5863.279550737487,5863.279550737487,0.29375943757110096,0.24082967803313285,5.929324852201106,8.23930534361353,-0.05292975953796811,-2.309980491412424,-1.3029927267527528,6
2019-07-14,2019-07-16,2019-08-19,2019-08-25,Z500,south_peninsula,Week 6,-0.5278395144900321,-0.9694703535026075,5857.877592052067,5857.435961213055,5858.405431566557,5858.405431566557,0.9778811967164536,0.8917921845554867,0.9862426834630974,2.2077477152355187,-0.08608901216096687,-1.2215050317724212,-0.4416308390125754,6
2019-07-18,2019-07-20,2019-08-23,2019-08-29,Z500,south_peninsula,Week 6,4.2848557442775705,-1.8106321365406968,5858.538958644499,5852.443470763681,5854.254102900222,5854.254102900222,0.9871379731641817,0.9547268516942996,4.7126527298543515,2.2986617399716693,-0.03241112146988212,2.413990989882682,2.4742236077368736,6
2019-07-21,2019-07-23,2019-08-26,2019-09-01,Z500,south_peninsula,Week 6,11.115748742712874,3.7344993810897367,5859.645850154085,5852.264600792462,5848.530101411372,5848.530101411372,0.9777506236633274,0.8490168200337225,11.30972281843785,4.687655004675515,-0.12873380362960496,6.622067813762334,7.381249361623137,6
2019-07-25,2019-07-27,2019-08-30,2019-09-05,Z500,south_peninsula,Week 6,10.106548176747884,7.503397151458515,5853.683908386081,5851.0807573607935,5843.577360209333,5843.577360209333,0.9977510027066312,0.5618783258238793,11.186326884474132,10.745122375668513,-0.4358726768827519,0.4412045088056189,2.6031510252893693,6
2019-07-28,2019-07-30,2019-09-02,2019-09-08,Z500,south_peninsula,Week 6,4.910428449995914,-2.1235066672204246,5855.644752028883,5848.610816911666,5850.734323578887,5850.734323578887,0.9966789629033241,0.8749823748414864,9.272918594690989,8.263770985976315,-0.1216965880618377,1.0091476087146738,2.7869217827754893,6
